1628841965717077881,353355.7656149202,4026625.343360245
1628841965849188713,353355.34944219905,4026626.11005441
1628841965920941017,353355.04031528434,4026626.501428852
1628841966047178331,353354.5994606236,4026627.2450115522
1628841966119290367,353354.3576920533,4026627.6405255357
1628841966251056278,353353.80632112816,4026628.3308025585
1628841966322930795,353353.55349165865,4026628.712862304
1628841966455028923,353353.0146072225,4026629.4250840014
1628841966521170515,353352.75151203224,4026629.797399227
1628841966653011210,353352.18736404367,4026630.4827961475
1628841966731048784,353351.8740832916,4026630.8955730023
1628841966863166441,353351.3568285286,4026631.5551211257
1628841966923102156,353351.04791556514,4026631.876178984
1628841967055056688,353350.51450942643,4026632.5190020977
1628841967127053287,353350.22364822833,4026632.8590722424
1628841967259376286,353349.562969569,4026633.540365882
1628841967324924234,353349.30744658026,4026633.8245701
1628841967451192537,353348.6922272303,4026634.434964345
1628841967517036549,353348.4385757749,4026634.710744501
1628841967655070320,353347.7848369983,4026635.3477004627
1628841967726974902,353347.4854375373,4026635.664691148
1628841967846985436,353346.9670936451,4026636.2183915777
1628841967925167940,353346.5730852191,4026636.5763212023
1628841968057050869,353346.00421875634,4026637.1938351905
1628841968129024381,353345.69612461585,4026637.5199758825
1628841968255143113,353345.08928117,4026638.0915319985
1628841968327133266,353344.8000342357,4026638.4043531036
1628841968465068934,353344.14727347414,4026639.032351083
1628841968597035604,353343.5873232414,4026639.626734383
1628841968657020799,353343.29172690166,4026639.883540689
1628841968795155944,353342.67740257696,4026640.5359433386
1628841968861049035,353342.418691358,4026640.8138540355
1628841968992915957,353341.8104275954,4026641.4024328925
1628841969053185646,353341.5548716429,4026641.679252601
1628841969197180280,353340.87080793176,4026642.36890798
1628841969257101604,353340.613717814,4026642.648835992
1628841969401026573,353339.9789360481,4026643.29151425
1628841969449136746,353339.7661281744,4026643.524763345
1628841969593033999,353339.17439689685,4026644.1777909226
1628841969659145070,353338.8360348786,4026644.4987374037
1628841969791167636,353338.2886799426,4026645.108838199
1628841969851173050,353338.03702078364,4026645.390505435
1628841970001020389,353337.37342696474,4026646.0851552403
1628841970061013357,353337.1239597141,4026646.3683112944
1628841970192948084,353336.5478973111,4026646.966263773
1628841970253129037,353336.29911625036,4026647.250293256
1628841970391083336,353335.72278833075,4026647.917281673
1628841970456913231,353335.43813894584,4026648.200606087
1628841970594909205,353334.86742643325,4026648.874823795
1628841970654982546,353334.5789456811,4026649.1535438695
1628841970793160059,353334.0072513118,4026649.831043672
1628841970865037502,353333.7214111323,4026650.1702054623
1628841970996887715,353333.15589331416,4026650.797948225
1628841971057024958,353332.9085586491,4026651.086286869
1628841971195161387,353332.29528196354,4026651.7644296754
1628841971267021445,353332.00202460255,4026652.0980712865
1628841971453073430,353331.18173207156,4026653.0000575013
1628841971602887932,353330.5872284107,4026653.6586869154
1628841971669012075,353330.2574868874,4026653.9966999083
1628841971795088519,353329.69869346346,4026654.605224914
1628841971855077588,353329.44051200803,4026654.8855379885
1628841971998918333,353328.8024147368,4026655.5395648913
1628841972058983680,353328.5434794723,4026655.818609006
1628841972203183325,353327.9214726258,4026656.4731265386
1628841972257158652,353327.6637251391,4026656.752028504
1628841972400936864,353327.0412174327,4026657.4039910883
1628841972460892875,353326.7840837991,4026657.6812957604
1628841972599179879,353326.1846724932,4026658.3257872746
1628841972731010833,353325.5990043207,4026658.9294574293
1628841972797214523,353325.3009776829,4026659.251735839
1628841972929032358,353324.7207042377,4026659.8568101074
1628841973000896710,353324.42296465975,4026660.178015564
1628841973121168455,353323.91435410164,4026660.7278600973
1628841973205035983,353323.5479991135,4026661.0950274067
1628841973325019204,353323.04132825776,4026661.6422756594
1628841973403035398,353322.67933954555,4026662.007782162
1628841973523035755,353322.17628364346,4026662.5558542893
1628841973601155943,353321.8418958786,4026662.920405278
1628841973733064551,353321.27358461457,4026663.5128260055
1628841973805029845,353320.981898175,4026663.832860994
1628841973937024477,353320.40880932705,4026664.4224634706
1628841974003148212,353320.11516015127,4026664.741921363
1628841974128900898,353319.6107725828,4026665.2906265594
1628841974195157648,353319.29153718485,4026665.6074658646
1628841974333167079,353318.6980610456,4026666.2455707975
1628841974398893975,353318.4211810301,4026666.5172895873
1628841974525086270,353317.86608455935,4026667.1097615007
1628841974597153456,353317.56708904123,4026667.428852234
1628841974729030288,353316.9744194272,4026668.029864447
1628841974807126657,353316.6293850432,4026668.39459591
1628841974927029714,353316.0914611102,4026668.941519233
1628841974998881345,353315.7881993496,4026669.260956924
1628841975131034240,353315.2247881729,4026669.8543632594
1628841975197069035,353314.8996893761,4026670.1781380135
1628841975329025932,353314.33452387806,4026670.772459133
1628841975401008063,353314.00835478015,4026671.0979000092
1628841975539106784,353313.3981639626,4026671.7382414774
1628841975599133581,353313.13732177165,4026672.012740712
1628841975724884666,353312.5977326898,4026672.5658265585
1628841975802918991,353312.24995815207,4026672.932710339
1628841975929139471,353311.66055357025,4026673.5336676794
1628841976001158451,353311.35515869025,4026673.8532637297
1628841976132889213,353310.7891461895,4026674.4479961786
1628841976199066996,353310.4653399511,4026674.768789001
1628841976342877312,353309.85438442725,4026675.407190551
1628841976403103062,353309.5769381359,4026675.686884402
1628841976535006036,353309.0078420918,4026676.279716045
1628841976601297186,353308.70189156366,4026676.598924876
1628841976733012825,353308.1207611847,4026677.198308053
1628841976804886190,353307.8153598518,4026677.5175076197
1628841976943131245,353307.18178162613,4026678.1642880873
1628841977003146221,353306.91978936305,4026678.437525253
1628841977140900660,353306.35251798556,4026679.0263588754
1628841977206924368,353306.0215956229,4026679.346784082
1628841977333136006,353305.4594196858,4026679.930160352
1628841977465104853,353304.8745753434,4026680.5156294736
1628841977543052350,353304.53169060766,4026680.868484145
1628841977603057710,353304.2756946472,4026681.1317931227
1628841977741173593,353303.70947144105,4026681.706815116
1628841977872870850,353303.16356736294,4026682.2707508253
1628841977927138593,353302.8825580812,4026682.536436511
1628841978011016027,353302.54703365325,4026682.8806216456
1628841978136997376,353302.00540657045,4026683.435817947
1628841978268883506,353301.45230719156,4026683.996518642
1628841978335177747,353301.165245692,4026684.294045439
1628841978407062390,353300.8660262824,4026684.592632604
1628841978539001206,353300.33634701115,4026685.139753112
1628841978670903511,353299.79438213736,4026685.6894010375
1628841978749114325,353299.4751402495,4026686.0201879265
1628841978874828629,353299.0027810633,4026686.508476108
1628841978935366006,353298.7088467354,4026686.811002225
1628841979067062389,353298.1879476822,4026687.3540068893
1628841979144909327,353297.9033223129,4026687.6530184513
1628841979283008734,353297.32914104906,4026688.2373920493
1628841979343008579,353297.08218611486,4026688.4939563186
1628841979463006711,353296.59276831883,4026688.993031635
1628841979529141102,353296.3167685094,4026689.2806055923
1628841979679132186,353295.7058405771,4026689.9078992843
1628841979732865031,353295.50568195933,4026690.118504781
1628841979859407101,353294.97359933227,4026690.6768358876
1628841979943011146,353294.63293433795,4026691.0183618
1628841980075160736,353294.0869590123,4026691.585229068
1628841980141133774,353293.79579651414,4026691.889234329
1628841980273133711,353293.2227106472,4026692.4607721805
1628841980344989251,353292.92718507536,4026692.770222498
1628841980476865699,353292.37149915966,4026693.3511094246
1628841980536857110,353292.1146992808,4026693.6209632363
1628841980669013582,353291.5409743518,4026694.205207464
1628841980747024757,353291.19548253366,4026694.5626235125
1628841980878987425,353290.63521195785,4026695.1448699464
1628841980938875226,353290.36453901965,4026695.4244192685
1628841981064980947,353289.807125413,4026696.004175956
1628841981155076385,353289.4035213196,4026696.418667952
1628841981286985843,353288.8536407252,4026696.9855406806
1628841981335034965,353288.64477902296,4026697.201176586
1628841981467002951,353288.0896202396,4026697.769908783
1628841981538988316,353287.8017768083,4026698.0680596707
1628841981677157957,353287.2144940684,4026698.671576947
1628841981737144130,353286.97092402354,4026698.9243610366
1628841981862786869,353286.486999198,4026699.4251750447
1628841982007048406,353285.8824906369,4026700.049431087
1628841982067040918,353285.64722340694,4026700.293346513
1628841982210857502,353285.09401162225,4026700.8743141345
1628841982270867705,353284.865478315,4026701.114026157
1628841982409137166,353284.3344353414,4026701.6724014212
1628841982469123233,353284.1117719598,4026701.905544278
1628841982612882416,353283.5987720293,4026702.444570903
1628841982660982637,353283.412717876,4026702.6374816494
1628841982811126881,353282.8732849206,4026703.2085724496
1628841982876856164,353282.65961150004,4026703.435581609
1628841983008861518,353282.2057281544,4026703.9227644713
1628841983069024147,353281.96470388735,4026704.1799001805
1628841983213111676,353281.48358620936,4026704.6878691795
1628841983278865697,353281.27836040244,4026704.9037488885
1628841983404994002,353280.84115042497,4026705.3717894377
1628841983471040006,353280.5962269299,4026705.6347285793
1628841983609002967,353280.1380561312,4026706.131810922
1628841983674862051,353279.8921843982,4026706.3928130004
1628841983813017380,353279.38996500766,4026706.923295446
1628841983866991432,353279.2134691924,4026707.109391529
1628841984016930024,353278.6739332245,4026707.6923863348
1628841984076878799,353278.4587050979,4026707.92668519
1628841984215134834,353277.965177236,4026708.4640396493
1628841984263092108,353277.77755079686,4026708.6668039057
1628841984407023938,353277.23975245666,4026709.2442761697
1628841984473197806,353276.96121964254,4026709.542574962
1628841984605157693,353276.4385418382,4026710.1011142842
1628841984665112855,353276.1990247681,4026710.3499237876
1628841984815033342,353275.5782264798,4026711.0068664737
1628841984881001871,353275.32411956816,4026711.273501375
1628841985006991680,353274.78547047445,4026711.8097280627
1628841985072992542,353274.52269180404,4026712.077852636
1628841985210992587,353273.8949561155,4026712.703540574
1628841985271000895,353273.6240843421,4026712.9694828778
1628841985409005843,353272.976321931,4026713.6108910535
1628841985469016153,353272.6968244636,4026713.8756366842
1628841985612864699,353272.03684827767,4026714.491372633
1628841985679100444,353271.6765223138,4026714.8070481857
1628841985811008176,353271.04655048164,4026715.3673439147
1628841985870979778,353270.7534796451,4026715.621638234
1628841986009117189,353270.03601509344,4026716.2159478385
1628841986134898768,353269.4408561046,4026716.7038150546
1628841986212914992,353269.01555995585,4026717.060813602
1628841986339027487,353268.3621828975,4026717.5670620566
1628841986410997256,353267.9899943974,4026717.8543739566
1628841986537296065,353267.330367392,4026718.3375347657
1628841986615001005,353266.9737607661,4026718.589914519
1628841986741035089,353266.2931022645,4026719.0546936323
1628841986813003121,353265.9329027638,4026719.2913260255
1628841986944902696,353265.2395038823,4026719.7461890704
1628841987011113515,353264.87588726834,4026719.970244987
1628841987143122797,353264.19851363613,4026720.3713083677
1628841987214973461,353263.80347377504,4026720.5886332775
1628841987346914981,353263.12151879387,4026720.962430331
1628841987406932040,353262.77584626584,4026721.132470978
1628841987545113712,353262.0404686681,4026721.512299923
1628841987605125421,353261.72547820874,4026721.6705293506
1628841987743033131,353260.970688193,4026722.017666837
1628841987815010758,353260.60094863863,4026722.1955005196
1628841987947162699,353259.88968413987,4026722.4927671505
1628841988018996212,353259.5189726507,4026722.6600581612
1628841988138911160,353258.8838113051,4026722.9372979472
1628841988216995645,353258.4529226852,4026723.110002803
1628841988348945521,353257.78545274737,4026723.393099996
1628841988420887634,353257.398805137,4026723.5221474622
1628841988547113857,353256.69927962584,4026723.7954115993
1628841988618978053,353256.32377790415,4026723.9339139815
1628841988750838422,353255.60858524486,4026724.182113739
1628841988816874938,353255.29245503026,4026724.2991635916
1628841988937110924,353254.58767995285,4026724.5111148655
1628841989009113451,353254.21232841467,4026724.6332572177
1628841989147004527,353253.413688163,4026724.794857028
1628841989218989622,353253.00834309356,4026724.9063989525
1628841989339081216,353252.30196464347,4026725.0966488505
1628841989417143159,353251.867604431,4026725.11212374
1628841989543007465,353251.08002315933,4026725.292457533
1628841989620973874,353250.582375569,4026725.3972621313
1628841989740985259,353249.83984352415,4026725.4474372193
1628841989812924747,353249.3859090189,4026725.5269651012
1628841989944981130,353248.53640278056,4026725.627536702
1628841990022988567,353247.9972609122,4026725.7048457796
1628841990142982783,353247.1732012053,4026725.810601781
1628841990214851959,353246.66833371785,4026725.900819288
1628841990353103372,353245.6788277321,4026726.0090116323
1628841990418895683,353245.22153994127,4026726.0491064093
1628841990544979903,353244.2768207356,4026726.131454595
1628841990676855883,353243.2968194394,4026726.197249482
1628841990748856823,353242.77192767337,4026726.2339728796
1628841990815085595,353242.2422853505,4026726.2685794933
1628841990946981539,353241.2365962083,4026726.3167431573
1628841991078963793,353240.22693049966,4026726.3706506253
1628841991150861420,353239.6748606305,4026726.395444331
1628841991277117561,353238.64795903425,4026726.437070585
1628841991348967020,353238.0822279337,4026726.4615464844
1628841991475105734,353237.07780599163,4026726.528671286
1628841991546958615,353236.5031117544,4026726.5527498014
1628841991678836637,353235.5454996746,4026726.6774320123
1628841991750967250,353234.96390200703,4026726.706510431
1628841991882860240,353233.8715897462,4026726.7589499825
1628841991948991411,353233.2396108944,4026726.786257437
1628841992092875252,353232.03546368564,4026726.8408358553
1628841992140839601,353231.60059316707,4026726.8604098037
1628841992279074629,353230.4067537191,4026726.9866529102
1628841992344935523,353229.8774292653,4026727.012099536
1628841992477016778,353228.6290760051,4026727.029524098
1628841992548960690,353228.0042707292,4026727.05787009
1628841992681112094,353226.669777676,4026727.0549644358
1628841992752959734,353226.02756655676,4026727.0817133314
1628841992872978282,353224.9212312027,4026727.1268841815
1628841992950979998,353224.0393292441,4026727.089455864
1628841993082847758,353222.8193781739,4026727.132523401
1628841993149028935,353222.0436583199,4026727.1267440207
1628841993281061905,353220.80733244115,4026727.1678309278
1628841993341038738,353220.23349067185,4026727.1854873286
1628841993472984102,353218.8469175418,4026727.1823055185
1628841993551086898,353218.0689513384,4026727.2060448187
1628841993683055893,353216.65353070106,4026727.188764543
1628841993748870571,353216.0614754178,4026727.203983184
1628841993869399303,353214.7747495005,4026727.237685006
1628841993952957454,353213.90120638884,4026727.20371721
1628841994078789293,353212.70272879885,4026727.2300037453
1628841994145098227,353212.0023910918,4026727.245409264
1628841994276945795,353210.61816201813,4026727.2464005225
1628841994355074713,353209.81186973356,4026727.262502729
1628841994486879872,353208.4522996465,4026727.274429193
1628841994546899349,353207.8459013696,4026727.28781619
1628841994678897272,353206.50009094767,4026727.3139753058
1628841994756971146,353205.6870831915,4026727.3344641803
1628841994888814426,353204.3651352326,4026727.3704733266
1628841995015097473,353203.01556936477,4026727.3893112866
1628841995080844578,353202.4044075514,4026727.4088219176
1628841995158967284,353201.5779132141,4026727.3951765574
1628841995285012220,353200.250136565,4026727.4356796667
1628841995422869919,353198.8967502665,4026727.4658746156
1628841995477088349,353198.28429137927,4026727.487177552
1628841995620853658,353196.8585087748,4026727.537337489
1628841995680952597,353196.2200412705,4026727.5617058063
1628841995818939560,353194.802587358,4026727.6162416046
1628841995879210784,353194.1959721352,4026727.639337922
1628841996017092688,353192.73795034573,4026727.6598321144
1628841996082967252,353192.1335070873,4026727.6787413415
1628841996220942390,353190.68589276855,4026727.7335447324
1628841996280966065,353190.08326701133,4026727.753460913
1628841996419112956,353188.6459431806,4026727.8023529137
1628841996491088928,353187.9467254188,4026727.826225372
1628841996622968871,353186.65152210975,4026727.87289254
1628841996688876674,353186.01682151976,4026727.8800467285
1628841996826818811,353184.6268382785,4026727.9304565447
1628841996886808662,353184.0349122464,4026727.9533046554
1628841997019252508,353182.6122629183,4026727.9821734005
1628841997084826466,353182.02416915627,4026728.0033697784
1628841997222942418,353180.63150571403,4026728.0441820044
1628841997288864794,353180.05014989246,4026728.0650201924
1628841997421107264,353178.6725562198,4026728.0920274183
1628841997486946646,353178.0968031103,4026728.1112448983
1628841997624946296,353176.7615804373,4026728.154441298
1628841997684953782,353176.16659132997,4026728.151401656
1628841997816830184,353174.9472160882,4026728.187935359
1628841997883122379,353174.2972469211,4026728.207068028
1628841998026960330,353172.9882404959,4026728.2225377397
1628841998086829542,353172.44455942325,4026728.2372447453
1628841998225092588,353171.14920985245,4026728.241069602
1628841998285083709,353170.6198055949,4026728.253703696
1628841998422858742,353169.46857112186,4026728.260457595
1628841998483225558,353168.8687153265,4026728.272759873
1628841998626969797,353167.6920366095,4026728.2969742035
1628841998686961051,353167.17506607657,4026728.295115416
1628841998830933773,353166.03528028633,4026728.3174840063
1628841998890836766,353165.55549404596,4026728.3264698475
1628841999022910571,353164.5210664047,4026728.3282540254
1628841999083091575,353164.05877677025,4026728.3360889163
1628841999227035533,353162.91284353123,4026728.3468432366
1628841999286988875,353162.4678971935,4026728.3543842756
1628841999419055394,353161.5166006626,4026728.359215496
1628841999550955949,353160.59234171326,4026728.374880196
1628841999623078215,353160.1060429738,4026728.3831222155
1628841999754895739,353159.22308910324,4026728.3853915613
1628841999821061734,353158.7567205606,4026728.3929296527
1628841999952804263,353157.91957028536,4026728.3987563616
1628842000030950002,353157.4101166376,4026728.4073909796
1628842000150964883,353156.66501487617,4026728.4166626316
1628842000223060253,353156.23877999815,4026728.425412745
1628842000354964982,353155.46626474627,4026728.4394826707
1628842000421000699,353155.07878552965,4026728.4347584588
1628842000552922521,353154.33004928206,4026728.4474488804
1628842000624847687,353153.9334872295,4026728.4541702857
1628842000763113312,353153.1776190347,4026728.465577864
1628842000828876137,353152.8475477671,4026728.47300342
1628842000954924623,353152.163040638,4026728.4825912076
1628842001026922407,353151.7840318127,4026728.490602125
1628842001153048571,353151.12691257393,4026728.4983829963
1628842001225032804,353150.7595884972,4026728.5080269803
1628842001345082856,353150.13212607347,4026728.5254371953
1628842001422984720,353149.73727291136,4026728.519556458
1628842001555074158,353149.0179899813,4026728.5271704313
1628842001632948526,353148.62356083456,4026728.531902782
1628842001752831314,353147.98535987583,4026728.535090726
1628842001830960983,353147.5333415639,4026728.5448886524
1628842001957072837,353146.8257487567,4026728.5301486743
1628842002028874075,353146.43009647774,4026728.5356342867
1628842002155034287,353145.7223335555,4026728.523460783
1628842002227043904,353145.31153086503,4026728.5271890666
1628842002358949807,353144.52334526053,4026728.5349337184
1628842002426149398,353144.13557721267,4026728.519472594
1628842002552077237,353143.3885710597,4026728.5334163876
1628842002618106102,353142.94633750455,4026728.5398748373
1628842002756320130,353142.10123666807,4026728.526733642
1628842002828357309,353141.6425070225,4026728.5303589534
1628842002960071964,353140.8247984877,4026728.5237726793
1628842003032100989,353140.35103245254,4026728.529667117
1628842003158269443,353139.48395853007,4026728.5425336636
1628842003230292297,353138.9955547695,4026728.5508125504
1628842003362271390,353138.07333974156,4026728.566445006
1628842003428115894,353137.57784432825,4026728.5614163107
1628842003560281945,353136.62870909343,4026728.5785428556
1628842003620340932,353136.1842055998,4026728.587908813
1628842003752280464,353135.21837908117,4026728.602388732
1628842003890100802,353134.2290204782,4026728.6247140286
1628842003968177551,353133.6144527168,4026728.639526463
1628842004034100410,353133.07357853523,4026728.655103896
1628842004154076762,353132.1112954993,4026728.6715993113
1628842004291985092,353131.08673661377,4026728.7011135365
1628842004364110494,353130.4510879348,4026728.721654705
1628842004496075900,353129.38900910865,4026728.736729331
1628842004556063605,353128.9047411551,4026728.7522629686
1628842004694304230,353127.7357078456,4026728.7689067563
1628842004766176838,353127.1627382431,4026728.7871649
1628842004892030955,353126.1771581671,4026728.8190707183
1628842004958072842,353125.5628292443,4026728.8227711623
1628842005084586166,353124.4847440889,4026728.858503686
1628842005162075477,353123.8696533613,4026728.856418765
1628842005294094055,353122.7013143081,4026728.893315344
1628842005354102856,353122.201159771,4026728.9091186803
1628842005486203619,353121.079870011,4026728.9334989856
1628842005558259279,353120.5013774496,4026728.9495318425
1628842005690178092,353119.3843797243,4026728.967430847
1628842005756174252,353118.8104157855,4026728.9828377203
1628842005888086061,353117.7514916463,4026729.009396052
1628842005960096140,353117.1337601525,4026729.016694856
1628842006159073008,353115.47072355635,4026729.0384804797
1628842006290943730,353114.42651869473,4026729.061615814
1628842006369080558,353113.78784939274,4026729.0754344454
1628842006501046947,353112.73889004334,4026729.0935235834
1628842006561038788,353112.26780721336,4026729.1033413922
1628842006688245561,353111.23635471286,4026729.1258336557
1628842006760261448,353110.7003426455,4026729.1370575493
1628842006903922220,353109.7211007526,4026729.1576271956
1628842006964045359,353109.16539172234,4026729.1549637937
1628842007090243605,353108.2139855061,4026729.174939603
1628842007167932690,353107.6849194141,4026729.173777723
1628842007294164034,353106.76383248856,4026729.192507212
1628842007360244296,353106.2761376124,4026729.201203176
1628842007492016282,353105.3762355939,4026729.206389897
1628842007564249415,353104.9059454157,4026729.214363594
1628842007696934928,353104.0508483451,4026729.2105509597
1628842007756909296,353103.6636285322,4026729.2152851946
1628842007894910358,353102.769877321,4026729.2223820803
1628842007966826028,353102.33590016724,4026729.2276039724
1628842008105045979,353101.487714472,4026729.2377126385
1628842008236931179,353100.7257117144,4026729.254477887
1628842008296933538,353100.3811642665,4026729.260319818
1628842008362802968,353100.04012513463,4026729.266102277
1628842008507031433,353099.1943757471,4026729.2772685043
1628842008632894789,353098.5213809833,4026729.2886795136
1628842008692980754,353098.2084642189,4026729.2900789236
1628842008836928839,353097.3935686721,4026729.304079147
1628842008898105206,353097.083941916,4026729.308291495
1628842009036286129,353096.3309109404,4026729.321914253
1628842009096194167,353095.9976367867,4026729.328969033
1628842009240119475,353095.2453073568,4026729.343922776
1628842009300111333,353094.90978950856,4026729.351381858
1628842009490843354,353093.8768029362,4026729.370240053
1628842009634932213,353093.10318042,4026729.3833577423
1628842009700929059,353092.74427779706,4026729.403298512
1628842009833054402,353091.9954265921,4026729.4213674236
1628842009899048132,353091.6078632965,4026729.4251924856
1628842010031027778,353090.8218992556,4026729.442486972
1628842010102967609,353090.39582722174,4026729.4518479262
1628842010240927409,353089.55276706023,4026729.4735897216
1628842010294794215,353089.23928647226,4026729.4804312023
1628842010433027535,353088.37067676755,4026729.49271855
1628842010493026273,353087.9838012111,4026729.5011097975
1628842010636852158,353087.0721529949,4026729.5208410113
1628842010696923364,353086.6732003728,4026729.5301085007
1628842010841029107,353085.682155947,4026729.551552395
1628842010901024637,353085.27608703746,4026729.562710658
1628842011032949737,353084.40315561206,4026729.5842270586
1628842011092969922,353083.99705980055,4026729.593798907
1628842011236812988,353083.03810040455,4026729.608351307
1628842011303010633,353082.557496885,4026729.618637357
1628842011435034185,353081.6347802029,4026729.6456369897
1628842011495001894,353081.21679489035,4026729.6558988723
1628842011638819579,353080.2339925609,4026729.6775088026
1628842011698892488,353079.79214446817,4026729.687809198
1628842011842908611,353078.7950798229,4026729.7123467247
1628842011897022461,353078.35573186027,4026729.7193698976
1628842012034988882,353077.3505341957,4026729.7411768283
1628842012094955673,353076.91816488816,4026729.750340056
1628842012238827305,353075.8802490198,4026729.7767913947
1628842012299031938,353075.44322105055,4026729.7870102683
1628842012437170044,353074.40493875195,4026729.8174963617
1628842012508893043,353073.8914790556,4026729.828340082
1628842012640810766,353072.93533619214,4026729.8488273453
1628842012767019459,353071.9475844626,4026729.8700949005
1628842012839031458,353071.4284628582,4026729.8817672157
1628842012959007294,353070.5142153192,4026729.901178039
1628842013042800111,353069.9165458818,4026729.9137552744
1628842013169038636,353068.9236074747,4026729.9283361626
1628842013240956601,353068.396840959,4026729.9372696253
1628842013361051717,353067.4923020015,4026729.9519994706
1628842013438978186,353066.85443658725,4026729.9659910374
1628842013576819735,353065.8669932139,4026729.9811504786
1628842013642793570,353065.33421870804,4026729.988049767
1628842013763047316,353064.39463180944,4026730.0005056453
1628842013834844222,353063.85893133905,4026730.0080650058
1628842013972895242,353062.7887580378,4026730.0222474686
1628842014044787550,353062.2522446028,4026730.0300038243
1628842014164782352,353061.30612438143,4026730.0418384117
1628842014243013605,353060.68965221115,4026730.0498523116
1628842014363049548,353059.7629026917,4026730.064654476
1628842014434884833,353059.20472183835,4026730.0736940363
1628842014566833393,353058.1970867578,4026730.0907837367
1628842014638812979,353057.65324386803,4026730.100007473
1628842014770798482,353056.6164586871,4026730.115760679
1628842014842942233,353055.98964180663,4026730.128283906
1628842014962952626,353055.03044518427,4026730.139425425
1628842015040718553,353054.47662291833,4026730.1497341557
1628842015166989842,353053.43017479405,4026730.1757835764
1628842015244945312,353052.79082498123,4026730.1890689274
1628842015370784156,353051.82769324165,4026730.209066702
1628842015436883218,353051.2435384442,4026730.221416004
1628842015580736402,353050.10809374286,4026730.2449469403
1628842015641061870,353049.6194769116,4026730.255065556
1628842015767006392,353048.54699139245,4026730.280458549
1628842015838895276,353047.9747574697,4026730.294192809
1628842015976986637,353046.8127616532,4026730.316465519
1628842016037035449,353046.31991675275,4026730.3273884673
1628842016169044154,353045.2293117298,4026730.3615121506
1628842016240795762,353044.6540463759,4026730.376884979
1628842016372912804,353043.5856451028,4026730.4051390304
1628842016438897407,353042.97711183573,4026730.424005977
1628842016570996993,353041.89184344554,4026730.4543163776
1628842016642778579,353041.3066462256,4026730.4706513607
1628842016774832971,353040.22002822143,4026730.501229006
1628842016840888844,353039.63600171567,4026730.517544244
1628842016972850812,353038.52758817247,4026730.5434258333
1628842017039042070,353037.940478541,4026730.5576572283
1628842017170952661,353036.83400209405,4026730.5805764585
1628842017242907353,353036.2455300455,4026730.594770044
1628842017362906945,353035.23532983556,4026730.6171550085
1628842017501019965,353034.0362945519,4026730.635785226
1628842017578789736,353033.4464373691,4026730.6479272787
1628842017704840755,353032.3433936774,4026730.6620607316
1628842017770950249,353031.75487499416,4026730.6720439414
1628842017903018055,353030.6560329973,4026730.6770730326
1628842017974985619,353030.0700425898,4026730.684877217
1628842018106908169,353028.9859064947,4026730.6993007143
1628842018172942654,353028.3829410953,4026730.694819589
1628842018304903677,353027.3044338835,4026730.705119447
1628842018376855578,353026.72458874737,4026730.710683355
1628842018503028463,353025.6300036238,4026730.7229041327
1628842018575234895,353025.0521509809,4026730.728434352
1628842018706879615,353023.96925484494,4026730.713418178
1628842018778786728,353023.39556450973,4026730.716741644
1628842018917022608,353022.224134721,4026730.7060352457
1628842018964984829,353021.81790317595,4026730.7068231553
1628842019108848849,353020.68614976294,4026730.708932792
1628842019174913800,353020.07276769116,4026730.715737479
1628842019307112120,353019.02891015646,4026730.720689753
1628842019367022537,353018.5501816864,4026730.7230128893
1628842019499005285,353017.4739600396,4026730.7179552047
1628842019570876425,353016.9198552618,4026730.718810577
1628842019708894454,353015.7876764007,4026730.7029835386
1628842019768919000,353015.31723809335,4026730.7036403148
1628842019901021731,353014.3034114162,4026730.7048487775
1628842019978949440,353013.66806105897,4026730.7111110804
1628842020110900837,353012.6677139217,4026730.712213121
1628842020171022928,353012.1774577956,4026730.72486413
1628842020308867012,353011.18708417646,4026730.7297644624
1628842020374828173,353010.65678025363,4026730.7320475113
1628842020512881961,353009.6096284582,4026730.7310752966
1628842020578805067,353009.16234540707,4026730.7323161317
1628842020704812259,353008.168055777,4026730.7482086606
1628842020771012048,353007.65126170195,4026730.751300294
1628842020909035372,353006.67479198903,4026730.743758082
1628842020974900712,353006.1658930287,4026730.745983423
1628842021100915159,353005.2293260023,4026730.7497273963
1628842021178902740,353004.7047881597,4026730.7698575123
1628842021305014328,353003.7827121868,4026730.777567252
1628842021376827065,353003.29072728654,4026730.7816420444
1628842021503085205,353002.3793105,4026730.7728745164
1628842021586777628,353001.8295423678,4026730.7773194243
1628842021718811166,353000.92785579583,4026730.784805597
1628842021844983050,353000.0544467518,4026730.795657336
1628842021905028731,352999.6353119797,4026730.7966652135
1628842022048770555,352998.71147589386,4026730.8115465483
1628842022115007344,352998.2540966908,4026730.8193069743
1628842022246978121,352997.3725390343,4026730.852941535
1628842022306974341,352996.98610268463,4026730.8613293963
1628842022444932930,352996.08590793854,4026730.89192334
1628842022505012136,352995.7087775364,4026730.9002143946
1628842022649013363,352994.8386632484,4026730.919616807
1628842022709007739,352994.4680650901,4026730.917787205
1628842022846916545,352993.62260338495,4026730.9321327214
1628842022912873944,352993.2532485691,4026730.946029317
1628842023050798767,352992.42009136,4026730.960959637
1628842023110813433,352992.0648630125,4026730.96698711
1628842023248994254,352991.2530786955,4026730.986010505
1628842023320889749,352990.84569793334,4026730.9929229496
1628842023452786765,352990.1029575573,4026731.000215715
1628842023513023782,352989.76097875764,4026731.0041873865
1628842023651021290,352988.9713066878,4026731.014901132
1628842023716839065,352988.64247360267,4026731.0186497876
1628842023848910651,352987.8796614888,4026731.031288265
1628842023908905557,352987.5396936879,4026731.0369349043
1628842024046753167,352986.80466131517,4026731.0392753263
1628842024112999202,352986.4091384816,4026731.0411649374
1628842024250920712,352985.6273858561,4026731.0701774303
1628842024310900088,352985.29668817454,4026731.077620003
1628842024454801703,352984.52033913694,4026731.0937844133
1628842024514814633,352984.1916314144,4026731.0957610724
1628842024653105611,352983.4288332958,4026731.103211656
1628842024718892799,352983.08856253023,4026731.106178035
1628842024844888113,352982.3448772632,4026731.1183703635
1628842024922747785,352981.9602432725,4026731.117023613
1628842025048762019,352981.2220916009,4026731.1265586345
1628842025114993687,352980.82155792613,4026731.131341179
1628842025252899341,352980.013391483,4026731.163365904
1628842025312923583,352979.66219721816,4026731.1693254285
1628842025445006163,352978.91646520735,4026731.1929664873
1628842025505037404,352978.56273008825,4026731.200250926
1628842025654926655,352977.6811729799,4026731.234192664
1628842025708854947,352977.3825603818,4026731.2412131405
1628842025846993418,352976.54375682096,4026731.2550811227
1628842025906889655,352976.1567743637,4026731.2690944783
1628842026050874611,352975.306338603,4026731.2920712098
1628842026176952913,352974.47894536634,4026731.322530617
1628842026248859123,352974.03984857164,4026731.3306534644
1628842026387036423,352973.15309778776,4026731.3555894606
1628842026447028444,352972.75694985356,4026731.3393016234
1628842026579015451,352971.93220338423,4026731.354335327
1628842026644964599,352971.46732014406,4026731.3832208416
1628842026782720074,352970.6307484796,4026731.401385066
1628842026848985873,352970.17573655857,4026731.4112430555
1628842026986866241,352969.3203264745,4026731.4380279793
1628842027052850697,352968.86047345353,4026731.4479681924
1628842027178906661,352967.971922591,4026731.451572724
1628842027256758157,352967.50555627886,4026731.4594872906
1628842027376792489,352966.7010446477,4026731.474910526
1628842027448905397,352966.1541433091,4026731.4749755003
1628842027592871077,352965.2061000163,4026731.4897219045
1628842027652853016,352964.7925571587,4026731.4870964885
1628842027784742860,352963.9098880621,4026731.4981090273
1628842027856875097,352963.4332364709,4026731.5043672924
1628842027982969538,352962.52401369135,4026731.482505048
1628842028054879148,352962.04440531833,4026731.4842358828
1628842028180761055,352961.20146504644,4026731.5009221695
1628842028252993215,352960.6516108959,4026731.5036621457
1628842028378727867,352959.8247395712,4026731.510371156
1628842028451052591,352959.24376205046,4026731.5593552818
1628842028582906094,352958.33834473474,4026731.5747217922
1628842028654990746,352957.8293834559,4026731.59867979
1628842028787003068,352956.917138752,4026731.614528538
1628842028858777918,352956.4246259335,4026731.6250237133
1628842028990772919,352955.4914049695,4026731.6725400095
1628842029050838432,352955.0670295871,4026731.685235796
1628842029194960148,352953.9924411497,4026731.723615793
1628842029248797517,352953.6381227599,4026731.7331694765
1628842029375145496,352952.7156566601,4026731.7509011514
1628842029458867308,352952.13392667053,4026731.7692585345
1628842029578873918,352951.2857385989,4026731.7891476844
1628842029656988079,352950.69360745297,4026731.8167760386
1628842029776975611,352949.8416684689,4026731.835691386
1628842029848991027,352949.3454517233,4026731.842587678
1628842029980872514,352948.4046033021,4026731.885473402
1628842030058948921,352947.83504264953,4026731.9020986296
1628842030184765974,352946.9687481104,4026731.938897273
1628842030256900474,352946.3971607103,4026731.9570218544
1628842030394866011,352945.47002334817,4026731.97776331
1628842030448932855,352945.0182498349,4026731.990314267
1628842030592974619,352944.02236455795,4026732.0135655478
1628842030718808486,352943.13891152386,4026732.025814225
1628842030790894223,352942.5653907917,4026732.0334126735
1628842030850882511,352942.1339959509,4026732.0370728658
1628842030982853953,352941.1856117661,4026732.092416525
1628842031114969480,352940.25317774375,4026732.11123426
1628842031180988897,352939.70896319917,4026732.1291388017
1628842031312890616,352938.7712298346,4026732.144750711
1628842031384728785,352938.337225786,4026732.1506526726
1628842031516788543,352937.30815496366,4026732.189665945
1628842031582972557,352936.8027300022,4026732.2003814126
1628842031720877463,352935.76984192955,4026732.2252993463
1628842031780889002,352935.33743385534,4026732.232639226
1628842031918701590,352934.3747077071,4026732.250934178
1628842031996962233,352933.79753020866,4026732.259510817
1628842032128831998,352932.8600357139,4026732.2748141317
1628842032194903238,352932.33788941335,4026732.295274256
1628842032314881356,352931.47517599317,4026732.307538288
1628842032386838858,352930.97242035327,4026732.313936274
1628842032525113749,352929.93931537756,4026732.3321446436
1628842032584892329,352929.51039160753,4026732.335763517
1628842032716900853,352928.5518912468,4026732.3459306485
1628842032794788516,352928.0534012314,4026732.3496928886
1628842032914960432,352927.0903609766,4026732.3782480033
1628842032986984846,352926.59051489644,4026732.380324344
1628842033124965250,352925.6588642816,4026732.3848479628
1628842033190854538,352925.1310718856,4026732.393136161
1628842033322723053,352924.1926383226,4026732.397164722
1628842033382794319,352923.7594200974,4026732.3990257075
1628842033520927182,352922.7218243164,4026732.4021132435
1628842033598884954,352922.1441771307,4026732.404595046
1628842033730855208,352921.1763143386,4026732.4074755576
1628842033922959253,352919.7748087768,4026732.42540831
1628842033989036108,352919.26604133775,4026732.4340452882
1628842034126846370,352918.322209434,4026732.4526316263
1628842034180890537,352917.8561757113,4026732.463289837
1628842034319209642,352916.84095561376,4026732.4847972603
1628842034384718415,352916.4064431001,4026732.4940048885
1628842034528774779,352915.3720619456,4026732.5386041496
1628842034588846323,352914.9372836356,4026732.5514785144
1628842034720975705,352913.8998028777,4026732.586059656
1628842034792932763,352913.3922595951,4026732.598948708
1628842034924930990,352912.4256235742,4026732.6390412427
1628842034990916698,352911.92172401806,4026732.654004775
1628842035194965694,352910.46546290605,4026732.7207817775
1628842035332757087,352909.5307855513,4026732.7550829793
1628842035452997743,352908.57895193354,4026732.802493083
1628842035524889512,352908.07778664364,4026732.821682929
1628842035656848860,352907.1234309089,4026732.8652297175
1628842035728998936,352906.6256900477,4026732.884361509
1628842035854891026,352905.70510794723,4026732.9198276424
1628842035914874684,352905.25343761104,4026732.9501403617
1628842036064950085,352904.2012232818,4026732.990893294
1628842036118837032,352903.8532168751,4026733.0037598573
1628842036256964464,352902.8534868924,4026733.0497254548
1628842036322727067,352902.44067372975,4026733.0622275206
1628842036466884616,352901.38386114786,4026733.087372648
1628842036526965259,352900.9753342389,4026733.0998020074
1628842036658968013,352900.07846618193,4026733.1359037254
1628842036718985839,352899.67509497865,4026733.148245609
1628842036862717809,352898.7402115113,4026733.1753492467
1628842036928890798,352898.24933935585,4026733.209013505
1628842037060844053,352897.39135337167,4026733.238656925
1628842037120821966,352896.9981563001,4026733.2508261893
1628842037258973309,352896.06812006014,4026733.2929236726
1628842037330865486,352895.6152208211,4026733.3070222232
1628842037462841417,352894.7669265256,4026733.339980391
1628842037522838327,352894.3836394675,4026733.3512490825
1628842037660946626,352893.476050969,4026733.381857172
1628842037720966245,352893.09728262754,4026733.390119474
1628842037864816623,352892.2178065135,4026733.413963673
1628842037924825287,352891.8323568125,4026733.4375984413
1628842038062960313,352890.9661470704,4026733.462316157
1628842038128760444,352890.5982621488,4026733.4703937722
1628842038278844782,352889.6869722489,4026733.5063141934
1628842038326807908,352889.3856822343,4026733.5144818136
1628842038464940955,352888.5575776014,4026733.5391020793
1628842038536957615,352888.1430675073,4026733.54601834
1628842038662882040,352887.3696135805,4026733.5704431836
1628842038722885154,352887.0195137414,4026733.5763878855
1628842038866788448,352886.20844144246,4026733.5900378884
1628842038933413643,352885.8036936249,4026733.580613991
1628842039064943853,352885.05981534935,4026733.577070703
1628842039202887609,352884.31097718555,4026733.5689729718
1628842039268832272,352883.9126567515,4026733.5579751637
1628842039388820854,352883.23178469227,4026733.531877536
1628842039472825727,352882.75723162876,4026733.5354800653
1628842039598940807,352882.0204559781,4026733.4933027984
1628842039664879022,352881.6226056593,4026733.4816867537
1628842039796989475,352880.8860309482,4026733.414054212
1628842039868985244,352880.48934956914,4026733.37019143
1628842040000939594,352879.765088742,4026733.294964544
1628842040066875588,352879.3716271955,4026733.2407931113
1628842040186867777,352878.6887553709,4026733.1616285904
1628842040258884239,352878.2982441522,4026733.093857143
1628842040396730718,352877.57795638655,4026732.954292201
1628842040468850419,352877.13518669247,4026732.8721492463
1628842040588885672,352876.4882334871,4026732.726578287
1628842040666833107,352876.1259140902,4026732.628420629
1628842040798964322,352875.3941678919,4026732.4363154504
1628842040876688047,352875.03315874777,4026732.334900685
1628842040996959805,352874.4098598028,4026732.1523066727
1628842041062954589,352874.0573419072,4026732.0414702995
1628842041206791360,352873.3475920672,4026731.780753656
1628842041266987096,352873.0537964791,4026731.6758782123
1628842041398729503,352872.427749841,4026731.4581743386
1628842041464958080,352872.08990462753,4026731.2886165106
1628842041602869572,352871.4461241313,4026731.006882048
1628842041662854723,352871.1684507495,4026730.875182279
1628842041794948355,352870.5753403563,4026730.6000948176
1628842041860712677,352870.30110343633,4026730.4694963996
1628842041992849586,352869.6722443174,4026730.1423421237
1628842042064855733,352869.3652212786,4026729.9831863954
1628842042196824600,352868.8026144642,4026729.629210978
1628842042262936428,352868.50562597,4026729.456273872
1628842042400697235,352867.9530308912,4026729.1258104043
1628842042466876091,352867.66704405344,4026728.929553898
1628842042598815030,352867.11569966516,4026728.582894734
1628842042670703691,352866.82767992304,4026728.363967433
1628842042796962471,352866.2777353979,4026727.9937247
1628842042874738052,352865.9857417249,4026727.7914666696
1628842042988946823,352865.47735164687,4026727.4099590825
1628842043066904183,352865.13838483166,4026727.175722536
1628842043198927477,352864.6040390973,4026726.759071875
1628842043276803647,352864.30887267995,4026726.544294388
1628842043396706126,352863.80417779926,4026726.16565386
1628842043468860659,352863.4618142289,4026725.8859423003
1628842043600930090,352862.9073472428,4026725.467741338
1628842043666923216,352862.6188017359,4026725.1981022856
1628842043798846389,352862.0641149765,4026724.766965501
1628842043930841458,352861.52261810226,4026724.283235967
1628842044002802762,352861.22350987187,4026724.045698105
1628842044074693329,352860.92164620117,4026723.809427767
1628842044200929732,352860.3815317567,4026723.308279598
1628842044278849261,352860.0392375572,4026723.0299708094
1628842044404675982,352859.50738111895,4026722.5793422177
1628842044542955386,352858.90531320614,4026722.087730285
1628842044590933575,352858.6884374213,4026721.9144094996
1628842044722950854,352858.1422526761,4026721.416111167
1628842044800842998,352857.7979690181,4026721.1338689155
1628842044932865205,352857.2352305361,4026720.6248653154
1628842044992847662,352856.980269826,4026720.4083676212
1628842045130699734,352856.42803628766,4026719.9420328457
1628842045202856009,352856.08645481366,4026719.6257477817
1628842045328818711,352855.5726363118,4026719.198678095
1628842045400685604,352855.2735337403,4026718.948017615
1628842045526822583,352854.7073644593,4026718.453537937
1628842045610665785,352854.3696721032,4026718.1614181274
1628842045736864625,352853.8163289897,4026717.6540252054
1628842045796842784,352853.56138986966,4026717.438808992
1628842045934737914,352853.0133544281,4026716.939382708
1628842046006910552,352852.673331977,4026716.652917834
1628842046144740588,352852.1268885697,4026716.184348716
1628842046204774639,352851.85608086386,4026715.9448656384
1628842046330808980,352851.3179615245,4026715.4785966272
1628842046402724001,352851.0295745661,4026715.230012615
1628842046534811662,352850.4586464892,4026714.750934023
1628842046600933361,352850.1678847801,4026714.5080667064
1628842046726851393,352849.6340151846,4026714.023414851
1628842046804818514,352849.35180123884,4026713.7762519447
1628842046936917907,352848.77863528486,4026713.2669376675
1628842046996938606,352848.53778739495,4026713.058501388
1628842047134677241,352848.0141789693,4026712.6111513725
1628842047212813209,352847.7013854157,4026712.3099418185
1628842047344781397,352847.1864267326,4026711.8625059747
1628842047410916872,352846.8910555887,4026711.6177639016
1628842047530936289,352846.4224205265,4026711.206284914
1628842047602939116,352846.14931112586,4026710.9696487444
1628842047740974445,352845.6057861666,4026710.480705492
1628842047800920156,352845.37589403894,4026710.2776985136
1628842047932884325,352844.8728385656,4026709.828595763
1628842048004920287,352844.61000794056,4026709.5916629834
1628842048136684824,352844.12268456933,4026709.1570027154
1628842048202873832,352843.8674646341,4026708.904620686
1628842048334815950,352843.3870475428,4026708.4651433895
1628842048406913768,352843.125658938,4026708.2349611423
1628842048538691262,352842.6505513339,4026707.802656973
1628842048676808859,352842.14000777464,4026707.330426884
1628842048736809571,352841.9246836972,4026707.133520283
1628842048868911481,352841.45979230676,4026706.708916277
1628842048946912969,352841.1782937187,4026706.439219227
1628842049066842225,352840.7525224499,4026706.051365788
1628842049132698061,352840.54065628105,4026705.855926382
1628842049276912006,352840.0266207116,4026705.3559843963
1628842049336912430,352839.81710386026,4026705.16142064
1628842049474857307,352839.3374311989,4026704.701117671
1628842049534861882,352839.1299926623,4026704.5058472347
1628842049684788784,352838.6362796107,4026704.052557766
1628842049738796981,352838.42761155905,4026703.8603600245
1628842049876692847,352837.97368046275,4026703.4495472405
1628842049936856027,352837.725817833,4026703.217121215
1628842050080810432,352837.22958080325,4026702.770649675
1628842050140805318,352837.0208451646,4026702.577171357
1628842050278958454,352836.5487328964,4026702.1388961375
1628842050332805101,352836.3775592237,4026701.981157204
1628842050476917423,352835.83405271336,4026701.5310940593
1628842050548960710,352835.5851468701,4026701.321696335
1628842050668925291,352835.1618160242,4026700.963465137
1628842050740929403,352834.9204595224,4026700.7502770466
1628842050872783681,352834.46478779067,4026700.357377514
1628842050950809431,352834.1910157337,4026700.1239878507
1628842051076662051,352833.76052767097,4026699.778268571
1628842051136661937,352833.54506066884,4026699.606206192
1628842051280840318,352833.02168462495,4026699.1654449445
1628842051340839185,352832.8115420096,4026698.98975206
1628842051478906532,352832.3073459056,4026698.6029259586
1628842051532805754,352832.12889678625,4026698.46331627
1628842051688679062,352831.59070688504,4026698.0469159056
1628842051742940063,352831.3749207804,4026697.8821222684
1628842051874780958,352830.9060971799,4026697.5278989146
1628842051934805842,352830.6862759561,4026697.359999969
1628842052078675488,352830.1772867355,4026696.982044568
1628842052144925051,352829.9210179377,4026696.7973084897
1628842052270825980,352829.4459112913,4026696.4639441376
1628842052402881541,352828.9645264683,4026696.134653787
1628842052474899474,352828.7025851494,4026695.965395142
1628842052612701100,352828.21399176226,4026695.6563691203
1628842052672820370,352827.95468570286,4026695.5012260573
1628842052804831287,352827.45924065413,4026695.2155100983
1628842052882661898,352827.1913901474,4026695.0657612844
1628842053002881001,352826.6981718921,4026694.79526651
1628842053080800893,352826.42589215783,4026694.6533445157
1628842053206845978,352825.9257182886,4026694.4054291425
1628842053278803024,352825.652909371,4026694.2718780767
1628842053404899169,352825.13820757624,4026694.0453889812
1628842053482783295,352824.85991572484,4026693.9285938735
1628842053608931090,352824.34751111,4026693.705300705
1628842053680788319,352824.06102993805,4026693.5977390804
1628842053806701047,352823.58573021786,4026693.4021363007
1628842053884738900,352823.2625385562,4026693.2919023684
1628842054016715239,352822.74000857613,4026693.1291457824
1628842054082674132,352822.4565164376,4026693.044849142
1628842054208839077,352821.93063949293,4026692.890755518
1628842054280768047,352821.6498697542,4026692.80055321
1628842054407663016,352821.1703935438,4026692.6842460865
1628842054485656445,352820.83785482636,4026692.610304267
1628842054605651194,352820.33543959097,4026692.517885679
1628842054683959847,352820.0050893653,4026692.456907358
1628842054815797555,352819.4608875754,4026692.3630013787
1628842054875796858,352819.2079459833,4026692.321155124
1628842055007678430,352818.650552245,4026692.2572588054
1628842055079707030,352818.3498830218,4026692.2225710885
1628842055217798988,352817.7446489396,4026692.172671281
1628842055283679407,352817.48458252224,4026692.1488296245
1628842055403836747,352816.91365531646,4026692.121784851
1628842055475789675,352816.60667416477,4026692.0999609223
1628842055607789422,352816.0317851579,4026692.066940959
1628842055679663631,352815.7205643513,4026692.066795788
1628842055805825829,352815.13951373624,4026692.049200563
1628842055877885479,352814.82526338217,4026692.0422708713
1628842056009657315,352814.22871859337,4026692.0422120825
1628842056081672508,352813.9108711884,4026692.0408977955
1628842056207898013,352813.3068763749,4026692.0657462026
1628842056285843213,352812.93958820304,4026692.069544378
1628842056411665290,352812.3796918248,4026692.090958111
1628842056477894893,352812.055600192,4026692.0948159513
1628842056609936631,352811.45110335865,4026692.101789501
1628842056681792510,352811.1010224686,4026692.1215309757
1628842056819799303,352810.44304132444,4026692.1327091563
1628842056879771915,352810.16112601565,4026692.1358505487
1628842057011670313,352809.5263366287,4026692.1470010155
1628842057143703408,352808.91140334227,4026692.1449966617
1628842057209873250,352808.5533388716,4026692.17170989
1628842057281908828,352808.22066062153,4026692.173089209
1628842057413789598,352807.57070303545,4026692.2003058037
1628842057539797240,352806.9478821312,4026692.2001445983
1628842057611771079,352806.6123707016,4026692.198215136
1628842057743884845,352805.9723494577,4026692.213055866
1628842057815778356,352805.6360544637,4026692.2063179184
1628842057941851555,352804.99560804304,4026692.230260292
1628842058013767741,352804.6622623309,4026692.2273785737
1628842058145654202,352804.0163933131,4026692.2500703563
1628842058205654028,352803.7358318704,4026692.2511747717
1628842058349656143,352803.1003036351,4026692.2511686953
1628842058415761887,352802.7540897742,4026692.273103137
1628842058553885776,352802.1664810822,4026692.2745413254
1628842058613921819,352801.92632653733,4026692.2749593053
1628842058745867059,352801.4036493456,4026692.2840835527
1628842058811787361,352801.185086258,4026692.2854775093
1628842058943833360,352800.6711237875,4026692.300130078
1628842059009780535,352800.4758755233,4026692.3015551916
1628842059141785826,352800.0787646888,4026692.3003673647
1628842059219760196,352799.8047283986,4026692.306549098
1628842059351695573,352799.46032008505,4026692.308128043
1628842059411786172,352799.25964478764,4026692.3197163083
1628842059549648416,352798.93439875235,4026692.316697199
1628842059621557840,352798.785786205,4026692.3149496103
1628842059747946012,352798.49673456163,4026692.331823634
1628842059807804109,352798.3852908505,4026692.331885988
1628842059939758601,352798.16958374943,4026692.33793126
1628842060011669031,352798.0580738395,4026692.3376895646
1628842060149878080,352797.8867475906,4026692.348840257
1628842060209875015,352797.80898392294,4026692.348330392
1628842060353775534,352797.6427686706,4026692.346881895
1628842060419780043,352797.5916377247,4026692.3548918148
1628842060551880681,352797.4649282192,4026692.3491099607
1628842060611923475,352797.408793624,4026692.346401541
1628842060743780372,352797.307158757,4026692.3580161477
1628842060821773697,352797.2329583665,4026692.354393953
1628842060953641234,352797.14068420266,4026692.3691454595
1628842061013650294,352797.08524224244,4026692.3667914895
1628842061145773866,352796.9945314926,4026692.3702858314
1628842061223768809,352796.92035494023,4026692.361780362
1628842061355696833,352796.79773592093,4026692.3479943527
1628842061481875632,352796.7031261763,4026692.3635790134
1628842061541886264,352796.6470434102,4026692.3576348163
1628842061625777004,352796.5712347189,4026692.3491570815
1628842061745775606,352796.47507027036,4026692.3495702203
1628842061889649500,352796.34107454616,4026692.3343295413
1628842061943896832,352796.2943787141,4026692.3465366294
1628842062087690540,352796.1584112699,4026692.32839973
1628842062153824286,352796.0856183866,4026692.3501445623
1628842062291752982,352795.9557743142,4026692.3304998023
1628842062345897299,352795.8952137861,4026692.3205422848
1628842062489754710,352795.75446176255,4026692.3306242293
1628842062549754511,352795.6931391433,4026692.322510739
1628842062687775201,352795.5603127576,4026692.300658327
1628842062747775955,352795.5044967048,4026692.2924512783
1628842062886088419,352795.393169374,4026692.2751164646
1628842062957878129,352795.3336092236,4026692.2737480137
1628842063089775174,352795.2746227833,4026692.266632441
1628842063155651189,352795.2361895242,4026692.266736115
1628842063287908066,352795.2125930209,4026692.2635969473
1628842063353642654,352795.21112867305,4026692.2636218276
1628842063486100165,352795.1722825356,4026692.2699581776
1628842063551753851,352795.1691860447,4026692.270010787
1628842063689738596,352795.2074657437,4026692.282422081
1628842063755758451,352795.2068098387,4026692.282433225
1628842063893635352,352795.204918387,4026692.282465362
1628842063941871551,352795.2048252479,4026692.293148226
1628842064091774425,352795.20485575555,4026692.2931477074
1628842064151775415,352795.2050999728,4026692.303031373
1628842064283625219,352795.20456609584,4026692.303040443
1628842064343647872,352795.2042305147,4026692.3030461455
1628842064493748063,352795.20461097825,4026692.3128664605
1628842064553745517,352795.2050685873,4026692.3128586854
1628842064691869397,352795.20471480454,4026692.322569403
1628842064751865264,352795.2051724137,4026692.322561627
1628842064895679223,352795.20428963716,4026692.331670976
1628842064950061921,352795.20428963716,4026692.331670976
1628842065093886812,352795.2050675724,4026692.331657758
1628842065153810715,352795.20387765113,4026692.340650251
1628842065297787322,352795.2060131612,4026692.3406139677
1628842065357635768,352795.20741649624,4026692.3405901245
1628842065489631276,352795.2085735623,4026692.3494206704
1628842065555761185,352795.21246324107,4026692.349354584
1628842065693921487,352795.2212530513,4026692.357506122
1628842065765648155,352795.22846802423,4026692.3573835366
1628842065891748251,352795.2483435219,4026692.3570458447
1628842066017763728,352795.2652521216,4026692.364388048
1628842066089855361,352795.27873634186,4026692.364158946
1628842066215864321,352795.3038777589,4026692.371117125
1628842066287916186,352795.32030593423,4026692.370838004
1628842066413966319,352795.34463653906,4026692.376772351
1628842066491667272,352795.3617206194,4026692.3764820853
1628842066623651911,352795.3934481988,4026692.375943022
1628842066689861298,352795.4108635738,4026692.384375262
1628842066821742446,352795.44370466715,4026692.3838172797
1628842066887781755,352795.4566831605,4026692.3951325538
1628842067019739815,352795.49132418504,4026692.394543991
1628842067091868567,352795.5108641038,4026692.394212
1628842067229625668,352795.55205635703,4026692.403827195
1628842067289801696,352795.57469276205,4026692.4034425938
1628842067421759264,352795.6173502505,4026692.4094928126
1628842067499647877,352795.6425797746,4026692.4090641527
1628842067625628060,352795.6915134644,4026692.4082327527
1628842067691952266,352795.71546658303,4026692.419788817
1628842067811786919,352795.76523922326,4026692.4189431635
1628842067895646486,352795.80286923365,4026692.4317317135
1628842068021885175,352795.8599089786,4026692.4347299226
1628842068099735800,352795.8901474776,4026692.4363524164
1628842068225743006,352795.94260713994,4026692.4490721137
1628842068291796990,352795.97121349827,4026692.450722339
1628842068423888349,352796.0221916288,4026692.4606595575
1628842068495876643,352796.05122509087,4026692.4623025274
1628842068627739538,352796.10741063,4026692.465315251
1628842068693946913,352796.1340445345,4026692.4712104667
1628842068825745665,352796.1973230206,4026692.47410268
1628842068897634575,352796.22134766536,4026692.4835823085
1628842069023878721,352796.29087407433,4026692.489603271
1628842069095912497,352796.3303925656,4026692.4932043543
1628842069227755327,352796.4020094756,4026692.5109086893
1628842069294118924,352796.4445024271,4026692.514459237
1628842069419663871,352796.5089518891,4026692.51891849
1628842069497858024,352796.55899050663,4026692.5229511927
1628842069629750324,352796.6410220893,4026692.529492123
1628842069695789281,352796.67909920745,4026692.5569216954
1628842069821623173,352796.75582859665,4026692.566604505
1628842069900028958,352796.79819626466,4026692.572659654
1628842070031754552,352796.8834069763,4026692.5831139055
1628842070091754754,352796.92353146465,4026692.586460551
1628842070218063801,352796.9976825558,4026692.6105306046
1628842070349742461,352797.0879269693,4026692.620899334
1628842070433724027,352797.13418476784,4026692.6376917427
1628842070499924255,352797.1813721417,4026692.645435046
1628842070625751255,352797.26216018584,4026692.658711057
1628842070757630431,352797.34716563893,4026692.669657089
1628842070823698071,352797.3958573453,4026692.6752385767
1628842070961876058,352797.4829087248,4026692.701530894
1628842071027637682,352797.523271644,4026692.7063383535
1628842071153750738,352797.60536425,4026692.725451648
1628842071225602717,352797.651975684,4026692.7289322265
1628842071357742839,352797.73769864393,4026692.7354104505
1628842071423855675,352797.79968190304,4026692.7455879524
1628842071555745170,352797.8871437808,4026692.7520366325
1628842071633749382,352797.9400195733,4026692.7560211406
1628842071765639594,352798.013941548,4026692.7666061623
1628842071831680283,352798.0519853198,4026692.7696219496
1628842071951931549,352798.1020005464,4026692.783054587
1628842072023792670,352798.1418241064,4026692.7866504933
1628842072167720581,352798.20739093516,4026692.7967060776
1628842072227575776,352798.23942536674,4026692.8016550406
1628842072353876306,352798.3069723551,4026692.8124094126
1628842072425862324,352798.34435251646,4026692.81049257
1628842072557715391,352798.4103741393,4026692.821272859
1628842072629614358,352798.44530705875,4026692.8270881153
1628842072755801502,352798.50831232185,4026692.8498216537
1628842072833639180,352798.5423968128,4026692.857787583
1628842072959726260,352798.60202227946,4026692.8755735997
1628842073025777225,352798.6367474247,4026692.8835286447
1628842073157942912,352798.6902083558,4026692.9138707183
1628842073229847240,352798.72509181336,4026692.9239593307
1628842073367691535,352798.7907905966,4026692.942679774
1628842073427784126,352798.8186046581,4026692.953376782
1628842073559747475,352798.88340999564,4026692.9733941597
1628842073631657184,352798.9183297395,4026692.98561841
1628842073757881466,352798.96971423936,4026693.006901419
1628842073829722926,352799.0035662269,4026693.0191438114
1628842073949852554,352799.059717422,4026693.047975321
1628842074033769466,352799.0979020373,4026693.061975179
1628842074159776257,352799.153303724,4026693.0844106553
1628842074219769420,352799.18001581973,4026693.093112201
1628842074363621978,352799.2375864836,4026693.112092816
1628842074429931395,352799.2712505434,4026693.131235459
1628842074561930971,352799.3133162473,4026693.1437655534
1628842074627725751,352799.3285741863,4026693.1473515844
1628842074753731965,352799.3639947898,4026693.1737886905
1628842074831933162,352799.37378437025,4026693.1761248377
1628842074963897001,352799.38693820656,4026693.1950666253
1628842075095735504,352799.38898219366,4026693.1950318976
1628842075155715225,352799.3695041832,4026693.1981094433
1628842075305818531,352799.37107530853,4026693.1980827497
1628842075365861731,352799.37025161315,4026693.1980967447
1628842075503772878,352799.3491145081,4026693.1996155432
1628842075563754919,352799.3369142586,4026693.1954892767
1628842075702045210,352799.27945111855,4026693.1882257266
1628842075767706541,352799.25086904457,4026693.179922166
1628842075899622858,352799.1658327991,4026693.1680611027
1628842075959716200,352799.12387239037,4026693.1572382236
1628842076097722052,352799.00736446,4026693.1259531286
1628842076169627290,352798.9394499066,4026693.116914
1628842076301746592,352798.801330814,4026693.0772069097
1628842076355877245,352798.73051731917,4026693.056498146
1628842076499718907,352798.5567978617,4026693.02557472
1628842076571833687,352798.4589084063,4026692.9998937827
1628842076697876291,352798.2646252478,4026692.957539814
1628842076757827262,352798.16704471526,4026692.931182238
1628842076907769879,352797.901061859,4026692.8635568814
1628842076967798433,352797.7897613325,4026692.831634004
1628842077099776605,352797.5352589796,4026692.7563061896
1628842077165746921,352797.41173436947,4026692.737713722
1628842077303727817,352797.1091169693,4026692.647639247
1628842077363732543,352796.97256735456,4026692.6060134093
1628842077501705799,352796.63234202156,4026692.524207405
1628842077561702343,352796.4816986292,4026692.484652106
1628842077699785837,352796.1103641408,4026692.3975762646
1628842077771854275,352795.9237265756,4026692.347218815
1628842077903843115,352795.5433875306,4026692.254619648
1628842077963836502,352795.3750476775,4026692.211641849
1628842078101766074,352794.9817955907,4026692.115172701
1628842078161771180,352794.7713473573,4026692.053561973
1628842078311635971,352794.3790454345,4026691.9645230854
1628842078365883557,352794.2120901022,4026691.929395415
1628842078503746185,352793.76326188224,4026691.8559045447
1628842078563774410,352793.59399984835,4026691.826004128
1628842078707706989,352793.1509919909,4026691.7511326424
1628842078767631425,352792.9796714571,4026691.7266994086
1628842078905876336,352792.54056883405,4026691.6652505347
1628842078965897562,352792.3685365691,4026691.6474212813
1628842079121588922,352791.9396554051,4026691.615523248
1628842079163768273,352791.76868024707,4026691.608723543
1628842079307852176,352791.3686057088,4026691.6064267866
1628842079427807724,352791.00400118943,4026691.582286891
1628842079505596230,352790.80711751647,4026691.5925291753
1628842079631728706,352790.44349879946,4026691.622816573
1628842079709593369,352790.21590023173,4026691.645604817
1628842079829706665,352789.8899328831,4026691.6980188917
1628842079907769786,352789.653384145,4026691.729260108
1628842080027779481,352789.3374057681,4026691.8092147773
1628842080106096515,352789.1319971802,4026691.869102059
1628842080231608705,352788.81852817885,4026691.9853915046
1628842080309801854,352788.62495572394,4026692.064792284
1628842080441723096,352788.28661886306,4026692.1866312996
1628842080501726472,352788.1513270285,4026692.260342069
1628842080633598133,352787.8666780661,4026692.4285716983
1628842080699828021,352787.7000354248,4026692.5106277587
1628842080837597503,352787.43327103043,4026692.6915541664
1628842080903705499,352787.2887710788,4026692.7809855626
1628842081029757749,352787.0541993405,4026692.9842534484
1628842081107948764,352786.9222077737,4026693.1183947367
1628842081239587106,352786.72783250985,4026693.3211627477
1628842081311744377,352786.61599636765,4026693.4651545654
1628842081431772188,352786.44211514236,4026693.6402302817
1628842081503745559,352786.3576953858,4026693.763431307
1628842081635620177,352786.2183205475,4026693.992853021
1628842081713838437,352786.15600733727,4026694.1904474
1628842081839704798,352786.0693388518,4026694.409390923
1628842081905699403,352786.0293821174,4026694.5901257424
1628842082043838199,352785.9654594015,4026694.8384683025
1628842082109572634,352785.94296909985,4026694.94084143
1628842082235836924,352785.9187272391,4026695.2167083374
1628842082307694717,352785.903596618,4026695.329271479
1628842082445702575,352785.9006944048,4026695.5167620317
1628842082505818224,352785.89728843817,4026695.600072868
1628842082637848713,352785.8987005889,4026695.7675924106
1628842082709583913,352785.9152960639,4026695.8157729316
1628842082835756813,352785.92642246606,4026695.941684039
1628842082907731355,352785.9490466356,4026695.9693150977
1628842083034002841,352785.9606271421,4026696.050112964
1628842083105833606,352785.9677044595,4026696.083196237
1628842083237758526,352785.9972266515,4026696.1647878923
1628842083309717506,352786.0051092585,4026696.1788142836
1628842083441572247,352786.0247659967,4026696.2374409637
1628842083507809246,352786.026619824,4026696.234296633
1628842083639812008,352786.0271653482,4026696.210727507
1628842083711689559,352786.0404294213,4026696.2433394436
1628842083831713935,352786.0403630126,4026696.214287485
1628842083969829667,352786.04312945576,4026696.306160541
1628842084041837676,352786.0434324415,4026696.2997466233
1628842084113625414,352786.04383568256,4026696.2920492482
1628842084239754860,352786.0506634745,4026696.3302027415
1628842084371715819,352786.0480493072,4026696.321824205
1628842084443732706,352786.0623855235,4026696.3304308183
1628842084575711409,352786.06139653805,4026696.322512956
1628842084635631016,352786.0604191104,4026696.318867409
1628842084767670949,352786.06762375694,4026696.3369947257
1628842084845593663,352786.0663205225,4026696.332133998
1628842084971814351,352786.06905728567,4026696.329768132
1628842085043812525,352786.06738307787,4026696.325524065
1628842085175691618,352786.0732794757,4026696.3483733754
1628842085247635801,352786.0716415555,4026696.346264949
1628842085379548870,352786.0685997049,4026696.3423493016
1628842085433828478,352786.0765514796,4026696.3595483834
1628842085565834988,352786.0730520201,4026696.3556405115
1628842085649727337,352786.0831018217,4026696.3670055354
1628842085775695185,352786.08008485404,4026696.3645543256
1628842085835818601,352786.07868092356,4026696.362747103
1628842085967829490,352786.0870842278,4026696.37688672
1628842086039707535,352786.08548259543,4026696.3769139335
1628842086183711804,352786.0930408726,4026696.388016111
1628842086237701478,352786.0920798923,4026696.38803244
1628842086369586080,352786.0891054353,4026696.3880829806
1628842086435803374,352786.100703993,4026696.3963088584
1628842086579709276,352786.0985684839,4026696.3963451437
1628842086639691835,352786.1104934468,4026696.4076172686
1628842086771566639,352786.1087845843,4026696.4031296493
1628842086849826733,352786.1072633551,4026696.3971129437
1628842086981699801,352786.107251055,4026696.3936951426
1628842087041730270,352786.10541512433,4026696.3862189227
1628842087173556339,352786.1028739591,4026696.374054921
1628842087239787704,352786.0992158684,4026696.360811252
1628842087377691758,352786.090837704,4026696.3301915163
1628842087443702499,352786.08754600096,4026696.317857162
1628842087569726817,352786.0779134585,4026696.2762722783
1628842087647624721,352786.0741231155,4026696.2597349165
1628842087773582761,352786.0647454257,4026696.210699326
1628842087845669328,352786.0601552032,4026696.1830059877
1628842087971782758,352786.05121306673,4026696.1380523993
1628842088043690526,352786.0469678976,4026696.1082169414
1628842088175596226,352786.03745396144,4026696.0592447
1628842088247760939,352786.03317043104,4026696.0271515665
1628842088367644379,352786.0257685842,4026695.968682874
1628842088445676819,352786.0251728843,4026695.9381140107
1628842088583823148,352786.01915316714,4026695.867597762
1628842088715798425,352786.0158983786,4026695.8062509536
1628842088775834500,352786.01399678836,4026695.775154957
1628842088913736515,352786.00955012604,4026695.7074196306
1628842088979695254,352786.0080750411,4026695.6744853095
1628842089111860944,352786.004751796,4026695.596537901
1628842089177778376,352786.00225845247,4026695.5782084614
1628842089321668441,352786.0017996257,4026695.496428156
1628842089369693278,352786.00204391265,4026695.465906058
1628842089519594011,352786.00320498017,4026695.4058270054
1628842089579555952,352786.00362015166,4026695.369198413
1628842089717784281,352786.01423773717,4026695.309813185
1628842089777812120,352786.0170629864,4026695.273143641
1628842089909690313,352786.029783941,4026695.211830561
1628842089969690658,352786.0344587269,4026695.174458196
1628842090107796054,352786.04665847553,4026695.083368454
1628842090179776722,352786.03911909065,4026695.042846653
1628842090311708690,352786.05139066104,4026694.950596007
1628842090383680279,352786.06009904353,4026694.8991778856
1628842090509814951,352786.071288527,4026694.8222656376
1628842090581826250,352786.08237647754,4026694.770807084
1628842090713682601,352786.10645395506,4026694.6926992754
1628842090773690147,352786.1181776852,4026694.6481269756
1628842090923652243,352786.1443117793,4026694.521338613
1628842090983596090,352786.15856257326,4026694.4737326144
1628842091121803250,352786.1964418591,4026694.362003659
1628842091175694994,352786.2049769417,4026694.296794369
1628842091313715078,352786.2480725172,4026694.1804601243
1628842091385535946,352786.27170634957,4026694.1202433733
1628842091511790688,352786.3058433237,4026694.014559523
1628842091571791751,352786.3289511453,4026693.9628967345
1628842091721566644,352786.3694632219,4026693.841784552
1628842091781706153,352786.3986289436,4026693.7811686276
1628842091913806287,352786.45986706676,4026693.6828368856
1628842091979549728,352786.488253249,4026693.6329154884
1628842092117540876,352786.5580835815,4026693.5167373437
1628842092177690953,352786.5946982925,4026693.4688734245
1628842092321680616,352786.67009311024,4026693.358704322
1628842092375870450,352786.70293454966,4026693.3123693783
1628842092519691710,352786.78604684386,4026693.211895926
1628842092651695630,352786.86581920483,4026693.1195969977
1628842092717666504,352786.90563185746,4026693.074059143
1628842092849561902,352786.9796588066,4026692.994736414
1628842092915812054,352787.0189738576,4026692.945056572
1628842093047789050,352787.0931106946,4026692.8659150843
1628842093119583335,352787.133743352,4026692.824635811
1628842093251559507,352787.2291083522,4026692.733170593
1628842093323567370,352787.27392051055,4026692.691820305
1628842093437760940,352787.3521807473,4026692.624571793
1628842093516054403,352787.4059855825,4026692.577270298
1628842093653680700,352787.5005678302,4026692.5178622296
1628842093719678082,352787.5503903016,4026692.479539642
1628842093851800176,352787.64666479744,4026692.4110695096
1628842093923680692,352787.6993111879,4026692.406940077
1628842094055690384,352787.8014727222,4026692.3481966965
1628842094121656484,352787.8570065887,4026692.3173455186
1628842094253560472,352787.9647365453,4026692.307946601
1628842094313551465,352788.01242901525,4026692.283454321
1628842094451799553,352788.12734527246,4026692.2264473736
1628842094523671156,352788.1841301071,4026692.205462758
1628842094649535621,352788.2838939068,4026692.1690382264
1628842094721792995,352788.3464637233,4026692.1472839215
1628842094853786997,352788.4438835049,4026692.1138899783
1628842094925561787,352788.48760912375,4026692.0804317878
1628842095045681163,352788.56685116177,4026692.052107508
1628842095123636905,352788.6106849286,4026692.038484147
1628842095244897007,352788.6840413953,4026691.9924373887
1628842095317024466,352788.72182050266,4026691.97897794
1628842095448877094,352788.8110045565,4026691.9745328794
1628842095514924332,352788.84530732385,4026691.9657101897
1628842095658773669,352788.90784621565,4026691.9582998506
1628842095718888099,352788.9340956523,4026691.9514450743
1628842095856867183,352788.9738276802,4026691.9424691005
1628842095916911376,352789.0025058645,4026691.942958401
1628842096048923510,352789.0271795895,4026691.9376562955
1628842096126672687,352789.03597516206,4026691.9353705915
1628842096246937725,352789.0658446109,4026691.9341306454
1628842096318908639,352789.0698672717,4026691.9302170365
1628842096456833682,352789.0805319519,4026691.937360139
1628842096522838694,352789.0843243289,4026691.935159446
1628842096654725555,352789.06125034334,4026691.956486811
1628842096726855760,352789.06285197655,4026691.9564595977
1628842096852884484,352789.0651857826,4026691.9564199424
1628842096930924200,352789.05835084047,4026691.9681328954
1628842097051007935,352789.05373698164,4026691.9677840397
1628842097182987318,352789.04483967286,4026691.97306223
1628842097254990134,352789.04033406754,4026691.9710025284
1628842097321033939,352789.03447059065,4026691.9680503607
1628842097453075308,352789.01725559146,4026691.966023499
1628842097584927846,352788.99148134195,4026691.948761023
1628842097657531600,352788.97384871216,4026691.944604999
1628842097795549637,352788.924918205,4026691.905213728
1628842097855782837,352788.9016839004,4026691.8838797268
1628842097981520090,352788.8477093217,4026691.843963802
1628842098053687040,352788.80710419326,4026691.8042479656
1628842098191679358,352788.7276999403,4026691.7278374033
1628842098257541855,352788.6823818607,4026691.6801449084
1628842098389539946,352788.5917123712,4026691.579206219
1628842098461531727,352788.5308228231,4026691.523843635
1628842098587668029,352788.4278415179,4026691.397845279
1628842098647668292,352788.3699125092,4026691.3434089664
1628842098779549870,352788.25739925297,4026691.194317895
1628842098857820248,352788.1873353563,4026691.0929070236
1628842098989541626,352788.0613343897,4026690.905226296
1628842099049643632,352788.0100761751,4026690.809660521
1628842099181529967,352787.8841960126,4026690.605742195
1628842099259742758,352787.8158296194,4026690.4614552855
1628842099397715954,352787.66811763437,4026690.186740057
1628842099451667825,352787.623269779,4026690.084107271
1628842099583664548,352787.50584381755,4026689.803933541
1628842099655576117,352787.4299717107,4026689.650740853
1628842099787776375,352787.3041328795,4026689.320843743
1628842099853664060,352787.25109238026,4026689.1733667064
1628842099985672209,352787.1121063174,4026688.816837194
1628842100051639321,352787.0502825872,4026688.6283712042
1628842100195539457,352786.92408756714,4026688.229021301
1628842100255636921,352786.87467988755,4026688.054687782
1628842100387543986,352786.7690940413,4026687.6658520936
1628842100459683327,352786.704681805,4026687.4229250317
1628842100591750747,352786.6017261931,4026687.0137807378
1628842100657544945,352786.52156961185,4026686.819461624
1628842100783779872,352786.4109315886,4026686.3928084923
1628842100855603530,352786.35012187844,4026686.158060067
1628842100993657188,352786.22805644025,4026685.7117034015
1628842101053661842,352786.1749334382,4026685.5045957034
1628842101185778877,352786.0495334859,4026685.048774098
1628842101257655326,352785.9852020544,4026684.798033074
1628842101395581546,352785.8633605108,4026684.322650041
1628842101455639281,352785.7815195422,4026684.057039109
1628842101587599273,352785.65545038105,4026683.563630767
1628842101659432827,352785.5650687985,4026683.2838825565
1628842101797656035,352785.4326245644,4026682.729577163
1628842101917659276,352785.3134803482,4026682.219876647
1628842101989660777,352785.24788673373,4026681.928079917
1628842102133527429,352785.119139755,4026681.330956058
1628842102199638592,352785.0160796158,4026681.024323343
1628842102331661348,352784.89589410624,4026680.446158251
1628842102391652849,352784.8419982948,4026680.173816318
1628842102535547840,352784.74131545826,4026679.4934509383
1628842102589811727,352784.6918503563,4026679.207087017
1628842102727694591,352784.5453738733,4026678.5085175815
1628842102787709471,352784.49649792106,4026678.209234561
1628842102931519586,352784.3647128962,4026677.5015652906
1628842102991570640,352784.3161485773,4026677.1927858936
1628842103135554412,352784.2127855704,4026676.456160445
1628842103189790142,352784.1806172775,4026676.132636948
1628842103333525138,352784.0935041512,4026675.361890986
1628842103393519797,352784.05620177696,4026675.0253625256
1628842103531763160,352783.9636401514,4026674.17551507
1628842103591771819,352783.93384861154,4026673.8230506927
1628842103729876770,352783.84825939854,4026672.9480295307
1628842103801651768,352783.8162150216,4026672.5195527067
1628842103933751833,352783.7411300385,4026671.683538109
1628842103981755675,352783.7143695363,4026671.365782173
1628842104137654842,352783.6366426798,4026670.3958386746
1628842104191736883,352783.6136768827,4026669.992506973
1628842104330065683,352783.5494929999,4026669.059015933
1628842104395523432,352783.5223827077,4026668.6524281963
1628842104533716672,352783.45155490225,4026667.700586691
1628842104599645079,352783.42636558216,4026667.283132443
1628842104725648132,352783.33833551034,4026666.356058627
1628842104785644837,352783.3130498261,4026665.9284435404
1628842104935727187,352783.1849161496,4026664.809788085
1628842104995750611,352783.15782413207,4026664.3719496625
1628842105127657922,352783.10392892116,4026663.4198814863
1628842105193943855,352783.0542559918,4026662.904880646
1628842105331555674,352782.99743593764,4026661.9647641703
1628842105391509800,352782.96969423693,4026661.5335897
1628842105535694157,352782.83888883004,4026660.398683064
1628842105589515190,352782.8139287963,4026660.040521296
1628842105739512000,352782.750197663,4026658.9020030093
1628842105859764252,352782.69158414647,4026658.0520975455
1628842105931636932,352782.64955889,4026657.4932955806
1628842106063642042,352782.5848462604,4026656.5852655093
1628842106129654326,352782.5500809001,4026656.1017195173
1628842106261500349,352782.490382466,4026655.1430665287
1628842106333557328,352782.456057256,4026654.6683632624
1628842106459749580,352782.40699085436,4026653.7023579017
1628842106531631927,352782.37089659943,4026653.2366874907
1628842106657839517,352782.31496805546,4026652.2224277854
1628842106729772099,352782.27685535525,4026651.7618881697
1628842106861754811,352782.201824137,4026650.9182737153
1628842106933510697,352782.17556548514,4026650.3588681566
1628842107060914035,352782.0960816118,4026649.530679887
1628842107138713510,352782.05293914175,4026649.090214993
1628842107264668881,352782.02606165997,4026648.1765065896
1628842107336559723,352781.9806072293,4026647.7454499896
1628842107462909164,352781.9194345462,4026646.9532669424
1628842107534795646,352781.87368883996,4026646.536497692
1628842107661046180,352781.7957818897,4026645.7948315307
1628842107732671066,352781.74836014444,4026645.391671245
1628842107858801257,352781.6641873754,4026644.712276609
1628842107936786876,352781.6187915548,4026644.3394472576
1628842108068726512,352781.52853396244,4026643.63958692
1628842108134676524,352781.48154338636,4026643.2707825187
1628842108266671925,352781.4023120868,4026642.8247356955
1628842108332815135,352781.35629520775,4026642.4809089475
1628842108465776735,352781.2334942848,4026641.9158805446
1628842108537642069,352781.1875611888,4026641.5904546957
1628842108657639395,352781.1038286007,4026640.9872558983
1628842108735756072,352781.0564166279,4026640.631367751
1628842108867789412,352780.98443120555,4026640.0693822047
1628842108939632709,352780.97045517946,4026639.707524245
1628842109065668622,352780.91315323475,4026639.1709853113
1628842109131633154,352780.88845078246,4026638.92945877
1628842109269738476,352780.86235299887,4026638.2897272543
1628842109335564685,352780.8430338717,4026638.0552199194
1628842109461624164,352780.75467761175,4026637.4950994793
1628842109533526094,352780.7374204593,4026637.2221044963
1628842109659633189,352780.7161076188,4026636.80650703
1628842109737714654,352780.70123663463,4026636.5006341916
1628842109863493697,352780.6802498761,4026636.0449611205
1628842109941634174,352780.699897665,4026635.829170568
1628842110061634646,352780.68553379516,4026635.3834253666
1628842110133606503,352780.6775440676,4026635.1251351554
1628842110259738795,352780.70946660935,4026634.7220915407
1628842110337509600,352780.69900060643,4026634.469824924
1628842110469649367,352780.706756772,4026633.941213857
1628842110541637856,352780.6932468399,4026633.691196253
1628842110661718668,352780.64552154375,4026633.2773598544
1628842110793754503,352780.59466720605,4026632.823048789
1628842110865633667,352780.5600841597,4026632.5810187426
1628842111003723297,352780.5009556753,4026632.0878463336
1628842111063611232,352780.45762928086,4026631.885302485
1628842111195596104,352780.381103869,4026631.4485481875
1628842111267618657,352780.3166488146,4026631.2192939343
1628842111405623431,352780.227834965,4026630.762454005
1628842111465634522,352780.1599508646,4026630.573846887
1628842111597488494,352779.99199428834,4026630.1709646746
1628842111663745042,352779.8932734207,4026629.938355849
1628842111807628104,352779.66152338794,4026629.5032014945
1628842111867552847,352779.5507261675,4026629.317764988
1628842111999585731,352779.3336007595,4026628.916267581
1628842112065728290,352779.1816256548,4026628.7086117924
1628842112209626880,352778.8764245536,4026628.2681746883
1628842112269608492,352778.71901186474,4026628.102390371
1628842112395669309,352778.3564730268,4026627.749201799
1628842112467621327,352778.1887782256,4026627.5179786175
1628842112599724548,352777.7813578849,4026627.1895092805
1628842112671598550,352777.5682631614,4026626.969555721
1628842112797746368,352777.1102301423,4026626.674234418
1628842112869599982,352776.85123826994,4026626.5233904473
1628842113001495063,352776.4045132733,4026626.2012348627
1628842113073622206,352776.1238497423,4026626.0644617206
1628842113199750808,352775.6022639028,4026625.7205066592
1628842113271625250,352775.29585927044,4026625.590884892
1628842113409740972,352774.68317667604,4026625.285221437
1628842113463532259,352774.4484108536,4026625.199701535
1628842113601727195,352773.76821110875,4026624.9640949466
1628842113667893216,352773.42949745315,4026624.8070983305
1628842113811607155,352772.69738396467,4026624.5909288814
1628842113871595177,352772.37139674294,4026624.50763052
1628842114003744776,352771.6903343594,4026624.2886099946
1628842114063723621,352771.3451869546,4026624.219919653
1628842114207516915,352770.5662648611,4026624.0192249194
1628842114273610232,352770.14218468266,4026623.953096636
1628842114405493047,352769.4917579002,4026623.795873341
1628842114471654956,352769.0587340969,4026623.74756698
1628842114603641298,352768.2390603875,4026623.676350686
1628842114663654300,352767.92696936615,4026623.6009036032
1628842114795618295,352767.0812087564,4026623.556894956
1628842114879500554,352766.54907731473,4026623.5387766464
1628842115005705776,352765.7515346708,4026623.4607757353
1628842115137595699,352764.86320888915,4026623.448496867
1628842115203650546,352764.4546579743,4026623.3588197674
1628842115335710611,352763.54818327446,4026623.3407458584
1628842115407720136,352763.11489050876,4026623.2864933643
1628842115539593252,352762.18941161607,4026623.2733507575
1628842115599597073,352761.7574515409,4026623.2687894204
1628842115749481876,352760.7483344204,4026623.2003964754
1628842115809482495,352760.3118435858,4026623.193196107
1628842115947536679,352759.4138962989,4026623.1148573547
1628842116001616998,352758.9816160958,4026623.1094165756
1628842116139593132,352757.9858067851,4026623.0995448474
1628842116211553061,352757.40630304214,4026623.032304789
1628842116337732946,352756.4908812848,4026623.0201820745
1628842116397694203,352755.9439178746,4026623.0235569673
1628842116547486954,352754.9627596107,4026623.0237516654
1628842116613472959,352754.4788402325,4026623.0251702177
1628842116739717918,352753.4319611539,4026623.03591204
1628842116799735577,352753.01895100717,4026623.0393910073
1628842116943612253,352751.92650993104,4026623.033908834
1628842117003496705,352751.5129105879,4026623.037733581
1628842117141742664,352750.5568704932,4026623.046199509
1628842117201589899,352750.00005182007,4026623.0658252286
1628842117345587923,352749.0534596304,4026623.082553706
1628842117405391089,352748.3427559334,4026623.1574688465
1628842117543613218,352747.3974668819,4026623.181743809
1628842117603641977,352746.99754415144,4026623.1948579326
1628842117741748242,352745.7034894458,4026623.31463075
1628842117813714716,352745.2423883092,4026623.3299444085
1628842117945612655,352744.196373176,4026623.4040889703
1628842118011531196,352743.81260734925,4026623.4233984463
1628842118143715582,352742.93751074607,4026623.468606426
1628842118215710939,352742.2762902069,4026623.5022752793
1628842118341999902,352741.4917261932,4026623.544235699
1628842118407481758,352741.0137648993,4026623.5254424093
1628842118545604038,352740.2087291237,4026623.574861573
1628842118611612558,352739.87403951236,4026623.5972128855
1628842118744734241,352739.0778135028,4026623.620938894
1628842118804737650,352738.74856616155,4026623.6438996634
1628842118954582735,352738.0900088935,4026623.6250937292
1628842119008631773,352737.7739636258,4026623.649172936
1628842119152618704,352737.08347793133,4026623.64244554
1628842119206591457,352736.7718110613,4026623.672767582
1628842119350631180,352736.0348136908,4026623.750144829
1628842119476503672,352735.43862020015,4026623.712700767
1628842119548606111,352734.9987787423,4026623.7552418527
1628842119668595772,352734.34944356896,4026623.7583439345
1628842119746526055,352733.95646515215,4026623.8074738854
1628842119866754022,352733.22930050036,4026623.9049786855
1628842119938715965,352732.8292899511,4026623.9245952824
1628842120076610796,352732.0690815853,4026624.0134454076
1628842120148706232,352731.6047255759,4026624.057196816
1628842120268724069,352730.8553632379,4026624.1629527505
1628842120346604943,352730.4017861895,4026624.2268459676
1628842120478644841,352729.5071709646,4026624.2862117095
1628842120550599779,352729.03662299924,4026624.340902379
1628842120670919312,352728.2465329406,4026624.4222040246
1628842120742721268,352727.75858861266,4026624.4803643283
1628842120886597224,352726.7571081191,4026624.593763054
1628842120940762867,352726.3422077255,4026624.6422283733
1628842121072597771,352725.3702660642,4026624.7501812517
1628842121144596335,352724.8331288739,4026624.8244674043
1628842121270883199,352723.815764979,4026624.929805059
1628842121342625243,352723.25657194504,4026624.98478214
1628842121474578550,352722.1823681954,4026625.1177588645
1628842121546599787,352721.60144542763,4026625.170816577
1628842121672704614,352720.4707911947,4026625.300480579
1628842121744719907,352719.86438047385,4026625.349546565
1628842121951451893,352718.09844688885,4026625.4618417607
1628842122083459406,352716.9172443412,4026625.5314821727
1628842122155697298,352716.1200355792,4026625.5871487884
1628842122281459491,352714.99224322295,4026625.6410192903
1628842122341635515,352714.3263716458,4026625.667658669
1628842122485574882,352712.96455381915,4026625.682294294
1628842122545572572,352712.3816887159,4026625.700076371
1628842122677752032,352711.10106789,4026625.751998226
1628842122749455797,352710.4126638479,4026625.772581662
1628842122881569488,352709.125706482,4026625.808986337
1628842122953595332,352708.3894724826,4026625.8235470178
1628842123079451765,352707.08737871575,4026625.859934654
1628842123145693356,352706.35087374505,4026625.8441957817
1628842123277745786,352705.0463318274,4026625.8747964143
1628842123349571256,352704.3477747194,4026625.890517476
1628842123481462450,352702.97760412353,4026625.8877183287
1628842123547742762,352702.2842534287,4026625.9027406843
1628842123685631695,352700.847796177,4026625.901435013
1628842123745613727,352700.2581348706,4026625.9143590196
1628842123883572545,352698.9860439456,4026625.9402889414
1628842124009707184,352697.6596811457,4026625.947457656
1628842124087356911,352696.9802083551,4026625.9638619474
1628842124147981500,352696.2322838105,4026625.9603116415
1628842124285594349,352694.97852974804,4026625.991423631
1628842124417571213,352693.6740329533,4026625.9959628703
1628842124483498395,352693.012309315,4026626.0116994893
1628842124609693952,352691.80126465904,4026626.040224207
1628842124669608316,352691.1838093393,4026626.0230118684
1628842124813569222,352689.91362976696,4026626.053671428
1628842124885451540,352689.2883895043,4026626.0685744095
1628842125011726245,352688.07090402296,4026626.0664775698
1628842125083689012,352687.462549045,4026626.0837486563
1628842125209622166,352686.2622973215,4026626.0740042245
1628842125287598248,352685.6714090553,4026626.088353914
1628842125413687006,352684.5036117946,4026626.0902956137
1628842125485684554,352683.92995457526,4026626.1040167487
1628842125611487698,352682.9660683434,4026626.1257462753
1628842125683629009,352682.25932229974,4026626.113928562
1628842125815581576,352681.2559814259,4026626.1340402816
1628842125881433593,352680.8029353261,4026626.1429947526
1628842126013626176,352679.70030568936,4026626.1332698273
1628842126079564353,352679.2659705628,4026626.1424860694
1628842126217585831,352678.21567839535,4026626.113133388
1628842126277582663,352677.80128274194,4026626.121278232
1628842126409446763,352676.86778664525,4026626.1050766725
1628842126481562200,352676.4070831459,4026626.114161578
1628842126613555463,352675.5757850274,4026626.1301889047
1628842126679576816,352675.0982444732,4026626.0930813137
1628842126817667539,352674.254082445,4026626.1081373044
1628842126889703393,352673.84438079526,4026626.1159583763
1628842127021578742,352673.09323537746,4026626.0863109385
1628842127081437754,352672.7583846871,4026626.092004785
1628842127207594293,352672.0093516137,4026626.0824938966
1628842127285452496,352671.6318208806,4026626.0889135296
1628842127417596997,352670.8644902262,4026626.08371173
1628842127477622481,352670.5510228212,4026626.0906900233
1628842127615427500,352669.8813681257,4026626.1048237486
1628842127681578572,352669.496655997,4026626.098090274
1628842127819707805,352668.80734365515,4026626.1137180366
1628842127879448470,352668.5633373371,4026626.1210411415
1628842128011601316,352667.8885904966,4026626.1174696377
1628842128083575805,352667.54534368694,4026626.126510847
1628842128215577412,352666.93087849766,4026626.109279906
1628842128353701495,352666.24537306034,4026626.1190752387
1628842128413677057,352665.9543449114,4026626.092529611
1628842128551675612,352665.25256182544,4026626.110567012
1628842128629458193,352664.89702857437,4026626.1167044244
1628842128761558102,352664.2353126181,4026626.068294348
1628842128815678540,352663.9165406363,4026626.06840499
1628842128953593840,352663.1559025238,4026626.0368446135
1628842129013592311,352662.81554417475,4026626.038085328
1628842129157655980,352662.0077219952,4026626.011569429
1628842129217698330,352661.63860634645,4026626.012170052
1628842129355625485,352660.7512436354,4026626.011695926
1628842129415616711,352660.4022563258,4026625.986441291
1628842129553659816,352659.4756452448,4026625.9839186375
1628842129613779392,352659.0664182005,4026625.981966588
1628842129757677456,352658.14123142173,4026625.948352568
1628842129817588512,352657.7086152634,4026625.943807572
1628842129955571849,352656.78225672944,4026625.918453474
1628842130021433521,352656.2530517335,4026625.9172296305
1628842130159649532,352655.1781251207,4026625.9125604513
1628842130225445635,352654.70650351053,4026625.913073528
1628842130357613468,352653.58553458576,4026625.923164782
1628842130417597624,352653.0459591786,4026625.8881509993
1628842130561690738,352651.8728059636,4026625.9017544887
1628842130627466114,352651.3575940572,4026625.9086854095
1628842130765429939,352650.13380928827,4026625.8807302313
1628842130807608881,352649.691703707,4026625.88522775
1628842130957711205,352648.32400942454,4026625.916819388
1628842131017700195,352647.7801621504,4026625.930280082
1628842131161608433,352646.4664773776,4026625.9311068994
1628842131221594295,352645.90829248796,4026625.9430720275
1628842131353568104,352644.6816874712,4026625.975377535
1628842131419842886,352643.9597754255,4026625.9564355267
1628842131551677651,352642.70498621505,4026625.991295878
1628842131611680559,352642.12000710005,4026626.006799271
1628842131755541868,352640.6796151154,4026626.0433212123
1628842131821724245,352639.9805789082,4026626.064976099
1628842131959445411,352638.63244853576,4026626.084181929
1628842132019562705,352638.0229653351,4026626.103306755
1628842132163609585,352636.4407981867,4026626.143644565
1628842132229430124,352635.82200095814,4026626.164179197
1628842132355567863,352634.47401021264,4026626.2095372025
1628842132487695245,352633.0353500565,4026626.2653488354
1628842132559550440,352632.30164350296,4026626.2903711773
1628842132685611268,352630.85188189073,4026626.3322116574
1628842132757577568,352630.1208935164,4026626.3555704984
1628842132895666454,352628.570582994,4026626.3957646284
1628842132955657244,352627.9453542831,4026626.414944359
1628842133087615712,352626.59227573406,4026626.4554157015
1628842133159545465,352625.7948140014,4026626.4710858907
1628842133285668111,352624.4456695902,4026626.515000218
1628842133357676499,352623.7207409148,4026626.539385691
1628842133483541578,352622.4263405289,4026626.558046324
1628842133555595198,352621.6001904395,4026626.5843063365
1628842133693418606,352620.21240991616,4026626.5599079076
1628842133759664328,352619.49228956574,4026626.576338307
1628842133885421410,352618.2615389369,4026626.6053305822
1628842133957586336,352617.3914573339,4026626.5802746285
1628842134089633158,352616.0670772846,4026626.6071672286
1628842134161564625,352615.3045154664,4026626.586325057
1628842134293440089,352613.97479162394,4026626.61660482
1628842134353683988,352613.3573399179,4026626.6301295566
1628842134491602128,352611.8706702725,4026626.5886461125
1628842134569409914,352611.1459439661,4026626.5998149123
1628842134689665103,352609.7620917039,4026626.585696923
1628842134761678530,352609.03663943836,4026626.597244464
1628842134887458353,352607.7921359398,4026626.6160655553
1628842134959587625,352606.9263780648,4026626.6155651016
1628842135085540937,352605.680007654,4026626.6466254448
1628842135163689139,352604.7955053488,4026626.6241659606
1628842135295660305,352603.4473349032,4026626.657172074
1628842135367423402,352602.7229983718,4026626.6751099383
1628842135487429693,352601.44422046776,4026626.647029053
1628842135565552661,352600.62077871815,4026626.6638759733
1628842135697640956,352599.24714984535,4026626.6228825063
1628842135763481236,352598.63279834425,4026626.6338835945
1628842135895576978,352597.1664093543,4026626.6329212077
1628842135955617130,352596.55078276497,4026626.644310351
1628842136094127123,352595.11800755246,4026626.6693576006
1628842136165662421,352594.3608041058,4026626.6729015233
1628842136285662124,352593.14000577584,4026626.696753617
1628842136363666820,352592.43001220963,4026626.71112186
1628842136489550371,352591.08872505766,4026626.7756294142
1628842136567598072,352590.2852200044,4026626.7966242656
1628842136687674100,352589.0347025908,4026626.851195367
1628842136765574980,352588.2417946764,4026626.87445155
1628842136885719436,352587.0620860459,4026626.9081341065
1628842136964565861,352586.3284084241,4026626.9563840353
1628842137090642837,352585.06603434915,4026626.993853749
1628842137222566646,352583.77195729775,4026627.0638153786
1628842137300530569,352583.0149252226,4026627.0864005983
1628842137360745198,352582.4531898404,4026627.1031299974
1628842137492525210,352581.2082562225,4026627.1863551624
1628842137624555727,352580.0242923746,4026627.224627744
1628842137690585403,352579.36158622825,4026627.272311574
1628842137834724800,352578.12082058325,4026627.313534561
1628842137888966986,352577.56072699255,4026627.3388729324
1628842138020655375,352576.44214444724,4026627.3762471573
1628842138092659792,352575.84965033206,4026627.3948736633
1628842138224554340,352574.7231186642,4026627.4385479996
1628842138296428289,352574.14922639786,4026627.4492286067
1628842138428549821,352573.06493608176,4026627.4735684316
1628842138494649966,352572.50941653317,4026627.475391489
1628842138626450753,352571.49332550913,4026627.4671680466
1628842138698552905,352570.94152776006,4026627.4366398505
1628842138824533937,352569.9607268036,4026627.39870194
1628842138896420614,352569.4247548772,4026627.3782196254
1628842139034565961,352568.40701848664,4026627.3091716855
1628842139094575838,352567.9788427309,4026627.273274677
1628842139226556616,352567.03111049463,4026627.2293116706
1628842139298664055,352566.5498190751,4026627.1798530454
1628842139424706564,352565.6496010885,4026627.098246462
1628842139496659847,352565.1851705116,4026627.0335777043
1628842139622848517,352564.3324045441,4026626.889151246
1628842139700392988,352563.85384707554,4026626.804886263
1628842139832398749,352563.0082692228,4026626.604062454
1628842139892426487,352562.6214201943,4026626.4986749236
1628842140030524569,352561.71571294445,4026626.2612762963
1628842140096591733,352561.27996589575,4026626.1104251402
1628842140228555047,352560.4636720449,4026625.8264300297
1628842140288552444,352560.09863420046,4026625.6667766883
1628842140420657169,352559.31838243396,4026625.2896683407
1628842140498609222,352558.85452353035,4026625.0218930054
1628842140630544636,352558.1198075932,4026624.5626184023
1628842140690547945,352557.7911352806,4026624.3216872755
1628842140822387917,352557.1115942283,4026623.7907636506
1628842140900640827,352556.6732750394,4026623.438568312
1628842141020591077,352556.0936604659,4026622.8745107367
1628842141092774953,352555.7669911763,4026622.5289299455
1628842141224423701,352555.1719192381,4026621.834823683
1628842141290625843,352554.88077362534,4026621.4517421476
1628842141434539337,352554.28005606716,4026620.6159759783
1628842141494544852,352554.0524155111,4026620.2580287005
1628842141632414278,352553.58915029623,4026619.447755838
1628842141704623871,352553.2849806873,4026618.8982983152
1628842141836518136,352552.8556611881,4026618.0313252294
1628842141962575322,352552.4559880218,4026617.086331959
1628842142022581547,352552.286899688,4026616.6615304723
1628842142166392911,352551.9011550147,4026615.5989585384
1628842142232624164,352551.726798004,4026615.076161922
1628842142364673986,352551.42487688165,4026614.0742675904
1628842142424585679,352551.32953175844,4026613.548173199
1628842142568410012,352551.0796281171,4026612.4128235155
1628842142628416692,352550.98226250045,4026611.920424848
1628842142772430336,352550.77127747383,4026610.6924316464
1628842142832416412,352550.68674582057,4026610.186691838
1628842142976515026,352550.5025947598,4026608.8732188735
1628842143024564716,352550.44690455217,4026608.4394074166
1628842143168611765,352550.3466170401,4026607.1279863035
1628842143228641441,352550.2939556056,4026606.594207422
1628842143372403879,352550.1815816036,4026605.338260072
1628842143438512893,352550.1815720098,4026604.638360788
1628842143570391793,352550.11264653807,4026603.4483558205
1628842143630406858,352550.0835348165,4026602.8907383583
1628842143768570783,352550.0497785567,4026601.5168743837
1628842143834527223,352550.0308020259,4026600.9433371606
1628842143966868257,352550.0232064753,4026599.534084892
1628842144032449298,352550.01618998224,4026598.960405168
1628842144170684669,352550.02781714627,4026597.540236027
1628842144236449283,352550.0381487989,4026596.938733851
1628842144374503409,352550.07662324887,4026595.518138342
1628842144434395333,352550.1082283409,4026594.868421935
1628842144572627287,352550.17496787617,4026593.439258149
1628842144638401962,352550.20974610234,4026592.8235763316
1628842144764532086,352550.28785556345,4026591.3990408997
1628842144824519535,352550.33301968995,4026590.7732029567
1628842144974428551,352550.4619749623,4026589.144552466
1628842145040640079,352550.52369142696,4026588.408262921
1628842145172542372,352550.66460653767,4026586.9605636573
1628842145232544201,352550.7248972468,4026586.3251908324
1628842145376516505,352550.8716926088,4026584.8392745503
1628842145430731769,352550.95413783507,4026584.1321431426
1628842145574630669,352551.1181147562,4026582.630126163
1628842145706409485,352551.2986191707,4026581.1650293507
1628842145778401537,352551.39015720226,4026580.411203289
1628842145898440317,352551.56492235174,4026579.060738152
1628842145976602884,352551.6785631125,4026578.196243971
1628842146108529074,352551.87144373776,4026576.793101702
1628842146174536274,352551.9751999567,4026575.9718060982
1628842146300524974,352552.1653413407,4026574.674882524
1628842146366526654,352552.27893599565,4026573.9188500545
1628842146510494408,352552.5155240182,4026572.3422017214
1628842146576472146,352552.61925146857,4026571.6931501175
1628842146696550636,352552.87639843835,4026570.223544718
1628842146768504054,352553.00571446866,4026569.4660240095
1628842146900412912,352553.2767523188,4026568.0093049766
1628842146978607028,352553.4308654403,4026567.1452207533
1628842147098546721,352553.66768820246,4026565.853118152
1628842147170502755,352553.81622972514,4026565.0543456846
1628842147302382981,352554.0857171449,4026563.657132629
1628842147374403041,352554.2331374822,4026562.9072385416
1628842147500643782,352554.53359251167,4026561.471961406
1628842147572516608,352554.68927975354,4026560.725466736
1628842147710517242,352555.0202599419,4026559.186671985
1628842147770648181,352555.1585524306,4026558.549544607
1628842147902640046,352555.4787859896,4026557.141366614
1628842147974522199,352555.64772610774,4026556.4007500447
1628842148100563508,352555.9599590222,4026555.0299096503
1628842148172505514,352556.13732173067,4026554.2480420466
1628842148310391400,352556.46019863227,4026552.8875797736
1628842148376397925,352556.6363084987,4026552.1576140733
1628842148502559507,352556.9887681199,4026550.7709522787
1628842148580422415,352557.1730087132,4026550.0489355004
1628842148706382560,352557.5387169274,4026548.6732789045
1628842148772621772,352557.732146831,4026547.9532725466
1628842148910646420,352558.09977728303,4026546.600899015
1628842148976517400,352558.2954519871,4026545.8890638123
1628842149108438558,352558.66274871957,4026544.576247299
1628842149168395551,352558.8490645961,4026543.9438876044
1628842149306644941,352559.2554579826,4026542.5380889378
1628842149378519131,352559.46195560903,4026541.8363846797
1628842149504707514,352559.87050490064,4026540.5285731214
1628842149576520564,352560.0831181924,4026539.8347605285
1628842149708399699,352560.49649339577,4026538.5236014663
1628842149774409016,352560.683162112,4026537.9352732673
1628842149900515516,352561.0978437049,4026536.6399003314
1628842149978507908,352561.35032040766,4026535.8658795934
1628842150104842958,352561.7615753884,4026534.6219878052
1628842150176606192,352562.009805587,4026533.926592631
1628842150308645593,352562.4246731929,4026532.706687579
1628842150440497953,352562.86297543405,4026531.4758856012
1628842150512427110,352563.08856952784,4026530.834709368
1628842150572407507,352563.28185656475,4026530.289176908
1628842150698640879,352563.7164020131,4026529.097623998
1628842150836381248,352564.1300721264,4026527.9400266297
1628842150914510620,352564.3980836796,4026527.212708842
1628842151040484524,352564.80437888944,4026526.079010515
1628842151100546125,352564.9902250926,4026525.5606741663
1628842151232518205,352565.42058411497,4026524.4440837293
1628842151310643206,352565.6660709694,4026523.7667715056
1628842151442615448,352566.0816982737,4026522.670360023
1628842151502671305,352566.2624112991,4026522.1713679032
1628842151640550957,352566.6805504302,4026521.0163192037
1628842151712517683,352566.91563585575,4026520.4468819583
1628842151844771586,352567.2986171328,4026519.384931527
1628842151904623971,352567.4862626837,4026518.898791619
1628842152036523215,352567.86044313456,4026517.841507634
1628842152114666842,352568.0881874979,4026517.192146692
1628842152246384087,352568.4703700266,4026516.1585611226
1628842152306382889,352568.63856799575,4026515.6772993384
1628842152438503934,352569.00690936967,4026514.651670364
1628842152516489678,352569.22699359595,4026514.0220018276
1628842152636488910,352569.55299176683,4026513.076104417
1628842152708508012,352569.7395599424,4026512.5427715974
1628842152834618035,352570.081724782,4026511.51035533
1628842152906591250,352570.2729938491,4026510.9770951304
1628842153044575540,352570.6415213143,4026509.874496751
1628842153110383109,352570.79513446975,4026509.4059040067
1628842153236597587,352571.13448945753,4026508.3769231043
1628842153308608799,352571.31420090096,4026507.8297908045
1628842153446542203,352571.67302808363,4026506.7417620244
1628842153506563867,352571.8303935216,4026506.2605320546
1628842153638657405,352572.1738621188,4026505.215032028
1628842153710355236,352572.36038924643,4026504.6810591086
1628842153848520761,352572.73688450677,4026503.5624559363
1628842153902486509,352572.8649225165,4026503.158294598
1628842154040501005,352573.23286957503,4026502.041271247
1628842154112383834,352573.420182389,4026501.4853120507
1628842154238612039,352573.7669947052,4026500.437222228
1628842154310633292,352573.9570944836,4026499.878255383
1628842154448498958,352574.30275262333,4026498.843033298
1628842154514371450,352574.49574295076,4026498.283559518
1628842154640621674,352574.86007771734,4026497.2465548213
1628842154700604194,352575.0285288406,4026496.76577719
1628842154838381724,352575.40037142776,4026495.730597933
1628842154916499913,352575.6387744619,4026495.1013808846
1628842155048477463,352576.0233235918,4026494.066870487
1628842155174500478,352576.41324626206,4026493.0307122683
1628842155234498144,352576.5987073806,4026492.5542229586
1628842155390356961,352577.0743710054,4026491.3649316086
1628842155444622312,352577.2756848617,4026490.9018446454
1628842155576500955,352577.70632159855,4026489.8731115586
1628842155642635395,352577.9383727547,4026489.317154252
1628842155786625163,352578.4289824375,4026488.2117162375
1628842155846583646,352578.6451361391,4026487.7383669317
1628842155984522964,352579.15824037103,4026486.6420983686
1628842156044536433,352579.38792854047,4026486.171448533
1628842156188652108,352579.9165764714,4026485.0578560173
1628842156242838056,352580.15749221016,4026484.5870457
1628842156380411224,352580.6943889555,4026483.569047778
1628842156440489441,352580.94937653915,4026483.0948547185
1628842156578477654,352581.55863906245,4026482.0039084
1628842156650347631,352581.87854514195,4026481.4549099538
1628842156782369592,352582.47499017813,4026480.4482282833
1628842156842499540,352582.7569085731,4026479.985662211
1628842156986528998,352583.49796639313,4026478.836869983
1628842157052376202,352583.79560924333,4026478.3783699716
1628842157178617572,352584.4711752583,4026477.389049852
1628842157244425506,352584.78285786766,4026476.9342478346
1628842157448536410,352585.94488087733,4026475.375548109
1628842157580473413,352586.6689856925,4026474.4087181105
1628842157640493023,352587.0087408171,4026473.9644860877
1628842157790595643,352587.90067331836,4026472.8729731813
1628842157850516397,352588.2518098728,4026472.4322402547
1628842157982492089,352589.04092292755,4026471.490916167
1628842158042475660,352589.40196561476,4026471.053066558
1628842158180657911,352590.27221337403,4026470.0537514244
1628842158252741890,352590.7035285443,4026469.5472616316
1628842158384397044,352591.5102229344,4026468.6114981407
1628842158444477130,352591.9031024849,4026468.183055878
1628842158588394349,352592.77977644606,4026467.1883314694
1628842158642601221,352593.1851365906,4026466.7688018205
1628842158786447173,352594.0744579773,4026465.7856118134
1628842158846339331,352594.457412326,4026465.3657004554
1628842158984496011,352595.38030497445,4026464.400585955
1628842159116500642,352596.2229558567,4026463.5028775274
1628842159188490678,352596.6873066758,4026463.0260083354
1628842159314522125,352597.5375538824,4026462.1371125877
1628842159380486669,352597.93069440254,4026461.7293573758
1628842159518386004,352598.8813521605,4026460.7943804753
1628842159578348541,352599.2780289718,4026460.3917837436
1628842159716612267,352600.21028163633,4026459.4458284616
1628842159788498829,352600.67476847256,4026458.9787229425
1628842159908484098,352601.48362882086,4026458.1970699066
1628842159986616906,352602.01604589506,4026457.668932623
1628842160106572585,352602.8155808148,4026456.8790459223
1628842160190474761,352603.35469718435,4026456.330317211
1628842160316364374,352604.15565907815,4026455.5417796797
1628842160388475701,352604.6899428937,4026455.0175171234
1628842160520606375,352605.5808437095,4026454.146760278
1628842160586357966,352605.98222992965,4026453.7554669785
1628842160712466172,352606.87619212864,4026452.8924402846
1628842160790483672,352607.4106054986,4026452.375774683
1628842160922347257,352608.2919805396,4026451.529838704
1628842160988608637,352608.7586034818,4026451.0824119356
1628842161126350516,352609.62342694425,4026450.2555262065
1628842161186640288,352610.03236795164,4026449.86880437
1628842161324424417,352610.95574627945,4026448.9930400564
1628842161384428274,352611.3466880709,4026448.622798983
1628842161510622178,352612.1954064487,4026447.832229207
1628842161588356501,352612.63778598275,4026447.41631286
1628842161714475213,352613.48385427333,4026446.638575328
1628842161792481094,352613.9722813118,4026446.1830264176
1628842161919393232,352614.71976868197,4026445.4925382505
1628842161985703543,352615.1332323222,4026445.109737603
1628842162117848070,352615.889023073,4026444.415812366
1628842162195521645,352616.3822853286,4026443.971808706
1628842162315518195,352617.0619315314,4026443.3565418143
1628842162387827544,352617.45063860546,4026443.005595891
1628842162525820799,352618.23421230796,4026442.3105879454
1628842162591378137,352618.5536129608,4026442.0258852392
1628842162717512503,352619.2559147115,4026441.411301309
1628842162789465265,352619.6138986548,4026441.094875083
1628842162921388113,352620.2867148879,4026440.510425713
1628842162987680033,352620.6310597195,4026440.2120540147
1628842163107762401,352621.2102999174,4026439.7184614143
1628842163191460498,352621.600540783,4026439.3894930608
1628842163317656465,352622.2081054316,4026438.883608313
1628842163389753720,352622.53185193654,4026438.6157693164
1628842163509745141,352623.0857725405,4026438.1729621543
1628842163647755154,352623.71005516546,4026437.6811060915
1628842163719765930,352624.0195150378,4026437.429135352
1628842163791465650,352624.3262163233,4026437.1782491566
1628842163923656176,352624.884510072,4026436.743149816
1628842164049757734,352625.4500065649,4026436.2847648733
1628842164133497601,352625.7997543277,4026436.004398654
1628842164259650135,352626.3450272906,4026435.5932028205
1628842164313474521,352626.5680895721,4026435.4199426337
1628842164451646429,352627.17716350936,4026434.9722608654
1628842164523482812,352627.50388927397,4026434.7306473656
1628842164655465866,352628.08452338475,4026434.317171728
1628842164721349539,352628.37245019246,4026434.114335101
1628842164853742471,352629.0533066753,4026433.6419032346
1628842164919330321,352629.3324238568,4026433.4647600115
1628842165052057497,352630.03224993247,4026433.0023816978
1628842165117409890,352630.33571620774,4026432.805292884
1628842165250436151,352630.9845660465,4026432.401369049
1628842165328595581,352631.3955682507,4026432.142910771
1628842165460338917,352632.0548988306,4026431.761300506
1628842165526572490,352632.4178657434,4026431.540433397
1628842165652414095,352633.05532753444,4026431.1738742883
1628842165718590433,352633.42254536564,4026430.955330586
1628842165862322954,352634.15877209196,4026430.519479267
1628842165922445382,352634.4842603778,4026430.3450418697
1628842166048569353,352635.1729087252,4026429.943142336
1628842166126347519,352635.5445315206,4026429.725210466
1628842166252639273,352636.23760342586,4026429.3501373716
1628842166318495567,352636.61782835034,4026429.1373693775
1628842166450581327,352637.3193305278,4026428.7591469786
1628842166522613501,352637.6876906072,4026428.550334531
1628842166654457344,352638.3990396636,4026428.1697169454
1628842166720503871,352638.7868750908,4026427.9504566253
1628842166852474055,352639.5296519742,4026427.5534047894
1628842166924405178,352639.93265513383,4026427.3323911894
1628842167068464249,352640.7026573846,4026426.899689234
1628842167116377895,352640.9699746124,4026426.746444283
1628842167254459104,352641.766684132,4026426.3229929367
1628842167326363429,352642.1619148073,4026426.1114959004
1628842167464584740,352642.9641475718,4026425.680840054
1628842167524582640,352643.32033268444,4026425.4882415836
1628842167644588291,352644.02455476567,4026425.140720345
1628842167722483936,352644.4958666798,4026424.888073102
1628842167854575954,352645.2811211524,4026424.472919422
1628842167920334764,352645.6218572545,4026424.2798818657
1628842168058510066,352646.5087331614,4026423.8162466004
1628842168130456187,352646.96125487826,4026423.580230896
1628842168262463148,352647.7857941403,4026423.1692006984
1628842168394585173,352648.71128488635,4026422.7223347435
1628842168454563684,352649.11312709237,4026422.519163824
1628842168592342044,352649.9957682451,4026422.075666507
1628842168658441100,352650.4817214903,4026421.829774492
1628842168790326168,352651.3850881111,4026421.379348255
1628842168856610792,352651.8771832916,4026421.13571702
1628842169000463315,352652.8899507439,4026420.6402476304
1628842169060458979,352653.3218754295,4026420.429454669
1628842169192364524,352654.27614824084,4026419.9648725064
1628842169252371390,352654.7161309647,4026419.7523709144
1628842169396199222,352655.75226199115,4026419.2543530613
1628842169456717092,352656.28044229967,4026419.0115275476
1628842169600432134,352657.336639222,4026418.514450429
1628842169660447646,352657.80577409855,4026418.293457571
1628842169798563442,352658.88375351514,4026417.799565585
1628842169864453202,352659.3496432629,4026417.588729441
1628842169996394263,352660.3749483614,4026417.116256679
1628842170056599733,352660.84266602143,4026416.9088228075
1628842170194324321,352661.95948557835,4026416.4269967587
1628842170260512689,352662.5022290218,4026416.193506644
1628842170392556315,352663.50769591774,4026415.765759967
1628842170452542753,352663.99852051656,4026415.58376681
1628842170596455105,352665.080453989,4026415.1411090777
1628842170662588104,352665.662907298,4026414.899055057
1628842170794525851,352666.6678741926,4026414.4993174886
1628842170854557748,352667.1307525583,4026414.3177539273
1628842171004442279,352668.30789188424,4026413.8746374534
1628842171064452549,352668.7659864542,4026413.7024785597
1628842171196340926,352669.7711388126,4026413.313633119
1628842171256572143,352670.2199223186,4026413.1484533874
1628842171394485341,352671.2892765963,4026412.7861657557
1628842171466446837,352671.80180233426,4026412.606153952
1628842171598333992,352672.7415110812,4026412.281029196
1628842171658338807,352673.2017176047,4026412.146921041
1628842171796574783,352674.1900875906,4026411.819199024
1628842171868324528,352674.6764875817,4026411.6605364047
1628842172000318967,352675.59121885593,4026411.390189127
1628842172060430006,352675.99501236033,4026411.258642488
1628842172198574628,352676.94300711993,4026410.979306837
1628842172318549119,352677.7142433709,4026410.7320754738
1628842172396485592,352678.24257552926,4026410.5573495855
1628842172528449207,352679.03585553693,4026410.298161986
1628842172606312562,352679.45037463796,4026410.162053827
1628842172732445932,352680.24677935697,4026409.919720162
1628842172798494962,352680.64008040633,4026409.792075328
1628842172930573604,352681.36523825873,4026409.561130848
1628842173002304541,352681.74720020423,4026409.436059255
1628842173116642039,352682.3907039891,4026409.22183841
1628842173188549973,352682.7504281834,4026409.1152573484
1628842173332427858,352683.5051041143,4026408.872214372
1628842173404311380,352683.8434671777,4026408.7674766537
1628842173524448101,352684.4923055322,4026408.5564917284
1628842173602561778,352684.91801803315,4026408.4164093095
1628842173734419311,352685.6092805519,4026408.175222853
1628842173800639376,352685.9815685563,4026408.0537339346
1628842173926311197,352686.60527279216,4026407.852423427
1628842174004544137,352687.0426656989,4026407.7082972704
1628842174136448191,352687.7821114735,4026407.4651168752
1628842174202482983,352688.16349169344,4026407.341718692
1628842174334464977,352688.92858114553,4026407.090106724
1628842174394439733,352689.2474063574,4026406.9957265346
1628842174544545107,352690.14982056536,4026406.699100661
1628842174598433807,352690.45769087214,4026406.5975824543
1628842174724668287,352691.21424792847,4026406.3556678705
1628842174796425398,352691.66121893714,4026406.2094870065
1628842174928345776,352692.4492123183,4026405.9677857817
1628842175006575208,352692.97518906894,4026405.7962899883
1628842175132343636,352693.77922497573,4026405.5342811216
1628842175198437224,352694.19972334395,4026405.417771379
1628842175330307344,352695.09875388886,4026405.1285278704
1628842175408568837,352695.61943233147,4026404.9613032737
1628842175528491576,352696.4773190532,4026404.6860194164
1628842175606482185,352697.0603739278,4026404.4990117396
1628842175738416077,352698.00434284064,4026404.1982012293
1628842175798425757,352698.4558635217,4026404.0539575666
1628842175930571750,352699.4394427483,4026403.7441119263
1628842176002422763,352699.9807012171,4026403.5703731184
1628842176134431558,352700.9995186386,4026403.2438304015
1628842176200433736,352701.5522224072,4026403.0845304853
1628842176332321171,352702.59375591413,4026402.75146769
1628842176404303431,352703.1663867358,4026402.579560915
1628842176530545339,352704.2317731781,4026402.240431758
1628842176602441299,352704.8122740552,4026402.0557568804
1628842176734309252,352705.9207307709,4026401.68313476
1628842176800540141,352706.51439901826,4026401.490332017
1628842176932567230,352707.6327716644,4026401.1498905863
1628842177004584662,352708.23493615456,4026400.9542274405
1628842177136441491,352709.359228956,4026400.5850445107
1628842177262449957,352710.5152646071,4026400.22333311
1628842177340311844,352711.1306616947,4026400.0197852347
1628842177472474467,352712.3738566729,4026399.609732208
1628842177526430995,352712.81776497257,4026399.461071541
1628842177664411192,352714.0976175403,4026399.0478016282
1628842177736321525,352714.7254499001,4026398.836138491
1628842177868347572,352715.89432769705,4026398.4381678444
1628842177928414751,352716.44408138096,4026398.239932376
1628842178066427922,352717.7054797364,4026397.798427159
1628842178126410505,352718.2464616243,4026397.6065818276
1628842178264561746,352719.5450540212,4026397.128784458
1628842178336556465,352720.1778494571,4026396.8966971585
1628842178468429279,352721.37224970665,4026396.454408656
1628842178534469771,352722.0058749212,4026396.217271931
1628842178666557567,352723.20328469377,4026395.772491101
1628842178726567593,352723.7459109784,4026395.566061118
1628842178870296731,352725.0065041273,4026395.08073166
1628842178936474651,352725.6639453098,4026394.8568929723
1628842179068419528,352726.82371730654,4026394.4043141697
1628842179128420631,352727.35610902694,4026394.1936180126
1628842179266552199,352728.59818002547,4026393.6688695466
1628842179332310912,352729.12554192747,4026393.454902018
1628842179470426451,352730.3764600081,4026392.9784506843
1628842179530426426,352730.89988071204,4026392.7642145567
1628842179662427304,352732.03801652195,4026392.2882917696
1628842179740552686,352732.7291058162,4026392.000862202
1628842179872316417,352733.8464252582,4026391.5354864504
1628842179932426826,352734.3865876319,4026391.297177265
1628842180064378860,352735.4931273362,4026390.8349604444
1628842180136298155,352736.0833107176,4026390.5878665685
1628842180274427499,352737.27875960944,4026390.08329066
1628842180340473065,352737.8560658761,4026389.839849031
1628842180460485192,352738.84684012365,4026389.3956525647
1628842180544298121,352739.4916083773,4026389.1210043468
1628842180676457684,352740.5464900135,4026388.650220829
1628842180736426990,352741.01903045474,4026388.447149852
1628842180862951406,352742.02797471057,4026388.0117393136
1628842180934433477,352742.5796396135,4026387.743632778
1628842181066325821,352743.55505548266,4026387.3177797645
1628842181132557278,352744.0697852911,4026387.092217419
1628842181264547801,352745.0087616866,4026386.6680367202
1628842181336417019,352745.50164384,4026386.4516044008
1628842181468320378,352746.4105912992,4026386.0893667988
1628842181606539568,352747.3382564247,4026385.6855509495
1628842181672415373,352747.74201944075,4026385.558372349
1628842181744469717,352748.24773930584,4026385.3422408313
1628842181876409712,352749.0429200792,4026385.0016209516
1628842182008546966,352749.8216742706,4026384.6452431222
1628842182068540206,352750.1631264038,4026384.49771521
1628842182212380979,352750.9223406572,4026384.131827508
1628842182278401462,352751.30500153755,4026383.9642662373
1628842182410290095,352751.95016585744,4026383.608724457
1628842182470305216,352752.26847528946,4026383.465053698
1628842182608544795,352753.0099643832,4026383.129100321
1628842182668542372,352753.3119828264,4026383.0189557374
1628842182812416920,352754.07010265155,4026382.6820331872
1628842182866750443,352754.39235753973,4026382.537975024
1628842183010528065,352755.09357900487,4026382.1777577032
1628842183070526021,352755.403989019,4026382.0361439316
1628842183208457019,352756.12679473194,4026381.687202504
1628842183268443574,352756.4394998267,4026381.5441612042
1628842183406285444,352757.0864748495,4026381.22331847
1628842183472521842,352757.4700099422,4026381.0461294763
1628842183610452298,352758.2558671022,4026380.684779388
1628842183664419639,352758.44870693475,4026380.5861034044
1628842183814308540,352759.293574488,4026380.1909438744
1628842183868629426,352759.636904311,4026380.0272862334
1628842184012453427,352760.3701997788,4026379.6598866824
1628842184072430919,352760.72302880406,4026379.488636553
1628842184216274350,352761.47613353503,4026379.0954027525
1628842184276389847,352761.83493293915,4026378.918115479
1628842184414564311,352762.6786108839,4026378.532849062
1628842184474536409,352763.0461667866,4026378.3500571493
1628842184612572130,352763.9154112733,4026377.91409338
1628842184678275633,352764.2536430137,4026377.756610888
1628842184804561171,352765.07631373464,4026377.3401308684
1628842184864539141,352765.4600396381,4026377.14362115
1628842185008412619,352766.3126181418,4026376.6337974984
1628842185074457409,352766.76975382655,4026376.3951159106
1628842185206392341,352767.61212595773,4026375.9356678245
1628842185266386087,352768.01086374925,4026375.7228354528
1628842185410339124,352768.9457707759,4026375.217976157
1628842185476454194,352769.4221388696,4026374.9626103137
1628842185614608292,352770.3808267073,4026374.4420423633
1628842185740288556,352771.1800988973,4026374.008946781
1628842185818521427,352771.73137057293,4026373.7068213746
1628842185938533899,352772.54259108426,4026373.2189873583
1628842186016301350,352773.0343489687,4026372.9425927787
1628842186148551186,352773.99620239297,4026372.343387781
1628842186208522356,352774.42194174544,4026372.099640037
1628842186346408468,352775.3460324354,4026371.5634249677
1628842186412418517,352775.8627812284,4026371.2482448965
1628842186550392994,352776.87371468067,4026370.6575905927
1628842186616421316,352777.3110654898,4026370.4012401723
1628842186742584703,352778.28264971566,4026369.8170225024
1628842186814436198,352778.80137295433,4026369.513863655
1628842186940697566,352779.76732264174,4026368.9177178293
1628842187012409193,352780.29159107426,4026368.6095362147
1628842187144318061,352781.2715394478,4026368.032623166
1628842187210662731,352781.7996972576,4026367.723444771
1628842187342449754,352782.78945006494,4026367.1443206253
1628842187414423228,352783.33304658154,4026366.8232832104
1628842187546254773,352784.3332813125,4026366.237816542
1628842187612509966,352784.874909514,4026365.92036801
1628842187750294831,352785.8584897336,4026365.3173925295
1628842187810736101,352786.40044704964,4026364.996856197
1628842187942457510,352787.4167561581,4026364.3704669224
1628842188014482831,352787.9636563287,4026364.046276117
1628842188146519431,352788.9984314967,4026363.4056876567
1628842188218407683,352789.5498488884,4026363.0761406105
1628842188338417140,352790.4950430131,4026362.5093254535
1628842188416409397,352791.1481170242,4026362.075801135
1628842188548288746,352792.1653291657,4026361.456721415
1628842188620417213,352792.7101276171,4026361.1237622113
1628842188746433911,352793.7573196661,4026360.425437105
1628842188818406935,352794.29970226303,4026360.0894825174
1628842188950266170,352795.3193049145,4026359.4197791102
1628842189016525656,352795.85561145283,4026359.0818373705
1628842189142262901,352796.7693898259,4026358.4998093927
1628842189220399756,352797.4015406243,4026358.09477856
1628842189352324753,352798.376783447,4026357.4599024043
1628842189412289144,352798.8374539593,4026357.1013491647
1628842189544266310,352799.7881494452,4026356.47027768
1628842189610565975,352800.2904288708,4026356.134989504
1628842189742399401,352801.23617773096,4026355.495655569
1628842189814301886,352801.71945865045,4026355.1710510626
1628842189940409423,352802.6247370474,4026354.528742642
1628842190072516135,352803.48293142987,4026353.9405642436
1628842190145666123,352803.93536604557,4026353.6280196514
1628842190223635279,352804.39435332234,4026353.282633292
1628842190343612072,352805.2063115818,4026352.7158553726
1628842190469889143,352806.0109191302,4026352.1403216855
1628842190547589994,352806.42657793825,4026351.846483825
1628842190613696168,352806.83592631825,4026351.5566289583
1628842190745650802,352807.58662190696,4026350.9602366975
1628842190877480469,352808.3071795096,4026350.4364703246
1628842190943629143,352808.69468734507,4026350.148085201
1628842191087539133,352809.43419353844,4026349.60618984
1628842191141784644,352809.744808826,4026349.37773587
1628842191279372690,352810.41240470856,4026348.8818624434
1628842191345643472,352810.76461278094,4026348.6209328235
1628842191477606920,352811.3922639892,4026348.143163742
1628842191537669897,352811.6852212593,4026347.92436354
1628842191675642830,352812.3404660149,4026347.427174181
1628842191747605558,352812.66930439085,4026347.179199742
1628842191945622782,352813.5897679967,4026346.4722875603
1628842192077664991,352814.1970352136,4026346.0026775375
1628842192149625387,352814.5102668018,4026345.7692354056
1628842192287606277,352815.18553398387,4026345.250648803
1628842192347703192,352815.4756003495,4026345.024237846
1628842192479583357,352816.066681284,4026344.578157566
1628842192557479631,352816.40048127493,4026344.313253107
1628842192695596713,352817.03107693105,4026343.7940979213
1628842192743483755,352817.27283011586,4026343.5979727316
1628842192881595065,352817.96203171316,4026343.029252866
1628842192947628990,352818.2974825406,4026342.754631004
1628842193079640240,352818.9557253332,4026342.206624691
1628842193151594560,352819.2893719247,4026341.906627344
1628842193277596708,352819.94857811637,4026341.3425675794
1628842193481653031,352820.9716633868,4026340.4680177188
1628842193553510414,352821.2921098566,4026340.1993729495
1628842193679646259,352822.0107017352,4026339.5723532788
1628842193751625457,352822.39376521483,4026339.2531296504
1628842193889570545,352823.11513269786,4026338.6529644853
1628842193944302941,352823.45922136435,4026338.3703225
1628842194076387489,352824.1982771397,4026337.7604727326
1628842194160395123,352824.67550603696,4026337.3794989795
1628842194286273876,352825.4328632818,4026336.7637231788
1628842194346301458,352825.7858134009,4026336.4772533732
1628842194484556861,352826.59560824744,4026335.78113362
1628842194550292392,352826.9535699434,4026335.4896653593
1628842194688266376,352827.8101152339,4026334.8014950724
1628842194826484988,352828.66253685683,4026334.1139900144
1628842194880296135,352828.9691228366,4026333.867447061
1628842194946524087,352829.410424157,4026333.500313323
1628842195084567897,352830.2783368024,4026332.803115292
1628842195228293215,352831.1565095843,4026332.064055612
1628842195276384983,352831.47178812395,4026331.811826116
1628842195420379744,352832.36440567044,4026331.0814324715
1628842195486416184,352832.80944576487,4026330.72598482
1628842195624356028,352833.6386477761,4026330.067424174
1628842195679784256,352834.03866155865,4026329.737247208
1628842195817545447,352834.93318471144,4026329.0273905657
1628842196021590696,352836.2271906873,4026327.981232083
1628842196081642907,352836.6105617903,4026327.6755691296
1628842196220353504,352837.5090291444,4026326.9328848002
1628842196280366181,352837.89053543005,4026326.627024694
1628842196419507163,352838.7858854671,4026325.8777710632
1628842196479562182,352839.1637352503,4026325.5731327995
1628842196623433940,352840.0415268814,4026324.864552717
1628842196689540344,352840.50118825235,4026324.5029824795
1628842196821511636,352841.31218560657,4026323.853276821
1628842196881510755,352841.6850972753,4026323.5552533753
1628842197019741581,352842.5616718951,4026322.8414756735
1628842197091738175,352842.9905909615,4026322.4971972713
1628842197223610580,352843.80215877976,4026321.8550048433
1628842197283612399,352844.1652476477,4026321.565281357
1628842197421737277,352845.0150571421,4026320.869368943
1628842197481734522,352845.37284488097,4026320.581063069
1628842197625594408,352846.20377839776,4026319.912037194
1628842197691509196,352846.5666912,4026319.625414375
1628842197823510544,352847.389591597,4026318.9649479906
1628842197883482563,352847.7406362663,4026318.68299765
1628842198021735155,352848.5700246695,4026318.025396702
1628842198087598674,352848.9213907934,4026317.7435019887
1628842198219588633,352849.6855913856,4026317.1369507597
1628842198285678087,352850.1000873087,4026316.805002768
1628842198423703298,352850.9239853865,4026316.1502419133
1628842198483702941,352851.28082314436,4026315.8634783328
1628842198621356716,352852.0569357622,4026315.237742895
1628842198693563036,352852.53536523855,4026314.857238706
1628842198819454166,352853.2577759726,4026314.27424014
1628842198957703254,352854.10677656636,4026313.5926095587
1628842199029575483,352854.53185533866,4026313.2494651154
1628842199155345033,352855.2677660222,4026312.654533863
1628842199227449045,352855.755463428,4026312.2581862747
1628842199359475968,352856.55138880847,4026311.61215611
1628842199425352045,352856.9166067902,4026311.3192689624
1628842199551590042,352857.71185536706,4026310.6702138744
1628842199629466448,352858.20125952066,4026310.2692292463
1628842199761470293,352859.0048961475,4026309.6136230887
1628842199827677332,352859.43254908343,4026309.260303245
1628842199965342816,352860.23539788026,4026308.597828799
1628842200025472543,352860.603109938,4026308.292753338
1628842200163469372,352861.4595226511,4026307.5686082877
1628842200223485788,352861.82599962817,4026307.2608835385
1628842200349868231,352862.6200231074,4026306.5935542528
1628842200421681850,352863.0526214488,4026306.2277298365
1628842200553577915,352863.8458608447,4026305.557346937
1628842200625834881,352864.2732509719,4026305.1957156854
1628842200751474847,352865.0677704222,4026304.5270201745
1628842200823680538,352865.49260140985,4026304.1651883
1628842200955555443,352866.28518368624,4026303.4987688707
1628842201033455395,352866.76870499994,4026303.0855706823
1628842201153417029,352867.49748142937,4026302.4689261313
1628842201231718779,352867.9785942284,4026302.055860465
1628842201363697940,352868.75907589996,4026301.3840009347
1628842201423618308,352869.12686432555,4026301.0708068046
1628842201555426596,352869.90534060076,4026300.3985541863
1628842201633551844,352870.32387088926,4026300.0358682415
1628842201759437304,352871.10380068806,4026299.364735483
1628842201825634693,352871.521636745,4026299.002046128
1628842201957544431,352872.29506715294,4026298.324660858
1628842202029409491,352872.71001530637,4026297.96128054
1628842202155628846,352873.48577841057,4026297.2801783695
1628842202228482702,352873.89906119485,4026296.915765895
1628842202360339375,352874.6653908477,4026296.239386439
1628842202426402850,352875.07979757903,4026295.872864464
1628842202558360874,352875.83563902177,4026295.205139552
1628842202630485165,352876.24063571024,4026294.8510150933
1628842202756464239,352876.9861929612,4026294.1756523186
1628842202828399369,352877.39097197226,4026293.806005625
1628842202960363449,352878.1590559204,4026293.130016344
1628842203032395112,352878.58030645817,4026292.7589990357
1628842203152247312,352879.3032911058,4026292.1093877438
1628842203230436785,352879.76697411505,4026291.6924072537
1628842203362359526,352880.50211597845,4026291.0196325625
1628842203428403865,352880.94430461276,4026290.617780119
1628842203554477212,352881.66089648474,4026289.981217179
1628842203692474381,352882.50372178655,4026289.2218432752
1628842203752451737,352882.86848917324,4026288.890626842
1628842203896352059,352883.706200413,4026288.120315297
1628842203962359500,352884.1439864709,4026287.739091593
1628842204094377017,352884.93264958984,4026287.0218595774
1628842204166353597,352885.3374519645,4026286.640967047
1628842204292384903,352886.1426863683,4026285.9080117457
1628842204352401088,352886.5149872134,4026285.5670849564
1628842204496310060,352887.3549544976,4026284.817724191
1628842204562476868,352887.7887897524,4026284.423071218
1628842204694454680,352888.5711431156,4026283.6752304113
1628842204754455519,352888.9450323298,4026283.3312326097
1628842204886335409,352889.75874502584,4026282.579937435
1628842204964217595,352890.1874593534,4026282.177986199
1628842205096456699,352891.0681509967,4026281.3633509167
1628842205156486266,352891.4474569971,4026281.0098999026
1628842205288338852,352892.270172182,4026280.2459855867
1628842205366468308,352892.77960261825,4026279.7728544627
1628842205498219961,352893.5938175699,4026278.989087732
1628842205564426508,352893.97800088173,4026278.629908226
1628842205690345311,352894.7994661656,4026277.842226682
1628842205768358453,352895.3123094669,4026277.359790858
1628842205900225844,352896.14861235244,4026276.572902803
1628842205966435172,352896.6093288311,4026276.1451169173
1628842206092237986,352897.3862464258,4026275.4113541
1628842206170349700,352897.8986496236,4026274.9115154487
1628842206302204032,352898.7408595966,4026274.108085866
1628842206362216428,352899.1296604271,4026273.7363998047
1628842206488482127,352899.9637288509,4026272.915820171
1628842206561384156,352900.41619049845,4026272.4781342493
1628842206699627674,352901.32819077175,4026271.5872918414
1628842206759594226,352901.71675276535,4026271.209613194
1628842206891392653,352902.5573183062,4026270.386573664
1628842206963388967,352903.01279592403,4026269.9485620335
1628842207101599525,352903.91734246287,4026269.0608448414
1628842207161631531,352904.3074271722,4026268.65959591
1628842207300367639,352905.1445755649,4026267.8311824766
1628842207372324567,352905.65890620026,4026267.3198902872
1628842207504219917,352906.4891016191,4026266.4787240988
1628842207552468028,352906.809656161,4026266.1577045876
1628842207696355852,352907.69709003356,4026265.2416296396
1628842207762365760,352908.1423125047,4026264.7909290907
1628842207906195319,352909.02880879515,4026263.890617449
1628842208032468804,352909.83658584533,4026263.025402583
1628842208092460987,352910.2101959777,4026262.6396925515
1628842208170339693,352910.6465562035,4026262.1702825148
1628842208296321581,352911.45026805217,4026261.3365855245
1628842208440334793,352912.3034553251,4026260.4241518416
1628842208494439249,352912.6689438296,4026260.041791798
1628842208638230251,352913.5171651879,4026259.151415436
1628842208698344903,352913.87477468024,4026258.755242509
1628842208836336988,352914.7144067747,4026257.8703298187
1628842208890207579,352915.0125624265,4026257.5556265805
1628842209034204943,352915.82535897207,4026256.663784186
1628842209106370549,352916.2947523508,4026256.164096952
1628842209238342227,352917.0548817671,4026255.3508167285
1628842209298344049,352917.4032305824,4026254.979879241
1628842209436448106,352918.19971949223,4026254.114315157
1628842209496416839,352918.5399668111,4026253.750618275
1628842209635415256,352919.2743376794,4026252.960137482
1628842209689546454,352919.6053790734,4026252.592103145
1628842209839345299,352920.46686715534,4026251.6647359123
1628842209905439686,352920.8142056577,4026251.290893637
1628842210037568684,352921.60398687003,4026250.417562509
1628842210097552546,352921.9461006215,4026250.0509883026
1628842210241346048,352922.7287246797,4026249.179396217
1628842210301345834,352923.0630813114,4026248.8093373515
1628842210433343168,352923.7905747094,4026247.997931627
1628842210499578252,352924.19764383277,4026247.557095984
1628842210637211155,352924.94871275243,4026246.7286350727
1628842210703414546,352925.3162762693,4026246.2936046547
1628842210841603827,352926.1092301598,4026245.4039693526
1628842210901421463,352926.393589083,4026245.0859072367
1628842211033518417,352927.17849913286,4026244.1606034427
1628842211099266381,352927.5208284976,4026243.772541222
1628842211231379107,352928.31130348804,4026242.866285445
1628842211291375328,352928.65442214085,4026242.476622945
1628842211441530471,352929.5003301748,4026241.4870586386
1628842211501564213,352929.84189672733,4026241.0971936528
1628842211639287413,352930.58101301396,4026240.2510679234
1628842211699418699,352930.9138969164,4026239.8386984356
1628842211837332378,352931.7106545581,4026238.9216017076
1628842211903535167,352932.0979718182,4026238.4465935966
1628842212035506740,352932.83665114094,4026237.5913277594
1628842212095508864,352933.1769564712,4026237.1956859264
1628842212239336979,352933.96099340206,4026236.251667283
1628842212305720215,352934.35753939336,4026235.787939241
1628842212437522759,352935.08034314844,4026234.9059728645
1628842212575293353,352935.81470019126,4026234.039420382
1628842212641382345,352936.2101789597,4026233.5725862803
1628842212767332036,352936.9392904431,4026232.6857713074
1628842212839323656,352937.3342210202,4026232.2162991385
1628842212971386347,352938.0564210861,4026231.336937309
1628842213037347008,352938.45044725446,4026230.870585742
1628842213169336370,352939.16939568147,4026229.984603414
1628842213242186883,352939.5593092218,4026229.5126034087
1628842213374215178,352940.2942809901,4026228.628722017
1628842213446326424,352940.66923843697,4026228.1480303314
1628842213560445363,352941.3536782719,4026227.3192979638
1628842213632307617,352941.75159267394,4026226.834329513
1628842213770587139,352942.5383608361,4026225.8549027843
1628842213842450262,352942.9286432045,4026225.3807871435
1628842213962429822,352943.5956480417,4026224.52922211
1628842214040433393,352944.04990965035,4026223.9718627585
1628842214172322476,352944.7862914606,4026223.039739591
1628842214244187603,352945.19773486786,4026222.535086567
1628842214370331126,352945.89792807074,4026221.6716020405
1628842214442349176,352946.35785704653,4026221.070090249
1628842214574344637,352947.11070500355,4026220.1344491607
1628842214640729632,352947.51876646787,4026219.6269582673
1628842214772445529,352948.2659839115,4026218.667025229
1628842214844463516,352948.6759275084,4026218.1535438397
1628842214976327943,352949.4188608591,4026217.203926184
1628842215036337180,352949.7666307553,4026216.7672301014
1628842215168264759,352950.511689842,4026215.8057393515
1628842215234458341,352950.91528284515,4026215.294093928
1628842215366427736,352951.66356608283,4026214.3431955082
1628842215438191231,352952.0593456449,4026213.8069861284
1628842215570172088,352952.8027568377,4026212.8537862888
1628842215642188737,352953.2027033738,4026212.3412491796
1628842215774355869,352953.98980123573,4026211.290276467
1628842215966337941,352955.05122206843,4026209.8779708613
1628842216038331405,352955.44457829115,4026209.3652824876
1628842216176506095,352956.21780146693,4026208.324585836
1628842216242184131,352956.55080457125,4026207.8849248197
1628842216380194403,352957.2681684237,4026206.933887866
1628842216440318852,352957.65304892306,4026206.4151483006
1628842216572283727,352958.3619162513,4026205.4727968248
1628842216644223603,352958.7399512022,4026204.9656253145
1628842216770422815,352959.43463819765,4026204.003529155
1628842216902193297,352960.11685372744,4026203.053046934
1628842216974455064,352960.4857012441,4026202.5502657685
1628842217040425250,352960.85108346934,4026202.0485161818
1628842217172442497,352961.5187146772,4026201.1092184125
1628842217304189238,352962.19997002743,4026200.16855464
1628842217376321121,352962.57169159304,4026199.659331311
1628842217502313544,352963.23102759337,4026198.710900826
1628842217574188614,352963.59149436455,4026198.20327616
1628842217706208800,352964.25126106304,4026197.2505392483
1628842217772384119,352964.6076728987,4026196.749096553
1628842217916263798,352965.29790654447,4026195.731299331
1628842217964325580,352965.55586785486,4026195.359002337
1628842218102443097,352966.2847186591,4026194.308071285
1628842218174418160,352966.62377756333,4026193.782461129
1628842218318180844,352967.343226354,4026192.734625153
1628842218366313246,352967.5997041524,4026192.358969732
1628842218504403995,352968.32448402484,4026191.2936958796
1628842218576439550,352968.68895084644,4026190.762895821
1628842218708288022,352969.3490653746,4026189.7688761055
1628842218774330146,352969.71560863825,4026189.2372416803
1628842218906396069,352970.38630752836,4026188.234238054
1628842218984360653,352970.7525550185,4026187.7011266733
1628842219110173926,352971.431112251,4026186.713059924
1628842219176331125,352971.7957851242,4026186.159757208
1628842219308429483,352972.47013249807,4026185.177953301
1628842219380267132,352972.83212484,4026184.6512447745
1628842219506433886,352973.5059750994,4026183.6585640456
1628842219572100784,352973.8153496155,4026183.209454101
1628842219710311475,352974.53934420046,4026182.148954018
1628842219782188309,352974.8986702282,4026181.627580919
1628842219908429439,352975.5522190568,4026180.6467653317
1628842219968427349,352975.85665257915,4026180.2021415103
1628842220112180576,352976.56223373546,4026179.1665848386
1628842220172231324,352976.84681280627,4026178.7099982575
1628842220310460833,352977.53923348984,4026177.6832729215
1628842220376211664,352977.8331234447,4026177.246751752
1628842220502419083,352978.4613844326,4026176.2902366566
1628842220586283985,352978.8455838819,4026175.7177634416
1628842220718175150,352979.4623346487,4026174.776511449
1628842220772281861,352979.7465407582,4026174.3508187504
1628842220905300520,352980.3487169134,4026173.4277989212
1628842220983382397,352980.7225791469,4026172.864290098
1628842221109318122,352981.27939385304,4026172.0247062417
1628842221247290125,352981.9003672235,4026171.0435501705
1628842221307285943,352982.1708400432,4026170.630701008
1628842221379294980,352982.486179141,4026170.148385235
1628842221505279038,352983.06782846246,4026169.2383585726
1628842221649312374,352983.6865655753,4026168.2655053088
1628842221709205976,352983.95822197234,4026167.845791066
1628842221847287473,352984.58431622863,4026166.868987744
1628842221907304439,352984.8480355414,4026166.4302936215
1628842222045390824,352985.4560562159,4026165.4557927055
1628842222105387186,352985.71646799584,4026165.0329644256
1628842222249450376,352986.3199967012,4026164.0284830076
1628842222309302032,352986.58777197375,4026163.588608142
1628842222447402447,352987.1995825303,4026162.564962682
1628842222507414892,352987.4630098295,4026162.1235575164
1628842222717335052,352988.3835217452,4026160.5489064055
1628842222849290277,352988.95502533123,4026159.57154483
1628842222909506397,352989.18367607816,4026159.121390288
1628842223053302351,352989.79248358286,4026158.0554128466
1628842223119231105,352990.0527750936,4026157.597275184
1628842223251301191,352990.6519635988,4026156.5057220235
1628842223311296364,352990.9095901402,4026156.046107523
1628842223449402939,352991.50901556714,4026154.947752558
1628842223515205458,352991.7665709781,4026154.486725935
1628842223659167651,352992.3539407557,4026153.3829545486
1628842223713416129,352992.610096734,4026152.9193843803
1628842223851205039,352993.1656620964,4026151.910805744
1628842223911441624,352993.4489161443,4026151.3471950823
1628842224043423052,352993.99963262246,4026150.325696244
1628842224115301204,352994.29709159036,4026149.7735615983
1628842224247300684,352994.85377582884,4026148.736805642
1628842224313583748,352995.1528022974,4026148.1830689544
1628842224445399734,352995.6998367052,4026147.134216205
1628842224505406926,352995.95631948346,4026146.656494621
1628842224655294638,352996.57880083355,4026145.4440831854
1628842224715285914,352996.8346790006,4026144.9639113834
1628842224853250270,352997.3897011224,4026143.921927118
1628842224913415224,352997.68933874124,4026143.3319840515
1628842225057271785,352998.29073710635,4026142.202475579
1628842225123239467,352998.54944687465,4026141.718053873
1628842225255423822,352999.15372080996,4026140.573083254
1628842225309319488,352999.37080972583,4026140.169833753
1628842225453298067,352999.9771317813,4026139.021172036
1628842225519140996,353000.28270751925,4026138.4541445547
1628842225651294886,353000.8401124397,4026137.3743580715
1628842225789440267,353001.4523223428,4026136.2412885185
1628842225855199902,353001.71399844706,4026135.7574288747
1628842225981318056,353002.27652851935,4026134.6931959814
1628842226047407750,353002.58080877026,4026134.1327614575
1628842226179289499,353003.14738161734,4026133.080720614
1628842226251279984,353003.4512744321,4026132.5249314173
1628842226377671057,353004.0146133081,4026131.496039911
1628842226449316852,353004.30549701024,4026130.9258037694
1628842226581318941,353004.864019308,4026129.9040131494
1628842226653285735,353005.1595302453,4026129.348328061
1628842226779370731,353005.715190887,4026128.336328883
1628842226857190726,353006.01362586266,4026127.7934575193
1628842226983270242,353006.5693862557,4026126.779118284
1628842227055276599,353006.867966025,4026126.241459242
1628842227181185417,353007.3764095025,4026125.3134299917
1628842227253383628,353007.71674678044,4026124.704207769
1628842227385200171,353008.2661550961,4026123.718712816
1628842227457152835,353008.55931696686,4026123.1876193536
1628842227583293230,353009.10700614285,4026122.214559146
1628842227655273859,353009.39696865855,4026121.6863428913
1628842227787430763,353009.9317031461,4026120.7272279086
1628842227859289288,353010.21728910983,4026120.2140129814
1628842227985305955,353010.755263682,4026119.257215866
1628842228057360662,353011.04557825,4026118.737710379
1628842228183591989,353011.5817374848,4026117.7732841293
1628842228255391242,353011.87738344824,4026117.2553629107
1628842228387205080,353012.3767985909,4026116.376029662
1628842228459205996,353012.7076442033,4026115.7719049444
1628842228591176825,353013.2455958924,4026114.8256447036
1628842228657423311,353013.5146052896,4026114.331437618
1628842228777372908,353014.02412945114,4026113.434873522
1628842228849175023,353014.3250913946,4026112.9071575487
1628842228981348290,353014.8583240023,4026111.931737528
1628842229059372413,353015.19831030024,4026111.328297125
1628842229185297535,353015.70806837146,4026110.419075705
1628842229257318908,353016.05454222497,4026109.8103754097
1628842229383292006,353016.57895863353,4026108.8908040044
1628842229461129378,353016.92651040375,4026108.290657179
1628842229587419371,353017.4952242004,4026107.284731831
1628842229659403202,353017.7947009089,4026106.741507594
1628842229797313307,353018.36368875374,4026105.7297983463
1628842229851393552,353018.6259925612,4026105.2610159554
1628842229989410033,353019.2248886789,4026104.138557463
1628842230109404050,353019.7492908669,4026103.189429965
1628842230187148757,353020.04690173914,4026102.611752266
1628842230259304427,353020.3966149228,4026101.9738107016
1628842230385178633,353020.92124711396,4026101.0143872327
1628842230517235445,353021.4954794899,4026099.955130165
1628842230589180507,353021.80167947704,4026099.3919554423
1628842230721311051,353022.3691974267,4026098.329623209
1628842230781317519,353022.674291415,4026097.76420896
1628842230913255835,353023.25766568625,4026096.703339752
1628842230985159803,353023.5637034872,4026096.135536767
1628842231117218172,353024.1296697208,4026095.0784037746
1628842231189298805,353024.41928751755,4026094.4988247594
1628842231315386224,353024.9770366392,4026093.438748896
1628842231393377456,353025.3228548574,4026092.774666409
1628842231519264791,353025.8316927852,4026091.798352505
1628842231591274347,353026.1265974024,4026091.2297542556
1628842231717311138,353026.67817746254,4026090.1628708583
1628842231789184457,353026.9699086087,4026089.597439289
1628842231927378241,353027.56194052845,4026088.4653169443
1628842231987396105,353027.81049488636,4026087.985503176
1628842232119259470,353028.34460358205,4026086.948976337
1628842232185458119,353028.62866063585,4026086.379555077
1628842232317290960,353029.15611495095,4026085.350579891
1628842232389166658,353029.4385281579,4026084.798940321
1628842232521170791,353029.9642562064,4026083.766462029
1628842232587318492,353030.2430731339,4026083.2184769637
1628842232725190756,353030.7504767022,4026082.2016065964
1628842232791189928,353031.0250884712,4026081.659163211
1628842232917402392,353031.526427025,4026080.632637672
1628842232989321364,353031.79582808085,4026080.0926783415
1628842233121292301,353032.29310633335,4026079.095076372
1628842233181249128,353032.5147188336,4026078.6272630817
1628842233325296098,353033.03769365785,4026077.5621852176
1628842233391387885,353033.2931232528,4026077.0263844426
1628842233523134075,353033.7660582636,4026076.055684943
1628842233583243762,353033.98253837484,4026075.608466755
1628842233721254909,353034.4812959392,4026074.5563501883
1628842233793195511,353034.7423478932,4026074.0236508623
1628842233925133957,353035.20433164376,4026073.0392668154
1628842233991308284,353035.4635652987,4026072.5086659393
1628842234117173184,353035.90041578456,4026071.611684123
1628842234195153372,353036.1829381138,4026070.986571191
1628842234321374308,353036.6517350924,4026070.0055431025
1628842234387184387,353036.8709587874,4026069.5450794967
1628842234519226236,353037.3372098169,4026068.524139103
1628842234597139522,353037.63310093415,4026067.8986698077
1628842234723388121,353038.0860551527,4026066.893778485
1628842234855424880,353038.56499850657,4026065.874652368
1628842234915375530,353038.77776069933,4026065.4227671116
1628842235065311008,353039.3383260813,4026064.240603655
1628842235125280151,353039.5639751721,4026063.7662523487
1628842235257343311,353040.0240734352,4026062.7435014853
1628842235317373852,353040.24853518326,4026062.267964881
1628842235467264758,353040.8047483451,4026061.071180994
1628842235527242590,353041.0291942064,4026060.594477377
1628842235665386890,353041.5549850968,4026059.467675779
1628842235725349931,353041.78081748553,4026058.9915208826
1628842235857401029,353042.27231276245,4026057.960943957
1628842235929374352,353042.53703932045,4026057.3870750363
1628842236061137270,353043.03095013613,4026056.3556332183
1628842236121237934,353043.25947426335,4026055.8802795922
1628842236259396005,353043.7917967292,4026054.75258157
1628842236331263130,353044.0599260668,4026054.1991706416
1628842236457320919,353044.55339370633,4026053.166767508
1628842236523263110,353044.7821902464,4026052.695994625
1628842236661384968,353045.31810556154,4026051.5837541297
1628842236721395046,353045.5457662606,4026051.1170822987
1628842236859410328,353046.07132081455,4026050.0340858335
1628842236919316939,353046.30832178134,4026049.5522103244
1628842237063160548,353046.8301133306,4026048.477204747
1628842237123294923,353047.0526545554,4026048.019294486
1628842237261323917,353047.55431274156,4026046.9312940696
1628842237321304237,353047.7726857119,4026046.4770556246
1628842237465134715,353048.29955992306,4026045.439226289
1628842237531374726,353048.55510527303,4026044.9182329164
1628842237669246405,353049.0383629368,4026043.945734343
1628842237723379185,353049.2564940854,4026043.5026466995
1628842237867164199,353049.76324356504,4026042.4743675073
1628842237927132167,353049.963562576,4026042.0062521007
1628842238065381255,353050.4628417648,4026040.9830816793
1628842238131165645,353050.67567124707,4026040.5465614004
1628842238263377327,353051.16550210794,4026039.534232502
1628842238323612266,353051.3769616658,4026039.1008330393
1628842238467158115,353051.8621883923,4026038.095036794
1628842238527108946,353052.0706368573,4026037.666510235
1628842238665322859,353052.56022334425,4026036.6633714596
1628842238725313501,353052.7673639384,4026036.2380256997
1628842238863683017,353053.25413689093,4026035.2385815685
1628842238929138030,353053.45817821904,4026034.826182182
1628842239067356311,353053.9551508603,4026033.8113672454
1628842239187379751,353054.3676606961,4026032.93763434
1628842239259233193,353054.6098634142,4026032.4364828006
1628842239391127650,353055.0609284773,4026031.512519882
1628842239469353310,353055.3393840896,4026030.9108533906
1628842239589380793,353055.7604562611,4026030.0327181364
1628842239661239798,353056.0055712784,4026029.5332262637
1628842239799256616,353056.50931487116,4026028.504182183
1628842239871194234,353056.7599881877,4026027.9909698605
1628842239991383503,353057.1835481857,4026027.088103551
1628842240069306254,353057.4674496059,4026026.4944167803
1628842240201252151,353057.92161803186,4026025.539257943
1628842240273248201,353058.17314831633,4026025.016280679
1628842240393136696,353058.5977129197,4026024.123147885
1628842240471364646,353058.885241658,4026023.5233418685
1628842240603166918,353059.3518121687,4026022.546350921
1628842240663241094,353059.56048423814,4026022.0996931824
1628842240795171903,353060.0272996188,4026021.1204855847
1628842240867234213,353060.27813655173,4026020.5912487325
1628842240993363989,353060.750454114,4026019.6017549196
1628842241071270333,353061.03769108176,4026018.9950721627
1628842241197244319,353061.4698362582,4026018.0792125277
1628842241263220887,353061.7205436836,4026017.545476537
1628842241395364605,353062.19072200276,4026016.550388552
1628842241467235857,353062.4435536831,4026016.0154874087
1628842241593325239,353062.9098239627,4026015.018939843
1628842241665250197,353063.1653033793,4026014.4669496026
1628842241803412044,353063.6649730988,4026013.3847214417
1628842241863361994,353063.87910132215,4026012.919645343
1628842241995391993,353064.3468981844,4026011.8974674987
1628842242067246852,353064.597175417,4026011.351836942
1628842242205379079,353065.1014676895,4026010.2411794094
1628842242265340586,353065.3161009996,4026009.7698844066
1628842242397352189,353065.7782600529,4026008.7328637554
1628842242469242194,353066.02937567444,4026008.1799710426
1628842242595290905,353066.49774819537,4026007.1507644765
1628842242667368605,353066.74733974034,4026006.5777253206
1628842242799329193,353067.2199956634,4026005.5437464262
1628842242871110729,353067.4759994702,4026004.9866509745
1628842242997330480,353067.94550379075,4026003.932827918
1628842243069243114,353068.1996000794,4026003.3775196136
1628842243201116462,353068.67437659693,4026002.331343496
1628842243267367501,353068.93240703404,4026001.7727183625
1628842243399264376,353069.41563976667,4026000.713184686
1628842243477143055,353069.6829014674,4026000.1374198743
1628842243603131164,353070.1813156218,4025999.06653561
1628842243729376454,353070.680570041,4025997.9862528904
1628842243807394042,353070.9445471012,4025997.414297513
1628842243873253811,353071.2099678381,4025996.839738912
1628842243999281705,353071.7189580596,4025995.751814324
1628842244131361517,353072.2330403598,4025994.648315623
1628842244203342158,353072.5045852258,4025994.0538013685
1628842244335223567,353073.02362604154,4025992.942146682
1628842244401278083,353073.2993916586,4025992.337367932
1628842244533240958,353073.8286523755,4025991.2173765055
1628842244605118547,353074.11849653,4025990.6104517286
1628842244731321264,353074.64050098765,4025989.4737680475
1628842244797249344,353074.8917852157,4025988.947850596
1628842244923281402,353075.4407007201,4025987.799983691
1628842245007158067,353075.7818118742,4025987.0919996477
1628842245139108755,353076.34101712366,4025985.934513081
1628842245193351354,353076.6015644182,4025985.3883731505
1628842245325341708,353077.1674041659,4025984.2189790155
1628842245403276815,353077.52410418156,4025983.485416197
1628842245541217621,353078.1021644779,4025982.307330988
1628842245595367523,353078.3704123636,4025981.7626627577
1628842245727339086,353078.9533789221,4025980.559836006
1628842245799223290,353079.2663216693,4025979.922932769
1628842245937240087,353079.9019229965,4025978.6191609306
1628842245997213055,353080.16861964104,4025978.0725354063
1628842246135113010,353080.74587449763,4025976.8910002965
1628842246201243759,353081.0706452903,4025976.235753746
1628842246339225293,353081.6942210341,4025974.9660760337
1628842246399209280,353081.96772709023,4025974.401207527
1628842246531190695,353082.54707188846,4025973.22500828
1628842246609369481,353082.902737768,4025972.502846433
1628842246735481769,353083.486990737,4025971.3164168647
1628842246801227734,353083.75268946245,4025970.7770563904
1628842246933115185,353084.3367996651,4025969.582191126
1628842247005102646,353084.6459092504,4025968.952707923
1628842247143118567,353085.2602976468,4025967.69594275
1628842247203219642,353085.52766608214,4025967.147948002
1628842247329287740,353086.09504821734,4025965.984326844
1628842247401210414,353086.40250623645,4025965.343366483
1628842247533337242,353086.96820475947,4025964.178980476
1628842247605388141,353087.27279309614,4025963.551908654
1628842247731273357,353087.8369835345,4025962.3764092647
1628842247803234289,353088.13947885216,4025961.7496323646
1628842247941339469,353088.746799342,4025960.490835813
1628842248073442899,353089.30589665024,4025959.3299188674
1628842248139268244,353089.56272942654,4025958.794096399
1628842248205250783,353089.86479280656,4025958.1602772707
1628842248343365452,353090.4629888198,4025956.909585454
1628842248475360376,353091.01939189446,4025955.73733116
1628842248535326775,353091.2755535478,4025955.201062363
1628842248673302142,353091.87108941295,4025953.9446478873
1628842248739141476,353092.1257602043,4025953.4090910484
1628842248871153159,353092.67592412967,4025952.249973782
1628842248937352298,353092.96600626514,4025951.6101169926
1628842249075271541,353093.55237277015,4025950.360510996
1628842249141235477,353093.8034778759,4025949.824785781
1628842249279135894,353094.3874728582,4025948.5639894838
1628842249339229293,353094.6384915865,4025948.028113173
1628842249477274917,353095.22264313186,4025946.771586795
1628842249537256456,353095.4743126331,4025946.235836814
1628842249669235840,353096.0230021565,4025945.0653006113
1628842249741118439,353096.3179497395,4025944.4401321346
1628842249873135768,353096.86318027077,4025943.279771304
1628842249939368637,353097.1662998355,4025942.6465296946
1628842250077250941,353097.7512096138,4025941.397330224
1628842250131173744,353097.9591710571,4025940.950365265
1628842250281339206,353098.5868870885,4025939.601455571
1628842250341346770,353098.8371416774,4025939.0650277874
1628842250473132977,353099.38045957603,4025937.8953153375
1628842250539452143,353099.6734939512,4025937.270225212
1628842250683101464,353100.2530105532,4025936.006636653
1628842250743118850,353100.5041458827,4025935.46949209
1628842250875235505,353101.0486095514,4025934.305680818
1628842250935222412,353101.2896649372,4025933.7621610668
1628842251079085300,353101.8749988476,4025932.51225285
1628842251145088077,353102.16834865493,4025931.8809928778
1628842251271331443,353102.7121554186,4025930.72206047
1628842251337082083,353102.96409997204,4025930.188076138
1628842251475225551,353103.5525211969,4025928.933477018
1628842251547087225,353103.8475372908,4025928.310031963
1628842251673380034,353104.39929819293,4025927.159860817
1628842251733341481,353104.65242083743,4025926.63009856
1628842251877221505,353105.2406149306,4025925.398529158
1628842251943280396,353105.5330746378,4025924.7610892933
1628842252075228459,353106.0772041376,4025923.6197910034
1628842252207339321,353106.62266950426,4025922.4798739357
1628842252285256805,353106.96210879413,4025921.781868598
1628842252405278506,353107.46246015164,4025920.731080737
1628842252477196080,353107.75944383297,4025920.123303936
1628842252615367821,353108.3532688614,4025918.91735065
1628842252675322267,353108.61649068876,4025918.3932615262
1628842252813093762,353109.1702174692,4025917.2797704237
1628842252879218246,353109.46883083996,4025916.6808009897
1628842253011152886,353110.0043530831,4025915.5758430795
1628842253077284579,353110.3020845034,4025914.9820003742
1628842253209329948,353110.85714874906,4025913.877169065
1628842253281208810,353111.15286882943,4025913.290242263
1628842253413203323,353111.7072291172,4025912.1947308998
1628842253479214955,353112.0061157638,4025911.6096120505
1628842253611352553,353112.5728180937,4025910.5067198686
1628842253683205032,353112.8744082312,4025909.925797216
1628842253815188744,353113.4444059979,4025908.8314095074
1628842253881211920,353113.7496129862,4025908.253202714
1628842254013071842,353114.31794677465,4025907.144805067
1628842254079317940,353114.6272141787,4025906.557221547
1628842254211215958,353115.2122943095,4025905.476219827
1628842254283187666,353115.5340099338,4025904.8812231473
1628842254415084060,353116.1362447012,4025903.789585198
1628842254475099483,353116.41483394994,4025903.2799149947
1628842254613344542,353117.07048227685,4025902.0859609945
1628842254685206545,353117.3982753568,4025901.489396535
1628842254805242715,353117.9716053967,4025900.457850009
1628842254877333214,353118.30933868006,4025899.853548691
1628842255015301944,353118.9951351108,4025898.644893095
1628842255087194402,353119.3398643957,4025898.03650593
1628842255207078528,353119.936086538,4025896.978997616
1628842255285205797,353120.33848447265,4025896.2771640094
1628842255417175976,353121.00058416475,4025895.1171589536
1628842255489084059,353121.36025541276,4025894.4990275935
1628842255609206404,353121.9839673777,4025893.4383374536
1628842255675228994,353122.35142455605,4025892.8006037967
1628842255819161536,353123.0963522899,4025891.5496252514
1628842255879076993,353123.4198392866,4025891.0113621103
1628842256005349497,353124.12890803686,4025889.841436471
1628842256077314339,353124.51235358114,4025889.211580218
1628842256209206624,353125.24450767774,4025888.0271031563
1628842256281070714,353125.63637521456,4025887.3917636042
1628842256407337468,353126.3741191939,4025886.2021564753
1628842256485158992,353126.77125403885,4025885.563370751
1628842256617132604,353127.512237319,4025884.374899034
1628842256689198260,353127.97434488917,4025883.6162367743
1628842256809211622,353128.6648165224,4025882.51040906
1628842256941356990,353129.4360783135,4025881.3005196685
1628842257019224455,353129.9027492595,4025880.557191708
1628842257079255068,353130.25331644656,4025879.9987554047
1628842257211193108,353131.0286360674,4025878.7725619157
1628842257343081511,353131.79400054674,4025877.554105647
1628842257409307415,353132.22163324873,4025876.8789143814
1628842257553198361,353133.05276992946,4025875.55622379
1628842257613352426,353133.4092379132,4025874.98758623
1628842257745073790,353134.1890781515,4025873.7435550787
1628842257811437101,353134.6067328497,4025873.0774442605
1628842257943304020,353135.4022114696,4025871.824237008
1628842258015182835,353135.82374788006,4025871.154856102
1628842258147200144,353136.6284711781,4025869.9023773368
1628842258213304524,353137.05456337123,4025869.230783048
1628842258351072386,353137.8476093983,4025867.9807606237
1628842258417198593,353138.28270052583,4025867.293602396
1628842258543221817,353139.0767731595,4025866.0402057436
1628842258615182059,353139.5043178371,4025865.36425345
1628842258753342177,353140.37421033275,4025863.9935127166
1628842258819164593,353140.7419264873,4025863.4123251755
1628842258939320936,353141.4829054009,4025862.2341699824
1628842259017187685,353141.9725121769,4025861.458349352
1628842259149050093,353142.7712065149,4025860.1768593993
1628842259209074023,353143.1379314236,4025859.595688776
1628842259347292911,353143.9935951339,4025858.2433782252
1628842259419198684,353144.4425981069,4025857.5567780854
1628842259545254635,353145.2373789493,4025856.3090464207
1628842259605642742,353145.6024801432,4025855.7355939317
1628842259749368268,353146.458253536,4025854.376201672
1628842259815075576,353146.82014665566,4025853.80613005
1628842259947214765,353147.67158556974,4025852.4673804073
1628842260019202784,353148.09174447006,4025851.8075451194
1628842260145543047,353148.8792271452,4025850.5757152443
1628842260217321434,353149.2959747501,4025849.9216751857
1628842260349225061,353150.0658576735,4025848.711109423
1628842260415192224,353150.4323960853,4025848.1395859653
1628842260541192730,353151.19834295625,4025846.9380592634
1628842260625105287,353151.6661442633,4025846.2026786976
1628842260751343272,353152.41431307234,4025845.0010871515
1628842260817067704,353152.75731972855,4025844.4591681194
1628842260943193147,353153.50568059494,4025843.2778983135
1628842261015322827,353153.8962256101,4025842.6588181844
1628842261147111672,353154.62925079715,4025841.5144602773
1628842261213318917,353155.011318182,4025840.910172419
1628842261345099403,353155.7123071902,4025839.802337984
1628842261423189717,353156.1460200065,4025839.11651644
1628842261555153258,353156.82724315417,4025838.0381005304
1628842261687190151,353157.50855841325,4025836.977719168
1628842261747198551,353157.8123728626,4025836.4975611623
1628842261885482878,353158.50735954556,4025835.396573141
1628842261957074733,353158.87122161465,4025834.840842659
1628842262089117407,353159.49530872144,4025833.8548875856
1628842262148948834,353159.78600949596,4025833.4022958414
1628842262287205750,353160.43417662435,4025832.3812340596
1628842262347185050,353160.70563415764,4025831.9528943873
1628842262485323226,353161.3321916943,4025830.9731232515
1628842262545310720,353161.59267273697,4025830.563402368
1628842262689125595,353162.1845976335,4025829.6317343796
1628842262755224381,353162.47366771277,4025829.176545836
1628842262887184434,353162.9966419453,4025828.3524618736
1628842262947159353,353163.23517797934,4025827.981351724
1628842263091174387,353163.76978751976,4025827.1369899376
1628842263151033999,353163.9930538202,4025826.792292317
1628842263295503988,353164.5347414606,4025825.936976829
1628842263349313304,353164.7105310193,4025825.658666468
1628842263487280247,353165.1909896049,4025824.9073556284
1628842263565072708,353165.4258198661,4025824.536369369
1628842263691203767,353165.8465702507,4025823.8851616294
1628842263751163077,353166.03710714215,4025823.5829195953
1628842263889317952,353166.4691970983,4025822.8975839284
1628842263949300842,353166.6402407273,4025822.6408690996
1628842264093172539,353167.0438224531,4025822.000358897
1628842264153059026,353167.206398171,4025821.7500131913
1628842264291179945,353167.5942788509,4025821.139279787
1628842264351210916,353167.7599617759,4025820.884090149
1628842264489406162,353168.1175821248,4025820.3264516992
1628842264555056603,353168.27410180564,4025820.0843263674
1628842264693310198,353168.620613961,4025819.5510462727
1628842264753220246,353168.7652094776,4025819.3211470065
1628842264891191335,353169.09366876853,4025818.804927086
1628842264951219896,353169.2341173968,4025818.5878545456
1628842265089175700,353169.5336977878,4025818.127910535
1628842265155295485,353169.6777844045,4025817.911203616
1628842265293208105,353169.9805181586,4025817.4311254583
1628842265425167363,353170.24318203854,4025817.023198972
1628842265497059376,353170.38581592817,4025816.7936991863
1628842265611401837,353170.6286851822,4025816.4099119925
1628842265695353855,353170.7690272029,4025816.1802374176
1628842265827164661,353171.01711493195,4025815.778417336
1628842265899177061,353171.1349521259,4025815.5975558604
1628842266025305977,353171.3667806346,4025815.2078826954
1628842266091056500,353171.47133496567,4025815.0302064945
1628842266229320364,353171.69649925904,4025814.648886064
1628842266295193561,353171.81196045084,4025814.4484724007
1628842266421083593,353171.99297318334,4025814.137968957
1628842266487300875,353172.09913281334,4025813.9451592397
1628842266625081940,353172.2867146543,4025813.594566138
1628842266691172814,353172.37883286196,4025813.429521406
1628842266823101624,353172.5528951514,4025813.096064243
1628842266889174845,353172.6414621001,4025812.9204594707
1628842267021084443,353172.7863769996,4025812.6139245774
1628842267099176425,353172.8670854202,4025812.4455330847
1628842267219250186,353172.99566218175,4025812.15459495
1628842267291175960,353173.06562032545,4025811.992061909
1628842267423296866,353173.1740288077,4025811.7239265977
1628842267501284268,353173.24518313346,4025811.5527367434
1628842267627064936,353173.3469099564,4025811.3054362475
1628842267693152533,353173.3896971603,4025811.1675947006
1628842267825098300,353173.486381363,4025810.906371949
1628842267891297288,353173.5243849073,4025810.801418125
1628842268023275480,353173.6120183274,4025810.549992348
1628842268095170645,353173.65963830164,4025810.4154869253
1628842268221182734,353173.7236634843,4025810.1909811217
1628842268293180419,353173.7668625637,4025810.0567337032
1628842268425127375,353173.82602597337,4025809.836186033
1628842268491282998,353173.8636473338,4025809.7041693623
1628842268629176542,353173.92694975896,4025809.4586184956
1628842268695166224,353173.92958174285,4025809.3527685576
1628842268827057318,353173.9809735406,4025809.102231445
1628842268893319503,353174.0007898725,4025808.9920009826
1628842269025304760,353174.05193946476,4025808.7334723007
1628842269097025602,353174.07564381254,4025808.5897284173
1628842269229049358,353174.0946493928,4025808.3397705033
1628842269295277681,353174.1106093662,4025808.1856596866
1628842269433158416,353174.12602364516,4025807.920076449
1628842269499191874,353174.13615104614,4025807.756756505
1628842269619168953,353174.1431136457,4025807.4660781994
1628842269703038909,353174.12203832343,4025807.294833443
1628842269829085630,353174.1084693654,4025806.959580719
1628842269901156668,353174.09502079396,4025806.7962634615
1628842270021133096,353174.06869972777,4025806.469405561
1628842270159163940,353174.01173380134,4025806.084686214
1628842270231019120,353173.9763584151,4025805.8827081197
1628842270303166265,353173.93473360233,4025805.6775399754
1628842270429309506,353173.83721213223,4025805.2948810123
1628842270561224075,353173.7254424455,4025804.8962584683
1628842270627533846,353173.65597262315,4025804.677798523
1628842270759247957,353173.49705513654,4025804.2740237718
1628842270819286454,353173.42120506807,4025804.081581566
1628842270951314932,353173.2240989674,4025803.6718619503
1628842271029193208,353173.09601153806,4025803.4116396056
1628842271167021913,353172.86668018566,4025802.9777770196
1628842271221308430,353172.7530965495,4025802.781030206
1628842271353286061,353172.4858996597,4025802.3548892816
1628842271425158802,353172.331072817,4025802.111508043
1628842271563161665,353172.0051364624,4025801.6481234385
1628842271623143521,353171.85558235185,4025801.451162064
1628842271755050400,353171.49953839724,4025801.021979253
1628842271833300657,353171.2726375534,4025800.765811422
1628842271965154458,353170.8809551082,4025800.334394264
1628842272025135208,353170.69545787014,4025800.142436427
1628842272157023504,353170.25932794926,4025799.7103379914
1628842272235257252,353169.9906223804,4025799.4536577393
1628842272367040823,353169.5379807241,4025799.0368233398
1628842272421583701,353169.29829366115,4025798.8392833276
1628842272559052202,353168.8187267822,4025798.422020119
1628842272631002568,353168.5550398589,4025798.1958642737
1628842272769132954,353167.9808894154,4025797.742300419
1628842272829160002,353167.7403820788,4025797.5503896265
1628842272961149361,353167.1940514775,4025797.1131392955
1628842273027143012,353166.9016614234,4025796.8878970505
1628842273165301795,353166.2709267604,4025796.4243360753
1628842273231159861,353166.0125333341,4025796.2242138884
1628842273363046071,353165.44652931485,4025795.784947106
1628842273429139934,353165.12160477444,4025795.5191180897
1628842273567278275,353164.49731040024,4025795.026791867
1628842273633025297,353164.22817242396,4025794.811257156
1628842273759273064,353163.60363766074,4025794.330867542
1628842273831301517,353163.28772202623,4025794.077093088
1628842273969295133,353162.6098446643,4025793.5528681665
1628842274029322590,353162.32855992083,4025793.3247218197
1628842274161285779,353161.6800085135,4025792.818341317
1628842274233152118,353161.3389420544,4025792.533773313
1628842274359198755,353160.70037125936,4025791.9968280075
1628842274431160366,353160.3522838503,4025791.6923592933
1628842274563277364,353159.7290270234,4025791.1658358295
1628842274629117033,353159.4401849776,4025790.918560858
1628842274761183953,353158.7227577581,4025790.252243867
1628842274905057586,353157.9914975014,4025789.5971782515
1628842274965029397,353157.6775680374,4025789.3075423893
1628842275103271179,353156.9457736062,4025788.6245620814
1628842275163264514,353156.59236961685,4025788.320641356
1628842275295259346,353155.90868101467,4025787.6633355273
1628842275361353882,353155.5370600106,4025787.2983521265
1628842275511062714,353154.75232354924,4025786.553768489
1628842275571143923,353154.42592620436,4025786.223572153
1628842275703186166,353153.6205347851,4025785.4748829803
1628842275763197915,353153.2926106005,4025785.1347332224
1628842275907255954,353152.47839876974,4025784.315788939
1628842275967255185,353152.14977490576,4025783.961368725
1628842276099009828,353151.44144037063,4025783.177923334
1628842276165187324,353151.03184082906,4025782.7482754462
1628842276309038691,353150.2741233378,4025781.8791183005
1628842276363427842,353149.9519518705,4025781.5011511273
1628842276507273081,353149.1615245979,4025780.5909830187
1628842276561140744,353148.8961050359,4025780.267138954
1628842276705043131,353148.10963886755,4025779.3313908945
1628842276771015412,353147.7429358419,4025778.8667447483
1628842276897251697,353147.03777059464,4025777.9641958782
1628842276957236391,353146.7302401561,4025777.5542421695
1628842277107302108,353145.9714351422,4025776.5164927137
1628842277167182423,353145.633877311,4025776.0707316166
1628842277305123870,353144.9893621304,4025775.153391643
1628842277359264148,353144.6956393877,4025774.726205589
1628842277503143044,353143.98385025264,4025773.695746835
1628842277563124644,353143.6949134588,4025773.2610333604
1628842277701145934,353143.00772340177,4025772.2090089796
1628842277761142700,353142.72379310883,4025771.7680766117
1628842277911275033,353142.00130976574,4025770.643254939
1628842277971176754,353141.7226569266,4025770.199486567
1628842278103149266,353141.1237134696,4025769.237551001
1628842278163124664,353140.8444744988,4025768.7673030975
1628842278301227667,353140.2128596108,4025767.730603181
1628842278379045935,353139.8992480878,4025767.2139708013
1628842278499418153,353139.31290520355,4025766.2230129796
1628842278565137571,353139.0485666938,4025765.7793072974
1628842278703239708,353138.42280877114,4025764.710952794
1628842278841096619,353137.8581348696,4025763.7533500814
1628842278907107145,353137.54841431323,4025763.209704586
1628842279039011878,353136.99978072837,4025762.2558584604
1628842279105138634,353136.70735061326,4025761.743811139
1628842279237307949,353136.15855376254,4025760.7740375143
1628842279314999229,353135.8671009082,4025760.265635797
1628842279435176065,353135.3195519294,4025759.305576263
1628842279507134847,353135.0349110817,4025758.802949079
1628842279639263639,353134.5129324765,4025757.874133797
1628842279705232446,353134.215276788,4025757.3554001395
1628842279843045274,353133.69605246047,4025756.4369448093
1628842279909291622,353133.41510451725,4025755.9298300035
1628842280029116061,353132.94779499166,4025755.086209727
1628842280107254588,353132.63793893263,4025754.527399313
1628842280239229509,353132.1282227038,4025753.6117431703
1628842280311143676,353131.8640883842,4025753.1333049135
1628842280437168740,353131.37194841064,4025752.21658801
1628842280509106146,353131.1151016061,4025751.7476699133
1628842280635004000,353130.67554186855,4025750.954055998
1628842280713126315,353130.37987471407,4025750.4050150565
1628842280833108602,353129.94770427974,4025749.6323332638
1628842280911126278,353129.67467714346,4025749.092888008
1628842281042987241,353129.21970703657,4025748.2840932803
1628842281109234451,353128.97596183175,4025747.8571288725
1628842281229233610,353128.5869276478,4025747.0950992806
1628842281301163898,353128.34935737506,4025746.67953547
1628842281444993242,353127.89152325445,4025745.8458257425
1628842281511324277,353127.65848936874,4025745.4485262963
1628842281637019024,353127.26219495304,4025744.7830561795
1628842281703239492,353127.00513544027,4025744.3970587766
1628842281835131759,353126.58079375594,4025743.7090840633
1628842281918987736,353126.3312122197,4025743.2916181246
1628842282033236145,353125.94636896846,4025742.692269273
1628842282105253018,353125.7234518494,4025742.3516836865
1628842282237048986,353125.340447309,4025741.705062076
1628842282315128420,353125.0931626123,4025741.3330898685
1628842282435114628,353124.73129891325,4025740.7993922443
1628842282507063446,353124.5138818099,4025740.484409501
1628842282645163881,353124.08936808666,4025739.8790496155
1628842282705157840,353123.90627054276,4025739.6244294
1628842282843006384,353123.51163755916,4025739.0831389055
1628842282908995524,353123.3134450605,4025738.802223996
1628842283047244295,353122.86817097093,4025738.2198602343
1628842283113048556,353122.67287013645,4025737.9691089974
1628842283239110360,353122.2558695429,4025737.4586239136
1628842283365339509,353121.81470950146,4025736.911926876
1628842283437270807,353121.5665956128,4025736.621604043
1628842283509220424,353121.33451966336,4025736.342087392
1628842283640988175,353120.89685031783,4025735.8239874933
1628842283767407329,353120.4338343586,4025735.3031738386
1628842283839137776,353120.17931184545,4025735.017384741
1628842283971223814,353119.69728227786,4025734.486669878
1628842284037403510,353119.42180541356,4025734.1881132517
1628842284169164265,353118.9176690135,4025733.6495637884
1628842284241127262,353118.6346262357,4025733.352081464
1628842284384983118,353118.05628957413,4025732.753662329
1628842284439228625,353117.8203575616,4025732.5347585194
1628842284571154605,353117.2523118382,4025731.977211525
1628842284637428072,353116.9361825012,4025731.6759259477
1628842284775041080,353116.3557043932,4025731.0997296823
1628842284841146930,353116.03013403446,4025730.791524
1628842284973229719,353115.4129510056,4025730.208717141
1628842285045102552,353115.07093146956,4025729.899661114
1628842285177110979,353114.4259078795,4025729.310154469
1628842285243118378,353114.0698828606,4025728.9976737066
1628842285363254753,353113.4508218003,4025728.458936054
1628842285447124599,353113.0355043032,4025728.0730272117
1628842285573155468,353112.3488463416,4025727.479587632
1628842285639117720,353112.0276218674,4025727.2054273845
1628842285776951202,353111.2667837091,4025726.5262997826
1628842285855216037,353110.8253128091,4025726.1589619005
1628842285975239543,353110.1139716297,4025725.6046679765
1628842286041037386,353109.7732972513,4025725.3281824044
1628842286167118621,353108.98986407055,4025724.7434329097
1628842286239039939,353108.57888561196,4025724.4253834505
1628842286371105529,353107.8081533705,4025723.8368787193
1628842286437237613,353107.34838270105,4025723.5323822293
1628842286569114669,353106.5565040689,4025722.95220117
1628842286641096931,353106.12565729575,4025722.641355083
1628842286785066072,353105.2306366786,4025722.044886256
1628842286845237783,353104.85409837833,4025721.7839624733
1628842286971015135,353103.97744418145,4025721.2600590894
1628842287049135852,353103.4654291632,4025720.9198574056
1628842287180966305,353102.5403251266,4025720.4067546907
1628842287247228940,353102.0808213053,4025720.1157733486
1628842287372985575,353101.2883983341,4025719.6201058854
1628842287439156054,353100.76098695537,4025719.3578332365
1628842287583004282,353099.8179310683,4025718.787203755
1628842287643002451,353099.4128526863,4025718.5426942613
1628842287769191342,353098.4741543408,4025718.0432502325
1628842287841213795,353097.99544183945,4025717.763733699
1628842287979145911,353097.0273089055,4025717.17030548
1628842288111242905,353096.1414841256,4025716.6478400384
1628842288171216717,353095.7088048644,4025716.394124394
1628842288315087694,353094.75227771257,4025715.835869878
1628842288381027510,353094.3428921279,4025715.5974456347
1628842288513088046,353093.37677447987,4025715.032914563
1628842288573106688,353092.97250789235,4025714.7976079844
1628842288711191373,353091.9905972938,4025714.2407911136
1628842288777109214,353091.58934679313,4025714.0078748995
1628842288922059341,353090.6231843307,4025713.4695291915
1628842288976298518,353090.2241906473,4025713.240572621
1628842289120215552,353089.2988138505,4025712.711026752
1628842289192258664,353088.81727877597,4025712.4450779464
1628842289312433249,353087.97171216784,4025711.955256369
1628842289366420655,353087.64891358337,4025711.7674586456
1628842289523105088,353086.6609232845,4025711.2134614936
1628842289577107146,353086.279138081,4025710.98830278
1628842289715209102,353085.3760386569,4025710.461828193
1628842289780976489,353085.0008744709,4025710.237472833
1628842289919100797,353084.1157149357,4025709.715180386
1628842289979098121,353083.74877694435,4025709.4926998084
1628842290117369347,353082.90635645133,4025708.9778617667
1628842290177204454,353082.52856149484,4025708.756755478
1628842290321099246,353081.7097813826,4025708.253357725
1628842290387298709,353081.3069170979,4025708.0035929475
1628842290519103955,353080.56339728145,4025707.526263487
1628842290579097497,353080.2295944173,4025707.314512948
1628842290717183335,353079.4545219456,4025706.813151588
1628842290783068942,353079.13156973757,4025706.6068629515
1628842290921081004,353078.38168246654,4025706.1131009324
1628842290969144899,353078.1170515482,4025705.943635273
1628842291125017037,353077.3266176991,4025705.4389944314
1628842291179223344,353077.02865213563,4025705.235791838
1628842291323101550,353076.30521323346,4025704.77148912
1628842291377067543,353076.0514610043,4025704.60779008
1628842291526994893,353075.31735055754,4025704.12294673
1628842291581226595,353075.02130129095,4025703.933322675
1628842291713182051,353074.37979967054,4025703.5207931558
1628842291779009722,353074.08076909895,4025703.3299379256
1628842291923078604,353073.3451254262,4025702.85638181
1628842291983094665,353073.03939717717,4025702.6638090857
1628842292109313566,353072.38019046944,4025702.249718269
1628842292247111558,353071.74725226004,4025701.8274611514
1628842292325091560,353071.34679202456,4025701.5719187
1628842292450997506,353070.7590364875,4025701.184235342
1628842292517015555,353070.39716512256,4025700.952819226
1628842292643217005,353069.7295919049,4025700.507894819
1628842292720984008,353069.3505902098,4025700.2642568387
1628842292847073583,353068.6419276536,4025699.807944036
1628842292919069875,353068.2767392523,4025699.5644991696
1628842293051074545,353067.55473663355,4025699.100813665
1628842293122954514,353067.1594490132,4025698.8461602745
1628842293249090010,353066.4239875205,4025698.3775455165
1628842293321096840,353066.01585013035,4025698.117433701
1628842293447076544,353065.25606848294,4025697.619354374
1628842293519227799,353064.8381978043,4025697.3530904334
1628842293645380792,353064.0515774848,4025696.840359884
1628842293717164579,353063.6238232845,4025696.5671834187
1628842293849070537,353062.81931006885,4025696.0557634183
1628842293927192238,353062.30654984375,4025695.723999588
1628842294047229926,353061.54544216715,4025695.242239582
1628842294124983878,353061.0971035947,4025694.9583342443
1628842294251107058,353060.2534251103,4025694.41806772
1628842294323001981,353059.7968531675,4025694.1273744823
1628842294454888195,353058.9288976829,4025693.568293431
1628842294521221768,353058.4632062711,4025693.273451859
1628842294653093343,353057.5743001382,4025692.7049909453
1628842294719137321,353057.1006498103,4025692.4028990627
1628842294852195992,353056.2117991055,4025691.8386182897
1628842294924196399,353055.72358302225,4025691.5108637754
1628842295044170300,353054.8893509949,4025690.979226723
1628842295116468978,353054.39894754684,4025690.666920883
1628842295254254496,353053.3969392971,4025690.0167896096
1628842295326187631,353052.898908007,4025689.697410967
1628842295452166809,353051.94041922025,4025689.082308901
1628842295524399501,353051.4340172154,4025688.7543441593
1628842295650027417,353050.54195597285,4025688.175805495
1628842295722198476,353049.9537582797,4025687.797255801
1628842295854256354,353048.9921054793,4025687.176470334
1628842295926300509,353048.4542177634,4025686.821237846
1628842296052417575,353047.47498284164,4025686.1917478857
1628842296130028281,353046.9440695088,4025685.8496114607
1628842296256169106,353045.9452399866,4025685.1901496756
1628842296328170536,353045.40747022803,4025684.8427889724
1628842296449068944,353044.4565478038,4025684.2267048922
1628842296581062241,353043.44214377494,4025683.572329281
1628842296659088775,353042.7776973389,4025683.1569561283
1628842296725133026,353042.2230198849,4025682.8015204086
1628842296851087344,353041.2677848493,4025682.18828691
1628842296977189077,353040.201810777,4025681.504268242
1628842297049166651,353039.6378997266,4025681.1417870326
1628842297187114984,353038.4811911202,4025680.3909776304
1628842297247129357,353037.9927711473,4025680.077601425
1628842297379079937,353036.9303369233,4025679.396513861
1628842297457179196,353036.2469758344,4025678.9512492367
1628842297583062041,353035.25679526234,4025678.3180093793
1628842297649126194,353034.6489884264,4025677.9230999104
1628842297781060796,353033.5672927822,4025677.231261371
1628842297859206933,353032.9002929836,4025676.804854249
1628842297991179382,353031.79802682856,4025676.0902932393
1628842298051205372,353031.2966900697,4025675.7691102293
1628842298183079407,353030.1944680476,4025675.0445693247
1628842298249115582,353029.608840135,4025674.667838944
1628842298386948204,353028.5210715005,4025673.9681998566
1628842298453183638,353027.90805824765,4025673.572036337
1628842298591089852,353026.81401800714,4025672.873999181
1628842298651101913,353026.2063079558,4025672.481469021
1628842298783058301,353025.1087327284,4025671.786910014
1628842298854944881,353024.51686868176,4025671.4145582123
1628842298987078755,353023.40650423744,4025670.6990063796
1628842299053144492,353022.81528833613,4025670.327315089
1628842299185080967,353021.6944263774,4025669.6111785383
1628842299256956350,353021.102133384,4025669.238071283
1628842299388983297,353020.0022217658,4025668.5445901165
1628842299456228713,353019.3775290385,4025668.169957217
1628842299594292886,353018.186140748,4025667.431854083
1628842299654328543,353017.655084646,4025667.1016847724
1628842299787052790,353016.5480434473,4025666.42086777
1628842299858996047,353015.9525106879,4025666.0553842206
1628842299985203921,353014.8199041283,4025665.3740549413
1628842300057195593,353014.226461958,4025665.011954048
1628842300189075684,353013.09841828473,4025664.327953579
1628842300255129048,353012.5069812747,4025663.9648727383
1628842300387077247,353011.4108473205,4025663.290982034
1628842300459212569,353010.81467099494,4025662.915133661
1628842300579171611,353009.80863740714,4025662.293029768
1628842300657116345,353009.1293633025,4025661.8726309347
1628842300789139828,353008.04631605593,4025661.2027911847
1628842300849072569,353007.5486452468,4025660.895646547
1628842300987169103,353006.38029664167,4025660.1659433334
1628842301059123836,353005.8092818174,4025659.810023953
1628842301191171948,353004.72974292876,4025659.130572999
1628842301322979108,353003.67485162406,4025658.471212136
1628842301389241161,353003.10918624257,4025658.11681964
1628842301533096181,353001.97684448375,4025657.4122023275
1628842301593055711,353001.49811417644,4025657.113922649
1628842301719095436,353000.4566785644,4025656.4521366525
1628842301790937210,352999.9829094305,4025656.156214334
1628842301935032459,352998.7934460473,4025655.409780213
1628842301995069094,352998.32674583537,4025655.117339192
1628842302127072374,352997.32444700424,4025654.491572214
1628842302181121397,352996.8430726365,4025654.183510872
1628842302325041042,352995.7904641182,4025653.518741054
1628842302391152393,352995.25537089515,4025653.179119943
1628842302523098233,352994.30463589606,4025652.5745125897
1628842302589051479,352993.87061657466,4025652.298790584
1628842302733167285,352992.7865694165,4025651.629915647
1628842302793167767,352992.3635541698,4025651.3627351723
1628842302931069228,352991.44909323205,4025650.7759456285
1628842302985149046,352991.0387767184,4025650.515385821
1628842303129077549,352990.0967877741,4025649.916001697
1628842303188949730,352989.6920244292,4025649.667676973
1628842303327168972,352988.7792942933,4025649.0852529095
1628842303387153316,352988.3968379141,4025648.8402730445
1628842303537046610,352987.44369149185,4025648.247059951
1628842303597046748,352987.0737963909,4025648.010717252
1628842303728950007,352986.28975362494,4025647.5054570297
1628842303788990219,352985.93447643775,4025647.2773503875
1628842303927125360,352985.11217713036,4025646.7483249037
1628842303999091884,352984.72008372314,4025646.493071553
1628842304125434270,352984.0022261295,4025646.027033462
1628842304190975925,352983.67528212233,4025645.821151587
1628842304329164814,352982.921036754,4025645.3325372445
1628842304394985035,352982.5988898914,4025645.127245427
1628842304527120720,352981.86224720115,4025644.6604275107
1628842304592926749,352981.54302281904,4025644.450630549
1628842304731171566,352980.80849532376,4025643.9768797993
1628842304791181688,352980.48856014165,4025643.765874218
1628842304934973499,352979.7553828278,4025643.3018663656
1628842304995064378,352979.44590309856,4025643.1052710004
1628842305132965637,352978.7291072649,4025642.639520489
1628842305192923835,352978.435576508,4025642.476712546
1628842305331095377,352977.70516250597,4025642.0000235857
1628842305464124059,352977.0140200278,4025641.565759725
1628842305536144052,352976.631800517,4025641.3244384765
1628842305602089383,352976.2492550727,4025641.0836110576
1628842305734041884,352975.567958238,4025640.6415508203
1628842305860385105,352974.86110115953,4025640.1841770136
1628842305932110852,352974.5082213255,4025639.9603026467
1628842306064060546,352973.79174277955,4025639.496744423
1628842306130021705,352973.45821346657,4025639.282124444
1628842306262264308,352972.7021766142,4025638.7684556446
1628842306339960065,352972.3133297663,4025638.51156082
1628842306460085102,352971.6242726331,4025638.0891639534
1628842306532119332,352971.17032762,4025637.7941275393
1628842306664209670,352970.4372070299,4025637.3021040675
1628842306730054808,352970.0923807187,4025637.077238747
1628842306856278428,352969.3403433267,4025636.587062167
1628842306934089637,352968.8616322285,4025636.288478685
1628842307066079109,352968.0970209597,4025635.7932664417
1628842307126054382,352967.7419335744,4025635.5630820678
1628842307258139282,352966.9659840504,4025635.0606159093
1628842307330152791,352966.5471722447,4025634.790008349
1628842307468051559,352965.6952385451,4025634.2395144776
1628842307528057112,352965.33304373955,4025634.0057886275
1628842307660064173,352964.53352016315,4025633.4935906734
1628842307738271079,352964.04971949017,4025633.181849033
1628842307870298628,352963.26890989434,4025632.6781838886
1628842307942049707,352962.8278719295,4025632.388300059
1628842308062050401,352962.1143457544,4025631.9277444454
1628842308128531235,352961.70142343396,4025631.6607603664
1628842308272101619,352960.86207029904,4025631.1251293374
1628842308332144326,352960.51190256013,4025630.8985239225
1628842308464041995,352959.7362247715,4025630.4080778044
1628842308530060734,352959.3323950219,4025630.148385932
1628842308662260417,352958.5847114978,4025629.6635685465
1628842308739913243,352958.1954761858,4025629.411991016
1628842308861178144,352957.48861486337,4025628.9546186184
1628842308933034892,352957.0903881644,4025628.704536468
1628842309065048043,352956.4045892505,4025628.265605819
1628842309136963827,352956.0429685816,4025628.0344951306
1628842309263195901,352955.36718350195,4025627.607235597
1628842309341063559,352955.0192158093,4025627.38395003
1628842309473197568,352954.3332610183,4025626.9405665724
1628842309533157303,352954.0434056829,4025626.7549917586
1628842309665156271,352953.4328803428,4025626.3548847088
1628842309737047142,352953.1030464612,4025626.1425831644
1628842309869036722,352952.5026193203,4025625.7530471385
1628842309935057908,352952.1892984056,4025625.5538933235
1628842310067150660,352951.6064064411,4025625.188962428
1628842310204932543,352951.03664231015,4025624.8455375577
1628842310265094941,352950.71770829236,4025624.6578927105
1628842310397019120,352950.1349764121,4025624.3164579505
1628842310468926947,352949.81359166984,4025624.1322116815
1628842310595167018,352949.2138405194,4025623.8033339223
1628842310667089246,352948.90724401595,4025623.6323256753
1628842310805045699,352948.3255067304,4025623.347271176
1628842310870927798,352948.01435678697,4025623.2022193694
1628842310997176926,352947.4198478421,4025622.9473501686
1628842311074960989,352947.0927484549,4025622.812700937
1628842311207063400,352946.4439539868,4025622.5860358346
1628842311261040011,352946.1997435634,4025622.5083304266
1628842311398927167,352945.55714470265,4025622.3185479236
1628842311471171463,352945.1881098937,4025622.206766256
1628842311602932181,352944.5541695907,4025622.0510779624
1628842311662851439,352944.2714449784,4025621.9941678783
1628842311801058279,352943.57935917506,4025621.8799939523
1628842311872959333,352943.2300209118,4025621.8381303055
1628842311999393978,352942.598088328,4025621.788183021
1628842312064926863,352942.29780352453,4025621.771305218
1628842312203039750,352941.60154801,4025621.758765667
1628842312269330847,352941.2497297212,4025621.764552053
1628842312401160857,352940.6063155604,4025621.8208188065
1628842312473161768,352940.2559412278,4025621.858868641
1628842312599040711,352939.6571415981,4025621.9483143315
1628842312671204449,352939.2501894619,4025622.0350541524
1628842312808960409,352938.60291227984,4025622.191912467
1628842312863196268,352938.30530944455,4025622.27936041
1628842312995138926,352937.6635410798,4025622.5047905305
1628842313073081107,352937.2733613928,4025622.6530140224
1628842313205033413,352936.64488194,4025622.936752009
1628842313265066964,352936.3586457261,4025623.070394314
1628842313397286960,352935.7312047598,4025623.398243591
1628842313475068611,352935.35589726875,4025623.6072505577
1628842313607033474,352934.75787747477,4025623.9771425948
1628842313667043430,352934.4771978926,4025624.1716043474
1628842313798929307,352933.90781691665,4025624.594538839
1628842313870917842,352933.61167960474,4025624.839617403
1628842314003122566,352933.0142642577,4025625.3833901407
1628842314069040535,352932.776842849,4025625.6255192696
1628842314201016543,352932.2596627089,4025626.1797715225
1628842314279124396,352931.95729352924,4025626.528594585
1628842314410899590,352931.47943631385,4025627.1445581624
1628842314537066435,352931.0345528951,4025627.7691176054
1628842314603036396,352930.8397169681,4025628.0691795186
1628842314741153780,352930.3718261281,4025628.825295223
1628842314801135199,352930.18674126966,4025629.14783595
1628842314939076527,352929.7679121754,4025629.971235059
1628842314999064544,352929.597893015,4025630.314028164
1628842315143000641,352929.2218383332,4025631.132978288
1628842315202948747,352929.0467849156,4025631.5383574343
1628842315346934229,352928.68654701405,4025632.3950644624
1628842315401204361,352928.5455974409,4025632.802794627
1628842315544960059,352928.19040905737,4025633.6884079743
1628842315611261231,352928.01295409753,4025634.137956743
1628842315743283386,352927.7002003454,4025635.005393815
1628842315803134498,352927.5486180142,4025635.40140246
1628842315941047406,352927.2044431014,4025636.378931912
1628842316013051967,352927.0250176046,4025636.8499376928
1628842316138905409,352926.71743517806,4025637.6608289946
1628842316205109563,352926.5514629087,4025638.2002717103
1628842316343071822,352926.1951298869,4025639.151945269
1628842316403074888,352926.0439527073,4025639.6059920695
1628842316546936217,352925.68889239867,4025640.546779696
1628842316595028952,352925.5629616252,4025640.8800355997
1628842316750916575,352925.1895480277,4025641.933928759
1628842316805059574,352925.0403356252,4025642.3315452123
1628842316948956879,352924.69130074396,4025643.344802149
1628842317008899693,352924.54527972324,4025643.7402892415
1628842317135216308,352924.2290928527,4025644.589718165
1628842317213159593,352924.0542024057,4025645.1238190676
1628842317339026964,352923.7408550897,4025645.9661196815
1628842317405035717,352923.56699769583,4025646.4940994945
1628842317549150767,352923.2407013541,4025647.395458333
1628842317609164497,352923.0998496779,4025647.777002623
1628842317735064716,352922.8061021342,4025648.676527388
1628842317807185107,352922.6448335472,4025649.1163410842
1628842317950977119,352922.32354133605,4025650.0567389657
1628842318010907106,352922.1834196361,4025650.442177177
1628842318149073992,352921.87101200817,4025651.3746727714
1628842318209032292,352921.7274500576,4025651.7671274478
1628842318352909154,352921.3960423874,4025652.674798769
1628842318412881915,352921.2508987631,4025653.112751932
1628842318551092098,352920.922741099,4025654.018598088
1628842318599137333,352920.8036282137,4025654.3469165605
1628842318742997306,352920.469055761,4025655.3160436004
1628842318814960177,352920.29455791076,4025655.7914215582
1628842318946989908,352919.96997317387,4025656.6951319156
1628842319073127849,352919.6464107955,4025657.5783779644
1628842319151052714,352919.442708364,4025658.1613692963
1628842319271111978,352919.1366928958,4025658.9887445443
1628842319343002079,352918.95568425744,4025659.4754330884
1628842319475142758,352918.61289813276,4025660.411709793
1628842319553053280,352918.40488215885,4025660.974754636
1628842319673039414,352918.094394165,4025661.869924999
1628842319745023701,352917.910149737,4025662.3684789045
1628842319871370913,352917.5657041471,4025663.3000230403
1628842319955146836,352917.3487974672,4025663.934661143
1628842320080978518,352917.02590767376,4025664.8078250117
1628842320153054338,352916.80056380935,4025665.462778634
1628842320278870632,352916.47123442515,4025666.349876414
1628842320345104351,352916.27775262785,4025666.869919125
1628842320477170383,352915.91699948243,4025667.9145952067
1628842320543049250,352915.72067121405,4025668.441796908
1628842320680909503,352915.3547823634,4025669.5021548136
1628842320747014519,352915.158630657,4025670.036159023
1628842320872981864,352914.8216792187,4025670.95427033
1628842320950893789,352914.5866475521,4025671.6381057645
1628842321083014796,352914.2170302959,4025672.6406040806
1628842321149014669,352914.00672717986,4025673.251600948
1628842321281013457,352913.6351538254,4025674.257519979
1628842321347120055,352913.4327679287,4025674.798221903
1628842321479030102,352913.05623061163,4025675.8713035053
1628842321551013577,352912.8521934848,4025676.413162634
1628842321682946351,352912.45960107585,4025677.4766899887
1628842321742881297,352912.2820596491,4025677.941041831
1628842321887039800,352911.8320049193,4025679.148337578
1628842321947035076,352911.6558419979,4025679.607142307
1628842322073016826,352911.30633341114,4025680.518112106
1628842322144887837,352911.0871062227,4025681.1072266153
1628842322283142879,352910.6826766405,4025682.1610976993
1628842322349047103,352910.48205006693,4025682.684954506
1628842322475066799,352910.13191959576,4025683.630298053
1628842322552996738,352909.90522306017,4025684.223018408
1628842322679102374,352909.52806432464,4025685.21941934
1628842322751138312,352909.33343418397,4025685.7310893373
1628842322876866969,352909.00347579614,4025686.5994602004
1628842322954980950,352908.77513370954,4025687.2067045146
1628842323086911282,352908.4265762496,4025688.1228768835
1628842323153109086,352908.2205016556,4025688.661535843
1628842323273100033,352907.90478183795,4025689.487703027
1628842323410948134,352907.5616019479,4025690.396581956
1628842323483099191,352907.36070138385,4025690.929446288
1628842323543091865,352907.21148005116,4025691.3244082546
1628842323675121703,352906.88686244236,4025692.205780753
1628842323807142454,352906.5760853096,4025693.0340919197
1628842323878861101,352906.4126251231,4025693.47256992
1628842324017010508,352906.0835874288,4025694.356489425
1628842324076983810,352905.94836737413,4025694.7186512146
1628842324214977259,352905.6508428515,4025695.511855567
1628842324287041952,352905.4772255424,4025695.9749508006
1628842324413003878,352905.2207871918,4025696.6831369544
1628842324484922360,352905.07650724554,4025697.0711791003
1628842324689126618,352904.6551261326,4025698.2077975757
1628842324820986548,352904.4116195559,4025698.8678206927
1628842324887106329,352904.27749785973,4025699.239393901
1628842325007107860,352904.0693386404,4025699.8138858485
1628842325085030798,352903.953018551,4025700.136969195
1628842325217038053,352903.71178119455,4025700.7706474136
1628842325277040234,352903.61361003364,4025701.0252457955
1628842325409236260,352903.4121435517,4025701.5615988937
1628842325481087405,352903.31549613865,4025701.8335971283
1628842325618796415,352903.147960561,4025702.313801287
1628842325679271921,352903.05537945405,4025702.5664432123
1628842325811048567,352902.8999837121,4025702.9949881886
1628842325883000872,352902.818087931,4025703.210522124
1628842326021083874,352902.6774457374,4025703.6339643598
1628842326081084342,352902.6178336794,4025703.803007572
1628842326213138005,352902.4910295807,4025704.129198605
1628842326285083077,352902.4279053123,4025704.3102339203
1628842326423044845,352902.31621440203,4025704.625090457
1628842326483015581,352902.27120054874,4025704.7515576053
1628842326614979045,352902.18208368385,4025705.0064601023
1628842326681113172,352902.1406125468,4025705.1375668757
1628842326825043224,352902.03887420753,4025705.4220417948
1628842326878987533,352902.0008805946,4025705.527424008
1628842327016995007,352901.90917053696,4025705.7913732985
1628842327088875442,352901.86394001613,4025705.9293493675
1628842327215109982,352901.7799403705,4025706.1058866563
1628842327287085314,352901.733162964,4025706.2372360826
1628842327412834906,352901.6616547776,4025706.4430721505
1628842327485133993,352901.6023668088,4025706.6091801557
1628842327617091838,352901.5048873824,4025706.8838475957
1628842327689121934,352901.47827898077,4025706.967735094
1628842327815024588,352901.38790539536,4025707.233553817
1628842327880945619,352901.34631697764,4025707.3568500085
1628842328025109461,352901.2416254203,4025707.6269095894
1628842328151095885,352901.1538963893,4025707.8552379915
1628842328217082796,352901.10321114294,4025707.9968467196
1628842328360988858,352901.00093080185,4025708.292988687
1628842328414988939,352900.9682172608,4025708.387142263
1628842328552830479,352900.84658259567,4025708.7441296848
1628842328612966898,352900.79051079263,4025708.9028283004
1628842328762990317,352900.6569399561,4025709.270424912
1628842328822950933,352900.6009025176,4025709.4333954495
1628842328961089572,352900.4662243174,4025709.774857036
1628842329021114362,352900.4037558994,4025709.9518223633
1628842329158988856,352900.27628541825,4025710.289987758
1628842329219030948,352900.1973921427,4025710.51248988
1628842329351008854,352900.0472477623,4025710.939786117
1628842329411039561,352899.9740073463,4025711.1262727506
1628842329555122563,352899.8020297546,4025711.618057633
1628842329626943268,352899.71208746557,4025711.8737676414
1628842329753182768,352899.54270064516,4025712.333434266
1628842329813036772,352899.4606127946,4025712.565512197
1628842329951091163,352899.25959012506,4025713.1046045017
1628842330023121332,352899.1595939709,4025713.3901180243
1628842330155024204,352898.9549416121,4025713.9410213307
1628842330215025162,352898.86262179026,4025714.1991520994
1628842330365105130,352898.61971103493,4025714.8605081127
1628842330425061562,352898.5118178014,4025715.1397164087
1628842330557079894,352898.2878648978,4025715.740691472
1628842330622975342,352898.18290470453,4025716.024580263
1628842330755065227,352897.92415442935,4025716.717852192
1628842330827101596,352897.7937372152,4025717.0640023
1628842330959108245,352897.5214351644,4025717.7275357
1628842331019107131,352897.40116088383,4025718.03564097
1628842331162979671,352897.1065471757,4025718.7835688144
1628842331217100939,352896.9792021795,4025719.1021396653
1628842331355098365,352896.6707707163,4025719.856802372
1628842331414873912,352896.5577840082,4025720.1582226176
1628842331558993645,352896.2098198527,4025720.993208016
1628842331624961714,352896.0670331157,4025721.3325184807
1628842331763090411,352895.71530030516,4025722.1603351333
1628842331817247622,352895.56387425377,4025722.508947613
1628842331961105046,352895.1784528063,4025723.352778153
1628842332021100565,352895.01737852406,4025723.7105877013
1628842332171094537,352894.5899434062,4025724.646349343
1628842332291123399,352894.2452341472,4025725.3799907444
1628842332356885419,352894.06953461305,4025725.7495538015
1628842332483101130,352893.66960043745,4025726.5865811277
1628842332561016338,352893.4248260155,4025727.0859495294
1628842332687134312,352893.0335862649,4025727.8755571167
1628842332765083460,352892.7807730471,4025728.3822947275
1628842332890869493,352892.3925795584,4025729.144140406
1628842332956954236,352892.1437257348,4025729.614433516
1628842333094957420,352891.6794466641,4025730.5079430966
1628842333166846536,352891.4131619895,4025730.987870574
1628842333293061479,352890.97049769806,4025731.8224494956
1628842333365075979,352890.7290431495,4025732.271956454
1628842333502959684,352890.2484678142,4025733.128205747
1628842333556978281,352890.0377434023,4025733.5132561447
1628842333695069230,352889.52403299685,4025734.4343080693
1628842333755059167,352889.3124892423,4025734.8187315213
1628842333892998389,352888.78551511274,4025735.7386963703
1628842333964992267,352888.5362412251,4025736.186016771
1628842334078978641,352888.14630757365,4025736.8839572556
1628842334157053909,352887.8278367191,4025737.4039861755
1628842334289067602,352887.3677311237,4025738.212036156
1628842334355010370,352887.1224744576,4025738.643846368
1628842334486989390,352886.64173611527,4025739.4652777608
1628842334558962830,352886.39796372096,4025739.8932785853
1628842334690952855,352885.9211493491,4025740.708539843
1628842334769005264,352885.64710814145,4025741.1940008667
1628842334889004830,352885.2410075073,4025741.915775745
1628842334966960606,352884.974653942,4025742.356092418
1628842335099090388,352884.5054388553,4025743.188864112
1628842335159098106,352884.28346925566,4025743.5393456956
1628842335291107712,352883.85110858176,4025744.3003241275
1628842335490060272,352883.182003841,4025745.468676193
1628842335567939812,352882.95571836527,4025745.869646626
1628842335693977969,352882.5282346086,4025746.6158632487
1628842335759986020,352882.3027053318,4025747.0101374495
1628842335892100053,352881.86825150263,4025747.733187282
1628842335963910518,352881.6441277605,4025748.1190147074
1628842336095954051,352881.2336264811,4025748.828718397
1628842336162065939,352880.99140146264,4025749.1936737024
1628842336293980011,352880.5830758878,4025749.8791703284
1628842336360151328,352880.364229389,4025750.2428132626
1628842336492047908,352879.9504707819,4025750.916133964
1628842336564092685,352879.73583819694,4025751.2709162314
1628842336695945165,352879.3300102977,4025751.9156596703
1628842336762203109,352879.1205636796,4025752.255918961
1628842336887887489,352878.76637550374,4025752.836888458
1628842337031835826,352878.3373581527,4025753.491821848
1628842337092300472,352878.13109630084,4025753.8250690266
1628842337224003447,352877.7353670527,4025754.441290005
1628842337295949200,352877.5257478669,4025754.767330938
1628842337428092345,352877.1337802715,4025755.372318547
1628842337499968151,352876.93848236237,4025755.693416628
1628842337632088460,352876.5860396096,4025756.2872961876
1628842337697945069,352876.35957999923,4025756.604711807
1628842337817964955,352876.0235977038,4025757.130440182
1628842337901966760,352875.7985909119,4025757.4790509567
1628842338028063970,352875.4555220826,4025758.0394764245
1628842338093816186,352875.2975903856,4025758.303207471
1628842338225828076,352874.93990814826,4025758.850910936
1628842338298084879,352874.7164202902,4025759.195955883
1628842338430051462,352874.3451079556,4025759.7749274545
1628842338490003832,352874.17910755525,4025760.042915415
1628842338621943422,352873.8317582342,4025760.616353208
1628842338699944831,352873.5765698574,4025760.9763102676
1628842338825931078,352873.2417062102,4025761.4973505433
1628842338892086356,352873.0606936044,4025761.793395175
1628842339023943518,352872.68362419074,4025762.3824439133
1628842339101830835,352872.4772543014,4025762.7101998664
1628842339233829940,352872.0415091957,4025763.374616826
1628842339293833066,352871.85405018966,4025763.667108778
1628842339420068055,352871.4310396038,4025764.2928875666
1628842339503963101,352871.1761085796,4025764.6819238886
1628842339635924334,352870.75444075355,4025765.31982604
1628842339695828132,352870.53828995454,4025765.5855831536
1628842339822048711,352870.0982247916,4025766.2251709714
1628842339894068621,352869.83780823316,4025766.57691605
1628842340032010213,352869.3450355408,4025767.264548845
1628842340097961679,352869.12959662563,4025767.5578515674
1628842340224068159,352868.64409472956,4025768.230620837
1628842340296077612,352868.38309665833,4025768.5777676357
1628842340427950326,352867.87304867397,4025769.2329481137
1628842340493980350,352867.60502501065,4025769.5864703814
1628842340625928033,352867.1025079781,4025770.2475045626
1628842340697811288,352866.792714629,4025770.608877168
1628842340835865833,352866.2739454148,4025771.2788544
1628842340895994442,352865.96743758116,4025771.644993085
1628842341027956589,352865.43682091427,4025772.3271955573
1628842341105822602,352865.14854757267,4025772.6973277302
1628842341238109720,352864.552450502,4025773.4401213047
1628842341369850457,352864.0152771649,4025774.1513661523
1628842341429951288,352863.7380051917,4025774.4791969145
1628842341501828937,352863.4475445957,4025774.874635097
1628842341633836968,352862.90421759494,4025775.622483892
1628842341771948042,352862.2941487734,4025776.4348209808
1628842341831952929,352862.04423991806,4025776.793803781
1628842341975968045,352861.4330824878,4025777.6354871127
1628842342030099503,352861.1854509978,4025778.008164329
1628842342173948294,352860.5772865246,4025778.8931018063
1628842342233954268,352860.330749461,4025779.279005234
1628842342371947065,352859.759880164,4025780.197672733
1628842342431950056,352859.4975983035,4025780.610271997
1628842342570087184,352858.9346652314,4025781.564052985
1628842342624041217,352858.7347246349,4025781.910468668
1628842342773927897,352858.1056186781,4025782.954149751
1628842342833949298,352857.86501037504,4025783.3787103244
1628842342965823297,352857.3165750787,4025784.3235476958
1628842343032087795,352857.0338411471,4025784.8293602313
1628842343170284117,352856.43757943716,4025785.8701949804
1628842343235953671,352856.1885289254,4025786.3075638707
1628842343367938611,352855.65268939466,4025787.2608545967
1628842343421989814,352855.37943598174,4025787.7426412413
1628842343577932527,352854.75990652014,4025788.867673312
1628842343631866822,352854.5516132114,4025789.2442910536
1628842343775953601,352853.8948587015,4025790.3994660256
1628842343824280303,352853.6861712447,4025790.778928649
1628842343967894597,352853.07337802823,4025791.884559185
1628842344039946833,352852.78089636855,4025792.421085803
1628842344165985127,352852.2043578769,4025793.465461802
1628842344225987236,352851.95194378495,4025793.929835251
1628842344364290674,352851.3654294516,4025795.013077385
1628842344436052225,352851.0484541494,4025795.57913402
1628842344568107158,352850.50558517524,4025796.579847219
1628842344633812704,352850.2553999311,4025797.03887277
1628842344777937701,352849.6043667875,4025798.22807
1628842344831897429,352849.3971111219,4025798.607355847
1628842344970072659,352848.7949016937,4025799.7098468146
1628842345030046982,352848.54917636147,4025800.161014638
1628842345173810794,352847.94556074834,4025801.260660871
1628842345234078446,352847.7004838912,4025801.7086743675
1628842345371855478,352847.12771526026,4025802.7449300457
1628842345431890243,352846.85653961764,4025803.2088287706
1628842345569994167,352846.2822506799,4025804.222038804
1628842345641912739,352845.99704164674,4025804.721301937
1628842345773937624,352845.4450188674,4025805.6411764575
1628842345900062768,352844.8815177245,4025806.5662508546
1628842345972079464,352844.6020278764,4025807.043749229
1628842346097709882,352844.12740440003,4025807.8523231368
1628842346175815807,352843.77810158045,4025808.4052875107
1628842346302062846,352843.27123606193,4025809.258873514
1628842346374096189,352843.00307742466,4025809.711704195
1628842346505932405,352842.4982298097,4025810.5798740597
1628842346571986195,352842.2393935835,4025811.0191491195
1628842346703942256,352841.7352399614,4025811.8652733327
1628842346775867429,352841.4784259831,4025812.29422955
1628842346896060716,352841.01185138174,4025813.008824462
1628842346973977111,352840.72834001086,4025813.485811433
1628842347105908817,352840.27620735735,4025814.244808845
1628842347177794890,352840.0029047488,4025814.6319304
1628842347297818189,352839.58902220463,4025815.315997797
1628842347369818712,352839.34928243095,4025815.713413838
1628842347513938435,352838.84934903117,4025816.4719412643
1628842347579902634,352838.6170998117,4025816.8584573185
1628842347699889816,352838.2217478348,4025817.481723665
1628842347766059152,352837.99892051774,4025817.854255143
1628842347909914045,352837.54303102486,4025818.5663189585
1628842347975958260,352837.3156560515,4025818.9433222557
1628842348095976488,352836.917426946,4025819.590349935
1628842348180045719,352836.6512760152,4025820.020288853
1628842348311946330,352836.2404687016,4025820.7083936203
1628842348383854643,352836.0282409807,4025821.0697892434
1628842348509912185,352835.6004136752,4025821.742283236
1628842348569917264,352835.41022586625,4025822.053652001
1628842348701844215,352835.0184813298,4025822.7437524954
1628842348780019069,352834.7627799844,4025823.177084634
1628842348899968421,352834.3123020375,4025823.815996912
1628842348977796469,352834.0828014082,4025824.1999029336
1628842349103848544,352833.65299507807,4025824.9121954665
1628842349182055280,352833.3626982931,4025825.2896875315
1628842349307928494,352832.9586168074,4025825.9559800457
1628842349373946025,352832.721813502,4025826.349257041
1628842349505796299,352832.26912915974,4025827.0244621746
1628842349577928776,352832.0270663372,4025827.4207277065
1628842349704042337,352831.54850306024,4025828.134641787
1628842349775925820,352831.2990112122,4025828.5364351654
1628842349913906664,352830.7640086953,4025829.384579376
1628842349973926073,352830.5427955155,4025829.7344088736
1628842350105790923,352830.05487681093,4025830.493160122
1628842350237909993,352829.56958172587,4025831.321935947
1628842350303966783,352829.2903105597,4025831.7358318972
1628842350375928358,352829.00926337525,4025832.150276824
1628842350507846446,352828.4762486998,4025832.8872107384
1628842350639805977,352827.92398539645,4025833.6462308303
1628842350705967763,352827.56216587615,4025834.036198813
1628842350837902451,352826.96296233963,4025834.7789260824
1628842350909792566,352826.620391051,4025835.1530641434
1628842351041922434,352825.98895382474,4025835.8729926907
1628842351108004576,352825.63949650765,4025836.252283186
1628842351239897609,352824.96687813196,4025836.94370553
1628842351311801283,352824.5995359963,4025837.309475188
1628842351437966999,352823.8745041382,4025837.9678213
1628842351510008725,352823.49032748176,4025838.3208152386
1628842351647952397,352822.6613998198,4025839.015472122
1628842351696323412,352822.3744153149,4025839.2554862523
1628842351839917982,352821.5532933709,4025839.9128704057
1628842351911758505,352821.0854162835,4025840.2423833027
1628842352043850233,352820.2728250059,4025840.813531717
1628842352110082592,352819.8294255776,4025841.1125688585
1628842352235928906,352819.01555864105,4025841.603202322
1628842352313784316,352818.49121370004,4025841.9187816232
1628842352440044555,352817.58521830774,4025842.4117122716
1628842352505805160,352817.17410940793,4025842.6290540667
1628842352637807572,352816.2682659079,4025843.0824005622
1628842352715914286,352815.67975047685,4025843.3429169273
1628842352847850203,352814.74881684064,4025843.7511264756
1628842352914050348,352814.2009734855,4025843.9490618883
1628842353034035834,352813.3230406866,4025844.286546501
1628842353117790166,352812.7314003255,4025844.4978297325
1628842353243922667,352811.69879721815,4025844.787708914
1628842353303921263,352811.2423610872,4025844.927389819
1628842353442030009,352810.1261716358,4025845.1978145614
1628842353507920348,352809.66341263155,4025845.3210012
1628842353639833295,352808.6578309528,4025845.5729458374
1628842353705920139,352808.0630753344,4025845.662790535
1628842353837797688,352807.04285931616,4025845.8823602768
1628842353904001709,352806.4637725528,4025845.9567715647
1628842354047921802,352805.35961931373,4025846.1649801256
1628842354107930488,352804.88633270946,4025846.247818057
1628842354239792527,352803.8371609575,4025846.3842304084
1628842354318020316,352803.212746177,4025846.4770816644
1628842354449900711,352802.173144293,4025846.5821728967
1628842354516108420,352801.6325089291,4025846.651933575
1628842354641894051,352800.71086807246,4025846.7635969566
1628842354719785686,352800.05861630116,4025846.7897513476
1628842354846331585,352799.0687700148,4025846.887314431
1628842354977952914,352798.02041741845,4025846.9335942073
1628842355043891381,352797.56772655423,4025846.970336377
1628842355181778182,352796.4760365747,4025846.991442742
1628842355241782672,352796.03036103636,4025847.021657074
1628842355385914772,352795.00341069204,4025847.0908893654
1628842355440068003,352794.53576511337,4025847.0764020057
1628842355583827855,352793.5381764715,4025847.143976061
1628842355643831539,352793.11752350396,4025847.174009657
1628842355782039319,352792.1195766779,4025847.196240352
1628842355847781064,352791.7119815215,4025847.2242211425
1628842355980034443,352790.7278101688,4025847.2273579426
1628842356051897582,352790.26641483477,4025847.256527319
1628842356184088910,352789.4116003509,4025847.2525841175
1628842356243961302,352789.0278661052,4025847.2748801243
1628842356387901554,352788.14210352796,4025847.3256320274
1628842356453918043,352787.71434054937,4025847.3108032662
1628842356580191817,352786.9142466396,4025847.3454820053
1628842356645822460,352786.5766695379,4025847.332569868
1628842356783950529,352785.75683377555,4025847.3701780834
1628842356849779519,352785.40262022254,4025847.3902943055
1628842356987831253,352784.56361942313,4025847.3740589027
1628842357047762687,352784.20296507864,4025847.3797275415
1628842357186034853,352783.34704823326,4025847.331552697
1628842357246009541,352782.9923162105,4025847.3364188727
1628842357377764377,352782.254936852,4025847.3404303337
1628842357449763058,352781.8399599965,4025847.312048335
1628842357576044792,352781.1014519107,4025847.292732868
1628842357648010026,352780.73064095236,4025847.2628377154
1628842357785927686,352779.89462461683,4025847.2309574136
1628842357845954769,352779.5259896124,4025847.21237801
1628842357989906901,352778.6809787591,4025847.1073466022
1628842358044114585,352778.3131635535,4025847.0795369153
1628842358181899780,352777.53430763446,4025846.9577261163
1628842358241878338,352777.159472935,4025846.921826407
1628842358391759913,352776.2052143011,4025846.8183154166
1628842358451755718,352775.8546465682,4025846.7126057916
1628842358577974128,352775.00893005147,4025846.5956847426
1628842358715765017,352774.2716054976,4025846.3316571545
1628842358793771396,352773.7471158307,4025846.2379965535
1628842358914051621,352773.26654227695,4025845.765228894
1628842358992004238,352772.74740541814,4025845.6408374347
1628842359112052976,352771.9618135892,4025845.4414124433
1628842359183884672,352771.5033131901,4025845.287090486
1628842359309948022,352770.6409364586,4025845.0410264293
1628842359381883374,352770.1740759433,4025844.9003049633
1628842359514046026,352769.29831211444,4025844.57493879
1628842359585901766,352768.82586472307,4025844.418839728
1628842359717882917,352767.9408192069,4025844.1004368663
1628842359783881810,352767.46370875766,4025843.928547783
1628842359915765430,352766.5686364174,4025843.584924499
1628842359982006454,352766.0877394064,4025843.3967422186
1628842360119753650,352765.1915215171,4025843.033301891
1628842360185896330,352764.6506384026,4025842.8531579184
1628842360323998427,352763.67848757654,4025842.433054269
1628842360389757996,352763.2616780988,4025842.2447293927
1628842360516001760,352762.2997445015,4025841.838612619
1628842360587893863,352761.8100622436,4025841.607580087
1628842360725910904,352760.73731967714,4025841.1290654745
1628842360786045938,352760.31358862715,4025840.921357384
1628842360906022308,352759.37101312284,4025840.5310560097
1628842360989897745,352758.80095385597,4025840.241360496
1628842361121879734,352757.8723656343,4025839.76091587
1628842361193765187,352757.2258704267,4025839.6256579766
1628842361319804819,352756.28122282354,4025839.1403593537
1628842361391762972,352755.77155217266,4025838.8789047
1628842361517979793,352754.67352279543,4025838.4569123536
1628842361589873718,352754.1593781477,4025838.189002971
1628842361721773275,352753.10846853146,4025837.699559116
1628842361793888078,352752.58397598495,4025837.427949863
1628842361920021838,352751.67757013196,4025836.807143317
1628842361991875445,352751.162097284,4025836.519450545
1628842362111782805,352750.2770339088,4025836.0231608106
1628842362190032243,352749.5959427182,4025835.7315071397
1628842362322013230,352748.6258520445,4025835.1848733574
1628842362388137006,352748.03388623375,4025834.903668497
1628842362513874383,352747.13343605236,4025834.4026050507
1628842362591892108,352746.53281800624,4025834.0684156143
1628842362723748271,352745.4641284097,4025833.5160111138
1628842362790017413,352744.9334506383,4025833.2216799967
1628842362915871476,352743.9423300054,4025832.7063797214
1628842362993906990,352743.3359999119,4025832.368320225
1628842363125749297,352742.35819192213,4025831.815684137
1628842363191940314,352741.7472652527,4025831.5025749467
1628842363323991593,352740.7690786418,4025830.9465274564
1628842363444009968,352739.7908896231,4025830.4101031316
1628842363527888562,352739.1927392923,4025830.0649163155
1628842363594051868,352738.67160118546,4025829.762671914
1628842363713983364,352737.7165535359,4025829.2213379396
1628842363845926428,352736.7666168906,4025828.664688777
1628842363923928344,352736.15256486787,4025828.2619714374
1628842364055869981,352735.22249342187,4025827.7006818517
1628842364115869487,352734.79615997477,4025827.439582303
1628842364247987603,352733.8794245961,4025826.8144974234
1628842364319886326,352733.3909568202,4025826.5077613574
1628842364451858489,352732.45073079003,4025825.923634099
1628842364517883302,352731.9757191015,4025825.624817735
1628842364649748847,352731.06297239335,4025825.071046761
1628842364727971820,352730.5391467189,4025824.739093525
1628842364860051379,352729.70208517136,4025824.2085424536
1628842364919868646,352729.2473512704,4025823.944629841
1628842365051743263,352728.43545922084,4025823.423447426
1628842365123738558,352728.00791927095,4025823.1470487034
1628842365267755300,352727.1035020107,4025822.584194828
1628842365322033220,352726.7495224915,4025822.3550390904
1628842365447922835,352725.9448793988,4025821.8680358487
1628842365519989444,352725.5477697916,4025821.609766566
1628842365652013999,352724.76705525024,4025821.1408201363
1628842365723892548,352724.3845972428,4025820.893471479
1628842365849927118,352723.6929980742,4025820.4442512104
1628842365921883487,352723.27960943594,4025820.1906532487
1628842366053749782,352722.6192819987,4025819.7587851323
1628842366125787079,352722.27394401445,4025819.531710521
1628842366251897830,352721.5870473606,4025819.129347052
1628842366323887061,352721.25431584846,4025818.9149673227
1628842366461992811,352720.55205774383,4025818.497636544
1628842366521991269,352720.2700970368,4025818.3184051877
1628842366654006500,352719.6468989932,4025817.9468811
1628842366731756006,352719.3257328529,4025817.7431997936
1628842366857742674,352718.7409499635,4025817.3729760777
1628842366917737870,352718.4473019964,4025817.213596933
1628842367061878456,352717.81513217924,4025816.8187876795
1628842367121746290,352717.5460544005,4025816.6487675044
1628842367253901573,352716.9077853016,4025816.27218961
1628842367313919729,352716.6401519255,4025816.1045558304
1628842367457743081,352716.0032575453,4025815.722675037
1628842367529875464,352715.6882031297,4025815.530242656
1628842367656169761,352715.09856819286,4025815.181616762
1628842367727873906,352714.780312252,4025814.9785880693
1628842367859776322,352714.17519269255,4025814.589789152
1628842367926141935,352713.87078446953,4025814.379109295
1628842368057977117,352713.2507035736,4025813.995294983
1628842368195755236,352712.6187681381,4025813.5909605147
1628842368249853915,352712.33135327627,4025813.4068781915
1628842368393766641,352711.6533532919,4025812.9695738424
1628842368465751464,352711.3105849486,4025812.7788028116
1628842368591865784,352710.64846860257,4025812.369244039
1628842368657916885,352710.30221807415,4025812.136997341
1628842368796133314,352709.57892020594,4025811.6759265866
1628842368862002500,352709.26755225693,4025811.4759548833
1628842368993874719,352708.56515966274,4025811.0274379957
1628842369053871609,352708.24461297394,4025810.8225258323
1628842369203792976,352707.42596898763,4025810.2983777174
1628842369263793286,352707.09577907145,4025810.0863357033
1628842369401996586,352706.31936258223,4025809.588478361
1628842369462002674,352705.9666319152,4025809.371814545
1628842369593881489,352705.23481194524,4025808.901367383
1628842369665709909,352704.82071900775,4025808.6387184025
1628842369792003266,352704.0723777637,4025808.156894279
1628842369851996974,352703.7233543998,4025807.93211081
1628842370001909816,352702.8404817171,4025807.3621486947
1628842370061901159,352702.486691238,4025807.133417928
1628842370193983175,352701.68502429756,4025806.631351415
1628842370259764436,352701.32664147136,4025806.398182094
1628842370397728533,352700.4831420012,4025805.851782235
1628842370457864778,352700.0729526646,4025805.6248951573
1628842370595868509,352699.2167609688,4025805.0733399824
1628842370655882030,352698.800826253,4025804.856774117
1628842370805976352,352697.8772918065,4025804.2647067015
1628842370860035788,352697.5698200007,4025804.067751483
1628842370997862832,352696.6474320177,4025803.5233947327
1628842371057867185,352696.28228545946,4025803.2909204112
1628842371195991637,352695.3741461917,4025802.757124949
1628842371268014793,352694.9526114799,4025802.4894148535
1628842371399861783,352694.17546461994,4025801.9953551735
1628842371459756436,352693.73712175654,4025801.7622329667
1628842371597982786,352692.904757549,4025801.235389629
1628842371657984976,352692.50801037496,4025800.9841957735
1628842371801889489,352691.6820729986,4025800.460203547
1628842371861870715,352691.3306330486,4025800.236926484
1628842371999864424,352690.5066289337,4025799.6884261305
1628842372059869194,352690.1632892275,4025799.4658964477
1628842372203843631,352689.3323759387,4025798.934664709
1628842372329881261,352688.6050760124,4025798.466308814
1628842372401864086,352688.16624905635,4025798.2065224387
1628842372521845316,352687.5122221322,4025797.7792495107
1628842372599999378,352687.0843701444,4025797.499012736
1628842372659969259,352686.73582749476,4025797.288198949
1628842372803875444,352686.00346972374,4025796.8185559255
1628842372923839757,352685.3621062391,4025796.3965611234
1628842373001962884,352684.96185760363,4025796.133311495
1628842373127743647,352684.37325706374,4025795.7451492865
1628842373205861264,352683.94179962925,4025795.489815532
1628842373325880691,352683.37536965066,4025795.1204112666
1628842373397861495,352683.05226994224,4025794.909012541
1628842373535958300,352682.36457028345,4025794.481183197
1628842373607861735,352682.05494837405,4025794.279870464
1628842373727772898,352681.507697574,4025793.9345851503
1628842373805858179,352681.1747961289,4025793.712122511
1628842373937724233,352680.60571619007,4025793.3753565997
1628842373997756435,352680.37256815634,4025793.2202908983
1628842374129737852,352679.877312611,4025792.903174898
1628842374195900667,352679.5975527464,4025792.7260436327
1628842374334152388,352679.09968837065,4025792.411657597
1628842374399748614,352678.8968187028,4025792.280125362
1628842374525960163,352678.43166134134,4025791.983127919
1628842374603782743,352678.2166349028,4025791.838435501
1628842374729860362,352677.7999094066,4025791.5808069096
1628842374807859313,352677.5721176422,4025791.4356295895
1628842374928025474,352677.22125079134,4025791.2299521645
1628842374999960312,352677.03453563794,4025791.10977269
1628842375131734637,352676.69374532736,4025790.890038339
1628842375209854413,352676.47281788674,4025790.766259497
1628842375329858101,352676.15668756317,4025790.5734805465
1628842375401710304,352675.9825066968,4025790.488671918
1628842375539910270,352675.61759448797,4025790.2808223967
1628842375599876553,352675.46005789976,4025790.1966768974
1628842375731885206,352675.1081953139,4025790.040150336
1628842375798035254,352674.9118719396,4025789.952605305
1628842375929963043,352674.5472245957,4025789.810609004
1628842376001957531,352674.3363786671,4025789.7323136465
1628842376128172198,352673.92776123056,4025789.605164111
1628842376205703011,352673.7120760252,4025789.5689436942
1628842376331929215,352673.2777287138,4025789.490144719
1628842376404002478,352673.03178617416,4025789.4495863267
1628842376535855641,352672.57553187024,4025789.414220584
1628842376667849454,352672.1041185733,4025789.4637692785
1628842376733835660,352671.8507639825,4025789.484494839
1628842376805717021,352671.5966999774,4025789.517348084
1628842376937851178,352671.0975138016,4025789.586625773
1628842377063878925,352670.6187987925,4025789.711128625
1628842377135850365,352670.3588985781,4025789.797426451
1628842377274032188,352669.8246881728,4025789.98589227
1628842377333971174,352669.611798799,4025790.0997726107
1628842377465932677,352669.13314303674,4025790.353426395
1628842377531724734,352668.9288224088,4025790.4866315224
1628842377669712473,352668.42713804124,4025790.793137143
1628842377729741913,352668.2248598529,4025790.942359995
1628842377861744914,352667.79532072216,4025791.2953997366
1628842377939825946,352667.5059383161,4025791.509122898
1628842378065883824,352667.096886592,4025791.920134144
1628842378137715040,352666.9110591527,4025792.117875525
1628842378269948310,352666.44634956424,4025792.568926459
1628842378341826062,352666.24222990917,4025792.8198663904
1628842378467894685,352665.816467091,4025793.2155061006
1628842378527886360,352665.65023839613,4025793.445873685
1628842378659833489,352665.235482316,4025793.844469656
1628842378732001260,352665.0502582134,4025794.1297567524
1628842378875845800,352664.6933405727,4025794.718899972
1628842378929867261,352664.4748923956,4025794.855854947
1628842379061850484,352664.1625329198,4025795.4216574193
1628842379133713067,352663.9988872801,4025795.732151717
1628842379277995343,352663.55398042814,4025796.1739549343
1628842379331966164,352663.41310433025,4025796.441489645
1628842379463844429,352663.01357536425,4025796.9943391196
1628842379535697343,352662.8484390279,4025797.306903487
1628842379674039882,352662.46179870167,4025797.924933791
1628842379733998333,352662.3230381694,4025798.191242358
1628842379871710732,352662.0263011972,4025798.7640120764
1628842379943841997,352661.7227690229,4025799.017862938
1628842380075712290,352661.427778689,4025799.574886254
1628842380141708096,352661.292858873,4025799.830143092
1628842380267824370,352660.8471740072,4025800.1687175524
1628842380333885176,352660.6869684773,4025800.4481777446
1628842380465842488,352660.2389393598,4025800.75297823
1628842380537712723,352660.07564717985,4025801.0232134634
1628842380663959448,352659.66175854794,4025801.585889876
1628842380741834562,352659.4898220383,4025801.8646645127
1628842380867853809,352659.1623073909,4025802.3934929837
1628842380939704738,352659.02834716433,4025802.995997031
1628842381066082071,352658.7055651345,4025803.541102673
1628842381137966859,352658.53286908206,4025803.830846182
1628842381269817773,352658.09995983785,4025804.425401592
1628842381407837815,352657.7620777299,4025805.24017625
1628842381467820884,352657.6035977354,4025805.513412037
1628842381611694809,352657.22033158614,4025806.175483657
1628842381671836930,352657.09422504203,4025806.6349692913
1628842381809819079,352656.6999520627,4025807.319200978
1628842381869800632,352656.5289748756,4025807.614896827
1628842382013694251,352656.13851967873,4025808.514703311
1628842382067975313,352655.9632216032,4025808.823717415
1628842382211834669,352655.5951101609,4025809.83682333
1628842382271838893,352655.41523933376,4025810.1587022035
1628842382409933244,352655.0186153026,4025811.1928925137
1628842382475835817,352654.83586706826,4025811.521442713
1628842382613831613,352654.4085545746,4025812.290770916
1628842382673833441,352654.23675853445,4025812.8973058346
1628842382811810082,352653.80568626383,4025813.678844133
1628842382877695997,352653.61931753263,4025814.013437433
1628842383003925430,352653.2325439119,4025815.063329696
1628842383063916097,352653.04685296817,4025815.4036793765
1628842383213810970,352652.5913619986,4025816.5673511573
1628842383273831223,352652.40397403867,4025816.910201661
1628842383411931733,352651.9715386884,4025818.002863006
1628842383471953607,352651.7857578417,4025818.3522780747
1628842383615976941,352651.3481844021,4025819.166062437
1628842383675837299,352651.1831730299,4025819.7749235197
1628842383813958433,352650.750881842,4025820.5924328533
1628842383879814906,352650.56781280227,4025820.939787664
1628842384017834095,352650.09915111715,4025821.991133426
1628842384077835338,352649.9182085245,4025822.337902776
1628842384215961918,352649.44937703724,4025823.2643721057
1628842384269972210,352649.2993486555,4025823.5500072516
1628842384407959151,352648.8551652853,4025824.441694355
1628842384485717283,352648.6477599074,4025824.8367657824
1628842384605864965,352648.266537981,4025825.566919155
1628842384667200596,352648.0664572191,4025825.961988135
1628842384811113260,352647.65836126346,4025826.7377955187
1628842384882828051,352647.4555221272,4025827.1214061575
1628842385014833514,352647.0615353275,4025827.9228834054
1628842385069973008,352646.89004072215,4025828.2473361776
1628842385219802569,352646.43860931834,4025829.129136791
1628842385279826306,352646.2692853785,4025829.448425659
1628842385417969563,352645.86945776007,4025830.2671533613
1628842385537982401,352645.5413247227,4025830.8869364075
1628842385609896797,352645.3531742528,4025831.2423429326
1628842385741809078,352644.9946214781,4025831.970279967
1628842385819979468,352644.7872075601,4025832.363032291
1628842385951944512,352644.4370691923,4025833.045568194
1628842386017706297,352644.2835962804,4025833.3350157193
1628842386137727334,352643.9784472957,4025833.910096005
1628842386209875383,352643.7782537517,4025834.3451760327
1628842386341946808,352643.45462339884,4025834.9605185534
1628842386413917116,352643.273345851,4025835.3090943284
1628842386533935807,352642.98071828694,4025835.8577468516
1628842386617690727,352642.78668719734,4025836.2208829187
1628842386743820005,352642.47159588465,4025836.8484095363
1628842386821732344,352642.3015485005,4025837.171800203
1628842386943203351,352641.9780701514,4025837.772735744
1628842387020816674,352641.80076287215,4025838.1053136894
1628842387147197745,352641.4741626349,4025838.7434121394
1628842387213024932,352641.2951725625,4025839.073943492
1628842387344951733,352640.96764857596,4025839.6882231673
1628842387417035547,352640.79153351265,4025840.033476326
1628842387543129305,352640.46121724095,4025840.659430837
1628842387620996560,352640.2760111842,4025841.004899624
1628842387741028919,352639.975351284,4025841.664468941
1628842387818915203,352639.75323158497,4025842.0807871637
1628842387945947069,352639.3885498711,4025842.7910367465
1628842388017934593,352639.19178507256,4025843.1638935786
1628842388143709795,352638.8492019609,4025843.8114803345
1628842388215864799,352638.61171101884,4025844.2786586923
1628842388341963606,352638.2557003903,4025844.946035789
1628842388419905662,352638.0029304776,4025845.421042414
1628842388539913120,352637.6365918418,4025846.1056241617
1628842388611818274,352637.42073927633,4025846.509994937
1628842388751015165,352636.9738612312,4025847.3561348272
1628842388816931880,352636.7528173792,4025847.7710920624
1628842388942920788,352636.3636318906,4025848.5317468373
1628842389014805687,352636.13732639595,4025848.956742406
1628842389153041613,352635.66985224106,4025849.824656185
1628842389218955250,352635.4368323513,4025850.2568155914
1628842389345007528,352635.03342043085,4025851.0064207115
1628842389410900518,352634.8036109519,4025851.496357031
1628842389549100241,352634.3198902665,4025852.395950112
1628842389614985884,352634.1085657311,4025852.786602475
1628842389746903628,352633.64400346484,4025853.6839471976
1628842389812890510,352633.3928899628,4025854.1504418375
1628842389951107436,352632.85269388143,4025855.1137402193
1628842390023117657,352632.5939933465,4025855.591716571
1628842390143123095,352632.1581737563,4025856.510209852
1628842390274996458,352631.66648523737,4025857.4275779696
1628842390485111188,352630.8496709354,4025859.0481147454
1628842390545093385,352630.6148598305,4025859.4915658887
1628842390682767704,352630.098739452,4025860.546130953
1628842390742914488,352629.8185987115,4025861.078793917
1628842390874885061,352629.29455327574,4025862.08008742
1628842390947979959,352629.0069323772,4025862.723840825
1628842391079806399,352628.47386600985,4025863.7545850067
1628842391145845024,352628.1819197027,4025864.4113821215
1628842391277803193,352627.637913906,4025865.471823235
1628842391349723072,352627.3410892902,4025866.0463354373
1628842391475935673,352626.7931836351,4025867.2291893363
1628842391547898634,352626.4947710343,4025867.8126092977
1628842391679809937,352625.92050521914,4025868.9941414865
1628842391751707945,352625.61735161266,4025869.5841119085
1628842391883732526,352625.0518834199,4025870.683553907
1628842391949931869,352624.7389086107,4025871.3546249466
1628842392087667728,352624.17387037724,4025872.463184567
1628842392147838411,352623.86106713826,4025873.1389524913
1628842392279777237,352623.29049526935,4025874.254106607
1628842392339866357,352623.02721576754,4025874.7696372056
1628842392483776627,352622.3972583811,4025876.0519409296
1628842392549852036,352622.0878515064,4025876.6564223133
1628842392681897537,352621.50520315906,4025877.852837583
1628842392753666973,352621.1940021286,4025878.4594857735
1628842392885684676,352620.6164385417,4025879.5851961426
1628842392939927539,352620.34533953795,4025880.1756898025
1628842393083806115,352619.72539528325,4025881.3899210775
1628842393155663021,352619.3857429273,4025882.023023957
1628842393282059430,352618.8104581428,4025883.1463153246
1628842393347681578,352618.545367372,4025883.664776099
1628842393473886911,352617.9325827075,4025884.806466711
1628842393551897058,352617.57796161156,4025885.496129836
1628842393683915746,352616.9350058291,4025886.602627647
1628842393743913803,352616.6669943107,4025887.116224777
1628842393881682989,352616.0868036266,4025888.2273621047
1628842393947803805,352615.7152496928,4025888.798873177
1628842394085818079,352615.08918846457,4025889.9817448966
1628842394151794767,352614.81409587763,4025890.5527141728
1628842394283958908,352614.1940730157,4025891.7299290136
1628842394349671103,352613.92960495787,4025892.231136738
1628842394488938949,352613.3074309351,4025893.4864226095
1628842394548913783,352613.04653038806,4025893.983846506
1628842394680931482,352612.471785883,4025895.138806824
1628842394758823851,352612.1262802277,4025895.7973394915
1628842394885333125,352611.5692312387,4025896.8604451185
1628842395017110188,352611.0074827842,4025898.031236967
1628842395077223447,352610.7531436466,4025898.517868079
1628842395220826366,352610.1460189101,4025899.757151031
1628842395287046554,352609.8520506873,4025900.321819137
1628842395419056596,352609.30729848624,4025901.386546884
1628842395479049586,352609.05864221265,4025901.8645669026
1628842395623321475,352608.48128106457,4025902.973276338
1628842395688829734,352608.13740936364,4025903.5466058413
1628842395821052054,352607.60349416133,4025904.5630226205
1628842395886829129,352607.3584820613,4025905.029200794
1628842396030821493,352606.7330948054,4025906.2354080193
1628842396090824319,352606.4907477626,4025906.696780099
1628842396222808528,352605.9500880792,4025907.747278179
1628842396282830953,352605.711060182,4025908.202825942
1628842396426875858,352605.1634015812,4025909.317317169
1628842396492810684,352604.891368255,4025909.838399011
1628842396630902886,352604.3920736045,4025910.79447308
1628842396684811855,352604.1603234854,4025911.2795605552
1628842396823012929,352603.63530637196,4025912.287952668
1628842396889661566,352603.412393103,4025912.7148142266
1628842397027780747,352602.866408373,4025913.6944183838
1628842397081985741,352602.64802446205,4025914.1094535226
1628842397225893167,352602.108029485,4025915.041073213
1628842397285873369,352601.89467896015,4025915.4416182972
1628842397423824212,352601.3364092151,4025916.33051857
1628842397483830749,352601.1274512509,4025916.714783942
1628842397621998037,352600.64903722075,4025917.592194089
1628842397693897243,352600.3683510872,4025918.001056215
1628842397825803273,352599.94058787735,4025918.7701817593
1628842397891648511,352599.7481951715,4025919.114583648
1628842398029668701,352599.27538337663,4025919.8691859557
1628842398095866048,352599.0629137113,4025920.2425551764
1628842398221764576,352598.64305855543,4025920.841424021
1628842398287913067,352598.4388921467,4025921.189795167
1628842398425834497,352598.0852094416,4025921.9667398906
1628842398491807165,352597.9176455805,4025922.2583049536
1628842398623692898,352597.562000165,4025922.8767881515
1628842398749909124,352597.2683211166,4025923.5588391293
1628842398827836122,352597.05700033414,4025923.935149108
1628842398959785615,352596.789510084,4025924.5994662484
1628842399031649141,352596.6054767461,4025924.932922686
1628842399163783394,352596.298533077,4025925.5994673236
1628842399223768468,352596.14312526304,4025925.895174473
1628842399349815497,352595.8014753958,4025926.5344313127
1628842399421770757,352595.67197096243,4025926.9355798815
1628842399559887697,352595.30517812027,4025927.623543793
1628842399625625522,352595.14719410945,4025927.9238877334
1628842399751886853,352594.8457246746,4025928.591087013
1628842399823769678,352594.6558245757,4025928.95999833
1628842399955767046,352594.3331704481,4025929.6843366036
1628842400033929886,352594.10328928096,4025930.1303143967
1628842400153908484,352593.8244053923,4025930.8442492625
1628842400231635821,352593.62281966535,4025931.2456320985
1628842400363823221,352593.21110451705,4025932.062840764
1628842400435655124,352593.0670722183,4025932.4962193016
1628842400555887774,352592.7033963519,4025933.220278836
1628842400633815797,352592.4566462003,4025933.7097722846
1628842400753816131,352592.09084196045,4025934.459411576
1628842400831778576,352591.870091552,4025934.896734884
1628842400957638828,352591.4614248602,4025935.7388402205
1628842401023896094,352591.2346453968,4025936.1841397323
1628842401155823224,352590.8073505856,4025937.0506711416
1628842401227774638,352590.5763622887,4025937.5033055376
1628842401359669227,352590.1442054785,4025938.349533704
1628842401425903624,352589.894310538,4025938.8694308307
1628842401557901436,352589.4544979288,4025939.728469469
1628842401629646565,352589.21654285345,4025940.19315493
1628842401755826564,352588.77333772334,4025941.1146910344
1628842401827852901,352588.5333551248,4025941.583973439
1628842401965639271,352588.0894842661,4025942.5040407903
1628842402026162547,352587.8480966905,4025942.976841422
1628842402157819944,352587.40601025545,4025943.917478077
1628842402229777398,352587.1654546411,4025944.3961240286
1628842402361646665,352586.7110658351,4025945.2809390463
1628842402427857963,352586.4879583935,4025945.8236658266
1628842402553760470,352586.0748964554,4025946.647733846
1628842402631750885,352585.79740314395,4025947.201136258
1628842402758823541,352585.3450376187,4025948.145671084
1628842402836759318,352585.09742021293,4025948.632570264
1628842402962781248,352584.6483682912,4025949.594276152
1628842403028951825,352584.4040286154,4025950.0836831066
1628842403160984619,352583.954192678,4025951.045936442
1628842403232777404,352583.7085773399,4025951.5392866777
1628842403364742966,352583.25210826204,4025952.4596449384
1628842403490776969,352582.84744001756,4025953.3590870267
1628842403562907270,352582.5659122675,4025953.92825968
1628842403628686449,352582.3549438253,4025954.355696927
1628842403755685388,352581.90392473177,4025955.3398671495
1628842403887795146,352581.4423463779,4025956.2720160773
1628842403953895785,352581.1952377865,4025956.8139153398
1628842404097766085,352580.68651766446,4025957.818385053
1628842404152909455,352580.4732114103,4025958.298551363
1628842404284890178,352579.99469516554,4025959.234269197
1628842404356930984,352579.7349838482,4025959.738571162
1628842404494916553,352579.21257811144,4025960.8068274176
1628842404554922750,352578.9863691627,4025961.24073443
1628842404686894360,352578.4999411489,4025962.2190526803
1628842404764790820,352578.1934552557,4025962.799316104
1628842404896878955,352577.6940540605,4025963.7828447884
1628842404956746171,352577.4615550104,4025964.2201395314
1628842405094773892,352576.95632411377,4025965.1677410007
1628842405172779784,352576.6323954726,4025965.7882797346
1628842405298769637,352576.1232322572,4025966.734345965
1628842405358729597,352575.88818600157,4025967.1707990733
1628842405496656496,352575.37465828186,4025968.1634794776
1628842405568874306,352575.05826479616,4025968.742568794
1628842405700794050,352574.540258771,4025969.726734641
1628842405760757027,352574.3038106783,4025970.1615026435
1628842405893760217,352573.7866937261,4025971.1369252875
1628842405965646172,352573.50975844346,4025971.644099261
1628842406097642994,352572.99414698454,4025972.5860181637
1628842406163873817,352572.71208379103,4025973.1218442055
1628842406289778197,352572.1950307646,4025974.0633299183
1628842406367688806,352571.9167840148,4025974.570541525
1628842406493738100,352571.3945558693,4025975.545074722
1628842406565867202,352571.115443895,4025976.0534455017
1628842406697766532,352570.5991784554,4025977.0429989635
1628842406763796392,352570.3224172496,4025977.553206638
1628842406895766297,352569.806677039,4025978.541332136
1628842406955760638,352569.5712152169,4025978.9784334
1628842407093895883,352569.0264233154,4025979.9989597145
1628842407165864618,352568.7511875797,4025980.5468006474
1628842407297842239,352568.25114935247,4025981.4963438446
1628842407357765122,352568.0229051395,4025981.9343294622
1628842407495883484,352567.49650826876,4025982.988463649
1628842407573761216,352567.23678556667,4025983.49738974
1628842407693798146,352566.7555016741,4025984.4837238076
1628842407765794522,352566.5016773506,4025984.98954356
1628842407891730757,352566.0724291111,4025985.8521729102
1628842407969851378,352565.79041244276,4025986.4714040007
1628842408095889133,352565.3376626877,4025987.3984751436
1628842408227800660,352564.89539401804,4025988.3675743295
1628842408299737563,352564.6593339868,4025988.8627616
1628842408371677660,352564.4252601189,4025989.356297633
1628842408497885024,352563.99685493554,4025990.307918375
1628842408635756299,352563.56753561983,4025991.211183743
1628842408689795575,352563.3811924573,4025991.668812116
1628842408833627192,352562.92584695265,4025992.6262471685
1628842408899857699,352562.7117628688,4025993.15565272
1628842409037759916,352562.2932152406,4025994.0247379066
1628842409091865339,352562.10203141323,4025994.4202683456
1628842409241803950,352561.63973943016,4025995.4608915313
1628842409295629999,352561.4845545445,4025995.7821086654
1628842409439774121,352561.035487346,4025996.7892423263
1628842409493837125,352560.8830936344,4025997.1023094705
1628842409631898418,352560.45989349176,4025997.9687730866
1628842409703740152,352560.26292239537,4025998.4384996276
1628842409835836698,352559.87599490164,4025999.2323848186
1628842409901669780,352559.7067189837,4025999.613290706
1628842410033797531,352559.2926262801,4026000.4517975883
1628842410105754893,352559.08702017344,4026000.8678068905
1628842410232066269,352558.7274661738,4026001.6544056586
1628842410297627482,352558.55560233246,4026002.0051733484
1628842410435860823,352558.1785586589,4026002.813142358
1628842410501729843,352558.00941838714,4026003.1499933116
1628842410639610924,352557.61717986513,4026003.9330435647
1628842410699623503,352557.4695109718,4026004.285230709
1628842410843601686,352557.0867575135,4026005.0768782636
1628842410903823801,352556.90067924187,4026005.481874101
1628842411041628662,352556.53180894966,4026006.2267150814
1628842411101745956,352556.3625948818,4026006.571776663
1628842411239871589,352555.9831766909,4026007.3782755546
1628842411299855340,352555.8161418354,4026007.7240630216
1628842411437775257,352555.4384618058,4026008.5430294718
1628842411497785577,352555.2648472013,4026008.90029684
1628842411641923092,352554.86681392277,4026009.7552851033
1628842411707875092,352554.6525124472,4026010.1947276834
1628842411845755001,352554.2475850862,4026011.0211921833
1628842411965731079,352553.8852869921,4026011.7773962347
1628842412043642813,352553.6300156845,4026012.300315874
1628842412169854114,352553.21592051606,4026013.1332231187
1628842412241877098,352552.98212057294,4026013.603317094
1628842412373745211,352552.5428964676,4026014.489310668
1628842412445617308,352552.31468624086,4026014.922016617
1628842412565852160,352551.9004157126,4026015.749983015
1628842412643852573,352551.6276261578,4026016.305137836
1628842412769777671,352551.1702447266,4026017.2198831704
1628842412835743120,352550.9578463575,4026017.6473914827
1628842412961780954,352550.4873548448,4026018.623868866
1628842413033738685,352550.23468517384,4026019.1328586964
1628842413165844647,352549.746052557,4026020.103174993
1628842413243786345,352549.452730962,4026020.6927983263
1628842413369718809,352549.01049944846,4026021.584946885
1628842413435860880,352548.73327873525,4026022.137934147
1628842413573816742,352548.2070978614,4026023.195499399
1628842413633860539,352547.98060830415,4026023.6521785855
1628842413765766518,352547.47273367643,4026024.6897178064
1628842413837738263,352547.20633418654,4026025.229383025
1628842413963910295,352546.70564899984,4026026.2876742557
1628842414047866036,352546.398749146,4026026.911495243
1628842414167845992,352545.9240382286,4026027.8910354935
1628842414233770729,352545.6527940729,4026028.4419069993
1628842414371737982,352545.14690997615,4026029.4690516777
1628842414437844947,352544.8652661401,4026030.0884909127
1628842414575646529,352544.35379839735,4026031.12645772
1628842414635847563,352544.0675281419,4026031.7197150053
1628842414767784202,352543.55482046696,4026032.7601291486
1628842414839740154,352543.27924771514,4026033.320245049
1628842414965854240,352542.7646113363,4026034.4140984914
1628842415037786111,352542.4900357678,4026034.975418174
1628842415169788626,352541.96210904076,4026036.054040481
1628842415247828190,352541.6478198756,4026036.6937346812
1628842415373611275,352541.178029526,4026037.6521036206
1628842415445721642,352540.8931623326,4026038.256048968
1628842415577778216,352540.3475964634,4026039.372340786
1628842415637785899,352540.0977316473,4026039.8900571717
1628842415769681329,352539.6343044487,4026040.840337493
1628842415847614622,352539.3274091524,4026041.469743504
1628842415973845817,352538.8241203987,4026042.5381200183
1628842416039848481,352538.55674896605,4026043.083371637
1628842416171777151,352538.058973626,4026044.1134611666
1628842416243723002,352537.7925356681,4026044.6507927766
1628842416369893569,352537.3356622577,4026045.5647216546
1628842416441771441,352537.031598145,4026046.2080415566
1628842416573802307,352536.54103409534,4026047.184830941
1628842416705715825,352536.05912808434,4026048.171833874
1628842416771830635,352535.79661674466,4026048.6888195607
1628842416849611817,352535.5347361533,4026049.203414122
1628842416981595311,352535.0727222236,4026050.1649470883
1628842417107712613,352534.59586344863,4026051.1059881146
1628842417179725874,352534.3412351774,4026051.6253040354
1628842417305817666,352533.8710199343,4026052.551430847
1628842417371681058,352533.6555538686,4026052.9761079443
1628842417509847500,352533.14532211504,4026054.004044656
1628842417575774541,352532.89625649806,4026054.4951436697
1628842417707813297,352532.42841169774,4026055.4260444497
1628842417767811630,352532.2178418893,4026055.8425281234
1628842417905775285,352531.7076204857,4026056.8405647934
1628842417965766615,352531.49819130567,4026057.2523369407
1628842418109711196,352531.0136996715,4026058.2074853284
1628842418175837916,352530.75750344386,4026058.715338051
1628842418313730076,352530.31344276597,4026059.593015271
1628842418379663039,352530.1106386173,4026059.9959618417
1628842418511713371,352529.61752083513,4026060.9337779586
1628842418571706427,352529.4173034644,4026061.3309126343
1628842418703836058,352528.9929027768,4026062.2053485373
1628842418781831061,352528.7346074524,4026062.720752104
1628842418913598908,352528.3103395485,4026063.572495686
1628842418973846246,352528.1136377818,4026063.9699749355
1628842419099853064,352527.6821693167,4026064.8361616433
1628842419171810683,352527.45961645665,4026065.2980770054
1628842419303844028,352527.04560097156,4026066.137149084
1628842419375597325,352526.82895592554,4026066.5821714182
1628842419501762457,352526.3923580528,4026067.464345358
1628842419573729592,352526.16501144157,4026067.927906385
1628842419711755881,352525.7070301179,4026068.864453434
1628842419771756496,352525.51037324884,4026069.266349468
1628842419903750005,352525.06757346925,4026070.128387997
1628842419975703570,352524.84045654454,4026070.5910906564
1628842420113961048,352524.3847814123,4026071.521464434
1628842420173856750,352524.18009734305,4026071.9089553067
1628842420311697106,352523.75013193116,4026072.779129793
1628842420383673340,352523.5177882728,4026073.2485209536
1628842420515859645,352523.06180192216,4026074.196455574
1628842420575850551,352522.8635642688,4026074.598699024
1628842420713722947,352522.4413866359,4026075.494292222
1628842420773744369,352522.2090877817,4026075.9663072093
1628842420905825679,352521.7804795696,4026076.853441968
1628842420983721202,352521.5471232135,4026077.3260777057
1628842421115701480,352521.11409973016,4026078.204818913
1628842421175774762,352520.87280800217,4026078.6774142436
1628842421313569165,352520.4378856757,4026079.555752927
1628842421445839478,352519.97223055596,4026080.5219036764
1628842421505798025,352519.7722307873,4026080.9281826857
1628842421643708394,352519.33742587303,4026081.827752315
1628842421721695057,352519.07048545475,4026082.367694853
1628842421841729298,352518.67226943094,4026083.1774454433
1628842421908279002,352518.4244645303,4026083.6546531064
1628842422051851445,352517.95592803985,4026084.593135088
1628842422117641230,352517.75456866727,4026084.994829083
1628842422249810862,352517.2935443789,4026085.9443375776
1628842422303719750,352517.12875386537,4026086.274767764
1628842422453871853,352516.623992293,4026087.2777938605
1628842422513807466,352516.4295153633,4026087.666064928
1628842422651796909,352515.9698896875,4026088.5847647088
1628842422717616027,352515.7777280402,4026088.9692045334
1628842422855868803,352515.3339892792,4026089.8638147013
1628842422915796878,352515.1400377364,4026090.25963769
1628842423053769614,352514.69608830404,4026091.1400682596
1628842423101958226,352514.53909027926,4026091.451368452
1628842423245707835,352514.0971292587,4026092.342827982
1628842423317772747,352513.8857754434,4026092.7758968077
1628842423443735289,352513.486388866,4026093.5885363086
1628842423515754403,352513.27352134767,4026094.0115599893
1628842423653806100,352512.85471368325,4026094.866553301
1628842423713818519,352512.67548655055,4026095.2255652314
1628842423845829262,352512.2931075208,4026096.002850196
1628842423911625683,352512.10932413867,4026096.36670812
1628842424055829763,352511.6641899063,4026097.247418451
1628842424109819855,352511.51696346723,4026097.537525522
1628842424247836683,352511.1072067176,4026098.3720094147
1628842424313596232,352510.93539601,4026098.7184896106
1628842424457737305,352510.50694044575,4026099.580384111
1628842424517808133,352510.3371221272,4026099.9202003856
1628842424655806997,352509.9420648366,4026100.7182017053
1628842424709697321,352509.8054003791,4026100.992320742
1628842424847821732,352509.4275131533,4026101.753766884
1628842424919752709,352509.2338224967,4026102.13619584
1628842425057712907,352508.8761949637,4026102.8561360827
1628842425177824222,352508.5392335155,4026103.578173671
1628842425249847906,352508.3422003932,4026103.9775893823
1628842425381587337,352508.00567335024,4026104.665973544
1628842425453715264,352507.77251307573,4026105.1195555665
1628842425579832956,352507.4132116673,4026105.8523037736
1628842425652025409,352507.21466435085,4026106.2488155663
1628842425783873278,352506.84257764334,4026107.003182136
1628842425849830954,352506.63614180544,4026107.4203362837
1628842425982246150,352506.2519828107,4026108.200558713
1628842426053861920,352506.0371977065,4026108.6345940917
1628842426191679720,352505.6408030015,4026109.423897912
1628842426252285489,352505.4229553375,4026109.860884643
1628842426389711747,352505.0101416218,4026110.684236091
1628842426455710603,352504.7919407726,4026111.1094336594
1628842426581823981,352504.3677271792,4026111.958698195
1628842426653798223,352504.12659555173,4026112.3993466995
1628842426791706363,352503.6830068254,4026113.2631776882
1628842426857690865,352503.4415393898,4026113.732503562
1628842426983840756,352502.98192404176,4026114.6086085737
1628842427061563050,352502.73618654435,4026115.085247539
1628842427187830929,352502.269193081,4026115.967150706
1628842427253745042,352502.0179352873,4026116.449369263
1628842427385561326,352501.5813844096,4026117.2819980425
1628842427457749670,352501.2666639935,4026117.85116676
1628842427589716094,352500.7819602915,4026118.766548322
1628842427649703747,352500.54722536914,4026119.2046695184
1628842427776324591,352500.05361939536,4026120.1295373393
1628842427847807617,352499.78462087316,4026120.6308951606
1628842427985748113,352499.2393098683,4026121.6503523635
1628842428057802123,352498.97099719103,4026122.1615176992
1628842428177803189,352498.4871449433,4026123.053382273
1628842428249777525,352498.21661173494,4026123.5703495154
1628842428387616186,352497.7133160104,4026124.5355135635
1628842428459754219,352497.3838555949,4026125.133353213
1628842428585590433,352496.91752337787,4026126.028936602
1628842428651709006,352496.6274757072,4026126.5666220784
1628842428783842754,352496.1217125383,4026127.5409950763
1628842428855594201,352495.8490335265,4026128.066349414
1628842428981757260,352495.31673907815,4026129.0615791576
1628842429059794703,352495.00554695015,4026129.6622741944
1628842429191787813,352494.47097476845,4026130.6635242947
1628842429251820003,352494.2391679872,4026131.110476589
1628842429389687298,352493.7417710216,4026132.0743083498
1628842429455841122,352493.4518255557,4026132.6179737383
1628842429581826585,352492.96203836857,4026133.5734628723
1628842429653806382,352492.68678048986,4026134.1032710792
1628842429785826451,352492.2033583568,4026135.0508011705
1628842429911733623,352491.71130045084,4026135.992996506
1628842429983838958,352491.45436392096,4026136.4965182804
1628842430055800962,352491.1992584312,4026136.9982426683
1628842430187797455,352490.7212608381,4026137.9237876954
1628842430319599627,352490.25768085336,4026138.835750978
1628842430385752156,352490.0115532662,4026139.323452164
1628842430523795855,352489.506709556,4026140.3140989556
1628842430589441897,352489.2965381056,4026140.728631623
1628842430715728851,352488.84833060857,4026141.6293125185
1628842430787759477,352488.6096330235,4026142.107075748
1628842430925822423,352488.12384947774,4026143.082558821
1628842430985819011,352487.922602433,4026143.4853046364
1628842431123595547,352487.4957573701,4026144.3483061176
1628842431195671363,352487.2545334413,4026144.8192801895
1628842431327805614,352486.8047900358,4026145.7283111378
1628842431387806387,352486.6037753613,4026146.1196011673
1628842431519797432,352486.19237899856,4026146.9489092166
1628842431579799174,352486.0044590604,4026147.3277920512
1628842431717722488,352485.5781300432,4026148.2139136754
1628842431789822445,352485.36577550054,4026148.643599559
1628842431921813061,352484.9816731985,4026149.4484349415
1628842431993775541,352484.77737436886,4026149.867298606
1628842432120234185,352484.4050740218,4026150.6339782947
1628842432191728872,352484.2057209979,4026151.05653438
1628842432323684850,352483.84287971875,4026151.805190523
1628842432389822295,352483.6464250741,4026152.19901039
1628842432521739645,352483.2962058793,4026152.929005484
1628842432581736157,352483.13926656777,4026153.2597510573
1628842432713721846,352482.8026075638,4026153.9670331264
1628842432791813833,352482.59226090426,4026154.405294799
1628842432929667692,352482.2561570823,4026155.089610298
1628842432983884253,352482.0968091827,4026155.418695521
1628842433121622309,352481.7577404001,4026156.1314127166
1628842433187681551,352481.5660458227,4026156.4857376465
1628842433325810339,352481.2070175668,4026157.218129695
1628842433385790499,352481.0492313779,4026157.53855749
1628842433523743328,352480.6982543812,4026158.2634500414
1628842433584200960,352480.54797176225,4026158.5782702263
1628842433727681407,352480.1938468262,4026159.292132647
1628842433787691355,352480.03860952856,4026159.6099039707
1628842433919797871,352479.711523741,4026160.268198277
1628842433997724267,352479.50799977244,4026160.6895227674
1628842434129753790,352479.1787035146,4026161.372135592
1628842434255786653,352478.8315066959,4026162.042990941
1628842434315797029,352478.67405616934,4026162.359820538
1628842434393553411,352478.4902537841,4026162.731352082
1628842434519700443,352478.1549599668,4026163.398672646
1628842434663667879,352477.7793166493,4026164.128458056
1628842434717806797,352477.61812398536,4026164.447755627
1628842434861787307,352477.24105261615,4026165.197624271
1628842434921794053,352477.0732671881,4026165.51686815
1628842435059817806,352476.6943609648,4026166.2700945195
1628842435125547462,352476.5331806857,4026166.5901148003
1628842435263822070,352476.14109428384,4026167.357888048
1628842435329695625,352475.95419743855,4026167.723315338
1628842435461721893,352475.59605057014,4026168.4339247737
1628842435521715872,352475.4402774801,4026168.748885271
1628842435659786653,352475.07366451516,4026169.4784675
1628842435731719983,352474.88974915474,4026169.8433443285
1628842435857541230,352474.58004790265,4026170.4561457923
1628842435923703514,352474.39932309906,4026170.8112445255
1628842436061801068,352474.06054913497,4026171.501765743
1628842436133548177,352473.91493011464,4026171.800091343
1628842436265789636,352473.56794451154,4026172.4779248214
1628842436325811726,352473.41539410275,4026172.7778175636
1628842436463797942,352473.0595889019,4026173.4502746025
1628842436523789508,352472.90729968407,4026173.754751572
1628842436673561126,352472.5450970167,4026174.438623508
1628842436715793024,352472.4226229544,4026174.6838896605
1628842436871646639,352472.04906626197,4026175.425040464
1628842436925725526,352471.8999218105,4026175.6919525554
1628842437057795036,352471.558374252,4026176.3593547517
1628842437123646059,352471.39757687075,4026176.6767463526
1628842437273677644,352470.98415183317,4026177.470966094
1628842437327828079,352470.8136452382,4026177.8096015994
1628842437465794482,352470.40710856894,4026178.5638680984
1628842437525782341,352470.23177145515,4026178.9091613786
1628842437669692895,352469.8203413931,4026179.6556337383
1628842437729717759,352469.6396869689,4026180.011257475
1628842437867610010,352469.24125371757,4026180.796933293
1628842437927799623,352469.01167917985,4026181.1615276085
1628842438071768171,352468.5683401738,4026182.0270474628
1628842438131707435,352468.376082608,4026182.4038042286
1628842438269691629,352467.9061600814,4026183.2602140983
1628842438323675864,352467.74074856244,4026183.582619311
1628842438467645528,352467.262959499,4026184.4824581505
1628842438533752594,352467.0257096228,4026184.948313106
1628842438659698737,352466.5647061721,4026185.8266762444
1628842438803653364,352466.0787288567,4026186.7940597264
1628842438863673742,352465.86854191474,4026187.214714127
1628842438995789882,352465.38797097676,4026188.1411372703
1628842439061720438,352465.1381496985,4026188.646531126
1628842439193713419,352464.6424627921,4026189.6064381273
1628842439265670853,352464.3886130416,4026190.1297450303
1628842439392132724,352463.89099152037,4026191.1265793527
1628842439463767038,352463.63446270034,4026191.6646024617
1628842439601623897,352463.15655622503,4026192.6793776257
1628842439667663289,352462.8768451462,4026193.239571947
1628842439793824602,352462.4030780833,4026194.28595244
1628842439871610525,352462.1500512338,4026194.857574451
1628842440003690908,352461.617814666,4026196.0295792557
1628842440063695607,352461.4029686835,4026196.5314642387
1628842440201552992,352460.91824313835,4026197.6655007144
1628842440267750135,352460.6740193025,4026198.2630180856
1628842440399781475,352460.20902555843,4026199.4267330887
1628842440471612847,352459.9727662182,4026200.0367512316
1628842440597688299,352459.54378824704,4026201.179219095
1628842440669659669,352459.2859285271,4026201.8254484073
1628842440801636586,352458.8716963129,4026202.984366215
1628842440867554384,352458.6852481158,4026203.5230264124
1628842440999717011,352458.2390337684,4026204.8217747733
1628842441077663714,352458.0323184836,4026205.460613918
1628842441197766161,352457.6379133152,4026206.6834727186
1628842441269759432,352457.4437229084,4026207.3302125945
1628842441395537271,352457.10682563257,4026208.482084016
1628842441467701057,352456.89943989506,4026209.2285085907
1628842441599770994,352456.5764783371,4026210.4460444343
1628842441671766113,352456.39287267777,4026211.1301221657
1628842441791944113,352456.1166127677,4026212.2621640153
1628842441869528577,352455.9610737404,4026212.9241533303
1628842441995644715,352455.67190534493,4026214.183476609
1628842442073673577,352455.50737918454,4026214.9413729412
1628842442193972510,352455.2696584038,4026216.1215034793
1628842442271659108,352455.13659856684,4026216.784544413
1628842442403719969,352454.8800495578,4026218.152936731
1628842442475669298,352454.75763079594,4026218.813614455
1628842442595806803,352454.5533946122,4026219.9421373787
1628842442673922240,352454.4325386115,4026220.734023451
1628842442793691547,352454.2431399836,4026221.8557171235
1628842442871601419,352454.1364859234,4026222.506662049
1628842442997641414,352453.9556896535,4026223.7535962034
1628842443135522121,352453.7774821328,4026224.9518253654
1628842443207747750,352453.68407654035,4026225.72486079
1628842443273670339,352453.5964858973,4026226.3662379994
1628842443393687035,352453.4648160436,4026227.490858866
1628842443525907212,352453.3223145283,4026228.671164939
1628842443597752394,352453.2509227277,4026229.3032177533
1628842443735645049,352453.13584103365,4026230.4915600237
1628842443795692108,352453.072826665,4026231.1173551576
1628842443927705883,352452.97513318504,4026232.2945331438
1628842444005525076,352452.92107324017,4026232.912111436
1628842444137696129,352452.8403865793,4026234.138171948
1628842444197689190,352452.8027690544,4026234.653196884
1628842444329978920,352452.72925127577,4026235.755423064
1628842444407930118,352452.69530952245,4026236.439722068
1628842444545514931,352452.631343815,4026237.5114774355
1628842444593530245,352452.60846678267,4026237.917195373
1628842444731711161,352452.5683905921,4026239.06567054
1628842444803653245,352452.5414364678,4026239.615491336
1628842444941916980,352452.5094163407,4026240.7101596454
1628842445001877946,352452.48784814205,4026241.164066083
1628842445133893049,352452.4440833691,4026242.12817245
1628842445200138318,352452.4447047553,4026242.6629170394
1628842445331892870,352452.4078785348,4026243.5900319107
1628842445403883991,352452.40388111933,4026244.09009898
1628842445535899865,352452.37142511725,4026244.97993802
1628842445602119003,352452.355769623,4026245.4513106975
1628842445739521296,352452.3443342813,4026246.3425847422
1628842445799917827,352452.3348282354,4026246.7342084055
1628842445931906986,352452.3225490701,4026247.6296930434
1628842446009535298,352452.31405383494,4026248.080679862
1628842446135705083,352452.3203384517,4026248.8870792226
1628842446195686319,352452.31382449716,4026249.2787816427
1628842446327630590,352452.29748065805,4026250.1327013373
1628842446405877343,352452.2862581068,4026250.609911396
1628842446537866614,352452.27947072324,4026251.426451689
1628842446597658233,352452.27878462663,4026251.798378406
1628842446735943141,352452.26392539096,4026252.657041259
1628842446807960663,352452.2587430391,4026253.105438679
1628842446939880061,352452.2603899824,4026253.9369875384
1628842446999878117,352452.2613743081,4026254.3424937436
1628842447131648483,352452.2644592501,4026255.2226485265
1628842447203525982,352452.26707158564,4026255.648490135
1628842447347516693,352452.26849024754,4026256.592089663
1628842447401855399,352452.2704927062,4026256.9426843086
1628842447533639940,352452.2749701011,4026257.832924468
1628842447611646110,352452.27862706454,4026258.388220837
1628842447737848106,352452.2842571412,4026259.2314513028
1628842447875625752,352452.28993402305,4026260.1455361038
1628842447929651710,352452.2957338666,4026260.5363345714
1628842448079566299,352452.3037869275,4026261.529031388
1628842448139936450,352452.31372949266,4026262.0018221764
1628842448271915308,352452.3165469173,4026262.9236156833
1628842448331931113,352452.3197466155,4026263.351690368
1628842448481663961,352452.3301823891,4026264.4484739774
1628842448541862426,352452.3340611225,4026264.8841665955
1628842448673856523,352452.3371202081,4026265.8524119956
1628842448733905375,352452.3408566506,4026266.286916837
1628842448877509074,352452.3571023294,4026267.298349534
1628842448943962741,352452.3415994555,4026267.843199308
1628842449075642711,352452.35410290805,4026268.788990508
1628842449135639108,352452.3595877236,4026269.225807837
1628842449274253953,352452.3677090977,4026270.2547741276
1628842449345929810,352452.3748765092,4026270.7617312814
1628842449477638157,352452.3958153279,4026271.726177931
1628842449543543460,352452.4032095927,4026272.1604297557
1628842449675895614,352452.4218016548,4026273.1770334532
1628842449735913875,352452.4291882592,4026273.610835268
1628842449879641304,352452.44832179777,4026274.623393746
1628842449939637842,352452.4324851291,4026275.0805328926
1628842450083594033,352452.4494961774,4026276.0938980924
1628842450137918959,352452.4587165861,4026276.5314452853
1628842450281611919,352452.4758170294,4026277.5357222343
1628842450335895694,352452.4831323407,4026277.965336674
1628842450479886189,352452.49113583635,4026278.987377402
1628842450539901006,352452.49844907236,4026279.4168698043
1628842450677890522,352452.5206418826,4026280.4191145254
1628842450737516364,352452.52669637604,4026280.774683285
1628842450881600522,352452.54482816975,4026281.8395285094
1628842450941609122,352452.5508352348,4026282.2675859206
1628842451079888277,352452.57107410126,4026283.2554441695
1628842451139513055,352452.5785936435,4026283.607440269
1628842451277496542,352452.6020355313,4026284.59342816
1628842451337921058,352452.61188198306,4026285.01397381
1628842451481875599,352452.6450150672,4026286.067279577
1628842451541827620,352452.65628619876,4026286.4854663424
1628842451685607914,352452.68677381775,4026287.455098697
1628842451745632797,352452.6993017467,4026287.8682362256
1628842451883611568,352452.72522863944,4026288.760003304
1628842451932049587,352452.74262060976,4026289.1792073837
1628842452081867554,352452.77162208833,4026290.201355981
1628842452202043389,352452.8037024173,4026291.017196352
1628842452273862953,352452.8181891524,4026291.4916035314
1628842452405853882,352452.8240363989,4026292.3690867806
1628842452477864704,352452.83534916677,4026292.839901106
1628842452603894062,352452.85570283665,4026293.712628315
1628842452675879817,352452.8823453299,4026294.173270897
1628842452807596808,352452.90793050145,4026295.0413847356
1628842452879948204,352452.920149805,4026295.508086588
1628842453006742086,352452.94345382624,4026296.3748583314
1628842453078729830,352452.9555797507,4026296.8360761665
1628842453210610515,352452.9852817975,4026297.705806026
1628842453282628263,352452.99523756595,4026298.1650313684
1628842453408601509,352453.01166840317,4026299.008108491
1628842453480477582,352453.02277454257,4026299.4667878114
1628842453618751590,352453.0376562829,4026300.4016970443
1628842453678666307,352453.04488022125,4026300.7721768254
1628842453810624426,352453.0605302374,4026301.6446713265
1628842453888542485,352453.06854612386,4026302.1154273544
1628842454008715789,352453.0862324118,4026302.964128932
1628842454080746669,352453.09678115894,4026303.433087048
1628842454200735648,352453.12454658886,4026304.2392656705
1628842454284624895,352453.13278421713,4026304.7875641254
1628842454410794276,352453.1602068783,4026305.6668086415
1628842454488625443,352453.1723014658,4026306.158445819
1628842454614543522,352453.1922783736,4026307.0843189014
1628842454680669165,352453.21782759734,4026307.5631993446
1628842454812617130,352453.2258821472,4026308.4950357093
1628842454884637073,352453.23171225924,4026308.995141486
1628842455016622731,352453.2749984229,4026309.9170699567
1628842455082639662,352453.28634302784,4026310.429182216
1628842455214624225,352453.29346039245,4026311.38125271
1628842455286485300,352453.29749033705,4026311.9154319544
1628842455406568988,352453.3197186511,4026312.8193929414
1628842455484728056,352453.33251326135,4026313.427413804
1628842455616621546,352453.3524949299,4026314.4216699935
1628842455682944947,352453.3683497733,4026314.9549154583
1628842455808550433,352453.3822423162,4026315.8926644693
1628842455880548413,352453.3895122863,4026316.445068821
1628842456018619921,352453.4286818375,4026317.5374493133
1628842456084661782,352453.4381694939,4026318.0946377465
1628842456216604716,352453.4662448303,4026319.152004652
1628842456283046119,352453.4754139683,4026319.719162634
1628842456420619480,352453.50519101927,4026320.8119472074
1628842456480619343,352453.5136012342,4026321.3058596854
1628842456606888946,352453.5329730471,4026322.38258587
1628842456738625019,352453.5721833622,4026323.4737754753
1628842456810490276,352453.58430613286,4026324.0602620887
1628842456888748908,352453.59986307425,4026324.733727523
1628842457008654860,352453.63795712404,4026325.780868166
1628842457146468268,352453.6680152109,4026326.886572331
1628842457212476347,352453.7055939519,4026327.487655597
1628842457344525454,352453.7322122417,4026328.595661409
1628842457416525017,352453.76852952817,4026329.223026884
1628842457542594710,352453.7984778355,4026330.3366218223
1628842457614547856,352453.8143375652,4026330.938258024
1628842457746644083,352453.8563008399,4026332.0943430425
1628842457812729743,352453.867904245,4026332.707679075
1628842457944612818,352453.9156564331,4026333.873965343
1628842458022611095,352453.9348883743,4026334.5768638453
1628842458154526226,352453.98498325347,4026335.766029234
1628842458214480796,352453.99765376165,4026336.295071678
1628842458346536769,352454.02825511387,4026337.4506024816
1628842458412629140,352454.05926404137,4026338.0995735335
1628842458544604268,352454.0990967689,4026339.2739140806
1628842458616880136,352454.1182213055,4026339.9131538933
1628842458742729308,352454.16451245704,4026341.119092658
1628842458814718512,352454.18322963937,4026341.7630849583
1628842458952646773,352454.2275296663,4026343.0994152133
1628842459018467874,352454.2405500615,4026343.6490055695
1628842459144667054,352454.29096308415,4026344.8891153364
1628842459216727362,352454.3063594414,4026345.5423958767
1628842459348607102,352454.33891778754,4026346.7770112553
1628842459414644140,352454.3570053778,4026347.4664708227
1628842459546582542,352454.3859213806,4026348.6986610093
1628842459618485062,352454.40246152965,4026349.358178262
1628842459756484149,352454.43991439254,4026350.654417677
1628842459816630875,352454.45666466106,4026351.322690018
1628842459948611182,352454.4919964909,4026352.583976677
1628842460008591145,352454.5082187606,4026353.156721449
1628842460146700272,352454.5473980771,4026354.536428687
1628842460218695563,352454.5631329003,4026355.209585941
1628842460344581477,352454.5904492304,4026356.365752554
1628842460422497017,352454.6167686612,4026357.165867517
1628842460548721757,352454.6459932686,4026358.4161801497
1628842460608741721,352454.6581383393,4026358.9932210925
1628842460752609259,352454.6719072757,4026360.364587104
1628842460818616417,352454.6833085814,4026361.034155996
1628842460950847834,352454.70745808457,4026362.3126010853
1628842461082792348,352454.72995230416,4026363.54760149
1628842461142710545,352454.74836684327,4026364.166650506
1628842461220788148,352454.7636192922,4026364.919010163
1628842461352606233,352454.79181363794,4026366.1303231046
1628842461490467739,352454.8308971203,4026367.389699572
1628842461550706092,352454.8461038868,4026368.031844295
1628842461694600752,352454.88741788984,4026369.3505250113
1628842461754576239,352454.90203976707,4026369.8938014116
1628842461886468759,352454.9263840676,4026371.0653997213
1628842461946499944,352454.9496412473,4026371.6426634532
1628842462090869537,352454.98270921235,4026372.971723374
1628842462156602675,352454.99959819415,4026373.533439815
1628842462294591413,352455.0405978431,4026374.751218165
1628842462348533699,352455.05820384104,4026375.1829920593
1628842462486734005,352455.1335461691,4026376.4067775146
1628842462558599754,352455.1675813743,4026377.000490028
1628842462684805686,352455.2484318819,4026378.1212139986
1628842462744637235,352455.2853905653,4026378.621369612
1628842462888522133,352455.381415539,4026379.7765799267
1628842462960449051,352455.4431701773,4026380.352943992
1628842463086621350,352455.55049495946,4026381.401118418
1628842463146664035,352455.6118603331,4026381.8972725784
1628842463296726744,352455.7619076888,4026383.0815621996
1628842463356733641,352455.82652777596,4026383.5502100084
1628842463488715055,352455.98088398017,4026384.557421925
1628842463554470100,352456.05397752055,4026385.01471009
1628842463692515982,352456.24155060237,4026386.08010353
1628842463752470676,352456.3196136566,4026386.5245658183
1628842463890715685,352456.5079175265,4026387.543269554
1628842463950719728,352456.60070269613,4026387.9813165236
1628842464100469523,352456.79484699585,4026388.9630703437
1628842464160591310,352456.91825332656,4026389.4538192833
1628842464292514613,352457.10772944393,4026390.3298925045
1628842464352715405,352457.1960675789,4026390.72542735
1628842464490645874,352457.4281408235,4026391.6298894077
1628842464550636241,352457.5169362942,4026392.005686589
1628842464694722455,352457.75003858027,4026392.852299543
1628842464748871510,352457.838456614,4026393.2059318335
1628842464892695965,352458.04263632785,4026394.0064057894
1628842464952696946,352458.1482596428,4026394.3417395046
1628842465096493728,352458.3567766873,4026395.10301555
1628842465156554733,352458.44746331393,4026395.3963209293
1628842465294679752,352458.65603244316,4026396.1104763173
1628842465414684232,352458.8446912513,4026396.6876550387
1628842465492622584,352458.9703450018,4026397.0809980896
1628842465624571492,352459.17773681023,4026397.715262181
1628842465696726610,352459.29280910984,4026398.0176739516
1628842465816721511,352459.5018125932,4026398.5888756993
1628842465894631085,352459.6391222072,4026398.9283544025
1628842466026605116,352459.88550582493,4026399.504733346
1628842466098461679,352460.02162282285,4026399.7992641036
1628842466218428872,352460.2699686111,4026400.2686440926
1628842466296690334,352460.4422460557,4026400.5863326523
1628842466416611087,352460.7057987045,4026401.0132473386
1628842466500523133,352460.8953777321,4026401.3111250503
1628842466620472657,352461.2063462829,4026401.7375833425
1628842466704588559,352461.42521863617,4026401.977924157
1628842466830596030,352461.8102004309,4026402.41029395
1628842466896602667,352462.02656576433,4026402.593013727
1628842467016622313,352462.4237529588,4026402.950025172
1628842467094542997,352462.6722803593,4026403.1433211407
1628842467220705526,352463.14953803853,4026403.4210873386
1628842467298646036,352463.4656370632,4026403.6076022116
1628842467418636310,352463.9552896365,4026403.7996307397
1628842467490633006,352464.25319031,4026403.9389542537
1628842467622483619,352464.82872523624,4026404.17082661
1628842467700689074,352465.18543351284,4026404.18295696
1628842467820632014,352465.75852407457,4026404.325041298
1628842467898514627,352466.09056975855,4026404.39783412
1628842468024494229,352466.7396908782,4026404.524509398
1628842468096454017,352467.0976070311,4026404.586073659
1628842468222704235,352467.8048695826,4026404.6396297966
1628842468294590076,352468.1835715452,4026404.685276018
1628842468426449382,352468.9111553875,4026404.7207247745
1628842468492695815,352469.3073436301,4026404.757406207
1628842468618445783,352470.0025061633,4026404.8136557587
1628842468696584153,352470.50351406774,4026404.8087113197
1628842468822775227,352471.29545494216,4026404.852906567
1628842468894593296,352471.74653188896,4026404.8297538515
1628842469026447641,352472.57250793587,4026404.8403950436
1628842469092799028,352473.02607836854,4026404.8382268334
1628842469224634490,352473.91378198785,4026404.796379114
1628842469296578106,352474.3862600202,4026404.7862748196
1628842469428546882,352475.30195869267,4026404.707420574
1628842469494693955,352475.78860113164,4026404.690407016
1628842469632508936,352476.705264878,4026404.6574813193
1628842469692983119,352477.2478811543,4026404.5834228
1628842469818579373,352478.1243998207,4026404.5478237635
1628842469962571891,352479.19139489956,4026404.4541716035
1628842470028689728,352479.71653937164,4026404.4329474135
1628842470100561408,352480.2442083841,4026404.4130230676
1628842470220575867,352481.20942590805,4026404.331754711
1628842470358687962,352482.3046593127,4026404.3085917546
1628842470430549030,352482.89654104225,4026404.2387455795
1628842470562561748,352483.94220558275,4026404.2258110116
1628842470622449739,352484.4259519924,4026404.217941604
1628842470760577822,352485.6112554966,4026404.161537469
1628842470832705840,352486.18738393474,4026404.1683920054
1628842470958695401,352487.30915551324,4026404.128404986
1628842471030696568,352487.90030428435,4026404.130227861
1628842471156725503,352488.9630678331,4026404.0981274294
1628842471234460662,352489.64399318537,4026404.106829762
1628842471366356123,352490.7573943228,4026404.111145211
1628842471426556479,352491.3253902544,4026404.074101085
1628842471552698155,352492.44639031915,4026404.0855964455
1628842471618985387,352493.05275195517,4026404.0847345134
1628842471762570443,352494.3150642691,4026404.0416997494
1628842471822694760,352494.84121793765,4026404.045697673
1628842471954691740,352496.0035910959,4026404.024445298
1628842472026457837,352496.6165064365,4026404.0249369126
1628842472164550263,352497.8750474438,4026404.0005828394
1628842472224543673,352498.404196493,4026403.999479261
1628842472362701744,352499.63804422505,4026403.9981443626
1628842472434704784,352500.28396703734,4026403.963863695
1628842472566646061,352501.4264058148,4026403.9601482707
1628842472626681557,352501.9518539961,4026403.958558585
1628842472758440066,352503.1407636591,4026403.9257621597
1628842472842559873,352503.834480108,4026403.922178007
1628842472968561284,352504.9899277082,4026403.8884865805
1628842473028555134,352505.50354306714,4026403.8873579344
1628842473160550931,352506.6503901692,4026403.850395112
1628842473226696145,352507.2477655725,4026403.84691
1628842473358711040,352508.35136045713,4026403.843459955
1628842473436446291,352508.9713888462,4026403.8046615375
1628842473556596870,352510.0539447871,4026403.79688532
1628842473628557709,352510.6278003355,4026403.793922862
1628842473766648123,352511.78602845944,4026403.7335428144
1628842473832550085,352512.26231017406,4026403.7299677255
1628842473958600046,352513.3059377086,4026403.6762535763
1628842474036573029,352513.8442971337,4026403.6712251985
1628842474168670316,352514.94133127085,4026403.6229804577
1628842474228656393,352515.3875396843,4026403.6185898916
1628842474360728655,352516.33364559594,4026403.6031881226
1628842474432568949,352516.8738431722,4026403.5537555036
1628842474564478385,352517.78893041576,4026403.5321984245
1628842474702671605,352518.7628783721,4026403.463618478
1628842474762669474,352519.16369869513,4026403.453317205
1628842474900754938,352520.0757022675,4026403.420917934
1628842474960578891,352520.453966156,4026403.4121603267
1628842475104506512,352521.31099591474,4026403.3933770875
1628842475164498678,352521.6678994312,4026403.3649938176
1628842475302591029,352522.4785527558,4026403.352157576
1628842475368468075,352522.8173318461,4026403.3472459815
1628842475500890894,352523.58314896206,4026403.316099228
1628842475566437079,352523.91631841415,4026403.311512039
1628842475704693129,352524.64485202654,4026403.262933305
1628842475770453871,352524.9638313354,4026403.2601593477
1628842475896560998,352525.6197741928,4026403.2229023804
1628842475956565266,352525.94240996137,4026403.2180062626
1628842476106734434,352526.7580300347,4026403.2101060967
1628842476166665753,352527.0487572241,4026403.1844210294
1628842476298561895,352527.725215664,4026403.183497662
1628842476358562461,352528.0326929386,4026403.1826896206
1628842476508472043,352528.76282348816,4026403.15801015
1628842476568639886,352529.07136867964,4026403.1589845303
1628842476706622882,352529.7395053597,4026403.15144322
1628842476766596010,352530.0662152177,4026403.149239795
1628842476910729956,352530.7603217745,4026403.130926236
1628842476964858723,352531.0941342226,4026403.1336374353
1628842477108716035,352531.8784406372,4026403.1416975227
1628842477168677594,352532.1130622338,4026403.113335858
1628842477300556307,352532.85527832503,4026403.112010926
1628842477372446277,352533.2625425107,4026403.1109543964
1628842477504414623,352533.8951846127,4026403.0386784994
1628842477564539627,352534.2506039754,4026403.037848224
1628842477708612890,352535.08160429145,4026402.9510270017
1628842477768642330,352535.4425926707,4026402.94569215
1628842477900677459,352536.2131170991,4026402.895270595
1628842477960676145,352536.58142877475,4026402.889887452
1628842478104531529,352537.4479771255,4026402.878115543
1628842478170595378,352537.89606316603,4026402.815496401
1628842478302549816,352538.7157660524,4026402.7982504126
1628842478362555246,352539.0967976287,4026402.7925288333
1628842478512692590,352540.06199526077,4026402.731592371
1628842478572575781,352540.4513588558,4026402.7277127244
1628842478704536583,352541.29581835883,4026402.682198015
1628842478836505949,352542.14819381875,4026402.678632963
1628842478902670144,352542.6215460355,4026402.6427908638
1628842479034682272,352543.4745869449,4026402.6460506436
1628842479106422011,352543.92993483896,4026402.651500652
1628842479244551384,352544.7886960802,4026402.625076038
1628842479304647215,352545.23606298934,4026402.631379103
1628842479436668750,352546.08781611564,4026402.61276441
1628842479508526176,352546.5290817255,4026402.624573053
1628842479703892259,352547.78664037347,4026402.632164755
1628842479841536612,352548.5887520866,4026402.667938857
1628842479907781875,352549.0195773442,4026402.679543817
1628842480039688299,352549.7963877284,4026402.7259263317
1628842480105979495,352550.20980563026,4026402.756519834
1628842480237896919,352550.9853697739,4026402.783468454
1628842480309803310,352551.3925530629,4026402.813527228
1628842480442423179,352552.1580831751,4026402.846216229
1628842480508544159,352552.55595035985,4026402.881163874
1628842480634536768,352553.2229375051,4026402.945956274
1628842480712550454,352553.6844549709,4026402.969643109
1628842480832543515,352554.3264761572,4026403.034265329
1628842480910551030,352554.75043779355,4026403.072934739
1628842481030542525,352555.3692579386,4026403.142468497
1628842481108699182,352555.7740713221,4026403.191076953
1628842481240667780,352556.4234456507,4026403.250233558
1628842481312526108,352556.7651822227,4026403.2953834776
1628842481432527221,352557.3318785735,4026403.3541312017
1628842481510635950,352557.6975742999,4026403.3994685644
1628842481648548629,352558.290394906,4026403.4744498897
1628842481714702002,352558.58467956225,4026403.523321793
1628842481834543221,352559.13760120654,4026403.602918917
1628842481901848435,352559.45175826683,4026403.6377806487
1628842482045664437,352560.0565134746,4026403.73083928
1628842482111911518,352560.3455482221,4026403.777862682
1628842482231874062,352560.8564112353,4026403.8463498647
1628842482303872249,352561.15246898076,4026403.8954053093
1628842482441692184,352561.72582272114,4026403.972366082
1628842482519757197,352562.0284122315,4026404.0196929616
1628842482633913544,352562.5661906311,4026404.100692398
1628842482705941082,352562.87747196376,4026404.133344854
1628842482843523002,352563.50698250416,4026404.2411041507
1628842482915648256,352563.87001497624,4026404.2841677195
1628842483036519380,352564.47130401083,4026404.3887451296
1628842483114421344,352564.83247640234,4026404.449830734
1628842483252471110,352565.5238548587,4026404.543811476
1628842483306585118,352565.8542376251,4026404.5978525584
1628842483438650957,352566.5290406524,4026404.6754220827
1628842483570465659,352567.27401575545,4026404.803983405
1628842483637775598,352567.68366614904,4026404.8768176716
1628842483775811477,352568.4554410217,4026404.939355236
1628842483835881387,352568.82074377773,4026405.002857938
1628842483967655937,352569.61083608,4026405.1088619633
1628842484039643899,352570.05465974536,4026405.1867301967
1628842484171624156,352570.85716543876,4026405.263622603
1628842484237819112,352571.31365235185,4026405.3449986307
1628842484375571387,352572.17457222485,4026405.5046538333
1628842484441722556,352572.6144654015,4026405.530876368
1628842484585548843,352573.56681423343,4026405.7120324196
1628842484639860541,352573.98283721553,4026405.770201482
1628842484771872660,352574.89053699875,4026405.9512170684
1628842484849738901,352575.45643083437,4026406.0668498566
1628842484981618395,352576.3667242117,4026406.219149832
1628842485041667323,352576.7980876529,4026406.3126267195
1628842485179694545,352577.74620942667,4026406.45161827
1628842485257549130,352578.33305672975,4026406.5791171878
1628842485383615571,352579.2958369525,4026406.7940476188
1628842485449723922,352579.74142306665,4026406.8661031974
1628842485575602114,352580.7109246582,4026407.097628016
1628842485653838066,352581.331448815,4026407.2350676097
1628842485785693774,352582.3196169375,4026407.4731873423
1628842485971634239,352583.80762322,4026407.904908573
1628842486043908429,352584.3467605427,4026408.046082911
1628842486175874178,352585.3885890973,4026408.365597014
1628842486247746475,352585.93511836964,4026408.517937338
1628842486374022940,352586.95532416523,4026408.8095751107
1628842486457615133,352587.6355500679,4026409.0480820523
1628842486583721459,352588.58148900146,4026409.3296613283
1628842486644006111,352589.2033671648,4026409.544914515
1628842486775625274,352590.2363570124,4026409.865113616
1628842486859652435,352590.8717510238,4026410.067624613
1628842486985885676,352591.9265416849,4026410.4512966145
1628842487045819939,352592.39900999906,4026410.6092766086
1628842487183539784,352593.4639784588,4026411.010018294
1628842487249686521,352594.0119068039,4026411.201566158
1628842487388114396,352595.1240800448,4026411.6271248246
1628842487441580760,352595.5120945628,4026411.766415106
1628842487585458740,352596.585776595,4026412.1609511115
1628842487651686550,352597.14946714626,4026412.4000526783
1628842487783704345,352598.128116627,4026412.778322004
1628842487909632894,352599.11792266805,4026413.188140332
1628842487981566990,352599.6333292165,4026413.401787467
1628842488061653014,352600.14440938237,4026413.617644486
1628842488181807939,352601.1025267801,4026414.021394959
1628842488313692158,352602.0322643069,4026414.4323880365
1628842488379496929,352602.45678739215,4026414.6243114145
1628842488523585133,352603.50682224846,4026415.107004922
1628842488712660362,352604.8120255339,4026415.741274207
1628842488784695043,352605.2813475607,4026415.9780447516
1628842488922423475,352606.1588564585,4026416.4259226425
1628842488982581795,352606.61376767815,4026416.6676839357
1628842489126399341,352607.5054933686,4026417.1583809676
1628842489174507661,352607.82875988784,4026417.3628303846
1628842489312607685,352608.69795286667,4026417.8726183395
1628842489390402194,352609.1264360981,4026418.128730241
1628842489522504374,352609.91851591214,4026418.6190015194
1628842489576664716,352610.27166726266,4026418.84010903
1628842489714605236,352611.0900050912,4026419.3903745855
1628842489792383333,352611.48787740385,4026419.6535381377
1628842489918390399,352612.2072737465,4026420.173015681
1628842489984553491,352612.5892234914,4026420.4402038334
1628842490116769803,352613.28039468266,4026420.931169501
1628842490188620215,352613.6418374858,4026421.234275204
1628842490320502325,352614.28844581475,4026421.717606514
1628842490380405024,352614.5779839388,4026421.9413984283
1628842490518530229,352615.2591635359,4026422.476495326
1628842490590389497,352615.583738739,4026422.7327880342
1628842490716626728,352616.1777887577,4026423.2192565426
1628842490782500875,352616.44374717923,4026423.4292892595
1628842490920521612,352617.04560693004,4026423.9407260097
1628842490986394747,352617.2933917695,4026424.1480313367
1628842491124393055,352617.8568058795,4026424.6221424695
1628842491178644755,352618.0892044322,4026424.8380867094
1628842491316901176,352618.6241751947,4026425.2870008247
1628842491388556206,352618.8889232507,4026425.522765584
1628842491514419266,352619.31228482904,4026425.8904624535
1628842491586512738,352619.550734297,4026426.0979418857
1628842491724520698,352619.99889660266,4026426.5278703263
1628842491784503990,352620.1903110228,4026426.6918071997
1628842491922500499,352620.6123518201,4026427.080538213
1628842491982520495,352620.7874315719,4026427.2350329636
1628842492114628109,352621.15386174363,4026427.5604695715
1628842492192537057,352621.35798473255,4026427.786202809
1628842492312551708,352621.6851925925,4026428.0770888394
1628842492384523214,352621.876742581,4026428.2436174676
1628842492522703070,352622.2262069378,4026428.572745441
1628842492595541593,352622.41135867115,4026428.734500034
1628842492721780553,352622.72133737395,4026429.0351244574
1628842492781670147,352622.85281128716,4026429.1485360614
1628842492919619069,352623.20992811804,4026429.4628852895
1628842492997548723,352623.4310955958,4026429.6375315166
1628842493123649349,352623.77082494524,4026429.8948942884
1628842493255731341,352624.1483619457,4026430.1897614677
1628842493321541789,352624.329900777,4026430.309554315
1628842493447538278,352624.7044115041,4026430.5790057494
1628842493525719023,352624.9568823963,4026430.7352970955
1628842493658631962,352625.3305816923,4026430.973191525
1628842493718629295,352625.53134742356,4026431.071523684
1628842493850511752,352625.9789799113,4026431.267587015
1628842493916652767,352626.1901105904,4026431.390401412
1628842494066611401,352626.7180059992,4026431.6189440526
1628842494120514870,352626.899961451,4026431.6896722387
1628842494258616513,352627.40216616157,4026431.84672104
1628842494318602963,352627.6304191641,4026431.9086660906
1628842494468563224,352628.1926642961,4026432.043178588
1628842494522376973,352628.38914219843,4026432.079601758
1628842494660501695,352628.9304891069,4026432.1785806194
1628842494720557193,352629.16812674457,4026432.2145479005
1628842494852577805,352629.688565871,4026432.264870563
1628842494924369616,352629.97844041424,4026432.2931744307
1628842495050550467,352630.5070492015,4026432.2855571737
1628842495122480516,352630.7919663928,4026432.2699995176
1628842495260603722,352631.3582559052,4026432.2350077075
1628842495320736392,352631.60222461354,4026432.2072069068
1628842495452542072,352632.1286956329,4026432.118753509
1628842495524507428,352632.41028716916,4026432.063762225
1628842495662578988,352632.9811779035,4026431.926090878
1628842495722595778,352633.21932386816,4026431.8663452966
1628842495854604367,352633.73240963195,4026431.726544295
1628842495932499535,352634.014697009,4026431.624543569
1628842496064479757,352634.5533098478,4026431.456903336
1628842496130375562,352634.7812501935,4026431.38204187
1628842496250317431,352635.25092907756,4026431.1913122935
1628842496328502873,352635.54973424604,4026431.082606664
1628842496454537168,352636.04313108476,4026430.8491758583
1628842496526659147,352636.2993147274,4026430.7411035793
1628842496658394090,352636.7903911297,4026430.4717163476
1628842496790478305,352637.2483322673,4026430.2780584167
1628842496868500458,352637.5214414556,4026430.1549581466
1628842496928489727,352637.7482182246,4026429.997321326
1628842497060389101,352638.1924555273,4026429.7640858316
1628842497186596784,352638.6476505018,4026429.4645773596
1628842497270497921,352638.9330018766,4026429.3202268006
1628842497330472711,352639.1488187457,4026429.2161675845
1628842497457661601,352639.6066655038,4026428.9092897573
1628842497589490957,352640.06736982136,4026428.657387241
1628842497667818800,352640.3653006183,4026428.448811373
1628842497787656744,352640.79595218983,4026428.1954973666
1628842497859760994,352641.053604288,4026428.0481541655
1628842497991544737,352641.54262010526,4026427.729363168
1628842498057539981,352641.82673620223,4026427.5751764136
1628842498189685579,352642.3425180608,4026427.227823222
1628842498249997721,352642.5970641315,4026427.077282729
1628842498387380504,352643.1580488878,4026426.746495047
1628842498471484286,352643.55771524983,4026426.4782050126
1628842498603488054,352644.1568622056,4026426.1411683504
1628842498663503490,352644.409108077,4026425.9235580415
1628842498789624028,352645.0352573367,4026425.561083285
1628842498873465826,352645.43005374674,4026425.3312219754
1628842499005501914,352646.0898014441,4026424.936391466
1628842499065472890,352646.3993556757,4026424.7598908907
1628842499191617433,352647.08291650284,4026424.338715228
1628842499263669031,352647.45825616934,4026424.1257714103
1628842499389374792,352648.11380915204,4026423.753443098
1628842499461483285,352648.52374732005,4026423.4951716247
1628842499587498406,352649.2632113915,4026423.0827196552
1628842499671394106,352649.7326946587,4026422.767389405
1628842499797509636,352650.4988411236,4026422.3447790854
1628842499857519410,352650.85859864333,4026422.148686918
1628842499983556341,352651.6805095878,4026421.660247225
1628842500073641881,352652.2418797231,4026421.361054958
1628842500199527573,352653.01570244477,4026420.9124808847
1628842500259494873,352653.40270987595,4026420.710889972
1628842500391489401,352654.25413943495,4026420.2731882175
1628842500469482494,352654.81201252626,4026419.953181311
1628842500601458926,352655.68828026275,4026419.5135161723
1628842500655885839,352656.1242612886,4026419.250529708
1628842500787624385,352657.01839076105,4026418.811400218
1628842500859540169,352657.50413609075,4026418.576590172
1628842500997644861,352658.52070136333,4026418.062151017
1628842501123428951,352659.37107840076,4026417.6666129874
1628842501195470963,352659.90077125025,4026417.388895219
1628842501267533744,352660.47507756733,4026417.1289737755
1628842501399491877,352661.4432369849,4026416.6357135717
1628842501531461327,352662.3848376349,4026416.2244795854
1628842501597399964,352662.8182272562,4026416.038793747
1628842501669527696,352663.4395420288,4026415.7257348783
1628842501801459529,352664.3770949191,4026415.334879646
1628842501933478940,352665.35147108254,4026414.937996706
1628842501993467802,352665.7842602741,4026414.7672445104
1628842502071585104,352666.3602633647,4026414.5424818266
1628842502191676593,352667.24888287316,4026414.1543510812
1628842502335500487,352668.25164118165,4026413.7736792024
1628842502389356923,352668.608703632,4026413.6397987087
1628842502533603575,352669.7193211599,4026413.2131488067
1628842502599376575,352670.1456748311,4026413.056956515
1628842502725468461,352671.08168595494,4026412.6830809773
1628842502791513453,352671.57308666967,4026412.5062360032
1628842502935584792,352672.5682961083,4026412.1212984123
1628842502995611105,352672.9809435838,4026411.973838562
1628842503127510020,352673.8646005765,4026411.6617520857
1628842503187460016,352674.3051075451,4026411.5033662105
1628842503337448755,352675.3011689082,4026411.1577521022
1628842503397483661,352675.71366999624,4026410.998087694
1628842503529375727,352676.55330834194,4026410.7103555715
1628842503583631594,352676.93560116197,4026410.581417613
1628842503739453722,352677.9109763518,4026410.2324628574
1628842503787475272,352678.2205978956,4026410.1280609993
1628842503930356768,352679.10198744835,4026409.8190043876
1628842503996531365,352679.5289435538,4026409.6766879996
1628842504128688097,352680.32093419344,4026409.4152488583
1628842504200348694,352680.7320632646,4026409.287957055
1628842504326531155,352681.51040168025,4026409.034837398
1628842504386347734,352681.8050124051,4026408.9396173856
1628842504530447690,352682.68639172177,4026408.6622542185
1628842504590479790,352683.0483335912,4026408.5478991657
1628842504728591320,352683.88079307706,4026408.2938138
1628842504788599115,352684.24536465213,4026408.179765046
1628842504938530344,352685.1410014599,4026407.890181439
1628842504998471239,352685.43890967814,4026407.7986439406
1628842505136357463,352686.2741808926,4026407.5430003684
1628842505268350059,352687.0565910762,4026407.2978077037
1628842505328487229,352687.5013506437,4026407.1615672912
1628842505460507204,352688.3196384435,4026406.906777245
1628842505538351789,352688.7727382955,4026406.7674806397
1628842505664605371,352689.5830129237,4026406.529596563
1628842505730515143,352690.0458838416,4026406.387036338
1628842505856377389,352690.8567368522,4026406.1382934176
1628842505934472467,352691.3852301447,4026405.9748114822
1628842506066356502,352692.29639927007,4026405.69592052
1628842506138611653,352692.79455909925,4026405.543238911
1628842506264555811,352693.68239371385,4026405.27217592
1628842506336465235,352694.19210447406,4026405.11681081
1628842506462730323,352695.1341157211,4026404.8247156166
1628842506534600585,352695.6585781044,4026404.6646594503
1628842506666596258,352696.628320757,4026404.3576885113
1628842506732618985,352697.16630371084,4026404.1905360487
1628842506870454947,352698.180164913,4026403.8740413585
1628842506936471330,352698.73183300236,4026403.702292283
1628842507068610411,352699.7717516571,4026403.3729797816
1628842507134342826,352700.2577925793,4026403.2182768225
1628842507254517621,352701.32080351585,4026402.8776465245
1628842507332473471,352701.9004737353,4026402.690788276
1628842507458457532,352702.9797517825,4026402.35203317
1628842507536574001,352703.65716502233,4026402.1326598213
1628842507668503460,352704.76236083976,4026401.7944104164
1628842507740466549,352705.3681337687,4026401.5991892726
1628842507860434946,352706.41558246175,4026401.2586257975
1628842507938552803,352707.14317136945,4026401.0521328687
1628842508070571977,352708.2920043001,4026400.6796181775
1628842508136472529,352708.8239195283,4026400.5055657355
1628842508268495962,352710.0981316657,4026400.114165651
1628842508334390054,352710.63569989917,4026399.9369501784
1628842508472569492,352711.91124736884,4026399.5361281424
1628842508538511926,352712.5424100703,4026399.3264987115
1628842508658500843,352713.6527604528,4026398.9216184733
1628842508730520562,352714.2857141468,4026398.706038249
1628842508862465629,352715.4629390302,4026398.301822071
1628842508940496177,352716.2247894936,4026398.0265399427
1628842509066337821,352717.3096062982,4026397.64373143
1628842509132503102,352717.9404189547,4026397.4188799015
1628842509264449780,352719.1592619339,4026397.003443399
1628842509336345915,352719.788134155,4026396.7757410454
1628842509462565215,352720.9810126121,4026396.3229191476
1628842509540510618,352721.69657629624,4026396.0588461473
1628842509666463489,352722.8014773737,4026395.649314205
1628842509744561390,352723.5143167582,4026395.382953042
1628842509870339211,352724.57882555877,4026394.9813253786
1628842509996577507,352725.76619388524,4026394.523882796
1628842510074500833,352726.4702719324,4026394.2537492444
1628842510140462450,352726.99644262914,4026394.050498367
1628842510266553605,352728.1442376443,4026393.5647519478
1628842510398579663,352729.290221135,4026393.046031321
1628842510464501780,352729.8964770899,4026392.801959771
1628842510602434926,352731.01849180635,4026392.348909384
1628842510668457038,352731.61888651276,4026392.009553747
1628842510800392612,352732.7291673719,4026391.5466168383
1628842510872467778,352733.32408167736,4026391.297779136
1628842510998481336,352734.4285084202,4026390.806407674
1628842511058502905,352734.93427607196,4026390.591327404
1628842511202329306,352736.10493764555,4026390.048613188
1628842511268591716,352736.68695557746,4026389.7986978935
1628842511406601219,352737.78508606873,4026389.3462374504
1628842511466499815,352738.3565711819,4026389.101445188
1628842511604365298,352739.4064015224,4026388.652170973
1628842511676588093,352740.01952518866,4026388.4620154575
1628842511808538145,352741.128201209,4026387.9961772226
1628842511862588116,352741.51911157044,4026387.83190857
1628842512000490078,352742.60560182977,4026387.3355481615
1628842512072455142,352743.1366432635,4026387.1099984664
1628842512204554337,352744.107819855,4026386.627728861
1628842512270372688,352744.54825381195,4026386.4370752014
1628842512402483505,352745.5732372823,4026385.9775427463
1628842512474435567,352746.0669107149,4026385.7627755003
1628842512600799068,352746.963687788,4026385.3730497607
1628842512672555381,352747.4443074389,4026385.183864843
1628842512792599960,352748.2358983185,4026384.8439009967
1628842512876432003,352748.7504109262,4026384.6235001627
1628842513002564768,352749.56886421447,4026384.2417586516
1628842513062562658,352749.9349265838,4026384.083344855
1628842513194539067,352750.71021820855,4026383.7216395373
1628842513272510807,352751.1878119195,4026383.5133104767
1628842513410454246,352751.92693599197,4026383.1414470626
1628842513464659907,352752.2747348931,4026382.985785167
1628842513602324034,352753.0331058502,4026382.645684391
1628842513668537494,352753.4150203784,4026382.4368909067
1628842513806483762,352754.24413680565,4026382.062155628
1628842513872423382,352754.59758915147,4026381.9006603854
1628842513998449013,352755.3371179224,4026381.518475338
1628842514076558090,352755.8006550278,4026381.3054415025
1628842514208494110,352756.5239927381,4026380.952783143
1628842514268478411,352756.88107494893,4026380.786694402
1628842514400445050,352757.6440442405,4026380.405591355
1628842514478545112,352758.14219279203,4026380.170393317
1628842514610596362,352758.9526670655,4026379.781494534
1628842514736471313,352759.7150832719,4026379.401057211
1628842514802451442,352760.09487011615,4026379.2125030668
1628842514940552373,352760.94763021875,4026378.775354242
1628842515012530780,352761.4044351203,4026378.5459554335
1628842515144307276,352762.23132874776,4026378.1535125463
1628842515198499708,352762.63094764046,4026377.9512394085
1628842515342443293,352763.57650906406,4026377.4699871945
1628842515402446301,352763.950603672,4026377.26970425
1628842515540490083,352764.92067490204,4026376.7770339972
1628842515600588938,352765.34283571,4026376.5615756814
1628842515744434749,352766.29725950886,4026376.0361358067
1628842515810521039,352766.8030593494,4026375.7752647693
1628842515942563971,352767.7465047719,4026375.2700313726
1628842516002537115,352768.1917929885,4026375.0381277935
1628842516146448453,352769.235891921,4026374.4686835567
1628842516206414642,352769.6924247731,4026374.227738791
1628842516338302265,352770.69244964,4026373.7027605698
1628842516404545827,352771.2479596486,4026373.369892593
1628842516548462574,352772.3425253471,4026372.781951886
1628842516602551010,352772.8186319386,4026372.524652797
1628842516746559156,352773.9661334956,4026371.897406043
1628842516806563677,352774.4537485511,4026371.633121266
1628842516945012769,352775.61922434985,4026370.966323278
1628842517004470434,352776.1102051978,4026370.694474
1628842517148423289,352777.27527738526,4026370.0335425492
1628842517196487679,352777.6893758739,4026369.801543799
1628842517352439429,352778.93873279664,4026369.097264155
1628842517406476899,352779.46265342133,4026368.794657921
1628842517550451164,352780.6379798583,4026368.122947742
1628842517610439806,352781.14357506845,4026367.8320208997
1628842517754308062,352782.34329761623,4026367.121535429
1628842517808591158,352782.8516389963,4026366.8251908794
1628842517946477893,352784.04286588315,4026366.099621551
1628842518000461552,352784.4675006976,4026365.8474091124
1628842518150560944,352785.7478131008,4026365.065577315
1628842518216348342,352786.2546534315,4026364.759004454
1628842518348321256,352787.3445663067,4026364.0946668615
1628842518480471518,352788.53887558624,4026363.3573879725
1628842518546440123,352789.0366181168,4026363.0505883754
1628842518678434980,352790.1495270729,4026362.348582818
1628842518744529877,352790.72527486796,4026361.9880740526
1628842518876424510,352791.78716737847,4026361.316186879
1628842518948414358,352792.38875007647,4026360.9243551777
1628842519080549814,352793.52329287137,4026360.1952030626
1628842519140592335,352794.02848508384,4026359.8517625057
1628842519284546814,352795.151575744,4026359.1203179653
1628842519350430798,352795.62825239997,4026358.8075746964
1628842519476430875,352796.67412063933,4026358.0950663616
1628842519548560587,352797.22003574215,4026357.7326081726
1628842519674532062,352798.2315287661,4026356.989693058
1628842519746562537,352798.7657740633,4026356.6292032623
1628842519872658990,352799.749268081,4026355.9662479367
1628842519944528505,352800.28105800773,4026355.5905562453
1628842520076536369,352801.245630011,4026354.9409842235
1628842520148541199,352801.77227536094,4026354.561550025
1628842520274456265,352802.71416346915,4026353.9248758755
1628842520352436698,352803.2147503132,4026353.58604604
1628842520484532676,352804.2193047659,4026352.8990058023
1628842520550300115,352804.6374537047,4026352.6161272633
1628842520682297598,352805.52384943503,4026351.9418977452
1628842520748459622,352805.9961801988,4026351.6167013035
1628842520880402894,352806.85767676606,4026351.022577213
1628842520952285608,352807.32083584135,4026350.667659597
1628842521078542063,352808.1488338505,4026350.0902486704
1628842521150544649,352808.59086069255,4026349.7551452816
1628842521288307278,352809.3805145924,4026349.19843611
1628842521348898483,352809.7946999506,4026348.9049744084
1628842521480530051,352810.54464849166,4026348.3490161127
1628842521546291166,352810.88338262425,4026348.106916053
1628842521678444137,352811.6436754923,4026347.5302283196
1628842521750466366,352812.0287833215,4026347.2514514993
1628842521876408403,352812.6789721005,4026346.777297532
1628842521954552387,352813.08133602305,4026346.459805572
1628842522080451073,352813.76605021505,4026345.9440338784
1628842522140473214,352814.0506927443,4026345.6974510984
1628842522272485651,352814.73896455346,4026345.1719296155
1628842522350553827,352815.16531238065,4026344.8452869784
1628842522482580343,352815.8019946071,4026344.304482654
1628842522548362531,352816.1073397395,4026344.0612867363
1628842522674457231,352816.77355121996,4026343.499137163
1628842522752549794,352817.1828840977,4026343.168801059
1628842522878296658,352817.8045988722,4026342.6586012067
1628842522956543979,352818.2114932777,4026342.2880076542
1628842523082328504,352818.8476591876,4026341.758107243
1628842523208431766,352819.5043317431,4026341.169752436
1628842523286539239,352819.9200464068,4026340.814466482
1628842523352325445,352820.2319023838,4026340.546730534
1628842523478529218,352820.9007507683,4026339.9412620976
1628842523604459065,352821.57447301736,4026339.361315473
1628842523688423265,352821.99445818865,4026338.9753628722
1628842523814548313,352822.6568738091,4026338.4025969915
1628842523874287776,352822.91074737697,4026338.1833929215
1628842524006532141,352823.63216132595,4026337.5563102076
1628842524090402533,352824.0367469702,4026337.209666963
1628842524210389663,352824.64575971465,4026336.6729649506
1628842524282567856,352824.9968910258,4026336.374639272
1628842524408521056,352825.65458126285,4026335.7931494825
1628842524480524970,352826.00218716037,4026335.4965774724
1628842524612420028,352826.6462452627,4026334.9479582226
1628842524678504274,352826.9903146008,4026334.6309230207
1628842524810543463,352827.6279114643,4026334.0890817596
1628842524882472741,352827.96921434015,4026333.7987204767
1628842525020454864,352828.6594146176,4026333.207859084
1628842525080463169,352828.9481738901,4026332.963739904
1628842525218292040,352829.5797232161,4026332.4117017165
1628842525290460210,352829.95861581527,4026332.090336744
1628842525422448313,352830.57203861326,4026331.5554066184
1628842525482456971,352830.85236548557,4026331.318800806
1628842525614412053,352831.46041054657,4026330.8113214034
1628842525686277735,352831.8023542261,4026330.524535258
1628842525812440803,352832.40690762224,4026330.021692919
1628842525878276413,352832.68473930046,4026329.7908974364
1628842526016414110,352833.33734575455,4026329.2550121085
1628842526082575044,352833.6613415612,4026328.9931588313
1628842526220284106,352834.25301807997,4026328.5083578
1628842526274517536,352834.52921394235,4026328.2899499224
1628842526412459125,352835.1719211398,4026327.7848118288
1628842526484538573,352835.49643710663,4026327.5410011425
1628842526622273584,352836.1049036231,4026327.1005322933
1628842526688545899,352836.4289850185,4026326.8490995457
1628842526814453452,352837.0424883352,4026326.4293737058
1628842526886603592,352837.3738962646,4026326.2086244067
1628842527024511595,352838.03204723727,4026325.752998983
1628842527078538537,352838.27007656655,4026325.6034927648
1628842527216392598,352838.89644946926,4026325.2200784497
1628842527288442808,352839.2811861633,4026324.9966077125
1628842527420366144,352839.9141614246,4026324.643461935
1628842527486416151,352840.2073518912,4026324.485923545
1628842527606600329,352840.85289007996,4026324.1564294957
1628842527678507289,352841.20423588273,4026323.982980221
1628842527822415318,352841.92325657606,4026323.6577773034
1628842527960527514,352842.6579173441,4026323.362216397
1628842528008511938,352842.92360307963,4026323.257178267
1628842528152529338,352843.6827778508,4026322.99266511
1628842528218540107,352844.0660558167,4026322.8620854025
1628842528350544662,352844.78945787053,4026322.631337582
1628842528422481418,352845.1894455913,4026322.5331893614
1628842528554509390,352845.93416179426,4026322.3319567163
1628842528626568527,352846.3417699792,4026322.23418268
1628842528752445342,352847.11927411065,4026322.100158362
1628842528812452448,352847.47896195494,4026322.0369510003
1628842528962489636,352848.3996011041,4026321.9106127266
1628842529016513828,352848.7078266306,4026321.8782632155
1628842529154454032,352849.5888023836,4026321.832433518
1628842529220404545,352849.96436046436,4026321.809728691
1628842529364505189,352850.90790715866,4026321.7752878596
1628842529424543251,352851.3320769346,4026321.810840264
1628842529556490880,352852.15990304016,4026321.842070874
1628842529616759909,352852.5436004213,4026321.8655693997
1628842529760281028,352853.47543680173,4026321.9601133266
1628842529826530051,352853.92655741295,4026322.007583204
1628842529958483765,352854.78479083534,4026322.1293784264
1628842530018483141,352855.16944025503,4026322.1954639154
1628842530156446132,352856.10209283413,4026322.4027732266
1628842530228406975,352856.55244233145,4026322.503677949
1628842530354275318,352857.32356446557,4026322.6866152096
1628842530414378058,352857.72429761477,4026322.850710645
1628842530558447295,352858.6670088606,4026323.163349859
1628842530624369084,352859.04064184695,4026323.2968535596
1628842530756511185,352859.9433589244,4026323.637287218
1628842530816481581,352860.3186330847,4026323.777583857
1628842530960433734,352861.18659263605,4026324.195406191
1628842531020437759,352861.55041284906,4026324.3602811936
1628842531158527106,352862.406931959,4026324.807076308
1628842531224283676,352862.7634118705,4026324.9853818137
1628842531362514510,352863.59239131736,4026325.4125486305
1628842531428419116,352864.0087728755,4026325.685876913
1628842531560462026,352864.7744986648,4026326.1072818968
1628842531692525218,352865.5400420623,4026326.5974774268
1628842531752530567,352865.8886975505,4026326.800696463
1628842531884511048,352866.6411222303,4026327.2403482883
1628842531962430176,352867.103002767,4026327.567912678
1628842532082441203,352867.78814421943,4026327.981057839
1628842532160484410,352868.2399675255,4026328.307175607
1628842532286483666,352868.92278568854,4026328.724587034
1628842532352529890,352869.3258695001,4026328.9705378953
1628842532496385033,352870.12635892787,4026329.507260094
1628842532562478027,352870.53742922435,4026329.7585228477
1628842532688349461,352871.2238692307,4026330.2122197864
1628842532754489136,352871.6321133634,4026330.4619436455
1628842532898256154,352872.4485195116,4026330.996549452
1628842532958350418,352872.79519472894,4026331.204929385
1628842533084523238,352873.5568310417,4026331.6600810606
1628842533156477178,352873.9564927344,4026331.9408501377
1628842533294376691,352874.7523852758,4026332.409519542
1628842533354434900,352875.18896668195,4026332.6616158397
1628842533486396807,352875.9775281981,4026333.1802150644
1628842533564395055,352876.4157949651,4026333.426881136
1628842533690514017,352877.24646148575,4026333.962038706
1628842533768429806,352877.7613342593,4026334.2477946137
1628842533894258817,352878.54674199584,4026334.67637398
1628842533960386149,352878.99800800235,4026334.967467173
1628842534104186341,352879.93390737707,4026335.46363693
1628842534158527116,352880.35014480125,4026335.719100161
1628842534290406758,352881.2362736383,4026336.1777235474
1628842534362373468,352881.7185525345,4026336.4238714976
1628842534488828084,352882.6468015602,4026336.915227521
1628842534560513114,352883.13933213137,4026337.1608047574
1628842534692537412,352884.07623742265,4026337.648397586
1628842534758790812,352884.5777118292,4026337.8941129697
1628842534896256785,352885.5167649841,4026338.351395712
1628842534962497410,352886.0459658164,4026338.6304542846
1628842535088521808,352886.9262429185,4026339.0554095074
1628842535160441225,352887.53833892616,4026339.3642806136
1628842535298259655,352888.50694132573,4026339.8301715786
1628842535364391953,352889.0307730098,4026340.083289702
1628842535496491255,352890.03993513586,4026340.565948473
1628842535568276091,352890.5701258758,4026340.821094979
1628842535694431110,352891.5838475354,4026341.3166313646
1628842535766388396,352892.12000063626,4026341.580099682
1628842535886369345,352893.0437437432,4026342.036651291
1628842535964457224,352893.6863395188,4026342.3624917767
1628842536084489407,352894.6161395671,4026342.828447047
1628842536168733903,352895.2690391927,4026343.1442096536
1628842536288385209,352896.20239969797,4026343.6167728053
1628842536426471713,352897.3292592049,4026344.177665855
1628842536492299006,352897.79703895986,4026344.4164771033
1628842536564425082,352898.4198079333,4026344.7361542005
1628842536696414883,352899.4498879125,4026345.291579821
1628842536822356934,352900.3809467461,4026345.782737366
1628842536894237792,352900.9228683875,4026346.07055312
1628842537026417549,352902.0261320382,4026346.669781084
1628842537092364482,352902.4881168988,4026346.9200436138
1628842537230383088,352903.5811982781,4026347.5396779976
1628842537314491814,352904.19406801794,4026347.8807182284
1628842537428634992,352905.1214481095,4026348.430700946
1628842537488456738,352905.577870221,4026348.6930516018
1628842537626359379,352906.5633722723,4026349.2656228887
1628842537692363753,352907.10695841233,4026349.602529332
1628842537830643307,352908.15804689797,4026350.2275310974
1628842537896260997,352908.60828995786,4026350.495327431
1628842538028411642,352909.67334938084,4026351.1820130493
1628842538100421233,352910.19787785644,4026351.500978217
1628842538226207856,352911.09427416895,4026352.0774582373
1628842538292634325,352911.6131012422,4026352.3931480367
1628842538424636467,352912.5905090731,4026353.001303926
1628842538502423940,352913.1769991289,4026353.359165411
1628842538634358414,352914.1246172034,4026353.9346846896
1628842538694375490,352914.5691938888,4026354.239488914
1628842538832369214,352915.5036823761,4026354.8141478207
1628842538898375874,352916.0051306932,4026355.120916459
1628842539036375894,352917.00947126583,4026355.772332551
1628842539102250129,352917.4356211635,4026356.032084826
1628842539222629224,352918.3542836502,4026356.6223326516
1628842539294628523,352918.84338002745,4026356.9214680083
1628842539426798592,352919.76117205864,4026357.5017971694
1628842539498381160,352920.24191008497,4026357.797091889
1628842539630194460,352921.1240858884,4026358.3417704627
1628842539696645116,352921.6034578559,4026358.6653632848
1628842539828609923,352922.46868868626,4026359.2023949563
1628842539894260051,352922.8631292741,4026359.448571179
1628842540026432347,352923.78235071525,4026360.036734841
1628842540104253221,352924.22431639803,4026360.313156418
1628842540230642113,352925.0559422169,4026360.839543402
1628842540296795939,352925.4930212486,4026361.1089983475
1628842540428426952,352926.2996346168,4026361.645072178
1628842540500377826,352926.7280675337,4026361.914857044
1628842540638625834,352927.5648776347,4026362.4450930706
1628842540770443327,352928.3086506581,4026362.962885332
1628842540836280488,352928.6534213107,4026363.1756332503
1628842540896250471,352928.9951674442,4026363.3872880973
1628842541028614679,352929.78065636416,4026363.91715943
1628842541166349525,352930.5100741136,4026364.386153244
1628842541232616677,352930.8943280084,4026364.625971877
1628842541364363052,352931.5928720581,4026365.0595854744
1628842541436796112,352931.9858579914,4026365.3194282856
1628842541574594723,352932.73753385834,4026365.7911115414
1628842541628246224,352933.0065861786,4026365.9610921713
1628842541772416248,352933.803399018,4026366.483920381
1628842541832412556,352934.1264679229,4026366.6876831013
1628842541964371435,352934.81739702704,4026367.1248594546
1628842542030255949,352935.12693365937,4026367.3181858785
1628842542174413677,352935.90445130295,4026367.820086035
1628842542234401357,352936.2167003643,4026368.019271673
1628842542366339827,352936.9080852988,4026368.4579205653
1628842542426351743,352937.22832540015,4026368.6741521945
1628842542576581328,352938.0532189205,4026369.1914534685
1628842542630349928,352938.32773357816,4026369.36390505
1628842542768368752,352939.0626027478,4026369.8610666017
1628842542828370698,352939.3911178893,4026370.068826473
1628842542978589525,352940.1985812644,4026370.5941753113
1628842543038575229,352940.53219734714,4026370.802657376
1628842543170248837,352941.2519261257,4026371.2598229437
1628842543236413196,352941.64381990675,4026371.5059211263
1628842543374245533,352942.372342284,4026371.962693397
1628842543446346970,352942.7642170063,4026372.2290253215
1628842543566645747,352943.4958214337,4026372.6851197565
1628842543632252791,352943.83362424513,4026372.896430089
1628842543770368572,352944.6145917883,4026373.408816367
1628842543830361402,352944.9516440508,4026373.620185255
1628842543968649330,352945.731785501,4026374.125261351
1628842544028642578,352946.06584714574,4026374.3325916342
1628842544172374972,352946.8428185183,4026374.835646407
1628842544232339518,352947.1717936909,4026375.0408657645
1628842544376249257,352947.9361062681,4026375.511679672
1628842544430644379,352948.2650972041,4026375.736262413
1628842544574346232,352949.0205628638,4026376.2009703787
1628842544640276738,352949.34169525886,4026376.3996852697
1628842544784545749,352950.1520202407,4026376.9136795336
1628842544832634408,352950.41698391,4026377.0767719788
1628842544970394761,352951.1544427499,4026377.5483623184
1628842545042624246,352951.5203370475,4026377.773432805
1628842545180223690,352952.1914345941,4026378.2064914033
1628842545306616805,352952.86071306845,4026378.6213769917
1628842545372252663,352953.1684629319,4026378.8099430343
1628842545492637703,352953.8171693131,4026379.237888516
1628842545576372225,352954.21981417225,4026379.4868107997
1628842545702696998,352954.86964456027,4026379.897601478
1628842545780342267,352955.2146762706,4026380.1096287942
1628842545900338853,352955.7969515647,4026380.4594162484
1628842545978359321,352956.19428105454,4026380.707803203
1628842546104719703,352956.82513877924,4026381.0876656557
1628842546176610195,352957.1420902028,4026381.2992082518
1628842546308610745,352957.7632647722,4026381.6994379424
1628842546374245902,352958.0554229771,4026381.882775516
1628842546506618016,352958.72095354367,4026382.280497776
1628842546578613163,352959.05110271566,4026382.4764812295
1628842546704330200,352959.6098443219,4026382.855217788
1628842546770643467,352959.93505629763,4026383.065079148
1628842546908613135,352960.5739700289,4026383.476177553
1628842546974360232,352960.8645700397,4026383.6558184735
1628842547100748643,352961.512197339,4026384.04652045
1628842547172615312,352961.8266228926,4026384.2528722514
1628842547310365378,352962.5168739739,4026384.6798234372
1628842547376331350,352962.8108442408,4026384.86126882
1628842547502378925,352963.45020050847,4026385.244848027
1628842547574724391,352963.797335565,4026385.453391449
1628842547712592582,352964.4614582771,4026385.8868744816
1628842547772601164,352964.7592610293,4026386.067690313
1628842547910594607,352965.44030135125,4026386.5036329487
1628842547970586403,352965.7384991671,4026386.6836791597
1628842548102620388,352966.38413161394,4026387.072172266
1628842548174588947,352966.7215541668,4026387.2917144666
1628842548300595640,352967.3616722096,4026387.6805300983
1628842548372885246,352967.7035998255,4026387.8883838267
1628842548504584499,352968.33267434116,4026388.2822545273
1628842548708253019,352969.2900066049,4026388.8910622876
1628842548774578553,352969.62374306767,4026389.0979564376
1628842548906343645,352970.2297416281,4026389.487046049
1628842548978224572,352970.5604733853,4026389.691992295
1628842549104643116,352971.17106512777,4026390.0704295766
1628842549176596934,352971.4879307224,4026390.284598665
1628842549314555804,352972.1459086698,4026390.6903999685
1628842549380666697,352972.43062820163,4026390.8705072524
1628842549506568246,352973.0262445754,4026391.268791257
1628842549638588274,352973.6508610664,4026391.6584959775
1628842549710321632,352973.97780993424,4026391.8843197445
1628842549776559015,352974.31227602554,4026392.0889280993
1628842549902366705,352974.8834207613,4026392.443452798
1628842550040577214,352975.5457411831,4026392.889037042
1628842550106634800,352975.88710321835,4026393.102363378
1628842550238589243,352976.5157367907,4026393.5026661367
1628842550310353884,352976.8647594739,4026393.716045633
1628842550430560562,352977.4448207086,4026394.0899048774
1628842550508593755,352977.8420529362,4026394.3310616766
1628842550640565449,352978.48974565824,4026394.7226792797
1628842550700561849,352978.7730693559,4026394.917153857
1628842550838564513,352979.4733993407,4026395.3377249106
1628842550910553966,352979.81818709534,4026395.564787357
1628842551048320902,352980.471145784,4026395.950730973
1628842551102751702,352980.7729236331,4026396.1280618724
1628842551240555342,352981.4703047401,4026396.5525131095
1628842551300609991,352981.77229585475,4026396.7275210624
1628842551444555263,352982.4786732877,4026397.1614481304
1628842551504529106,352982.7845065576,4026397.3378557856
1628842551642237198,352983.45565684675,4026397.7157546687
1628842551714522083,352983.8424485475,4026397.9562648907
1628842551834636731,352984.4699903886,4026398.2986179683
1628842551912245308,352984.8225855711,4026398.4747053143
1628842552044648769,352985.5611844292,4026398.8501476906
1628842552116599317,352985.9332619797,4026399.0324811316
1628842552248531722,352986.6312393935,4026399.384610481
1628842552314635341,352987.0131427349,4026399.5568436813
1628842552446612133,352987.7240223754,4026399.896089278
1628842552512305447,352988.05961979396,4026400.0310828714
1628842552644586353,352988.84145909094,4026400.345900497
1628842552704538984,352989.183897918,4026400.466358349
1628842552836631819,352989.93604701944,4026400.709489715
1628842552908605489,352990.3321759038,4026400.8350944924
1628842553040577560,352991.0948587616,4026401.0324687543
1628842553112663023,352991.5069111481,4026401.127499151
1628842553238607626,352992.2793438017,4026401.3043221408
1628842553310565718,352992.6957300659,4026401.382173781
1628842553448622094,352993.5394232412,4026401.520861218
1628842553514485945,352993.9038605088,4026401.561843636
1628842553640530438,352994.69234224793,4026401.6357628573
1628842553718609434,352995.18861163897,4026401.666894482
1628842553856238298,352995.97959581396,4026401.696550929
1628842553982579681,352996.78357606946,4026401.701389537
1628842554042579625,352997.1530867412,4026401.686590853
1628842554108646999,352997.58423737343,4026401.662292976
1628842554252599842,352998.45156064373,4026401.588755263
1628842554378469604,352999.1905761594,4026401.514434172
1628842554444581550,352999.6336209464,4026401.4287309675
1628842554582628052,353000.502877729,4026401.298794102
1628842554642657558,353000.8930214327,4026401.1997823548
1628842554780581809,353001.7717838683,4026401.018383769
1628842554984563838,353003.0465802919,4026400.6807441916
1628842555044592683,353003.4221379223,4026400.579797981
1628842555182756118,353004.2966262242,4026400.29814458
1628842555242606364,353004.669936536,4026400.1773236217
1628842555380446346,353005.47831420664,4026399.900209887
1628842555452538989,353005.98135212937,4026399.6826132624
1628842555584613505,353006.7795894904,4026399.3619242753
1628842555644576333,353007.14694821846,4026399.177025255
1628842555788548903,353007.995845305,4026398.7963180356
1628842555848574694,353008.356440575,4026398.625800923
1628842555980159286,353009.14506142354,4026398.208701417
1628842556040535852,353009.49989499646,4026398.0244269706
1628842556184432879,353010.3311480943,4026397.5520536257
1628842556238614234,353010.680956675,4026397.3595025702
1628842556382178402,353011.48786564544,4026396.8962246543
1628842556448629037,353011.8944785118,4026396.629833301
1628842556586821615,353012.68113352463,4026396.1386547727
1628842556646568967,353013.02781148715,4026395.880955444
1628842556778552854,353013.7465210095,4026395.408706294
1628842556844192560,353014.0759559407,4026395.189629988
1628842556982563657,353014.8296426907,4026394.6165668317
1628842557048578352,353015.2042693502,4026394.3486735416
1628842557186194518,353015.89380154543,4026393.8155175243
1628842557240557317,353016.2084698684,4026393.5797848813
1628842557384269651,353016.9318022529,4026393.0230451003
1628842557450196714,353017.24040700647,4026392.735687524
1628842557582586852,353017.9459581487,4026392.167286447
1628842557642572848,353018.24303548026,4026391.8761266037
1628842557792531185,353018.9838295155,4026391.2541639884
1628842557846171581,353019.2292618278,4026391.0467363154
1628842557984530342,353019.89888038667,4026390.420152209
1628842558050427041,353020.19008090266,4026390.1714662225
1628842558188211502,353020.85419992276,4026389.5611347095
1628842558254520392,353021.18621122255,4026389.2713965843
1628842558386532963,353021.7866956298,4026388.7347771493
1628842558518168577,353022.40093094367,4026388.1656060563
1628842558590179492,353022.7310127651,4026387.8739933586
1628842558716545515,353023.3153804343,4026387.304535501
1628842558788522912,353023.6465203431,4026387.0073811556
1628842558914662149,353024.26035668893,4026386.413100751
1628842558986609290,353024.57643707364,4026386.12036758
1628842559118579629,353025.1686545721,4026385.5767169204
1628842559190707319,353025.4827401971,4026385.273427912
1628842559316628756,353026.1058785434,4026384.7103927815
1628842559388596806,353026.4501285759,4026384.396200821
1628842559526487601,353027.0234376616,4026383.8431358165
1628842559586586570,353027.4162622848,4026383.480863022
1628842559718577321,353028.0536078019,4026382.8864130387
1628842559784183996,353028.3565635975,4026382.6075899117
1628842559910594294,353028.98816707404,4026381.9926073025
1628842559988578620,353029.4059455487,4026381.6088692616
1628842560126175611,353030.0938446219,4026380.9753840882
1628842560186170044,353030.39344239864,4026380.6735464716
1628842560312575686,353031.09556886426,4026380.030084861
1628842560384596852,353031.479638144,4026379.6798932687
1628842560582577687,353032.59319989523,4026378.634933245
1628842560714553611,353033.32914503606,4026377.945457088
1628842560792584001,353033.79024955607,4026377.526346613
1628842560924553105,353034.552285552,4026376.798997846
1628842560990553628,353034.9664348366,4026376.4232410467
1628842561110676367,353035.68438210175,4026375.771729448
1628842561188552743,353036.09942281956,4026375.3691323623
1628842561326547019,353036.9536052026,4026374.5945204077
1628842561386834278,353037.3237765081,4026374.2597474693
1628842561506562773,353038.06827878056,4026373.565106427
1628842561722573618,353039.467072251,4026372.2822750737
1628842561794632865,353039.9138287771,4026371.8781331875
1628842561914562269,353040.6867690787,4026371.1535450476
1628842561986555936,353041.1386372872,4026370.742877261
1628842562124688232,353041.9813063167,4026369.974915654
1628842562196578855,353042.51211130235,4026369.4763146574
1628842562316571754,353043.299342612,4026368.7607770963
1628842562394443279,353043.7607511227,4026368.3415399767
1628842562520669065,353044.6323903424,4026367.5252963067
1628842562598594527,353045.1650538411,4026367.0422433517
1628842562718679917,353045.9776606908,4026366.2837490183
1628842562796543583,353046.51364828035,4026365.795604326
1628842562934198106,353047.39807683986,4026364.965090573
1628842562988561836,353047.8025096025,4026364.594855124
1628842563108554573,353048.61367745034,4026363.8538264404
1628842563252546997,353049.58192614326,4026362.9650823516
1628842563318761731,353050.0606856323,4026362.532428651
1628842563450520723,353050.9520733204,4026361.7156676557
1628842563516512803,353051.3654771671,4026361.346256821
1628842563648545719,353052.33567687403,4026360.461630416
1628842563720559522,353052.82085220295,4026360.0293868813
1628842563846195682,353053.65417928575,4026359.289203636
1628842563924519532,353054.21838144085,4026358.779722009
1628842564050551047,353055.13348817546,4026357.985157738
1628842564116164157,353055.55940197455,4026357.619426004
1628842564254497389,353056.56442342815,4026356.7519404846
1628842564320534887,353057.06522005214,4026356.3300372637
1628842564452627872,353058.01428988634,4026355.5238193753
1628842564524550280,353058.52108856407,4026355.1040270072
1628842564656515400,353059.47085128096,4026354.3085093205
1628842564716520946,353059.90848216705,4026353.94851485
1628842564860196548,353060.9338155186,4026353.113080171
1628842564926518457,353061.45442534296,4026352.690246137
1628842565052637918,353062.4123426435,4026351.925672983
1628842565118511865,353062.8559934511,4026351.5746861775
1628842565256512524,353063.9074605893,4026350.725472399
1628842565322173030,353064.35638161254,4026350.3761816034
1628842565454511754,353065.420361574,4026349.5634383345
1628842565526523480,353065.9477220105,4026349.1620967845
1628842565658485432,353066.94039113674,4026348.392097791
1628842565730504650,353067.46788039303,4026347.996995064
1628842565856850523,353068.44223326654,4026347.2675751965
1628842565922534849,353068.9135978749,4026346.899257655
1628842566048512117,353069.8854007043,4026346.1715139095
1628842566120487258,353070.40760325745,4026345.7822688995
1628842566258512298,353071.442391053,4026344.999013422
1628842566318499979,353071.88542947185,4026344.669461055
1628842566450523407,353072.833489371,4026343.9502075026
1628842566522611987,353073.34700292384,4026343.573591833
1628842566660573706,353074.3513146919,4026342.8089353372
1628842566720538285,353074.78699958586,4026342.4920354094
1628842566852866444,353075.72888109216,4026341.8092795345
1628842566930573509,353076.3114704938,4026341.3746074685
1628842567056371393,353077.1795413837,4026340.755008821
1628842567128491805,353077.68508405,4026340.3955728184
1628842567254572253,353078.6226136766,4026339.7189030955
1628842567332672655,353079.1965288601,4026339.321579612
1628842567464556713,353080.13762965566,4026338.64808441
1628842567596477135,353081.072931122,4026338.011415916
1628842567656449320,353081.511129639,4026337.7050481783
1628842567794561255,353082.5222837656,4026337.0333867418
1628842567860451968,353082.957111062,4026336.7468670867
1628842567992542404,353083.98129601945,4026336.072940194
1628842568052552036,353084.42562707583,4026335.7871750165
1628842568202389879,353085.46571779635,4026335.1136042466
1628842568256554356,353085.91964634095,4026334.829171803
1628842568454512332,353087.45646718086,4026333.869863335
1628842568598585301,353088.5465373574,4026333.2120015216
1628842568658557977,353089.024726263,4026332.9176058318
1628842568802563118,353090.1352512677,4026332.268766418
1628842569000527133,353091.75331761036,4026331.3342045997
1628842569060558186,353092.24059177714,4026331.0595222046
1628842569198572847,353093.40344986564,4026330.413564932
1628842569258549132,353093.8975638856,4026330.1431612466
1628842569396741531,353095.08213574404,4026329.4945319784
1628842569456528676,353095.5824141411,4026329.224115438
1628842569600543073,353096.7577678708,4026328.5996602625
1628842569648564921,353097.1943066382,4026328.3514885847
1628842569798517254,353098.4630853158,4026327.6862953347
1628842569858626351,353098.9735841659,4026327.4197493484
1628842569996512290,353100.10926404543,4026326.847389879
1628842570062539871,353100.71111029264,4026326.5363719794
1628842570206274884,353101.94142868684,4026325.9030510746
1628842570266405950,353102.45881335903,4026325.6349389697
1628842570392491238,353103.6107299634,4026325.039690978
1628842570464497164,353104.2192203263,4026324.725447874
1628842570596354832,353105.35581235104,4026324.1424992196
1628842570662525263,353105.98520311783,4026323.8239651243
1628842570794493351,353107.1256871559,4026323.242415594
1628842570854570531,353107.65332741186,4026322.9752896386
1628842571004529042,353109.007120352,4026322.3046437274
1628842571064546782,353109.5384828992,4026322.039713115
1628842571196493894,353110.7121781846,4026321.46538314
1628842571256563855,353111.2469491406,4026321.203934932
1628842571406493842,353112.6028685438,4026320.5412339866
1628842571460501037,353113.05036546756,4026320.3255620343
1628842571598426909,353114.307572903,4026319.7269895314
1628842571658493516,353114.86672168935,4026319.4598029475
1628842571796496178,353116.1343488569,4026318.8764045825
1628842571874344639,353116.7693215733,4026318.5869212584
1628842572000387258,353117.99059799965,4026318.03171393
1628842572132365335,353119.16773068346,4026317.5129304533
1628842572198494261,353119.8126033534,4026317.216062071
1628842572330501286,353120.9834637905,4026316.7111639916
1628842572396515421,353121.63726642774,4026316.423055602
1628842572528556098,353122.806348286,4026315.932943318
1628842572600611315,353123.43394912686,4026315.673477718
1628842572726508114,353124.61218042404,4026315.204618889
1628842572798496015,353125.2364228477,4026314.954960811
1628842572930500902,353126.4184909216,4026314.4918966345
1628842573002489102,353127.04092491855,4026314.2525691246
1628842573134341547,353128.10367390583,4026313.8491301285
1628842573200458785,353128.8455126274,4026313.5948240235
1628842573338529191,353130.07911602315,4026313.1492433525
1628842573398493457,353130.63162949355,4026312.987014446
1628842573524486845,353131.67822192906,4026312.6251099124
1628842573602491897,353132.370057023,4026312.3905422166
1628842573740339532,353133.5069405205,4026311.9803388976
1628842573800557089,353134.10215036495,4026311.7831454966
1628842573932559905,353135.2392967128,4026311.454161269
1628842573992547984,353135.74196502566,4026311.2940134993
1628842574130856165,353136.9043976838,4026310.9336710605
1628842574202534259,353137.52040728345,4026310.787914194
1628842574322669175,353138.4977940615,4026310.494856841
1628842574406530364,353139.1642838089,4026310.3313528826
1628842574532454840,353140.1909040657,4026310.0271157282
1628842574610650180,353140.7368864692,4026309.872948081
1628842574736413139,353141.7527452843,4026309.6098790057
1628842574814650645,353142.35289343377,4026309.43755085
1628842574934556592,353143.25996437704,4026309.1658580867
1628842575006428366,353143.76793858665,4026309.02525912
1628842575126426724,353144.6206181622,4026308.803423734
1628842575204444413,353145.1086746954,4026308.6571198725
1628842575336651807,353146.042880606,4026308.386615494
1628842575409322618,353146.47256675735,4026308.2201520773
1628842575529270782,353147.23468037427,4026308.015980536
1628842575601251295,353147.66796857887,4026307.9044951107
1628842575727358941,353148.4036158588,4026307.639538114
1628842575805602274,353148.8609779952,4026307.5079912473
1628842575931270577,353149.5154198898,4026307.2962299134
1628842576009299335,353149.9461304482,4026307.1767010526
1628842576141175801,353150.6522490082,4026306.9943835274
1628842576201184232,353150.9577080137,4026306.9103791933
1628842576333246762,353151.6017883939,4026306.7300744336
1628842576459294780,353152.2284816941,4026306.5745397112
1628842576531263651,353152.5606657524,4026306.4873511763
1628842576603208031,353152.88583748724,4026306.4032569835
1628842576729357871,353153.4328095162,4026306.2471355028
1628842576867145658,353154.0140044829,4026306.080973545
1628842576933289067,353154.2850076285,4026306.0301768505
1628842577065188157,353154.8663572147,4026305.874037452
1628842577137151580,353155.17753793293,4026305.7972148187
1628842577269273257,353155.7207833516,4026305.6318792063
1628842577335269261,353156.02233579685,4026305.5460491516
1628842577474472000,353156.5910069026,4026305.3413724373
1628842577540243509,353156.83232501394,4026305.261354481
1628842577666371400,353157.3594684464,4026305.081368611
1628842577744599223,353157.67662716086,4026304.9755290854
1628842577876479735,353158.1904962819,4026304.7946848357
1628842577936507590,353158.3777009229,4026304.7206041403
1628842578062383473,353158.8726610252,4026304.5062360573
1628842578134449565,353159.13561378774,4026304.3783657397
1628842578272576464,353159.6148238685,4026304.1115907677
1628842578338475424,353159.82874725846,4026303.978127325
1628842578464717349,353160.2402440211,4026303.7143309424
1628842578536375138,353160.47069831577,4026303.5352836107
1628842578668348460,353160.8728314827,4026303.207863597
1628842578734768259,353161.08360676735,4026303.0092826323
1628842578872239117,353161.4485643802,4026302.618511922
1628842578938468657,353161.6433826413,4026302.4237414524
1628842579070345830,353161.9548063207,4026301.9956695815
1628842579136474987,353162.0866429476,4026301.7922617225
1628842579274212715,353162.3667841241,4026301.310031964
1628842579340458596,353162.4941513971,4026301.060785721
1628842579479259548,353162.7040597811,4026300.5526157473
1628842579539239384,353162.78914978716,4026300.3324522884
1628842579671354470,353162.908249259,4026299.831222816
1628842579731342165,353162.97508608294,4026299.607233502
1628842579875263067,353163.12071831455,4026299.088769589
1628842579929515700,353163.1326375983,4026298.8484835634
1628842580073144264,353163.23372619716,4026298.337015383
1628842580133205973,353163.2660846595,4026298.116097542
1628842580271427776,353163.3216839272,4026297.585533084
1628842580331301204,353163.3556968652,4026297.356896704
1628842580469175728,353163.3843222787,4026296.856254337
1628842580541380798,353163.4327249675,4026296.5448232903
1628842580673351323,353163.4579188522,4026295.9920535255
1628842580733336167,353163.48159719736,4026295.7433436722
1628842580865188472,353163.523981664,4026295.194722952
1628842580943235582,353163.56428784376,4026294.834112238
1628842581075369476,353163.6331789398,4026294.275719138
1628842581207251971,353163.6648051669,4026293.6730199615
1628842581267266236,353163.68466614897,4026293.3998384345
1628842581405250334,353163.72023865895,4026292.740972923
1628842581477173539,353163.7504956758,4026292.404145701
1628842581609132423,353163.8160928035,4026291.760320256
1628842581663379960,353163.8196290452,4026291.4188264636
1628842581807259538,353163.8747108771,4026290.6695263623
1628842581879171365,353163.8982966158,4026290.2883858094
1628842582005372448,353163.96351935546,4026289.541423961
1628842582065380219,353163.9869291457,4026289.204827215
1628842582209410657,353164.03305724857,4026288.374669174
1628842582275303250,353164.0601561337,4026287.962226427
1628842582407334525,353164.10306722496,4026287.146626518
1628842582467371405,353164.1242260909,4026286.7780470476
1628842582611250493,353164.17420222197,4026285.9048317643
1628842582677301311,353164.1856391452,4026285.4280709918
1628842582809306424,353164.228740375,4026284.593073764
1628842582869242424,353164.2489465808,4026284.203392077
1628842583007378144,353164.2805709542,4026283.2313886457
1628842583079252209,353164.2983591305,4026282.831379489
1628842583211223569,353164.34456383646,4026281.858961141
1628842583271238875,353164.3627003068,4026281.453391833
1628842583409346600,353164.3863940186,4026280.4798137955
1628842583469377089,353164.402913292,4026280.0706555266
1628842583613130896,353164.44295730116,4026279.11376836
1628842583673247957,353164.4611738424,4026278.661596921
1628842583811351924,353164.5174818898,4026277.695599233
1628842583877110603,353164.5431509727,4026277.2798161334
1628842584015226796,353164.5884302909,4026276.2734928722
1628842584075246259,353164.6201623621,4026275.852617363
1628842584219251573,353164.699816513,4026274.841606956
1628842584285156963,353164.75018555485,4026274.345448504
1628842584417242421,353164.840899467,4026273.3927992126
1628842584477244391,353164.89322809025,4026272.9636553028
1628842584615217700,353165.0287466141,4026271.9599686037
1628842584675247734,353165.076002882,4026271.507030422
1628842584807215474,353165.23673628864,4026270.572214895
1628842584867236001,353165.3186668463,4026270.138563908
1628842585017242541,353165.5220386387,4026269.014967165
1628842585077256787,353165.61865468556,4026268.5744983624
1628842585215366507,353165.83108262473,4026267.5197872105
1628842585353131761,353166.0828151008,4026266.5595037043
1628842585413255374,353166.1691554896,4026266.109641685
1628842585539263549,353166.4558431814,4026265.1519015827
1628842585617221487,353166.64622570324,4026264.5611303635
1628842585737379955,353166.8775701069,4026263.639415996
1628842585809334399,353167.06098945416,4026263.1176721174
1628842585941236871,353167.43739690515,4026262.1255974188
1628842586019249426,353167.6783314436,4026261.530299854
1628842586139226598,353168.05793612025,4026260.638651077
1628842586211127511,353168.2945876261,4026260.0760420742
1628842586337336825,353168.7465016304,4026259.108628182
1628842586409347723,353168.9930390598,4026258.5251987255
1628842586541238248,353169.4819340458,4026257.548399617
1628842586625133743,353169.7909687592,4026256.944997742
1628842586739360090,353170.2843488731,4026255.993345703
1628842586817185052,353170.5687066971,4026255.4626740776
1628842586961242340,353171.22623412847,4026254.264784446
1628842587009283064,353171.44128644024,4026253.8817805722
1628842587147138158,353172.0373944603,4026252.834995693
1628842587213335037,353172.35170830996,4026252.2936846204
1628842587345225537,353172.9453856249,4026251.2871406567
1628842587417148237,353173.28493244655,4026250.6878911597
1628842587543241002,353173.8937692606,4026249.6772756735
1628842587609423433,353174.2245082236,4026249.1318411212
1628842587747241112,353174.8864179888,4026248.0808592164
1628842587819238292,353175.22592436103,4026247.5341393636
1628842587945231423,353175.9072490098,4026246.475374596
1628842588017257169,353176.25311583106,4026245.9276009663
1628842588149161343,353176.91795774,4026244.8623253526
1628842588215346354,353177.26461107837,4026244.313233804
1628842588347213453,353177.90695041546,4026243.294116351
1628842588413280660,353178.2844048391,4026242.7023120252
1628842588545368596,353178.92613601004,4026241.692314545
1628842588617359823,353179.2704327627,4026241.1509153754
1628842588737323655,353179.89361038303,4026240.1679888796
1628842588821233271,353180.288394367,4026239.552491464
1628842588947234023,353180.94515856256,4026238.481409728
1628842589019134457,353181.28788396757,4026237.9427152183
1628842589139369207,353181.8741774154,4026237.02258634
1628842589217281420,353182.2870710703,4026236.3763024863
1628842589349231067,353182.9176549348,4026235.3891689964
1628842589421087940,353183.27516541246,4026234.820698047
1628842589547310453,353183.9030715461,4026233.8394160355
1628842589679327258,353184.5649340197,4026232.84313907
1628842589757152065,353184.9041894099,4026232.320258367
1628842589823159041,353185.24282430974,4026231.7994786645
1628842589943146307,353185.83711744833,4026230.8885453995
1628842590081331612,353186.5102838028,4026229.8596480526
1628842590147093614,353186.79803494515,4026229.421072065
1628842590279247581,353187.4653868828,4026228.382206237
1628842590339261535,353187.74903011613,4026227.949734791
1628842590483227482,353188.39664730727,4026226.9015483176
1628842590543322869,353188.6753057801,4026226.4720605593
1628842590681342779,353189.3288622964,4026225.4411877943
1628842590741590756,353189.6044666644,4026225.0142580923
1628842590873203821,353190.1977391641,4026224.093462315
1628842590945114539,353190.53334469313,4026223.5757668945
1628842591083332690,353191.16925038584,4026222.592816452
1628842591149111463,353191.44509243016,4026222.154686554
1628842591281099146,353192.0308883822,4026221.253697799
1628842591353390729,353192.39084363886,4026220.7033668878
1628842591491091928,353192.9836386485,4026219.779569603
1628842591551134453,353193.25359310536,4026219.369486247
1628842591677226972,353193.8249051814,4026218.4727866333
1628842591755228889,353194.1819914422,4026217.9278259655
1628842591887358135,353194.7643368514,4026217.0275825383
1628842591947327760,353195.0176742833,4026216.6165791266
1628842592079222191,353195.6128740144,4026215.7076950637
1628842592151220478,353195.9351311476,4026215.18023525
1628842592277210251,353196.5081095818,4026214.2908929344
1628842592349133194,353196.8160637758,4026213.8126451843
1628842592475403573,353197.38085481315,4026212.9155756673
1628842592547296311,353197.7045542484,4026212.4191968204
1628842592679206311,353198.284650099,4026211.4978085756
1628842592745439436,353198.605043686,4026211.0017375452
1628842592883137163,353199.20306939865,4026210.0830821465
1628842592949333346,353199.5486232027,4026209.555384224
1628842593087257876,353200.2067610803,4026208.552495985
1628842593141215200,353200.4458096139,4026208.187908343
1628842593279286510,353201.11273466685,4026207.1695818766
1628842593351327257,353201.4474847482,4026206.655353778
1628842593483127099,353202.07581142336,4026205.693242855
1628842593549241443,353202.41331386345,4026205.1748444485
1628842593681220861,353203.0325874373,4026204.195335393
1628842593753147941,353203.3732663493,4026203.6698793718
1628842593885223191,353204.00812937424,4026202.691857266
1628842593951261057,353204.3297547555,4026202.139654731
1628842594083218505,353204.96133172855,4026201.1585984426
1628842594155248468,353205.31614315364,4026200.6008669855
1628842594281323159,353205.9537452719,4026199.6079631555
1628842594425116786,353206.6558038718,4026198.516146315
1628842594485335495,353206.95155832154,4026198.0553787597
1628842594563404786,353207.34534289624,4026197.441002191
1628842594683344836,353207.9447690268,4026196.4950103043
1628842594827161466,353208.63091861736,4026195.413425323
1628842594881168233,353208.87604720466,4026195.026689626
1628842595025207318,353209.64305833925,4026193.8652029824
1628842595085194906,353209.9382630524,4026193.4007884418
1628842595217309557,353210.5948626107,4026192.3735987414
1628842595277316348,353210.8896049018,4026191.907101599
1628842595427184331,353211.64014967065,4026190.7337518088
1628842595487191867,353211.93241066707,4026190.2675961964
1628842595625137959,353212.5619682494,4026189.2582027055
1628842595685355158,353212.9266892974,4026188.69359555
1628842595817329218,353213.55750023515,4026187.6825119685
1628842595895153749,353213.8961902051,4026187.1386497165
1628842596021150270,353214.5385908771,4026186.116328157
1628842596087316332,353214.87707389344,4026185.573753114
1628842596225366656,353215.5147161684,4026184.5452522715
1628842596291116691,353215.8537884157,4026184.0032242434
1628842596417235502,353216.4947626241,4026182.971430246
1628842596483206284,353216.7856683518,4026182.5081092445
1628842596627125140,353217.46359344537,4026181.4308968494
1628842596681331544,353217.7653390331,4026180.9418020993
1628842596819407500,353218.4412180628,4026179.8626922932
1628842596885213369,353218.73149665055,4026179.4010700095
1628842597023193648,353219.4086548398,4026178.310982716
1628842597089336954,353219.74318485387,4026177.7728188816
1628842597227242556,353220.43983130454,4026176.6900787298
1628842597281253929,353220.67933366634,4026176.308037386
1628842597425124931,353221.3462836323,4026175.2350357966
1628842597491359687,353221.67707726394,4026174.704185235
1628842597617077206,353222.24235516984,4026173.7986130323
1628842597689191782,353222.58767992794,4026173.2518144697
1628842597821236809,353223.2432686114,4026172.203497497
1628842597893210622,353223.573295967,4026171.6652293834
1628842598025305908,353224.1732776491,4026170.6995702004
1628842598085320994,353224.4486368749,4026170.256155833
1628842598229283125,353225.0998184785,4026169.211577246
1628842598355192376,353225.69016754674,4026168.261863126
1628842598427110876,353226.0163677876,4026167.738160215
1628842598559250751,353226.6049710512,4026166.799774255
1628842598631185014,353226.9199509275,4026166.297387412
1628842598757204650,353227.50505707006,4026165.348011964
1628842598829347543,353227.8169622438,4026164.8496709247
1628842598967315817,353228.4420469558,4026163.850744939
1628842599027318053,353228.7063402815,4026163.4287380776
1628842599153189076,353229.23731722235,4026162.5817003027
1628842599225332641,353229.58880942024,4026162.025105097
1628842599357331265,353230.1546515669,4026161.1248176056
1628842599429311164,353230.4566204183,4026160.6335027628
1628842599555243668,353231.01813467743,4026159.749754212
1628842599621182416,353231.28013346373,4026159.3463149327
1628842599759203728,353231.8837658828,4026158.3915900355
1628842599831115094,353232.18241969496,4026157.923460125
1628842599951349065,353232.7160429717,4026157.1263183313
1628842600029215594,353233.05885258625,4026156.6012138454
1628842600161199629,353233.61685330694,4026155.750532912
1628842600239085592,353233.9125388054,4026155.2981314133
1628842600359314150,353234.4584621991,4026154.462313198
1628842600431315063,353234.7498082244,4026154.0095560723
1628842600563196356,353235.29695723933,4026153.1920364527
1628842600623401909,353235.55008858035,4026152.819988247
1628842600755054425,353236.0864116041,4026151.995715907
1628842600821336690,353236.3766435749,4026151.5744730826
1628842600959233141,353236.9722312639,4026150.7321080323
1628842601031472280,353237.26206065324,4026150.3303357717
1628842601157069602,353237.76233893563,4026149.6482129265
1628842601223301092,353238.05279932625,4026149.2656743703
1628842601355318685,353238.5926591348,4026148.5745231416
1628842601433236383,353238.929725453,4026148.158944607
1628842601553234488,353239.4335262273,4026147.56136054
1628842601625178749,353239.7298343348,4026147.224971851
1628842601763329442,353240.3019558067,4026146.5691929073
1628842601835303787,353240.59467744455,4026146.2570904396
1628842601955214273,353241.1141769972,4026145.715195078
1628842602033213855,353241.40877160814,4026145.425384722
1628842602165334851,353241.9970565529,4026144.854534168
1628842602225326807,353242.2436645038,4026144.6234479607
1628842602357325604,353242.7743864422,4026144.140521491
1628842602435231041,353243.1111820999,4026143.859405528
1628842602561075384,353243.6089109599,4026143.442958324
1628842602627366200,353243.89942580415,4026143.2059653425
1628842602759328352,353244.45478977554,4026142.825672786
1628842602825225593,353244.7438329505,4026142.6144045964
1628842602957226407,353245.2876797418,4026142.239710711
1628842603029190605,353245.5882413077,4026142.037324636
1628842603161062974,353246.16041388584,4026141.6818522783
1628842603287233656,353246.7553166358,4026141.3044169955
1628842603371164242,353247.1325770855,4026141.077231418
1628842603497465920,353247.72070020065,4026140.7337553087
1628842603563107303,353248.0010253624,4026140.5708301817
1628842603689320483,353248.640804283,4026140.2483224897
1628842603767083664,353248.98842335935,4026140.0638813884
1628842603905055657,353249.71994740394,4026139.7220319947
1628842603953172216,353249.99259374896,4026139.5958354957
1628842604085107799,353250.719116747,4026139.26141996
1628842604163353195,353251.1758604251,4026139.078331512
1628842604289234389,353251.9256205482,4026138.7590942956
1628842604367351044,353252.33936476347,4026138.5976464436
1628842604493167985,353253.1185583399,4026138.3423149837
1628842604565337138,353253.5492613719,4026138.1893348084
1628842604691461920,353254.32974153,4026137.9739314355
1628842604763217201,353254.7678005955,4026137.8282292346
1628842604895175045,353255.5866191522,4026137.6150892917
1628842604973312868,353256.09543608007,4026137.45959244
1628842605099125035,353256.8651307731,4026137.2254146435
1628842605165204945,353257.36662601493,4026137.1151243355
1628842605297195860,353258.2181987576,4026136.868234205
1628842605357371813,353258.61272753123,4026136.7542735636
1628842605507298888,353259.66832370916,4026136.4647762016
1628842605561192382,353260.0016601237,4026136.368606133
1628842605693213119,353261.0073754672,4026136.1214998285
1628842605765205862,353261.48026834853,4026135.9909629533
1628842605897307517,353262.39769818913,4026135.756639585
1628842605957302228,353262.8061005251,4026135.6491676746
1628842606089315176,353263.68982719805,4026135.415972101
1628842606167217153,353264.2658269499,4026135.290054329
1628842606299188866,353265.13587787957,4026135.0710543003
1628842606359182676,353265.5334422613,4026134.972349183
1628842606497205323,353266.51815512974,4026134.7410850665
1628842606569212062,353266.97794485244,4026134.626113217
1628842606701167126,353267.862351486,4026134.39701694
1628842606761216125,353268.2532166233,4026134.2991768885
1628842606899284273,353269.19881064154,4026134.098849167
1628842606959301316,353269.5849837508,4026134.003266836
1628842607103181287,353270.4794593605,4026133.784862783
1628842607163211204,353270.87601759296,4026133.7096374487
1628842607295181184,353271.69214225345,4026133.506779598
1628842607361322554,353272.1281611755,4026133.39916859
1628842607499214184,353273.01948319847,4026133.198177129
1628842607631196229,353273.8162321892,4026133.0045168027
1628842607691220823,353274.2086990783,4026132.923766597
1628842607769312490,353274.6931464847,4026132.803328868
1628842607901219478,353275.48557745176,4026132.6268031904
1628842608033212388,353276.25488284754,4026132.4362723525
1628842608099193870,353276.606945256,4026132.3483861824
1628842608231293602,353277.4404932093,4026132.1579865213
1628842608303288825,353277.8466730303,4026132.068833149
1628842608435252147,353278.6131843355,4026131.9025294995
1628842608495524049,353278.96417169785,4026131.819639851
1628842608639049126,353279.78532057407,4026131.612493881
1628842608693253213,353280.14618635643,4026131.5434676013
1628842608837312605,353280.9612611374,4026131.366900464
1628842608897309513,353281.30876326305,4026131.2584082354
1628842609035198165,353282.1246046985,4026131.064032515
1628842609101176485,353282.4773946231,4026130.974047614
1628842609239288329,353283.3285953771,4026130.7790199323
1628842609305059617,353283.6917993909,4026130.6912772995
1628842609437195428,353284.52187292755,4026130.5155552025
1628842609509182350,353284.93931759906,4026130.417601604
1628842609635460625,353285.71163218434,4026130.229940854
1628842609695349237,353286.0894436019,4026130.188429675
1628842609844947598,353286.9139354111,4026129.9912529057
1628842609911149572,353287.3598040858,4026129.946266368
1628842610037311148,353288.11503683985,4026129.7753098197
1628842610103098911,353288.46027803887,4026129.695497153
1628842610241316283,353289.2722373501,4026129.5169541216
1628842610301287863,353289.6111164092,4026129.438092271
1628842610445169336,353290.40937385894,4026129.264996058
1628842610499059186,353290.68552197167,4026129.2013794566
1628842610643267453,353291.5264370674,4026129.0188864577
1628842610703270493,353291.84826170193,4026128.9439297905
1628842610847148139,353292.58772683854,4026128.773564837
1628842610901195579,353292.915962766,4026128.687940496
1628842611033178592,353293.5814378368,4026128.5329389535
1628842611099450686,353293.93253722606,4026128.4494414865
1628842611243202810,353294.6345138289,4026128.267519507
1628842611303184758,353294.92401616677,4026128.1977450564
1628842611441298347,353295.5890198291,4026128.0166970515
1628842611513297668,353295.9141858568,4026127.939013659
1628842611639166552,353296.4679384217,4026127.807662964
1628842611771197234,353297.10352944874,4026127.6594542903
1628842611837151878,353297.37763458677,4026127.6013428145
1628842611963311892,353297.9469832568,4026127.4646660388
1628842612035248220,353298.2643720384,4026127.41070087
1628842612101100160,353298.5372659912,4026127.369375672
1628842612245205763,353299.2120942756,4026127.287340772
1628842612317146260,353299.5430996819,4026127.2589441477
1628842612437154288,353300.09208780975,4026127.219311772
1628842612575309495,353300.7922435119,4026127.20563161
1628842612635268338,353301.06572708156,4026127.197332064
1628842612779160714,353301.7973285801,4026127.225840794
1628842612839160353,353302.1186171475,4026127.2472040565
1628842612977367567,353302.87394198746,4026127.276356506
1628842613037302657,353303.209641054,4026127.3161031813
1628842613181172304,353303.9958485744,4026127.426291833
1628842613241162450,353304.3450131089,4026127.4880886185
1628842613391261952,353305.243158601,4026127.673882476
1628842613439253714,353305.54624270974,4026127.7447945606
1628842613571241973,353306.3465501899,4026127.9505745433
1628842613643031392,353306.79908702394,4026128.0813504015
1628842613769204810,353307.62162049446,4026128.334533733
1628842613847092715,353308.0710491636,4026128.48361575
1628842613973287106,353308.9349080685,4026128.7875260045
1628842614051196564,353309.46770166035,4026128.9882941036
1628842614183131889,353310.3830465924,4026129.34462471
1628842614249163403,353310.79616288067,4026129.517385404
1628842614375092666,353311.70063618873,4026129.907549901
1628842614441305861,353312.23456855456,4026130.1179081905
1628842614585141333,353313.2277411002,4026130.575617969
1628842614645163438,353313.7085551476,4026130.7435058528
1628842614771235389,353314.6503326226,4026131.1884366744
1628842614843266120,353315.1619245888,4026131.434787609
1628842614975276428,353316.2025935367,4026131.8390485626
1628842615041201222,353316.72900141974,4026132.095288345
1628842615173258282,353317.7711754213,4026132.5902764043
1628842615245238305,353318.3089321081,4026132.8625196074
1628842615383031601,353319.31248745153,4026133.385570363
1628842615443209009,353319.7907446007,4026133.690889312
1628842615575192384,353320.8781023892,4026134.293292896
1628842615647158878,353321.4729728827,4026134.633129756
1628842615791060443,353322.5596219335,4026135.2639919706
1628842615839262871,353322.9454788279,4026135.49046824
1628842615983138544,353324.0872197129,4026136.1686334666
1628842616037319055,353324.54656894575,4026136.4477069313
1628842616187271889,353325.76205663034,4026137.1935143005
1628842616253137109,353326.21766275784,4026137.48223571
1628842616385062189,353327.19660374813,4026138.119743366
1628842616511135354,353328.22392224683,4026138.7901049047
1628842616589256527,353328.8239337788,4026139.2011258
1628842616649274583,353329.306435238,4026139.5516981035
1628842616769294638,353330.20248421,4026140.19071971
1628842616907429485,353331.27655124816,4026140.994248354
1628842616979180971,353331.79810188967,4026141.381885619
1628842617111117244,353332.7679063436,4026142.1071060626
1628842617177158216,353333.25514367945,4026142.459831939
1628842617309175579,353334.3077068329,4026143.244224
1628842617387119211,353334.8334807707,4026143.6361826155
1628842617513125199,353335.8166441302,4026144.398830557
1628842617579261633,353336.3423914646,4026144.794634957
1628842617699231319,353337.256513445,4026145.513437771
1628842617777151706,353337.7849521376,4026145.913198352
1628842617903189198,353338.77918308764,4026146.6896879524
1628842617975131436,353339.312237794,4026147.0881154505
1628842618101315181,353340.30611077324,4026147.823635367
1628842618173294579,353340.86315097375,4026148.2490267344
1628842618305227271,353341.8694338716,4026148.983920985
1628842618371360677,353342.41547907604,4026149.376358075
1628842618503253263,353343.43916290376,4026150.136852375
1628842618575286728,353343.9824626423,4026150.5293655857
1628842618713194938,353345.107649339,4026151.3512120866
1628842618773188820,353345.583194915,4026151.6893715765
1628842618911038194,353346.6269846987,4026152.4369621477
1628842618977209936,353347.18645295023,4026152.8291408797
1628842619121037940,353348.309217645,4026153.607089766
1628842619169253307,353348.7370950589,4026153.9218650335
1628842619307180581,353349.8737698613,4026154.692261098
1628842619379124851,353350.44732043456,4026155.074440772
1628842619511135064,353351.52858399606,4026155.8129380792
1628842619577289009,353352.10905550123,4026156.1911287815
1628842619709293496,353353.2188863535,4026156.9117624606
1628842619787004525,353353.8086746379,4026157.2814675746
1628842619907261740,353354.94353399193,4026157.989723501
1628842619979244683,353355.5414467895,4026158.352624044
1628842620111394109,353356.65985461127,4026159.017473276
1628842620177160960,353357.29452746804,4026159.4120199247
1628842620309183823,353358.42587842036,4026160.0626693624
1628842620375049065,353358.9511575686,4026160.35879077
1628842620513252386,353360.2197196601,4026161.069143465
1628842620579183530,353360.8400276354,4026161.4047289877
1628842620723121155,353362.1322207134,4026162.090454485
1628842620849242940,353363.29543587356,4026162.7052914505
1628842620909241839,353363.8761910958,4026163.0137419044
1628842620981244659,353364.50448794616,4026163.3435327867
1628842621113301378,353365.6713091186,4026163.9550736095
1628842621251011879,353366.8990387574,4026164.580751191
1628842621311254293,353367.53250759316,4026164.9096080908
1628842621449077432,353368.7543036118,4026165.536328028
1628842621521025206,353369.3891198585,4026165.863663546
1628842621653191771,353370.71032162727,4026166.5486591896
1628842621713182243,353371.25254220975,4026166.832445107
1628842621851293451,353372.42742111627,4026167.4513195422
1628842621917215386,353373.1060222306,4026167.794420768
1628842622043182156,353374.2783928573,4026168.4183783294
1628842622103272271,353374.817982196,4026168.708996098
1628842622253231853,353376.22038632364,4026169.451435216
1628842622313257529,353376.7609362588,4026169.7447243207
1628842622451011577,353377.9774997459,4026170.3959513907
1628842622505186195,353378.51613520377,4026170.6915327436
1628842622649112650,353379.81678313727,4026171.408176133
1628842622715000471,353380.35325253435,4026171.707413944
1628842622853089083,353381.60250541684,4026172.4130710186
1628842622907215485,353382.18516900187,4026172.7387959664
1628842623045746726,353383.4255939622,4026173.4566076053
1628842623123104267,353384.0423386386,4026173.8197888667
1628842623255073135,353385.2414048613,4026174.5263747307
1628842623315139089,353385.7671777593,4026174.844573743
1628842623452998290,353387.02501234284,4026175.617390556
1628842623519171299,353387.63218275085,4026175.993707937
1628842623651127482,353388.7946690918,4026176.728032065
1628842623711135977,353389.30971860746,4026177.056381548
1628842623855106533,353390.5104798833,4026177.8271327065
1628842623909316143,353391.0637784597,4026178.183155693
1628842624053133464,353392.2494847593,4026178.9659779095
1628842624113116574,353392.7551704056,4026179.3054667003
1628842624251232555,353393.97739504825,4026180.139943558
1628842624311232463,353394.4788237107,4026180.485768248
1628842624455261804,353395.6883600381,4026181.3531522127
1628842624515130769,353396.18543570826,4026181.7068536654
1628842624653245029,353397.3786263829,4026182.5695476155
1628842624725243273,353397.95157610846,4026182.986802536
1628842624851212815,353399.00388823927,4026183.762420908
1628842624911169948,353399.544156083,4026184.1816440993
1628842625055141231,353400.65733022825,4026185.0209860965
1628842625127094707,353401.2091376481,4026185.4422514997
1628842625253163017,353402.2821744536,4026186.2740119305
1628842625385163365,353403.2934742326,4026187.062510764
1628842625457127858,353403.8661203113,4026187.5267934236
1628842625577124974,353404.7834948761,4026188.2562729986
1628842625655253709,353405.42283355305,4026188.777159583
1628842625787251040,353406.3992331099,4026189.557385648
1628842625853109304,353406.84646676545,4026189.914360836
1628842625985204736,353407.90644980397,4026190.804376193
1628842626057273504,353408.4186132329,4026191.2165774936
1628842626189297716,353409.3814000179,4026192.016569377
1628842626255132626,353409.88339350524,4026192.4229212534
1628842626381059705,353410.73419161787,4026193.1153575084
1628842626453128137,353411.24866403977,4026193.5468071643
1628842626591231143,353412.2185084211,4026194.336479369
1628842626657146283,353412.710787465,4026194.76211133
1628842626777006511,353413.4563890106,4026195.37327123
1628842626849138016,353413.9946079651,4026195.8121757675
1628842626987218317,353414.92624127504,4026196.605313724
1628842627059264644,353415.3795631239,4026196.979465138
1628842627179144008,353416.1697493029,4026197.639256517
1628842627251155443,353416.61258606013,4026198.003358074
1628842627389247579,353417.4823919474,4026198.7478972976
1628842627455032013,353417.8534060486,4026199.057022926
1628842627581246042,353418.6521909986,4026199.720018388
1628842627659153032,353419.0756579682,4026200.0828569764
1628842627791293673,353419.91715718835,4026200.7705017566
1628842627851205567,353420.2736603568,4026201.060707751
1628842627983202478,353421.0501664628,4026201.705628443
1628842628055215949,353421.46039253834,4026202.0344234216
1628842628181148823,353422.21323632135,4026202.658851209
1628842628253307668,353422.6102634001,4026202.979526694
1628842628385122374,353423.33575177146,4026203.563588272
1628842628457224756,353423.7306678513,4026203.8875649204
1628842628583273943,353424.4346913577,4026204.454750915
1628842628655153142,353424.8163398171,4026204.7665503533
1628842628787115325,353425.50258836825,4026205.311286061
1628842628859575986,353425.86462868867,4026205.598701598
1628842628997233306,353426.5808985169,4026206.1700293967
1628842629057244565,353426.8787929199,4026206.40525733
1628842629189122535,353427.52112044813,4026206.927996514
1628842629255206817,353427.8559925594,4026207.189717903
1628842629387173984,353428.46530570206,4026207.667696625
1628842629459220337,353428.7817600217,4026207.914062495
1628842629585149419,353429.35304547875,4026208.35399935
1628842629722986780,353429.90309550986,4026208.794226764
1628842629789216922,353430.189948448,4026209.0117733823
1628842629921231385,353430.7167522063,4026209.392949152
1628842629981215781,353430.94652976823,4026209.5631514858
1628842630125105936,353431.46057344263,4026209.9423076957
1628842630191106795,353431.71787100006,4026210.1283410825
1628842630323180837,353432.1598254017,4026210.4475704106
1628842630389234588,353432.38780480897,4026210.610700174
1628842630521178612,353432.7816643298,4026210.9155527763
1628842630599033962,353432.990051882,4026211.0642776447
1628842630731235551,353433.3719968749,4026211.3521464528
1628842630784987295,353433.5065199031,4026211.4478485645
1628842630916982764,353433.83481629944,4026211.696108593
1628842630989132200,353434.02912571904,4026211.833448129
1628842631126984320,353434.3264893775,4026212.0445380565
1628842631187059502,353434.43393994594,4026212.131023937
1628842631325235162,353434.71736971627,4026212.33564708
1628842631391152281,353434.836533767,4026212.4254291337
1628842631523131028,353435.07665213617,4026212.595365113
1628842631583157027,353435.18377405225,4026212.671442358
1628842631715191190,353435.3761286072,4026212.823116397
1628842631793136533,353435.512211352,4026212.920821592
1628842631925155636,353435.7069972451,4026213.0538577223
1628842631985149134,353435.81115036533,4026213.124015141
1628842632117680107,353436.0384750081,4026213.279114623
1628842632195213884,353436.1347982418,4026213.3590709954
1628842632333097561,353436.36902433727,4026213.521652694
1628842632387003179,353436.4645600016,4026213.5875231596
1628842632519192515,353436.7134862894,4026213.76579416
1628842632585124535,353436.86570350477,4026213.8665567376
1628842632729110437,353437.1525268027,4026214.060719796
1628842632789113989,353437.2980241134,4026214.153909364
1628842632915358784,353437.57988424494,4026214.34512749
1628842632987364531,353437.7660363071,4026214.463890025
1628842633125079981,353438.13433194486,4026214.691762982
1628842633191097283,353438.2828338833,4026214.8020146103
1628842633317375087,353438.6908655613,4026215.0426433515
1628842633389373706,353438.86701783724,4026215.1692159395
1628842633526978880,353439.3152493699,4026215.4211544744
1628842633587680536,353439.56926129956,4026215.5536848856
1628842633719430403,353440.00578060414,4026215.8294690396
1628842633797053089,353440.27538004005,4026215.979630717
1628842633929145603,353440.8127333189,4026216.2628571875
1628842634067020329,353441.3684497539,4026216.547390554
1628842634127103212,353441.63855089457,4026216.6766963047
1628842634259391222,353442.2690175945,4026217.0215237085
1628842634331153232,353442.60486174416,4026217.192808724
1628842634463121939,353443.2516254698,4026217.517829162
1628842634523124957,353443.553803445,4026217.6743712956
1628842634667103630,353444.29636187316,4026218.08239372
1628842634721437588,353444.6215668523,4026218.2471448304
1628842634865393256,353445.40352421417,4026218.6443881574
1628842634925182381,353445.7564139844,4026218.8311093035
1628842635063337597,353446.5816013412,4026219.249216764
1628842635128970372,353446.94417360134,4026219.4310248657
1628842635267376754,353447.82290098065,4026219.9003818817
1628842635321079781,353448.13996227534,4026220.0636038114
1628842635465132006,353449.1277902653,4026220.569068513
1628842635537479552,353449.5968716778,4026220.810591685
1628842635657328565,353450.43011857796,4026221.2541561904
1628842635729340056,353450.9184858929,4026221.508243225
1628842635860986598,353451.8433172676,4026221.9951926377
1628842635927139487,353452.3613579689,4026222.289591672
1628842636065328365,353453.3998019732,4026222.843059839
1628842636119118777,353453.7775481625,4026223.0451310086
1628842636269118627,353454.9338692791,4026223.7187838964
1628842636329133295,353455.4014171367,4026223.9797235588
1628842636467310499,353456.5283808504,4026224.6209405973
1628842636521067563,353456.930237608,4026224.850188439
1628842636677089362,353458.18673684704,4026225.566524295
1628842636731337848,353458.68557653436,4026225.857017872
1628842636863348549,353459.7815184981,4026226.500934323
1628842636923097547,353460.32967090455,4026226.8164807893
1628842637061345479,353461.5439983745,4026227.5456916257
1628842637138979935,353462.15985125676,4026227.9197327546
1628842637259123297,353463.361476018,4026228.6250648336
1628842637324985583,353463.90444212075,4026228.9587733927
1628842637469306914,353465.300738279,4026229.833750509
1628842637529339023,353465.85669250094,4026230.182979108
1628842637661169552,353467.0915201097,4026231.003832323
1628842637721124445,353467.659908065,4026231.370085705
1628842637871048652,353469.00411843514,4026232.2383452337
1628842637931314147,353469.7084845414,4026232.6835377524
1628842638063314352,353470.9917984464,4026233.507683861
1628842638129019538,353471.5923999727,4026233.891238048
1628842638267079140,353473.05413251044,4026234.8100244156
1628842638333379963,353473.77628833445,4026235.2677567936
1628842638471462235,353475.16762252105,4026236.147198622
1628842638603011767,353476.54960002983,4026237.0237699817
1628842638663119823,353477.3165966843,4026237.539903188
1628842638795423283,353478.729642957,4026238.4418820385
1628842638873001220,353479.49990906205,4026238.933004205
1628842638999350702,353480.96343437594,4026239.9055796717
1628842639065574189,353481.74816011084,4026240.4090156103
1628842639197154212,353483.2490096045,4026241.399744049
1628842639269068371,353484.0441416263,4026241.9104047967
1628842639395347764,353485.5650312337,4026242.8915555016
1628842639467269952,353486.37031702726,4026243.407141243
1628842639604971857,353487.87221239286,4026244.3677393054
1628842639671084846,353488.7256200032,4026244.919186386
1628842639797290320,353490.2430618992,4026245.8860070105
1628842640001391846,353492.62888679316,4026247.4092254173
1628842640067352131,353493.45136760146,4026247.9328905647
1628842640205056558,353495.0245625981,4026248.919490932
1628842640271397145,353495.8418478991,4026249.4355078717
1628842640391337040,353497.27439753735,4026250.35773646
1628842640463344147,353498.0854355644,4026250.872485917
1628842640601368302,353499.6997821886,4026251.897889013
1628842640673081726,353500.5335927621,4026252.4491420775
1628842640793081545,353501.90751338995,4026253.3205967755
1628842640865316692,353502.7060682596,4026253.8262650166
1628842641003343765,353504.3307643903,4026254.884468442
1628842641075463931,353505.12406715855,4026255.388165735
1628842641201355572,353506.6199996066,4026256.3681625533
1628842641273348543,353507.4061157355,4026256.869181529
1628842641405384223,353508.87472903286,4026257.843437824
1628842641465337122,353509.54298124334,4026258.27194033
1628842641597051105,353510.9853774379,4026259.197331033
1628842641669075911,353511.77775083063,4026259.721918789
1628842641795321736,353513.2088011187,4026260.636896711
1628842641872984976,353513.9758619598,4026261.126397473
1628842641993337287,353515.40682364407,4026262.0758776125
1628842642065351026,353516.1663615476,4026262.564468129
1628842642197368714,353517.60786753136,4026263.4842214966
1628842642275338942,353518.47131341544,4026264.039392665
1628842642395353839,353519.7780186002,4026264.8920657863
1628842642467378040,353520.5324311806,4026265.3663389008
1628842642599082990,353521.9303340735,4026266.25583157
1628842642677361297,353522.8071609044,4026266.8118832214
1628842642797326269,353524.09690829646,4026267.639918199
1628842642929307298,353525.49677079276,4026268.551503692
1628842643007341274,353526.34862554225,4026269.0962284515
1628842643067328122,353526.98979955935,4026269.504430212
1628842643199299617,353528.3769219341,4026270.4061758826
1628842643331339043,353529.7629539083,4026271.2867608406
1628842643402974820,353530.51945766533,4026271.783712301
1628842643529336408,353531.8934738389,4026272.6611895035
1628842643601338903,353532.6302661606,4026273.1330453623
1628842643739418918,353534.0044747493,4026274.011099468
1628842643799394629,353534.7369394153,4026274.479702205
1628842643931301963,353536.10871700617,4026275.3511753525
1628842644009071889,353536.83743608615,4026275.8148519075
1628842644128965117,353538.0829043797,4026276.605230623
1628842644201313390,353538.9113144106,4026277.1568378513
1628842644345070523,353540.35094619286,4026278.070721272
1628842644405071469,353540.9798408982,4026278.4855555524
1628842644531287531,353542.3067025552,4026279.332161472
1628842644603316830,353543.01770461857,4026279.7876540213
1628842644735452138,353544.33932517876,4026280.64919573
1628842644795299277,353544.9428451416,4026281.0360928616
1628842644933304763,353546.358291036,4026281.977989354
1628842645005341765,353547.05887632305,4026282.4274784187
1628842645131047587,353548.25596918445,4026283.1941779614
1628842645203367779,353548.9580989087,4026283.666445494
1628842645335300592,353550.3427829759,4026284.55420513
1628842645395326107,353550.946240897,4026284.9482982773
1628842645539296854,353552.31762983534,4026285.829477442
1628842645605375131,353552.99856912676,4026286.268594876
1628842645725411736,353554.1720772402,4026287.0194125413
1628842645809043142,353554.94297993014,4026287.5162218446
1628842645935256229,353556.2012161958,4026288.3436113144
1628842646001343396,353556.7747069534,4026288.712507684
1628842646127507310,353558.0107161199,4026289.5067950212
1628842646211046969,353558.7744060021,4026289.9993853853
1628842646343461605,353559.99211798434,4026290.776419222
1628842646397635280,353560.55949844257,4026291.144930805
1628842646529281054,353561.7581927671,4026291.9090262875
1628842646601283899,353562.39845842903,4026292.3178562243
1628842646739349013,353563.6812864711,4026293.141413134
1628842646799261678,353564.2218349809,4026293.486040447
1628842646937305408,353565.38116443966,4026294.2214282677
1628842647003331254,353565.9992878451,4026294.6130086184
1628842647140930884,353567.1382108998,4026295.332734928
1628842647207018868,353567.7529031839,4026295.719933041
1628842647333328611,353568.87250019424,4026296.4265278117
1628842647411338984,353569.5602802215,4026296.8660344146
1628842647543383733,353570.65202107956,4026297.5567578585
1628842647675299227,353571.7406737817,4026298.245336334
1628842647735318780,353572.23166229855,4026298.5538903414
1628842647878973282,353573.3620568766,4026299.2638127413
1628842647945342058,353573.91990176303,4026299.6423893115
1628842648077306262,353574.9377047328,4026300.2811091403
1628842648136948508,353575.3245836769,4026300.5219640792
1628842648275274198,353576.47603606456,4026301.2536411677
1628842648335347022,353576.9274677674,4026301.5329411603
1628842648473335462,353577.9653491323,4026302.2004665346
1628842648533406892,353578.40028913005,4026302.4682043716
1628842648677332572,353579.406740692,4026303.107024958
1628842648737298598,353579.8254163095,4026303.36220496
1628842648880927101,353580.783292981,4026303.9437558795
1628842648940978093,353581.19376791443,4026304.1940238215
1628842649079323183,353582.1167271829,4026304.7391315564
1628842649145345113,353582.57907980826,4026305.018201513
1628842649277409677,353583.34112831845,4026305.4535550163
1628842649337316108,353583.7770368623,4026305.6991665983
1628842649481253203,353584.63677208265,4026306.183346002
1628842649547163736,353584.9959879216,4026306.3764201445
1628842649679269494,353585.8118773504,4026306.8303497066
1628842649739320569,353586.15636239416,4026307.004095637
1628842649882960180,353586.94520803535,4026307.3818520787
1628842649943267254,353587.27926773136,4026307.5490602925
1628842650086981226,353588.04009442066,4026307.8796214676
1628842650140974197,353588.30896992947,4026307.9890775597
1628842650279326333,353589.12100587564,4026308.2799854404
1628842650339301036,353589.4431854903,4026308.3834596905
1628842650483256380,353590.1722211762,4026308.59891103
1628842650543289438,353590.49220270326,4026308.6806632723
1628842650680917848,353591.16926981846,4026308.804142394
1628842650741591569,353591.53752136615,4026308.863731886
1628842650879167505,353592.2181583198,4026308.945631315
1628842650933300561,353592.5193783036,4026308.964559316
1628842651088972677,353593.3147728201,4026308.996637437
1628842651143315638,353593.61024297436,4026308.971472864
1628842651281135316,353594.30372661405,4026308.9250722188
1628842651335409036,353594.62508431345,4026308.8895977763
1628842651485319116,353595.41202127765,4026308.749835968
1628842651550917573,353595.7297942848,4026308.6792046004
1628842651683300827,353596.4703133848,4026308.450871069
1628842651737321148,353596.7364511757,4026308.362175868
1628842651880936650,353597.4860485053,4026308.0787112378
1628842651947328623,353597.8434197898,4026307.8917027027
1628842652079380529,353598.5275881435,4026307.5432115756
1628842652217362684,353599.24169639644,4026307.095520119
1628842652277373534,353599.5459891186,4026306.8989408445
1628842652409322209,353600.1953429788,4026306.4442105344
1628842652481293053,353600.5478217973,4026306.191595229
1628842652612910145,353601.20196988725,4026305.6954934285
1628842652679355459,353601.5462160902,4026305.414391573
1628842652811303473,353602.2130359502,4026304.8843841213
1628842652882909237,353602.5791277048,4026304.592155704
1628842653014951058,353603.2633078084,4026304.0384173733
1628842653075371779,353603.5880488235,4026303.7769018724
1628842653213344754,353604.35149078816,4026303.1459877985
1628842653284979171,353604.74800846877,4026302.830280801
1628842653416945889,353605.4964570601,4026302.225895965
1628842653483331454,353605.91841014905,4026301.9056241415
1628842653603317475,353606.6618959933,4026301.3506857837
1628842653681345324,353607.1474300712,4026300.924633311
1628842653813308344,353607.9857048329,4026300.293950691
1628842653885320656,353608.4449414776,4026299.9478719374
1628842654011308813,353609.3296172111,4026299.2060532137
1628842654071325698,353609.7346757158,4026298.8973128186
1628842654208911561,353610.65125191194,4026298.1614861144
1628842654281303322,353611.212510994,4026297.734291913
1628842654407296199,353612.0850066369,4026297.0373878274
1628842654485333657,353612.6693115621,4026296.5942403204
1628842654617339662,353613.6332567163,4026295.862359229
1628842654683278247,353614.209715637,4026295.4244408524
1628842654809285858,353615.1284303719,4026294.7284500254
1628842654887311476,353615.7505691491,4026294.2559310943
1628842655019228902,353616.7797968553,4026293.4466988374
1628842655085204133,353617.2610472131,4026293.0813429332
1628842655217295313,353618.4146961066,4026292.1475716303
1628842655277251166,353618.91096686304,4026291.764490651
1628842655409352303,353620.03501968156,4026290.8816196807
1628842655487294354,353620.7148019648,4026290.35646075
1628842655612909926,353621.74873094505,4026289.5617219554
1628842655679327955,353622.3788892911,4026289.061678351
1628842655811276804,353623.5125380698,4026288.168727487
1628842655877655370,353624.1302227767,4026287.6817884995
1628842656009329309,353625.340284346,4026286.7561442875
1628842656081253260,353625.9712843285,4026286.255316176
1628842656219324465,353627.27820247953,4026285.1739594555
1628842656291389275,353627.922686572,4026284.6620088727
1628842656495395822,353629.83382520295,4026283.1492929957
1628842656614942968,353630.95830148394,4026282.251615282
1628842656681291841,353631.6477160126,4026281.6787402346
1628842656818919681,353632.87692489335,4026280.690532711
1628842656945239090,353634.1438203009,4026279.6895198342
1628842657011281679,353634.81594813697,4026279.151933326
1628842657215263805,353636.7808494719,4026277.5951893623
1628842657353311997,353638.0346884439,4026276.5835790834
1628842657424889893,353638.75751488976,4026275.983277019
1628842657545137547,353640.02162191854,4026274.9580276455
1628842657622890852,353640.70309903694,4026274.402980134
1628842657743516042,353642.0006083195,4026273.31362124
1628842657815275333,353642.6910859854,4026272.7566289566
1628842657959354922,353644.1355347596,4026271.6002892274
1628842658013383842,353644.7330830691,4026271.1207415457
1628842658145300323,353646.051087372,4026269.972755815
1628842658217322373,353646.7538442187,4026269.4055542857
1628842658355294904,353648.1698434242,4026268.2631693957
1628842658409218495,353648.7179598311,4026267.812876581
1628842658552943936,353650.1430442733,4026266.6771593196
1628842658619242128,353650.85553021124,4026266.1113807587
1628842658757293672,353652.2227193235,4026264.9735975307
1628842658817181820,353652.93902357004,4026264.402597161
1628842658949251414,353654.3217811079,4026263.2939628684
1628842659021238685,353655.04064994724,4026262.726627287
1628842659153211267,353656.4410591716,4026261.6403928422
1628842659219278080,353657.15657807374,4026261.0806824355
1628842659351341071,353658.4793127677,4026260.042749909
1628842659423316523,353659.2329401104,4026259.4193158485
1628842659549369164,353660.53913411626,4026258.388567655
1628842659621231281,353661.1374458521,4026257.9143641787
1628842659819305354,353663.2930492868,4026256.2359132376
1628842659951305686,353664.6389452703,4026255.181545864
1628842660011228402,353665.2319026694,4026254.715535585
1628842660143438776,353666.5582881592,4026253.6695928606
1628842660215288265,353667.2426657487,4026253.134304671
1628842660353327913,353668.6057732119,4026252.0654031383
1628842660419417853,353669.22602304345,4026251.55296486
1628842660551293448,353670.5802645986,4026250.490324567
1628842660617159125,353671.155842666,4026250.0360447466
1628842660893284341,353673.7899114265,4026247.9822201594
1628842660947258895,353674.35207701265,4026247.4673756496
1628842661025400226,353675.09831331903,4026246.8615393215
1628842661163154789,353676.3609106927,4026245.8873545444
1628842661283233014,353677.55830894003,4026244.915949404
1628842661349250687,353678.1053708182,4026244.4644785915
1628842661487444188,353679.39522199857,4026243.387340136
1628842661547325035,353679.93600122415,4026242.9397063367
1628842661685330598,353681.19542590354,4026241.857085207
1628842661751149498,353681.7258657861,4026241.407993415
1628842661895288612,353683.0428727091,4026240.229306882
1628842661955304178,353683.5577389574,4026239.7723985985
1628842662087479169,353684.6547734827,4026238.774277161
1628842662147278158,353685.1848341132,4026238.2918589646
1628842662291287770,353686.3316617117,4026237.195438481
1628842662489313385,353687.9583877719,4026235.580924994
1628842662549306440,353688.43150414375,4026235.0949518825
1628842662687270899,353689.52151797316,4026233.926767304
1628842662759272819,353690.05409151036,4026233.3437204277
1628842662885147089,353690.954869066,4026232.3293059207
1628842662951362220,353691.5037597225,4026231.7257885034
1628842663149238398,353692.96765653923,4026229.974513349
1628842663293230933,353693.9467018846,4026228.7443979825
1628842663497351374,353695.30147257313,4026226.9101874083
1628842663551344897,353695.7006830526,4026226.3667692626
1628842663695241633,353696.63053370896,4026225.0642803377
1628842663749377491,353696.95536755916,4026224.605484942
1628842663893284579,353697.91769181076,4026223.1693904195
1628842663965230038,353698.35891085805,4026222.518473849
1628842664157335150,353699.5258290533,4026220.695793721
1628842664295257326,353700.372973763,4026219.374956631
1628842664355331697,353700.7343193711,4026218.808439029
1628842664493226601,353701.55119801336,4026217.43378762
1628842664553315270,353701.9077861238,4026216.86383704
1628842664697239482,353702.7113000747,4026215.4892817
1628842664757220527,353703.06422573933,4026214.9193014586
1628842664889234724,353703.82888602593,4026213.6836248157
1628842665027216542,353704.6211878285,4026212.2992720413
1628842665099232580,353705.0286335886,4026211.6325952373
1628842665219233691,353705.7088449042,4026210.4344394184
1628842665297250613,353706.17201779375,4026209.6702598208
1628842665429178850,353706.90575483977,4026208.3815774024
1628842665489252700,353707.2525995106,4026207.8092814926
1628842665621226960,353708.0029142252,4026206.5733935283
1628842665687291849,353708.3812730571,4026205.8648912706
1628842665831243396,353709.16961910925,4026204.553440249
1628842665897204430,353709.54603728,4026203.845665094
1628842666017212672,353710.2227355484,4026202.7141091893
1628842666221339996,353711.33169793687,4026200.8168283016
1628842666299260734,353711.7807183088,4026200.08196379
1628842666491191514,353712.8230209118,4026198.299784713
1628842666623193079,353713.5444619057,4026197.1141745
1628842666701308810,353713.96810695773,4026196.362118307
1628842666821320277,353714.6225116272,4026195.2837921213
1628842666893324439,353714.9874019669,4026194.623430478
1628842667031304033,353715.748570616,4026193.3723300854
1628842667097198121,353716.0728253082,4026192.8393222885
1628842667223393510,353716.74277403986,4026191.6513162535
1628842667301168102,353717.115624749,4026191.0358493
1628842667421191859,353717.7798992032,4026189.8732536393
1628842667493394123,353718.1409554697,4026189.260526447
1628842667625412035,353718.7999641804,4026188.122233711
1628842667697287330,353719.1390210685,4026187.4934555683
1628842667823238852,353719.77484636445,4026186.355739295
1628842667895162040,353720.1001817763,4026185.7204007204
1628842668027184711,353720.70568195905,4026184.590459675
1628842668099106183,353721.0225073949,4026183.982494272
1628842668225237005,353721.5889923759,4026182.8300374807
1628842668297166095,353721.88980164623,4026182.216973262
1628842668435124535,353722.4346263071,4026181.0576990605
1628842668495398335,353722.7202471547,4026180.445183093
1628842668633004967,353723.2295513086,4026179.307712687
1628842668699243965,353723.45733539516,4026178.6604997045
1628842668825210768,353723.91469814087,4026177.5157674365
1628842668897336612,353724.1193399876,4026176.875197456
1628842669035162974,353724.53774123435,4026175.711135689
1628842669101245725,353724.75508641335,4026175.081879378
1628842669227158609,353725.1104702946,4026173.894404247
1628842669305192246,353725.3071772587,4026173.268269635
1628842669431153358,353725.63689554477,4026172.086196451
1628842669497323974,353725.8186904873,4026171.4589088014
1628842669629047001,353726.1175655178,4026170.376863267
1628842669761115765,353726.4191609515,4026169.108853795
1628842669833130863,353726.57557672315,4026168.4786280827
1628842669899390633,353726.6867293215,4026167.839042149
1628842670019373489,353726.9285378711,4026166.7606960493
1628842670163259791,353727.1602781637,4026165.458316397
1628842670229231327,353727.2632028967,4026164.9170593126
1628842670367069691,353727.4894362787,4026163.6536346213
1628842670422137880,353727.56677879277,4026163.0721053495
1628842670554134163,353727.73771909124,4026161.8993715225
1628842670625899288,353727.82020927133,4026161.268442952
1628842670769873553,353727.9526289896,4026159.9831863786
1628842670824011220,353728.0064119289,4026159.4378189957
1628842670956101315,353728.1008757516,4026158.2434409256
1628842671028000941,353728.1470260648,4026157.611101706
1628842671165982361,353728.19219025224,4026156.287559441
1628842671225976180,353728.2102028687,4026155.7455975288
1628842671357901478,353728.22871565865,4026154.5715569886
1628842671436108686,353728.2172719848,4026153.817670549
1628842671567990554,353728.1970250408,4026152.6435009376
1628842671628004055,353728.177823765,4026152.102592056
1628842671759891085,353728.10697689035,4026150.892177454
1628842671826077415,353728.06358988374,4026150.2635601247
1628842671969865255,353727.9334448723,4026148.9825136457
1628842672024380105,353727.87784237345,4026148.447414385
1628842672156016176,353727.714591016,4026147.2552832887
1628842672227990287,353727.6321603154,4026146.6314143897
1628842672365850612,353727.45996508544,4026145.4698938574
1628842672431973427,353727.3378453547,4026144.827006178
1628842672563993284,353727.140494637,4026143.6866623503
1628842672629994364,353727.0288363096,4026143.0813762173
1628842672768103119,353726.7635373414,4026141.8063247665
1628842672833850002,353726.65696179203,4026141.2707393356
1628842672960007413,353726.37443206867,4026140.103061759
1628842673031989822,353726.2379236291,4026139.4828074737
1628842673170121658,353725.93315950315,4026138.1875480637
1628842673230085076,353725.8133031951,4026137.660681247
1628842673362130219,353725.5428766677,4026136.515784988
1628842673427974655,353725.3606294764,4026135.977336981
1628842673560043784,353725.02345367876,4026134.7434580484
1628842673625884707,353724.8750607588,4026134.2146448717
1628842673764108708,353724.4802970048,4026132.953608298
1628842673835967144,353724.28102968493,4026132.3433741922
1628842673962027249,353723.8950574328,4026131.1873458177
1628842674033965677,353723.6791009832,4026130.579169191
1628842674165842829,353723.2606045597,4026129.423615464
1628842674232072152,353723.0292420406,4026128.8211902
1628842674369993459,353722.5870544237,4026127.7084828056
1628842674503127789,353722.0863027981,4026126.4891030677
1628842674557171687,353721.9004118917,4026126.0638593235
1628842674707062890,353721.30996894324,4026124.7487144605
1628842674773236571,353721.0309499623,4026124.1578893587
1628842674906077366,353720.4602844986,4026123.0236594994
1628842674966020700,353720.2055205301,4026122.5210294905
1628842675109934567,353719.58910513023,4026121.352247653
1628842675170108060,353719.26522649534,4026120.815769047
1628842675308085736,353718.60941624374,4026119.659878457
1628842675356163787,353718.37147013436,4026119.2496088976
1628842675505992642,353717.5870716339,4026117.9861013843
1628842675565997645,353717.2858629295,4026117.4981601317
1628842675710110822,353716.52427913575,4026116.2881543133
1628842675763894525,353716.26649071684,4026115.8775598127
1628842675901975998,353715.4591522616,4026114.701426787
1628842675968018456,353715.0862012701,4026114.1324627562
1628842676099955022,353714.38494418864,4026113.0721125486
1628842676159965870,353713.9839283123,4026112.543615856
1628842676310188609,353713.13856029673,4026111.3202655246
1628842676375983682,353712.7982197624,4026110.835502718
1628842676501961574,353712.0219035271,4026109.747145613
1628842676561981441,353711.6739121559,4026109.268356156
1628842676712064764,353710.75277369306,4026108.032719998
1628842676772102139,353710.39330420754,4026107.5537390667
1628842676903978829,353709.56430052407,4026106.489926688
1628842676963900687,353709.1969879307,4026106.016376852
1628842677102092139,353708.3304240329,4026104.9186716247
1628842677162104396,353707.88934035855,4026104.4102380094
1628842677305951221,353707.0004636891,4026103.3249602825
1628842677365855203,353706.6146394209,4026102.864834253
1628842677504099988,353705.6519482985,4026101.767424561
1628842677575917855,353705.18799593137,4026101.242104087
1628842677707971664,353704.26098083245,4026100.251400335
1628842677767923682,353703.8515745121,4026099.811669301
1628842677905970031,353702.8594550873,4026098.7679987596
1628842677965956162,353702.44187547464,4026098.339449385
1628842678104115468,353701.4580651419,4026097.354129823
1628842678236059558,353700.4837228219,4026096.419878403
1628842678307964714,353699.9798689046,4026095.942538177
1628842678439840092,353698.986446316,4026095.035033606
1628842678506083495,353698.4737809747,4026094.5708466037
1628842678643974108,353697.5160867823,4026093.726143462
1628842678709987230,353696.9407613984,4026093.25615175
1628842678836014078,353695.9682494162,4026092.4448297834
1628842678897209594,353695.44386878994,4026092.0676408913
1628842678969143033,353694.9115353715,4026091.6459998447
1628842679113831091,353693.8442282154,4026090.823483978
1628842679240096757,353692.79367006384,4026090.042235392
1628842679311951738,353692.2568491241,4026089.651256692
1628842679438019472,353691.2066922486,4026088.901022819
1628842679515946578,353690.6657058888,4026088.5236262786
1628842679641832714,353689.6005282202,4026087.8128233775
1628842679713973351,353689.0540101036,4026087.4512293492
1628842679839838696,353688.1194042398,4026086.8462091736
1628842679911958854,353687.44688296,4026086.457849985
1628842680031970317,353686.50701389706,4026085.884542872
1628842680109856087,353685.9588576311,4026085.556080834
1628842680242062108,353684.82162329624,4026084.911986236
1628842680313967489,353684.273723181,4026084.598702563
1628842680434155208,353683.29919253977,4026084.047518935
1628842680505853908,353682.7545953527,4026083.7418853194
1628842680649832638,353681.63540154655,4026083.1468795175
1628842680709950397,353681.1747559067,4026082.8970721993
1628842680835946820,353680.1836207296,4026082.3674401506
1628842680903204684,353679.617535966,4026082.0580343814
1628842681034997674,353678.6385866625,4026081.5416093036
1628842681106997147,353678.1144281979,4026081.268033096
1628842681233180192,353677.126036661,4026080.7707801815
1628842681305172087,353676.60986982565,4026080.5078113745
1628842681443007708,353675.55331001955,4026079.9894164447
1628842681520982463,353675.0464198156,4026079.7372469665
1628842681635016994,353674.18534223054,4026079.315489447
1628842681707105819,353673.6416063244,4026079.082588563
1628842681839068159,353672.7249685279,4026078.6489671487
1628842681905046409,353672.1765851128,4026078.4372402374
1628842682036969640,353671.276668689,4026078.0287808063
1628842682108900910,353670.7998691571,4026077.816379281
1628842682235201051,353669.85711267893,4026077.4372766814
1628842682307180500,353669.3913789654,4026077.2404202837
1628842682445113583,353668.4915166365,4026076.882169574
1628842682510967117,353668.03260896576,4026076.6991827465
1628842682637501346,353667.1404088424,4026076.3970928118
1628842682714968718,353666.6880359061,4026076.228796824
1628842682841943262,353665.85500548955,4026075.9318495537
1628842682967996458,353665.000005852,4026075.6676603276
1628842683051860299,353664.49354525434,4026075.4987976956
1628842683117860450,353664.11425310804,4026075.375097807
1628842683232087210,353663.34621583566,4026075.1498381286
1628842683375935234,353662.4696195923,4026074.893490698
1628842683441940150,353662.03827028826,4026074.7557315333
1628842683585956940,353661.16275002423,4026074.5269617536
1628842683640015535,353660.77772292757,4026074.417870052
1628842683771983503,353659.9529915139,4026074.225649873
1628842683843954215,353659.5048853158,4026074.132928117
1628842683975835368,353658.6558313325,4026073.9569956698
1628842684042028073,353658.19878012384,4026073.8839640385
1628842684179870475,353657.3568878153,4026073.7092459267
1628842684240360550,353656.88945976517,4026073.6470174175
1628842684377953158,353656.00809925527,4026073.542287071
1628842684437821243,353655.6170067451,4026073.5005210433
1628842684576079724,353654.64659046096,4026073.4316959367
1628842684647934807,353654.15211160085,4026073.469969284
1628842684780002495,353653.234758836,4026073.4531126157
1628842684834122542,353652.80672567524,4026073.453901984
1628842684977814296,353651.808200054,4026073.498795725
1628842685037811541,353651.36786147964,4026073.5154562267
1628842685176002523,353650.3890562246,4026073.6438112617
1628842685235996228,353649.9421555692,4026073.6730796862
1628842685373828470,353648.97085439216,4026073.743408309
1628842685446084104,353648.4917965197,4026073.8852353767
1628842685578071286,353647.5187048977,4026073.9724249537
1628842685643846604,353647.06635610387,4026074.015205727
1628842685769944165,353645.939604684,4026073.992090096
1628842685841800732,353645.4020650118,4026074.039407286
1628842685980075046,353644.25843629584,4026074.0794892986
1628842686040033571,353643.7940465979,4026074.121275781
1628842686171934353,353642.71297828516,4026074.168487807
1628842686243955774,353642.1745628984,4026074.218162226
1628842686381828900,353641.10691006563,4026074.3296853355
1628842686442063827,353640.61781209585,4026074.364915986
1628842686573788772,353639.6137433516,4026074.471901615
1628842686639982491,353638.9990184182,4026074.459288914
1628842686771923288,353637.99567801476,4026074.5732586323
1628842686844084076,353637.46288064215,4026074.63393167
1628842686970022073,353636.41705840343,4026074.8056796896
1628842687042074301,353635.8914440876,4026074.872441871
1628842687173939995,353634.8287715952,4026075.0764573147
1628842687245869000,353634.30632242584,4026075.1535421754
1628842687377770305,353633.3476367543,4026075.3058514814
1628842687455948937,353632.66407664074,4026075.4566572555
1628842687581976305,353631.7102588377,4026075.6261423277
1628842687713927641,353630.6859067107,4026075.934331965
1628842687774928278,353630.2510421821,4026076.022121943
1628842687913081944,353629.1892088263,4026076.391438705
1628842687985093083,353628.6911229921,4026076.5088536274
1628842688117946119,353627.77210297954,4026076.7329580346
1628842688177928004,353627.22305691126,4026076.8723444813
1628842688315929813,353626.2412605541,4026077.1271192795
1628842688375991505,353625.82538371417,4026077.240521243
1628842688519884781,353624.77742987755,4026077.582351746
1628842688579918886,353624.3685893937,4026077.7039967985
1628842688717936955,353623.31023790344,4026078.0373208085
1628842688777923085,353622.90526505763,4026078.167514244
1628842688916046041,353621.8890156263,4026078.5145240254
1628842688976049870,353621.48836576514,4026078.654928998
1628842689125876066,353620.5634851624,4026078.9837328657
1628842689179942740,353620.10633134755,4026079.2334533534
1628842689318019588,353619.2039598174,4026079.6084396513
1628842689371826776,353618.88279861066,4026079.746388135
1628842689521817616,353617.890260738,4026080.160167497
1628842689587989390,353617.43628881127,4026080.3489285284
1628842689720091252,353616.56671606365,4026080.739680452
1628842689780055378,353616.1908040114,4026080.920897322
1628842689923881341,353615.2492603814,4026081.3689034046
1628842689983800086,353614.8747608308,4026081.550630533
1628842690121917295,353614.00515493494,4026081.982765393
1628842690181940310,353613.61825734994,4026082.254363246
1628842690320030328,353612.79270387,4026082.746987998
1628842690385815253,353612.4454209955,4026082.9572931402
1628842690523939004,353611.60660348675,4026083.4632265763
1628842690571956419,353611.3186410108,4026083.6478407956
1628842690715807964,353610.49190806947,4026084.189863472
1628842690782044230,353610.100368229,4026084.46846745
1628842690914024673,353609.3415151293,4026084.9856464923
1628842690974059462,353609.01899450447,4026085.2345962287
1628842691117935749,353608.27381293365,4026085.8348350665
1628842691183900816,353607.9408153106,4026086.1753625865
1628842691316043134,353607.2125099787,4026086.827967229
1628842691381791536,353606.9073985874,4026087.1174786272
1628842691525932765,353606.14690447564,4026087.931310884
1628842691645928877,353605.55116263195,4026088.6593668642
1628842691717818050,353605.21337696415,4026089.0343994433
1628842691849940382,353604.5944104002,4026089.7497709757
1628842691927930290,353604.2017256968,4026090.2640681434
1628842692053801857,353603.6451745746,4026090.956305712
1628842692119870870,353603.3233204213,4026091.367522719
1628842692258048696,353602.64687300933,4026092.286091553
1628842692323847789,353602.3749832235,4026092.6525189043
1628842692449928777,353601.7713025927,4026093.542873155
1628842692521846642,353601.45919577335,4026093.9855038435
1628842692648075616,353600.8620455238,4026094.893883035
1628842692720035912,353600.55492993473,4026095.350147182
1628842692851922126,353599.99348013714,4026096.2112158495
1628842692924070542,353599.66576244624,4026096.7775204415
1628842693049902423,353599.1053818387,4026097.651285585
1628842693127801248,353598.8065601851,4026098.1251901076
1628842693248117684,353598.20548220555,4026099.1406502863
1628842693319959058,353597.90489973896,4026099.625933394
1628842693451910532,353597.32911278156,4026100.646303165
1628842693523869034,353597.0287589588,4026101.137888183
1628842693650055710,353596.4314120643,4026102.13933885
1628842693722016861,353596.1339594675,4026102.629230743
1628842693854040421,353595.5858876279,4026103.5306394957
1628842693925817292,353595.23714121996,4026104.105833099
1628842694052047090,353594.69596280373,4026104.999789744
1628842694117953273,353594.44852059317,4026105.411489466
1628842694249973021,353593.8185173274,4026106.459741774
1628842694321962412,353593.53175205155,4026106.935521845
1628842694454083498,353592.97170970845,4026107.908708682
1628842694526055811,353592.69129168155,4026108.3808414866
1628842694657907062,353592.13522256917,4026109.343527994
1628842694723951815,353591.8549237761,4026109.81187461
1628842694849923977,353591.37489927805,4026110.6080073286
1628842694927871486,353591.003247224,4026111.2182754083
1628842695054051505,353590.4820183923,4026112.0682854014
1628842695119825969,353590.2398951332,4026112.455195071
1628842695245965155,353589.6694246704,4026113.371070478
1628842695317903847,353589.3831468552,4026113.814260927
1628842695449805688,353588.8090280979,4026114.6912077568
1628842695528022884,353588.4672229993,4026115.1786525915
1628842695653966228,353587.87745638366,4026116.0397962597
1628842695719905513,353587.6132272085,4026116.393532838
1628842695851940511,353587.02680244006,4026117.1417844193
1628842695930054579,353586.627618048,4026117.661399427
1628842696050053064,353586.05997672246,4026118.314793438
1628842696187977997,353585.33665839466,4026119.1286367257
1628842696259902436,353584.98341499176,4026119.477331319
1628842696332044911,353584.62324663176,4026119.8135352735
1628842696452046354,353583.9461930258,4026120.4286548267
1628842696529955362,353583.5096029393,4026120.7717920453
1628842696667835258,353582.7413548945,4026121.3648203365
1628842696793790927,353581.98480383365,4026121.85178868
1628842696853807023,353581.6261038759,4026122.0617578435
1628842696979953678,353580.78877468244,4026122.5579151623
1628842697052246437,353580.3509159909,4026122.7717739437
1628842697195838355,353579.40055616596,4026123.217808419
1628842697255885602,353579.0081939815,4026123.357274368
1628842697387836618,353578.14696009504,4026123.6307203337
1628842697453981609,353577.6246218622,4026123.826158697
1628842697597789647,353576.66898399196,4026124.03928318
1628842697657786999,353576.1931368922,4026124.1650116476
1628842697783999051,353575.2926897899,4026124.288679251
1628842697861833078,353574.80509946763,4026124.333497575
1628842697993963003,353573.7593892517,4026124.435617655
1628842698053941996,353573.3361958383,4026124.444557643
1628842698185891528,353572.3475452224,4026124.434175034
1628842698257790852,353571.8514148229,4026124.40343083
1628842698389783542,353570.86371781194,4026124.337508976
1628842698462050070,353570.3700430816,4026124.278711848
1628842698587912430,353569.45966404077,4026124.1360856397
1628842698659823898,353568.93800726824,4026124.04314663
1628842698786082115,353568.0525255865,4026123.838808689
1628842698851845220,353567.649835957,4026123.7319155396
1628842698989895715,353566.67127329076,4026123.4552632505
1628842699061750694,353566.2122704808,4026123.309995776
1628842699188030177,353565.31440138776,4026122.990254608
1628842699260030421,353564.8653980827,4026122.8263168153
1628842699386305022,353563.9984900007,4026122.4966836264
1628842699457960112,353563.56029690284,4026122.315095604
1628842699590034190,353562.75252533465,4026121.956146518
1628842699655889262,353562.33969747217,4026121.7911016224
1628842699787949620,353561.46901694936,4026121.3899415075
1628842699853916746,353561.09947632457,4026121.214822908
1628842699998037199,353560.13102759456,4026120.7384865573
1628842700051911191,353559.8278247209,4026120.584555474
1628842700195782061,353558.93584262946,4026120.140065548
1628842700261948956,353558.5120397745,4026119.917920589
1628842700393895724,353557.67582650355,4026119.483211528
1628842700453923272,353557.31440637127,4026119.286593402
1628842700597792398,353556.48228181043,4026118.8229569676
1628842700664016135,353555.9990717304,4026118.5527243936
1628842700795916513,353555.2424071628,4026118.111929526
1628842700933990947,353554.3714898183,4026117.595672434
1628842700994018793,353554.0281801235,4026117.39082138
1628842701071953922,353553.57193417574,4026117.1197861093
1628842701191926921,353552.832008507,4026116.6762862117
1628842701323951005,353552.097856069,4026116.2349127904
1628842701395906749,353551.709159853,4026116.013441338
1628842701533967163,353550.8781251999,4026115.505986339
1628842701588045846,353550.6044152882,4026115.3383772606
1628842701725940607,353549.7853842246,4026114.8513876726
1628842701785919995,353549.46274626255,4026114.652622874
1628842701936025441,353548.6040574482,4026114.1412828425
1628842701996012148,353548.2883081558,4026113.94563655
1628842702133766510,353547.6146093954,4026113.524012975
1628842702187996383,353547.2462199591,4026113.3375953445
1628842702326027709,353546.5334757314,4026112.895345573
1628842702398023251,353546.14898771734,4026112.6664751517
1628842702535878133,353545.4996010581,4026112.26048176
1628842702590017991,353545.20164381515,4026112.073877137
1628842702727959233,353544.4748573806,4026111.642240898
1628842702805906391,353544.130400687,4026111.427334914
1628842702932022096,353543.4578413733,4026111.0225954293
1628842702992021603,353543.16679648997,4026110.840512752
1628842703130175957,353542.5009379565,4026110.4205537806
1628842703189952433,353542.1684110821,4026110.239801649
1628842703328026996,353541.53369083174,4026109.842105642
1628842703399760981,353541.2221533592,4026109.657332854
1628842703531940138,353540.61938538123,4026109.27950184
1628842703597872324,353540.36841099535,4026109.12092355
1628842703729985712,353539.7315288605,4026108.7506119623
1628842703790006213,353539.4874194105,4026108.597357466
1628842703933911663,353538.90360025805,4026108.239229793
1628842703999912595,353538.6691019045,4026108.091271749
1628842704132017400,353538.13197207975,4026107.751016642
1628842704192020446,353537.8553493241,4026107.5916588325
1628842704336018933,353537.33286225016,4026107.258282191
1628842704401764845,353537.0844963507,4026107.1132059894
1628842704539764161,353536.5771724337,4026106.7922189203
1628842704599902888,353536.3642391307,4026106.6562447133
1628842704731996176,353535.8368192207,4026106.34158646
1628842704798020771,353535.62908278767,4026106.2061347873
1628842704935940348,353535.12353709264,4026105.9109167247
1628842705067875373,353534.68480226584,4026105.621531336
1628842705133985188,353534.42017618095,4026105.4713932322
1628842705266008789,353533.9923817399,4026105.1828949004
1628842705338006662,353533.7661167412,4026105.027340038
1628842705469895207,353533.3221533544,4026104.7463973314
1628842705536032863,353533.1043115356,4026104.5908565186
1628842705656053822,353532.6993230295,4026104.33720176
1628842705733764355,353532.48796153214,4026104.182283858
1628842705865768676,353532.1043641197,4026103.8942058994
1628842705937935469,353531.8462555815,4026103.7143974137
1628842706064053699,353531.50912650116,4026103.4455575515
1628842706130023057,353531.3187655692,4026103.287278721
1628842706261992896,353530.9430649901,4026102.989744149
1628842706339944078,353530.73612531926,4026102.807552566
1628842706459936480,353530.3942230237,4026102.552427247
1628842706531873488,353530.2199653232,4026102.38993183
1628842706669951657,353529.872128794,4026102.115940025
1628842706729936276,353529.72982477467,4026101.9733857797
1628842706867862540,353529.43054293527,4026101.657900713
1628842706934018795,353529.2764763477,4026101.5416532625
1628842707071991068,353528.9755487755,4026101.1974139316
1628842707131991196,353528.84972742724,4026101.0478137825
1628842707263976432,353528.5904817321,4026100.7826815974
1628842707329930212,353528.4506917893,4026100.6010945817
1628842707461979219,353528.1984368884,4026100.294565115
1628842707534025637,353528.0622730992,4026100.100015416
1628842707666006572,353527.89063855575,4026099.886888646
1628842707731925061,353527.7645239223,4026099.680217563
1628842707869889616,353527.53466135776,4026099.27933771
1628842707942011072,353527.4965463228,4026099.270426069
1628842708073746961,353527.29560745024,4026098.8871658314
1628842708133922492,353527.22198583605,4026098.8142252895
1628842708265906261,353527.0312195707,4026098.3647602354
1628842708337869928,353526.9321574862,4026098.1155631267
1628842708463970843,353526.6802579039,4026097.577290827
1628842708536018954,353526.600168978,4026097.309504307
1628842708667911599,353526.3686088677,4026096.7287584087
1628842708739857920,353526.29221177776,4026096.451895296
1628842708859868135,353526.1768198417,4026095.9660188025
1628842708943897099,353526.1159086779,4026095.702581169
1628842709069973017,353526.0358841104,4026095.14972304
1628842709135916155,353525.9291557383,4026094.822522339
1628842709268003281,353525.89334741625,4026094.2495456664
1628842709340002906,353525.8808171608,4026093.937941905
1628842709471995559,353525.8323285992,4026093.326147304
1628842709537955262,353525.83296280564,4026093.0097891362
1628842709669914765,353525.79367710685,4026092.3358039376
1628842709801906322,353525.86067595636,4026091.7316551288
1628842709868380072,353525.9143755826,4026091.4059465807
1628842709939932271,353525.8843763064,4026090.999704869
1628842710059930935,353525.9924827603,4026090.433458612
1628842710203857938,353526.0759034563,4026089.6561641926
1628842710269981189,353526.166122547,4026089.320797474
1628842710395869849,353526.34770428494,4026088.7538280957
1628842710461984907,353526.40182628075,4026088.359218496
1628842710599880139,353526.6215835752,4026087.754181413
1628842710665858439,353526.70331325824,4026087.346272443
1628842710803964376,353526.97309856437,4026086.693010893
1628842710869774235,353527.0966100956,4026086.4134478243
1628842710995987875,353527.3071098508,4026085.686808876
1628842711073901716,353527.4789673211,4026085.310061084
1628842711205877502,353527.6991058738,4026084.55062808
1628842711278001597,353527.8658820763,4026084.21991835
1628842711397982593,353528.1015873997,4026083.6267425804
1628842711475908559,353528.2998794792,4026083.2250650995
1628842711667874887,353528.81502572517,4026082.28264314
1628842711805965462,353529.1788925406,4026081.5477738283
1628842711871823917,353529.3384584844,4026081.238250911
1628842711997924004,353530.03750266024,4026080.9203038816
1628842712069875629,353530.23664355185,4026080.558002947
1628842712201976563,353530.59270312544,4026079.8812189545
1628842712267987549,353530.8010039957,4026079.4939064714
1628842712400007136,353531.2025500472,4026078.7638096823
1628842712471855393,353531.30150075007,4026078.266123907
1628842712603731710,353531.70236091176,4026077.52071881
1628842712669975789,353531.8502380819,4026077.0251892037
1628842712807915527,353532.2824204501,4026076.190127521
1628842712867741176,353532.4386922917,4026075.8879235834
1628842712999890397,353532.79149767937,4026074.9499700377
1628842713072023055,353533.0115359415,4026074.5167893637
1628842713198000905,353533.326410302,4026073.5952546494
1628842713269918764,353533.5436711988,4026073.149417904
1628842713401915561,353533.89377946587,4026072.2468801234
1628842713473874635,353534.11105512385,4026071.7910790867
1628842713605734461,353534.5113581713,4026070.9368418674
1628842713671979943,353534.68424461846,4026070.436762099
1628842713803958269,353535.06677495287,4026069.5601887275
1628842713876869753,353535.27238283487,4026069.0857401965
1628842714003126119,353535.62810954417,4026068.1653080485
1628842714146846764,353536.0027724132,4026067.1807507994
1628842714206872238,353536.1623921115,4026066.758814847
1628842714338740243,353536.49957011605,4026065.835133296
1628842714404972866,353536.6685169623,4026065.307791484
1628842714542738077,353537.00054110744,4026064.3752935
1628842714602900754,353537.1435414922,4026063.941484752
1628842714746976510,353537.4438569392,4026062.8229750874
1628842714800737211,353537.5505421149,4026062.454248952
1628842714939007804,353537.8500483206,4026061.439528733
1628842714998968696,353537.9730580015,4026060.992996257
1628842715148917043,353538.23395366955,4026059.8244857173
1628842715208857830,353538.3403833732,4026059.372023099
1628842715340992282,353538.5626626207,4026058.3888436416
1628842715401001132,353538.6627141716,4026057.934581467
1628842715539128278,353538.8293874739,4026056.777940286
1628842715610864295,353538.9350913492,4026056.242801997
1628842715742782146,353539.17026245536,4026055.2134448905
1628842715808966766,353539.26940718887,4026054.6766321743
1628842715940950355,353539.4412183837,4026053.6325758607
1628842716012863527,353539.5346648096,4026053.0944632706
1628842716144761786,353539.7014619742,4026052.0895926272
1628842716204863733,353539.77520314086,4026051.627878667
1628842716348780039,353539.94027831603,4026050.5500080655
1628842716402961872,353539.96494603826,4026050.012439923
1628842716540902768,353540.11353207636,4026048.9267913154
1628842716606774345,353540.1738917683,4026048.460603785
1628842716744976929,353540.2544331894,4026047.2672558734
1628842716804963447,353540.30733574624,4026046.7968227044
1628842716942883049,353540.379840853,4026045.5974612837
1628842717002891202,353540.42612094444,4026045.121608693
1628842717146842288,353540.4406661547,4026043.9670427637
1628842717212995724,353540.4827685973,4026043.4101292402
1628842717338839655,353540.5482260125,4026042.45465541
1628842717404884505,353540.4447633879,4026041.836747939
1628842717548734072,353540.49640016316,4026040.71358356
1628842717603051897,353540.51443014713,4026040.23108252
1628842717746973704,353540.4688652497,4026039.077151035
1628842717806958266,353540.4779577183,4026038.593099681
1628842717944902136,353540.3523593554,4026037.409407941
1628842718004904412,353540.34932171635,4026036.922700555
1628842718148938528,353540.15158763307,4026035.768456924
1628842718280840209,353540.1066909897,4026034.7118506376
1628842718347039115,353540.07642560627,4026034.141755799
1628842718478838236,353539.89704165206,4026033.018726918
1628842718550745696,353539.8516562057,4026032.4460265785
1628842718676958878,353539.6916169218,4026031.3227699446
1628842718748917582,353539.63132128306,4026030.749047484
1628842718874830044,353539.5137797751,4026029.7639972065
1628842718940951361,353539.49211046763,4026029.1102451626
1628842719078953688,353539.34340103815,4026027.95674466
1628842719156732239,353539.2672578478,4026027.279590595
1628842719270934547,353539.1221925381,4026026.2947613583
1628842719342854482,353539.0340556363,4026025.7205328755
1628842719474822199,353538.87270751054,4026024.570404576
1628842719552996835,353538.76652368746,4026023.910680343
1628842719672942064,353538.54072229523,4026022.8725887863
1628842719744833619,353538.42118910037,4026022.3005846725
1628842719882871925,353538.17419662944,4026021.157091877
1628842719942861323,353538.014868418,4026020.599584899
1628842720074732845,353537.75011089095,4026019.5389582384
1628842720146853356,353537.58936918696,4026018.905043355
1628842720284865024,353537.281241001,4026017.7737533483
1628842720344854717,353537.14640650357,4026017.289548131
1628842720476727745,353536.8002048319,4026016.159054209
1628842720542953675,353536.632365751,4026015.5927493814
1628842720680869385,353536.2845510655,4026014.4787776032
1628842720752897106,353536.07897761755,4026013.835824242
1628842720878769130,353535.760932357,4026012.8725649808
1628842720950852642,353535.53979222896,4026012.2511456236
1628842721076965244,353535.172640015,4026011.2100720084
1628842721154880322,353534.97995912656,4026010.495718027
1628842721274904913,353534.62379098067,4026009.5411750833
1628842721346844751,353534.40951911826,4026008.9866719875
1628842721478961349,353533.9996599152,4026007.892547877
1628842721550749519,353533.77447773714,4026007.34256272
1628842721670847686,353533.2457090579,4026006.3020234355
1628842721748851216,353532.9700414683,4026005.6757273446
1628842721886973334,353532.34819385957,4026004.4872546336
1628842721946973120,353532.12884346605,4026004.0186992176
1628842722079044657,353531.6460323974,4026003.0068939645
1628842722150851207,353531.2518856288,4026002.398256033
1628842722282741016,353530.7511901419,4026001.3900337615
1628842722354723228,353530.4775674972,4026000.84863418
1628842722480954248,353529.8097459414,4025999.8544214433
1628842722552849701,353529.5223726256,4025999.319220528
1628842722690727601,353528.89014949603,4025998.2464027083
1628842722750832847,353528.59454182175,4025997.7115393616
1628842722876816775,353528.0818887736,4025996.797575152
1628842723014843097,353527.3932590141,4025995.652040871
1628842723092833420,353527.0384511427,4025995.0452864356
1628842723152846402,353526.70354440034,4025994.5073336936
1628842723272826461,353526.1599939689,4025993.5998580432
1628842723410950565,353525.4542581141,4025992.4606402894
1628842723482887450,353525.1266900125,4025991.934373946
1628842723614850378,353524.5099515009,4025990.9616219117
1628842723674831487,353524.1610261802,4025990.4537526006
1628842723812958747,353523.4768673775,4025989.4139024196
1628842723885097562,353523.1294337255,4025988.8967915596
1628842724016842162,353522.40726780286,4025987.8869572408
1628842724082892509,353522.0509608723,4025987.375718486
1628842724214941187,353521.2999512682,4025986.3638693257
1628842724286917418,353520.93244535715,4025985.85813
1628842724418765621,353520.1732596812,4025984.857298715
1628842724478842254,353519.8503329563,4025984.4287178335
1628842724610748624,353519.1383920571,4025983.5110882744
1628842724688753161,353518.62768016616,4025982.889009661
1628842724820818984,353517.89178624866,4025981.9842668483
1628842724880765926,353517.5478004934,4025981.57006493
1628842725012836176,353516.7098748797,4025980.64496724
1628842725078977552,353516.2969947249,4025980.170345003
1628842725216959760,353515.3794417322,4025979.181788864
1628842725276951156,353515.0151935364,4025978.782150829
1628842725408952526,353514.16593669145,4025977.861975156
1628842725480835148,353513.72788896004,4025977.407828639
1628842725618719662,353512.90095284244,4025976.576830234
1628842725684728907,353512.4057461275,4025976.059623647
1628842725810939666,353511.55508344853,4025975.247688056
1628842725888960418,353510.97534593486,4025974.6766427136
1628842726020839952,353510.1001452119,4025973.8863166454
1628842726080816289,353509.6905539298,4025973.526859019
1628842726218820684,353508.73994558916,4025972.6916190893
1628842726290879216,353508.1797776984,4025972.2275436656
1628842726422843976,353507.2025887975,4025971.4230726385
1628842726488722961,353506.77201977564,4025971.0864155884
1628842726614746349,353505.8288019417,4025970.367049148
1628842726686719972,353505.26264270546,4025969.920470319
1628842726818807892,353504.30219851417,4025969.218347869
1628842726884836298,353503.7813916984,4025968.8441078374
1628842727016718275,353502.76007592736,4025968.090401887
1628842727088813202,353502.23469493084,4025967.7199929557
1628842727214964031,353501.1893823937,4025966.9910307783
1628842727286814378,353500.6568901824,4025966.6260217307
1628842727413128997,353499.59054991615,4025965.909683358
1628842727496935919,353498.9745478631,4025965.495274024
1628842727622730759,353498.04806591314,4025964.875967954
1628842727754867140,353496.8882589553,4025964.1278387695
1628842727814877377,353496.4212318094,4025963.8207904403
1628842727958670869,353495.2591739651,4025963.069510402
1628842728013267372,353494.7875779719,4025962.762997162
1628842728156957785,353493.62879104755,4025962.00122495
1628842728210822186,353493.23154937814,4025961.745930118
1628842728355072669,353492.03628199315,4025960.9799225074
1628842728420713606,353491.4873526864,4025960.6409641504
1628842728559017844,353490.3599093388,4025959.9262244357
1628842728624698378,353489.87320549064,4025959.6196616837
1628842728756860309,353488.670489348,4025958.8752191924
1628842728822744444,353488.1780265843,4025958.567395852
1628842728960934264,353486.9637224297,4025957.8216998996
1628842729020947970,353486.46687807486,4025957.512852087
1628842729158860631,353485.24504777975,4025956.7552443347
1628842729230799694,353484.664000261,4025956.3902941756
1628842729362802371,353483.582970564,4025955.709621909
1628842729422749521,353483.01649171073,4025955.3597912537
1628842729560849532,353481.8440453609,4025954.6187594244
1628842729626799264,353481.3398153193,4025954.3008966804
1628842729752802716,353480.1811924722,4025953.57785047
1628842729812835632,353479.6765727942,4025953.256805295
1628842729962980479,353478.3585953377,4025952.4136194517
1628842730023018414,353477.85084116017,4025952.0894993013
1628842730160863818,353476.6052000923,4025951.2937055267
1628842730214811259,353476.18121549673,4025951.021712592
1628842730358682836,353474.9945196615,4025950.2610554765
1628842730424924969,353474.3364745193,4025949.842048555
1628842730562703849,353473.22702740657,4025949.130516212
1628842730616975675,353472.7148362403,4025948.800306771
1628842730754824806,353471.46846201783,4025947.997308631
1628842730832728910,353470.8750594484,4025947.6128690094
1628842730958823993,353469.708513823,4025946.8599590883
1628842731018764763,353469.19513600226,4025946.526367174
1628842731156916230,353467.94669569307,4025945.7311712233
1628842731228688670,353467.3471609955,4025945.343264934
1628842731360678524,353466.23636154726,4025944.6240200396
1628842731414924879,353465.6750855277,4025944.2480708
1628842731558818541,353464.4824854796,4025943.4740565275
1628842731690665205,353463.3066705476,4025942.7253172435
1628842731756928110,353462.7139320143,4025942.3404854485
1628842731900806960,353461.4774382959,4025941.5299362857
1628842731960799212,353460.9717211992,4025941.201830565
1628842732086856549,353459.8796007914,4025940.4935774305
1628842732158818450,353459.24292154855,4025940.0640021
1628842732296675280,353458.1546780409,4025939.359437302
1628842732357347217,353457.5713895896,4025938.9812209914
1628842732488856158,353456.4403333048,4025938.242666357
1628842732560794796,353455.85979122156,4025937.8680505906
1628842732692684055,353454.73691466707,4025937.1223387527
1628842732758915025,353454.1598381047,4025936.7487326153
1628842732884712445,353453.17353978555,4025936.111765676
1628842732962794465,353452.47409489925,4025935.6359648686
1628842733094671497,353451.4114347137,4025934.9482260603
1628842733166816915,353450.79853656155,4025934.53175329
1628842733292920063,353449.74199341715,4025933.8484278657
1628842733359066211,353449.17626684764,4025933.4818933406
1628842733490910789,353448.0859011228,4025932.7602146217
1628842733562813901,353447.5248635038,4025932.3966526818
1628842733683012286,353446.53203991044,4025931.734817986
1628842733766688305,353445.8949938926,4025931.3215310257
1628842733892825983,353444.824019509,4025930.606009794
1628842733964788821,353444.27029346046,4025930.2471157014
1628842734090684599,353443.3239722696,4025929.6353681087
1628842734162912734,353442.66184206714,4025929.1771103526
1628842734294830557,353441.6434448687,4025928.5189893343
1628842734366684175,353441.1749281442,4025928.217935231
1628842734486848899,353440.1226287957,4025927.525780534
1628842734564922860,353439.4998614005,4025927.130334338
1628842734696981556,353438.4542939378,4025926.450074739
1628842734768816855,353437.9118616028,4025926.1075611957
1628842734888693330,353436.9471378348,4025925.4904644294
1628842734960687509,353436.40670902724,4025925.1527389064
1628842735086942207,353435.40715181944,4025924.527747462
1628842735158923328,353434.8449969737,4025924.1559348684
1628842735284974971,353433.8530734567,4025923.538413422
1628842735368809886,353433.2450247863,4025923.161563462
1628842735488809612,353432.30438143294,4025922.559013647
1628842735566927931,353431.700054185,4025922.185671432
1628842735692804769,353430.765637325,4025921.608437795
1628842735758821265,353430.2397425417,4025921.287404204
1628842735890804517,353429.24210191006,4025920.6621063566
1628842735968895600,353428.64432505565,4025920.3007538654
1628842736088927076,353427.7507366302,4025919.7629151363
1628842736220920657,353426.77048087696,4025919.1514380085
1628842736304692169,353426.180414759,4025918.79850025
1628842736364662778,353425.73877509846,4025918.53481917
1628842736490913522,353424.76243600296,4025917.9293795745
1628842736628678794,353423.8137614801,4025917.3609022596
1628842736694805415,353423.28020463,4025917.0307670245
1628842736832786112,353422.2679359501,4025916.423005683
1628842736892785439,353421.8149659511,4025916.1318062674
1628842737024926843,353420.8810962916,4025915.5725698867
1628842737096801308,353420.3804001824,4025915.2726562205
1628842737222843626,353419.4248478754,4025914.690928893
1628842737294964793,353418.9290864707,4025914.3922746247
1628842737426657891,353417.9866838887,4025913.8139413903
1628842737492923588,353417.4981604046,4025913.5173925753
1628842737630669704,353416.5970083418,4025912.9691084498
1628842737696780814,353416.0878463395,4025912.657665154
1628842737828662193,353415.199289878,4025912.11429511
1628842737894921216,353414.7024377279,4025911.789063253
1628842738038808669,353413.75913688075,4025911.209982701
1628842738098795339,353413.3575686264,4025910.9626075816
1628842738224828340,353412.4676294192,4025910.39344313
1628842738296778184,353412.0054492743,4025910.106275746
1628842738434796097,353411.1297635345,4025909.542607674
1628842738500800202,353410.6754182399,4025909.2603585273
1628842738632777798,353409.83962260094,4025908.740129322
1628842738704700200,353409.3706256837,4025908.4288614993
1628842738830648178,353408.55267436395,4025907.915319149
1628842738896922092,353408.09450949903,4025907.609346111
1628842739028900088,353407.29348656774,4025907.106076684
1628842739100796101,353406.8663699415,4025906.8368254933
1628842739232757044,353406.05980871664,4025906.312867233
1628842739292655672,353405.6997155651,4025906.0853751325
1628842739430928238,353404.8581677497,4025905.524624484
1628842739490917050,353404.5075661136,4025905.300756084
1628842739640784483,353403.6419041667,4025904.7469747816
1628842739694778615,353403.3390244673,4025904.546011506
1628842739826707773,353402.60129509185,4025904.076919889
1628842739892868667,353402.19174692896,4025903.794447439
1628842740036775673,353401.41618605575,4025903.2953865137
1628842740096794244,353401.0884047786,4025903.0837055505
1628842740228676513,353400.3697582583,4025902.6025114316
1628842740294772875,353399.99462694523,4025902.3610526472
1628842740438794119,353399.25252456975,4025901.8571839384
1628842740504654766,353398.93956094177,4025901.6536753057
1628842740630793800,353398.26932535577,4025901.2162794466
1628842740708696531,353397.8665112699,4025900.9205706166
1628842740834915969,353397.2137958177,4025900.490538425
1628842740966901118,353396.5629115379,4025900.0569047206
1628842741026914908,353396.269452611,4025899.8644188475
1628842741170763817,353395.5810453193,4025899.39199097
1628842741236894932,353395.2446251255,4025899.169378392
1628842741374898528,353394.6284789122,4025898.7578624166
1628842741428869694,353394.34006162983,4025898.554915264
1628842741566826102,353393.6981486512,4025898.1338559194
1628842741632763465,353393.4241229715,4025897.955384757
1628842741770891042,353392.7817399993,4025897.5137644256
1628842741830941526,353392.50758054317,4025897.3291919916
1628842741968955878,353391.86868191813,4025896.9005133654
1628842742040784828,353391.54559922055,4025896.688783773
1628842742172694157,353390.9457884847,4025896.2597186146
1628842742232637667,353390.6837316151,4025896.0905971285
1628842742376689974,353390.08313611936,4025895.699936703
1628842742442785956,353389.76973705436,4025895.483343608
1628842742569095542,353389.2109326328,4025895.1185877733
1628842742634657516,353388.9504667431,4025894.953315182
1628842742772895599,353388.32008405996,4025894.577044397
1628842742838673470,353388.05134383636,4025894.424179971
1628842742970815163,353387.44077446754,4025894.0645419555
1628842743030840291,353387.17655703786,4025893.924662662
1628842743174882486,353386.5563890905,4025893.5893571945
1628842743234898760,353386.2907388613,4025893.4603970232
1628842743366753665,353385.71027455427,4025893.195373819
1628842743432908949,353385.4088675681,4025893.0346086896
1628842743576699226,353384.7881878194,4025892.7718833485
1628842743636680422,353384.5230317211,4025892.6649182076
1628842743774807015,353383.89922188735,4025892.41561268
1628842743828772990,353383.67769885744,4025892.3369928515
1628842743978928534,353383.0177276945,4025892.0933040865
1628842744044885376,353382.7079945521,4025891.996004361
1628842744176899077,353382.12429295573,4025891.8102298686
1628842744236887185,353381.8632642043,4025891.7271514586
1628842744380756102,353381.25768165063,4025891.5432425844
1628842744434820667,353380.98216371686,4025891.4768279134
1628842744572718063,353380.4168951304,4025891.3451549294
1628842744638898550,353380.114837047,4025891.263167454
1628842744776821307,353379.5134157466,4025891.1267960756
1628842744842694519,353379.2561207183,4025891.0713952626
1628842744980643905,353378.6575352988,4025890.967355359
1628842745112695354,353378.10668124683,4025890.888570153
1628842745172780914,353377.84551435534,4025890.8388196463
1628842745298814386,353377.30235290376,4025890.778184509
1628842745370777382,353377.0114571946,4025890.7498722174
1628842745508860735,353376.43422319693,4025890.7082768762
1628842745580910063,353376.14760803105,4025890.7020786395
1628842745700876087,353375.6462565443,4025890.679280219
1628842745772807870,353375.3612635139,4025890.6751602925
1628842745904637075,353374.82762515015,4025890.686752431
1628842745970856277,353374.5372122482,4025890.697800029
1628842746102908670,353373.99531608383,4025890.740812688
1628842746174761202,353373.722009322,4025890.7401572317
1628842746300817596,353373.18252619234,4025890.8121515526
1628842746372776228,353372.8907404967,4025890.85209228
1628842746504646551,353372.35034693644,4025890.9514460135
1628842746576748391,353372.0565444042,4025891.0110743637
1628842746702791521,353371.51545146544,4025891.1358308014
1628842746774781680,353371.2216788004,4025891.217065283
1628842746906764769,353370.662561105,4025891.378595528
1628842746972878815,353370.36975684576,4025891.4827935654
1628842747105000435,353369.8292414588,4025891.697598397
1628842747182751236,353369.51584946446,4025891.825979212
1628842747308639992,353368.9846640867,4025892.0889664493
1628842747380671822,353368.7036760722,4025892.2439903975
1628842747506915841,353368.1600729228,4025892.5324260225
1628842747578753718,353367.8922722107,4025892.7146928995
1628842747704811531,353367.39074384264,4025893.060217411
1628842747776792574,353367.13774298766,4025893.2640236174
1628842747908881486,353366.6801010367,4025893.6438400615
1628842747980804675,353366.44221562287,4025893.8643889576
1628842748107091330,353366.02366276964,4025894.296187277
1628842748178754864,353365.79063822504,4025894.5370703614
1628842748310618582,353365.411365969,4025894.9978979095
1628842748376912523,353365.21342824935,4025895.2472206084
1628842748508860292,353364.8460350706,4025895.7337262933
1628842748580750591,353364.6585591739,4025895.9844894344
1628842748712617571,353364.31771982927,4025896.4981949837
1628842748778875502,353364.14966356417,4025896.758547841
1628842748898853346,353363.85956439504,4025897.222810515
1628842748977168406,353363.68344223616,4025897.51509942
1628842749102770218,353363.43180501607,4025897.956402802
1628842749180752641,353363.2622646161,4025898.289565771
1628842749312870466,353362.9867743624,4025898.7821154473
1628842749378686601,353362.8524854063,4025899.0107993246
1628842749516759384,353362.5757207105,4025899.5849446896
1628842749582768680,353362.4153549294,4025899.870527762
1628842749714624722,353362.13389010576,4025900.430226195
1628842749840916979,353361.85061180627,4025900.989161862
1628842749912784731,353361.68258754327,4025901.2928800457
1628842750044762641,353361.3528117988,4025901.8435692266
1628842750104748136,353361.19177716435,4025902.104047483
1628842750236648196,353360.8800107386,4025902.687391193
1628842750314875757,353360.6713952158,4025903.0667784982
1628842750441090946,353360.305139699,4025903.681806185
1628842750506764448,353360.1295683769,4025903.979579062
1628842750638650322,353359.73553897627,4025904.632369502
1628842750710741247,353359.5244086754,4025904.980366046
1628842750848743101,353359.0834904092,4025905.7154019657
1628842750908760956,353358.8887791877,4025906.00928728
1628842751034889930,353358.45337843464,4025906.716885915
1628842751118622035,353358.17505089793,4025907.1607620954
1628842751250765442,353357.72839095,4025907.8901273855
1628842751310733649,353357.5100344389,4025908.234904564
1628842751436810405,353357.0267406965,4025909.0177008575
1628842751508761387,353356.759106927,4025909.438843478
1628842751635242898,353356.24861350143,4025910.2374200188
1628842751706866266,353355.97050054104,4025910.6723204157
1628842751838845750,353355.43647309486,4025911.5031100614
1628842751905075492,353355.1456205915,4025911.971490477
1628842752042689688,353354.5913612974,4025912.84026626
1628842752108907739,353354.2853320149,4025913.317128075
1628842752240871235,353353.7052245644,4025914.2761399834
1628842752312751726,353353.3895983901,4025914.773809532
1628842752450767992,353352.7282574592,4025915.7855423456
1628842752510764566,353352.4474643267,4025916.222548182
1628842752642769169,353351.8235528448,4025917.244084797
1628842752720633125,353351.48734375194,4025917.771613457
1628842752852912073,353350.8063907676,4025918.841707941
1628842752912893565,353350.4987791943,4025919.3404627047
1628842753050634952,353349.85106278217,4025920.3583434476
1628842753116757427,353349.49845020357,4025920.913829438
1628842753242758451,353348.8223345505,4025921.975785547
1628842753302889069,353348.5096168902,4025922.466753203
1628842753446738501,353347.7654252059,4025923.6754313903
1628842753512772806,353347.39114863635,4025924.265418265
1628842753644744393,353346.6769575935,4025925.4254317656
1628842753716701354,353346.29505036783,4025926.03338549
1628842753842877549,353345.5760146689,4025927.1776118195
1628842753914900534,353345.1560065717,4025927.8280350375
1628842754046756428,353344.41773557686,4025928.996985987
1628842754178695338,353343.6576499693,4025930.233018125
1628842754244863374,353343.2500479291,4025930.8789284932
1628842754382653776,353342.4880295482,4025932.0908996454
1628842754448731809,353342.056289405,4025932.7874203785
1628842754586750336,353341.22819264454,4025934.107245975
1628842754652679361,353340.8430133682,4025934.7255856385
1628842754784970164,353339.9978306284,4025936.067291881
1628842754850755536,353339.63270681014,4025936.6480299486
1628842754982789734,353338.8414435235,4025937.946022586
1628842755048737344,353338.4149379077,4025938.6254107472
1628842755186838442,353337.5427124533,4025940.051636263
1628842755246879673,353337.1752710769,4025940.6396769164
1628842755384611232,353336.3739247493,4025941.9188888995
1628842755439050606,353335.9980947469,4025942.5522379503
1628842755582696690,353335.1282820939,4025943.942457671
1628842755654744276,353334.6642700944,4025944.6741627324
1628842755780851182,353333.8522360326,4025945.9727973575
1628842755840867980,353333.47707018175,4025946.5732370894
1628842755984650691,353332.57734648685,4025948.0281575667
1628842756044612752,353332.198743656,4025948.6346828016
1628842756182875646,353331.2878135872,4025950.074793588
1628842756248614671,353330.9056952519,4025950.6845675
1628842756386751815,353330.01599214476,4025952.105794875
1628842756452752421,353329.53814360197,4025952.8457758864
1628842756590871697,353328.64793778246,4025954.2679274697
1628842756644703006,353328.3067945472,4025954.803078606
1628842756782769760,353327.41015436605,4025956.2273076396
1628842756854743636,353326.96286410827,4025956.938954632
1628842756986620457,353326.12591307424,4025958.283513904
1628842757046650041,353325.7447702975,4025958.8913794705
1628842757184848072,353324.8323899014,4025960.341235535
1628842757244853077,353324.45012903353,4025960.9497457077
1628842757376806538,353323.6236125182,4025962.267044096
1628842757442934501,353323.1509239109,4025962.9728345247
1628842757586848377,353322.2623776802,4025964.3811189653
1628842757652731526,353321.86822056345,4025965.0061881775
1628842757784784809,353320.98237029643,4025966.4114516554
1628842757850743027,353320.60322577355,4025967.0129207033
1628842757988849588,353319.71217240946,4025968.4533373783
1628842758054822360,353319.2715757267,4025969.152878042
1628842758186784940,353318.43828453275,4025970.493546263
1628842758319007222,353317.62632111623,4025971.7834381415
1628842758390626993,353317.1795423804,4025972.517995958
1628842758516839611,353316.36735128507,4025973.8088378827
1628842758588853842,353315.9316410215,4025974.5013379743
1628842758720718156,353315.1050575458,4025975.800098883
1628842758792690624,353314.67080231395,4025976.4847923764
1628842758912634948,353313.9350229064,4025977.694064056
1628842758990846629,353313.4414629655,4025978.4774795203
1628842759116612145,353312.7045437769,4025979.6482418645
1628842759188782403,353312.20345677424,4025980.4395058304
1628842759314734641,353311.4741330744,4025981.597413798
1628842759380751388,353311.04894239816,4025982.2712880922
1628842759524719208,353310.1938887455,4025983.6476957886
1628842759590773644,353309.77045522747,4025984.3189921756
1628842759710778352,353309.0456774925,4025985.494813694
1628842759782780718,353308.62653069664,4025986.157919844
1628842759920817775,353307.79023060965,4025987.515348726
1628842759986613979,353307.43267800193,4025988.0815558294
1628842760118650432,353306.6600785254,4025989.304253741
1628842760184714251,353306.24656067626,4025989.9771525194
1628842760322650402,353305.4872103841,4025991.1820480106
1628842760394858055,353304.99116129114,4025991.944525175
1628842760514838282,353304.2935946041,4025993.0492835557
1628842760592790539,353303.8289883792,4025993.783426802
1628842760724729674,353303.04672142246,4025994.9613970225
1628842760796613466,353302.64388674416,4025995.594701388
1628842760922739302,353301.96425021323,4025996.7021624763
1628842760988641207,353301.5656181444,4025997.3295210768
1628842761126704488,353300.7719753606,4025998.58001136
1628842761192715656,353300.45978662866,4025999.1595806307
1628842761318599301,353299.7336186083,4026000.312614535
1628842761390613494,353299.3451879243,4026000.9296228695
1628842761516903517,353298.6318825911,4026002.096111125
1628842761588733159,353298.2505741417,4026002.706574948
1628842761720643453,353297.52595955535,4026003.863000772
1628842761786864138,353297.1478104381,4026004.4671855317
1628842761918834800,353296.4356304812,4026005.606372013
1628842761990651800,353296.06170882785,4026006.2024743347
1628842762122712184,353295.37188499153,4026007.3029673244
1628842762188926292,353295.0059522921,4026007.9022608986
1628842762320834500,353294.3302959071,4026008.985118986
1628842762398771428,353293.9245401728,4026009.678349264
1628842762518766372,353293.31290429214,4026010.663427898
1628842762644716969,353292.71018891607,4026011.6526433225
1628842762722635465,353292.3088233529,4026012.300526169
1628842762788825234,353291.9598264669,4026012.86362896
1628842762914732094,353291.36155669694,4026013.843217154
1628842763052728349,353290.6743755797,4026014.9537214753
1628842763124593479,353290.33227326977,4026015.505843275
1628842763256734609,353289.6969714778,4026016.535100693
1628842763322819269,353289.3598430238,4026017.079966644
1628842763454706200,353288.72106627974,4026018.0932305967
1628842763526823250,353288.3882291699,4026018.626579755
1628842763658598990,353287.77834284864,4026019.6301993355
1628842763724831741,353287.4532187695,4026020.154048981
1628842763850681505,353286.90443010826,4026021.0422839494
1628842763922770603,353286.5368545418,4026021.6508221487
1628842764054750680,353285.95873076434,4026022.583697874
1628842764120663962,353285.6961943295,4026023.008067983
1628842764246856027,353285.1356731541,4026023.944155311
1628842764324752158,353284.7956857784,4026024.4967756257
1628842764456725150,353284.2541673671,4026025.405212584
1628842764516716704,353284.0087919199,4026025.804908468
1628842764654762626,353283.44566733896,4026026.7476318534
1628842764720723290,353283.21027843107,4026027.133318852
1628842764858704425,353282.66955434927,4026028.0165500096
1628842764918721513,353282.4456473742,4026028.406254099
1628842765050548610,353281.96382983145,4026029.1979110693
1628842765122668357,353281.70966050285,4026029.617149997
1628842765266588913,353281.2031007415,4026030.457947637
1628842765326766736,353280.9564267802,4026030.8620449174
1628842765458700153,353280.50539909024,4026031.6120426534
1628842765536711177,353280.26731359976,4026032.004275702
1628842765657989941,353279.8319818099,4026032.7313940222
1628842765717945634,353279.6339266711,4026033.0563594354
1628842765855932739,353279.2112858265,4026033.7471450698
1628842765921956592,353278.9857471899,4026034.1215722
1628842766059985650,353278.5455701011,4026034.8310722923
1628842766126162688,353278.3597845313,4026035.1290658624
1628842766252132659,353277.96204032097,4026035.770799881
1628842766323980533,353277.75316563726,4026036.105622683
1628842766456584713,353277.3601562871,4026036.720581093
1628842766522698327,353277.15679239016,4026037.040211911
1628842766654675453,353276.78014264326,4026037.6156169153
1628842766732841777,353276.5534862843,4026037.9582634624
1628842766864842330,353276.1905497111,4026038.500034546
1628842766996655011,353275.8200263531,4026039.044329753
1628842767056620233,353275.64946940227,4026039.2828304376
1628842767128584958,353275.44695774105,4026039.5572575927
1628842767266714532,353275.04064001556,4026040.0981534193
1628842767392749592,353274.6475020729,4026040.5811245204
1628842767452730707,353274.46385424456,4026040.799880589
1628842767602593777,353274.03285439964,4026041.2997358986
1628842767656836529,353273.8449006226,4026041.511110904
1628842767794756848,353273.40743173065,4026041.992986332
1628842767854859307,353273.2151487332,4026042.197407926
1628842767998667405,353272.74635156966,4026042.6638835208
1628842768058681793,353272.54638504295,4026042.8651164104
1628842768196739421,353272.0771041465,4026043.2976109977
1628842768256627336,353271.90788916964,4026043.4621519623
1628842768400653110,353271.383529306,4026043.920260476
1628842768460656406,353271.1762776192,4026044.116596567
1628842768586814808,353270.7266004657,4026044.5443265913
1628842768658795810,353270.47009893414,4026044.7572743176
1628842768796824525,353269.98374843283,4026045.219812941
1628842768868713112,353269.73719256907,4026045.452390735
1628842769000786107,353269.2624985038,4026045.8373311777
1628842769060743444,353269.04891946807,4026046.038474207
1628842769198755046,353268.5217036445,4026046.4594681724
1628842769258755469,353268.31070836785,4026046.669013285
1628842769397176504,353267.79720622103,4026047.1068727123
1628842769462654477,353267.5874704877,4026047.3187082442
1628842769606652122,353267.0996485657,4026047.820495006
1628842769666704100,353266.8660674994,4026047.9866447533
1628842769804637231,353266.3933672262,4026048.5127500016
1628842769864613953,353266.195980959,4026048.7455939883
1628842770002791589,353265.7157704459,4026049.2300780457
1628842770062815088,353265.52580448653,4026049.4703877154
1628842770194706228,353265.07859804516,4026049.9106266876
1628842770260760900,353264.86509541003,4026050.200979802
1628842770404834652,353264.4149562848,4026050.716739078
1628842770464791750,353264.2471482229,4026050.9769679485
1628842770591011238,353263.8969362029,4026051.551010396
1628842770656685837,353263.69670730643,4026051.765561361
1628842770806713264,353263.3212558249,4026052.444081772
1628842770861044056,353263.17961976863,4026052.7215831056
1628842770998700820,353262.82739123324,4026053.3621657463
1628842771058686660,353262.69906223164,4026053.6487420714
1628842771208606233,353262.3520264297,4026054.4013364497
1628842771268578883,353262.2377841687,4026054.6961734714
1628842771400589056,353261.9694449995,4026055.349053428
1628842771460860812,353261.86356431054,4026055.6510731503
1628842771598724309,353261.62518182304,4026056.3627038742
1628842771730840265,353261.40080438444,4026057.0903863525
1628842771796827983,353261.2862858246,4026057.455411465
1628842771928823134,353261.07116486365,4026058.2052762723
1628842772000696375,353260.9549787574,4026058.5799580053
1628842772132706368,353260.73239700124,4026059.2821124517
1628842772198706089,353260.6074771822,4026059.6744898376
1628842772330616927,353260.357881424,4026060.3853339157
1628842772402678605,353260.21574162494,4026060.746615303
1628842772528727691,353259.93716401723,4026061.458072225
1628842772600681821,353259.78222840524,4026061.8422679384
1628842772738803067,353259.455446133,4026062.62303843
1628842772798827381,353259.313588978,4026062.9541481696
1628842772924678501,353259.01341928955,4026063.6466453364
1628842773002705496,353258.812367928,4026064.0901475516
1628842773140600890,353258.4774856366,4026064.81068334
1628842773200805093,353258.30542147555,4026065.257486558
1628842773332823070,353257.9848422655,4026065.993649446
1628842773404619831,353257.7969517844,4026066.4646237683
1628842773530708959,353257.48158108525,4026067.2109982506
1628842773602696331,353257.3153721943,4026067.6124901674
1628842773722806045,353257.03870746924,4026068.3738038563
1628842773806701304,353256.87436908827,4026068.8443030887
1628842773932726705,353256.5804830488,4026069.64652766
1628842774010612269,353256.45224583684,4026070.062849142
1628842774136574651,353256.23854250426,4026070.8405147525
1628842774202800906,353256.0756456658,4026071.3024217105
1628842774340852413,353255.91521943465,4026072.090446235
1628842774406983659,353255.8005458844,4026072.534599199
1628842774526684248,353255.7026503545,4026073.268494327
1628842774598625494,353255.66271101823,4026073.697946282
1628842774736817631,353255.59331642394,4026074.5686280206
1628842774808695710,353255.59141274943,4026074.99867186
1628842774934565151,353255.59619359905,4026075.780206152
1628842775006728193,353255.6314415325,4026076.2721748115
1628842775132573069,353255.71540324716,4026077.007842742
1628842775204984614,353255.7567305557,4026077.5416323366
1628842775330689487,353255.89000841335,4026078.2736269985
1628842775408674162,353255.9948329745,4026078.783338523
1628842775540572935,353256.2062991652,4026079.562242605
1628842775606879182,353256.33668543317,4026079.9775034445
1628842775726793037,353256.58588536136,4026080.68871324
1628842775810724643,353256.7719250012,4026081.1519441307
1628842775948798967,353257.1377603307,4026081.967396204
1628842776002559247,353257.28184598486,4026082.243698609
1628842776128806740,353257.68010376964,4026082.9517434593
1628842776260806792,353258.12585016177,4026083.6725493525
1628842776332673577,353258.38218363945,4026084.037291446
1628842776470822869,353258.92764011305,4026084.7405167636
1628842776530792886,353259.1761693172,4026085.0246560914
1628842776668579830,353259.7444361687,4026085.6565869986
1628842776734688578,353260.05937786493,4026085.9734689295
1628842776866692040,353260.68261857284,4026086.5411597444
1628842776932725061,353261.0207097832,4026086.844618593
1628842777064622389,353261.67707501433,4026087.395024792
1628842777142727753,353262.10882978747,4026087.720320096
1628842777274696682,353262.790159384,4026088.249139527
1628842777334687538,353263.11670747213,4026088.4872950027
1628842777461783422,353263.8554514536,4026088.989667547
1628842777539824436,353264.25644072815,4026089.260712014
1628842777671940346,353265.10387276136,4026089.8539803317
1628842777731901485,353265.45439426263,4026090.0895250374
1628842777863956782,353266.22319702315,4026090.6008340633
1628842777935740212,353266.6822418134,4026090.9337623445
1628842778067715059,353267.49285415455,4026091.450474727
1628842778139599313,353267.87162202806,4026091.692445902
1628842778265921617,353268.79847798543,4026092.2812721534
1628842778337842287,353269.24548048986,4026092.573487676
1628842778476780696,353270.21568026464,4026093.1357696964
1628842778536808167,353270.61616770294,4026093.3826070325
1628842778668736144,353271.51526260294,4026093.981081853
1628842778746717093,353272.06047156156,4026094.3291379055
1628842778872656117,353272.889897546,4026094.8539551334
1628842778938697745,353273.4032424609,4026095.182004653
1628842779070557687,353274.32583154127,4026095.754988655
1628842779142582645,353274.8256619032,4026096.0671155145
1628842779268712845,353275.7761218346,4026096.676623007
1628842779334686758,353276.2079286699,4026096.947375087
1628842779472666372,353277.26940062025,4026097.583178718
1628842779538746874,353277.78153951763,4026097.8994995365
1628842779670686972,353278.7669012492,4026098.526414297
1628842779742575827,353279.2850977329,4026098.847233197
1628842779868546039,353280.1751459476,4026099.3963239603
1628842779940731650,353280.8036660486,4026099.760456699
1628842780072653552,353281.76508945756,4026100.3506292463
1628842780132655103,353282.2082504489,4026100.6232912885
1628842780270780530,353283.2845574597,4026101.2881835303
1628842780342789212,353283.802730231,4026101.611227074
1628842780474685055,353284.8034603972,4026102.2284332016
1628842780606602480,353285.75789492676,4026102.8330449876
1628842780672786621,353286.30266992725,4026103.1771686175
1628842780816690758,353287.32182943064,4026103.841052836
1628842780870552472,353287.6836832211,4026104.080869764
1628842781014674250,353288.78891924024,4026104.815990326
1628842781068625822,353289.1426854629,4026105.0594003787
1628842781218669179,353290.2358812764,4026105.8062034785
1628842781278663942,353290.6543698575,4026106.105120792
1628842781416690961,353291.65347122366,4026106.811848787
1628842781464723540,353291.9958935482,4026107.0702101877
1628842781614645514,353292.9419407647,4026107.8049783176
1628842781674797730,353293.43648737646,4026108.189049881
1628842781806794498,353294.27876158763,4026108.9033122296
1628842781872653529,353294.66025631723,4026109.2397482595
1628842782010541215,353295.5708588719,4026110.0422635823
1628842782076786839,353296.00080845656,4026110.4521559468
1628842782208773220,353296.8131716769,4026111.232946415
1628842782268790728,353297.1699886976,4026111.597106156
1628842782418622255,353298.07784996723,4026112.4937050156
1628842782466699675,353298.3628832048,4026112.805273284
1628842782610793480,353299.14451987966,4026113.6945524053
1628842782670796133,353299.5044919604,4026114.0648234235
1628842782820667226,353300.31952708313,4026115.0449457774
1628842782874655076,353300.58810022095,4026115.3757100063
1628842783012568166,353301.364996356,4026116.244580652
1628842783072547707,353301.6827738068,4026116.640796673
1628842783210690673,353302.4308770086,4026117.5412753937
1628842783282657363,353302.7980179038,4026118.0015290785
1628842783414576751,353303.48176378873,4026118.8698748853
1628842783474554067,353303.80115875904,4026119.26250064
1628842783618495368,353304.5525700953,4026120.1691339007
1628842783678662362,353304.86747802707,4026120.5689234147
1628842783810717654,353305.6425779093,4026121.452522965
1628842783876648397,353305.9845464459,4026121.8283595094
1628842784014796934,353306.7846888112,4026122.696795113
1628842784074749450,353307.1443606848,4026123.060189732
1628842784218673521,353307.9774640121,4026123.8926744126
1628842784272782555,353308.3491144839,4026124.237162684
1628842784416530391,353309.2144966207,4026125.074525602
1628842784476547267,353309.5931413127,4026125.4121396416
1628842784603155197,353310.4443073865,4026126.1326463996
1628842784674684368,353310.9106977128,4026126.539156901
1628842784818823683,353311.8741633035,4026127.307964646
1628842784884747193,353312.34731028776,4026127.727823024
1628842785016767871,353313.26533686835,4026128.4138460783
1628842785142961441,353314.19036419195,4026129.1384549583
1628842785214710475,353314.70446457574,4026129.496927886
1628842785340564364,353315.59749833174,4026130.1145450785
1628842785412668350,353316.0743775674,4026130.5493819444
1628842785550665542,353317.13738906,4026131.2819704656
1628842785622614640,353317.6773236367,4026131.648616105
1628842785748659864,353318.691410768,4026132.3485262743
1628842785820536757,353319.242383466,4026132.7164290384
1628842785940767866,353320.18329365517,4026133.398624546
1628842786012668240,353320.74357680033,4026133.770287532
1628842786138731569,353321.8147456335,4026134.4385518865
1628842786210666931,353322.3882893598,4026134.8093534578
1628842786348799825,353323.5492333638,4026135.5492458646
1628842786420791357,353324.13807308645,4026135.9258502424
1628842786540755151,353325.1498789575,4026136.564968166
1628842786606862056,353325.7452495584,4026136.937977349
1628842786744594594,353326.85604852793,4026137.650617735
1628842786810775567,353327.4571930368,4026138.0275977063
1628842786942769246,353328.60527447786,4026138.76488175
1628842787014639123,353329.2126903699,4026139.1445728675
1628842787146583926,353330.35780854285,4026139.9033327075
1628842787224523091,353331.05933219456,4026140.3419746784
1628842787344774470,353332.1177300783,4026141.0022699838
1628842787422837650,353332.8505859055,4026141.490835381
1628842787554635036,353334.01008596644,4026142.2140412237
1628842787614640579,353334.5474955362,4026142.5469835903
1628842787746648278,353335.7417181514,4026143.305866685
1628842787812821056,353336.37376681285,4026143.6966999955
1628842787950534778,353337.58567753737,4026144.445861581
1628842788022656849,353338.22597852757,4026144.839246641
1628842788148530111,353339.43053889216,4026145.5995097538
1628842788214782148,353340.0736127924,4026145.9962621946
1628842788346813596,353341.27121234697,4026146.738351735
1628842788418536501,353341.9470455331,4026147.162965788
1628842788544669996,353343.15774971736,4026147.9112205966
1628842788616824558,353343.81115864444,4026148.310977964
1628842788748732908,353345.06218269246,4026149.0776242907
1628842788820615361,353345.72399423074,4026149.4761914928
1628842788952657150,353346.97082460555,4026150.2475162903
1628842789018635122,353347.6428873133,4026150.651336593
1628842789150519060,353348.915990773,4026151.424319889
1628842789216823587,353349.59108154173,4026151.8303559925
1628842789342588275,353350.75131995184,4026152.527031462
1628842789486570077,353352.12878264266,4026153.3624643306
1628842789552517610,353352.81194410403,4026153.7747547147
1628842789678771596,353354.11052393203,4026154.5456338804
1628842789738781071,353354.69884624676,4026154.902643179
1628842789876550471,353355.9732669509,4026155.67780054
1628842789954633189,353356.7816525656,4026156.1573944185
1628842790086807809,353358.05403389677,4026156.9328888967
1628842790152770002,353358.7653867998,4026157.377258498
1628842790284624616,353360.03426197974,4026158.1547790756
1628842790356752182,353360.716396318,4026158.5731452173
1628842790482629591,353362.0088211147,4026159.3753353287
1628842790554509075,353362.6880336519,4026159.7941806926
1628842790680547299,353363.87810604397,4026160.5443530763
1628842790752688493,353364.6510071888,4026161.0226569586
1628842790884639986,353365.90391798795,4026161.8000320937
1628842790950525590,353366.4982962158,4026162.1831408953
1628842791076589434,353367.7465574924,4026162.96170076
1628842791154768861,353368.53258052934,4026163.4562168275
1628842791280972666,353369.77707491687,4026164.234019164
1628842791346559176,353370.3497255454,4026164.5919631813
1628842791478558850,353371.6002196139,4026165.378074588
1628842791550655511,353372.2623115079,4026165.7933608205
1628842791688540384,353373.60255566356,4026166.635239139
1628842791748556420,353374.16854613676,4026166.9873618037
1628842791874829894,353375.39229493577,4026167.749378737
1628842791958509867,353376.15533319325,4026168.247266963
1628842792090644255,353377.37527220225,4026169.0059897564
1628842792144855809,353377.9431139495,4026169.3629327086
1628842792282656739,353379.15131322393,4026170.1150283995
1628842792348646997,353379.7999416513,4026170.5192342214
1628842792486737330,353381.1097430717,4026171.360226578
1628842792546723141,353381.662605766,4026171.7084762384
1628842792678687092,353382.8682396197,4026172.4731233623
1628842792750647157,353383.5060855693,4026172.8785809586
1628842792882502101,353384.68461824115,4026173.6341471826
1628842792954433136,353385.3278718712,4026174.054401341
1628842793080784232,353386.4959047608,4026174.811692319
1628842793158662160,353387.21877134265,4026175.2946193274
1628842793290503598,353388.2858586762,4026175.998245775
1628842793356560792,353388.9064090135,4026176.4096164186
1628842793482748679,353390.0615954647,4026177.176055479
1628842793554513720,353390.67509338516,4026177.5854665344
1628842793692623260,353391.9116854955,4026178.4213422793
1628842793812655656,353392.9536560534,4026179.1267799116
1628842793884790700,353393.5585761998,4026179.5378764784
1628842793950788732,353394.1693282352,4026179.9635840105
1628842794082654070,353395.28201067785,4026180.723291708
1628842794226550776,353396.48077050474,4026181.5724234297
1628842794286525787,353396.9900178568,4026181.929445719
1628842794424733948,353398.18228098983,4026182.778809643
1628842794484739649,353398.683347043,4026183.1356900553
1628842794628621665,353399.84081351897,4026183.9666550737
1628842794688565051,353400.35180005606,4026184.3453215
1628842794826730257,353401.4974028895,4026185.1785683674
1628842794892648184,353402.0697385241,4026185.613663967
1628842795024672667,353403.1166805816,4026186.3929938343
1628842795084668100,353403.5958475127,4026186.754252361
1628842795228501428,353404.7199301523,4026187.6178970397
1628842795294775253,353405.27085025853,4026188.04085236
1628842795426676392,353406.294752826,4026188.8365350757
1628842795486679743,353406.76010988874,4026189.2004802586
1628842795624778104,353407.8371889024,4026190.0493563907
1628842795690501627,353408.2982644051,4026190.445244218
1628842795828751800,353409.34756791557,4026191.2974876836
1628842795882497430,353409.7177867922,4026191.6010607537
1628842796032495427,353410.82445620606,4026192.5250445544
1628842796092534211,353411.2553115651,4026192.884418007
1628842796230748289,353412.26060204464,4026193.7399202543
1628842796284504705,353412.61002885934,4026194.037531794
1628842796416655923,353413.57933231804,4026194.892656846
1628842796488745394,353414.0570094853,4026195.3048143145
1628842796620612179,353414.92719064746,4026196.0624886886
1628842796680724137,353415.3342139786,4026196.4382549054
1628842796830673671,353416.3034725589,4026197.294367105
1628842796890647651,353416.68870790733,4026197.6395683233
1628842797022621721,353417.5068868664,4026198.362988967
1628842797088534015,353417.8786178981,4026198.692846955
1628842797232743886,353418.78774807084,4026199.530441315
1628842797292753153,353419.14372241904,4026199.8471113457
1628842797424631413,353419.89839814336,4026200.561775845
1628842797484610750,353420.24039657833,4026200.867695914
1628842797628604300,353421.0223766275,4026201.565602123
1628842797694732660,353421.39331005164,4026201.934921835
1628842797820652735,353422.0769579371,4026202.5532072564
1628842797886500092,353422.3841914423,4026202.829956779
1628842798024752157,353423.08280684357,4026203.4905652627
1628842798096758924,353423.41998760705,4026203.798546782
1628842798222660003,353424.0405641238,4026204.3758647353
1628842798360574031,353424.6279166934,4026204.9050535387
1628842798426625070,353424.9359225401,4026205.2076272247
1628842798552910976,353425.48220153985,4026205.7063407074
1628842798630628258,353425.7662104644,4026205.9650237183
1628842798756645654,353426.279293692,4026206.447945018
1628842798828606439,353426.54552782874,4026206.68598586
1628842798960537558,353427.01501370163,4026207.1209305776
1628842799026746797,353427.25740288745,4026207.3421055055
1628842799164653382,353427.71376798354,4026207.7789659314
1628842799224643145,353427.9052909479,4026207.9536299817
1628842799350605977,353428.27373074135,4026208.2928329124
1628842799428729824,353428.4952946601,4026208.520505648
1628842799560749455,353428.8541284869,4026208.863739215
1628842799626495327,353429.01323774445,4026209.0165209607
1628842799758650851,353429.35062537546,4026209.3620170327
1628842799830607979,353429.5210077069,4026209.526338393
1628842799962737992,353429.8059777642,4026209.8274250333
1628842800028655458,353429.95970122825,4026209.9811447607
1628842800160694151,353430.2123897578,4026210.253728293
1628842800220656241,353430.33222169674,4026210.37397103
1628842800358830980,353430.6001382721,4026210.639323678
1628842800430724809,353430.7003290652,4026210.781940131
1628842800562736967,353430.91699839954,4026211.0053164074
1628842800628587503,353431.0114816461,4026211.1027829256
1628842800760732014,353431.208650798,4026211.322586574
1628842800832772073,353431.30420700903,4026211.420340126
1628842800952730730,353431.44266875146,4026211.5847169664
1628842801030654142,353431.53642867366,4026211.6827221564
1628842801162661119,353431.65748528426,4026211.832069637
1628842801234598218,353431.7260982854,4026211.9029883635
1628842801354756044,353431.83254927234,4026212.0115669454
1628842801432648095,353431.8688427634,4026212.0878198133
1628842801564715515,353431.96272013336,4026212.189160909
1628842801630582947,353431.9978459879,4026212.2270535617
1628842801756770019,353432.04034628125,4026212.318433653
1628842801834703549,353432.0722210312,4026212.355366578
1628842801954683115,353432.0913835777,4026212.403931998
1628842802038687750,353432.112687012,4026212.4293172588
1628842802158619755,353432.11509685207,4026212.4509059996
1628842802224698787,353432.1292630627,4026212.4675007793
1628842802356762536,353432.1555546124,4026212.4973068624
1628842802434629830,353432.14012587536,4026212.494477899
1628842802554646666,353432.16311032954,4026212.5182096525
1628842802686743613,353432.166447045,4026212.5404693657
1628842802758695529,353432.18548617,4026212.560086912
1628842802896591069,353432.22677747253,4026212.6034447826
1628842802956642047,353432.21276880044,4026212.6142065595
1628842803088700451,353432.26569677965,4026212.672557848
1628842803166574708,353432.2624524704,4026212.6918465765
1628842803292715557,353432.33081352664,4026212.771325999
1628842803364622655,353432.37174452934,4026212.820446388
1628842803490639179,353432.40957467584,4026212.891923933
1628842803568714997,353432.462748864,4026212.959418773
1628842803706490553,353432.50070021785,4026213.043475237
1628842803766632235,353432.545607254,4026213.1021338566
1628842803892724811,353432.61748359597,4026213.241494628
1628842803964608834,353432.6758964235,4026213.3246137216
1628842804102761667,353432.8031938723,4026213.5091456966
1628842804162731849,353432.8220485118,4026213.5864183307
1628842804294734146,353432.9522487685,4026213.791012449
1628842804360775376,353433.0258804726,4026213.913268815
1628842804492627311,353433.1383726185,4026214.1444611805
1628842804564715860,353433.216158126,4026214.290374891
1628842804696728827,353433.35277065536,4026214.5709605417
1628842804762641204,353433.4352211377,4026214.740080445
1628842804900480367,353433.5863518147,4026215.0833292003
1628842804960584908,353433.6605732698,4026215.249475472
1628842805092688737,353433.83630267275,4026215.6631819773
1628842805164650611,353433.9120065851,4026215.882694097
1628842805296655712,353434.074465384,4026216.3129101344
1628842805362578857,353434.14776604215,4026216.5220486987
1628842805488602754,353434.29052122636,4026217.0196609064
1628842805566715734,353434.37528020097,4026217.3288757633
1628842805704614329,353434.50454804406,4026217.9023545044
1628842805758691102,353434.5504015162,4026218.1089894553
1628842805896723609,353434.6591269046,4026218.7417684426
1628842805968727096,353434.71143201506,4026219.0537867285
1628842806100727791,353434.78418493894,4026219.6527462453
1628842806160725764,353434.8319257733,4026219.9691638188
1628842806298687269,353434.86679414444,4026220.6558123673
1628842806370465383,353434.873136933,4026220.956839628
1628842806496697679,353434.884324927,4026221.722952738
1628842806562707688,353434.8719506959,4026222.037838859
1628842806694581928,353434.83449301904,4026222.775046593
1628842806772605512,353434.79377021536,4026223.2091493933
1628842806898781692,353434.6887778125,4026223.966244981
1628842807030720215,353434.5971427412,4026224.690307996
1628842807090681676,353434.5500221794,4026225.027624947
1628842807168642535,353434.45667399355,4026225.520494894
1628842807300697381,353434.31747805874,4026226.263547166
1628842807432700627,353434.141079897,4026227.046215192
1628842807492704482,353434.0642625331,4026227.401383819
1628842807636476096,353433.8783424831,4026228.2345444174
1628842807702637359,353433.735681883,4026228.653670544
1628842807840751533,353433.5176974835,4026229.4170299293
1628842807894700578,353433.4029850026,4026229.812344844
1628842808032634747,353433.1420772468,4026230.641532389
1628842808110706849,353433.0022904889,4026231.0573521466
1628842808236585182,353432.6888067707,4026231.8616185496
1628842808296576898,353432.5515015251,4026232.2166582607
1628842808434726831,353432.19288805244,4026233.0862103184
1628842808506618927,353432.0211299963,4026233.4972684006
1628842808638565218,353431.6419941597,4026234.288370609
1628842808704467117,353431.48679011315,4026234.6334667346
1628842808836678241,353431.1191909107,4026235.4264261583
1628842808896717519,353430.9210830812,4026235.79520502
1628842809035157566,353430.5429947317,4026236.5706415595
1628842809094631361,353430.3812289676,4026236.8994682594
1628842809244516144,353429.94999051513,4026237.6936186203
1628842809304590559,353429.7860950403,4026238.017415399
1628842809436636184,353429.33980656555,4026238.807662309
1628842809496628820,353429.1726220455,4026239.1264487784
1628842809640592321,353428.73499668005,4026239.900222162
1628842809706732828,353428.5401078969,4026240.264445261
1628842809832726830,353428.2069900095,4026240.8785517653
1628842809898445936,353427.99985994725,4026241.2028586385
1628842810042600373,353427.5881355599,4026241.9472554587
1628842810102573333,353427.42527834617,4026242.240410101
1628842810240722273,353426.9965913166,4026242.923760694
1628842810300677348,353426.8314488075,4026243.2099043904
1628842810438666628,353426.41557447705,4026243.8947778037
1628842810504562725,353426.2497890536,4026244.175385774
1628842810642702147,353425.8639528778,4026244.8228932284
1628842810702657198,353425.66594104434,4026245.134175042
1628842810840635166,353425.2811570858,4026245.7789333845
1628842810900647498,353425.08957498614,4026246.064395192
1628842811044581923,353424.69812091725,4026246.7099301536
1628842811104724633,353424.5301581155,4026246.9826861382
1628842811242612097,353424.1110282326,4026247.637447891
1628842811308495836,353423.9376129267,4026247.918017129
1628842811434609156,353423.53506954823,4026248.523173923
1628842811578524204,353423.112148919,4026249.2027955814
1628842811644720983,353422.8747110653,4026249.548497089
1628842811764713839,353422.51012978726,4026250.126484176
1628842811836644563,353422.29796871566,4026250.4654562036
1628842811968586364,353421.86668792536,4026251.1235135533
1628842812046688738,353421.6160013997,4026251.5303070005
1628842812166690180,353421.20203322906,4026252.1546240053
1628842812244623602,353420.9328560585,4026252.583237691
1628842812370554492,353420.52635831997,4026253.232430088
1628842812448765908,353420.22966666054,4026253.6707866485
1628842812568680818,353419.81620115275,4026254.339239253
1628842812640696061,353419.53513060685,4026254.721438209
1628842812778620820,353419.0314174786,4026255.5319672995
1628842812838612976,353418.81121815613,4026255.8864411255
1628842812970589464,353418.3030857096,4026256.6720432984
1628842813042413452,353418.0397325218,4026257.1003525774
1628842813168599637,353417.51579311956,4026257.920287714
1628842813240623712,353417.2440246135,4026258.3652724056
1628842813372627130,353416.73092003807,4026259.206913221
1628842813438700507,353416.41882064065,4026259.683342157
1628842813570700082,353415.8892877268,4026260.55505396
1628842813648590218,353415.60078781017,4026261.032037394
1628842813774612223,353415.0166387141,4026261.949435185
1628842813840720438,353414.72015539097,4026262.43976029
1628842813972705513,353414.12206813385,4026263.377482296
1628842814044673977,353413.8157052845,4026263.8791059414
1628842814170632061,353413.2014275319,4026264.8573472854
1628842814242761795,353412.8866526256,4026265.3722283076
1628842814374579864,353412.2975157851,4026266.3393097837
1628842814446679547,353411.93442574143,4026266.884496032
1628842814572572186,353411.3768585744,4026267.7928994405
1628842814644615489,353410.9782214358,4026268.441242225
1628842814776589854,353410.3664448181,4026269.44642688
1628842814843052544,353410.0347842908,4026269.991394336
1628842814974675562,353409.37830739375,4026271.0367108923
1628842815046695671,353409.04179898155,4026271.5891457186
1628842815178574386,353408.3653374318,4026272.643719286
1628842815244683546,353408.0211997414,4026273.20156281
1628842815370450454,353407.42856116244,4026274.16182215
1628842815454597297,353406.9509774347,4026274.9148722226
1628842815574605181,353406.35563346493,4026275.88115891
1628842815640446304,353406.0568919212,4026276.364213555
1628842815767160491,353405.3697298343,4026277.45186664
1628842815910673009,353404.6318840586,4026278.6120025767
1628842815976656860,353404.2806549503,4026279.1763597326
1628842816048684323,353403.9303961564,4026279.738541353
1628842816168620313,353403.28640341584,4026280.7316067345
1628842816306455380,353402.6377221297,4026281.7686132356
1628842816378448506,353402.28999542433,4026282.325319925
1628842816510590189,353401.55255159794,4026283.4658721867
1628842816576498862,353401.2555445263,4026283.9413826703
1628842816702571182,353400.5652126795,4026284.9841065602
1628842816780693224,353400.1706697077,4026285.6127958554
1628842816912664079,353399.4897707257,4026286.6683074455
1628842816978608242,353399.1435483529,4026287.2183054285
1628842817104661158,353398.5504785775,4026288.1619787174
1628842817182745857,353398.12217340904,4026288.8135097134
1628842817314655736,353397.4782613765,4026289.838320406
1628842817368426759,353397.23011314764,4026290.232666252
1628842817506351834,353396.50364277745,4026291.3489319133
1628842817572596074,353396.15622870973,4026291.9006210524
1628842817704669566,353395.47787421336,4026292.938717692
1628842817776648239,353395.1319582972,4026293.490564639
1628842817902590071,353394.4642819335,4026294.5158463316
1628842817974606045,353394.1182165001,4026295.0660631503
1628842818106571557,353393.4765079184,4026296.08937969
1628842818172671867,353393.10632039246,4026296.6658532834
1628842818310438391,353392.4644384462,4026297.693338528
1628842818382572140,353392.1194337446,4026298.2467113496
1628842818514673154,353391.4028096101,4026299.3622539747
1628842818568550090,353391.15736831224,4026299.756027795
1628842818706643437,353390.43894422136,4026300.869785157
1628842818784607960,353390.04804633785,4026301.5027926345
1628842818910547419,353389.425372123,4026302.4497980857
1628842818976673442,353389.08388848964,4026303.0020280927
1628842819108689765,353388.45245442085,4026304.0282993093
1628842819186548076,353388.0789631723,4026304.5844278866
1628842819306616857,353387.44760894764,4026305.611796481
1628842819372460525,353387.1556052461,4026306.085323147
1628842819510746764,353386.4552889425,4026307.185239861
1628842819582441017,353386.1151465789,4026307.735555208
1628842819708609053,353385.4693386883,4026308.7743990906
1628842819780734773,353385.1300967384,4026309.3238142314
1628842819912563654,353384.48100212065,4026310.392041448
1628842819978669617,353384.1418776391,4026310.9429805377
1628842820116520901,353383.5116631583,4026311.9655083735
1628842820170686763,353383.1875818367,4026312.47124021
1628842820314540085,353382.50841903617,4026313.5731950253
1628842820380537401,353382.2188437207,4026314.0441173012
1628842820512643656,353381.51920542703,4026315.104670276
1628842820650561697,353380.8389808083,4026316.1564719034
1628842820710577994,353380.50314320123,4026316.6978339837
1628842820854559357,353379.8343745327,4026317.7773809335
1628842820920564864,353379.49402094184,4026318.2845021756
1628842821052597333,353378.8260735693,4026319.358465815
1628842821106665892,353378.58936414775,4026319.7397783627
1628842821256560067,353377.84481929196,4026320.9400239727
1628842821316549037,353377.5635887933,4026321.3936847267
1628842821442661328,353376.90618697903,4026322.421739132
1628842821502637406,353376.62616948667,4026322.873136337
1628842821646590009,353375.94704071165,4026323.9751980007
1628842821718539999,353375.62281584344,4026324.497641115
1628842821844976740,353375.02623013087,4026325.45865653
1628842821904675428,353374.7482974116,4026325.932250769
1628842822048663664,353374.11526506534,4026326.961251101
1628842822114536029,353373.8456324707,4026327.4005402126
1628842822252437823,353373.20889308525,4026328.4376905784
1628842822306635259,353372.9442261285,4026328.8710515318
1628842822456596121,353372.2673787843,4026329.979834633
1628842822516584573,353372.0063534255,4026330.4083732157
1628842822654480723,353371.4080465719,4026331.3523891037
1628842822714664991,353371.1469333264,4026331.7739253608
1628842822852699424,353370.54201268195,4026332.7508904245
1628842822918393185,353370.2538800192,4026333.157304586
1628842823050574593,353369.655816582,4026334.121092052
1628842823116534420,353369.40079878306,4026334.5313251815
1628842823254553237,353368.7812464627,4026335.465965614
1628842823320679850,353368.4889965494,4026335.933836136
1628842823452657329,353367.8972576312,4026336.797052017
1628842823512565400,353367.64762447076,4026337.1882425128
1628842823650666980,353367.02119875385,4026338.1062145988
1628842823710652426,353366.7727638376,4026338.485254009
1628842823854677724,353366.1963672311,4026339.35519898
1628842823908523667,353365.9597096009,4026339.6980280727
1628842824052592500,353365.3494691372,4026340.600406451
1628842824124409282,353365.1091355644,4026340.9532313347
1628842824256661102,353364.5278634854,4026341.809159701
1628842824316718159,353364.29172627744,4026342.14847049
1628842824454595171,353363.71690694353,4026342.9727342837
1628842824526533408,353363.44513619295,4026343.352336562
1628842824652654925,353362.9099811528,4026344.064310209
1628842824718537782,353362.67932178755,4026344.377466117
1628842824862515030,353362.14063033886,4026345.0950539103
1628842824976584028,353361.66330204904,4026345.6914087967
1628842825054630684,353361.3542642917,4026346.085100191
1628842825186640402,353360.83488576976,4026346.6978224018
1628842825252469848,353360.60203016666,4026346.9821761884
1628842825384422492,353360.0954642375,4026347.585602562
1628842825456639822,353359.76936369535,4026347.935789685
1628842825588863523,353359.26493605424,4026348.508677352
1628842825660633547,353358.9759455187,4026348.78499368
1628842825786589219,353358.4719640835,4026349.3229309265
1628842825846561550,353358.24007514725,4026349.5634142966
1628842825990548559,353357.67469555605,4026350.0419806163
1628842826056833341,353357.4080002218,4026350.3013027254
1628842826188525950,353356.8393975632,4026350.4758134247
1628842826254415207,353356.57202354004,4026350.7058499255
1628842826386546025,353356.0796131138,4026351.1178427627
1628842826458407329,353355.7022724893,4026351.1343149473
1628842826584447387,353355.1990493564,4026351.5096710613
1628842826650650223,353354.88194445055,4026351.549278727
1628842826782646207,353354.37536828266,4026351.883385749
1628842826854642920,353354.1066325592,4026352.052791179
1628842826980647046,353353.5663764726,4026352.2396856328
1628842827058541666,353353.28986629914,4026352.3987092706
1628842827190577336,353352.6851468843,4026352.4857722837
1628842827256448333,353352.4364719273,4026352.6071388796
1628842827382412914,353351.9194104107,4026352.8428051216
1628842827454805256,353351.59091902757,4026353.132836614
1628842827586785501,353351.0217907001,4026353.38445992
1628842827652958357,353350.6898134331,4026353.609165981
1628842827784577565,353350.10176384205,4026353.8355051163
1628842827856540350,353349.7730655532,4026353.951023937
1628842827982998633,353349.1514414601,4026354.232924514
1628842828054582361,353348.79449825914,4026354.3312363215
1628842828192458291,353348.1179326536,4026354.6161115365
1628842828258550638,353347.73954963626,4026354.7116276547
1628842828390406141,353347.0389941073,4026355.041373468
1628842828456804099,353346.6461701831,4026355.1202882
1628842828588805312,353345.89633634384,4026355.2466885555
1628842828654567787,353345.5296420191,4026355.6451558745
1628842828792517420,353344.7404707954,4026355.7480672486
1628842828858654014,353344.30617569375,4026355.792817365
1628842828978796488,353343.56460853503,4026356.090298336
1628842829050793485,353343.11624575703,4026356.122469121
1628842829188579703,353342.1878046184,4026356.321549751
1628842829260517637,353341.7240761456,4026356.3347696997
1628842829386304304,353340.8998146974,4026356.425320525
1628842829518579107,353339.9433606545,4026356.3919176175
1628842829590554228,353339.459823234,4026356.358063507
1628842829722546128,353338.52841857844,4026356.349597098
1628842829788760058,353338.0364388976,4026356.291151253
1628842829920776413,353337.0716801594,4026356.2989814947
1628842829992578446,353336.5718335217,4026356.2138742222
1628842830124532341,353335.638272959,4026356.027556133
1628842830190782431,353335.13186913804,4026356.0761059946
1628842830316884571,353334.266376109,4026355.890634842
1628842830394768185,353333.66711166035,4026355.836599195
1628842830532969458,353332.6568236256,4026355.5813433346
1628842830586511834,353332.2937775918,4026355.4849637654
1628842830724761870,353331.25926813355,4026355.2176362523
1628842830784768179,353330.81464164937,4026355.0937372353
1628842830922580827,353329.79528211604,4026354.955213398
1628842830982615647,353329.3450073687,4026354.832966471
1628842831114936965,353328.35895051307,4026354.5651395833
1628842831192786696,353327.7711000958,4026354.5039378046
1628842831324568775,353326.76879665954,4026354.2354400475
1628842831384844414,353326.31146037916,4026354.1990221585
1628842831516579131,353325.2944573748,4026353.9238916165
1628842831594756011,353324.66315373045,4026353.7475035787
1628842831726757508,353323.6416299249,4026353.546043525
1628842831786742418,353323.1613045096,4026353.4099011747
1628842831918895475,353322.0610682201,4026353.0204410315
1628842831996443326,353321.49163326557,4026352.851886613
1628842832134434335,353320.3452765899,4026352.501568323
1628842832188751179,353319.80530670646,4026352.272669744
1628842832326530388,353318.7263712883,4026351.9282904947
1628842832386561561,353318.1564139151,4026351.8731036554
1628842832518573264,353317.0890792477,4026351.5073488443
1628842832584500489,353316.59573446965,4026351.33584344
1628842832722733501,353315.4324195547,4026351.0131415827
1628842832788545069,353314.8471460052,4026350.795920352
1628842832920917262,353313.6719978696,4026350.264554933
1628842832992533723,353313.0842920639,4026350.0352594084
1628842833124439819,353311.99705882446,4026349.59914748
1628842833202765516,353311.29170299077,4026349.389315219
1628842833334533713,353310.20474476164,4026348.9352085823
1628842833388526939,353309.79259473743,4026348.844162597
1628842833520945647,353308.62614425365,4026348.3398877666
1628842833592731752,353308.0441830977,4026348.0822052793
1628842833736832935,353306.79858395434,4026347.52462842
1628842833868424516,353305.7253336523,4026347.0276263105
1628842833922784615,353305.148992123,4026346.672878424
1628842833994833755,353304.5734319224,4026346.396731311
1628842834132413112,353303.50990698027,4026345.877546192
1628842834264801873,353302.33475670405,4026345.219960483
1628842834330403986,353301.8485215833,4026344.976343928
1628842834462703893,353300.6613441141,4026344.2572854906
1628842834528773482,353300.17692522344,4026344.010998482
1628842834666577586,353298.98131517065,4026343.2264849236
1628842834726807023,353298.4967339168,4026342.974219254
1628842834858837864,353297.44947128615,4026342.4242416737
1628842834930907370,353296.7913267143,4026341.922532038
1628842835068787736,353295.66571575135,4026341.3178656395
1628842835122388959,353295.2645812428,4026341.102410931
1628842835266824673,353293.94316910906,4026340.192982165
1628842835326786758,353293.45973155135,4026339.9289785475
1628842835458785660,353292.2529106287,4026339.050157167
1628842835524385039,353291.76648040884,4026338.7788342494
1628842835668809019,353290.3753691819,4026337.7632395565
1628842835728785769,353289.88665624184,4026337.4850736135
1628842835866419276,353288.8270029631,4026336.8828618927
1628842835920782944,353288.15232966584,4026336.273750509
1628842836058783490,353286.9960626264,4026335.617708633
1628842836136520298,353286.31439570524,4026335.0677830875
1628842836262496861,353285.2366066857,4026334.463300095
1628842836322499467,353284.7361979829,4026334.1883079475
1628842836460783122,353283.4510043155,4026333.3039176865
1628842836533134698,353282.855948863,4026332.9813181786
1628842836664493070,353281.6524893135,4026332.1803838494
1628842836724520112,353281.14567219565,4026331.9108257713
1628842836868500613,353279.97094449436,4026331.291032131
1628842836922754018,353279.34820671624,4026330.8565196125
1628842837066516787,353278.13930559135,4026330.2370912256
1628842837126515517,353277.61932320497,4026329.9740276844
1628842837264753892,353276.37786215724,4026329.2321791938
1628842837324778782,353275.86190298793,4026328.9796373216
1628842837462767370,353274.5890798333,4026328.227562584
1628842837522750591,353274.0711917128,4026327.980058405
1628842837666506455,353272.82333638973,4026327.3922812142
1628842837738750682,353272.20697608765,4026327.1055506794
1628842837865102201,353271.06003001996,4026326.5837993664
1628842837996778699,353269.8516817605,4026326.0817953995
1628842838068514762,353269.233358391,4026325.8107081894
1628842838194782874,353268.0120241096,4026325.2933450094
1628842838266788427,353267.3835889101,4026325.036055376
1628842838404510769,353266.16797328467,4026324.530222907
1628842838470513541,353265.5313206824,4026324.283265518
1628842838596742276,353264.34251786495,4026323.83621439
1628842838674520422,353263.6473033979,4026323.562279226
1628842838800738326,353262.43794586114,4026323.1358860587
1628842838866402256,353261.8765456922,4026322.942815583
1628842838998765056,353260.52221247845,4026322.479296116
1628842839070727672,353259.862254728,4026322.2635873393
1628842839202719251,353258.5655600678,4026321.826603916
1628842839274755426,353257.89548518555,4026321.6171701867
1628842839400770176,353256.58830814506,4026321.229772968
1628842839472512932,353255.90725724504,4026321.026354178
1628842839598389273,353254.7341502048,4026320.684462428
1628842839670770242,353253.8908236026,4026320.417079962
1628842839802739971,353252.6063602199,4026320.055452458
1628842839868503750,353252.01080078026,4026319.890625542
1628842840000866139,353250.5575691494,4026319.4690965707
1628842840072729952,353249.8535817687,4026319.282653143
1628842840198857738,353248.5725564702,4026318.91863338
1628842840276485860,353247.758408827,4026318.7128001098
1628842840408366336,353246.3596031281,4026318.340750294
1628842840468920500,353245.74122309417,4026318.192530531
1628842840594788999,353244.39863004046,4026317.879038798
1628842840666715005,353243.6026798073,4026317.6692508254
1628842840792863588,353242.25431389513,4026317.364478484
1628842840870499764,353241.52415935055,4026317.200665379
1628842840996780102,353240.086779966,4026316.870102753
1628842841068780070,353239.34249805537,4026316.7064222926
1628842841194810057,353237.9030258268,4026316.4189714165
1628842841266942748,353237.16008503654,4026316.2669109846
1628842841398760981,353235.7038754906,4026315.9435192607
1628842841476719379,353234.8506487019,4026315.773658232
1628842841596718269,353233.56099319406,4026315.5217873333
1628842841668719501,353232.7428095539,4026315.3966214545
1628842841800497243,353231.33804207575,4026315.1384150274
1628842841878363798,353230.58072146995,4026315.0058249612
1628842842010770541,353228.99200269254,4026314.726427216
1628842842070741971,353228.3353501503,4026314.621261497
1628842842202773610,353226.85052405635,4026314.3605818525
1628842842268779886,353226.0802331011,4026314.2450882457
1628842842400743409,353224.5751322687,4026313.993663623
1628842842478735918,353223.80206359643,4026313.8853431875
1628842842604386984,353222.3628939014,4026313.6923882584
1628842842730792142,353220.85804070067,4026313.476315014
1628842842802766420,353220.0820912967,4026313.383500995
1628842842880360648,353219.30684146023,4026313.2950545074
1628842843000781289,353217.7842598284,4026313.099835873
1628842843126626870,353216.46503531263,4026312.9625593657
1628842843204733150,353215.5230545262,4026312.8984679305
1628842843330768631,353214.11295257346,4026312.769490927
1628842843402736264,353213.2793916078,4026312.716624751
1628842843534758325,353211.88095891674,4026312.609057073
1628842843606705934,353211.1321481283,4026312.558203936
1628842843744743267,353209.5596250589,4026312.4639008082
1628842843804726020,353208.9246558061,4026312.429964108
1628842843924729477,353207.6002440144,4026312.3873211355
1628842844002748558,353206.76300805685,4026312.353515208
1628842844140359942,353205.3613957573,4026312.3194741826
1628842844194716959,353204.74150171806,4026312.3008312476
1628842844338777071,353203.305403592,4026312.264918092
1628842844404758915,353202.5529585463,4026312.2481394154
1628842844536747286,353201.24342355505,4026312.227096166
1628842844596783190,353200.6460411076,4026312.2204623953
1628842844728598907,353199.29543892783,4026312.204463975
1628842844812757190,353198.51748753607,4026312.203361437
1628842844938748458,353197.1975902358,4026312.2119440883
1628842844998754033,353196.6264277469,4026312.216447906
1628842845136425702,353195.4064537301,4026312.2327984716
1628842845208753189,353194.6097144617,4026312.2719624685
1628842845340716426,353193.4197302917,4026312.3013093728
1628842845406622721,353192.83438320726,4026312.332283863
1628842845532723548,353191.67168038606,4026312.3687677444
1628842845598752642,353191.0546489204,4026312.389399551
1628842845736850671,353189.89204465575,4026312.460519773
1628842845802721750,353189.2922205367,4026312.483591514
1628842845928740547,353188.14670028037,4026312.5606786828
1628842846006601812,353187.5586048786,4026312.587946399
1628842846138366860,353186.4443424506,4026312.6718132184
1628842846204736943,353185.8665824877,4026312.698493943
1628842846330854240,353184.8046957373,4026312.7486058264
1628842846402728491,353184.2056313305,4026312.803006893
1628842846546660653,353183.0857746304,4026312.861990065
1628842846600879982,353182.61117685866,4026312.886770485
1628842846732743481,353181.541027802,4026312.9742698153
1628842846804717925,353180.996457284,4026313.0064615677
1628842846936675353,353179.9646900874,4026313.045702894
1628842847002706289,353179.4303058493,4026313.072106864
1628842847128377642,353178.5234904012,4026313.1148617314
1628842847206697244,353177.8907079348,4026313.2072952366
1628842847338780038,353176.92461897247,4026313.254030102
1628842847476686650,353175.86336788593,4026313.3416540283
1628842847536668032,353175.42737514706,4026313.361965975
1628842847674701420,353174.4007814467,4026313.41746262
1628842847746767859,353173.9009050392,4026313.4389334177
1628842847872625312,353173.05035445606,4026313.4748455286
1628842847938755990,353172.54263036756,4026313.4960373896
1628842848076772731,353171.57039525814,4026313.5402524634
1628842848142647829,353171.15794636635,4026313.558746598
1628842848268772714,353170.2234364171,4026313.602398869
1628842848340865242,353169.74907656794,4026313.623208644
1628842848478730952,353168.78670043615,4026313.6567283073
1628842848538781094,353168.3881805233,4026313.675993634
1628842848682767496,353167.4379750653,4026313.688463511
1628842848742761526,353167.04803713167,4026313.702715875
1628842848886782230,353166.15091212536,4026313.737434225
1628842848940782870,353165.73818591924,4026313.726956605
1628842849078735263,353164.86533434526,4026313.767794584
1628842849138743276,353164.453218309,4026313.757306686
1628842849282757397,353163.5986768297,4026313.7873211107
1628842849342776660,353163.235953324,4026313.802058531
1628842849480390384,353162.4351152966,4026313.805543275
1628842849540609224,353162.07946459844,4026313.824357095
1628842849684729865,353161.1892178288,4026313.82465732
1628842849744646067,353160.84486074105,4026313.8417996927
1628842849876339261,353160.10777569166,4026313.889538577
1628842849936725197,353159.77700074366,4026313.856371008
1628842850080725586,353158.99505173496,4026313.930016984
1628842850146719298,353158.61537895096,4026313.9278297513
1628842850284761749,353157.81161631184,4026314.004546328
1628842850332761012,353157.51875018695,4026314.032077336
1628842850482764250,353156.6612858025,4026314.0831993106
1628842850548736991,353156.30501713173,4026314.1276741074
1628842850674894723,353155.5735209098,4026314.158549101
1628842850735180105,353155.2229340721,4026314.2060557357
1628842850878977327,353154.39613561996,4026314.317266732
1628842850944771601,353153.9594949585,4026314.363271528
1628842851076755323,353153.15394290385,4026314.479356396
1628842851142699773,353152.8130247432,4026314.514843086
1628842851280682564,353151.9203484035,4026314.6824080944
1628842851406719043,353151.13789932075,4026314.848990168
1628842851478693763,353150.68783381453,4026314.941075742
1628842851616846933,353149.84150108404,4026315.1250218726
1628842851688758569,353149.3039786294,4026315.221946651
1628842851814322295,353148.50356288516,4026315.4214112815
1628842851886341900,353148.03154259396,4026315.5442496114
1628842852018710566,353147.07555928477,4026315.7496925816
1628842852084332724,353146.6633712667,4026315.861003564
1628842852210729114,353145.74409963377,4026316.086210438
1628842852282683740,353145.2525347817,4026316.223555713
1628842852414793494,353144.3641999053,4026316.4924130393
1628842852480726821,353143.8634088333,4026316.6345687374
1628842852684788114,353142.4287579976,4026317.0765967662
1628842852810687144,353141.46942518593,4026317.3580866307
1628842852888689200,353140.9469482939,4026317.5135496166
1628842853008343852,353140.09105149494,4026317.8399026087
1628842853080725482,353139.486001395,4026318.0290683447
1628842853218346935,353138.50489676313,4026318.3710019775
1628842853284677558,353137.96673779876,4026318.5437904294
1628842853416675821,353136.9102910837,4026318.8860246306
1628842853482708121,353136.36150899495,4026319.066729516
1628842853626682019,353135.3344951464,4026319.4079920333
1628842853686660877,353134.6983921804,4026319.577252717
1628842853806725252,353133.7338863487,4026319.900106563
1628842853878728975,353133.1690286996,4026320.0920247827
1628842854016693129,353131.9555762559,4026320.4543922315
1628842854088679295,353131.38298812474,4026320.651141351
1628842854208654094,353130.3238010013,4026320.9504994424
1628842854286667841,353129.6614136074,4026321.178632486
1628842854406673217,353128.64919350366,4026321.49153811
1628842854490647177,353127.9813410246,4026321.7240211596
1628842854616696668,353126.97060513555,4026322.068670933
1628842854676667841,353126.3395635686,4026322.246650863
1628842854820661577,353125.1562461689,4026322.6530493353
1628842855018876595,353123.4140512099,4026323.1963485726
1628842855078752828,353122.9094030865,4026323.3692718763
1628842855210705993,353121.7430625445,4026323.6924812603
1628842855282656661,353121.14121042273,4026323.8974328847
1628842855408743683,353119.9967537648,4026324.322079189
1628842855480763901,353119.40067030105,4026324.5302290856
1628842855618622927,353118.29830851435,4026324.9096364975
1628842855690723030,353117.59104438324,4026325.2393927732
1628842855810732616,353116.57109744207,4026325.615358689
1628842855942820020,353115.43888461404,4026326.05701015
1628842856014712884,353114.83859898185,4026326.2782932534
1628842856218595971,353113.11374285683,4026326.9703347534
1628842856344758656,353112.0056907622,4026327.398835901
1628842856428500761,353111.28658959316,4026327.680178401
1628842856560828851,353110.176372639,4026328.121381409
1628842856620869620,353109.6638600152,4026328.3267572587
1628842856746720871,353108.52593512414,4026328.8022592613
1628842856812923560,353107.92768662376,4026329.0478310743
1628842856956675384,353106.7158837046,4026329.5627330705
1628842857016687458,353106.2043867277,4026329.779856558
1628842857208688198,353104.5639070296,4026330.5111955423
1628842857352594520,353103.37558554613,4026331.0466809925
1628842857418692193,353102.75645795197,4026331.3445790843
1628842857550550297,353101.65520197945,4026331.8593319873
1628842857628460686,353101.06343022897,4026332.1399510894
1628842857748683013,353099.9336053219,4026332.6917642313
1628842857820699744,353099.3437933791,4026332.9822227657
1628842857952829525,353098.2264190787,4026333.5501979017
1628842858018689472,353097.6374831224,4026333.850468464
1628842858150684700,353096.5167841889,4026334.4311345993
1628842858216822842,353096.012392188,4026334.6969516054
1628842858348823101,353094.8363913478,4026335.327735101
1628842858420688018,353094.22271096054,4026335.667442528
1628842858546537364,353093.2138245002,4026336.2254155218
1628842858612642167,353092.62548809807,4026336.555629575
1628842858750702300,353091.42083455296,4026337.2315622563
1628842858822819374,353090.8332677731,4026337.5720631755
1628842858948686935,353089.7176067607,4026338.2225765428
1628842859020657502,353089.1298725074,4026338.5734412433
1628842859146659962,353088.0996511858,4026339.2229792713
1628842859224528766,353087.51336342643,4026339.5835547666
1628842859356519952,353086.34468168416,4026340.3125134786
1628842859416658678,353085.82215192285,4026340.6532701114
1628842859548808308,353084.741326548,4026341.344697843
1628842859621083358,353084.07747385814,4026341.774689352
1628842859752689267,353082.99141751183,4026342.495060664
1628842859812685147,353082.4975187294,4026342.823994672
1628842859944655656,353081.3947705978,4026343.540819217
1628842860016683531,353080.817932904,4026343.9232536172
1628842860154697245,353079.64912482526,4026344.746836124
1628842860220586361,353079.1586528368,4026345.0798779237
1628842860346685696,353078.0886152029,4026345.8067837716
1628842860424662254,353077.40452939575,4026346.2817207803
1628842860556503190,353076.4196028623,4026346.961727329
1628842860688663635,353075.2491553681,4026347.7830646895
1628842860748633762,353074.7618570698,4026348.1273292997
1628842860958646966,353073.04086469556,4026349.3617690057
1628842861084693499,353071.99273821356,4026350.122346823
1628842861150394809,353071.47986600257,4026350.4917647624
1628842861288645704,353070.3629943976,4026351.316817826
1628842861366534091,353069.8089788045,4026351.7322068093
1628842861486646642,353068.7762462222,4026352.541673067
1628842861558528459,353068.3084082096,4026352.9046817585
1628842861696425226,353067.24181233626,4026353.7804579535
1628842861756631438,353066.7066639296,4026354.210221581
1628842861882615702,353065.79453990026,4026354.9501832593
1628842861948724686,353065.23640578234,4026355.402065493
1628842862092656129,353064.18428515585,4026356.269402585
1628842862152699444,353063.72283016355,4026356.650675072
1628842862296698579,353062.6939116056,4026357.5144755673
1628842862350598835,353062.25740478723,4026357.8840639764
1628842862488804028,353061.20168842515,4026358.7989177494
1628842862554679942,353060.77228092105,4026359.1714376393
1628842862692569356,353059.7561894229,4026360.0627770126
1628842862752600086,353059.33743105025,4026360.4370085006
1628842862950802119,353057.93741459394,4026361.715935583
1628842863094698113,353056.9856123277,4026362.5897511994
1628842863154683036,353056.5776371937,4026362.991815388
1628842863292774613,353055.64490117325,4026363.853955179
1628842863352849904,353055.2504637416,4026364.2217929317
1628842863490631526,353054.39628933766,4026365.0361676146
1628842863556678281,353053.9432784681,4026365.4652105514
1628842863694548141,353053.06067528,4026366.353005245
1628842863760561762,353052.68317865103,4026366.7215018854
1628842863892669894,353051.8523804771,4026367.5327032823
1628842863958671575,353051.422851381,4026367.9612108073
1628842864096646711,353050.57026197785,4026368.815918934
1628842864156562273,353050.19504516,4026369.20299294
1628842864288540211,353049.41918484855,4026369.992983761
1628842864354799028,353049.00903178647,4026370.4199878755
1628842864498671879,353048.1756841268,4026371.2652603467
1628842864618528620,353047.48127050954,4026371.997885005
1628842864696784059,353047.0163833159,4026372.496084927
1628842864828779636,353046.2843969591,4026373.2775956914
1628842864894330440,353045.9311780704,4026373.6668298114
1628842865020668883,353045.210142827,4026374.444462287
1628842865098549427,353044.7659882375,4026374.921055014
1628842865230623109,353044.0523489781,4026375.6995387333
1628842865290644289,353043.72514834406,4026376.0511151217
1628842865422652962,353043.0205939628,4026376.810600062
1628842865494528368,353042.64907960035,4026377.212611182
1628842865620534094,353041.9645020288,4026377.9527142453
1628842865698761479,353041.54030245414,4026378.4329207833
1628842865824540945,353040.9187692702,4026379.1120480755
1628842865896441687,353040.5544805428,4026379.5192621187
1628842866022534104,353039.8893804504,4026380.2350479625
1628842866094557851,353039.53946977854,4026380.6191297774
1628842866221045141,353038.8682875767,4026381.335263006
1628842866292762348,353038.5173338587,4026381.7106954777
1628842866424637040,353037.8760465429,4026382.41194783
1628842866502531874,353037.483759686,4026382.833842963
1628842866622519642,353036.9031727448,4026383.4616469205
1628842866694757958,353036.56294169335,4026383.829405475
1628842866832557047,353035.897524233,4026384.5487065986
1628842866892900252,353035.59357486665,4026384.8366558985
1628842867024525753,353034.98046353465,4026385.486664087
1628842867096510148,353034.6525430784,4026385.8328666594
1628842867234760811,353033.9847776276,4026386.5205454617
1628842867294767320,353033.7061049333,4026386.8076388612
1628842867426510426,353033.10674218705,4026387.423706995
1628842867498475726,353032.7880841951,4026387.7490156367
1628842867630387950,353032.20262905816,4026388.3450265797
1628842867696721477,353031.88338055223,4026388.6600302258
1628842867816695311,353031.34821761097,4026389.189239041
1628842867900639450,353030.9919135215,4026389.541111238
1628842868026482850,353030.41918559227,4026390.09784354
1628842868104496811,353030.112933205,4026390.394377123
1628842868230587515,353029.55794874346,4026390.9446744337
1628842868308503941,353029.2135230297,4026391.2733500027
1628842868428687846,353028.72406895936,4026391.7698162063
1628842868500506670,353028.4373068462,4026392.0459537515
1628842868626593009,353027.9519520182,4026392.5117410272
1628842868698715930,353027.6252482055,4026392.840131326
1628842868830527708,353027.0846847575,4026393.3529523755
1628842868908604296,353026.80423032807,4026393.6229099296
1628842869028532705,353026.302384012,4026394.10483108
1628842869100746069,353025.97878256557,4026394.4183218717
1628842869232604242,353025.44848373916,4026394.906585128
1628842869298667145,353025.17155762203,4026395.16505394
1628842869430500388,353024.6781239603,4026395.6302918005
1628842869551041558,353024.2014002208,4026396.081803119
1628842869634612085,353023.8795976518,4026396.39271524
1628842869760537227,353023.3623337225,4026396.87254822
1628842869832485980,353023.0797721587,4026397.1356598637
1628842869952497977,353022.5948787129,4026397.5954428776
1628842870030712727,353022.2747017638,4026397.89705005
1628842870162566309,353021.7431694352,4026398.363056416
1628842870222792610,353021.5027079773,4026398.5892750253
1628842870354483516,353020.9807966073,4026399.075992484
1628842870426465166,353020.7149848222,4026399.3201889177
1628842870564649760,353020.1588252459,4026399.835548579
1628842870630348582,353019.923349938,4026400.056952384
1628842870762624136,353019.37897131266,4026400.5745231756
1628842870834450981,353019.1109618498,4026400.831955932
1628842870966733664,353018.6094965772,4026401.316388835
1628842871032432030,353018.38173128525,4026401.535464614
1628842871158558703,353017.8981939412,4026401.9922951963
1628842871236467690,353017.603105824,4026402.288822996
1628842871368449009,353017.1293962813,4026402.7796822162
1628842871428436643,353016.9099421593,4026402.9793602596
1628842871560564040,353016.44419287366,4026403.4728616187
1628842871632528634,353016.19733368,4026403.7409679163
1628842871758445409,353015.72624532366,4026404.2338732346
1628842871830450525,353015.4917049764,4026404.5118414895
1628842871956694287,353015.04806068836,4026405.018441608
1628842872028698548,353014.8291051516,4026405.305972275
1628842872160568385,353014.4296672743,4026405.8360995213
1628842872226532529,353014.23128807894,4026406.135671424
1628842872358669126,353013.88519352785,4026406.701408471
1628842872430682376,353013.70996202965,4026407.0002215058
1628842872568514193,353013.38856026053,4026407.627384214
1628842872628810137,353013.2605257839,4026407.8986782082
1628842872760454757,353013.0154877416,4026408.4829191174
1628842872832462785,353012.8954314136,4026408.8069347763
1628842872970481964,353012.6687748381,4026409.44192032
1628842873030477450,353012.58855721785,4026409.722458824
1628842873162411175,353012.43020222476,4026410.329033244
1628842873234438904,353012.3636539673,4026410.65845842
1628842873366306749,353012.2705933703,4026411.2710663965
1628842873432671422,353012.22109525185,4026411.5714087044
1628842873564540195,353012.1890289516,4026412.1749252626
1628842873636453172,353012.1858783462,4026412.4967288896
1628842873762674716,353012.1872030725,4026413.0612112037
1628842873834646961,353012.2130643551,4026413.3737792997
1628842873966533892,353012.2739903546,4026413.913278742
1628842874032484121,353012.332050401,4026414.214573586
1628842874164434908,353012.4408258953,4026414.726344535
1628842874302663974,353012.6087897316,4026415.3040371756
1628842874368352753,353012.6912241952,4026415.5472549745
1628842874512535748,353012.9229342138,4026416.097849739
1628842874578432285,353013.04777593724,4026416.367493823
1628842874704653081,353013.2681273747,4026416.874884831
1628842874764636468,353013.39138476504,4026417.0961086345
1628842874908519811,353013.7550104732,4026417.5900522335
1628842874968534437,353013.89868952206,4026417.7984630577
1628842875106784167,353014.2547719076,4026418.272514898
1628842875166626471,353014.4432441679,4026418.513644009
1628842875310532754,353014.8427979322,4026418.966892924
1628842875370463040,353015.022736099,4026419.1537839225
1628842875508390943,353015.47798533883,4026419.5773554747
1628842875568440487,353015.6724775403,4026419.7502665482
1628842875706512736,353016.12105724344,4026420.1277624317
1628842875772491626,353016.3596153357,4026420.323348497
1628842875898721315,353016.81047355477,4026420.687087971
1628842875958437996,353017.065366964,4026420.8121294985
1628842876102481322,353017.5737106992,4026421.1978585813
1628842876168612864,353017.8752674844,4026421.3745688326
1628842876300590576,353018.3607140782,4026421.7242174824
1628842876366277929,353018.5822094819,4026421.882037227
1628842876504401662,353019.14529905666,4026422.27925852
1628842876564441996,353019.37195935985,4026422.443033213
1628842876702626894,353019.9694857835,4026422.8375799283
1628842876762610120,353020.2107789458,4026423.010124463
1628842876906373399,353020.7473540873,4026423.38728759
1628842876972374931,353021.10518370714,4026423.6614636113
1628842877104405553,353021.64461429534,4026424.0525860684
1628842877170410644,353021.9484720979,4026424.242959956
1628842877302443960,353022.5292206398,4026424.653981179
1628842877374396332,353022.8281460094,4026424.861666115
1628842877506379714,353023.4204995077,4026425.258238687
1628842877566382243,353023.68845825666,4026425.447176874
1628842877710246243,353024.37529625476,4026425.8989711297
1628842877770392472,353024.65789589507,4026426.0946801146
1628842877908397451,353025.3506810962,4026426.5617851005
1628842878040396176,353025.97633165604,4026426.9952079793
1628842878106631790,353026.31958814757,4026427.233345617
1628842878238468597,353027.0062160818,4026427.6751337633
1628842878310459307,353027.3662261639,4026427.919670684
1628842878436392155,353028.0753239159,4026428.382592888
1628842878508377506,353028.44333695644,4026428.63544756
1628842878634338065,353029.0814223064,4026429.0741224317
1628842878706406780,353029.5627973184,4026429.3791015
1628842878838398715,353030.27957734186,4026429.8669792786
1628842878910389648,353030.7135300216,4026430.12951892
1628842879036550187,353031.4490987335,4026430.630322865
1628842879240394074,353032.6191862476,4026431.407939372
1628842879312400086,353033.0212264616,4026431.6822204744
1628842879438609017,353033.81535274873,4026432.211114938
1628842879510576113,353034.22169809666,4026432.490480594
1628842879642451134,353035.0128198497,4026432.9906782657
1628842879708427028,353035.4211473627,4026433.2690643016
1628842879840378452,353036.1777085942,4026433.7863584426
1628842879912590554,353036.62776485377,4026434.067485287
1628842880050258267,353037.38854840863,4026434.5843111794
1628842880104451647,353037.7400704692,4026434.821881801
1628842880230424001,353038.53861169866,4026435.3549437765
1628842880302367147,353038.9472467562,4026435.636407058
1628842880440556373,353039.77486015984,4026436.221039578
1628842880512545064,353040.18188546697,4026436.5047580237
1628842880638295158,353040.88455078163,4026437.0259574177
1628842880704410491,353041.2872253072,4026437.309780223
1628842880842565053,353042.08983525296,4026437.8657229515
1628842880914606151,353042.5160124258,4026438.1388016287
1628842881034557145,353043.2053444629,4026438.6241857065
1628842881106443936,353043.61123175244,4026438.9076184267
1628842881244366741,353044.4597919793,4026439.441053291
1628842881304571897,353044.80934347195,4026439.6782913893
1628842881436559952,353045.59973923117,4026440.171971454
1628842881514259193,353045.9969590396,4026440.4461517697
1628842881658389152,353046.8881444185,4026441.0091071664
1628842881706385657,353047.17884031415,4026441.2051983327
1628842881844434775,353047.94848661614,4026441.7318541356
1628842881904572799,353048.40316564124,4026441.9758849535
1628842882036401462,353049.1720973142,4026442.5083208596
1628842882114590651,353049.57451985974,4026442.7851902195
1628842882240382679,353050.3845951963,4026443.272830094
1628842882306522174,353050.79235022806,4026443.546984533
1628842882438547397,353051.5801660614,4026444.03545979
1628842882510408496,353052.0133679638,4026444.326913613
1628842882642267758,353052.80975869956,4026444.857663419
1628842882768497196,353053.5973410373,4026445.3899664995
1628842882852433410,353054.08103156585,4026445.718223252
1628842882912406140,353054.5001219937,4026445.954282395
1628842883050385545,353055.36263430666,4026446.5380803156
1628842883170361248,353056.13855429215,4026447.015679712
1628842883242382213,353056.57102401997,4026447.307390309
1628842883386356496,353057.42894002295,4026447.8878483684
1628842883440404352,353057.8345593974,4026448.101552878
1628842883578274261,353058.62827672367,4026448.6317076506
1628842883644366739,353059.0554215264,4026448.918045967
1628842883770527100,353059.8471017424,4026449.4846432316
1628842883848279504,353060.27258254576,4026449.771162412
1628842883974383247,353061.07983047224,4026450.318666241
1628842884046356860,353061.50160731276,4026450.6063164184
1628842884172532880,353062.31451066677,4026451.122016361
1628842884244509683,353062.7373653734,4026451.4043992395
1628842884376462656,353063.5161136737,4026451.9291624688
1628842884454359649,353064.0126993473,4026452.2593678343
1628842884586376409,353064.7792716569,4026452.784154546
1628842884634353775,353065.0740794075,4026452.9825264267
1628842884772393077,353065.8658287084,4026453.527150158
1628842884838383819,353066.27510959574,4026453.8166604233
1628842884976355885,353067.1376954516,4026454.36170048
1628842885042276595,353067.49317535956,4026454.5949936514
1628842885174501924,353068.332628679,4026455.1539455187
1628842885246487135,353068.73675302416,4026455.429566143
1628842885378237021,353069.4948244898,4026455.938078775
1628842885438349153,353069.8533733346,4026456.204340352
1628842885570373902,353070.6214224954,4026456.713233205
1628842885648479283,353071.08980482083,4026457.0575281824
1628842885780356272,353071.84838293813,4026457.5729904952
1628842885840388228,353072.1984478149,4026457.8095495314
1628842885978343849,353073.0293869651,4026458.3554929933
1628842886056498788,353073.4890907641,4026458.6743612653
1628842886182395933,353074.20653818356,4026459.1330560423
1628842886236563666,353074.5549754337,4026459.373518541
1628842886374361236,353075.31062526116,4026459.904381291
1628842886440344156,353075.72844537214,4026460.183706793
1628842886578487988,353076.540734985,4026460.7632007864
1628842886638756163,353076.90635812585,4026460.9904628913
1628842886770449681,353077.6578255183,4026461.52664583
1628842886842366162,353078.06149243156,4026461.820768458
1628842886980471281,353078.8908466658,4026462.3920691703
1628842887040462409,353079.2416428196,4026462.6443327875
1628842887172465036,353080.0161219321,4026463.165355065
1628842887250415948,353080.4819016418,4026463.504231949
1628842887382491160,353081.2395808431,4026464.055385687
1628842887520277213,353082.0228036483,4026464.561611289
1628842887574470694,353082.3748000304,4026464.8135800115
1628842887712416200,353083.21433730354,4026465.3497044323
1628842887784365678,353083.61514008406,4026465.6418616865
1628842887922368413,353084.38926744496,4026466.165118103
1628842887976368947,353084.7315427027,4026466.4116059374
1628842888120271834,353085.5255536926,4026466.99122754
1628842888180366304,353085.8732335206,4026467.2275528763
1628842888318364217,353086.6503679334,4026467.800838347
1628842888384341487,353086.97912047734,4026468.044412208
1628842888522278738,353087.7317485333,4026468.64057445
1628842888576467698,353088.0540688457,4026468.8823042638
1628842888714386222,353088.81003642525,4026469.469803928
1628842888774384302,353089.12764989666,4026469.710209762
1628842888918492681,353089.8867419515,4026470.2399166976
1628842888990338408,353090.2499497406,4026470.516903403
1628842889122365577,353090.92335909,4026471.0313699
1628842889182368276,353091.2329806751,4026471.278289548
1628842889320356354,353091.9552720686,4026471.836513955
1628842889386270754,353092.2644169327,4026472.07736866
1628842889524497725,353092.97675117035,4026472.6719867
1628842889578385682,353093.283500458,4026472.9141943245
1628842889722345305,353093.97503601765,4026473.517282835
1628842889782365037,353094.27270727255,4026473.755036208
1628842889926251295,353094.9664822966,4026474.3327264586
1628842889986351078,353095.2676530491,4026474.5784467338
1628842890124362336,353095.9765111273,4026475.1683021123
1628842890184339032,353096.2663163535,4026475.4028929817
1628842890322466258,353096.9950385038,4026475.99216751
1628842890388323779,353097.30132155487,4026476.23703823
1628842890514363826,353097.9412722038,4026476.8237284985
1628842890592357324,353098.33550294494,4026477.158051458
1628842890724333596,353098.9883682467,4026477.6888582194
1628842890784356951,353099.2998194969,4026477.943376585
1628842890922458040,353100.0046590067,4026478.531133632
1628842890982401612,353100.3177325886,4026478.792246909
1628842891120266272,353100.98880733404,4026479.352683131
1628842891252461701,353101.7214469556,4026479.9503145493
1628842891324459680,353102.08792000613,4026480.25434624
1628842891450347772,353102.70184454427,4026480.7720498894
1628842891522401909,353103.12521868135,4026481.1234877817
1628842891654402435,353103.8077063166,4026481.689773258
1628842891720341781,353104.1243196485,4026481.9544887953
1628842891852323115,353104.8120342776,4026482.5298410943
1628842891918354749,353105.18676401966,4026482.828148155
1628842892056335281,353105.9319206322,4026483.4508670224
1628842892116363194,353106.2514071624,4026483.7190129617
1628842892248355244,353106.9389677078,4026484.3005936765
1628842892320323420,353107.31118823326,4026484.6174066826
1628842892446395122,353108.0079029609,4026485.196696032
1628842892518349569,353108.38057263906,4026485.51615652
1628842892650340164,353109.08260611724,4026486.1036261255
1628842892728448184,353109.5088541409,4026486.4693589923
1628842892854224111,353110.1454579083,4026487.0202788394
1628842892926428965,353110.5630681239,4026487.3971751467
1628842893052351318,353111.1964227962,4026487.9504084685
1628842893118581331,353111.56604235934,4026488.2731251707
1628842893262330348,353112.300604296,4026488.9302347014
1628842893322332399,353112.6159014309,4026489.2064475655
1628842893454224049,353113.3108725909,4026489.8147893753
1628842893520361725,353113.67921066075,4026490.137527886
1628842893652339746,353114.36224973283,4026490.7220239593
1628842893730243286,353114.7327107311,4026491.041735769
1628842893856333418,353115.4207695365,4026491.6325250613
1628842893922338948,353115.7949947589,4026491.9330689055
1628842894060354223,353116.4826202203,4026492.520356068
1628842894126240454,353116.8548652428,4026492.8346055336
1628842894252452707,353117.5531482198,4026493.3975724606
1628842894330234639,353117.9278734765,4026493.708270369
1628842894456324898,353118.6250701717,4026494.2692721295
1628842894522586572,353118.9997765902,4026494.5748128775
1628842894654467907,353119.69317572797,4026495.1494290326
1628842894732390185,353120.1259019637,4026495.4891733993
1628842894858255934,353120.7772261308,4026495.9922365383
1628842894924348374,353121.1545091403,4026496.252658785
1628842895056452984,353121.86524257035,4026496.78053304
1628842895122230000,353122.1950119175,4026497.020306691
1628842895254420948,353122.96803822403,4026497.5252742646
1628842895326360546,353123.3585483687,4026497.7891955636
1628842895458355152,353124.0878742756,4026498.2585877385
1628842895524455705,353124.4865994765,4026498.5075686546
1628842895656450962,353125.23186780524,4026499.0074221813
1628842895728333305,353125.6393667731,4026499.241117553
1628842895854558080,353126.40857621667,4026499.650110345
1628842895986458686,353127.1711892024,4026500.078624391
1628842896064233822,353127.59657156,4026500.273655731
1628842896130226981,353128.02546203055,4026500.4605098697
1628842896256391373,353128.81653755455,4026500.8182589076
1628842896388337107,353129.57087556354,4026501.079065079
1628842896460450986,353130.06084437936,4026501.2739783186
1628842896592345537,353130.89487358,4026501.4994978984
1628842896652276712,353131.26248528843,4026501.6376772765
1628842896790335754,353132.17026905285,4026501.8251422285
1628842896856532980,353132.6263561628,4026501.9007556853
1628842896988422614,353133.45473158965,4026502.069089278
1628842897054314194,353133.846703901,4026502.1159430775
1628842897186319462,353134.6964543866,4026502.234658615
1628842897258270073,353135.15711809264,4026502.2742140493
1628842897390445620,353136.0607141353,4026502.322649889
1628842897450458592,353136.45773828437,4026502.3470790912
1628842897588302395,353137.3208658114,4026502.397116538
1628842897660387581,353137.8243209009,4026502.3749720813
1628842897798218958,353138.6882863309,4026502.4123305427
1628842897858556337,353139.08794008114,4026502.4289637506
1628842897984435999,353139.9695707875,4026502.3895756304
1628842898062356642,353140.5065135237,4026502.4031800055
1628842898194345156,353141.3912071658,4026502.3527536793
1628842898254337692,353141.7973285793,4026502.3620751696
1628842898386266357,353142.6786366191,4026502.307250749
1628842898452545675,353143.15616181295,4026502.3135615084
1628842898596332643,353144.10293006443,4026502.3218678692
1628842898656335758,353144.50593183987,4026502.2065463113
1628842898782757737,353145.4084031107,4026502.203030241
1628842898854485886,353145.90165926504,4026502.203917007
1628842898998207276,353146.86634546565,4026502.145879293
1628842899058345565,353147.2851180888,4026502.1409178753
1628842899190214758,353148.1981880005,4026502.0425254893
1628842899268445423,353148.75305799907,4026502.035349036
1628842899400327566,353149.6271651784,4026501.9805863337
1628842899460347157,353150.05865366093,4026501.9723577495
1628842899592249284,353150.99567075603,4026501.9544932046
1628842899658355553,353151.50349211745,4026501.9342897227
1628842899790439020,353152.435386983,4026501.9166952516
1628842899862323279,353152.9394382879,4026501.9063214716
1628842899988368374,353153.8749452422,4026501.8812806127
1628842900060334770,353154.3869854864,4026501.8705273774
1628842900192225742,353155.3262219166,4026501.826960152
1628842900258457957,353155.8412832208,4026501.817101857
1628842900390450530,353156.80257687566,4026501.7803631914
1628842900462318563,353157.3219475542,4026501.767288612
1628842900594215953,353158.2925732605,4026501.7436977485
1628842900732466021,353159.328145408,4026501.723217794
1628842900792451788,353159.7819656853,4026501.7128106765
1628842900930376659,353160.8304000477,4026501.672489929
1628842901002310444,353161.3647015102,4026501.6580944303
1628842901128243736,353162.28386889887,4026501.6313782427
1628842901194437564,353162.81809720735,4026501.609964962
1628842901332584017,353163.8995545682,4026501.5806817403
1628842901392389709,353164.36271388165,4026501.575731886
1628842901536216577,353165.4536426625,4026501.545311778
1628842901584330840,353165.8450274563,4026501.534101457
1628842901734432804,353167.0290625129,4026501.5081767715
1628842901794357781,353167.5020986494,4026501.4953997205
1628842901938202183,353168.6264369802,4026501.4565097108
1628842901986327802,353169.0243352154,4026501.445189157
1628842902130215028,353170.14215673646,4026501.4125133553
1628842902202313718,353170.7116834385,4026501.4112545466
1628842902328315671,353171.7578674455,4026501.3822038365
1628842902394367136,353172.3218792429,4026501.362544758
1628842902538506977,353173.4546274075,4026501.330104725
1628842902598439294,353173.94050169585,4026501.314974223
1628842902730323865,353175.01354717463,4026501.2791210045
1628842902790275612,353175.504050646,4026501.266139951
1628842902940190306,353176.73352933314,4026501.2341669393
1628842903000210345,353177.22915917635,4026501.219359598
1628842903132193561,353178.30747268954,4026501.188239343
1628842903192416477,353178.81178954116,4026501.1710265665
1628842903330330283,353179.9819228516,4026501.1351157324
1628842903402191528,353180.56927346933,4026501.115977254
1628842903528399617,353181.66446098645,4026501.0793529334
1628842903588423377,353182.17240363173,4026501.061804254
1628842903732325180,353183.3614358312,4026501.0246275873
1628842903804255608,353183.9606447326,4026501.00293853
1628842903936323755,353185.0642038445,4026500.965104663
1628842903990454999,353185.58248920157,4026500.945610897
1628842904134186677,353186.7987748332,4026500.901350535
1628842904194321615,353187.3269638845,4026500.8828182253
1628842904332302736,353188.55521739775,4026500.842475238
1628842904392303646,353189.08427824173,4026500.826766427
1628842904536236705,353190.3275974777,4026500.7912649037
1628842904662339868,353191.4897198714,4026500.760740437
1628842904734335181,353192.11483126075,4026500.746791851
1628842904860659704,353193.2786429253,4026500.724112612
1628842904932443818,353193.9027105787,4026500.710700644
1628842905004408966,353194.5306322942,4026500.70051935
1628842905130571821,353195.6998921669,4026500.685102931
1628842905268208648,353196.87891223753,4026500.670284252
1628842905334400446,353197.5113095442,4026500.6639946685
1628842905466416968,353198.68935951596,4026500.656761102
1628842905538290789,353199.3233031543,4026500.650781147
1628842905670238540,353200.5076206391,4026500.6514373207
1628842905736315085,353201.1428458445,4026500.648151876
1628842905856512947,353202.23295258364,4026500.643965181
1628842905928436747,353202.87058482,4026500.6386554204
1628842906066358259,353204.14448544045,4026500.634895151
1628842906138320289,353204.7824723588,4026500.6343097924
1628842906270302172,353205.9631034511,4026500.646137669
1628842906336436396,353206.6028295677,4026500.6464385157
1628842906468353713,353207.78255526256,4026500.6534601566
1628842906540297241,353208.4219561238,4026500.6543770046
1628842906660312152,353209.52319321816,4026500.661416341
1628842906732280674,353210.16407654306,4026500.6633763267
1628842906864311228,353211.35586474976,4026500.6672949
1628842906942313437,353212.072906374,4026500.674892361
1628842907062313252,353213.169686965,4026500.6809700513
1628842907140179232,353213.8088346606,4026500.685858907
1628842907272413686,353215.0790906523,4026500.7011440992
1628842907344294431,353215.7135150329,4026500.707333828
1628842907464310477,353216.7932994453,4026500.7315223394
1628842907542318064,353217.51423385646,4026500.744639072
1628842907674200126,353218.6735990776,4026500.7801445834
1628842907740415443,353219.30033897294,4026500.7974817026
1628842907866322531,353220.37157898396,4026500.830696103
1628842907932357953,353220.99167949613,4026500.8506177627
1628842908076260854,353222.23314085667,4026500.8955058316
1628842908136234971,353222.762796524,4026500.91491506
1628842908262558815,353223.9011917504,4026500.9645400587
1628842908334453533,353224.5124676637,4026500.9877547985
1628842908466297464,353225.6354023336,4026501.0371536347
1628842908538193064,353226.2407772819,4026501.0597055084
1628842908664431738,353227.35083030205,4026501.114297188
1628842908736415008,353227.9492165891,4026501.1377305114
1628842908868279959,353229.0543728889,4026501.1824870496
1628842908946290746,353229.721535548,4026501.213544618
1628842909066300012,353230.7303109057,4026501.2550511295
1628842909138191584,353231.31603016227,4026501.28013359
1628842909276330993,353232.4657385835,4026501.348183968
1628842909336349599,353232.96141219,4026501.372899707
1628842909474182553,353234.02077688667,4026501.436499107
1628842909600156672,353235.08766874624,4026501.4994828505
1628842909666428092,353235.62992745975,4026501.542300212
1628842909804653414,353236.77088715986,4026501.619929369
1628842909870285824,353237.2604892922,4026501.654635979
1628842910002172500,353238.3007579856,4026501.746605269
1628842910074283668,353238.87398911896,4026501.79381159
1628842910200425154,353239.9160863282,4026501.8955463334
1628842910272306733,353240.48797579954,4026501.949123202
1628842910398350993,353241.5261990335,4026502.0698753456
1628842910470304334,353242.097847915,4026502.134473341
1628842910602384464,353243.16342650366,4026502.2640702897
1628842910668548875,353243.71628646145,4026502.343635203
1628842910800342145,353244.7793295941,4026502.485696061
1628842910872302551,353245.3515796086,4026502.565970267
1628842911010400914,353246.4843200464,4026502.753817828
1628842911064175934,353246.892830416,4026502.8195312954
1628842911196286208,353247.9390710118,4026503.0118653784
1628842911268436618,353248.5093854992,4026503.1157018445
1628842911406167746,353249.64194305986,4026503.3423105893
1628842911466210908,353250.1302238798,4026503.4422569675
1628842911604448779,353251.2703685248,4026503.688909727
1628842911676296738,353251.8322645819,4026503.833538776
1628842911808292381,353252.89006637316,4026504.0913825906
1628842911862660011,353253.3783188789,4026504.2166899676
1628842912006417703,353254.505834549,4026504.5312151285
1628842912066412269,353254.9924657977,4026504.6689097863
1628842912204338565,353256.1133937108,4026505.0251120473
1628842912276295887,353256.6791758439,4026505.2019024473
1628842912396314033,353257.6298895116,4026505.536939595
1628842912474402181,353258.2720953489,4026505.757571698
1628842912612159170,353259.31589050184,4026506.134398482
1628842912672153592,353259.78937811777,4026506.3321004845
1628842912798302889,353260.8285810272,4026506.7404996455
1628842912870169465,353261.3861034112,4026506.970165087
1628842913002178286,353262.42087556905,4026507.4358909726
1628842913068416527,353262.97506759304,4026507.685144343
1628842913200300258,353263.98916346603,4026508.193152107
1628842913272277686,353264.5388177264,4026508.4627767974
1628842913410396583,353265.62866784114,4026509.0273636887
1628842913470403580,353266.09488947946,4026509.2735598763
1628842913602287027,353267.0987668319,4026509.825106915
1628842913680266481,353267.70632703044,4026510.198396898
1628842913818172933,353268.6967341518,4026510.7888688715
1628842913944286610,353269.66882127547,4026511.4274116415
1628842914004290030,353270.1175000166,4026511.718918957
1628842914142430697,353271.15498406615,4026512.418732916
1628842914214168427,353271.65800822433,4026512.809082869
1628842914340399882,353272.60591185756,4026513.4936596802
1628842914400396918,353273.02759943827,4026513.841990696
1628842914544322031,353274.0371942924,4026514.6050830106
1628842914604272385,353274.4679774672,4026514.9372992273
1628842914742389418,353275.44035596173,4026515.7823214894
1628842914802393427,353275.8666350714,4026516.1260887566
1628842914946297014,353276.82602851844,4026516.9936396065
1628842915012169568,353277.24815831624,4026517.3464799672
1628842915144268123,353278.2285109365,4026518.1758644176
1628842915204279602,353278.6210742335,4026518.5740057225
1628842915342704838,353279.5821646657,4026519.4102473157
1628842915414331094,353280.04256253084,4026519.8946736595
1628842915546290324,353280.9205971564,4026520.681082333
1628842915612291766,353281.3237738427,4026521.0446198904
1628842915744390282,353282.2347247903,4026521.9565405664
1628842915822119718,353282.6982246939,4026522.3844869966
1628842915948268233,353283.52029081143,4026523.2465513493
1628842916008286375,353283.9124067974,4026523.616501953
1628842916152278423,353284.7941404411,4026524.5348991137
1628842916206441752,353285.1839785898,4026524.9036981445
1628842916350289004,353286.0917034943,4026525.7621149807
1628842916410288027,353286.44820100616,4026526.1731965244
1628842916548299365,353287.3492134182,4026527.031696626
1628842916608446713,353287.7342564544,4026527.4002717757
1628842916752162676,353288.60163618065,4026528.2856173622
1628842916806633630,353288.9827937678,4026528.653617478
1628842916950282659,353289.84142955777,4026529.529009825
1628842917010265744,353290.2193320319,4026529.8958138763
1628842917142151314,353291.0379153242,4026530.685641059
1628842917208435107,353291.4599758148,4026531.122773547
1628842917346263669,353292.2745340946,4026531.901987739
1628842917412265282,353292.68472299015,4026532.358913757
1628842917544193300,353293.4952081011,4026533.131879826
1628842917604206707,353293.8689060807,4026533.486487037
1628842917754282115,353294.78056377964,4026534.3718159045
1628842917814268499,353295.15176268754,4026534.7212164104
1628842917946130573,353295.92751859355,4026535.497730949
1628842918012392104,353296.357562371,4026535.9017386856
1628842918150148719,353297.12737530796,4026536.6751190554
1628842918270528393,353297.91731136024,4026537.4168169363
1628842918342331731,353298.34147017327,4026537.813905298
1628842918486274914,353299.17166338785,4026538.6136380215
1628842918552397888,353299.59304131847,4026539.005097203
1628842918678279180,353300.28498121083,4026539.6959027466
1628842918744320708,353300.701646959,4026540.0830166717
1628842918876253600,353301.4722973103,4026540.7977584214
1628842918948152087,353301.8580979568,4026541.2111520483
1628842919074339685,353302.62058613775,4026541.9178533005
1628842919152155065,353303.00638881023,4026542.327767905
1628842919278257697,353303.75956172845,4026543.0268143956
1628842919356281053,353304.1632114502,4026543.4003852974
1628842919482208933,353304.9017999908,4026544.0959861446
1628842919548398261,353305.3012815475,4026544.463096842
1628842919686303303,353306.0718151121,4026545.217849851
1628842919746318097,353306.4110235813,4026545.528912674
1628842919878274699,353307.1441615593,4026546.2054102486
1628842919956411277,353307.50793162314,4026546.554082515
1628842920082268315,353308.23109278793,4026547.2072808603
1628842920154270502,353308.59653361933,4026547.5753342365
1628842920274168656,353309.2686419107,4026548.1907614027
1628842920352179964,353309.7238934196,4026548.6075266874
1628842920484189483,353310.4372096672,4026549.2830783566
1628842920550409692,353310.8265898896,4026549.6339722206
1628842920682254777,353311.54938615713,4026550.3071051557
1628842920754178774,353311.93057433586,4026550.6499894904
1628842920886145682,353312.64838009735,4026551.295130574
1628842920952396822,353313.0026616941,4026551.651165906
1628842921084268980,353313.73889417195,4026552.3122306084
1628842921144255505,353314.07544808555,4026552.614335884
1628842921282375389,353314.80933933496,4026553.2885324648
1628842921354357744,353315.19649275375,4026553.6340930676
1628842921480129228,353315.8206974509,4026554.2427937835
1628842921552311403,353316.26388049393,4026554.644321667
1628842921672303108,353316.88620268594,4026555.2355675926
1628842921756140701,353317.326563974,4026555.6344577265
1628842921876162343,353317.9877977136,4026556.2313011377
1628842921948253342,353318.33952991344,4026556.6026082356
1628842922086273713,353319.1090189242,4026557.2993960762
1628842922158123712,353319.46645979653,4026557.660016878
1628842922278139219,353320.12503076415,4026558.2582177864
1628842922356413805,353320.5651192495,4026558.6572347614
1628842922488190206,353321.2547430622,4026559.31957738
1628842922548248513,353321.58482523175,4026559.619778304
1628842922680168257,353322.26079263305,4026560.2920263433
1628842922812208280,353322.9742159806,4026560.9451770466
1628842922884495752,353323.41430567554,4026561.3478867942
1628842922956290856,353323.7627311418,4026561.72398034
1628842923076285441,353324.4209424674,4026562.3316176534
1628842923208256451,353325.1068785591,4026563.012303174
1628842923280388428,353325.49099413794,4026563.367742375
1628842923412265658,353326.17162179796,4026564.0449167304
1628842923484284448,353326.55427550134,4026564.40053331
1628842923610262127,353327.2636446922,4026565.059398774
1628842923682129264,353327.6246865564,4026565.436285977
1628842923820367212,353328.38476816815,4026566.1434878246
1628842923886127692,353328.7103124169,4026566.4460546565
1628842924012239177,353329.38296052354,4026567.1241883053
1628842924090402260,353329.81456848176,4026567.5270419316
1628842924222391317,353330.48325142206,4026568.207104369
1628842924282387338,353330.804211624,4026568.509291105
1628842924414241270,353331.4818182907,4026569.182915875
1628842924486240681,353331.8543105457,4026569.5331809525
1628842924618130332,353332.54246598925,4026570.1809922387
1628842924684361944,353332.90011494583,4026570.528731495
1628842924816204225,353333.5804641525,4026571.1642847513
1628842924876167830,353333.8923832538,4026571.455180442
1628842925014263416,353334.6114119034,4026572.138510853
1628842925086109570,353334.96969339735,4026572.4713467704
1628842925218178141,353335.59951897827,4026573.1112039248
1628842925284288974,353335.949743392,4026573.4385915
1628842925416251306,353336.57021402026,4026574.0702451835
1628842925488251886,353336.91310424346,4026574.391622854
1628842925620129148,353337.5431131388,4026574.981031031
1628842925698258491,353337.9085823902,4026575.3833566057
1628842925824303554,353338.52150300913,4026575.9602060905
1628842925890221209,353338.7788946254,4026576.26044786
1628842926016381432,353339.3751996155,4026576.823815102
1628842926088380725,353339.6913188864,4026577.1230933345
1628842926220246705,353340.2485792353,4026577.6838256107
1628842926286288090,353340.5546332239,4026577.9725929997
1628842926418234183,353341.0992615912,4026578.5172120966
1628842926490128118,353341.3965512484,4026578.796606295
1628842926622160839,353341.94338243944,4026579.3091138946
1628842926682257239,353342.1747537148,4026579.5486689443
1628842926814235031,353342.7124668057,4026580.054342342
1628842926892131042,353343.03689313435,4026580.357630502
1628842927018358650,353343.5249269629,4026580.8327419786
1628842927156210877,353344.0120579811,4026581.3050000826
1628842927210337761,353344.24922288675,4026581.5262684817
1628842927294129258,353344.5657530369,4026581.8191922107
1628842927420371790,353345.04868831544,4026582.29417644
1628842927558405375,353345.54798042635,4026582.7619562848
1628842927618121321,353345.77083324967,4026582.9742200617
1628842927762238324,353346.31084332836,4026583.4786035535
1628842927816246447,353346.4928837323,4026583.6414783597
1628842927954362899,353346.9480615286,4026584.1172071756
1628842928014383735,353347.16282905685,4026584.3151423805
1628842928158168269,353347.6290107385,4026584.7666979483
1628842928224231350,353347.87605193484,4026584.9981448217
1628842928356163495,353348.3390531327,4026585.4204571242
1628842928422115119,353348.50268076186,4026585.609705865
1628842928554377666,353348.9819787877,4026586.04831355
1628842928626248744,353349.2168844475,4026586.2641271
1628842928758111689,353349.59913842275,4026586.673767974
1628842928818163430,353349.7934873538,4026586.853493989
1628842928962117243,353350.1940897247,4026587.2654183405
1628842929022570802,353350.4129817427,4026587.4672511285
1628842929160249354,353350.78153398656,4026587.835436583
1628842929214285636,353350.9630027509,4026588.0024105418
1628842929358447770,353351.3801914298,4026588.3864355595
1628842929418351819,353351.5205119838,4026588.561704933
1628842929562251361,353351.9220789856,4026588.9314678847
1628842929616458421,353352.09067172534,4026589.085933857
1628842929760201842,353352.44485555857,4026589.4417892173
1628842929820175259,353352.60457697377,4026589.5877687996
1628842929958271089,353352.9546343271,4026589.9053636044
1628842930018259102,353353.1066768376,4026590.0411886526
1628842930162091620,353353.4266892448,4026590.341561129
1628842930228367993,353353.59174635477,4026590.487267312
1628842930360379660,353353.88817318296,4026590.74638214
1628842930420361287,353354.0029038802,4026590.8593399767
1628842930558306218,353354.30384163285,4026591.1199348774
1628842930624251378,353354.4311512958,4026591.231459101
1628842930762324162,353354.692720718,4026591.4738908256
1628842930822337165,353354.8208664672,4026591.5861333325
1628842930960298842,353355.049589409,4026591.8351330166
1628842931026115981,353355.1750660137,4026591.9465356865
1628842931164150045,353355.4072656013,4026592.202617713
1628842931224159350,353355.5325265359,4026592.3157025203
1628842931356389085,353355.80863798864,4026592.5663110735
1628842931422298762,353355.89748566964,4026592.7078139433
1628842931554245346,353356.1761269121,4026592.969060938
1628842931692374330,353356.40575603396,4026593.2481664335
1628842931764368789,353356.5572175044,4026593.394743652
1628842931890117304,353356.82341011026,4026593.6543092537
1628842931968136162,353356.92431020836,4026593.8227690267
1628842932094362647,353357.2248212951,4026594.1230749628
1628842932166383385,353357.3337762824,4026594.2968611084
1628842932286342678,353357.62282332976,4026594.5923561575
1628842932358117992,353357.7959769488,4026594.7710982817
1628842932490107244,353358.05875064956,4026595.1153477705
1628842932568138730,353358.26269419224,4026595.3355003083
1628842932688345267,353358.5097588648,4026595.66573333
1628842932766095668,353358.69038000994,4026595.869190611
1628842932898213490,353358.9997857947,4026596.2767383642
1628842932958236027,353359.15570038557,4026596.4610518673
1628842933090216079,353359.49695899215,4026596.873645298
1628842933162088844,353359.6407210725,4026597.1080306494
1628842933288340693,353359.9851006196,4026597.546358857
1628842933366092750,353360.1718641365,4026597.789995763
1628842933492121952,353360.4764088586,4026598.2583258324
1628842933558358298,353360.6640432996,4026598.5155589688
1628842933690335080,353360.968168876,4026599.016824901
1628842933768259317,353361.1791263026,4026599.328656474
1628842933888275871,353361.4642620995,4026599.833020941
1628842933960385529,353361.64219895797,4026600.1231028372
1628842934092354709,353361.9681764828,4026600.6731937346
1628842934164167448,353362.11553248705,4026601.0009334246
1628842934290245527,353362.4308401457,4026601.569698734
1628842934362233652,353362.5947760423,4026601.88177683
1628842934494107997,353362.8734952477,4026602.5172935654
1628842934560357105,353363.0245385116,4026602.8429261674
1628842934692284503,353363.28216442943,4026603.505106288
1628842934764227835,353363.41824051266,4026603.8461290575
1628842934896144898,353363.65127304336,4026604.4922457784
1628842934962335933,353363.75790984405,4026604.8770716153
1628842935100121062,353363.9573407107,4026605.5410301276
1628842935166233587,353364.0327816227,4026605.9524156596
1628842935292272190,353364.18399562646,4026606.636141795
1628842935370237186,353364.24995221355,4026607.008228269
1628842935496347883,353364.34336909896,4026607.7496957746
1628842935568209988,353364.38874587626,4026608.128295153
1628842935694277859,353364.410015817,4026608.9036377887
1628842935766224131,353364.4229893441,4026609.2879430847
1628842935898114217,353364.4091164367,4026610.0748058776
1628842936024476134,353364.3933687272,4026610.7923638555
1628842936096259770,353364.36949331855,4026611.177536936
1628842936168235347,353364.2909693235,4026611.599127161
1628842936294091882,353364.1940344115,4026612.254551539
1628842936426348213,353364.0224902475,4026613.05439785
1628842936498324540,353363.94349004875,4026613.4334237427
1628842936624496606,353363.76955843763,4026614.131869145
1628842936690228285,353363.63330326154,4026614.4978868742
1628842936828301397,353363.3864568928,4026615.2335163485
1628842936894225815,353363.2715081584,4026615.5439972207
1628842937032237627,353362.9346405724,4026616.2761148256
1628842937098286865,353362.77531182265,4026616.6275083013
1628842937230201805,353362.4052831473,4026617.2971067755
1628842937302352764,353362.2227214156,4026617.638883617
1628842937434211199,353361.79244037217,4026618.2950669285
1628842937488429850,353361.62210881745,4026618.582345543
1628842937626218274,353361.24539576785,4026619.199566513
1628842937692198246,353360.9570424841,4026619.5418216074
1628842937830347361,353360.5165945537,4026620.1904865666
1628842937890306753,353360.32204715227,4026620.4659679206
1628842938028177177,353359.81663739646,4026621.077188347
1628842938094219103,353359.57805594144,4026621.394186835
1628842938232343188,353359.0316594037,4026622.021420968
1628842938292326783,353358.8201584105,4026622.2886748193
1628842938424318177,353358.28857972636,4026622.8754662103
1628842938496206008,353358.03472208977,4026623.184178299
1628842938634096360,353357.5624140921,4026623.758827564
1628842938694345815,353357.2259696633,4026624.0705549177
1628842938826320802,353356.74372463557,4026624.6440601507
1628842938904263236,353356.36981747876,4026625.030366354
1628842939036198169,353355.8753146807,4026625.6080464283
1628842939096247979,353355.64554046595,4026625.873839612
1628842939228500229,353355.0901380441,4026626.4575554132
1628842939294322403,353354.81664729636,4026626.765592818
1628842939426261668,353354.2444495553,4026627.363051319
1628842939498337529,353353.96538740577,4026627.6700538937
1628842939630089600,353353.4440251454,4026628.238392506
1628842939696336722,353353.1159315321,4026628.5620942805
1628842939828330683,353352.5872135545,4026629.1267427197
1628842939900220778,353352.2609307108,4026629.4546558633
1628842940032098115,353351.72829502134,4026630.0168071706
1628842940098323748,353351.440753132,4026630.3186127394
1628842940230335070,353350.85359081335,4026630.909946548
1628842940302215363,353350.5649636657,4026631.21073291
1628842940428254702,353349.9736419306,4026631.787091888
1628842940500215613,353349.68365392624,4026632.086802674
1628842940638415450,353349.04514934495,4026632.7043354562
1628842940770233913,353348.5160520942,4026633.257363291
1628842940830259407,353348.2779211,4026633.5107858265
1628842940974102578,353347.6630176377,4026634.12541678
1628842941034086656,353347.4200664808,4026634.380721483
1628842941178081519,353346.8139105132,4026634.994716154
1628842941238200472,353346.5675330437,4026635.2603328754
1628842941376129759,353345.99147233774,4026635.8819054337
1628842941436177394,353345.68681168056,4026636.1530863945
1628842941574313694,353345.12946413225,4026636.7462048098
1628842941628084135,353344.93492516235,4026636.9590332676
1628842941766206408,353344.3256204352,4026637.6033246205
1628842941844222788,353344.0048501978,4026637.957603776
1628842941964333734,353343.47047644533,4026638.5053501274
1628842942036304262,353343.18006657134,4026638.8233790076
1628842942174231485,353342.57573565666,4026639.4766501086
1628842942246195159,353342.29243153194,4026639.7926056017
1628842942372092568,353341.8072866725,4026640.337107859
1628842942432212123,353341.5086770449,4026640.635835729
1628842942576318340,353340.89277549984,4026641.3284572237
1628842942630093333,353340.68635758234,4026641.5606215564
1628842942768192827,353340.0759137561,4026642.234931575
1628842942828186825,353339.82799137133,4026642.5156199625
1628842942978354354,353339.1566138329,4026643.251630985
1628842943038337260,353338.90504043375,4026643.5329610435
1628842943176242358,353338.28230543213,4026644.2112634764
1628842943230214021,353338.071127431,4026644.4452479724
1628842943374068945,353337.47860359144,4026645.1019207155
1628842943440300278,353337.132268433,4026645.44579907
1628842943572213520,353336.5728638087,4026646.0543339197
1628842943626563382,353336.31395898917,4026646.3352083294
1628842943770218268,353335.662082502,4026647.0189786786
1628842943842205063,353335.35870270175,4026647.347756064
1628842943968292584,353334.7275623083,4026647.9945845706
1628842944034209666,353334.46319726616,4026648.277382541
1628842944172205350,353333.8016394263,4026648.9588755057
1628842944232199303,353333.5369848638,4026649.242593944
1628842944376056217,353332.92014312185,4026649.9030356538
1628842944436128464,353332.6064418731,4026650.1971364818
1628842944580251140,353331.9459567503,4026650.9041243684
1628842944706177861,353331.3669230237,4026651.4941623644
1628842944790097405,353331.01543869125,4026651.870934851
1628842944904330708,353330.44126326457,4026652.473952316
1628842944982073898,353330.1335647231,4026652.8035659604
1628842945096111150,353329.6096854473,4026653.3672490353
1628842945174206841,353329.2155277217,4026653.7685479284
1628842945306316283,353328.6541221521,4026654.374187508
1628842945378067034,353328.35441058135,4026654.697898142
1628842945504222165,353327.7420578714,4026655.3296385217
1628842945582208370,353327.4454431787,4026655.650611193
1628842945708076480,353326.8451588799,4026656.266979968
1628842945774304564,353326.55512468435,4026656.5800897367
1628842945906311737,353325.97216325067,4026657.1832257505
1628842945978202536,353325.6897550948,4026657.487142649
1628842946104387897,353325.1750049469,4026658.043865995
1628842946176325366,353324.8658184199,4026658.3594668256
1628842946308305728,353324.36559689546,4026658.900136019
1628842946374084153,353324.13884877384,4026659.146286451
1628842946506240459,353323.58594302787,4026659.725811809
1628842946578205020,353323.33003657975,4026660.0034925495
1628842946698285779,353322.8638764052,4026660.4903925844
1628842946776199140,353322.61413413996,4026660.7626588875
1628842946908218460,353322.085343848,4026661.3155917726
1628842946980200385,353321.83929363894,4026661.5824244535
1628842947100383352,353321.4204546943,4026662.038127667
1628842947178330249,353321.11280989635,4026662.3510474935
