1628215174683273629,353314.37960133655,4026668.1498570214
1628215174749185867,353314.19093485596,4026668.361522369
1628215174881270457,353313.8700825366,4026668.6825585454
1628215174941267966,353313.7073756958,4026668.8631597497
1628215175085278064,353313.3263636631,4026669.2850345084
1628215175145451472,353313.1962882321,4026669.4095522366
1628215175283186200,353312.8132151074,4026669.830229758
1628215175421256465,353312.4588094953,4026670.1950244363
1628215175475436364,353312.3212999795,4026670.344822372
1628215175553191333,353312.1003390359,4026670.585149091
1628215175697168057,353311.73517650575,4026670.963717807
1628215175817199791,353311.40087256,4026671.325017417
1628215175877173323,353311.25594961166,4026671.467292353
1628215176027429171,353310.8374832182,4026671.91947996
1628215176093044923,353310.6697819464,4026672.100692218
1628215176225097843,353310.32443426794,4026672.4536414905
1628215176285162416,353310.1565221839,4026672.6341172718
1628215176417436674,353309.7839488357,4026673.021757093
1628215176489237953,353309.5887806638,4026673.2310721297
1628215176621180413,353309.2346161541,4026673.5859827236
1628215176675199529,353309.0681799721,4026673.7635038276
1628215176825155901,353308.6795848258,4026674.175920789
1628215176879414593,353308.5080707474,4026674.3351599555
1628215177017232197,353308.11499403033,4026674.7464893307
1628215177083154125,353307.9463736921,4026674.922304107
1628215177221200304,353307.53593608056,4026675.3164979503
1628215177299414421,353307.30913477065,4026675.548470251
1628215177419578497,353306.94258728577,4026675.8871224197
1628215177479799344,353306.7690873522,4026676.0608721464
1628215177623182226,353306.3357467194,4026676.472211938
1628215177689456094,353306.12899105833,4026676.6750779958
1628215177821505605,353305.7434356939,4026677.051173184
1628215177881416992,353305.5284790963,4026677.2401093864
1628215178019650217,353305.1005267634,4026677.647951462
1628215178085149135,353304.91481322376,4026677.823338548
1628215178223428604,353304.4483075094,4026678.2533675754
1628215178289045496,353304.257987562,4026678.431110063
1628215178421259931,353303.7869298714,4026678.884054988
1628215178481231819,353303.59223555925,4026679.06456476
1628215178625196316,353303.1286314727,4026679.5255966336
1628215178685413624,353302.92963904847,4026679.710222808
1628215178835166846,353302.46089967195,4026680.14349796
1628215178883527324,353302.2652896106,4026680.3627427756
1628215179027176758,353301.791259563,4026680.80166561
1628215179081200818,353301.6207020184,4026680.9592560255
1628215179225427934,353301.1093753433,4026681.4747616765
1628215179297249669,353300.86672877806,4026681.7011430277
1628215179417230112,353300.46783769515,4026682.13266342
1628215179555415362,353299.9793909197,4026682.596977167
1628215179627407405,353299.7582264601,4026682.8633203255
1628215179687395618,353299.54805262317,4026683.066381764
1628215179819433119,353299.0912417586,4026683.5097701703
1628215179957418239,353298.6327680561,4026684.0200894936
1628215180029525692,353298.3852349153,4026684.265165733
1628215180149412166,353297.99340953387,4026684.696723016
1628215180227475998,353297.7097605032,4026684.980424585
1628215180353407003,353297.2839762657,4026685.4088032143
1628215180431201279,353297.04971486144,4026685.706389599
1628215180551186297,353296.62761371594,4026686.143887955
1628215180629974865,353296.3927922776,4026686.4448942114
1628215180761479935,353295.9484162084,4026686.9307743376
1628215180827067398,353295.741811628,4026687.1544741667
1628215180947069961,353295.37467241846,4026687.5730211576
1628215181019450466,353295.0910184673,4026687.8643065887
1628215181151383919,353294.67999993893,4026688.325726487
1628215181229224299,353294.39363294234,4026688.6171875857
1628215181349208119,353294.009059476,4026689.026878313
1628215181421582001,353293.7844241515,4026689.3328811293
1628215181553440693,353293.3358018593,4026689.8288546023
1628215181625465979,353293.135296111,4026690.0673630103
1628215181751493831,353292.6799953807,4026690.562270856
1628215181829163399,353292.4323091897,4026690.8289259896
1628215181955457358,353292.02469145117,4026691.2908911686
1628215182027402087,353291.7774255854,4026691.5528547163
1628215182153474062,353291.3637184708,4026692.0239868425
1628215182225466474,353291.1179453874,4026692.289850491
1628215182345640134,353290.6956104372,4026692.7472965387
1628215182435452275,353290.42868351017,4026693.0621905536
1628215182555467997,353290.00776543096,4026693.519051881
1628215182627137965,353289.84286646824,4026693.7294112686
1628215182759189413,353289.3533851588,4026694.265021433
1628215182831203680,353289.1082435307,4026694.5341513054
1628215182957515338,353288.6894133646,4026695.004595936
1628215183029450869,353288.4452443086,4026695.273938246
1628215183155458400,353288.02124162903,4026695.7513751616
1628215183227458061,353287.77560745366,4026696.0222758246
1628215183347450626,353287.3553733756,4026696.488876164
1628215183431450903,353287.1073300624,4026696.7693392076
1628215183557723090,353286.6580228439,4026697.2842915063
1628215183629448028,353286.4473317846,4026697.5259289793
1628215183761222095,353286.00871627673,4026698.056142294
1628215183827197777,353285.80790917855,4026698.3045399636
1628215183953446868,353285.4009584561,4026698.769359061
1628215184031454660,353285.1361655835,4026699.1064035944
1628215184151576860,353284.77583655133,4026699.542967181
1628215184289437470,353284.32097618293,4026700.143341542
1628215184367122348,353284.12934705894,4026700.351849604
1628215184427254196,353283.93757445307,4026700.6118055545
1628215184553443351,353283.5248641567,4026701.1818486233
1628215184685208046,353283.1469073901,4026701.636197521
1628215184763423707,353282.8970680031,4026701.9925966226
1628215184895425861,353282.5306310948,4026702.3775283736
1628215184955427629,353282.3463482702,4026702.6445521116
1628215185087200153,353281.94993770146,4026703.228746556
1628215185165456990,353281.7494244814,4026703.292872617
1628215185291132823,353281.3893075263,4026703.828440285
1628215185357431062,353281.2233292052,4026703.782437734
1628215185495437105,353280.8102911385,4026704.3975308407
1628215185561133604,353280.6343546495,4026704.6640852136
1628215185693437386,353280.2668239929,4026704.927200731
1628215185759435667,353280.0937855538,4026705.188731631
1628215185885450598,353279.7611834753,4026705.3478459604
1628215185957438257,353279.56623032416,4026705.6519923136
1628215186089359003,353279.20767042757,4026706.2258793903
1628215186161513192,353279.05125249864,4026706.1181986365
1628215186287484040,353278.6946115866,4026706.6666395026
1628215186365109386,353278.53285007545,4026706.4966097404
1628215186509531216,353278.10234014085,4026707.090026028
1628215186557431289,353277.95780961507,4026707.285590537
1628215186689414045,353277.61157032766,4026707.3638499877
1628215186761520065,353277.4021805285,4026707.615170346
1628215186887530520,353277.0393208674,4026707.8175603244
1628215186959438864,353276.83096253057,4026708.0631106193
1628215187085617153,353276.46455452277,4026708.480803071
1628215187163462757,353276.2416266684,4026708.5909025185
1628215187289443845,353275.8305374758,4026709.012441608
1628215187355207890,353275.6387900866,4026709.202229186
1628215187493473077,353275.2061712106,4026709.6490202174
1628215187559458383,353274.9717739593,4026709.8576348014
1628215187691488997,353274.53877069836,4026710.3601121875
1628215187763520238,353274.302950067,4026710.5666680536
1628215187883495829,353273.88179265393,4026711.015828557
1628215187961510433,353273.6075202948,4026711.2467327416
1628215188105509741,353273.10010386986,4026711.751233364
1628215188153503400,353272.92615771026,4026711.8933711
1628215188291514839,353272.4412135009,4026712.2868105937
1628215188363487805,353272.15491554665,4026712.6257304065
1628215188495527366,353271.70690941095,4026712.991032544
1628215188633511329,353271.1485948829,4026713.569706775
1628215188693525649,353270.9415749366,4026713.7406489444
1628215188771509784,353270.7006358353,4026713.939135709
1628215188897462913,353270.1489091048,4026714.5008983673
1628215189029503537,353269.7005578575,4026714.8759950614
1628215189095475957,353269.49580452597,4026715.0478754556
1628215189239470132,353268.8312870796,4026715.7097624647
1628215189299485226,353268.6280913387,4026715.8875674796
1628215189437474514,353267.9607994004,4026716.529779395
1628215189497574724,353267.7585139111,4026716.718082415
1628215189641454209,353267.0718150712,4026717.31672316
1628215189701536006,353266.8724564346,4026717.5120644034
1628215189827571695,353266.44910430897,4026717.9388089688
1628215189887448908,353266.07769140345,4026718.1888682195
1628215190037518637,353265.5944955273,4026718.6936076265
1628215190103135546,353265.4054039507,4026718.8978311927
1628215190235370449,353264.7889531102,4026719.3282276997
1628215190289601691,353264.6013278896,4026719.535241723
1628215190433482730,353263.9124551993,4026719.9392843572
1628215190505352269,353263.6934193537,4026720.1832076595
1628215190631481601,353262.99332959123,4026720.4952383046
1628215190691504918,353262.80438982614,4026720.703914967
1628215190829624337,353262.3717342751,4026721.1962170685
1628215190901518980,353261.8787793941,4026721.263923303
1628215191033515476,353261.47227825446,4026721.720686958
1628215191087327350,353261.3177009777,4026721.898263819
1628215191231478035,353260.50545354263,4026722.15047955
1628215191303488435,353260.283889086,4026722.3964523217
1628215191435510870,353259.5239170025,4026722.5134584582
1628215191495469329,353259.3296386204,4026722.7195400535
1628215191639185801,353258.55939082534,4026722.835255459
1628215191705480585,353258.32952315186,4026723.0698179104
1628215191843118117,353257.9054557616,4026723.5101478584
1628215191897524262,353257.44301667943,4026723.365581782
1628215192035493350,353256.98047963006,4026723.8269416415
1628215192107445333,353256.7542945856,4026724.068117546
1628215192245439670,353256.07702083833,4026724.137572688
1628215192299487074,353255.8767862407,4026724.3338750955
1628215192437550276,353255.1771093278,4026724.363945005
1628215192497556683,353254.97722446144,4026724.547111206
1628215192635599419,353254.3015069463,4026724.5724113216
1628215192695573257,353254.10329305014,4026724.76053891
1628215192959544319,353253.03197134705,4026725.1683746753
1628215193037547998,353252.76502472,4026725.406517923
1628215193163546697,353252.1843397589,4026725.3341307472
1628215193247133531,353251.9167214591,4026725.536220929
1628215193367535517,353251.2819119268,4026725.4614775293
1628215193439553192,353251.03931612655,4026725.61661182
1628215193577149408,353250.6004869113,4026725.898873212
1628215193643496065,353250.1735346879,4026725.7639222955
1628215193763570117,353249.7763743126,4026725.9933153046
1628215193841535128,353249.54566562624,4026726.121003482
1628215193961550763,353248.9261263761,4026726.155492022
1628215194039539454,353248.6597580089,4026726.2840817873
1628215194165545664,353247.9588908099,4026726.273148828
1628215194363563882,353246.89841900556,4026726.3877920853
1628215194441550187,353246.6286953462,4026726.492604305
1628215194561546144,353246.22948844975,4026726.6444099965
1628215194645547986,353245.44545732473,4026726.5895669097
1628215194765568269,353245.0324610288,4026726.727224693
1628215194837510264,353244.79589887726,4026726.8052604254
1628215194963501631,353243.8438160556,4026726.8333276487
1628215195035518509,353243.59503704717,4026726.903574678
1628215195173682049,353242.4968188152,4026726.9378100773
1628215195234008077,353242.2704550029,4026726.990946043
1628215195365564479,353241.2786217615,4026727.057666346
1628215195443235378,353241.0085212866,4026727.115907258
1628215195575255505,353240.5120375556,4026727.221180949
1628215195647526224,353239.7296544587,4026727.268583413
1628215195773380545,353239.259398045,4026727.361999229
1628215195839494779,353238.9885746151,4026727.4144922053
1628215195965589502,353238.1531235897,4026727.5079525453
1628215196043381883,353237.87462634005,4026727.557821312
1628215196169569699,353236.91779447615,4026727.6370184845
1628215196241495102,353236.63422918366,4026727.684508826
1628215196367643217,353235.4192030539,4026727.740682491
1628215196439503484,353235.11543466686,4026727.7858905843
1628215196577170482,353234.54986781353,4026727.86689062
1628215196637586607,353233.57566657703,4026727.8723842353
1628215196769485324,353232.97956824565,4026727.9525587913
1628215196847203788,353232.6585850729,4026727.995792641
1628215196973532763,353231.70587162307,4026728.0393215516
1628215197039524539,353231.37255930994,4026728.0821005437
1628215197171516164,353230.4908230122,4026728.1144326176
1628215197363515514,353229.2617535774,4026728.1437223074
1628215197507364782,353228.55454123404,4026728.212649194
1628215197579250292,353228.1968560087,4026728.24704443
1628215197705512881,353227.21318782074,4026728.23008541
1628215197765467689,353226.89786122594,4026728.2550426354
1628215197909144490,353225.897773594,4026728.259190359
1628215197975522783,353225.5195043599,4026728.28323028
1628215198107168597,353224.86981368053,4026728.322206296
1628215198167490197,353224.22788847587,4026728.3003126443
1628215198305460380,353223.4511018392,4026728.340297492
1628215198365475323,353222.8503086027,4026728.321224301
1628215198503564167,353222.05365214974,4026728.3560831985
1628215198575524022,353221.712145004,4026728.370436685
1628215198701555538,353220.7046948862,4026728.3799816966
1628215198779564914,353220.23683353537,4026728.3981467267
1628215198917583132,353219.2090059501,4026728.4180851406
1628215198971384079,353218.9122814139,4026728.427827167
1628215199103433123,353218.13887891604,4026728.4523054953
1628215199193553091,353217.3945128325,4026728.444301618
1628215199319574030,353216.6049266091,4026728.4682226554
1628215199379567611,353216.03856141225,4026728.4705700306
1628215199499605847,353215.29743098887,4026728.4914348135
1628215199595666750,353214.73736085766,4026728.5050892993
1628215199721550057,353213.74816313677,4026728.528318321
1628215199781458475,353213.3695408488,4026728.536922723
1628215199913323153,353212.3968682863,4026728.557445755
1628215199991537409,353211.88536149845,4026728.569888541
1628215200123548315,353210.8894628782,4026728.587577986
1628215200183549008,353210.49851790705,4026728.5947585865
1628215200309570026,353209.6510665942,4026728.610345071
1628215200387415352,353209.047944495,4026728.6217843737
1628215200519597214,353208.12254603324,4026728.638851875
1628215200573993205,353207.7901438661,4026728.6448347126
1628215200711409230,353206.7791973753,4026728.6524569225
1628215200783577313,353206.2404412633,4026728.658762244
1628215200981578592,353204.76928175066,4026728.6955751893
1628215201113642675,353203.75434599374,4026728.746028492
1628215201185549337,353203.26883940585,4026728.753926602
1628215201317563311,353202.3634300141,4026728.7664979747
1628215201383508483,353201.7736939875,4026728.8070004894
1628215201503547244,353200.92989405943,4026728.815651814
1628215201581414173,353200.43728735007,4026728.820565193
1628215201713627835,353199.3307664538,4026728.8627898465
1628215201785557973,353198.82812532183,4026728.870749648
1628215201911547829,353197.89479229867,4026728.93194418
1628215201977528004,353197.3890416041,4026728.9400940863
1628215202121404037,353196.3262051734,4026728.996647117
1628215202175407685,353195.9612908873,4026729.0037840344
1628215202307547776,353194.93433962803,4026729.0268156766
1628215202451718743,353193.8657709763,4026729.071960909
1628215202517530584,353193.3486140058,4026729.0823413925
1628215202649525943,353192.36338552594,4026729.138106305
1628215202709533080,353191.9173993941,4026729.14872287
1628215202787558935,353191.3226949778,4026729.1643619374
1628215202919559248,353190.3450878535,4026729.1611213544
1628215203051677836,353189.37009907525,4026729.183631738
1628215203111521683,353188.9076583788,4026729.1957174772
1628215203249572688,353187.85767921293,4026729.220406662
1628215203453542796,353186.3459489799,4026729.270865055
1628215203513538929,353185.89012894244,4026729.2828540257
1628215203651502494,353184.8445676987,4026729.3170284326
1628215203723516578,353184.3111311916,4026729.332003601
1628215203849423826,353183.392944266,4026729.35953361
1628215203909360387,353182.95884517056,4026729.3701780844
1628215204053514718,353181.8026313855,4026729.4117898433
1628215204119644420,353181.38773297786,4026729.43894725
1628215204263537876,353180.227436049,4026729.4872279014
1628215204311570645,353179.8397832781,4026729.504997199
1628215204443519616,353178.89181046153,4026729.552289216
1628215204521543292,353178.26930735825,4026729.5879011797
1628215204647580194,353177.41854983184,4026729.61368641
1628215204713601843,353176.8723999321,4026729.6474018274
1628215204851341149,353175.85606434284,4026729.715193387
1628215204924337627,353175.31821572187,4026729.7273294246
1628215205044363871,353174.3774160481,4026729.8008220326
1628215205110305666,353173.90515614615,4026729.8403579504
1628215205254444755,353172.82861119654,4026729.899244295
1628215205320305624,353172.35605086444,4026729.9417608785
1628215205446359999,353171.45925137796,4026729.9752774173
1628215205506364749,353170.98559247213,4026730.021398544
1628215205656440158,353169.97498657624,4026730.0464220927
1628215205716448812,353169.50175078836,4026730.0968010006
1628215205854211286,353168.4731107379,4026730.210159136
1628215205908449123,353168.1997967701,4026730.1417847807
1628215206052192765,353167.097236214,4026730.269129431
1628215206118454325,353166.8309290935,4026730.153219238
1628215206251593943,353165.81405134674,4026730.2754497807
1628215206377697409,353165.1225589731,4026730.1829506103
1628215206449711407,353164.58025267493,4026730.248981119
1628215206581544416,353163.646019288,4026730.366881547
1628215206653542813,353163.39431965724,4026730.188238559
1628215206779488676,353162.3942324823,4026730.3171201213
1628215206851438882,353161.85435978783,4026730.3907924285
1628215206983491711,353161.19634129456,4026730.2800640296
1628215207049735851,353160.66177855176,4026730.351929786
1628215207182466043,353160.06450440374,4026730.1907406375
1628215207254328536,353159.53745961236,4026730.2605335326
1628215207381529788,353158.93992456276,4026730.092055111
1628215207453451536,353158.41791901476,4026730.162075475
1628215207591564547,353157.4435162435,4026730.3010891047
1628215207651674444,353157.2967994254,4026730.0766907088
1628215207783698734,353156.33427606453,4026730.2224840843
1628215207849421701,353155.8873819234,4026730.295664262
1628215207975524188,353155.25984247413,4026730.188974512
1628215208053671650,353154.6685162891,4026730.2967990898
1628215208173781355,353154.1682284325,4026730.151018366
1628215208245675908,353153.6562374189,4026730.2528291144
1628215208383480676,353153.1208352437,4026730.063606332
1628215208455453192,353152.6165213246,4026730.1700325487
1628215208575437222,353151.7483559371,4026730.3634066703
1628215208659541366,353151.7458849442,4026730.0267678187
1628215208785462990,353150.8228078153,4026730.228511489
1628215208857524445,353150.8619517697,4026729.90833358
1628215208977440449,353150.02784681454,4026730.0856732647
1628215209055659049,353149.4691932326,4026730.2099123443
1628215209181280542,353149.202635069,4026729.9522743328
1628215209259539953,353148.65224935743,4026730.074572771
1628215209379419617,353148.37368183956,4026729.820495304
1628215209457426834,353147.90812141873,4026729.906893715
1628215209595334587,353146.979925936,4026730.0623297654
1628215209650424530,353147.1186654137,4026729.702644421
1628215209782343310,353146.2626173962,4026729.820510867
1628215209854352415,353145.80188368086,4026729.88289394
1628215209980468217,353145.35980355076,4026729.6819502413
1628215210058343755,353144.9098995216,4026729.7332930644
1628215210184355208,353144.4284695699,4026729.5631070216
1628215210250401067,353143.98462098156,4026729.595410914
1628215210382334921,353143.4241875705,4026729.4463091227
1628215210460497718,353142.9245323522,4026729.4566935026
1628215210586211155,353142.167065459,4026729.4643983366
1628215210652398451,353141.885815397,4026729.361742795
1628215210784327543,353141.07366254134,4026729.347928793
1628215210856225690,353140.6376945622,4026729.3347420935
1628215210982430617,353139.9174104346,4026729.2594643775
1628215211120263702,353139.1677248224,4026729.2131201294
1628215211192385082,353138.6663816974,4026729.1833413322
1628215211252629913,353138.2904122544,4026729.1594177764
1628215211384481588,353137.5289664095,4026729.118728084
1628215211522350415,353136.7127509549,4026729.05878693
1628215211588368101,353136.2712290059,4026729.0240116487
1628215211726350293,353135.4352194939,4026728.9962744317
1628215211774396945,353135.11970041535,4026728.969365523
1628215211918237428,353134.27954558434,4026728.9455286795
1628215211990379250,353133.8363943561,4026728.9046546784
1628215212116454461,353133.0484153676,4026728.9036840242
1628215212188347549,353132.60391177895,4026728.859544711
1628215212320231241,353131.77485352993,4026728.7729049646
1628215212386442174,353131.3516423418,4026728.8254592237
1628215212518437711,353130.51990304096,4026728.7363854684
1628215212584250013,353130.13499338366,4026728.69364696
1628215212716677992,353129.25189899525,4026728.7237387877
1628215212782239964,353128.8642119937,4026728.680086104
1628215212921413127,353127.97164112283,4026728.7047310513
1628215212987440499,353127.5834690751,4026728.6612697546
1628215213119580652,353126.68141193304,4026728.6915917518
1628215213191515687,353126.2244154416,4026728.641393124
1628215213329560537,353125.30783978966,4026728.5389645062
1628215213383522588,353124.9897738121,4026728.657051399
1628215213521414445,353124.0689554971,4026728.558181503
1628215213587516240,353123.6731398067,4026728.514781295
1628215213719627640,353122.75485659274,4026728.601455366
1628215213779665375,353122.35596184543,4026728.5609455775
1628215213924361367,353121.4315498873,4026728.619128443
1628215213990408464,353120.9647619995,4026728.5746121895
1628215214116229157,353120.1740062472,4026728.669073388
1628215214182486419,353119.7071747993,4026728.6282887496
1628215214314484513,353118.83865588065,4026728.551474576
1628215214386350142,353118.38031075307,4026728.6854440635
1628215214524356398,353117.4433556438,4026728.6139940857
1628215214584345593,353117.04093222634,4026728.5822572173
1628215214716434293,353116.18165519787,4026728.6968625714
1628215214794393495,353115.64522809547,4026728.663254808
1628215214927547322,353114.78328380093,4026728.7573364754
1628215214987500166,353114.37888318335,4026728.7385804593
1628215215119490274,353113.52221450687,4026728.841430624
1628215215197413245,353112.9808948268,4026728.824347478
1628215215324524550,353112.10003247607,4026728.8024923108
1628215215456448482,353111.2616574643,4026728.934047418
1628215215516465343,353110.85420023993,4026728.9330056063
1628215215666405013,353109.8907713741,4026729.0631714785
1628215215720370787,353109.5507180006,4026729.0687766313
1628215215858364721,353108.66772205115,4026729.179375043
1628215215924330256,353108.25966843835,4026729.1926563494
1628215216062363071,353107.3039256277,4026729.2289641784
1628215216122232131,353106.98249588883,4026729.320535336
1628215216260456687,353106.02525358845,4026729.3709985055
1628215216320373265,353105.61412060086,4026729.395249915
1628215216464253706,353104.7706264856,4026729.511061303
1628215216524392853,353104.3587006956,4026729.5407507676
1628215216662382386,353103.5475406863,4026729.65030721
1628215216722356167,353103.1371769566,4026729.684830221
1628215216866238953,353102.3141628229,4026729.7828002386
1628215216932471856,353101.836268671,4026729.8284094986
1628215217064372765,353100.94589581667,4026729.9187936173
1628215217118637926,353100.6924985794,4026729.96138999
1628215217262382827,353099.735883972,4026730.0704680537
1628215217334454572,353099.25658213923,4026730.1302463617
1628215217466359332,353098.55592810456,4026730.226416722
1628215217526370568,353098.14552413113,4026730.28826178
1628215217664353457,353097.42174462904,4026730.387532802
1628215217724373852,353097.01404220937,4026730.4629201926
1628215217868298944,353096.2904617619,4026730.555031494
1628215217922409459,353095.88543059176,4026730.6358744917
1628215218066378668,353094.93918578106,4026730.827373896
1628215218126385755,353094.9289544388,4026730.692818583
1628215218264481160,353093.9997269913,4026730.89084266
1628215218324526336,353093.60032699,4026730.981623037
1628215218468342842,353093.30100047024,4026730.81721745
1628215218534705295,353092.85169622605,4026730.900321931
1628215218666387323,353092.8382444585,4026730.547946475
1628215218726493645,353092.470760355,4026730.602411148
1628215218870370276,353092.23415664135,4026730.3755629696
1628215218930367030,353091.8806456196,4026730.4225961454
1628215219056432190,353091.1160753935,4026730.515326624
1628215219122250177,353091.17593656335,4026730.3435106617
1628215219266489073,353090.3144140027,4026730.4183537387
1628215219398259936,353089.9034633235,4026730.32107299
1628215219470374139,353089.4519091712,4026730.3182850853
1628215219590381367,353088.7759528645,4026730.3007016834
1628215219668559086,353088.4728689228,4026730.260262556
1628215219788476265,353087.8030681785,4026730.2151545365
1628215219866269238,353087.47902128845,4026730.2000650493
1628215219998252939,353086.7544752809,4026730.108353827
1628215220070530991,353086.3089961985,4026730.037301391
1628215220190508052,353085.654783842,4026729.9918376515
1628215220268391845,353085.2657460505,4026729.9162347075
1628215220400418357,353084.45117094263,4026729.8711786238
1628215220460433702,353084.11524751,4026729.7999927984
1628215220592530377,353083.38659984985,4026729.637374453
1628215220664263203,353082.90089898184,4026729.72831412
1628215220796374562,353082.1662336153,4026729.5563602652
1628215220868270036,353081.6298399767,4026729.692105371
1628215220994391470,353080.8878407855,4026729.5141876712
1628215221066263431,353080.48764425074,4026729.4140241644
1628215221192500943,353079.5074199353,4026729.5795280314
1628215221264517983,353079.10080982023,4026729.4790766165
1628215221396386774,353078.0490047949,4026729.7101567127
1628215221462787800,353077.63380283595,4026729.6105377176
1628215221600343763,353076.8620824225,4026729.4165989393
1628215221666481109,353076.1119397298,4026729.773439581
1628215221792796622,353075.32541030156,4026729.584428937
1628215221870404519,353074.5892569886,4026729.9006039174
1628215221996392654,353073.78491808084,4026729.715946681
1628215222068525213,353073.3518266408,4026729.612366393
1628215222200356897,353072.20074753155,4026729.8722001086
1628215222260403869,353071.8225614347,4026729.7868692656
1628215222398387890,353070.578958981,4026730.0326471194
1628215222470274539,353070.12764222675,4026729.9376921947
1628215222590277831,353069.353769354,4026729.769799443
1628215222668507841,353068.4742402548,4026730.0947007765
1628215222800381639,353067.6187485624,4026729.9187318156
1628215222872484329,353066.8332079202,4026730.1983148577
1628215222992283588,353066.0290599528,4026730.042921742
1628215223070540821,353065.49200367846,4026729.936245049
1628215223196374034,353064.3151585307,4026730.1901233057
1628215223268438452,353063.7668268604,4026730.0897949277
1628215223394278460,353062.5894394169,4026730.3152933577
1628215223472515116,353062.02985585755,4026730.219100354
1628215223598287294,353061.18910483085,4026730.070172639
1628215223670430952,353060.29951239645,4026730.312725136
1628215223796410295,353059.4443576407,4026730.169229918
1628215223874294013,353058.6060680457,4026730.3399736723
1628215224006341839,353057.66140046413,4026730.190794564
1628215224072530007,353057.1518511243,4026730.1099430127
1628215224192446748,353056.00736761105,4026730.2314286605
1628215224324413299,353055.04132791003,4026730.092469594
1628215224396370099,353054.2660561318,4026730.259558559
1628215224474533883,353053.66255024273,4026730.1809187685
1628215224600315899,353052.7542532473,4026730.063762194
1628215224726385564,353051.531402707,4026730.1655736766
1628215224798288675,353050.99397276744,4026730.10345269
1628215224936515935,353049.7268992888,4026730.165502006
1628215224996499782,353049.26030167635,4026730.1160424734
1628215225134445610,353047.97198615747,4026730.2049723794
1628215225194428719,353047.4998874491,4026730.160443331
1628215225326585451,353046.47464389383,4026730.064688004
1628215225398536565,353045.7209706271,4026730.22050888
1628215225530292611,353044.6847974185,4026730.135292342
1628215225602419535,353044.1241726987,4026730.091082473
1628215225740331194,353042.81016198825,4026730.212431731
1628215225806291645,353042.3213209273,4026730.179394641
1628215225926529278,353041.12251473387,4026730.272002974
1628215225998443950,353040.544616048,4026730.2349299756
1628215226142294538,353039.2547858433,4026730.331714713
1628215226202304170,353038.7539628086,4026730.3065486867
1628215226328552898,353037.66438201023,4026730.253611297
1628215226400507568,353036.9637975613,4026730.3853464527
1628215226544425000,353035.7809967372,4026730.3366608815
1628215226592451359,353035.35740184586,4026730.319798175
1628215226730547078,353034.0708271499,4026730.4411869165
1628215226802502484,353033.4723665464,4026730.422514511
1628215226928443704,353032.2966164034,4026730.5340126413
1628215227000467857,353031.6939324676,4026730.5200354606
1628215227132426752,353030.5226983979,4026730.638697595
1628215227204397838,353029.91758209094,4026730.6288511963
1628215227330877603,353028.7934849264,4026730.6100395997
1628215227402466104,353028.14730271196,4026730.753738792
1628215227534457030,353027.018194093,4026730.7435345585
1628215227600676632,353026.40959533287,4026730.738882113
1628215227744524832,353025.16902589175,4026730.8755594227
1628215227792521298,353024.73238719,4026730.875932235
1628215227936434825,353023.5094251252,4026730.989148012
1628215228008322155,353022.89646833646,4026730.997440666
1628215228140509827,353021.7726514393,4026731.1210751003
1628215228194682828,353021.24640895595,4026731.135587316
1628215228338298593,353020.0150104173,4026731.17784003
1628215228410414407,353019.4281091477,4026731.291885531
1628215228536434639,353018.2839094618,4026731.3491312163
1628215228680442542,353017.1048787582,4026731.4813095406
1628215228734308316,353016.66328995966,4026731.5100949695
1628215228878423054,353015.4083770824,4026731.6395554002
1628215228938422617,353014.87784898677,4026731.68207221
1628215228998415983,353014.34668450826,4026731.726652178
1628215229136556069,353013.2088127504,4026731.847489648
1628215229280541518,353011.9666125368,4026731.968975731
1628215229352350648,353011.34435957496,4026732.0337171694
1628215229472307620,353010.4320575072,4026732.1428163038
1628215229532336801,353009.8999541696,4026732.204006578
1628215229676489294,353008.7521246419,4026732.333299188
1628215229748479817,353008.132851143,4026732.415362618
1628215229880356095,353007.24168415583,4026732.5056707077
1628215229934263618,353006.71192775195,4026732.5846743267
1628215230072602101,353005.47318219056,4026732.7820617696
1628215230132538634,353005.13625360327,4026732.7847798453
1628215230270483865,353003.9005215977,4026733.0032958053
1628215230330458666,353003.3702909105,4026733.1029072553
1628215230480542745,353002.3702779631,4026733.166825918
1628215230540304783,353001.9330816431,4026733.2548414716
1628215230672483217,353001.16097918025,4026733.2039684635
1628215230732464041,353000.6450253684,4026733.3122567027
1628215230876307221,352999.9618436955,4026733.1908054682
1628215230942565917,352999.3724822607,4026733.3181159645
1628215231074579598,352998.27739821456,4026733.5667631673
1628215231134528798,352998.4643936715,4026733.16112804
1628215231278304799,352997.31711170013,4026733.423402235
1628215231344574793,352996.74205808504,4026733.5612124456
1628215231476531172,352996.5928499254,4026733.1128956536
1628215231542310663,352996.1177704828,4026733.2254497916
1628215231674471465,352995.8036998876,4026732.882859531
1628215231746448019,352995.26648917794,4026733.0081486497
1628215231879428158,352994.8038897014,4026732.8256348507
1628215231939448693,352994.3534007065,4026732.930600138
1628215232077615100,352993.3013284815,4026733.1835841327
1628215232137580951,352993.42704938364,4026732.8232013793
1628215232281282351,352992.3945374517,4026733.070703696
1628215232341451187,352991.9509029697,4026733.1803593743
1628215232479448260,352991.45977061044,4026733.024888088
1628215232551407698,352991.0249192917,4026733.134196416
1628215232677467339,352990.57118107507,4026732.977526095
1628215232737507132,352990.1449509299,4026733.085932864
1628215232881434256,352989.6048997536,4026733.009646437
1628215232947581538,352989.11659039493,4026733.1338544004
1628215233085315895,352988.2089371547,4026733.3676341623
1628215233205312677,352987.91552592197,4026733.2084494904
1628215233283437386,352987.36591562163,4026733.3493610434
1628215233403417775,352987.1550327857,4026733.136750636
1628215233481601196,352986.61742721056,4026733.2729342566
1628215233607444637,352985.8088911874,4026733.492100441
1628215233685442213,352985.83542953304,4026733.2611942375
1628215233811465096,352984.9805919699,4026733.4817794203
1628215233883369942,352984.97510515194,4026733.304105786
1628215234009406094,352984.20097773854,4026733.470220359
1628215234087443502,352983.68097828934,4026733.582873663
1628215234207458455,352983.34653601836,4026733.487526918
1628215234285608544,352982.8364329421,4026733.5881027337
1628215234405414681,352982.4379558589,4026733.5317916316
1628215234483548600,352981.9376772685,4026733.619650304
1628215234604510538,352981.49840447516,4026733.567304555
1628215234676504255,352981.06119845493,4026733.6205690824
1628215234814592246,352980.1882277753,4026733.711326511
1628215234880412430,352980.05646825855,4026733.6402889104
1628215235006623059,352979.2580675232,4026733.713980393
1628215235078595951,352978.8280264384,4026733.748866119
1628215235210297100,352978.25801495474,4026733.712617111
1628215235276571074,352977.831095267,4026733.7318247533
1628215235408570915,352977.2362833695,4026733.688992808
1628215235486335815,352976.81305307534,4026733.697220116
1628215235606486970,352976.19766063086,4026733.6770765856
1628215235678506548,352975.77581736865,4026733.675323944
1628215235816470826,352974.99398248823,4026733.6605913867
1628215235882387572,352974.69869102386,4026733.6585757085
1628215236008489462,352973.9215194613,4026733.6381030413
1628215236086451960,352973.5046727244,4026733.6214721682
1628215236212452076,352972.84353982523,4026733.6124354023
1628215236278596318,352972.42822304316,4026733.583457016
1628215236410551618,352971.7366828302,4026733.5737232654
1628215236482598632,352971.3223501514,4026733.536198479
1628215236608461592,352970.61261057446,4026733.4736725246
1628215236680379720,352970.2384017139,4026733.514874443
1628215236812576229,352969.40687045874,4026733.4345940705
1628215236878349916,352969.06184029754,4026733.465237585
1628215237010475446,352968.29256767046,4026733.3761339486
1628215237088452488,352967.81708768243,4026733.3176131174
1628215237214530545,352967.0329836719,4026733.3076424287
1628215237286579600,352966.61716585164,4026733.2527402383
1628215237406598813,352965.87175989896,4026733.2788412054
1628215237538477598,352965.09832899773,4026733.167698204
1628215237616479451,352964.57791426923,4026733.270258288
1628215237682608476,352964.16246189404,4026733.209917825
1628215237802563453,352963.4489142152,4026733.1028322843
1628215237946521952,352962.5590918119,4026733.1500766734
1628215238006503933,352962.2022450959,4026733.0958371013
1628215238144624336,352961.2752128411,4026733.1659301547
1628215238216602570,352960.8586897772,4026733.1054401724
1628215238342361945,352960.143487913,4026733.0015873546
1628215238420598282,352959.5481958272,4026733.1354634017
1628215238558565599,352958.7052078941,4026733.0184899773
1628215238606601878,352958.2794738741,4026733.1848815503
1628215238744429333,352957.4940189637,4026733.082732444
1628215238810608507,352957.0711250899,4026733.028072873
1628215238948519049,352956.10728753376,4026733.0998974135
1628215239014336997,352955.73916739906,4026733.0575149045
1628215239140582989,352954.81054221455,4026733.1488303696
1628215239212562046,352954.3780820278,4026733.1005207947
1628215239344401120,352953.5636844024,4026733.013847557
1628215239410526383,352952.9898034616,4026733.157790153
1628215239542489888,352952.1785547793,4026733.0858342624
1628215239614651260,352951.60273277544,4026733.239476443
1628215239752474322,352950.7034627554,4026733.172402128
1628215239812482426,352950.31468133256,4026733.1425547977
1628215239938738275,352949.3699627456,4026733.2476252797
1628215240022590069,352948.85476469196,4026733.217016835
1628215240160529490,352947.8299853041,4026733.339285142
1628215240220541253,352947.4344662265,4026733.320622667
1628215240346473235,352946.6466582373,4026733.2830216927
1628215240412602251,352946.07273866236,4026733.455247876
1628215240562910822,352945.0918536933,4026733.423487686
1628215240610358120,352944.83094372903,4026733.4153886056
1628215240742516801,352943.79387026257,4026733.600847385
1628215240814495741,352943.3387088372,4026733.592322288
1628215240952577008,352942.32168497343,4026733.7669656617
1628215241012588600,352941.9329690552,4026733.7625542674
1628215241144532850,352940.9644351565,4026733.9622234143
1628215241216491153,352940.50697247265,4026733.961954474
1628215241348462341,352939.6580031249,4026733.9636617303
1628215241414578311,352939.0852061836,4026734.166059165
1628215241546603230,352938.2388241971,4026734.1799603244
1628215241606613162,352937.8473150871,4026734.187185698
1628215241756603113,352936.7515744022,4026734.3898766837
1628215241816614856,352936.35716602113,4026734.4006914156
1628215241948603558,352935.42377561284,4026734.561846158
1628215242026528499,352934.8989693059,4026734.5800624345
1628215242164394471,352933.9683200532,4026734.735502105
1628215242284580799,352933.11265044886,4026734.772167558
1628215242350372816,352932.71836067975,4026734.7899690443
1628215242494503811,352931.7262697188,4026734.9430262824
1628215242560502212,352931.2664518118,4026734.9676088667
1628215242686620059,352930.3564006406,4026735.104991265
1628215242746625976,352929.96313024434,4026735.128909671
1628215242890623594,352929.0037043585,4026735.2448751708
1628215242950605823,352928.61046763277,4026735.2707767333
1628215243088733453,352927.6952104299,4026735.3315868094
1628215243148601504,352927.26723011775,4026735.399773304
1628215243292606138,352926.35016493313,4026735.461941743
1628215243346353998,352926.0236435797,4026735.484483089
1628215243490529985,352925.0172918205,4026735.5776705444
1628215243550526571,352924.6246314126,4026735.603364139
1628215243694625303,352923.6906887612,4026735.672647749
1628215243754604566,352923.2979323821,4026735.6962830755
1628215243886377244,352922.4344132487,4026735.7541325646
1628215243940559993,352922.04206540086,4026735.778462923
1628215244084509191,352921.1257939976,4026735.835254922
1628215244162636590,352920.5962488649,4026735.860152014
1628215244288546100,352919.8097046596,4026735.9077838003
1628215244354561205,352919.35158490617,4026735.9353213185
1628215244486496087,352918.4935567954,4026735.985852873
1628215244558628945,352918.03550868167,4026736.0140148625
1628215244684652222,352917.1816799409,4026736.0602408955
1628215244744643632,352916.78750611754,4026736.0848695235
1628215244894561264,352915.81601184676,4026736.124502465
1628215244954527525,352915.4255364981,4026736.151273287
1628215245092392270,352914.57734957675,4026736.211648032
1628215245152547228,352914.19957846595,4026736.202993194
1628215245296561387,352913.21189750347,4026736.2706572656
1628215245356564268,352912.8170682173,4026736.298020927
1628215245494611801,352911.93385088514,4026736.3208661503
1628215245692368165,352910.7285072438,4026736.3590909876
1628215245758536293,352910.2689532683,4026736.397418531
1628215245890532033,352909.458707558,4026736.404330767
1628215246022515289,352908.60485111974,4026736.4704939444
1628215246094387241,352908.1469930307,4026736.506252192
1628215246160626447,352907.7459166426,4026736.473029654
1628215246298527086,352906.8956765159,4026736.5382923605
1628215246418723178,352906.11193706066,4026736.5210424797
1628215246490622187,352905.65351751994,4026736.556085592
1628215246616372742,352904.947459257,4026736.5270798276
1628215246688585282,352904.42687470664,4026736.56567328
1628215246820559078,352903.5804290257,4026736.6297427285
1628215246898634700,352903.13236713014,4026736.586415608
1628215247024735657,352902.3503254128,4026736.6439976734
1628215247090394940,352901.95989154157,4026736.673209833
1628215247222568693,352901.1344464072,4026736.645872785
1628215247294534805,352900.68079753383,4026736.6779054427
1628215247420610091,352899.9238004382,4026736.639617746
1628215247492655259,352899.4707412302,4026736.6686344417
1628215247624581164,352898.72865191114,4026736.616864221
1628215247696541754,352898.2756276352,4026736.642546305
1628215247816658739,352897.4981675149,4026736.685982265
1628215247894614126,352897.0722860717,4026736.6243419545
1628215248014690346,352896.29523418855,4026736.663063703
1628215248098413315,352895.7758965129,4026736.6888189847
1628215248218521067,352895.10290701455,4026736.6393243494
1628215248302391718,352894.58450378815,4026736.6625995142
1628215248428928254,352893.8495886185,4026736.614576045
1628215248494555630,352893.3979531548,4026736.6321857036
1628215248620484909,352892.7370791792,4026736.5808986067
1628215248698519043,352892.22219802,4026736.599521165
1628215248818533118,352891.4507180822,4026736.6285050795
1628215248896631501,352891.0418415163,4026736.5852304017
1628215249028606854,352890.2060633594,4026736.616145427
1628215249094518090,352889.8187647249,4026736.6305037127
1628215249226900170,352889.03553726716,4026736.6020771237
1628215249298642260,352888.58763280546,4026736.620150115
1628215249418661748,352887.940848451,4026736.59526628
1628215249496413174,352887.4935337564,4026736.6139244135
1628215249622536363,352886.7943604338,4026736.598597314
1628215249700658866,352886.2868732519,4026736.621329035
1628215249826526919,352885.52947957406,4026736.658543011
1628215249892672906,352885.2132611895,4026736.6390403784
1628215250018585456,352884.398042746,4026736.6873911684
1628215250096534276,352883.95974240964,4026736.715723185
1628215250222697938,352883.2908486349,4026736.720527578
1628215250294663478,352882.86124995886,4026736.750901553
1628215250432575092,352882.15813999367,4026736.7571491725
1628215250504522932,352881.737634283,4026736.789245651
1628215250624539953,352881.1680071659,4026736.7702772557
1628215250750645424,352880.4078961206,4026736.8307772134
1628215250822686974,352880.00434836495,4026736.8622958967
1628215250894942905,352879.7315575887,4026736.8123086877
1628215251020672885,352879.06503465894,4026736.8560903007
1628215251152647044,352878.41582813294,4026736.801790888
1628215251224580522,352878.04315755906,4026736.820341658
1628215251368556448,352877.39913295174,4026736.720757297
1628215251422578798,352877.0926559777,4026736.7321796636
1628215251560526277,352876.4427611048,4026736.75595691
1628215251626682779,352876.1643036384,4026736.616679072
1628215251758627010,352875.5440511212,4026736.6320488816
1628215251818648968,352875.2627059921,4026736.6390161733
1628215251956575326,352874.63773998804,4026736.4990230943
1628215252028539270,352874.3255173386,4026736.504561616
1628215252160691607,352873.7468676258,4026736.3244826356
1628215252226588866,352873.44884321163,4026736.326873249
1628215252358573036,352872.90951114043,4026736.332545324
1628215252424429490,352872.6095744951,4026736.1019260176
1628215252556678846,352872.05339387804,4026736.102040082
1628215252628751401,352871.654795664,4026735.815814131
1628215252760650228,352871.1445588479,4026735.809616673
1628215252832668065,352870.8787623583,4026735.8102927716
1628215252970687219,352870.18228179764,4026735.4701343724
1628215253024537090,352870.00361284486,4026735.463616421
1628215253162681646,352869.2412148215,4026734.9653502856
1628215253228595461,352868.9940422741,4026734.93596283
1628215253420594174,352867.94526743836,4026734.2346415394
1628215253552776633,352867.49960938387,4026734.1675630035
1628215253630607409,352866.7018776074,4026733.28867496
1628215253762578358,352866.2621287076,4026733.181403222
1628215253822600099,352866.0636612461,4026733.126804904
1628215253960710406,352865.0778134853,4026732.1613432234
1628215254020660588,352864.8771062678,4026732.08627493
1628215254164676875,352863.92151328654,4026731.1628568005
1628215254224614143,352863.720053643,4026731.0758306566
1628215254356555225,352863.29365297337,4026730.888413582
1628215254440588935,352862.59433481056,4026730.13322978
1628215254572574795,352862.126826592,4026729.897277855
1628215254626663622,352861.56222620065,4026729.2291321717
1628215254764539304,352861.1179916684,4026728.979944628
1628215254824891723,352860.8847622103,4026728.847940622
1628215254968854199,352860.08236702427,4026728.098841111
1628215255034422736,352859.87832593964,4026727.9748254023
1628215255166663478,352859.0410751891,4026727.173361724
1628215255226620329,352858.831452082,4026727.036928492
1628215255358543235,352858.0605800096,4026726.267991207
1628215255496663113,352857.5686806415,4026725.929188756
1628215255556603237,352857.3591032914,4026725.782874605
1628215255706825332,352856.53961424844,4026724.9796675234
1628215255766862548,352856.32552973053,4026724.8231301457
1628215255904551267,352855.6599168643,4026724.174843266
1628215255958807243,352855.442441243,4026724.01270243
1628215256102573605,352854.92901271116,4026723.6317466744
1628215256162570161,352854.51866048423,4026723.171013644
1628215256300845580,352853.9994670104,4026722.775858206
1628215256366445681,352853.6299843383,4026722.3586362964
1628215256498914309,352853.10457735707,4026721.9498228584
1628215256570633362,352852.8376236332,4026721.7458278458
1628215256702650343,352852.19143350015,4026721.1037574317
1628215256762614717,352851.9621035536,4026720.9246593113
1628215256900607459,352851.31004783756,4026720.2750438387
1628215256972607976,352851.03979687474,4026720.05660124
1628215257104543204,352850.5339630791,4026719.650270791
1628215257164579309,352850.17213361704,4026719.2308743307
1628215257302620813,352849.61481439514,4026718.7920775455
1628215257368611296,352849.26192522614,4026718.3869795115
1628215257506577541,352848.6975757977,4026717.933157667
1628215257566579836,352848.4557704442,4026717.736471944
1628215257704813415,352847.79755048215,4026717.0671400246
1628215257764836517,352847.55466147326,4026716.865948448
1628215257908493208,352846.9062337293,4026716.22334419
1628215257962469592,352846.69942592946,4026716.051455001
1628215258106807236,352846.0060321293,4026715.364936302
1628215258184639401,352845.70990440645,4026715.1196884937
1628215258304592741,352845.15712591575,4026714.667966808
1628215258358807469,352844.8881011531,4026714.3366711885
1628215258496614356,352844.278494183,4026713.8469510227
1628215258568843442,352843.97171222855,4026713.603295682
1628215258706620618,352843.31235675863,4026712.964173212
1628215258766612578,352843.04341511044,4026712.7509729466
1628215258910582797,352842.40064227127,4026712.1376922224
1628215258970584725,352842.1333946242,4026711.92181578
1628215259108519254,352841.55633626366,4026711.449273861
1628215259162948480,352841.2912443186,4026711.1213524374
1628215259312580836,352840.60924366,4026710.5612442074
1628215259432927877,352840.09159038187,4026710.0196841853
1628215259498808459,352839.7767864779,4026709.7601204445
1628215259630815038,352839.24429413036,4026709.2037519235
1628215259709205399,352838.88181541977,4026708.898908302
1628215259840450340,352838.3427829072,4026708.4372183206
1628215259900790759,352838.09436375904,4026708.1242803796
1628215260044793775,352837.47492605634,4026707.5786738503
1628215260104790425,352837.2072484851,4026707.3428919096
1628215260230622206,352836.7066142855,4026706.7989830337
1628215260302632413,352836.3986430339,4026706.5194743304
1628215260434568758,352835.9171631363,4026705.9857154232
1628215260506451574,352835.6156717575,4026705.703212737
1628215260632625542,352835.1571461156,4026705.184124564
1628215260704632087,352834.85646721,4026704.891964438
1628215260842474616,352834.29984330037,4026704.3540650713
1628215260914795656,352834.0426515946,4026704.049302459
1628215261034882967,352833.5259079782,4026703.5487663173
1628215261112504717,352833.2244378022,4026703.256741756
1628215261238591842,352832.75122037303,4026702.7674598596
1628215261304877158,352832.4483213356,4026702.4667772446
1628215261442575929,352831.9783109451,4026701.9758616104
1628215261514469820,352831.66870345065,4026701.668315815
1628215261634611928,352831.19370237406,4026701.203394705
1628215261712588227,352830.88370488945,4026700.9016387044
1628215261844500738,352830.29758475785,4026700.3376671267
1628215261910780273,352830.0757716737,4026700.1430188636
1628215262036881829,352829.47296953865,4026699.5707284682
1628215262108868777,352829.26121325867,4026699.4075946244
1628215262240577104,352828.65322878,4026698.8356440826
1628215262312978985,352828.323513292,4026698.5265020737
1628215262438850832,352827.8380032481,4026698.129230952
1628215262516598128,352827.50256550044,4026697.8173861546
1628215262636605426,352827.03765023826,4026697.4503861554
1628215262708862333,352826.64275994245,4026697.0880027125
1628215262846437081,352825.98596782284,4026696.4885455407
1628215262912871362,352825.74037432513,4026696.338403545
1628215263032866750,352825.1302840578,4026695.7826444255
1628215263104491433,352824.7698867536,4026695.453076995
1628215263242860575,352824.20754606347,4026695.0925196023
1628215263434871071,352823.4032947476,4026694.6046080417
1628215263506895780,352823.020559683,4026694.2751187687
1628215263644595360,352822.5902649401,4026694.2358960835
1628215263704606342,352822.26755790086,4026693.9620817993
1628215263842466377,352821.54747397476,4026693.3519926583
1628215263962864950,352821.1731192516,4026693.5014657574
1628215264034898284,352820.7592245448,4026693.177312473
1628215264106609075,352820.79398221296,4026693.8077601534
1628215264232836724,352820.0485855957,4026693.2453886475
1628215264370447596,352819.87080337293,4026693.986362583
1628215264436850451,352819.4675682657,4026693.7004617853
1628215264574941310,352818.6282678759,4026693.1146990503
1628215264640561000,352818.6520165042,4026693.88752056
1628215264766850769,352817.8731202377,4026693.372384033
1628215264844517183,352817.4560392427,4026693.090621016
1628215264976842935,352816.90334943286,4026693.308973875
1628215265036844966,352816.5405884097,4026693.0738274097
1628215265174468389,352816.0355504394,4026693.4205302945
1628215265228838287,352815.67288231023,4026693.194446109
1628215265378870077,352815.0230207272,4026693.4341567988
1628215265438856799,352814.6658943321,4026693.2145246034
1628215265570614126,352813.88885455567,4026692.729645922
1628215265648850969,352813.6203123018,4026693.233446861
1628215265786629039,352812.8394390776,4026692.7636367665
1628215265834502014,352812.53731720056,4026692.5806187084
1628215265972600377,352811.845259398,4026692.7795878863
1628215266038831403,352811.4205368054,4026692.533050578
1628215266176521113,352810.7587322185,4026692.8421943905
1628215266242819331,352810.33086100407,4026692.607921609
1628215266363056642,352809.5927243688,4026692.20348758
1628215266440831713,352809.203639068,4026692.728948123
1628215266572916438,352808.395033806,4026692.318940207
1628215266632833574,352808.09713051235,4026692.8153627035
1628215266770842252,352807.2197108389,4026692.400149546
1628215266848651898,352806.7783649572,4026692.1918667965
1628215266980617023,352806.0559222929,4026692.5351721807
1628215267046828146,352805.6128538244,4026692.340461083
1628215267172565622,352804.9523888296,4026692.7284447215
1628215267250610462,352804.4508217863,4026692.521391198
1628215267382821115,352803.66285154916,4026692.8158369567
1628215267442876079,352803.29194535804,4026692.672505251
1628215267575014734,352802.4966230969,4026692.3653617473
1628215267646886186,352802.14597236214,4026692.7963461
1628215267778857116,352801.3665792467,4026692.521471804
1628215267838860104,352801.00996143196,4026692.396463782
1628215267976892935,352800.2422701906,4026692.5804337612
1628215268048875487,352799.8370039923,4026692.4480582518
1628215268175246845,352799.1401449782,4026692.6051173643
1628215268240886989,352798.80461278313,4026692.499744244
1628215268378904176,352798.0580347653,4026692.4966088952
1628215268444600860,352797.733711469,4026692.3971489603
1628215268570896246,352797.0429983901,4026692.179500108
1628215268714496091,352796.3389774784,4026692.134164179
1628215268768845611,352796.03947255935,4026692.0369415088
1628215268918922279,352795.31603518716,4026691.9552606377
1628215268984548067,352795.0364875767,4026691.861555622
1628215269116762477,352794.4280463909,4026691.783784245
1628215269176765623,352794.1668956107,4026691.695153099
1628215269314880850,352793.58320293576,4026691.49336751
1628215269392868949,352793.2156679035,4026691.4550636094
1628215269512875443,352792.7602720341,4026691.2964020916
1628215269572939919,352792.54419820884,4026691.2204787703
1628215269722879832,352791.9646903499,4026691.0386839034
1628215269782865478,352791.7761434702,4026690.9735349366
1628215269914861486,352791.2878648868,4026690.7726765824
1628215269974865634,352791.12067820056,4026690.718174046
1628215270118868484,352790.64087662555,4026690.4773953934
1628215270178494327,352790.496123721,4026690.435657292
1628215270316909482,352790.18615312007,4026690.3583119623
1628215270376888962,352789.85253549775,4026690.0315563153
1628215270514928718,352789.5779032296,4026689.975694105
1628215270575012442,352789.470719996,4026689.96103558
1628215270712869552,352789.07739415264,4026689.6692914357
1628215270784982282,352788.9866512232,4026689.666690449
1628215270916897535,352788.6507448122,4026689.388436203
1628215270988884438,352788.5594299133,4026689.3952787924
1628215271120491056,352788.16967936466,4026688.857751226
1628215271180591962,352788.09590369556,4026688.858707212
1628215271324848247,352787.93556962337,4026688.8698468003
1628215271390856970,352787.43470174685,4026687.6766222664
1628215271516845570,352787.29483749025,4026687.6495985305
1628215271576960727,352787.23679822544,4026687.6427377705
1628215271720871911,352786.5555566228,4026685.877559296
1628215271780875476,352786.4971096744,4026685.843113446
1628215271918993489,352785.811555539,4026683.874434653
1628215271978900513,352785.7506640861,4026683.8074791604
1628215272122892409,352785.1350927235,4026681.995400428
1628215272176548869,352785.08438793605,4026681.9173006588
1628215272320891155,352784.94159464864,4026681.6891639996
1628215272440893948,352784.5675898824,4026680.6450995165
1628215272519096626,352784.4962787264,4026680.510918425
1628215272578932776,352784.4456605276,4026680.412770724
1628215272722854090,352784.1539953892,4026679.530513233
1628215272770872897,352784.11253795645,4026679.439869879
1628215272920870678,352783.8814648553,4026678.592578734
1628215272992889809,352783.8278888997,4026678.45686032
1628215273118722310,352783.5535195819,4026677.19159509
1628215273244825950,352783.44615304697,4026676.939857418
1628215273322931041,352783.37697289576,4026676.7694496796
1628215273442993596,352783.13483020413,4026675.324576756
1628215273514863081,352783.0720543052,4026675.150314124
1628215273646832198,352782.89356244326,4026673.959935861
1628215273724850066,352782.8208610895,4026673.7403510967
1628215273850510097,352782.70352050435,4026673.418881599
1628215273916876517,352782.612208367,4026672.4955492434
1628215274048833621,352782.45651657064,4026672.1333414647
1628215274120514672,352782.3861153174,4026671.3271172973
1628215274246903059,352782.2011197796,4026670.9681120957
1628215274318902000,352782.0951755548,4026670.7677577194
1628215274456958001,352781.93773579405,4026669.9003706365
1628215274516936925,352781.8373457936,4026669.7215686305
1628215274648853677,352781.7294789173,4026668.9626487093
1628215274720936188,352781.6045910816,4026668.7466000332
1628215274846507094,352781.3833186943,4026668.379139803
1628215274918960658,352781.3930321767,4026667.7941540075
1628215275050928632,352781.1491546635,4026667.3858920364
1628215275122514813,352781.1879832903,4026666.9051433187
1628215275248930966,352780.944718049,4026666.4898117715
1628215275320996701,352780.8126496656,4026666.2606727616
1628215275453021597,352780.7441389264,4026665.633966796
1628215275518903018,352780.616254274,4026665.3996048905
1628215275650905932,352780.5648365371,4026664.7910374952
1628215275728900158,352780.4432737454,4026664.5515632317
1628215275854943089,352780.2360199704,4026664.1398541573
1628215275920936387,352780.28944439115,4026663.7062899144
1628215276046528470,352780.10233798675,4026663.2805435797
1628215276124883136,352780.1499838408,4026662.862513876
1628215276250943312,352779.98059131694,4026662.3908689525
1628215276323191106,352779.89720852545,4026662.1317695132
1628215276454912683,352779.92411219375,4026661.5131717697
1628215276526919713,352779.85756608855,4026661.2463494046
1628215276646948583,352779.9281319856,4026660.6505810358
1628215276724930604,352779.87070248765,4026660.3383742874
1628215276845205915,352779.7953520913,4026659.865915333
1628215276922923385,352779.92910846416,4026659.393365119
1628215277048924289,352779.8799694602,4026658.9081315408
1628215277120782851,352780.0198489297,4026658.4762416035
1628215277258882177,352779.9907559771,4026657.9027567026
1628215277324980063,352779.9839404945,4026657.6130094337
1628215277444896859,352780.1672872482,4026656.955398943
1628215277582540752,352780.1860998162,4026656.4066149285
1628215277654999962,352780.3992129773,4026655.8556432803
1628215277732876129,352780.42369159916,4026655.5541050592
1628215277847369363,352780.4743376903,4026655.036051474
1628215277978879031,352780.70815740887,4026654.16988409
1628215278056943698,352780.7582570138,4026653.813638205
1628215278128919477,352780.8693986893,4026653.1919516115
1628215278260884449,352780.9644802124,4026652.5949522527
1628215278386898836,352781.1073177661,4026651.7660015277
1628215278452882498,352781.16363943357,4026651.434687024
1628215278590892821,352781.26624162,4026650.813321019
1628215278656798040,352781.3453502271,4026650.242548573
1628215278782889511,352781.4456531499,4026649.607994984
1628215278854549978,352781.49962770625,4026649.26426905
1628215278992925149,352781.6339180077,4026648.370521431
1628215279052912227,352781.6793595339,4026648.0670124358
1628215279184884200,352781.76055702637,4026647.252778273
1628215279250902974,352781.80769091577,4026646.890815862
1628215279382880637,352781.84830113425,4026646.083854161
1628215279454866301,352781.8816830075,4026645.717182948
1628215279581208936,352781.9299435923,4026645.0335810888
1628215279652911981,352781.9286925529,4026644.5253100884
1628215279784911637,352781.9504667808,4026643.8311184193
1628215279850570969,352781.9549639856,4026643.5102766776
1628215279982878123,352781.9723631261,4026642.6304420377
1628215280204900570,352781.9746224517,4026641.3481181636
1628215280246864381,352781.96746721346,4026641.1281728395
1628215280390536953,352781.96324732376,4026640.2907158546
1628215280594548017,352781.89819170674,4026639.174074897
1628215280654904057,352781.91240524803,4026638.7389697563
1628215280786927860,352781.85166677396,4026638.005719677
1628215280858920332,352781.8196527909,4026637.6662254166
1628215280996939631,352781.80685548374,4026636.862782461
1628215281056990559,352781.7605455456,4026636.461424157
1628215281188967509,352781.7484716333,4026635.761620836
1628215281248991145,352781.7040593559,4026635.4108788385
1628215281386956882,352781.68799233565,4026634.695190124
1628215281458968139,352781.63539502653,4026634.2794242804
1628215281584730469,352781.54094006354,4026633.5554998987
1628215281662958808,352781.57892686164,4026633.2047957256
1628215281806933371,352781.46102646843,4026632.3295531957
1628215281932959198,352781.4499556235,4026631.692375406
1628215281992952873,352781.39504795603,4026631.302285548
1628215282131095466,352781.393142137,4026630.654898757
1628215282190975417,352781.34278312814,4026630.2523241653
1628215282323007926,352781.2363536964,4026629.3589007063
1628215282382910830,352781.35622184654,4026629.4519196525
1628215282532975502,352781.2310456451,4026628.3927447717
1628215282592808595,352781.18562097964,4026628.02912115
1628215282730695625,352781.19532639394,4026627.6483986736
1628215282790912378,352781.127381579,4026627.1304385047
1628215282934950048,352781.05555120925,4026626.926213308
1628215283000754917,352780.9872728658,4026626.474835569
1628215283132941547,352780.7939911819,4026626.271211083
1628215283186900518,352780.7241745979,4026625.890950032
1628215283330928004,352780.5041233208,4026624.797968336
1628215283402982910,352780.2204366899,4026625.3767926753
1628215283522958936,352779.9887546927,4026624.443464772
1628215283588916621,352779.86259143054,4026623.9656025656
1628215283726961178,352779.3116365442,4026624.1390029048
1628215283798936550,352779.1296671187,4026623.580981851
1628215283925112067,352778.47843784303,4026623.887741374
1628215283984967810,352778.2987570653,4026623.417717076
1628215284128937894,352777.59445198555,4026623.546373731
1628215284195041547,352777.34792757616,4026623.003967582
1628215284332740072,352776.867516353,4026621.976817803
1628215284386980448,352776.3084142775,4026622.963876908
1628215284530917343,352775.73563078546,4026621.884984839
1628215284590914163,352775.483326218,4026621.4155022586
1628215284728931434,352774.57479515614,4026621.856690171
1628215284794916184,352774.3034513827,4026621.3982238625
1628215284932917927,352773.431438627,4026621.7902278076
1628215284992900873,352773.135000448,4026621.3420337946
1628215285130968034,352772.25599151006,4026621.6994673996
1628215285190957230,352771.9367952822,4026621.2625455055
1628215285340732068,352771.17232045776,4026620.2281302884
1628215285400913488,352770.62571219436,4026621.296680643
1628215285532970751,352769.87880239065,4026620.369245192
1628215285592839715,352769.58767463523,4026620.0108783045
1628215285730923991,352768.5761867209,4026620.513759323
1628215285802912278,352768.1475408926,4026620.033038813
1628215285941040540,352767.2276450343,4026620.821907278
1628215286060952658,352766.4051797242,4026619.963154878
1628215286132961729,352765.9056528319,4026621.1730827866
1628215286258787428,352765.1279938102,4026620.418842591
1628215286324979582,352764.67116792744,4026619.97514443
1628215286456903909,352763.82846385345,4026620.834727633
1628215286535066958,352763.30472561915,4026620.3505287264
1628215286666892870,352762.50541325693,4026621.199040549
1628215286732911498,352762.0456440543,4026620.794056842
1628215286930870413,352760.8743178665,4026621.3768062796
1628215287008938299,352760.35453391424,4026620.927763757
1628215287134671772,352759.63312239887,4026621.7594126654
1628215287260931346,352758.7893079296,4026621.05952244
1628215287327040509,352758.33637823176,4026620.679895624
1628215287464976264,352757.5659016991,4026621.4796766685
1628215287531018707,352757.115606712,4026621.118607724
1628215287662974464,352756.3584470495,4026621.620933208
1628215287734970205,352755.9130855015,4026621.277208127
1628215287860868452,352755.0845142706,4026620.6374675273
1628215287932853219,352754.667308982,4026621.361515483
1628215288071067965,352753.79000568966,4026620.70951481
1628215288142980579,352753.3702249011,4026621.2209557677
1628215288262857881,352752.6163799863,4026620.6972277416
1628215288334846149,352752.17614646594,4026620.393079464
1628215288461090860,352751.3783104697,4026620.9333476317
1628215288533069131,352750.9443575111,4026620.6467968924
1628215288664956860,352750.15219428635,4026620.8744003214
1628215288730928035,352749.713992668,4026620.6072129942
1628215288868783614,352748.8965860341,4026620.7716709874
1628215288935080328,352748.4621694037,4026620.518896336
1628215289055062862,352747.718124605,4026620.090586225
1628215289132896215,352747.2090732222,4026620.3664585254
1628215289264855470,352746.3939943338,4026619.935256847
1628215289342959017,352745.9558926321,4026619.7062802673
1628215289456853884,352745.20616929,4026619.877591612
1628215289535064453,352744.71159297216,4026619.6368832774
1628215289666848352,352743.92131274997,4026619.7203000165
1628215289744952238,352743.49721014267,4026619.532116987
1628215289858859405,352742.77975781733,4026619.2212060303
1628215289937086705,352742.3335521157,4026619.4096256765
1628215290057092686,352741.6251975319,4026619.131237263
1628215290134882699,352741.1892379041,4026619.283275206
1628215290267040109,352740.43718691193,4026619.0195705327
1628215290339109874,352740.03614325356,4026618.884516573
1628215290470936350,352739.3389038341,4026618.951270793
1628215290536885088,352738.94158874976,4026618.827307813
1628215290668838058,352738.26248188573,4026618.9015302826
1628215290800862589,352737.5339709091,4026618.683347612
1628215290860845756,352737.1990391264,4026618.5847891723
1628215290938829417,352736.88292025717,4026618.7743283296
1628215291058898031,352736.16505298263,4026618.58625582
1628215291190836199,352735.53202390746,4026618.685357094
1628215291269068465,352735.0980025792,4026618.574374125
1628215291401805932,352734.4861378087,4026618.694127343
1628215291461810009,352734.15872693073,4026618.6071371846
1628215291593607369,352733.44217081147,4026618.4100264683
1628215291671822668,352733.0961557917,4026618.6002379493
1628215291809735997,352732.37399921345,4026618.3752757157
1628215291863837586,352732.1474154116,4026618.607620499
1628215291995710875,352731.4277416442,4026618.374320987
1628215292079576673,352730.98182584654,4026618.2278782846
1628215292211866371,352730.27962117153,4026618.275424576
1628215292265629126,352729.99508928927,4026618.1723494944
1628215292403634599,352729.34381884086,4026618.2324446444
1628215292463775264,352728.94054018304,4026618.070050775
1628215292607607246,352728.122971588,4026617.7114895224
1628215292655744008,352727.9077826183,4026617.9498988176
1628215292793825678,352727.08002601843,4026617.570091056
1628215292871608613,352726.7209137409,4026617.7582060588
1628215293003729405,352725.9381722033,4026617.383847458
1628215293069617670,352725.5148266521,4026617.172010555
1628215293195851679,352724.7637298851,4026617.1260707765
1628215293273744033,352724.33502693125,4026616.9006834775
1628215293399764626,352723.53813642956,4026616.993800879
1628215293465765592,352723.10266451054,4026616.7615896845
1628215293597872451,352722.29278251395,4026616.316643179
1628215293669884133,352721.80857100675,4026616.955040733
1628215293801748084,352720.98822558415,4026616.51932459
1628215293873610161,352720.4257122326,4026617.5818467983
1628215293999733010,352719.59731476055,4026617.1679525604
1628215294071644477,352719.149883405,4026616.939551693
1628215294209832813,352718.0501961097,4026617.998710188
1628215294269852975,352717.6609345616,4026617.817132641
1628215294401755443,352716.51919250947,4026619.2639984437
1628215294468100139,352716.0606779938,4026619.0765867126
1628215294611879214,352714.8048959089,4026620.61891356
1628215294671846967,352714.40520705574,4026620.480999569
1628215294803750896,352713.5412880226,4026620.178495576
1628215294875764856,352712.8083472416,4026621.530900456
1628215295007669259,352711.93731265055,4026621.2693982697
1628215295073876066,352711.4692204115,4026621.128952666
1628215295205755989,352710.4437684965,4026621.679108063
1628215295277613721,352709.97586948064,4026621.5500290943
1628215295403755631,352708.93964194425,4026621.9474234087
1628215295541856694,352708.00188840774,4026621.70708132
1628215295595621103,352707.66779150075,4026621.6217469717
1628215295745753636,352706.49321476667,4026621.937700818
1628215295805754193,352706.0915159147,4026621.8431225163
1628215295943849877,352704.9667303669,4026622.1151540396
1628215296003842246,352704.56423938053,4026622.0278353747
1628215296135860616,352703.5034465614,4026622.22605685
1628215296213784156,352702.96433027403,4026622.11921585
1628215296339691229,352702.1578586652,4026621.961076106
1628215296399686443,352701.55688917567,4026622.229810505
1628215296549763611,352700.5456270117,4026622.0564431143
1628215296603624909,352700.2091120522,4026622.001210329
1628215296747926064,352698.9703528191,4026622.185924872
1628215296801761985,352698.63386724074,4026622.1396009773
1628215296945897758,352697.3738660087,4026622.32422675
1628215297011647016,352696.96911140677,4026622.2796834763
1628215297143753916,352695.86954477854,4026622.444648228
1628215297209751001,352695.3965766251,4026622.405148168
1628215297341746635,352694.5220800757,4026622.338544534
1628215297407844297,352693.8254525168,4026622.5381938503
1628215297539844503,352692.94892686023,4026622.4922530926
1628215297605634185,352692.5457900923,4026622.47465847
1628215297743645291,352691.38905995886,4026622.6519903154
1628215297815695837,352690.9198932373,4026622.642222821
1628215297941881780,352689.8314776848,4026622.816861769
1628215298001882979,352689.4286514366,4026622.8175308146
1628215298146697356,352688.30218444485,4026622.9762781016
1628215298213047788,352687.832156094,4026622.9876304865
1628215298350859564,352686.9619080968,4026623.016545196
1628215298404795440,352686.3809824848,4026623.153844341
1628215298542975414,352685.4496567303,4026623.201841416
1628215298602955928,352685.0527156056,4026623.2255584616
1628215298740803984,352683.9517162305,4026623.392397342
1628215298812640801,352683.5549101854,4026623.4240582683
1628215298951035963,352682.4049516587,4026623.5904079876
1628215299005053809,352682.076103153,4026623.6235075253
1628215299148891953,352681.02874668955,4026623.77193837
1628215299202862937,352680.63771263976,4026623.819992422
1628215299412990479,352679.1530397882,4026624.0262406077
1628215299545015808,352678.3198191589,4026624.1615759106
1628215299676871852,352677.36748348887,4026624.2949216636
1628215299748758045,352676.92405936355,4026624.3812130364
1628215299874880004,352676.0518832712,4026624.4797969027
1628215299952931543,352675.5493328965,4026624.5922509925
1628215300084698283,352674.74041730876,4026624.789350811
1628215300150880573,352674.2209838688,4026624.8206501594
1628215300270797418,352673.48202976666,4026625.0257635433
1628215300342645235,352673.0543216509,4026625.1532856077
1628215300474647462,352672.19289657654,4026625.2810901394
1628215300546970570,352671.71182196436,4026625.4432678046
1628215300678807129,352670.8896662212,4026625.550897081
1628215300750782951,352670.4756383708,4026625.7076135795
1628215300870775715,352669.74504159845,4026625.761693021
1628215300948997353,352669.27819870797,4026625.9496005457
1628215301068821115,352668.5838833932,4026626.2385214684
1628215301146755928,352668.1801528728,4026626.1716496963
1628215301278964484,352667.37437899667,4026626.524773187
1628215301356663931,352666.9721670187,4026626.7015433093
1628215301470988733,352666.31762025715,4026626.68019316
1628215301548807968,352665.8645361064,4026626.873191336
1628215301674778097,352665.2454053444,4026626.7809447506
1628215301752946255,352664.7912410996,4026626.967853946
1628215301872970281,352664.1738854107,4026626.8615466272
1628215301944842855,352663.78021012887,4026627.023464946
1628215302082766692,352662.99883807544,4026627.3543001623
1628215302154787714,352662.6766789446,4026627.1490550307
1628215302274794635,352662.0050684352,4026627.416389959
1628215302347236100,352661.61225947755,4026627.5682322616
1628215302478872223,352660.95364880236,4026627.4909531074
1628215302556906315,352660.5021599728,4026627.6449549324
1628215302676785712,352659.90413198853,4026627.5123074576
1628215302742976371,352659.506689096,4026627.632127598
1628215302880798414,352658.84482163895,4026627.499726587
1628215302946871071,352658.44899058284,4026627.610242864
1628215303085027990,352657.6521080417,4026627.8257813756
1628215303150772296,352657.371955596,4026627.59982805
1628215303276956392,352656.6298456994,4026627.77725957
1628215303354776615,352656.2319074642,4026627.8679493717
1628215303474770278,352655.60767054296,4026627.6800297624
1628215303546771862,352655.14872652944,4026627.7689065193
1628215303678794096,352654.45601138973,4026627.556110201
1628215303750998907,352654.05295393383,4026627.6185464803
1628215303876810745,352653.34895950294,4026627.370589888
1628215304008785595,352652.59584120195,4026627.467772246
1628215304080801754,352652.18761704053,4026627.517107958
1628215304158980309,352651.74362177635,4026627.2360229143
1628215304278954715,352651.0409914297,4026627.2979740356
1628215304410796934,352650.28386705264,4026627.0016853116
1628215304482778404,352649.86831013317,4026627.021814278
1628215304614670191,352649.08565872896,4026626.724707599
1628215304680943337,352648.6685215846,4026626.73446546
1628215304812857832,352647.89570829296,4026626.7430824903
1628215304884741192,352647.4403198173,4026626.448859849
1628215305022810971,352646.5874614455,4026626.441542282
1628215305071021869,352646.28234573966,4026626.438144456
1628215305214852924,352645.3809262292,4026626.191759894
1628215305280828854,352644.95405834576,4026626.1784573602
1628215305424759636,352644.0275919819,4026625.945133349
1628215305472778784,352643.7160905712,4026625.932327387
1628215305610979607,352642.7683223599,4026625.7312894776
1628215305682991389,352642.3325866284,4026625.709775021
1628215305814723605,352641.585341067,4026625.6713721156
1628215305874787830,352641.0582351873,4026625.527886513
1628215306012937387,352640.17923085886,4026625.4797759256
1628215306090700819,352639.7388666235,4026625.455276127
1628215306216813808,352638.8383645506,4026625.313093514
1628215306283265818,352638.3983738531,4026625.2854364524
1628215306414789325,352637.4841981351,4026625.1682842835
1628215306486958275,352637.04089756054,4026625.1398090553
1628215306624794852,352636.1001357809,4026625.0492869355
1628215306685139346,352635.65486350167,4026625.0197218703
1628215306810836615,352634.89438960655,4026624.967941153
1628215306888804433,352634.25416271866,4026624.93087153
1628215307026968445,352633.3636328466,4026624.872607308
1628215307075013730,352633.04619322886,4026624.85158754
1628215307206867213,352632.08431443543,4026624.825749237
1628215307278954992,352631.6416153369,4026624.7967547826
1628215307416936511,352630.6028971452,4026624.792739288
1628215307477312919,352630.2232406847,4026624.770477579
1628215307608954086,352629.23698695377,4026624.797199824
1628215307686867013,352628.73119327956,4026624.772774918
1628215307824984585,352627.9129218535,4026624.7355641113
1628215307879242453,352627.3604278102,4026624.7896246994
1628215308010918017,352626.54279199697,4026624.7610760313
1628215308082843725,352626.10421663604,4026624.748455169
1628215308220798705,352625.06137376186,4026624.799782321
1628215308280831158,352624.6840852392,4026624.7947308477
1628215308418802670,352623.70614817494,4026624.854676009
1628215308490946811,352623.2031885758,4026624.853335824
1628215308622824541,352622.2211969241,4026624.9296810403
1628215308754832194,352621.40601160156,4026624.93754868
1628215308814800931,352621.0307274131,4026624.942682972
1628215308958816309,352619.9861778432,4026625.0372035955
1628215309019182014,352619.5505302381,4026625.0459969207
1628215309150860563,352618.58811099024,4026625.1355080903
1628215309216819276,352618.21481278876,4026625.149748848
1628215309414922358,352616.82462653774,4026625.2699897774
1628215309558828613,352615.96408355574,4026625.3240382983
1628215309613007016,352615.4452470082,4026625.397602203
1628215309756825072,352614.58108672587,4026625.4686393677
1628215309816825634,352614.21324469085,4026625.5022283746
1628215309955030486,352613.20998024894,4026625.6197285014
1628215310014910443,352612.8456821324,4026625.6571301995
1628215310158827927,352611.8702874123,4026625.7696454525
1628215310218800557,352611.50660949503,4026625.81121285
1628215310356951643,352610.53802551236,4026625.911475788
1628215310416923028,352610.17584882677,4026625.955180661
1628215310554907928,352609.3316936752,4026626.0612302283
1628215310626931329,352608.7839668414,4026626.101308077
1628215310758929983,352608.0032511171,4026626.2051207963
1628215310818936581,352607.64488256746,4026626.253817438
1628215310956834351,352606.6876155461,4026626.3376241284
1628215311028826408,352606.26451265224,4026626.3985458687
1628215311160827879,352605.38530734065,4026626.467802829
1628215311220834275,352605.0243975921,4026626.521398027
1628215311358868587,352604.0888176462,4026626.584809613
1628215311418853544,352603.7272063452,4026626.640219268
1628215311550812622,352602.9460876978,4026626.7633962687
1628215311622964193,352602.4366428293,4026626.750382923
1628215311761068924,352601.5997893233,4026626.8837942667
1628215311820969767,352601.24007472367,4026626.9430599352
1628215311958847238,352600.31741628237,4026626.9874644894
1628215312012832146,352600.0197330104,4026627.0370678855
1628215312162923035,352599.05603983457,4026627.087558053
1628215312222911258,352598.69996898586,4026627.1457404434
1628215312354739396,352597.92850925657,4026627.2733951677
1628215312420881891,352597.44077644416,4026627.2414578167
1628215312564843369,352596.6086364377,4026627.372082895
1628215312630937805,352596.1296737703,4026627.321088631
1628215312762763618,352595.41960777575,4026627.426716088
1628215312882894853,352594.5783480713,4026627.408759629
1628215312966837938,352594.1032788434,4026627.478987132
1628215313092774515,352593.3917109223,4026627.5860222
1628215313164966050,352592.86180861946,4026627.5329364333
1628215313284976401,352592.14970288303,4026627.637059615
1628215313362846789,352591.6838097451,4026627.568589148
1628215313488853185,352590.91400591994,4026627.6787667335
1628215313566943850,352590.44153182174,4026627.747263216
1628215313686951687,352589.6796594806,4026627.7029909696
1628215313764874695,352589.20717165095,4026627.7706799796
1628215313884880464,352588.44808298594,4026627.7178240325
1628215313956955782,352588.03675413976,4026627.7748031328
1628215314094732450,352587.27476948185,4026627.881776188
1628215314160828101,352586.81727571867,4026627.7939844443
1628215314298850197,352585.99964927044,4026627.905899299
1628215314358858192,352585.5987855913,4026627.7887433316
1628215314490839000,352584.840626152,4026627.8873620788
1628215314557128478,352584.43349817593,4026627.9401289704
1628215314688978442,352583.6181341653,4026627.869330782
1628215314760855358,352583.2117689061,4026627.920289916
1628215314892848212,352582.39071802766,4026627.8452874767
1628215314958975370,352581.983580954,4026627.8939318536
1628215315096811285,352581.23348453373,4026627.985742695
1628215315162823369,352580.77255588013,4026627.8862021235
1628215315288913723,352580.0203109771,4026627.977294305
1628215315366761556,352579.5567220086,4026627.8720655004
1628215315492974391,352578.81180086266,4026627.9595369627
1628215315564834040,352578.4116242266,4026628.00831771
1628215315690955225,352577.6045154892,4026627.9456042103
1628215315762848688,352577.20575816254,4026627.995294522
1628215315894845396,352576.4124566511,4026627.9261768055
1628215315954765749,352576.0749671827,4026627.967969584
1628215316098720192,352575.2862681444,4026628.0689026974
1628215316164837333,352574.83765796,4026627.972319071
1628215316290824876,352574.16196597804,4026628.057043203
1628215316356740158,352573.7697347466,4026628.1064528725
1628215316494956136,352572.93988232757,4026628.055840932
1628215316566724796,352572.5543382998,4026628.100090916
1628215316686869845,352571.83526512625,4026628.0243041194
1628215316764869964,352571.3972580979,4026628.0701983618
1628215316896975303,352570.6275576737,4026627.9855703274
1628215316968861370,352570.2535505736,4026628.0191249694
1628215317088861520,352569.6234293431,4026628.0737910876
1628215317166860802,352569.13590959634,4026627.964710878
1628215317298838097,352568.47147260944,4026628.0114092957
1628215317370664181,352568.03415484715,4026627.8825938213
1628215317496965699,352567.3885943268,4026627.915904658
1628215317622841434,352566.7072170666,4026627.788475605
1628215317700859391,352566.3279558538,4026627.8002146035
1628215317766973176,352566.00077555317,4026627.809376498
1628215317898991608,352565.2773601862,4026627.6505913786
1628215318030826987,352564.7025260281,4026627.650776156
1628215318102831583,352564.4041914101,4026627.647746479
1628215318168832005,352563.9742011159,4026627.483253091
1628215318288994559,352563.48940492864,4026627.466082235
1628215318421005782,352562.8144184546,4026627.255105763
1628215318492857842,352562.5581793973,4026627.24018261
1628215318624848148,352561.9229309857,4026627.0114866616
1628215318690849335,352561.6902631264,4026626.997227692
1628215318822834757,352561.28593109106,4026626.970395399
1628215318894841810,352560.7908229969,4026626.6628872934
1628215319032874745,352560.4328529662,4026626.616631062
1628215319092874005,352560.29509805195,4026626.598898252
1628215319225018776,352559.6657602047,4026626.2405035417
1628215319290975181,352559.51826518646,4026626.2242792817
1628215319422991358,352558.7204055884,4026625.6972405086
1628215319494856894,352558.5929600197,4026625.6827579266
1628215319626822262,352557.5083982373,4026624.7817787044
1628215319692976510,352557.40052069264,4026624.75868133
1628215319836867112,352557.20988674916,4026624.7181493277
1628215319896874357,352555.96777566173,4026623.428933444
1628215320022897147,352555.7978457463,4026623.3604628094
1628215320095156337,352555.7230818842,4026623.328495329
1628215320238861199,352554.67840243736,4026622.1600706815
1628215320287158129,352554.6324923765,4026622.127148694
1628215320424910069,352553.58404108696,4026620.7514474094
1628215320496847883,352553.5232337123,4026620.685981674
1628215320634743689,352552.65602888115,4026619.3873991733
1628215320694948646,352552.6002932905,4026619.3115148945
1628215320827018890,352552.51675898687,4026619.1838149773
1628215320904792034,352551.89604594314,4026618.123607873
1628215321030831337,352551.8168574545,4026617.9679367747
1628215321090823630,352551.788417215,4026617.8999441857
1628215321216959415,352551.2521808572,4026616.854252757
1628215321288982833,352551.2359069395,4026616.776684106
1628215321426920696,352550.74873315217,4026615.6873467728
1628215321504803698,352550.7374223493,4026615.60373312
1628215321630968483,352550.23928300064,4026614.390105375
1628215321702861446,352550.23684726947,4026614.304364647
1628215321840934996,352550.24879649305,4026614.1493303142
1628215321972735731,352549.81711810274,4026612.867132565
1628215322032818177,352549.8254521944,4026612.790178928
1628215322171018169,352549.44407336623,4026611.4939814783
1628215322243004475,352549.4576156195,4026611.393102771
1628215322374708348,352549.08411595155,4026609.8820449477
1628215322429269481,352549.1410547793,4026609.899512609
1628215322573027988,352549.17553598795,4026609.6661424045
1628215322632925708,352548.8993415715,4026608.3710789145
1628215322770924501,352548.9417903883,4026608.1109500085
1628215322824896985,352548.9604965964,4026608.0194134666
1628215322974992054,352548.78274584166,4026606.5589228757
1628215323035009727,352548.8117527462,4026606.427087543
1628215323172916338,352548.678642989,4026605.0684042964
1628215323226888935,352548.7055949009,4026604.9485173863
1628215323376767271,352548.5649531065,4026603.4341719416
1628215323436741767,352548.62258534436,4026603.3776141102
1628215323568888051,352548.6937837802,4026603.03149986
1628215323634911000,352548.5683878289,4026601.8032984096
1628215323766864060,352548.66648168885,4026601.416465622
1628215323839038683,352548.72577104904,4026601.209811325
1628215323964982855,352548.7024327481,4026599.8850727887
1628215324025010017,352548.75404874113,4026599.6901878696
1628215324174903747,352548.73933090456,4026598.3375999513
1628215324234916629,352548.7996765026,4026598.1284519113
1628215324372786487,352548.7816126805,4026596.8123746444
1628215324432899891,352548.85953324474,4026596.631713579
1628215324570893806,352549.03056186857,4026596.1155518754
1628215324636939059,352548.9907742999,4026595.13690758
1628215324768893769,352549.16332508804,4026594.6312830066
1628215324828905407,352549.2479969019,4026594.3990118043
1628215324978993379,352549.35514864954,4026593.192297163
1628215325032892367,352549.43142974627,4026592.9906142424
1628215325170884110,352549.5497830863,4026591.9220621586
1628215325230902706,352549.64808869525,4026591.6731898687
1628215325374753980,352549.755565566,4026590.5501308865
1628215325446748923,352549.87792965886,4026590.2659900286
1628215325578802482,352550.1105866444,4026589.7128751795
1628215325632749042,352550.0864618324,4026588.9193380727
1628215325770998301,352550.3500178592,4026588.3096969305
1628215325836761836,352550.4658147664,4026588.0485257986
1628215325974879962,352550.59205965954,4026586.8877591286
1628215326100935571,352550.8501675776,4026586.3058714406
1628215326173014622,352550.87058697,4026585.572577877
1628215326304759465,352551.1388436323,4026584.977322288
1628215326371022257,352551.1694085838,4026584.262754317
1628215326502929172,352551.44622695644,4026583.664884899
1628215326574881422,352551.5983246551,4026583.3382186554
1628215326706838772,352551.7657351118,4026582.372703484
1628215326778810763,352551.9203109393,4026582.041016833
1628215326905042283,352552.0950109485,4026581.08779843
1628215326976903846,352552.2531168913,4026580.751935602
1628215327097138832,352552.52669860434,4026580.1754724393
1628215327175011094,352552.60745359736,4026579.497827785
1628215327312788440,352552.9120730548,4026578.8693984235
1628215327372758746,352552.9485179926,4026578.281555428
1628215327498883357,352553.25485865225,4026577.650250992
1628215327564943636,352553.42271176644,4026577.3061121698
1628215327708832820,352553.64975451934,4026576.3333871122
1628215327780917445,352553.82116170286,4026575.9864793504
1628215327900867680,352554.00502373127,4026575.098184648
1628215327978908973,352554.20324682863,4026574.6951176464
1628215328110837950,352554.42311247904,4026573.7669031317
1628215328182930078,352554.5988971349,4026573.4189824685
1628215328297016441,352554.9063845135,4026572.812004299
1628215328374873211,352554.97662106575,4026572.169023979
1628215328506829750,352555.3133709874,4026571.509774136
1628215328584789574,352555.5236962289,4026571.1005197074
1628215328699055636,352555.71921316674,4026570.176160493
1628215328776702410,352555.9059729415,4026569.8167995987
1628215328908951977,352556.15618679125,4026568.767385432
1628215328980885280,352556.3459594138,4026568.4021443515
1628215329106908146,352556.6742010999,4026567.777326291
1628215329173015218,352556.7444194411,4026567.0973966895
1628215329304889628,352557.1050780256,4026566.4119829205
1628215329377087411,352557.1733867531,4026565.7095025326
1628215329502896554,352557.5410712103,4026565.0137151917
1628215329574839821,352557.73971889645,4026564.635574245
1628215329701046612,352557.9700674364,4026563.573703553
1628215329778924278,352558.1704664376,4026563.1908711987
1628215329904915181,352558.400787122,4026562.109423728
1628215329976846724,352558.6048167121,4026561.7175573255
1628215330108929700,352558.9851697819,4026560.987885547
1628215330175035749,352559.05123601004,4026560.246868648
1628215330301200276,352559.43349442066,4026559.514379708
1628215330372940353,352559.48666279204,4026558.736365648
1628215330504990711,352559.8747197428,4026557.985940315
1628215330577043759,352560.08645975386,4026557.580881064
1628215330708906879,352560.3148879517,4026556.424063631
1628215330840875083,352560.70543005783,4026555.6582607822
1628215330906902401,352560.7427304535,4026554.8229370043
1628215330978875542,352560.9513396189,4026554.402466084
1628215331098892859,352561.3131554085,4026553.6809835164
1628215331236957964,352561.56397339585,4026552.4230911355
1628215331308927266,352561.7771295408,4026551.9900457626
1628215331441055202,352561.9979766542,4026550.775075737
1628215331507050285,352562.2106098223,4026550.336401086
1628215331639024850,352562.4201247165,4026549.086764776
1628215331710924364,352562.63261152816,4026548.6430724263
1628215331842839860,352563.0303168733,4026547.8139603953
1628215331902827647,352563.01099010353,4026546.9723140765
1628215332041053415,352563.439292828,4026546.0617554216
1628215332112891046,352563.45240609604,4026545.1716286438
1628215332238967471,352563.8464660271,4026544.314792096
1628215332304799024,352564.02832453244,4026543.91842789
1628215332442796720,352564.22407781635,4026542.5164436703
1628215332514905801,352564.43033670814,4026542.0439110766
1628215332652936301,352564.59643900034,4026540.603215846
1628215332712930986,352564.7707640595,4026540.1945590437
1628215332832911960,352565.1184453453,4026539.3741109613
1628215332911034032,352565.0844755125,4026538.299632931
1628215333043015989,352565.4538552261,4026537.3912901473
1628215333108814887,352565.62403895264,4026536.972404029
1628215333234923782,352565.7275900983,4026535.5574698746
1628215333313031101,352565.94742002414,4026534.9892996456
1628215333438863026,352565.9934092775,4026533.602803505
1628215333505034839,352566.1813677824,4026533.0985919246
1628215333642971764,352566.2357022159,4026531.517401819
1628215333702980456,352566.39179511985,4026531.0774921095
1628215333840803311,352566.7234242664,4026530.124320018
1628215333907036550,352566.5381827817,4026529.0197999557
1628215334038959240,352566.8457286914,4026528.050229908
1628215334110933676,352566.7685243153,4026527.171817747
1628215334248839146,352567.07416456286,4026526.115357375
1628215334308842605,352567.20099074324,4026525.6629068893
1628215334447015517,352567.3076925857,4026524.3757131267
1628215334518937901,352567.4430821837,4026523.8454182195
1628215334657023648,352567.5664816203,4026522.653514953
1628215334710909221,352567.6549777433,4026522.2728616777
1628215334842809766,352567.8805038867,4026521.278960683
1628215334914919633,352567.90334578103,4026520.705856801
1628215335046992003,352568.1456497646,4026519.6290200804
1628215335184808943,352568.3016434748,4026518.6559558087
1628215335239122065,352568.4028248831,4026518.1921846736
1628215335311044111,352568.5196306538,4026517.649434248
1628215335442856409,352568.68244142877,4026516.7254641945
1628215335580921709,352568.9066228783,4026515.641756529
1628215335640916993,352568.96796608367,4026515.3153989716
1628215335784941947,352569.19530912756,4026514.220200918
1628215335851060572,352569.31092976173,4026513.6651872015
1628215335982921696,352569.5115674336,4026512.822773647
1628215336042923453,352569.62125527166,4026512.345956331
1628215336181078940,352569.8682615379,4026511.4306551414
1628215336253046941,352570.0020052625,4026510.8681766074
1628215336379239169,352570.2402637317,4026510.0485759974
1628215336439152379,352570.36069525144,4026509.5610624542
1628215336588794382,352570.6518246563,4026508.4193760343
1628215336648860605,352570.7593964285,4026508.1912550395
1628215336780826441,352571.0539404434,4026507.1282773796
1628215336846845445,352571.2181156167,4026506.549915288
1628215336984918654,352571.5283952019,4026505.6871118303
1628215337044934009,352571.67784662824,4026505.190437437
1628215337183003813,352572.00105446135,4026504.309011704
1628215337248949344,352572.1589411327,4026503.8130483
1628215337386940873,352572.48139341257,4026502.9410197134
1628215337446948205,352572.6394917994,4026502.439559488
1628215337590871802,352573.0114392666,4026501.2658580425
1628215337645052853,352573.1143768296,4026501.0810446176
1628215337777059981,352573.4680819318,4026499.997467929
1628215337855002890,352573.60450688156,4026499.6571145607
1628215337980943942,352573.9404537297,4026498.645480949
1628215338040846833,352574.10764340876,4026498.1402344396
1628215338190935748,352574.44505908154,4026497.1933959974
1628215338250982296,352574.6128647024,4026496.6920605763
1628215338389138639,352574.9200226208,4026495.8358717607
1628215338442951207,352575.0612747135,4026495.4204841983
1628215338586812491,352575.46057189815,4026494.257807564
1628215338652884394,352575.5700849467,4026493.9895072505
1628215338790929441,352575.9780972689,4026492.8439860432
1628215338844961298,352576.12634143815,4026492.437756995
1628215338989064495,352576.47844783514,4026491.539985716
1628215339049078124,352576.66085663374,4026491.061061466
1628215339192958172,352577.00353223423,4026490.226027736
1628215339313106768,352577.3825091565,4026489.2896213625
1628215339391083511,352577.5476675267,4026488.951953062
1628215339511066277,352577.93626133236,4026488.035479165
1628215339583097931,352578.1658212241,4026487.5045283297
1628215339721017743,352578.53488605487,4026486.738886018
1628215339792913685,352578.7691680508,4026486.2200010046
1628215339913066406,352579.0795207177,4026485.626868556
1628215339985047763,352579.3167373412,4026485.119026906
1628215340116890783,352579.6776767158,4026484.4533776436
1628215340183327200,352579.9227894804,4026483.95760885
1628215340314960434,352580.38692863216,4026483.0400176076
1628215340386833048,352580.5513139875,4026482.8398611634
1628215340513058447,352581.02841208025,4026481.941321566
1628215340590871351,352581.2882370517,4026481.4600274195
1628215340722819478,352581.67937831354,4026480.883373557
1628215340788870586,352581.9445361236,4026480.410579504
1628215340915088617,352582.34497640195,4026479.888989699
1628215340992866522,352582.61453070695,4026479.4270615554
1628215341118952412,352583.03616536927,4026478.8991449308
1628215341185001321,352583.31083490624,4026478.447277002
1628215341322955346,352583.8284647171,4026477.613463228
1628215341389087737,352584.02041202877,4026477.5157597186
1628215341509076816,352584.50953384,4026476.7606485207
1628215341593087358,352584.8400138379,4026476.25987216
1628215341718950837,352585.29944656946,4026475.7938743853
1628215341790876635,352585.59525482747,4026475.3646879517
1628215341916894735,352586.03308563627,4026474.942042275
1628215341989007349,352586.37819003686,4026474.4613421266
1628215342120970934,352586.8919746495,4026473.9324530438
1628215342192867393,352587.2011840816,4026473.519609926
1628215342312867959,352587.7368121417,4026472.8144590696
1628215342391109404,352588.0503920771,4026472.568810512
1628215342517235942,352588.6432052341,4026471.816619981
1628215342594977738,352588.96613580827,4026471.4138127854
1628215342714887207,352589.48375556414,4026470.9237690154
1628215342786978351,352589.81324173167,4026470.5259926002
1628215342913064736,352590.4003898604,4026469.9646052495
1628215342990985834,352590.78338673513,4026469.515487599
1628215343116887405,352591.3437583834,4026468.9803130096
1628215343182958215,352591.68322533864,4026468.5915680365
1628215343326977886,352592.36799408647,4026467.81620668
1628215343393012504,352592.6907420851,4026467.5389841055
1628215343512971750,352593.28715036635,4026466.8796751853
1628215343584972408,352593.6373675316,4026466.4949588887
1628215343723089798,352594.33831516287,4026465.823861698
1628215343795118401,352594.69433861284,4026465.439595993
1628215343915100345,352595.3138034141,4026464.8690531687
1628215344046980569,352595.98609931755,4026464.153399063
1628215344118912023,352596.3640459762,4026463.830757686
1628215344197122602,352596.7792159617,4026463.389164999
1628215344317119558,352597.4014968944,4026462.7258151313
1628215344448955848,352598.08805483166,4026462.062745149
1628215344520887592,352598.4510211109,4026461.6739669214
1628215344659094470,352599.20545996213,4026460.953924934
1628215344719090962,352599.51762482536,4026460.621462085
1628215344851126102,352600.1920857119,4026459.900278283
1628215344928962108,352600.63618795725,4026459.5053438456
1628215345067074807,352601.31422192935,4026458.7824971634
1628215345121122173,352601.6522645089,4026458.4929601857
1628215345247120638,352602.33427374077,4026457.7705647736
1628215345319030945,352602.7014938579,4026457.3806615123
1628215345462862489,352603.46614461706,4026456.6473235018
1628215345522904604,352603.78274450765,4026456.313625696
1628215345649093122,352604.49857408146,4026455.6310151354
1628215345721107726,352604.87009067053,4026455.2425037487
1628215345852948746,352605.5600646331,4026454.521834724
1628215345919022232,352605.9530106628,4026454.176691073
1628215346051111019,352606.64635225805,4026453.460222112
1628215346128909322,352607.0417246692,4026453.110596876
1628215346254919287,352607.73976984096,4026452.397923781
1628215346321128488,352608.1172437214,4026452.015140141
1628215346452985457,352608.84148623893,4026451.3462420125
1628215346524858990,352609.22169697436,4026450.9664636627
1628215346663037979,352610.007058812,4026450.241380045
1628215346723056302,352610.3348199489,4026449.9179145284
1628215346854985916,352611.07705183816,4026449.255195661
1628215346926899560,352611.46160679334,4026448.8796160375
1628215347065113346,352612.23392641055,4026448.130553763
1628215347118863864,352612.529008445,4026447.898953903
1628215347256974930,352613.305598276,4026447.153328661
1628215347323137739,352613.69594583113,4026446.78097707
1628215347455156766,352614.4454441273,4026446.1291671563
1628215347515128638,352614.78248048597,4026445.812715771
1628215347658997623,352615.59700960957,4026445.1086059534
1628215347725112396,352615.9911452011,4026444.7400505617
1628215347856983372,352616.7508547987,4026444.09645961
1628215347916982045,352617.0897348831,4026443.7807399123
1628215348055266043,352617.8806405748,4026443.0441948455
1628215348120979509,352618.24273103394,4026442.772484007
1628215348258974689,352619.03640040033,4026442.0405155155
1628215348324875021,352619.375305558,4026441.726260351
1628215348457137460,352620.1897099718,4026441.0470710252
1628215348529128783,352620.5829768337,4026440.6812467375
1628215348667040483,352621.39450663375,4026440.0124672726
1628215348792890198,352622.0677753403,4026439.3860638468
1628215348852852635,352622.4033373434,4026439.0726133655
1628215349002987816,352623.2699026688,4026438.370335354
1628215349062987502,352623.6040104043,4026438.0575047564
1628215349195165636,352624.3572192016,4026437.46227397
1628215349261006759,352624.7460020815,4026437.0983572314
1628215349393135889,352625.49924998236,4026436.5233592824
1628215349465026983,352625.88314359396,4026436.15906799
1628215349597001323,352626.5864571247,4026435.479647816
1628215349651026134,352626.9437987402,4026435.2875631563
1628215349801123438,352627.73381295963,4026434.5020987215
1628215349861133681,352628.08456132154,4026434.3350594086
1628215350010874498,352628.801926567,4026433.5989727643
1628215350058926599,352629.0545740338,4026433.3342203354
1628215350196950400,352629.78526766086,4026432.753746954
1628215350263131731,352630.1264744281,4026432.3809807287
1628215350395108966,352630.79377479467,4026431.888073475
1628215350455112624,352631.0772025318,4026431.5669192546
1628215350604921900,352631.726606595,4026430.81129759
1628215350676878252,352632.14129424747,4026430.624661858
1628215350797114835,352632.67491248576,4026429.9732293687
1628215350857106080,352632.9929023967,4026429.932878062
1628215350995046037,352633.6106410317,4026429.1672359
1628215351055019510,352633.87501917954,4026428.8421332594
1628215351198969443,352634.534838537,4026428.4189497144
1628215351258925327,352634.78802937537,4026428.0928166527
1628215351397055011,352635.45350225165,4026427.768766112
1628215351457056683,352635.7159774855,4026427.443024502
1628215351600883592,352636.3416246725,4026426.6973441173
1628215351660915265,352636.7053300227,4026427.0983288446
1628215351799164904,352637.32232267666,4026426.385694065
1628215351859154322,352637.6798060328,4026426.9304631073
1628215351997051002,352638.28731414606,4026426.2236050055
1628215352062889094,352638.54866875464,4026425.921686538
1628215352201120951,352639.2454698829,4026426.0435962076
1628215352273021644,352639.56926410017,4026425.7236326383
1628215352399000621,352640.18887137517,4026425.983010991
1628215352459061243,352640.5298194384,4026425.681127523
1628215352602931653,352641.2162871842,4026425.0769929686
1628215352669143329,352641.58881230524,4026425.400815879
1628215352801043052,352642.25026758923,4026424.8763923915
1628215352938887319,352642.9271928228,4026424.816570358
1628215353004907157,352643.3009779331,4026424.5505059487
1628215353125163167,352643.95127396274,4026424.0984778195
1628215353208903288,352644.3751204567,4026424.174003877
1628215353334891440,352645.09668653714,4026423.70992993
1628215353406897694,352645.4626147081,4026423.7140372056
1628215353526938379,352646.1433954269,4026423.306657369
1628215353605166134,352646.6010771885,4026423.0388306594
1628215353737031293,352647.3073810587,4026422.818641149
1628215353797027333,352647.65432925674,4026422.6254981677
1628215353935039140,352648.42836309073,4026422.353787088
1628215353995025332,352648.77939772734,4026422.1676395624
1628215354133281743,352649.55996268045,4026421.8887526183
1628215354205083289,352649.9744549125,4026421.679812492
1628215354325138856,352650.68922288815,4026421.3256276604
1628215354402993357,352651.0605478785,4026421.2343206257
1628215354528934657,352651.8403570423,4026420.864320191
1628215354600958271,352652.2621284544,4026420.6670668335
1628215354733026827,352652.9959524421,4026420.4069196056
1628215354799033449,352653.41997632635,4026420.2164945398
1628215354930909234,352654.162721468,4026419.95691288
1628215355009153124,352654.64989496476,4026419.747118506
1628215355129130347,352655.3320968194,4026419.5058243857
1628215355201032791,352655.7606537179,4026419.327117537
1628215355332933570,352656.56140482053,4026418.9969382887
1628215355410978727,352657.0178093434,4026418.8513887273
1628215355531111722,352657.76464090194,4026418.5485397587
1628215355609103905,352658.2280179276,4026418.396646036
1628215355741023033,352659.0436330711,4026418.068335266
1628215355801005203,352659.4203887878,4026417.9159003855
1628215355939137666,352660.2588249186,4026417.6015298427
1628215355999117907,352660.6352382228,4026417.446903548
1628215356131182406,352661.4122157552,4026417.1508360794
1628215356203043369,352661.8513265264,4026416.968196377
1628215356329220851,352662.6667905068,4026416.6273914385
1628215356401162934,352663.064875919,4026416.480163552
1628215356533143037,352663.88007314573,4026416.1344346204
1628215356604897811,352664.3190934871,4026415.9464712054
1628215356731071143,352665.1001320344,4026415.637944747
1628215356803031435,352665.5370531094,4026415.448567492
1628215356935178966,352666.28767189616,4026415.142267401
1628215357007045684,352666.7223223826,4026414.948580011
1628215357133073039,352667.4645340007,4026414.643216444
1628215357205015257,352667.8941604826,4026414.444823226
1628215357325046669,352668.6271742101,4026414.1010720106
1628215357403148805,352669.04953567835,4026413.9348919895
1628215357535181446,352669.83431235724,4026413.5554245147
1628215357667189077,352670.53581539734,4026413.250249857
1628215357738914960,352670.9521282156,4026413.040638948
1628215357805159975,352671.36604078865,4026412.8298634132
1628215357925150034,352671.9866255581,4026412.5723757055
1628215358069028542,352672.79786158935,4026412.1444081375
1628215358135068435,352673.10562860034,4026412.0556018366
1628215358267151152,352673.85269801656,4026411.658983923
1628215358327175183,352674.19702471397,4026411.476735754
1628215358459138811,352674.8265116231,4026411.2150990483
1628215358537256068,352675.2791002885,4026410.977908976
1628215358669042465,352675.8960696007,4026410.7446990125
1628215358729020230,352676.23474376625,4026410.567445164
1628215358861042334,352676.84323484823,4026410.3561234483
1628215358939080979,352677.29093287274,4026410.1220684317
1628215359071110065,352678.01845155016,4026409.7422782467
1628215359131060470,352678.214919336,4026409.770295012
1628215359262924278,352678.93856878945,4026409.396277546
1628215359479116615,352680.0294055233,4026408.949610163
1628215359539094545,352680.35783057415,4026408.772652812
1628215359664935283,352680.86979269504,4026408.6493841037
1628215359731189080,352681.25677353714,4026408.4556992287
1628215359875062364,352681.88806899195,4026408.3183623576
1628215359935062511,352682.2256960758,4026408.158491259
1628215360061420179,352682.95207502414,4026407.8013957073
1628215360133065577,352683.184126892,4026407.861675405
1628215360264956280,352683.90855849406,4026407.5156910527
1628215360331489613,352684.300611735,4026407.329549565
1628215360463139451,352684.8766148649,4026407.224967918
1628215360535056709,352685.2764660182,4026407.0487190373
1628215360673164104,352685.92529787245,4026406.941190262
1628215360733139645,352686.27626005805,4026406.797373929
1628215360871049679,352686.86756820104,4026406.724194562
1628215360937038964,352687.27711557515,4026406.56178866
1628215361075192846,352688.1087432316,4026406.241753522
1628215361140984607,352688.280120619,4026406.3377485187
1628215361267164008,352689.0672878735,4026406.0593176014
1628215361339046131,352689.49607885024,4026405.912255603
1628215361477063802,352690.1975376095,4026405.8234096942
1628215361608943465,352691.0108259558,4026405.566339937
1628215361669000603,352691.21440275107,4026405.6427138695
1628215361741222809,352691.6575016964,4026405.511491683
1628215361879065253,352692.36935092637,4026405.427062256
1628215362011050788,352693.20833721326,4026405.198776744
1628215362070981113,352693.5997138801,4026405.0948930103
1628215362209206582,352694.3295960314,4026405.0192210027
1628215362269168232,352694.725891838,4026404.9210520997
1628215362413026424,352695.5063210655,4026404.8207168877
1628215362473010522,352695.90868242236,4026404.727480383
1628215362611152823,352696.6733904029,4026404.6251084404
1628215362671191081,352697.0802941442,4026404.536967557
1628215362809116587,352698.03973224293,4026404.3352606464
1628215362862974913,352698.1959319338,4026404.3606664864
1628215363013025474,352699.2362171164,4026404.1537400535
1628215363079271838,352699.7274224762,4026404.0589323565
1628215363211117004,352700.44042274967,4026403.959621805
1628215363271104169,352700.8667104186,4026403.88071895
1628215363414943567,352701.6819208089,4026403.747459292
1628215363481193876,352702.18526927487,4026403.659632281
1628215363613191008,352702.9308811401,4026403.529036004
1628215363673180260,352703.3672653141,4026403.4552107234
1628215363816970120,352704.3944604334,4026403.286120787
1628215363876929297,352704.62379640207,4026403.222544443
1628215364003157028,352705.5880714166,4026403.0683793826
1628215364075199123,352706.11172230274,4026402.986372101
1628215364213150792,352706.9441248344,4026402.8088138453
1628215364273092211,352707.3980442636,4026402.7396040773
1628215364411055359,352708.18623132753,4026402.549842698
1628215364465200369,352708.64568310324,4026402.479333495
1628215364620999218,352709.5841921201,4026402.2420945745
1628215364675406581,352710.04826561676,4026402.1705760853
1628215364807060996,352711.0613076587,4026402.0162845855
1628215364867075529,352711.29319107404,4026401.8583952473
1628215365017177698,352712.47065053775,4026401.6743312287
1628215365090262152,352713.02426215797,4026401.5882139755
1628215365210281188,352713.72067404725,4026401.328112898
1628215365276013237,352714.1973087314,4026401.252261199
1628215365414355161,352715.0841896871,4026400.9617158924
1628215365480324621,352715.6457356011,4026400.8719696393
1628215365606386434,352716.4422237419,4026400.5636888994
1628215365678379651,352717.00832596247,4026400.4726750897
1628215365816238188,352718.0676481845,4026400.304810754
1628215365942370764,352718.8588523534,4026399.976524004
1628215366008389624,352719.4346241296,4026399.883423368
1628215366140367745,352720.2413104209,4026399.5502806446
1628215366218369528,352720.90259173454,4026399.4425734445
1628215366343929911,352721.8181250676,4026399.2935722466
1628215366416377269,352722.25796359795,4026399.027945109
1628215366542367703,352723.34520987084,4026398.847460667
1628215366614368400,352723.6747629808,4026398.568021921
1628215366740427962,352724.7635685458,4026398.378721996
1628215366812374106,352725.35236780415,4026398.2763975477
1628215366944318695,352726.1821711139,4026397.8920043614
1628215367010434117,352726.7702562504,4026397.783573307
1628215367142304111,352727.56438300834,4026397.3578702747
1628215367214354582,352728.1510898064,4026397.2437558915
1628215367346322707,352729.24596185295,4026397.0307020443
1628215367412734392,352729.5699883714,4026396.7205648823
1628215367544364961,352730.6694338183,4026396.5000634114
1628215367616336127,352730.91896808904,4026396.138091204
1628215367742481332,352731.9315212992,4026395.926253704
1628215367814385644,352732.6087669413,4026395.784584301
1628215367947004570,352733.3460278142,4026395.2954554986
1628215368018330916,352733.9357594751,4026395.165375011
1628215368138330734,352734.5772902642,4026394.678468428
1628215368216309588,352735.2504530018,4026394.5228151283
1628215368414143196,352736.5013728363,4026393.9095989163
1628215368546357856,352737.6671280237,4026393.6185888997
1628215368624463656,352737.89396276884,4026393.23542653
1628215368750395530,352738.96657532675,4026392.9480443858
1628215368816371549,352739.5439016465,4026392.7919449722
1628215368948384834,352740.2384053648,4026392.2614592416
1628215369020358808,352740.81028664473,4026392.09742624
1628215369140356498,352741.4007879497,4026391.5816324702
1628215369218349875,352742.0444317352,4026391.3842293276
1628215369344187298,352743.0052718074,4026391.081718259
1628215369422307602,352743.28252297547,4026390.68413402
1628215369542315765,352744.221136818,4026390.3631560043
1628215369620309244,352744.46960224723,4026389.974163517
1628215369746217711,352745.3853541602,4026389.6368198255
1628215369824325606,352745.9911534353,4026389.407009228
1628215369944454382,352746.49223412445,4026388.8947496605
1628215370022338198,352747.08048966795,4026388.652633389
1628215370142325369,352747.54175624985,4026388.1537001757
1628215370220720527,352748.1115023644,4026387.899920247
1628215370412311988,352749.06737944914,4026387.201173279
1628215370556296723,352750.01646819594,4026386.724330753
1628215370622448448,352750.0337583327,4026386.4846543777
1628215370760187572,352750.94878972357,4026385.989942646
1628215370874455847,352751.34522335953,4026385.572953378
1628215370946318344,352751.7957488056,4026385.3219168824
1628215371018317797,352752.2429865564,4026385.067777679
1628215371144337590,352752.6500414233,4026384.668781401
1628215371276355304,352753.4834169071,4026384.2035188074
1628215371486301336,352754.41015134426,4026383.5892987917
1628215371546344635,352754.7890678317,4026383.3734763
1628215371678309797,352755.0572269003,4026383.1627708585
1628215371750278810,352755.49220039754,4026382.9160577296
1628215371888232329,352755.86167157616,4026382.6724108653
1628215371954299922,352756.2390228228,4026382.4686390967
1628215372080446885,352757.0807151679,4026382.036606883
1628215372146330830,352757.0154047481,4026382.065335421
1628215372278455995,352757.86926410964,4026381.6488742945
1628215372344178989,352758.26822375,4026381.455935506
1628215372482296098,352758.79934138,4026381.199013248
1628215372548444522,352759.2765748581,4026380.9823137433
1628215372692349258,352759.83545734227,4026380.7285513813
1628215372740564726,352760.1846483344,4026380.5809535114
1628215372878634227,352760.79577493295,4026380.2910247357
1628215372950414654,352761.2948610467,4026380.0887552025
1628215373088146655,352762.23646808846,4026379.7175263967
1628215373148253467,352762.30412179657,4026379.632727189
1628215373280332655,352763.33507516724,4026379.246369306
1628215373352253313,352763.8582187923,4026379.055379495
1628215373484259242,352764.51158250327,4026378.743828517
1628215373550480695,352765.04459966253,4026378.555570208
1628215373676361447,352765.633279586,4026378.244965844
1628215373749268342,352766.1730195272,4026378.0608048467
1628215373886982256,352766.94525093015,4026377.671824496
1628215373946996438,352767.4151354119,4026377.514729747
1628215374073357084,352768.4446387993,4026377.1795146395
1628215374157116067,352768.75451185706,4026376.919974106
1628215374295105362,352769.87798367685,4026376.5578631433
1628215374355245500,352770.0742185431,4026376.3314733747
1628215374475209426,352771.0378400325,4026376.0200833506
1628215374547260076,352771.6067282673,4026375.837868868
1628215374686458915,352772.4519362408,4026375.3791668597
1628215374746566358,352772.94884365273,4026375.224665061
1628215374884155401,352773.67566868826,4026374.7318109204
1628215374956262264,352774.34037103923,4026374.523554305
1628215375076877582,352775.3451900929,4026374.208382478
1628215375220370980,352776.1098415871,4026373.613932592
1628215375280377942,352776.61489252665,4026373.453738387
1628215375352354418,352777.2071349948,4026373.2665497917
1628215375490261754,352778.0057195035,4026372.6574852983
1628215375622138870,352778.653579283,4026372.0003830753
1628215375682347210,352779.1577766753,4026371.829461222
1628215375832214263,352780.4267302593,4026371.40073123
1628215375892243438,352780.4856183233,4026370.9293276067
1628215376024259878,352781.5791088609,4026370.5449002157
1628215376078652541,352782.0851398101,4026370.3669282687
1628215376222339217,352782.83092231594,4026369.6426101923
1628215376294255977,352783.4188300178,4026369.4265952264
1628215376420444586,352784.14258180547,4026368.752792503
1628215376480465138,352784.64287436346,4026368.56039168
1628215376624333679,352785.46730076394,4026367.859213072
1628215376690281687,352786.0443959632,4026367.6247050334
1628215376822266039,352787.1160987229,4026367.186509769
1628215376882235759,352787.27964350255,4026366.7532455763
1628215377026346231,352788.42497619835,4026366.265825391
1628215377098350938,352788.99746768235,4026366.0190055026
1628215377224240741,352789.722424842,4026365.326292217
1628215377284370707,352790.2057757779,4026365.1067134384
1628215377422473763,352791.0443610406,4026364.401785294
1628215377488127710,352791.52209169976,4026364.1747336327
1628215377626333402,352792.3463223878,4026363.469164476
1628215377686245361,352792.8202949973,4026363.236469889
1628215377824494573,352793.92353146826,4026362.6890960312
1628215377884491657,352794.09864963044,4026362.290334237
1628215378034114289,352795.18716951064,4026361.7281957567
1628215378094255698,352795.65365711664,4026361.4860458677
1628215378226230074,352796.43519806315,4026360.7682322543
1628215378304244412,352796.97239701485,4026360.477517374
1628215378430355573,352797.68650657183,4026359.8108988013
1628215378490328977,352798.1381515147,4026359.5573433656
1628215378628383719,352798.9119516375,4026358.868897654
1628215378700239190,352799.42932191596,4026358.5678995564
1628215378826537294,352800.3836870104,4026358.0060876524
1628215378886411710,352800.5270783743,4026357.640397073
1628215379030248464,352801.5295296542,4026357.023995866
1628215379090223239,352801.95588408306,4026356.758418966
1628215379228203287,352802.5809104303,4026356.118796609
1628215379360452821,352803.548532794,4026355.4858057336
1628215379432330628,352803.76810106344,4026355.138169511
1628215379558209392,352804.5746833402,4026354.5864980454
1628215379624383614,352804.77139360714,4026354.2586595383
1628215379768082542,352805.6842937113,4026353.602184184
1628215379828219209,352806.071207953,4026353.318051203
1628215379900251304,352806.30131487857,4026352.9727690173
1628215380020235785,352807.05270745995,4026352.398841711
1628215380152214288,352807.57584412425,4026351.8300125883
1628215380230456432,352808.05818820896,4026351.439704284
1628215380350745244,352808.77179846464,4026350.847803026
1628215380422470647,352808.9337443552,4026350.5862297015
1628215380554208071,352809.6796255855,4026349.935765803
1628215380626212162,352809.8220275794,4026349.7058358598
1628215380752485426,352810.54608001455,4026349.049517191
1628215380824491372,352810.9352631822,4026348.6941171126
1628215380956313556,352811.3868688218,4026348.190255224
1628215381034186485,352811.8234572598,4026347.7832986577
1628215381154378661,352812.1896538541,4026347.3682603855
1628215381226345415,352812.5595712095,4026347.0105631086
1628215381358310917,352813.25009051175,4026346.3456589263
1628215381436239034,352813.3987324585,4026346.192009371
1628215381562203210,352814.04635479156,4026345.5889307708
1628215381634425116,352814.1461714009,4026345.5541538475
1628215381760316179,352814.7985394306,4026344.9645446464
1628215381826421486,352815.17717396445,4026344.616953436
1628215381958201505,352815.4395286698,4026344.4848101297
1628215382030206600,352815.8076598581,4026344.1477124128
1628215382162078492,352816.13343654724,4026343.9331311043
1628215382228426029,352816.50651069335,4026343.6031516837
1628215382354090675,352817.16213254555,4026343.0361927273
1628215382438317748,352817.31743634184,4026342.9728851574
1628215382558407927,352818.03882108483,4026342.3750542765
1628215382630405541,352818.1393514634,4026342.3427677476
1628215382762301176,352818.86429272586,4026341.7494847327
1628215382834205360,352819.25907047966,4026341.4287499296
1628215382960195686,352819.7105417098,4026341.1037867563
1628215383032246279,352820.1086442897,4026340.7883361545
1628215383152431299,352820.52402380714,4026340.4838532195
1628215383230252728,352820.98050489905,4026340.1268222616
1628215383356301256,352821.6721257903,4026339.5913875676
1628215383434198582,352821.8842493568,4026339.437850114
1628215383560457969,352822.64071763295,4026338.864356867
1628215383632392273,352822.81754439615,4026338.720604852
1628215383764177314,352823.5774870647,4026338.1540107625
1628215383824253449,352823.93012182595,4026337.892769476
1628215383956322571,352824.42800416093,4026337.4972238266
1628215384088055982,352825.19508084597,4026336.933774136
1628215384154429332,352825.3452144757,4026336.778085289
1628215384232602270,352825.8127064277,4026336.433227336
1628215384358289488,352826.5101725035,4026335.9148753597
1628215384484422826,352827.0348514796,4026335.465468408
1628215384556413558,352827.43776688323,4026335.163822071
1628215384695198088,352828.0063175695,4026334.67042617
1628215384755191173,352828.3498606968,4026334.412940608
1628215384887169268,352828.8619852264,4026333.950288614
1628215384965274379,352829.3189013816,4026333.6080519226
1628215385097090859,352830.0060303038,4026333.095582671
1628215385157211293,352830.16358170536,4026332.880685271
1628215385289182196,352830.90757271566,4026332.330781437
1628215385367043528,352831.0879565557,4026332.098162097
1628215385499278821,352831.8865524403,4026331.5108925565
1628215385559299516,352832.22931522434,4026331.2613550695
1628215385697158262,352832.7450101377,4026330.7770970473
1628215385769293936,352833.1984116317,4026330.4471274335
1628215385901221002,352833.71386548807,4026329.9576550066
1628215385967182379,352834.05295640306,4026329.7111401972
1628215386093059341,352834.7929088213,4026329.1803790033
1628215386159206045,352834.96342834085,4026328.9365746262
1628215386303039430,352835.7606448408,4026328.372278363
1628215386363122945,352835.90371534356,4026328.152896745
1628215386495392111,352836.6429402691,4026327.6331955576
1628215386561246839,352837.0421954151,4026327.35498858
1628215386693158242,352837.5779562152,4026326.855405794
1628215386765059713,352837.97705744026,4026326.5807110355
1628215386891305167,352838.5160574857,4026326.077777366
1628215386963292506,352838.9151997093,4026325.8054928724
1628215387095162660,352839.65797412675,4026325.304286564
1628215387162484325,352839.8549731171,4026325.029270548
1628215387294232924,352840.5978859385,4026324.534409697
1628215387372289244,352840.81585470185,4026324.255985783
1628215387504416655,352841.61647227034,4026323.728375889
1628215387564460396,352841.9612206743,4026323.504073917
1628215387702061782,352842.5288017837,4026322.99482621
1628215387762247301,352842.9329194119,4026322.735152866
1628215387906436802,352843.5666568304,4026322.1840403164
1628215387954363766,352843.8568026134,4026321.9990267274
1628215388092042617,352844.6145955947,4026321.519538706
1628215388164217825,352844.9006255745,4026321.174833851
1628215388302323029,352845.6616946771,4026320.695961685
1628215388434392372,352846.32515869586,4026320.1287193615
1628215388500304469,352846.6784301952,4026319.908484318
1628215388572396078,352847.09191639925,4026319.652344744
1628215388698193248,352847.6979123871,4026319.1066170214
1628215388842219955,352848.5277364529,4026318.596914113
1628215388896250713,352848.6682370886,4026318.3375979294
1628215389040322134,352849.56036358466,4026317.7909175325
1628215389107188076,352849.9186131501,4026317.572673309
1628215389239314386,352850.5975288141,4026316.973582916
1628215389299299962,352850.9573096487,4026316.755648431
1628215389437096740,352851.5966713347,4026316.19241696
1628215389509231634,352852.0767466425,4026315.9001122937
1628215389641185586,352852.71873148234,4026315.326002511
1628215389701192462,352853.07874610147,4026315.1056532394
1628215389845122344,352853.92155774625,4026314.591518864
1628215389905180733,352854.14400127763,4026314.2620544457
1628215390037198183,352854.9245912525,4026313.7806543694
1628215390091374391,352855.28520059254,4026313.5575790023
1628215390241337739,352856.04786291317,4026312.8741192995
1628215390295079593,352856.3467929989,4026312.68517277
1628215390433288070,352857.0653605901,4026312.0415553725
1628215390493337792,352857.42309616995,4026311.8109909785
1628215390643324050,352858.1954177384,4026311.1140311374
1628215390703285492,352858.5522705483,4026310.8800027445
1628215390841107551,352859.32721323567,4026310.3715380635
1628215390895243670,352859.56064138364,4026310.011369377
1628215391033252910,352860.3890734737,4026309.4555482664
1628215391105193505,352860.8030687357,4026309.1772142416
1628215391237316731,352861.44363698707,4026308.528604518
1628215391297308677,352861.7966428829,4026308.287286779
1628215391435225524,352862.5106424032,4026307.6082551302
1628215391507201889,352862.92047116056,4026307.3235832066
1628215391639075416,352863.5673486574,4026306.6762703466
1628215391699066664,352863.91657021246,4026306.429554258
1628215391843058512,352864.72939757834,4026305.853368471
1628215391897220506,352864.96325253707,4026305.4877605173
1628215392047092688,352865.7698769842,4026304.905729172
1628215392101330667,352866.1148591876,4026304.655575607
1628215392239302190,352866.7986134599,4026303.9476996977
1628215392299318384,352867.1408466415,4026303.6956091914
1628215392437246374,352867.83246274875,4026302.999593411
1628215392569330317,352868.5689753145,4026302.4475312135
1628215392641341800,352868.8555373061,4026302.0459938836
1628215392773213185,352869.5842025492,4026301.4900976997
1628215392845209585,352869.97518530267,4026301.190090455
1628215392971207624,352870.5893444604,4026300.530027914
1628215393043056687,352870.9751409549,4026300.226538186
1628215393163106517,352871.52386155096,4026299.6092742737
1628215393241224888,352871.9591972311,4026299.259441269
1628215393373185470,352872.5655427346,4026298.6101012626
1628215393445127021,352872.940814205,4026298.301449706
1628215393565193753,352873.5768426092,4026297.7700152094
1628215393643295316,352873.8978283844,4026297.3503763117
1628215393775083177,352874.5692316622,4026296.7777829817
1628215393841356747,352874.9335975812,4026296.466722666
1628215393967139832,352875.46667598607,4026295.8772212397
1628215394051082528,352875.8976156247,4026295.5165071674
1628215394177208757,352876.48091169394,4026294.895452175
1628215394243261174,352876.85906081134,4026294.589101822
1628215394369216582,352877.41510285536,4026293.9985697605
1628215394447116360,352877.8385670193,4026293.634351091
1628215394579213938,352878.5282681318,4026293.039352471
1628215394639091838,352878.7480872115,4026292.7277862914
1628215394777218717,352879.5202322856,4026292.1047153464
1628215394837219319,352879.8611358694,4026291.8389759446
1628215394981331622,352880.54680329736,4026291.1573751774
1628215395041090709,352880.8889985385,4026290.885022026
1628215395167342528,352881.51564276055,4026290.2286241422
1628215395239217261,352881.9134752108,4026289.909580099
1628215395371098983,352882.5459663245,4026289.2578133005
1628215395449310215,352883.00979460764,4026288.8946186043
1628215395575138784,352883.71181161504,4026288.349094463
1628215395647247863,352884.0599953983,4026287.9117516144
1628215395779202433,352884.82394351007,4026287.3145469325
1628215395845457430,352885.2360560406,4026286.9935210906
1628215395971333314,352885.8224615423,4026286.363197598
1628215396043225017,352886.2378811375,4026286.041017019
1628215396169292706,352886.8881438582,4026285.352022205
1628215396253185229,352887.36752479034,4026284.979103169
1628215396373153765,352887.9756391065,4026284.3349528895
1628215396445233478,352888.39702793234,4026284.0084290938
1628215396583084518,352889.24346432963,4026283.355166863
1628215396643205099,352889.48420870426,4026282.9764115606
1628215396769459109,352890.2744199176,4026282.3639603513
1628215396847156410,352890.7020578015,4026282.035194333
1628215396973366690,352891.3623748346,4026281.3163963277
1628215397045370143,352891.79133242974,4026280.9844646226
1628215397171281216,352892.4505907536,4026280.2536301157
1628215397303251958,352893.24615910614,4026279.6331230863
1628215397381113892,352893.5508922537,4026279.1944431006
1628215397453271548,352894.0398165353,4026278.810162389
1628215397573259821,352894.7751732669,4026278.2329449807
1628215397705213193,352895.4387544489,4026277.4924547244
1628215397777170392,352895.86666293145,4026277.152636915
1628215397909227167,352896.52673639683,4026276.403264559
1628215397975243975,352896.95299213997,4026276.0595685765
1628215398107230972,352897.74415376305,4026275.4203377883
1628215398167214854,352897.97227835737,4026275.0046872403
1628215398305332766,352898.8213675072,4026274.306245043
1628215398371220535,352899.06327487633,4026273.900675594
1628215398503272068,352899.9059697997,4026273.1959027867
1628215398575273836,352900.32759004564,4026272.8416044195
1628215398725231377,352901.04134422226,4026272.023724047
1628215398767334817,352901.34068868007,4026271.7691587056
1628215398905274986,352902.0432206812,4026270.9428018527
1628215398977272456,352902.4577025885,4026270.5832841466
1628215399121145307,352903.15287298395,4026269.756533557
1628215399169215950,352903.44680316374,4026269.497635113
1628215399307274223,352904.2698139767,4026268.7730856338
1628215399379154362,352904.50317993393,4026268.3695229483
1628215399511214873,352905.3208266711,4026267.6399986683
1628215399577362026,352905.72923819954,4026267.2752435505
1628215399703350270,352906.3068401811,4026266.554036189
1628215399769358054,352906.7118588887,4026266.187171948
1628215399913147628,352907.39921938605,4026265.3605543165
1628215399973381309,352907.7445015713,4026265.043410704
1628215400105168526,352908.4915146873,4026264.3562849085
1628215400189163644,352908.82705413306,4026263.8463421403
1628215400321280376,352909.62555474427,4026263.1035628538
1628215400387223286,352909.8595371969,4026262.7075277865
1628215400501292801,352910.53848355066,4026262.0666020038
1628215400573224014,352910.9337836266,4026261.6935247127
1628215400711366370,352911.6158708675,4026260.872642777
1628215400771253512,352911.95300541515,4026260.5501444354
1628215400903281720,352912.5710098686,4026259.785435142
1628215400975243613,352912.96032016526,4026259.4082786776
1628215401119109388,352913.63163608615,4026258.5892887604
1628215401173327096,352913.9621339388,4026258.264156549
1628215401305281493,352914.67714280763,4026257.5614001146
1628215401383116167,352914.9690496994,4026257.1311174943
1628215401515345176,352915.7282370883,4026256.3736251285
1628215401575365845,352916.04994037026,4026256.0499850726
1628215401713243737,352916.65129600454,4026255.3022825057
1628215401773256167,352917.023569938,4026254.924713507
1628215401911153659,352917.6321895981,4026254.1896136752
1628215402049397404,352918.3928427161,4026253.441129984
1628215402109374835,352918.71884205483,4026253.1206520135
1628215402253244836,352919.38314018695,4026252.328667972
1628215402325466088,352919.802467174,4026251.9056833014
1628215402451114894,352920.35997684224,4026251.226871679
1628215402511114194,352920.6707313331,4026250.901861242
1628215402649251601,352921.34436429007,4026250.124001295
1628215402721234720,352921.71839445207,4026249.75278095
1628215402847443432,352922.41603915446,4026249.0554164425
1628215402907837334,352922.67581143376,4026248.6917507607
1628215403051354134,352923.41417718626,4026247.915752506
1628215403111310042,352923.73021161614,4026247.5835419074
1628215403249371465,352924.4103014013,4026246.7814940284
1628215403309367153,352924.72693110246,4026246.448388347
1628215403453352911,352925.4119782707,4026245.647110915
1628215403513329167,352925.7276098854,4026245.3091393546
1628215403651294297,352926.41158048797,4026244.503760371
1628215403717195561,352926.72486391093,4026244.165889743
1628215403855125447,352927.45265482506,4026243.3745682724
1628215403921386236,352927.7716842686,4026242.9742521327
1628215404053362740,352928.4397431809,4026242.2347263163
1628215404119160830,352928.7016645761,4026241.893363456
1628215404251296802,352929.4143157634,4026241.0947001763
1628215404323296638,352929.76929089904,4026240.694018179
1628215404455258435,352930.3871922842,4026239.948233157
1628215404515387600,352930.68784815026,4026239.6035884144
1628215404653303217,352931.34603423596,4026238.802004457
1628215404713318841,352931.6428458141,4026238.455624443
1628215404851259837,352932.28178416775,4026237.704965885
1628215404911136810,352932.5459924708,4026237.3814478214
1628215405055405359,352933.27267306927,4026236.513851046
1628215405121119573,352933.5342840698,4026236.1973351734
1628215405259246351,352934.20106868166,4026235.382665948
1628215405319245633,352934.4846967659,4026235.0327255763
1628215405457446866,352935.11428535596,4026234.25442415
1628215405517380760,352935.3936104558,4026233.9026952493
1628215405649386268,352935.95116996125,4026233.1925115376
1628215405715323566,352936.268967144,4026232.7824814627
1628215405853170822,352936.8523587709,4026232.019093994
1628215405931402069,352937.1851932679,4026231.6175368647
1628215406057117900,352937.7189796696,4026230.907421052
1628215406177311713,352938.2730360511,4026230.222779392
1628215406261247944,352938.6369827313,4026229.751845979
1628215406381392983,352939.1550667364,4026229.112737198
1628215406459311311,352939.52299323055,4026228.6371280854
1628215406585133253,352940.0734428375,4026227.923372678
1628215406651361787,352940.3594362204,4026227.5725073637
1628215406783269856,352940.94348260725,4026226.802700345
1628215406855134694,352941.2579198185,4026226.385281138
1628215406981372666,352941.81490382616,4026225.680692396
1628215407059313756,352942.1883467799,4026225.2028230266
1628215407185383005,352942.7043458124,4026224.5667101042
1628215407251391657,352943.0369157477,4026224.1477320157
1628215407389272889,352943.60971809283,4026223.423892838
1628215407455278697,352943.9396615451,4026223.001205661
1628215407581793149,352944.55607676564,4026222.210860392
1628215407653396965,352944.83798954566,4026221.8443172732
1628215407785322604,352945.4620831312,4026221.0478297505
1628215407857255138,352945.79870011756,4026220.6155383433
1628215407983398216,352946.3586428644,4026219.8604536736
1628215408055418576,352946.6947607914,4026219.4221282355
1628215408187410810,352947.2446985601,4026218.654762127
1628215408253325917,352947.579859808,4026218.2122109793
1628215408379227389,352948.0761305664,4026217.4925700915
1628215408457396766,352948.4592701809,4026216.9781896872
1628215408595148370,352949.0816043075,4026216.137328813
1628215408661175737,352949.320274318,4026215.727787576
1628215408787309224,352949.9353722584,4026214.8777416185
1628215408859272163,352950.2669031954,4026214.417277168
1628215408979279861,352950.72621429665,4026213.6777861626
1628215409057328795,352951.1014595177,4026213.1513937456
1628215409189325255,352951.59069913323,4026212.3357105856
1628215409261372391,352951.912027226,4026211.8710858095
1628215409387408579,352952.39367599896,4026211.0522966217
1628215409459363737,352952.7107994519,4026210.5898794835
1628215409585153310,352953.25114565494,4026209.7985674613
1628215409657339405,352953.4920915209,4026209.314493608
1628215409789383968,352954.06604475074,4026208.4533357797
1628215409861417753,352954.2574826558,4026208.040873021
1628215409981379949,352954.7787993073,4026207.248602282
1628215410059323394,352955.12450561556,4026206.722406144
1628215410185266505,352955.5147596408,4026205.9851554115
1628215410263267115,352955.85298372945,4026205.4604595825
1628215410383287584,352956.25932529813,4026204.725224741
1628215410461329819,352956.59242787666,4026204.2026605485
1628215410587183175,352957.08838150685,4026203.419273813
1628215410653371223,352957.2781226771,4026203.0183146484
1628215410785285868,352957.80481512967,4026202.1795046986
1628215410923402051,352958.28110563586,4026201.33984105
1628215410983410187,352958.5279181254,4026200.9532639757
1628215411067289361,352958.8607910219,4026200.4387299865
1628215411187288996,352959.2712870596,4026199.7234750628
1628215411319097747,352959.8128627207,4026198.9020215212
1628215411397384918,352960.0713939088,4026198.4254620685
1628215411541195666,352960.63291431346,4026197.543763568
1628215411589188777,352960.8330630725,4026197.229146071
1628215411715399781,352961.2984438713,4026196.4515579883
1628215411787382802,352961.586710929,4026196.0151438224
1628215411925287739,352962.06367863127,4026195.2351313718
1628215411985333793,352962.35494358116,4026194.799124136
1628215412123296332,352962.84102825774,4026194.0096185682
1628215412195296442,352963.1285152092,4026193.5775817554
1628215412327416290,352963.70432337665,4026192.7159049213
1628215412387334019,352963.912129698,4026192.3543431563
1628215412519450788,352964.44921391126,4026191.5577161647
1628215412591297856,352964.7388818163,4026191.1282974635
1628215412717406774,352965.24146796216,4026190.3346057707
1628215412789406649,352965.53114216204,4026189.9055532087
1628215412921417460,352966.0361465327,4026189.1104777497
1628215412987334066,352966.32479073096,4026188.683670501
1628215413131387357,352966.8856026749,4026187.8159006517
1628215413191408567,352967.13241165073,4026187.4488553666
1628215413323462538,352967.66406871774,4026186.6543043572
1628215413389835381,352967.9358951646,4026186.209410771
1628215413533305381,352968.495146438,4026185.3539662263
1628215413587181316,352968.69261255517,4026185.048488785
1628215413719305185,352969.1941881032,4026184.2347642705
1628215413791407804,352969.5032483664,4026183.7448965115
1628215413923438974,352970.0053417786,4026182.934703338
1628215413989162606,352970.23338488385,4026182.5678544934
1628215414121450581,352970.7735460043,4026181.6988789192
1628215414193341503,352971.03435920976,4026181.270407822
1628215414325312821,352971.51193963806,4026180.4760421943
1628215414385304730,352971.74677367083,4026180.0993124535
1628215414517428292,352972.2078562527,4026179.307515635
1628215414589415471,352972.4506129875,4026178.881487206
1628215414727305662,352972.9603303318,4026178.0295385043
1628215414793415009,352973.1927621262,4026177.604753408
1628215414925428797,352973.65851126605,4026176.825359314
1628215415135410878,352974.38679903664,4026175.5770593365
1628215415267396008,352974.7944631306,4026174.7936764224
1628215415327461977,352974.98021267576,4026174.4325807607
1628215415465340667,352975.473829217,4026173.6155737177
1628215415537346416,352975.6866114064,4026173.1964627183
1628215415657348248,352976.12322539935,4026172.514823559
1628215415723173836,352976.3022017005,4026172.155643405
1628215415861393625,352976.8060137698,4026171.3711175905
1628215415927358648,352977.0118215784,4026170.954657945
1628215416071312853,352977.4246477614,4026170.1157366317
1628215416119336724,352977.6712530226,4026169.88053235
1628215416275370012,352978.1322425852,4026168.991446524
1628215416329458230,352978.31851016905,4026168.637483343
1628215416461341247,352978.8068692329,4026167.9188943
1628215416521357582,352978.99345750606,4026167.5658412306
1628215416659418469,352979.5241398751,4026166.7892521275
1628215416743439994,352979.77036197035,4026166.3209894565
1628215416869301509,352980.24281331437,4026165.6685279617
1628215416923473031,352980.43533945014,4026165.3182733837
1628215417061403291,352980.89668027184,4026164.500227375
1628215417139320393,352981.22638525127,4026164.13519415
1628215417265424205,352981.6653233691,4026163.371026095
1628215417325439859,352981.8672045212,4026163.0199109293
1628215417463404503,352982.42499426723,4026162.2310517197
1628215417523373225,352982.63064486394,4026161.8808491942
1628215417667424619,352983.21075567626,4026161.0890478482
1628215417727443437,352983.4234351737,4026160.737596934
1628215417871299872,352984.0082368123,4026159.930853865
1628215417925366211,352984.22706353146,4026159.580153183
1628215418063588624,352984.7419938578,4026158.7600995945
1628215418123445502,352985.0421608122,4026158.406126847
1628215418267364348,352985.56775657873,4026157.583298354
1628215418333230199,352985.79454619647,4026157.2306315517
1628215418459326111,352986.3567852245,4026156.4521342646
1628215418525444719,352986.6264452875,4026156.039535516
1628215418669454106,352987.232358305,4026155.189099168
1628215418735367525,352987.5078915105,4026154.775485276
1628215418861291888,352987.98255139904,4026154.066040465
1628215418921336239,352988.27542390896,4026153.6724573364
1628215419071436601,352988.8758612878,4026152.783478399
1628215419191450530,352989.4130926016,4026152.020420388
1628215419269344891,352989.7387879826,4026151.544919848
1628215419401313950,352990.3129975479,4026150.7128135134
1628215419473332292,352990.6007358415,4026150.295422089
1628215419599245128,352991.0941908252,4026149.5802569604
1628215419671355569,352991.46481947333,4026149.029683211
1628215419797260683,352991.9639542257,4026148.3110953374
1628215419869442399,352992.3394195582,4026147.748781754
1628215420001441228,352992.885545371,4026146.9648819915
1628215420061437244,352993.13785544346,4026146.6035426483
1628215420205335839,352993.7586407128,4026145.6618197425
1628215420271421773,352994.05481886887,4026145.2381817
1628215420403571645,352994.629783114,4026144.358760208
1628215420463438523,352994.8854567262,4026143.9941900074
1628215420601255733,352995.43778440636,4026143.2052413276
1628215420667338523,352995.755793544,4026142.674206857
1628215420793375825,352996.3060740354,4026141.883309309
1628215420871266645,352996.61619001016,4026141.3331520045
1628215420997454924,352997.169265172,4026140.536073022
1628215421075368208,352997.50885661464,4026140.046695606
1628215421195358958,352998.0274446751,4026139.199236894
1628215421267490769,352998.32236242003,4026138.7696389034
1628215421405456425,352998.9258850065,4026137.7997361054
1628215421465434422,352999.179431427,4026137.428488208
1628215421591374870,352999.6855428353,4026136.6875044648
1628215421669350201,353000.03492062783,4026136.0697556078
1628215421795462760,353000.57863825356,4026135.2607505443
1628215421873265268,353000.8865676853,4026134.702207585
1628215421999476062,353001.4270781,4026133.8840405955
1628215422065386594,353001.7169550419,4026133.4433281943
1628215422209442187,353002.30621161,4026132.4258156708
1628215422269572478,353002.5524299219,4026132.0453537335
1628215422407405051,353003.0983948643,4026131.107922087
1628215422467387102,353003.38337928697,4026130.6594496556
1628215422605325190,353003.90995948284,4026129.827877667
1628215422677240052,353004.2028525999,4026129.266293984
1628215422791351682,353004.6837935853,4026128.4951586565
1628215422869435896,353005.0171547462,4026127.865138891
1628215423001341148,353005.5257534044,4026127.026028951
1628215423073353544,353005.7952638511,4026126.5739128124
1628215423199457514,353006.31315521314,4026125.6259101545
1628215423277373660,353006.57695141254,4026125.173372172
1628215423403470189,353007.09011407854,4026124.2506575366
1628215423475358376,353007.3439487796,4026123.795602984
1628215423601330880,353007.77534621273,4026123.0148406317
1628215423679291702,353008.0964863209,4026122.420001782
1628215423805481146,353008.57651123183,4026121.569627367
1628215423871814484,353008.86239300284,4026121.039077402
1628215424003406858,353009.3569583215,4026120.1876629335
1628215424123478038,353009.8367325224,4026119.3242922476
1628215424201524677,353010.0932105425,4026118.8649204555
1628215424273395604,353010.3839247031,4026118.3421621905
1628215424393388211,353010.85537299956,4026117.5007225526
1628215424537316084,353011.3880082627,4026116.5762130697
1628215424603474942,353011.65936435974,4026116.1123164673
1628215424741366222,353012.1862435832,4026115.1885150364
1628215424795589565,353012.4185289501,4026114.789063516
1628215424927400989,353012.94913414924,4026113.8528086883
1628215424999355831,353013.2242028612,4026113.3828676715
1628215425137523967,353013.79464595375,4026112.3787978827
1628215425197438412,353014.03501580097,4026111.9755471437
1628215425335243702,353014.55859470385,4026111.0982500482
1628215425395959361,353014.85301448504,4026110.5582170384
1628215425539510747,353015.4227526606,4026109.604330698
1628215425605293867,353015.6678502474,4026109.1955066053
1628215425731492079,353016.2050369758,4026108.23698442
1628215425809404900,353016.53387270856,4026107.687334441
1628215425947454030,353017.1139385229,4026106.6477620206
1628215426001361140,353017.321208552,4026106.3011036026
1628215426133472920,353017.85792011546,4026105.3163442407
1628215426205355886,353018.149809008,4026104.8286008686
1628215426337228372,353018.69371913315,4026103.922760726
1628215426403364368,353018.98229562095,4026103.3656759597
1628215426535495303,353019.5278105141,4026102.4518740186
1628215426607252011,353019.8218663434,4026101.9587228172
1628215426733393304,353020.3548703578,4026100.949673278
1628215426805507939,353020.6487504295,4026100.453351234
1628215426931477494,353021.17970166745,4026099.4492194313
1628215427009301204,353021.47350939654,4026098.9486261467
1628215427141432312,353022.033946368,4026097.8493279074
1628215427201423633,353022.2848042296,4026097.416602412
1628215427339338745,353022.82829139335,4026096.4767728643
1628215427405481961,353023.10286256974,4026095.894657021
1628215427543425853,353023.6852387433,4026094.8760422356
1628215427609239355,353023.9341843634,4026094.4385274113
1628215427735402559,353024.4497508311,4026093.410791827
1628215427807383072,353024.7383988587,4026092.89746869
1628215427945525153,353025.282911347,4026091.785928476
1628215427999457335,353025.4872233324,4026091.4177748566
1628215428137402197,353026.0336365552,4026090.3121229303
1628215428197402066,353026.2763751709,4026089.8667177805
1628215428341286202,353026.83996853285,4026088.8274865686
1628215428485224855,353027.3735995933,4026087.72754475
1628215428527490058,353027.5724337042,4026087.3549064184
1628215428605244609,353027.8498617466,4026086.8332287003
1628215428737472089,353028.3739668125,4026085.724049022
1628215428881513124,353028.9106649068,4026084.6249708408
1628215428941484877,353029.14074069355,4026084.17611841
1628215429085531860,353029.67095511593,4026083.128420248
1628215429139409644,353029.8830114217,4026082.632021456
1628215429277475189,353030.40029759886,4026081.5814297884
1628215429331694705,353030.58339292835,4026081.2075325777
1628215429481421476,353031.12173966295,4026080.047268824
1628215429553369093,353031.3704825732,4026079.522171456
1628215429673567302,353031.7767276856,4026078.604140576
1628215429739390514,353031.97967999626,4026078.1575793186
1628215429883513461,353032.48593299603,4026077.0412563626
1628215429949423698,353032.7306936574,4026076.5206821864
1628215430075370040,353033.16070225305,4026075.6271509407
1628215430141677655,353033.4003040581,4026075.108312245
1628215430279386990,353033.8489637899,4026074.150194129
1628215430333745642,353034.04745246,4026073.710361526
1628215430483413662,353034.5584718889,4026072.587121888
1628215430531404514,353034.7247725917,4026072.2180872913
1628215430681360547,353035.22699864354,4026071.191799466
1628215430747382706,353035.4709141556,4026070.6735590803
1628215430879765050,353035.9341157449,4026069.714462054
1628215430933796237,353036.13916966214,4026069.271222242
1628215431077669149,353036.61770904635,4026068.237523653
1628215431149423736,353036.8742310228,4026067.7229758077
1628215431275466944,353037.32307770546,4026066.761436748
1628215431341259528,353037.53069934295,4026066.316627539
1628215431479635967,353038.0354755254,4026065.282300996
1628215431545409310,353038.27770293044,4026064.763478979
1628215431683370063,353038.74199793715,4026063.8094295613
1628215431743279807,353038.95053506043,4026063.3646048717
1628215431887468384,353039.4852207629,4026062.2672706414
1628215431941485013,353039.65823898657,4026061.8965963516
1628215432079402635,353040.1416832275,4026060.858725439
1628215432139455142,353040.3692456091,4026060.4289591447
1628215432277679338,353040.850249668,4026059.3929607356
1628215432343383241,353041.0559494848,4026058.9481842252
1628215432481626233,353041.5615763188,4026057.926172725
1628215432607381913,353041.9707803869,4026057.0403191284
1628215432685269297,353042.2675001526,4026056.4575232686
1628215432811639192,353042.7084146845,4026055.4978891145
1628215432889397619,353042.9791547412,4026055.001044877
1628215433015265066,353043.4183789344,4026054.044308112
1628215433087301917,353043.65326316486,4026053.5297612404
1628215433207267705,353044.09425587987,4026052.6737034386
1628215433285629897,353044.3584453306,4026052.085721965
1628215433411407170,353044.813848611,4026051.141772563
1628215433483761380,353045.04092786426,4026050.6294943467
1628215433609381974,353045.4259699561,4026049.7513749795
1628215433681630940,353045.71939309034,4026049.1865186333
1628215433813705905,353046.12896164716,4026048.239318223
1628215433885638908,353046.385388828,4026047.74790487
1628215434011303136,353046.7584424332,4026046.8773131617
1628215434083325067,353046.97378653457,4026046.3695065104
1628215434215431792,353047.4531268758,4026045.3774824818
1628215434287397537,353047.6649984872,4026044.87187099
1628215434413405133,353048.07017564314,4026044.0256371796
1628215434485613136,353048.3082109421,4026043.450306512
1628215434611283941,353048.6612336398,4026042.5881112986
1628215434683426527,353048.91296152165,4026042.114722223
1628215434815638072,353049.3183483153,4026041.113454254
1628215434887425379,353049.5789189248,4026040.65218343
1628215435019628969,353049.94907064317,4026039.729211441
1628215435079635200,353050.11551607726,4026039.3038388146
1628215435211407288,353050.5459656455,4026038.430687107
1628215435277687802,353050.7384362143,4026037.9382221955
1628215435409630884,353051.1715074354,4026037.0846795654
1628215435481644299,353051.3760300007,4026036.5920103057
1628215435608018026,353051.8200666676,4026035.722778706
1628215435679479174,353052.02562098764,4026035.22795572
1628215435811690611,353052.3926109873,4026034.3146811225
1628215435889428284,353052.7001207709,4026033.7939591566
1628215436009340231,353053.00810218183,4026033.0328706265
1628215436099350943,353053.23576031695,4026032.4754774887
1628215436213411708,353053.71225061174,4026031.624860905
1628215436291725049,353053.9531067673,4026031.0700516356
1628215436417308258,353054.39103392395,4026030.268856528
1628215436483785923,353054.60074020195,4026029.7848886084
1628215436621742471,353055.0963861013,4026028.84361447
1628215436687379162,353055.2799142492,4026028.4285114827
1628215436813637806,353055.6803453305,4026027.5290744384
1628215436885697811,353055.9648861191,4026027.0630638613
1628215437017404394,353056.370443231,4026026.163539937
1628215437089409493,353056.58868873876,4026025.6791831395
1628215437215441933,353057.0673897903,4026024.7897105943
1628215437347384828,353057.4767305284,4026023.8901225785
1628215437413700042,353057.7698937503,4026023.412430123
1628215437545671921,353058.1851212374,4026022.5126202605
1628215437611290387,353058.37641453615,4026022.096470152
1628215437743722975,353058.90076965926,4026021.1239474895
1628215437809395102,353059.0934515517,4026020.7086893916
1628215437947671401,353059.61362207436,4026019.723359205
1628215438013335294,353059.80947357614,4026019.306033205
1628215438145719516,353060.3311098313,4026018.3171381494
1628215438217676738,353060.5616724967,4026017.830192236
1628215438361783299,353061.0215019325,4026016.8518667985
1628215438427371789,353061.28471768874,4026016.409716764
1628215438547684298,353061.7172829779,4026015.4974059975
1628215438619679273,353061.99585334596,4026014.981630735
1628215438757841345,353062.4637442601,4026013.996332707
1628215438811766812,353062.6317095844,4026013.6425294895
1628215438949669635,353063.15427466045,4026012.6273735478
1628215439009690849,353063.3583960675,4026012.2027662504
1628215439153408221,353063.87765984307,4026011.1764968047
1628215439213430808,353064.0839993389,4026010.751302599
1628215439345286528,353064.5328907961,4026009.8280339413
1628215439423680318,353064.84055228054,4026009.217160216
1628215439549669984,353065.2936539403,4026008.291989152
1628215439609310365,353065.4684586808,4026007.936544146
1628215439753658242,353066.01495932334,4026006.8210061193
1628215439813662039,353066.2253653011,4026006.392630207
1628215439951918115,353066.7300220344,4026005.3490303643
1628215440011663466,353066.9361875391,4026004.9225574434
1628215440143677446,353067.4169347903,4026003.953826585
1628215440221758228,353067.70789012726,4026003.380040761
1628215440365337478,353068.19050202094,4026002.4474725053
1628215440413687500,353068.41408935934,4026001.959485442
1628215440545684610,353068.8827918798,4026001.0291672447
1628215440617407795,353069.15105940273,4026000.456498583
1628215440767636593,353069.67943902774,4025999.3791712485
1628215440821410541,353069.8583466095,4025999.0190791134
1628215440947680817,353070.33898425475,4025998.0168417217
1628215441019419797,353070.5974493299,4025997.5104409656
1628215441145872909,353071.0842151919,4025996.4880189807
1628215441217694545,353071.3414237016,4025995.9795033075
1628215441343373655,353071.78243110457,4025995.107760844
1628215441415834860,353072.08616884146,4025994.436406561
1628215441547670595,353072.567718971,4025993.4897573665
1628215441619428932,353072.83299267327,4025992.898889935
1628215441745524585,353073.2780175394,4025992.0228679883
1628215441889658030,353073.8411456228,4025990.8384445584
1628215441955304738,353074.0635097262,4025990.39887972
1628215442093765072,353074.58235939604,4025989.373228455
1628215442147657849,353074.81659006723,4025988.8361105304
1628215442291650193,353075.33290281036,4025987.8048260137
1628215442363424815,353075.5899835726,4025987.2887442387
1628215442489662137,353076.081016429,4025986.228102961
1628215442555423304,353076.30024119833,4025985.78517342
1628215442693639391,353076.8247501963,4025984.6666521328
1628215442759632119,353077.0788699889,4025984.148728505
1628215442891706446,353077.56827323535,4025983.0999558866
1628215442951712254,353077.78475419706,4025982.653593876
1628215443101699039,353078.2866642281,4025981.6152294795
1628215443155633494,353078.521240324,4025981.0858573583
1628215443293653167,353079.0175648641,4025980.0402634293
1628215443347353161,353079.19364240044,4025979.6680123764
1628215443491725032,353079.73854132264,4025978.472179631
1628215443557710660,353079.94692923594,4025978.0236965744
1628215443695815157,353080.4509961276,4025976.925297692
1628215443755722259,353080.65617680666,4025976.4784559603
1628215443893703759,353081.1505837002,4025975.393526679
1628215443971771387,353081.3853639388,4025974.8725741217
1628215444091318031,353081.78310620866,4025973.9798370814
1628215444157751318,353082.04264592734,4025973.4206226687
1628215444295364446,353082.46725060977,4025972.456140585
1628215444361360049,353082.6934477434,4025971.9374698335
1628215444487679663,353083.1423365219,4025970.950786361
1628215444547632506,353083.33313601586,4025970.5062637297
1628215444697699200,353083.8379877467,4025969.3820947357
1628215444757717389,353084.0247634291,4025968.9396545165
1628215444889740433,353084.46807365137,4025967.976747549
1628215444949759835,353084.6512464705,4025967.5360163916
1628215445093577656,353085.07188616396,4025966.5104439384
1628215445159745026,353085.3397454955,4025966.0035792957
1628215445297710576,353085.7512733064,4025964.984203891
1628215445351687995,353085.895651381,4025964.6206691903
1628215445501706186,353086.3901142848,4025963.5524631194
1628215445561754140,353086.560492936,4025963.119456298
1628215445705678401,353087.01635531615,4025962.135401469
1628215445759299658,353087.15648957144,4025961.7762722727
1628215445891732531,353087.61523598357,4025960.808404082
1628215445963684454,353087.81020299287,4025960.310831957
1628215446090098014,353088.16865041933,4025959.388304639
1628215446221721632,353088.6099521844,4025958.5049004476
1628215446293712714,353088.8001080736,4025958.0124758743
1628215446425676372,353089.23735974345,4025957.1458031223
1628215446491693945,353089.4234690593,4025956.6577196624
1628215446629371257,353089.8399787542,4025955.797135928
1628215446695672824,353090.02212940983,4025955.314979019
1628215446827754439,353090.35286103433,4025954.422829149
1628215446899620923,353090.6162887776,4025953.9947758596
1628215447025688911,353090.9399853084,4025953.112510988
1628215447103314941,353091.11057379976,4025952.639644429
1628215447217734851,353091.5047943791,4025951.8982140725
1628215447295715586,353091.6959835315,4025951.365000234
1628215447427681226,353092.12081314286,4025950.5792884477
1628215447499681588,353092.2808634166,4025950.1221036254
1628215447625696290,353092.67780900607,4025949.3451654147
1628215447697719755,353092.8294477355,4025948.8967902646
1628215447829674289,353093.1032613083,4025948.0722563616
1628215447895682142,353093.4022734378,4025947.731369257
1628215448027702597,353093.6806346538,4025946.932942593
1628215448099669435,353093.80675742566,4025946.566421599
1628215448231647077,353094.3010147309,4025945.8487474797
1628215448297636451,353094.4495063125,4025945.4307604465
1628215448423816648,353094.92952124786,4025944.875743735
1628215448501663743,353095.104277827,4025944.416478614
1628215448627712768,353095.5752603465,4025943.7967341337
1628215448699682576,353095.73249749147,4025943.4067363236
1628215448819717758,353095.99965605536,4025942.747722034
1628215448891649797,353096.3602685212,4025942.496550881
1628215449029684277,353096.6810733597,4025941.76411685
1628215449095543060,353096.81663765095,4025941.454931472
1628215449221693940,353097.3044840924,4025940.9027729062
1628215449299646548,353097.4877373683,4025940.504521561
1628215449431712165,353097.9671443665,4025939.959525199
1628215449491681966,353098.10665948153,4025939.6736495364
1628215449635720640,353098.5840835456,4025939.082788
1628215449695744692,353098.7229282217,4025938.8068725285
1628215449893767454,353099.3397261406,4025937.9623035872
1628215450025751589,353099.6170600434,4025937.39399907
1628215450097696833,353099.75997418375,4025937.093478295
1628215450223765598,353100.25716409285,4025936.6000609626
1628215450295778416,353100.39701237914,4025936.3050243454
1628215450433394562,353100.93269167154,4025935.8216969017
1628215450553772246,353101.19410286576,4025935.28271533
1628215450625731658,353101.5794904143,4025935.057186691
1628215450703340049,353101.72488980705,4025934.772737247
1628215450829733614,353101.98969795834,4025934.2441962576
1628215450955739110,353102.54556966317,4025933.788053736
1628215451033648615,353102.6931812032,4025933.503566813
1628215451165744651,353103.2704307372,4025933.0158117115
1628215451225750399,353103.40845832095,4025932.7736018705
1628215451357931163,353103.71422557766,4025932.248700194
1628215451429707662,353104.10310560564,4025932.0401414316
1628215451573625824,353104.4519875945,4025931.47050225
1628215451627379270,353104.694553047,4025931.3060499453
1628215451759752774,353105.05186483596,4025930.7304695155
1628215451831718227,353105.2321877654,4025930.4410946406
1628215451969744731,353105.706366457,4025929.8900838196
1628215452023733102,353105.84180765424,4025929.6798395193
1628215452167390055,353106.302083757,4025929.105382551
1628215452233722770,353106.4984574105,4025928.80322333
1628215452359727476,353106.8688144197,4025928.2356006475
1628215452431728058,353107.11340417503,4025927.9240791774
1628215452563747811,353107.49674704974,4025927.3456162065
1628215452635693221,353107.7166041222,4025927.0163253495
1628215452767683613,353108.11183419963,4025926.4153218674
1628215452821736299,353108.2974960776,4025926.13391328
1628215452965727062,353108.7174096488,4025925.451436076
1628215453037409069,353108.94025359245,4025925.117394881
1628215453175701318,353109.34311906656,4025924.4014539523
1628215453235711080,353109.5347667417,4025924.1067602336
1628215453361357979,353109.9217292154,4025923.512244694
1628215453433731579,353110.1194612717,4025923.063332798
1628215453565738817,353110.55010692985,4025922.4089943455
1628215453626036490,353110.6869949442,4025922.062616071
1628215453763706123,353111.1588115198,4025921.340684727
1628215453823749098,353111.3627188046,4025921.0274115237
1628215453961606142,353111.7193965999,4025920.284726508
1628215454027732285,353111.95915280835,4025919.912190422
1628215454159692532,353112.2896533088,4025919.1538357115
1628215454231340546,353112.5318094016,4025918.7725308663
1628215454363405470,353112.98331049527,4025918.053934726
1628215454429786541,353113.0264829182,4025917.5741340304
1628215454561848611,353113.4711487622,4025916.838502752
1628215454627696382,353113.54380216514,4025916.367601871
1628215454759675939,353113.9935863477,4025915.608018928
1628215454837845154,353114.24297702685,4025915.1907635843
1628215454957728508,353114.4915812472,4025914.3201486524
1628215455041685390,353114.7755177133,4025913.8387696757
1628215455179726116,353115.04049994424,4025912.867534538
1628215455299731535,353115.45016707294,4025912.113453457
1628215455360056393,353115.4026198196,4025911.6148655275
1628215455503682633,353115.9072195667,4025910.7310615904
1628215455569733361,353116.16290447605,4025910.2790924143
1628215455701705349,353116.4270365102,4025909.332408083
1628215455761701521,353116.6450542535,4025908.936863944
1628215455905685427,353116.8939584027,4025907.886738137
1628215455971400018,353117.1132085774,4025907.486473376
1628215456109362613,353117.63696060376,4025906.550464644
1628215456163697652,353117.55600511364,4025905.9940318083
1628215456302012384,353118.0801045762,4025905.045199732
1628215456373735205,353118.0413564775,4025904.3958876817
1628215456511705034,353118.5415115474,4025903.516309699
1628215456571759773,353118.7748735818,4025903.108603606
1628215456703794633,353119.106278226,4025902.015453298
1628215456775777295,353119.38451822626,4025901.539175985
1628215456907764428,353119.6715331265,4025900.4740609946
1628215456967745121,353119.9134145297,4025900.063891194
1628215457177709137,353120.5723971466,4025898.4360098173
1628215457309746840,353121.12484937266,4025897.5537145967
1628215457369773033,353121.1875577922,4025896.9020726704
1628215457507761075,353121.7950816205,4025895.9529866497
1628215457579762709,353122.1066769399,4025895.481881483
1628215457711756415,353122.554075159,4025894.3887186116
1628215457765607987,353122.7802080108,4025894.052363792
1628215457909777668,353123.3327866582,4025892.773212733
1628215457969783903,353123.60816203046,4025892.3691893253
1628215458108047537,353124.2602074169,4025891.43131195
1628215458167729169,353124.43969652685,4025890.7153734635
1628215458317723267,353125.1021898565,4025889.7609615377
1628215458371746694,353125.32178130496,4025889.043122715
1628215458509726718,353125.9920597904,4025888.0753341876
1628215458563747831,353126.2330785568,4025887.7312808447
1628215458713773404,353126.9314316015,4025886.437269291
1628215458779764302,353127.2731812156,4025885.9508216376
1628215458905641922,353127.85219001316,4025884.8192344857
1628215458971784452,353128.19803042023,4025884.3220363064
1628215459109902039,353128.8426149671,4025883.399483661
1628215459181896506,353129.1973204267,4025882.593355896
1628215459433786802,353130.5146778675,4025880.4377119886
1628215459511747595,353130.9176312438,4025879.8473821906
1628215459631761327,353131.53706987755,4025878.769187759
1628215459703752234,353131.8914011298,4025878.2462108843
1628215459835872984,353132.5498874242,4025877.2749606604
1628215459913726025,353132.969501973,4025876.503438935
1628215460033751489,353133.579839155,4025875.599533647
1628215460106093955,353133.93623410724,4025875.0722494004
1628215460243751920,353134.66831426695,4025873.8331484473
1628215460315643445,353134.9742172626,4025873.3790471717
1628215460435711688,353135.65983309026,4025872.2310665017
1628215460507729998,353136.0160282061,4025871.697376999
1628215460645728979,353136.69729161914,4025870.5762038026
1628215460705770786,353137.05146741495,4025870.0404123235
1628215460825784416,353137.65548315516,4025869.1245294386
1628215460915526661,353138.08425303275,4025868.3817227264
1628215461041735665,353138.73462635255,4025867.383693819
1628215461107825734,353139.0834628497,4025866.8479929166
1628215461239823705,353139.7576243118,4025865.721019898
1628215461311732191,353140.1041420653,4025865.1817572364
1628215461437709713,353140.77747163957,4025864.0687145386
1628215461515728639,353141.1216439989,4025863.5288202767
1628215461629734216,353141.7369535831,4025862.519300762
1628215461713731088,353142.128252713,4025861.902130277
1628215461839635260,353142.71278810984,4025860.976690142
1628215461911769746,353143.134695838,4025860.271048654
1628215462043726900,353143.7627603343,4025859.2667453447
1628215462109996669,353144.13877076854,4025858.6478809
1628215462241773707,353144.76231408125,4025857.641518042
1628215462313725722,353145.09667173086,4025857.0996540347
1628215462433748176,353145.7122462227,4025856.099407786
1628215462511728533,353146.09264548094,4025855.4801638965
1628215462716531040,353147.0746277479,4025853.8823955287
1628215462836504914,353147.62960188556,4025852.9594708863
1628215462914501373,353148.04786064645,4025852.2996072164
1628215463046613701,353148.6396433148,4025851.3019616515
1628215463118530028,353149.0142131554,4025850.7304244973
1628215463238523579,353149.55278601113,4025849.8130880217
1628215463316524539,353149.9075672112,4025849.2021520226
1628215463448470195,353150.5509775289,4025848.185687315
1628215463520380238,353150.85646907415,4025847.653162869
1628215463640451065,353151.43572087435,4025846.7319023525
1628215463766570291,353151.992155496,4025845.746513828
1628215463844785216,353152.3301679008,4025845.14019562
1628215463910409196,353152.6548598955,4025844.6924906336
1628215464048616342,353153.2395368232,4025843.6374702714
1628215464174533707,353153.8071217935,4025842.7472306294
1628215464240531364,353154.09405755927,4025842.2228332986
1628215464312534066,353154.3785596485,4025841.698904465
1628215464444508589,353154.98995071265,4025840.7560423594
1628215464570514836,353155.50843777,4025839.7907064315
1628215464642405076,353155.8587280647,4025839.303749179
1628215464774525461,353156.36783959146,4025838.3443705603
1628215464846398468,353156.63756948453,4025837.8294202136
1628215464972547019,353157.2137046185,4025836.92048113
1628215465044639921,353157.4756374834,4025836.411888563
1628215465182633950,353158.08210534404,4025835.453118796
1628215465242634032,353158.29945650784,4025835.0234072627
1628215465368777279,353158.85341880773,4025834.1658087634
1628215465440581749,353159.09652823006,4025833.672977211
1628215465584545032,353159.5677985977,4025832.695807224
1628215465638706758,353159.85911712924,4025832.354381756
1628215465776524164,353160.27618210646,4025831.4627256477
1628215465848528186,353160.4933629141,4025830.9860196253
1628215465986406969,353161.0318099842,4025830.149375256
1628215466034524304,353161.1789292622,4025829.8175952714
1628215466172578737,353161.7133958861,4025829.0261237333
1628215466244632300,353161.90845111804,4025828.573840678
1628215466388418172,353162.4482361418,4025827.8341593794
1628215466436543480,353162.5796163952,4025827.5209567863
1628215466574695843,353162.9302471807,4025826.6523382394
1628215466640437076,353163.2268845929,4025826.426668433
1628215466784406421,353163.55197342765,4025825.5861928565
1628215466838411950,353163.683434256,4025825.2291042954
1628215466976530775,353164.1833974889,4025824.615953319
1628215467054540910,353164.3246382764,4025824.2173169013
1628215467180531992,353164.8272838349,4025823.7345536835
1628215467246587030,353164.96149333875,4025823.353248461
1628215467378413803,353165.5289150367,4025823.03686959
1628215467450422396,353165.6791679798,4025822.6153142154
1628215467594550113,353165.94414898043,4025821.8992712116
1628215467648709603,353166.3825206711,4025821.919248994
1628215467780546433,353166.62150026415,4025821.2843967024
1628215467840526814,353166.72463455633,4025820.9928521155
1628215467990654371,353167.3379794866,4025820.6515252
1628215468038641927,353167.4236237289,4025820.424730585
1628215468182531757,353167.91988100077,4025820.073790711
1628215468243613261,353168.0257319639,4025819.811985507
1628215468381649241,353168.4602992005,4025819.4101495235
1628215468519617813,353168.68859532144,4025818.851772854
1628215468573863872,353168.7922654427,4025818.596352317
1628215468646436250,353169.039468136,4025818.44323715
1628215468772670308,353169.26591870363,4025817.90472835
1628215468922546405,353169.63486652495,4025817.438940192
1628215468976553472,353169.71833317966,4025817.237634359
1628215469120415376,353170.0347165876,4025816.815522767
1628215469186554138,353170.1463904007,4025816.538909354
1628215469318629609,353170.3470556609,4025816.0276931315
1628215469372595772,353170.52962715446,4025815.932008903
1628215469516428232,353170.73506550596,4025815.390865398
1628215469588468015,353170.8348269735,4025815.1200080616
1628215469714704350,353171.09356535063,4025814.732625854
1628215469774604916,353171.1764952554,4025814.502337205
1628215469918432125,353171.44574742264,4025814.07888793
1628215469984781620,353171.5355816649,4025813.8093584683
1628215470117653304,353171.7819635777,4025813.4177300283
1628215470177622500,353171.8574238456,4025813.1789008784
1628215470315903580,353172.0360451445,4025812.61135607
1628215470376687779,353172.1855439057,4025812.475826608
1628215470526427725,353172.35604846117,4025811.8876672047
1628215470580679453,353172.426548905,4025811.631710043
1628215470718650540,353172.6391516645,4025811.1126011536
1628215470778666670,353172.7011003107,4025810.8481828533
1628215470916603996,353172.89060882793,4025810.308041725
1628215470982540785,353172.94369435206,4025810.034801348
1628215471126557777,353173.0914748451,4025809.4735774575
1628215471192544110,353173.13692052267,4025809.1385153453
1628215471318584871,353173.20515798207,4025808.503076948
1628215471378597255,353173.25524372223,4025808.295073455
1628215471522443525,353173.3051311936,4025807.5889614993
1628215471594446425,353173.3192806121,4025807.2279401403
1628215471720705721,353173.3200848209,4025806.6169598037
1628215471780681365,353173.3052454159,4025806.2959196246
1628215471924479805,353173.23663344886,4025805.6364933555
1628215471984456483,353173.20254334575,4025805.3096147217
1628215472122671089,353173.05386657,4025804.650568329
1628215472182655056,353173.00229856244,4025804.3180043097
1628215472320791972,353172.8558473743,4025803.537215157
1628215472380625277,353172.7137069485,4025803.3306372683
1628215472524697298,353172.5088671598,4025802.544306521
1628215472644691500,353172.23568109167,4025802.003276237
1628215472722601113,353172.08680480643,4025801.5522426832
1628215472848574627,353171.84503640595,4025800.8749979157
1628215472914695838,353171.5865204533,4025800.6720396364
1628215473052676304,353171.2427884515,4025799.890686559
1628215473118586084,353170.9662097106,4025799.7934428593
1628215473244899172,353170.60122902977,4025799.0792838214
1628215473322723441,353170.36644953414,4025798.6389220557
1628215473448519816,353169.8407125089,4025798.315490141
1628215473526659459,353169.5762798002,4025797.8885093024
1628215473646657468,353169.010803665,4025797.6208658824
1628215473718573622,353168.7543223047,4025797.2641854775
1628215473850491832,353168.2642169973,4025796.6020125425
1628215473928684022,353167.7976644263,4025796.605827671
1628215474054517742,353167.31853807875,4025796.017016716
1628215474126612349,353166.8338484792,4025796.104147645
1628215474258558393,353166.2909396676,4025795.490477234
1628215474330717460,353165.9938231205,4025795.160120337
1628215474450701404,353165.30982774356,4025795.191118367
1628215474517823562,353165.00278838596,4025794.878568921
1628215474655749444,353164.3294386772,4025794.7686995156
1628215474721713478,353164.01892077795,4025794.470613447
1628215474859594913,353163.33622728137,4025794.2722176476
1628215474925696141,353163.0649983372,4025794.02778766
1628215475051611626,353162.4736283596,4025793.498252191
1628215475117820106,353162.13389579125,4025793.5402634596
1628215475249812036,353161.5478075214,4025793.029742717
1628215475321615596,353161.23390967096,4025792.7573489756
1628215475453606940,353160.6532852026,4025792.495455942
1628215475531822104,353160.2894597953,4025792.1846012166
1628215475651843000,353159.7697633579,4025791.8979940913
1628215475723672829,353159.4535987676,4025791.6197183593
1628215475855618312,353158.8623688395,4025791.0867627533
1628215475921785186,353158.57873225934,4025790.9638819727
1628215476053815057,353157.9911097856,4025790.4456969574
1628215476125684092,353157.7110933187,4025790.313111237
1628215476251619389,353157.135046393,4025789.8035192783
1628215476323655920,353156.82761407254,4025789.5209452547
1628215476455568577,353156.3041227007,4025789.1310692886
1628215476527671646,353155.99621514976,4025788.836662432
1628215476659681619,353155.4552083613,4025788.3902591085
1628215476725600669,353155.14450685674,4025788.0921764467
1628215476845595371,353154.61760656256,4025787.5821791585
1628215476929562118,353154.29845273227,4025787.3454584875
1628215477055800852,353153.73698016466,4025786.788195097
1628215477127693861,353153.4621888276,4025786.580325061
1628215477247596544,353152.94749350107,4025786.0602332936
1628215477385809913,353152.3674131186,4025785.531483743
1628215477457825852,353152.07067201834,4025785.2269389993
1628215477589683197,353151.5237920355,4025784.6581979245
1628215477655624879,353151.2423597964,4025784.4123542383
1628215477787568666,353150.7051440696,4025783.836674502
1628215477859819064,353150.4187046117,4025783.524081659
1628215478057663608,353149.62803207344,4025782.673031338
1628215478189601448,353149.12292296457,4025782.122503667
1628215478261591652,353148.854484543,4025781.80234261
1628215478399793319,353148.3151401618,4025781.1839130917
1628215478459756433,353148.0917698459,4025780.906323704
1628215478585544738,353147.6517025451,4025780.348712509
1628215478651596350,353147.38560462726,4025780.033394687
1628215478789782868,353146.8857713585,4025779.378162646
1628215478850060803,353146.6752302806,4025779.096693763
1628215478981808458,353146.20346932136,4025778.486091418
1628215479059650101,353145.9290907276,4025778.1098783086
1628215479191599441,353145.4730884974,4025777.4818579555
1628215479251778176,353145.2732330473,4025777.1978886807
1628215479383789637,353144.8306711606,4025776.5507195643
1628215479461652395,353144.5698594942,4025776.171835176
1628215479593549172,353144.18160162686,4025775.6034584567
1628215479653592423,353143.9373910711,4025775.22624592
1628215479791778024,353143.49088321975,4025774.5587578216
1628215479852071606,353143.3008347143,4025774.2726692683
1628215479995589204,353142.82993737777,4025773.535647639
1628215480055590949,353142.64147495053,4025773.2477011536
1628215480193644581,353142.20090458414,4025772.539767943
1628215480265770563,353141.95231931633,4025772.151154886
1628215480403646190,353141.4736231053,4025771.3600658225
1628215480445782740,353141.35068074055,4025771.164393638
1628215480589663312,353140.9228157606,4025770.4794997685
1628215480655796508,353140.66606975097,4025770.029867316
1628215480799667231,353140.240857193,4025769.3376042526
1628215480853560784,353140.0900223078,4025769.089914081
1628215480985607904,353139.62134657183,4025768.271494445
1628215481057654757,353139.41140164394,4025767.922571232
1628215481189617981,353138.9579832468,4025767.134594014
1628215481255783765,353138.74599707243,4025766.7822874077
1628215481387944014,353138.2941453511,4025765.9814051497
1628215481459598448,353138.0840708142,4025765.6239391714
1628215481597669955,353137.69530291064,4025764.961576459
1628215481657927584,353137.42948223156,4025764.4789555124
1628215481789789417,353137.03362169664,4025763.8186051226
1628215481939925534,353136.52920990344,4025762.9139985223
1628215481993631817,353136.3799389834,4025762.6586524495
1628215482131774015,353135.91079137893,4025761.8025209587
1628215482197623025,353135.7289745509,4025761.494320227
1628215482335624290,353135.2998219115,4025760.7758177826
1628215482402618090,353135.03789167857,4025760.265237682
1628215482528974820,353134.6390442543,4025759.596148871
1628215482594485321,353134.4558149802,4025759.2892538453
1628215482732707594,353133.986038183,4025758.428433364
1628215482798483843,353133.79990374844,4025758.120305833
1628215482936595923,353133.32593814994,4025757.2545514433
1628215482996554183,353133.13758817787,4025756.945362828
1628215483134610372,353132.66465861397,4025756.0714121372
1628215483194622948,353132.47800436104,4025755.759631301
1628215483338597064,353132.0389342563,4025755.0322637875
1628215483386724570,353131.85060406255,4025754.6188870175
1628215483536605131,353131.3746138152,4025753.83989868
1628215483596621564,353131.1852596499,4025753.529994692
1628215483728725875,353130.7527345207,4025752.7304942594
1628215483794743360,353130.52677649015,4025752.37232104
1628215483938409660,353130.05517567584,4025751.523677745
1628215484010485604,353129.8248535501,4025751.1700340994
1628215484130498643,353129.41692289116,4025750.4170533433
1628215484190497901,353129.21696839656,4025750.117399915
1628215484328741007,353128.74310927634,4025749.4290745594
1628215484406662903,353128.46288277546,4025748.891582796
1628215484526672576,353128.04925573606,4025748.3121619346
1628215484598513789,353127.84095652506,4025748.0252843294
1628215484730627521,353127.3506323946,4025747.2334774714
1628215484790597950,353127.1389470274,4025746.9530049707
1628215484928734166,353126.6507076351,4025746.1752620516
1628215484988756115,353126.43556163367,4025745.9040035615
1628215485138689873,353125.9145476751,4025745.1076509147
1628215485198661853,353125.69797966105,4025744.8470367417
1628215485336526143,353125.2257722943,4025744.2958306586
1628215485390739535,353125.03608084354,4025743.9048161334
1628215485540685820,353124.48518721794,4025743.2958000456
1628215485594504755,353124.3004071958,4025743.098246333
1628215485738527498,353123.81083314976,4025742.4416819317
1628215485792633508,353123.5882875931,4025742.2137621436
1628215485930677992,353123.10661114694,4025741.572078706
1628215486008550387,353122.84518946277,4025741.3103936748
1628215486134634670,353122.40799621097,4025740.720874306
1628215486266607144,353121.9215720118,4025740.251086733
1628215486338786121,353121.65876265033,4025740.0101773725
1628215486464758953,353121.24139637063,4025739.465000135
1628215486530671680,353120.9779162097,4025739.225933231
1628215486662979185,353120.58272883564,4025738.6972870184
1628215486734766828,353120.3154162429,4025738.4581019743
1628215486866871258,353119.9539256841,4025737.933157206
1628215486932853287,353119.6857657019,4025737.689897154
1628215487064646016,353119.18738701957,4025737.2477173256
1628215487136620897,353119.08844611095,4025736.9330463875
1628215487262635685,353118.6353812424,4025736.5452138153
1628215487340641930,353118.3283217378,4025736.283020618
1628215487454669820,353118.0504431776,4025735.8129947847
1628215487538622498,353117.74164783297,4025735.537525254
1628215487670543790,353117.3823664525,4025735.0466010296
1628215487736750496,353117.102360081,4025734.7949968316
1628215487868757867,353116.7319866605,4025734.301514017
1628215487940642933,353116.45345829864,4025734.0434760437
1628215488060643036,353115.9701246381,4025733.600308976
1628215488138745113,353115.79171388596,4025733.277951652
1628215488270726036,353115.2650362932,4025732.7949305116
1628215488330760090,353115.01858622197,4025732.572054768
1628215488468663840,353114.56470761355,4025732.0326846684
1628215488540737541,353114.2702268817,4025731.777053373
1628215488666566341,353113.8637350757,4025731.3215976623
1628215488738677760,353113.52658840094,4025731.0318991854
1628215488864624153,353113.1103822051,4025730.5903411694
1628215488942791804,353112.76707974344,4025730.306606473
1628215489074525788,353112.2019342842,4025729.850849013
1628215489140726990,353111.97072190535,4025729.598723163
1628215489266642631,353111.443422605,4025729.1852934114
1628215489338621781,353111.1339096911,4025728.945847291
1628215489476559662,353110.626071539,4025728.49754157
1628215489536532827,353110.3590111649,4025728.2966829226
1628215489662759439,353109.8698163046,4025727.9183132956
1628215489734734271,353109.55689779867,4025727.6886296174
1628215489866671093,353109.0487898848,4025727.3198580057
1628215489938545645,353108.73424512567,4025727.094169236
1628215490064755530,353108.1481535091,4025726.678440208
1628215490136776011,353107.9334915612,4025726.533944973
1628215490262662681,353107.34996262274,4025726.1280603367
1628215490340655612,353107.03480699443,4025725.911354218
1628215490466800773,353106.5650989765,4025725.6121839345
1628215490604552139,353105.97990850604,4025725.226225168
1628215490664686948,353105.76220426837,4025725.1030219556
1628215490748664666,353105.40409632097,4025724.8722732724
1628215490868649564,353104.98509152373,4025724.62668749
1628215491006529854,353104.40640387277,4025724.265154938
1628215491067355557,353104.0943140329,4025724.0717736115
1628215491198686858,353103.6706319716,4025723.8347511226
1628215491270641797,353103.363130315,4025723.6455645496
1628215491402586178,353102.9557980959,4025723.445801898
1628215491468761654,353102.650306339,4025723.2608537786
1628215491606943432,353102.03979572444,4025722.8909495533
1628215491666719837,353101.9349655894,4025722.84560686
1628215491804544226,353101.377005858,4025722.5059401453
1628215491864659931,353101.2453050332,4025722.4157644534
1628215492008822751,353100.6091029558,4025722.0282902704
1628215492068701495,353100.35513471323,4025721.87329192
1628215492200702222,353099.8804907863,4025721.535936287
1628215492272665964,353099.58551710355,4025721.353007273
1628215492398794179,353099.0718005767,4025720.9892141283
1628215492470696195,353098.7743028746,4025720.804130639
1628215492596650828,353098.2623368171,4025720.484192503
1628215492674670881,353097.96941805637,4025720.2307325313
1628215492800866575,353097.4165000379,4025719.8779189703
1628215492872799064,353097.1305995827,4025719.626171134
1628215493004789747,353096.56465092313,4025719.2707708552
1628215493070564410,353096.29974128155,4025719.1068027304
1628215493202784943,353095.67695618473,4025718.6439055414
1628215493262750879,353095.4113902365,4025718.4754319265
1628215493400858654,353094.8177975712,4025718.0385904834
1628215493472705755,353094.4557619911,4025717.811143691
1628215493616555979,353093.8582579325,4025717.4406533297
1628215493670676135,353093.5662256001,4025717.2007894223
1628215493796802812,353092.96218975866,4025716.819484455
1628215493868830115,353092.6080099847,4025716.5414280896
1628215494006710906,353091.9351739283,4025716.125583539
1628215494066713273,353091.6417730838,4025715.9490368636
1628215494198681802,353090.9615188247,4025715.466484086
1628215494282550925,353090.5585592723,4025715.226730548
1628215494408778523,353089.8495154714,4025714.7482059295
1628215494468801712,353089.5369558921,4025714.5685660834
1628215494606556293,353088.8496946952,4025714.1795167895
1628215494666711293,353088.4303871263,4025713.8954233974
1628215494816676885,353087.6718758815,4025713.476758954
1628215494942522209,353086.91024427186,4025713.0117603703
1628215495008770442,353086.524699289,4025712.798262321
1628215495086800946,353086.1377002927,4025712.582713722
1628215495218758142,353085.3135264655,4025712.076050488
1628215495344599485,353084.64737140574,4025711.694273187
1628215495404561778,353084.27137251373,4025711.4479593365
1628215495548716277,353083.4377600771,4025710.9597669654
1628215495614554552,353083.0667579012,4025710.7129412126
1628215495740753556,353082.3492068623,4025710.2790563777
1628215495800776913,353082.0192792048,4025710.0777383717
1628215495950563344,353081.2094218967,4025709.558625684
1628215496010671670,353080.8812235638,4025709.358499117
1628215496142704080,353080.0757911927,4025708.8456592252
1628215496202714544,353079.7526534652,4025708.6478883363
1628215496352638371,353079.0037645668,4025708.191951813
1628215496406821447,353078.636911302,4025707.939623731
1628215496550677262,353077.89166050614,4025707.4948561853
1628215496604992261,353077.57347448496,4025707.306522994
1628215496754765389,353076.74742465944,4025706.787380021
1628215496802775976,353076.48532321176,4025706.6333747096
1628215496952642958,353075.72233074624,4025706.1547891726
1628215497006729278,353075.41038338374,4025705.973491466
1628215497144906592,353074.66380956303,4025705.4984118887
1628215497216763283,353074.3066045094,4025705.294016517
1628215497342574027,353073.69833512616,4025704.9565471546
1628215497408728310,353073.32329209626,4025704.7045412287
1628215497546722158,353072.6092816101,4025704.299528038
1628215497612661475,353072.3002276215,4025704.121477313
1628215497744676459,353071.6156800577,4025703.6954567367
1628215497810820602,353071.2424527288,4025703.48034669
1628215497954648550,353070.49196253123,4025703.004723491
1628215498014683705,353070.17781494546,4025702.8232801566
1628215498146806834,353069.4230068574,4025702.343213609
1628215498206792379,353069.1039053437,4025702.1558117657
1628215498356682568,353068.3472359584,4025701.708186796
1628215498410745298,353068.0243150383,4025701.462926902
1628215498554535332,353067.24559998483,4025700.9787491956
1628215498602690920,353066.9666506408,4025700.8049490554
1628215498752809497,353066.1130403004,4025700.252582603
1628215498818730596,353065.71592397615,4025700.0038198875
1628215498944695368,353065.0162963241,4025699.54167821
1628215499010796862,353064.6107858947,4025699.282071434
1628215499154849738,353063.7759605396,4025698.728776367
1628215499220710998,353063.3617689728,4025698.4611990796
1628215499346576173,353062.64655802137,4025697.998040033
1628215499478553700,353061.8445333083,4025697.4657956627
1628215499544677628,353061.4203257664,4025697.188927749
1628215499676774834,353060.6118855444,4025696.6581350397
1628215499748576048,353060.18088656943,4025696.3767436175
1628215499874703034,353059.3526420596,4025695.8371924707
1628215499952796834,353058.8525167254,4025695.509243215
1628215500078665266,353058.0982027299,4025695.011590948
1628215500144819495,353057.6361398129,4025694.7089976226
1628215500270684625,353056.87223544094,4025694.2037565256
1628215500354817894,353056.2974701459,4025693.822690126
1628215500474815985,353055.4922140277,4025693.310520795
1628215500546808491,353055.0407806246,4025693.008418769
1628215500684730039,353054.09736375674,4025692.4049633453
1628215500744860947,353053.7044641041,4025692.1439225227
1628215500876889207,353052.8201239316,4025691.584754048
1628215500948945647,353052.35781600093,4025691.2767329672
1628215501086574232,353051.49503081094,4025690.703588199
1628215501146717828,353050.9866262616,4025690.39500598
1628215501278560191,353050.18173553946,4025689.8576231888
1628215501350664692,353049.64319317625,4025689.4978548335
1628215501476832790,353048.71547971596,4025688.916961044
1628215501549402518,353048.23926968005,4025688.6008750363
1628215501680752102,353047.30506357946,4025688.0150865493
1628215501752711685,353046.8267635863,4025687.696350483
1628215501878800985,353045.87870825303,4025687.109210038
1628215501950857460,353045.3943361812,4025686.790577004
1628215502070808170,353044.56327538413,4025686.2434454844
1628215502154674398,353043.94470202917,4025685.8834475433
1628215502280829558,353043.03683322,4025685.2885458483
1628215502358714019,353042.5460476236,4025684.967885464
1628215502484822148,353041.57203434693,4025684.3727016556
1628215502550752684,353041.0792653343,4025684.0520749805
1628215502682906120,353040.10756302596,4025683.4545938238
1628215502754704627,353039.61020876106,4025683.133556691
1628215502874833025,353038.7034152816,4025682.5805076594
1628215502952776711,353038.13056869234,4025682.213692206
1628215503072755240,353037.2695204603,4025681.6638959814
1628215503156697983,353036.6394044161,4025681.292802661
1628215503282595848,353035.771406395,4025680.743551673
1628215503354832956,353035.19182561245,4025680.3773999154
1628215503486752781,353034.1855807078,4025679.764208602
1628215503552706475,353033.7475233972,4025679.48965203
1628215503678706013,353032.7440264772,4025678.876536348
1628215503756810299,353032.15669527184,4025678.510516208
1628215503888792121,353031.1560507724,4025677.896436795
1628215503954780973,353030.64209963393,4025677.574033628
1628215504080633262,353029.76104045217,4025677.0213425527
1628215504207161707,353028.7607400004,4025676.4023747128
1628215504290841969,353028.1706560971,4025676.03243419
1628215504356593166,353027.72796565155,4025675.7546605472
1628215504488748810,353026.654531282,4025675.0832217424
1628215504614739575,353025.7663611154,4025674.5269895
1628215504692714345,353025.1343542043,4025674.1380455843
1628215504818760344,353024.1678537766,4025673.5324822273
1628215504878762226,353023.6871562138,4025673.2290469403
1628215505016612520,353022.71913926967,4025672.624058774
1628215505082686606,353022.1978893019,4025672.299643607
1628215505220818269,353021.1187445631,4025671.6226870073
1628215505280762612,353020.6726910773,4025671.3446045252
1628215505412785508,353019.6799935959,4025670.720503811
1628215505484722422,353019.1595734447,4025670.3964409605
1628215505617163713,353018.173185621,4025669.7718671914
1628215505682816470,353017.65435304027,4025669.447838537
1628215505814889427,353016.6917567038,4025668.8511820002
1628215505886694332,353016.14715835906,4025668.5070213745
1628215506024741382,353015.11162520736,4025667.871318408
1628215506090606204,353014.6681365065,4025667.600516999
1628215506216815370,353013.6851277661,4025666.9862624723
1628215506294766654,353013.0940673114,4025666.6308049355
1628215506432706883,353012.11291032657,4025666.0195709527
1628215506486703647,353011.67302457883,4025665.7578639383
1628215506618599058,353010.7096527087,4025665.162319824
1628215506684812271,353010.2012979654,4025664.8604529467
1628215506828818356,353009.18864453025,4025664.2637306233
1628215506876757951,353008.82592329895,4025664.009626245
1628215507014825933,353007.82376189926,4025663.4196841973
1628215507080719257,353007.39621960034,4025663.169547925
1628215507218805822,353006.4011086029,4025662.5382263362
1628215507284789718,353005.90615385794,4025662.250842028
1628215507416861901,353004.9963105855,4025661.6622032183
1628215507488848323,353004.5077060223,4025661.3803265663
1628215507614598468,353003.6795374209,4025660.849263109
1628215507686769356,353003.1293544839,4025660.5304057077
1628215507818770893,353002.237072837,4025660.0180690917
1628215507878776438,353001.84194651793,4025659.7249024473
1628215508022851070,353000.89105079824,4025659.1776100905
1628215508082851418,353000.4861252977,4025658.945523314
1628215508220857024,352999.56295648695,4025658.3432559567
1628215508292731861,352999.0971590921,4025658.0798527854
1628215508436588569,352998.19904042996,4025657.4825318265
1628215508550856230,352997.4182916171,4025657.0444764798
1628215508616603053,352997.04779233865,4025656.760108722
1628215508754735082,352996.1545926302,4025656.262070618
1628215508821228963,352995.71132435324,4025656.0187324467
1628215508952856559,352994.91967571806,4025655.4959005215
1628215509012843514,352994.547231066,4025655.2929874593
1628215509162775352,352993.66591297905,4025654.709115007
1628215509222793848,352993.30340975954,4025654.514700439
1628215509360737688,352992.524539054,4025654.104629032
1628215509414893668,352992.2113146689,4025653.819473088
1628215509564780897,352991.3359506165,4025653.3545194473
1628215509618633990,352991.0845777896,4025653.12245307
1628215509762863126,352990.22614467086,4025652.676804806
1628215509816775523,352989.9437792254,4025652.532117935
1628215509960900489,352989.2073104116,4025652.0379528403
1628215510026781614,352988.8211829626,4025651.839910815
1628215510158743835,352988.1654129301,4025651.3799607726
1628215510218749347,352987.83917265385,4025651.2127635903
1628215510356847019,352987.0828106295,4025650.8269692617
1628215510434783125,352986.7160814266,4025650.5021933834
1628215510554813283,352986.08324309206,4025650.168808735
1628215510620746708,352985.82657094346,4025649.915836113
1628215510758891308,352985.1061459072,4025649.538038395
1628215510836608860,352984.7461883118,4025649.347975555
1628215510956782052,352984.156176826,4025648.905160026
1628215511016761194,352983.8565568853,4025648.745507105
1628215511160731718,352983.22555933165,4025648.2741507827
1628215511220751428,352982.9330814492,4025648.121701025
1628215511358680533,352982.3111648881,4025647.8006436867
1628215511424809532,352982.0477334131,4025647.518061448
1628215511562717179,352981.3922422349,4025647.1681545
1628215511622728597,352981.17599875777,4025646.9342717743
1628215511760872713,352980.53847963165,4025646.6020655506
1628215511820859791,352980.26741440856,4025646.463229822
1628215511952763719,352979.7466442801,4025646.055739361
1628215512030862848,352979.38747663837,4025645.865480224
1628215512163002240,352978.8811005015,4025645.4482851094
1628215512222852743,352978.61138434405,4025645.297219408
1628215512366747742,352978.0413853305,4025644.8466794738
1628215512432818575,352977.7234909705,4025644.669514331
1628215512564894971,352977.13912924903,4025644.345684034
1628215512696860497,352976.6025723537,4025643.930587946
1628215512762796053,352976.28416168795,4025643.744581435
1628215512888756760,352975.793841386,4025643.349086973
1628215512966764146,352975.41938267415,4025643.1246632566
1628215513098648189,352974.7970205007,4025642.7467897655
1628215513164864964,352974.51693504665,4025642.4720586794
1628215513284816232,352973.9376392618,4025642.1140237004
1628215513368751493,352973.5909416223,4025641.798857342
1628215513494880710,352972.95433995477,4025641.4002292557
1628215513566873300,352972.6084026765,4025641.180265709
1628215513686850931,352972.0418439915,4025640.7472460587
1628215513764751687,352971.69118022034,4025640.520343622
1628215513896974087,352971.00640582043,4025640.0149879996
1628215513956837984,352970.70141354325,4025639.8157534497
1628215514094634615,352970.0374919276,4025639.377366509
1628215514160865452,352969.6888298261,4025639.0993433218
1628215514286816192,352969.0145641342,4025638.646727515
1628215514359163706,352968.64767084457,4025638.4005080624
1628215514490756434,352967.9670701617,4025637.8983167517
1628215514562862249,352967.593650658,4025637.647020022
1628215514688799694,352966.8884360266,4025637.14762675
1628215514760777955,352966.50913210446,4025636.891302894
1628215514898614595,352965.7902906274,4025636.392873309
1628215514958880159,352965.4060931852,4025636.1323600174
1628215515096719842,352964.68860566884,4025635.6453822576
1628215515168665981,352964.2855534975,4025635.3664102294
1628215515294754594,352963.56036114995,4025634.8749000286
1628215515366646344,352963.1412891048,4025634.596060444
1628215515498766892,352962.40952570515,4025634.102481377
1628215515570801508,352961.95836642646,4025633.7983716535
1628215515690809900,352961.25244726485,4025633.336989413
1628215515768768779,352960.85607243096,4025633.0713092075
1628215515894890852,352960.0946937547,4025632.5739352205
1628215515966867894,352959.70132366463,4025632.3122598664
1628215516092672395,352959.0329182135,4025631.8686866825
1628215516164822462,352958.5525811934,4025631.571800503
1628215516296748869,352957.83503231074,4025631.103019379
1628215516368616431,352957.416650333,4025630.8460133174
1628215516494798608,352956.7066358657,4025630.3859703788
1628215516566827659,352956.3273589159,4025630.1410340294
1628215516698748777,352955.59813811793,4025629.68318625
1628215516764868507,352955.22417687986,4025629.444035885
1628215516896846827,352954.51277226175,4025629.0019574068
1628215516968895257,352954.1473273465,4025628.7739918893
1628215517094641553,352953.53222189285,4025628.394756342
1628215517166866948,352953.0963224751,4025628.1322201923
1628215517298856254,352952.4561478194,4025627.7462073476
1628215517431059172,352951.80633823044,4025627.3482901
1628215517490880100,352951.52316461655,4025627.183105106
1628215517568810719,352951.15114464075,4025626.9678875757
1628215517700775287,352950.5468325783,4025626.6031453507
1628215517833166231,352949.96886190487,4025626.2730108057
1628215517898819120,352949.66022669466,4025626.075952771
1628215518048642775,352949.0415922515,4025625.7362351264
1628215518096699328,352948.81900134595,4025625.615396715
1628215518228891389,352948.225400433,4025625.247761582
1628215518300903564,352947.9160734664,4025625.0752517283
1628215518432815768,352947.34891169914,4025624.7239853325
1628215518492829480,352947.0807965271,4025624.579761592
1628215518630883051,352946.464871837,4025624.22731701
1628215518696735343,352946.2003043152,4025624.099729252
1628215518822886755,352945.6253479306,4025623.831256742
1628215518895036468,352945.31787242217,4025623.651073693
1628215519026772622,352944.71362091915,4025623.378569248
1628215519098671926,352944.3806445071,4025623.235748419
1628215519225045430,352943.7651302383,4025622.9529207684
1628215519302806807,352943.41306266375,4025622.8180667264
1628215519422816968,352942.7748488385,4025622.5525588626
1628215519506778897,352942.3678893165,4025622.4109791033
1628215519645031480,352941.64495351235,4025622.1769298636
1628215519705049524,352941.325639864,4025622.093371958
1628215519824796564,352940.67555230897,4025621.9454346746
1628215519908789912,352940.2352840293,4025621.8468934637
1628215520047049038,352939.45330653177,4025621.718913589
1628215520100769697,352939.1703433931,4025621.682560515
1628215520227026927,352938.4286021397,4025621.6227177707
1628215520299061069,352938.02286403906,4025621.6033769404
1628215520430773461,352937.26192287495,4025621.6023075674
1628215520496703747,352936.9061288945,4025621.6112706023
1628215520634723305,352936.08390188974,4025621.694278522
1628215520701075317,352935.6625983143,4025621.741743328
1628215520827523892,352934.87748452905,4025621.858897714
1628215520898832153,352934.48661918915,4025621.980237276
1628215521036671559,352933.70438384585,4025622.162598771
1628215521091066635,352933.34302308573,4025622.263221542
1628215521240843320,352932.49177606346,4025622.620533562
1628215521306704509,352932.1362232409,4025622.760945675
1628215521432794698,352931.43012878665,4025623.1698286072
1628215521499036254,352931.0260057313,4025623.3752660123
1628215521642839561,352930.27322776284,4025623.887632017
1628215521774776383,352929.5519628804,4025624.360846765
1628215521835153536,352929.2255374935,4025624.59544461
1628215521973041896,352928.57459132967,4025625.235327037
1628215522045051758,352928.22054908704,4025625.5502874996
1628215522176800313,352927.69811229414,4025626.228955776
1628215522231114032,352927.4159423406,4025626.5283265486
1628215522375039999,352926.88978162105,4025627.3206943218
1628215522435029114,352926.62361223,4025627.645779595
1628215522572846903,352926.021121621,4025628.4331493317
1628215522632721094,352925.8111165764,4025628.72180832
1628215522777119951,352925.3632051145,4025629.6706974152
1628215522836784951,352925.12490541954,4025630.0348433596
1628215522974842046,352924.74861706747,4025630.947387174
1628215523029006054,352924.5618371492,4025631.2682447177
1628215523178777666,352924.2580311282,4025632.2557743946
1628215523238772962,352924.04831751366,4025632.654439311
1628215523370805503,352923.89670184645,4025633.505141025
1628215523437007678,352923.66260325175,4025633.978591398
1628215523568836636,352923.227129132,4025634.868628603
1628215523646810455,352923.376595719,4025635.2906516497
1628215523767002630,352922.96916388086,4025636.19125707
1628215523827157192,352922.782155278,4025636.6110251592
1628215523976852485,352922.655009525,4025637.596720529
1628215524036812442,352922.47979290964,4025638.0205698316
1628215524168840569,352922.3851609027,4025638.8698550453
1628215524229004709,352922.22039639845,4025639.2936860123
1628215524378835300,352922.0644488387,4025640.2636060305
1628215524438829328,352921.9104726452,4025640.6858749017
1628215524571117776,352921.5773968621,4025641.603044347
1628215524630834352,352921.60279722954,4025641.927531169
1628215524769091010,352921.249212614,4025642.9093875485
1628215524834672216,352921.09641108365,4025643.330960345
1628215524973087553,352920.828815858,4025644.24815637
1628215525033084006,352920.6792934378,4025644.671432601
1628215525171006341,352920.39314263576,4025645.5638540075
1628215525248666204,352920.2214015028,4025646.056487293
1628215525368682077,352919.9691137752,4025646.776919788
1628215525435083134,352919.79749415186,4025647.2665945995
1628215525573021249,352919.4492926686,4025648.247557203
1628215525650695306,352919.2943398248,4025648.618552139
1628215525777065861,352918.98249295074,4025649.5329829743
1628215525902834633,352918.6685902856,4025650.3273932035
1628215525980822933,352918.49708558305,4025650.8164128275
1628215526100792136,352918.2039749167,4025651.6565503534
1628215526179085669,352917.99855155614,4025652.102296149
1628215526305260563,352917.68096074206,4025653.024864086
1628215526377089005,352917.4982192046,4025653.398641428
1628215526508796740,352917.17148443963,4025654.327944035
1628215526580726851,352916.99823373486,4025654.8242136743
1628215526707079395,352916.65948537335,4025655.628694073
1628215526779058939,352916.4911790224,4025656.119817658
1628215526899110167,352916.1764532371,4025656.886151205
1628215526977058682,352915.97476875095,4025657.4643060956
1628215527103169843,352915.6678590623,4025658.339412056
1628215527174828151,352915.467741542,4025658.74465265
1628215527301058612,352915.1399393724,4025659.6854348565
1628215527380992284,352914.90627912164,4025660.169130211
1628215527501076786,352914.60148939467,4025661.043263728
1628215527572815029,352914.4216756218,4025661.556496421
1628215527699049526,352914.06190296833,4025662.400877322
1628215527783114256,352913.85700156784,4025662.991313109
1628215527903056224,352913.5262433364,4025663.7628360656
1628215527986691107,352913.3208859309,4025664.3549447404
1628215528173062779,352912.80532444,4025665.63632136
1628215528311104829,352912.44499349594,4025666.6781817195
1628215528383053808,352912.2232596638,4025667.065520484
1628215528503118747,352911.9117350229,4025667.959288442
1628215528574832139,352911.73016431485,4025668.4818151197
1628215528701074727,352911.3562502892,4025669.286814394
1628215528785057088,352911.1476967884,4025669.8834387166
1628215528910826479,352910.8152383519,4025670.6594939614
1628215528976814492,352910.632794092,4025671.1802158654
1628215529108829324,352910.2978157557,4025672.1485423516
1628215529180690854,352910.08773568296,4025672.555184346
1628215529307062556,352909.7482731106,4025673.51821963
1628215529378814129,352909.5387984504,4025673.937153897
1628215529510843469,352909.2075708915,4025674.896528445
1628215529582762686,352909.0303066784,4025675.4104752443
1628215529709093449,352908.66998896084,4025676.271221383
1628215529780711542,352908.49375708326,4025676.7796841585
1628215529912807875,352908.14206739946,4025677.6466659484
1628215529985038211,352907.9449463261,4025678.2216689666
1628215530104671292,352907.6761193094,4025679.0079131736
1628215530177093923,352907.45179452247,4025679.4978934405
1628215530309065354,352907.1387550692,4025680.4124833867
1628215530380834951,352906.9430964811,4025680.8277537986
1628215530507045877,352906.6364506879,4025681.730211202
1628215530639030138,352906.2995995849,4025682.544309315
1628215530711051334,352906.1370099783,4025683.0224614125
1628215530782832485,352905.9758037918,4025683.4989611423
1628215530902816770,352905.6729590987,4025684.2439427366
1628215531041139348,352905.3581551804,4025685.181538882
1628215531118708670,352905.20257784287,4025685.6462471127
1628215531250756270,352904.89047503716,4025686.4235975193
1628215531305184042,352904.76124366606,4025686.813547517
1628215531443117615,352904.4324046378,4025687.6346585653
1628215531503093591,352904.3058003545,4025688.0153170615
1628215531641044339,352903.98679259594,4025688.8223069613
1628215531713139947,352903.8426348175,4025689.257013048
1628215531838955157,352903.5995271424,4025689.995369386
1628215531916705996,352903.3963169959,4025690.4201485133
1628215532043166850,352903.14250905195,4025691.2036774983
1628215532114686666,352903.02740758413,4025691.5617139465
1628215532246873909,352902.7057712772,4025692.31293509
1628215532307099187,352902.59201474255,4025692.6618810883
1628215532445131362,352902.299409423,4025693.3985484014
1628215532505066586,352902.1906426839,4025693.7394102113
1628215532637120168,352901.92862294486,4025694.40118248
1628215532715309526,352901.78827295656,4025694.8431101353
1628215532852753085,352901.56463274267,4025695.552060209
1628215532919100273,352901.4084916384,4025695.867103039
1628215533045089075,352901.20926148444,4025696.5029871375
1628215533111032010,352901.09567742224,4025696.8695047335
1628215533248825855,352900.8310622141,4025697.514322627
1628215533315087812,352900.7374609302,4025697.817535001
1628215533441106607,352900.49076754635,4025698.387749074
1628215533519109636,352900.3718962772,4025698.7767374897
1628215533651111297,352900.1311046283,4025699.309436456
1628215533711083698,352900.04730319243,4025699.587240389
1628215533842786654,352899.8754791643,4025700.174639449
1628215533909120136,352899.741499751,4025700.4048364274
1628215534053090060,352899.56579985056,4025700.9953721436
1628215534113088950,352899.4930047018,4025701.239286065
1628215534239366051,352899.2934491137,4025701.6685351976
1628215534323116323,352899.2167407436,4025701.963282076
1628215534461192958,352899.02627872746,4025702.3632704206
1628215534521130119,352898.98010002094,4025702.5580336414
1628215534641147946,352898.83002589515,4025702.8405673583
1628215534713106812,352898.7819747814,4025703.0409852862
1628215534856727750,352898.692507933,4025703.423260447
1628215534983157705,352898.56474510324,4025703.6664059674
1628215535048745764,352898.5352605432,4025703.8158261566
1628215535181107640,352898.41103362554,4025704.0416461616
1628215535252758355,352898.38541673997,4025704.175757012
1628215535385106440,352898.27762532054,4025704.358077076
1628215535445116994,352898.25920749706,4025704.470428542
1628215535589045242,352898.233496694,4025704.7041895776
1628215535643106888,352898.1520011822,4025704.6903672535
1628215535787073520,352898.1244757617,4025704.908465257
1628215535852773857,352898.1112186001,4025705.004821674
1628215535985132909,352898.02692112303,4025705.1284308904
1628215536045133640,352898.0080385073,4025705.2331760298
1628215536177090830,352897.9140796891,4025705.3413545806
1628215536248752282,352897.8944609899,4025705.4463334666
1628215536387096474,352897.7886463613,4025705.5756561626
1628215536465072759,352897.7605754248,4025705.702728514
1628215536579208349,352897.7079510505,4025705.932170306
1628215536651065567,352897.61887836794,4025705.940304527
1628215536789121008,352897.54663324007,4025706.2211129135
1628215536854792634,352897.5143372641,4025706.3446863834
1628215536987260310,352897.3939313482,4025706.5205295174
1628215537047119953,352897.35969320877,4025706.6465468667
1628215537191042526,352897.231179336,4025706.8449887997
1628215537251118823,352897.19454245723,4025706.974419093
1628215537389052592,352897.0631498712,4025707.1502427147
1628215537449153103,352897.0183402372,4025707.3011513725
1628215537593208841,352896.92439797486,4025707.617072669
1628215537658738430,352896.82996500866,4025707.639328489
1628215537791153446,352896.70549643005,4025708.014072377
1628215537850817225,352896.658745878,4025708.154462415
1628215537995080590,352896.48674778634,4025708.462331949
1628215538055080283,352896.4290997187,4025708.6331273112
1628215538181119237,352896.26866623654,4025708.932362361
1628215538246740601,352896.2035024486,4025709.116148586
1628215538391163712,352896.0069240979,4025709.5158135807
1628215538457159518,352895.93512377574,4025709.7171915844
1628215538583470222,352895.77538221405,4025710.165517763
1628215538643204144,352895.66383354296,4025710.2833410096
1628215538787123029,352895.4768535782,4025710.7918149144
1628215538913145841,352895.27395889256,4025711.216245609
1628215538985159928,352895.17091215507,4025711.488856337
1628215539189129769,352894.83627587894,4025712.2218161123
1628215539315194671,352894.630495385,4025712.7701908774
1628215539392756162,352894.4960927003,4025713.0113892164
1628215539519149865,352894.2749555284,4025713.5845610453
1628215539590731024,352894.15251521184,4025713.9007906187
1628215539717242846,352893.90256669826,4025714.440538465
1628215539801109835,352893.75764679426,4025714.819047549
1628215539921115074,352893.5134803249,4025715.350190402
1628215539993143033,352893.38019833376,4025715.6938183545
1628215540191108117,352892.9677124865,4025716.652452004
1628215540329318901,352892.6859254925,4025717.377320244
1628215540389110470,352892.5449931651,4025717.6455462477
1628215540521142450,352892.27629923716,4025718.33585962
1628215540581078775,352892.15036623564,4025718.658915861
1628215540719152877,352891.841507043,4025719.38314501
1628215540791158443,352891.69015364686,4025719.769621701
1628215540917009542,352891.41862466815,4025720.4102161536
1628215540989134516,352891.2413303539,4025720.862258386
1628215541121164146,352890.9659894728,4025721.526835971
1628215541193182553,352890.78547935677,4025721.9885383123
1628215541313153939,352890.51019812946,4025722.6885385644
1628215541396830064,352890.3154377285,4025723.139984645
1628215541523120828,352890.00266661996,4025723.9101563254
1628215541600755860,352889.83212647896,4025724.3286058065
1628215541715185467,352889.52984042285,4025725.0323833036
1628215541793304632,352889.3289429834,4025725.5160079035
1628215541925133792,352888.98954981053,4025726.288233708
1628215541985164518,352888.8345040758,4025726.6540362197
1628215542123139445,352888.4601609445,4025727.4869526913
1628215542195162022,352888.27220395836,4025727.9171420652
1628215542327256857,352887.9196502926,4025728.7190334667
1628215542399128461,352887.71678970254,4025729.1346365022
1628215542519120334,352887.3852416373,4025729.877752468
1628215542596741672,352887.1883788676,4025730.3113966067
1628215542717147131,352886.7946720945,4025731.090793006
1628215542795170931,352886.5601528565,4025731.5897361785
1628215542921085558,352886.1869919745,4025732.2999049365
1628215542999148152,352885.9439435231,4025732.7984207002
1628215543119158522,352885.5533247335,4025733.5183616425
1628215543196770082,352885.3322067896,4025733.953264429
1628215543317161468,352884.91355162044,4025734.7604895057
1628215543389126020,352884.66292023147,4025735.1597066843
1628215543527252575,352884.2305153288,4025735.963236019
1628215543599121665,352883.99396062887,4025736.394387778
1628215543719156895,352883.5230835177,4025737.153129047
1628215543856815282,352883.10594717844,4025737.887108356
1628215543929134019,352882.7714634955,4025738.4046554673
1628215543989073306,352882.55765588576,4025738.7690599477
1628215544120808026,352882.10888588097,4025739.4687400996
1628215544253149540,352881.61650941544,4025740.3137696222
1628215544325155114,352881.3733668504,4025740.73345175
1628215544451149359,352880.8988536765,4025741.4703277936
1628215544523123772,352880.6572714681,4025741.8830482634
1628215544655031276,352880.1852265934,4025742.6174562783
1628215544721459580,352879.94612560846,4025743.0248779436
1628215544853408336,352879.50568851747,4025743.7767626476
1628215544925020440,352879.2380850704,4025744.1455823607
1628215545057136611,352878.80067977344,4025744.885048259
1628215545123467090,352878.5452618422,4025745.2557439907
1628215545261082404,352878.107540815,4025745.984244101
1628215545327151857,352877.87344338186,4025746.3740483555
1628215545453151841,352877.43766764057,4025747.06297953
1628215545531148409,352877.2103310303,4025747.4470079634
1628215545669143752,352876.7428570031,4025748.1764862635
1628215545729173883,352876.5487295687,4025748.4966034126
1628215545927199899,352875.9099791235,4025749.5246773534
1628215546065199823,352875.47882938414,4025750.246550495
1628215546119122753,352875.3216431688,4025750.479011116
1628215546257131503,352874.898650432,4025751.1753320294
1628215546461193376,352874.31749739824,4025752.113689881
1628215546521191305,352874.1456407218,4025752.3996762154
1628215546659165686,352873.75747596455,4025753.01553295
1628215546724922331,352873.5872935342,4025753.2864379184
1628215546857233809,352873.209657941,4025753.881653676
1628215546923138309,352873.0488774247,4025754.1486606025
1628215547055080917,352872.7034510283,4025754.727124588
1628215547121230324,352872.53631617455,4025755.002723378
1628215547265061793,352872.1690370876,4025755.600380287
1628215547325170741,352872.0161371615,4025755.8520707916
1628215547463148836,352871.6685636619,4025756.425841
1628215547529195775,352871.48556899006,4025756.733890195
1628215547673174936,352871.12612842105,4025757.2876819186
1628215547733153250,352870.95655513956,4025757.5526637607
1628215547925174360,352870.43681914697,4025758.366969203
1628215548063185131,352870.06512727507,4025759.0048779645
1628215548195153039,352869.7042159868,4025759.5529192104
1628215548255163174,352869.53423039324,4025759.8219211907
1628215548327189428,352869.32994752366,4025760.13926596
1628215548458917919,352868.9656149709,4025760.701487487
1628215548590951746,352868.59013502626,4025761.333311276
1628215548657125027,352868.3900806972,4025761.6103158975
1628215548807197393,352867.93541311956,4025762.3547905264
1628215548855702722,352867.78160069743,4025762.6039483673
1628215548999130550,352867.3574456535,4025763.2834130456
1628215549065035781,352867.1695003754,4025763.5923932665
1628215549209144675,352866.7063256549,4025764.338179706
1628215549269117320,352866.51278302295,4025764.657646323
1628215549395176802,352866.0906233247,4025765.3252057317
1628215549455169307,352865.8920908462,4025765.6522950004
1628215549605128601,352865.42180363473,4025766.428064051
1628215549671164594,352865.19381153194,4025766.794090792
1628215549797221532,352864.74693586933,4025767.5386698507
1628215549857239653,352864.5379940681,4025767.887603596
1628215550001152617,352864.04588684975,4025768.6826795456
1628215550067186891,352863.79626371234,4025769.09892458
1628215550199231289,352863.32733760844,4025769.864965962
1628215550259480226,352863.1083172791,4025770.2300622426
1628215550403132815,352862.58595611114,4025771.071199914
1628215550463145497,352862.36270879174,4025771.4434633977
1628215550601922342,352861.8394556277,4025772.3196813483
1628215550661908719,352861.60344598786,4025772.671363569
1628215550800189585,352861.0654513913,4025773.5623126016
1628215550865809698,352860.8276818106,4025773.924919621
1628215551003902256,352860.2785360215,4025774.8317595026
1628215551063933455,352860.0419318513,4025775.2234608536
1628215551202015287,352859.47288985504,4025776.1227191887
1628215551262075968,352859.23153711203,4025776.5178276403
1628215551400216346,352858.6730567374,4025777.4581211694
1628215551465920816,352858.42971598625,4025777.858359891
1628215551597830052,352857.90092685417,4025778.7306590104
1628215551676026037,352857.580486487,4025779.2730469476
1628215551796038189,352857.0860452014,4025780.0878470517
1628215551856019148,352856.83791645453,4025780.4977039685
1628215552005913954,352856.2155074538,4025781.5339937983
1628215552065911614,352855.9647956523,4025781.948533324
1628215552198034454,352855.42575724074,4025782.8538744356
1628215552258001097,352855.1766460035,4025783.271011355
1628215552407908008,352854.5361112639,4025784.315009671
1628215552527938145,352854.0300975259,4025785.1491717184
1628215552606057400,352853.6956312965,4025785.7079724604
1628215552738011872,352853.12618255406,4025786.602065411
1628215552809928014,352852.8290969257,4025787.0896740975
1628215552929940891,352852.31064982235,4025787.918569401
1628215553001815361,352852.0147959391,4025788.408171389
1628215553133870389,352851.45060084946,4025789.302068456
1628215553200020364,352851.1545599324,4025789.7891864455
1628215553277965030,352850.8156013531,4025790.3453475004
1628215553403897007,352850.3036775285,4025791.1737812324
1628215553530028090,352849.7538943464,4025792.0797934886
1628215553607822527,352849.45672377094,4025792.566869692
1628215553733938140,352848.89560632233,4025793.455969164
1628215553799974143,352848.6000991975,4025793.9426051658
1628215553931942763,352848.0372528826,4025794.8269274873
1628215554004209554,352847.73973975366,4025795.308195913
1628215554130047225,352847.1811504123,4025796.182161484
1628215554201944249,352846.8831216501,4025796.6573198563
1628215554333921097,352846.32862028835,4025797.532543608
1628215554405812734,352846.0235539895,4025797.9872829514
1628215554532054691,352845.4724101421,4025798.8490523933
1628215554604181204,352845.1775717471,4025799.3103473047
1628215554735934081,352844.62686546665,4025800.1489005038
1628215554801963131,352844.33316663624,4025800.603614747
1628215554934076639,352843.7954436162,4025801.430366005
1628215555006067569,352843.5079113464,4025801.8807030674
1628215555137845544,352842.97289303783,4025802.682963606
1628215555203986868,352842.6888816873,4025803.1272288845
1628215555335927214,352842.16474539635,4025803.94625741
1628215555407872993,352841.8997819847,4025804.3589184172
1628215555539943346,352841.3875267136,4025805.16099092
1628215555611948383,352841.1146436437,4025805.5884502926
1628215555726034103,352840.6641650199,4025806.306159947
1628215555809874554,352840.35954763624,4025806.7846043264
1628215555936082550,352839.88291707565,4025807.545971472
1628215556013829581,352839.622890861,4025807.955084941
1628215556135283977,352839.16744788137,4025808.7016726434
1628215556207122158,352838.9160642277,4025809.0999123366
1628215556339813725,352838.48772069643,4025809.7728121704
1628215556411865349,352838.22681614046,4025810.2043255004
1628215556531887793,352837.80965509976,4025810.8600217486
1628215556610082495,352837.5519523116,4025811.2788005383
1628215556730195765,352837.14903841936,4025811.912663471
1628215556807988203,352836.88581011747,4025812.3259360725
1628215556933937080,352836.49783922196,4025812.900767782
1628215557072038517,352836.0526050504,4025813.592555247
1628215557143937950,352835.8383778996,4025813.8920337223
1628215557209813845,352835.6502161849,4025814.1845387574
1628215557335819603,352835.2480416025,4025814.813399559
1628215557461961068,352834.8620237019,4025815.3387896763
1628215557534120987,352834.6546857744,4025815.659376416
1628215557605819963,352834.4486375374,4025815.9813298252
1628215557732005366,352834.0567502779,4025816.500731326
1628215557863943834,352833.64640278125,4025817.002318675
1628215557935825933,352833.4275521593,4025817.3161581215
1628215558062086473,352833.03821918496,4025817.89881047
1628215558134095146,352832.84663704026,4025818.1579107563
1628215558267143992,352832.47314045683,4025818.726957883
1628215558339122583,352832.2640011136,4025819.030408949
1628215558477028736,352831.85810759355,4025819.5885009905
1628215558537042649,352831.6693781869,4025819.859241228
1628215558663208816,352831.3158138055,4025820.4258442023
1628215558747126333,352831.07287851686,4025820.8048822554
1628215558873078776,352830.7313765713,4025821.4070016504
1628215558945048419,352830.5390910008,4025821.69565529
1628215559065269025,352830.1156890572,4025822.3279133784
1628215559149121551,352829.93031242996,4025822.6882583825
1628215559287035871,352829.48007323686,4025823.392552032
1628215559341140527,352829.3184905811,4025823.6472061593
1628215559467043591,352828.9701348279,4025824.273413853
1628215559545047267,352828.73897750245,4025824.6343684737
1628215559677079409,352828.31251091557,4025825.3494127966
1628215559737061519,352828.1087919302,4025825.6647349587
1628215559869960747,352827.71230703616,4025826.3338595075
1628215559937081493,352827.4700416451,4025826.7029069443
1628215560069038085,352827.0176645254,4025827.3864085698
1628215560141149750,352826.8257855823,4025827.7663802886
1628215560273174681,352826.3690304309,4025828.4445546283
1628215560339290208,352826.115738739,4025828.807639996
1628215560471056391,352825.67535089294,4025829.4989795755
1628215560543028483,352825.42136732285,4025829.8599557206
1628215560669295542,352824.9619812876,4025830.5260592094
1628215560741229575,352824.6938292977,4025830.8748551956
1628215560885121518,352824.1858455478,4025831.5661678487
1628215560939090240,352823.94700293423,4025831.8609071653
1628215561071236648,352823.4190138826,4025832.493736307
1628215561143232510,352823.1755108384,4025832.8213310433
1628215561281881189,352822.6314755257,4025833.4320325856
1628215561413972440,352822.0613788996,4025834.0445500603
1628215561473963965,352821.79635093873,4025834.3104369277
1628215561545810266,352821.4808910262,4025834.61572441
1628215561677974278,352820.92678533366,4025835.1581453877
1628215561815931708,352820.27097803325,4025835.739021896
1628215561869947918,352820.0629949875,4025835.9281182606
1628215562014096482,352819.3328811375,4025836.5163451023
1628215562074128634,352819.03571589483,4025836.7470260966
1628215562217976199,352818.3742640282,4025837.2983046817
1628215562277956634,352818.0654336298,4025837.517754858
1628215562421960297,352817.36604244105,4025837.9895835533
1628215562476271311,352817.0464283985,4025838.1940037212
1628215562608122443,352816.3586220172,4025838.569000745
1628215562668084757,352816.0329699975,4025838.7602024227
1628215562817965662,352815.20283457567,4025839.215345909
1628215562889835766,352814.8276319931,4025839.3837377755
1628215563015894389,352814.14119445975,4025839.711744649
1628215563075977779,352813.7928746625,4025839.87008211
1628215563213979640,352813.0021455154,4025840.170288443
1628215563279985056,352812.58826425154,4025840.337887711
1628215563411867915,352811.8182791277,4025840.5945132044
1628215563471884972,352811.4559033881,4025840.7185431933
1628215563616119893,352810.62303953187,4025840.94832807
1628215563670231645,352810.25674741936,4025841.0591798453
1628215563813857430,352809.3917246134,4025841.302801585
1628215563873840362,352809.02540717507,4025841.3618496624
1628215564012086974,352808.14380348846,4025841.5725343763
1628215564072107276,352807.76320436597,4025841.6567582176
1628215564215989928,352806.8860733771,4025841.8181416783
1628215564270399011,352806.50232012465,4025841.890944406
1628215564414088088,352805.6342970077,4025842.038760676
1628215564474048866,352805.24748606875,4025842.1004305733
1628215564606986185,352804.40508661646,4025842.224251922
1628215564673272407,352803.9637924519,4025842.2682618345
1628215564811285032,352803.05241062026,4025842.3912865515
1628215564882968584,352802.592149668,4025842.4173079235
1628215565015212271,352801.7390686023,4025842.516835582
1628215565080916556,352801.3433428687,4025842.559415516
1628215565219098618,352800.4233910337,4025842.63154484
1628215565284985302,352799.9592707902,4025842.6791928182
1628215565416987613,352799.1156935118,4025842.753427799
1628215565476991126,352798.71747740917,4025842.7940207124
1628215565621008315,352797.7754896729,4025842.871392213
1628215565746996141,352796.9084626749,4025842.955669379
1628215565818997834,352796.4407475523,4025843.0009829495
1628215565950973397,352795.5575055077,4025843.0684761503
1628215566017226125,352795.0898981793,4025843.1129487213
1628215566149099099,352794.2212606423,4025843.1877471786
1628215566221146364,352793.7597110196,4025843.2313234615
1628215566347072712,352792.97361597547,4025843.303041508
1628215566419207613,352792.4527039591,4025843.353424592
1628215566544821199,352791.6762610782,4025843.4211640633
1628215566611080380,352791.2541338752,4025843.4742790964
1628215566748999228,352790.36284243024,4025843.558358722
1628215566820959841,352789.9216935915,4025843.600139077
1628215566941008154,352789.2015897676,4025843.6834014654
1628215567019045428,352788.71343504847,4025843.7273231293
1628215567151002297,352787.9716953084,4025843.8232060852
1628215567222989991,352787.56056846096,4025843.8618825697
1628215567349073332,352786.86595990614,4025843.925272156
1628215567415006918,352786.4630730718,4025843.9882230666
1628215567546870468,352785.7241814238,4025844.0478635724
1628215567619362239,352785.3049817943,4025844.1215135115
1628215567745022573,352784.6355499736,4025844.165142496
1628215567823228674,352784.2015720039,4025844.1880175476
1628215567943202487,352783.5840948409,4025844.26842319
1628215568021044557,352783.15136495663,4025844.3000967763
1628215568141032427,352782.5267483252,4025844.3671195884
1628215568213002141,352782.13605509105,4025844.3834763137
1628215568350890261,352781.4017965294,4025844.4068594784
1628215568417082351,352781.1039577009,4025844.509789955
1628215568555117881,352780.3327168976,4025844.5505100074
1628215568614985798,352780.00244397693,4025844.5720355846
1628215568753217340,352779.2373207249,4025844.5884358347
1628215568813206788,352778.90159002785,4025844.5931777516
1628215568945205684,352778.21396030457,4025844.631745216
1628215569017063188,352777.80893619766,4025844.6362452228
1628215569155085353,352777.0924123484,4025844.6464031376
1628215569221877044,352776.6772891767,4025844.637555314
1628215569341871870,352775.9640829924,4025844.614865443
1628215569425871436,352775.5063398696,4025844.5941835684
1628215569553017863,352774.7193797026,4025844.554786924
1628215569625095313,352774.267820421,4025844.506503404
1628215569751162639,352773.5259959881,4025844.4500892996
1628215569817208388,352773.08917885687,4025844.411824684
1628215569949176053,352772.28531990293,4025844.3154026596
1628215570021054194,352771.8415518558,4025844.266773279
1628215570147054637,352771.0308105537,4025844.174801836
1628215570279014029,352770.18977971724,4025844.0612042826
1628215570357190646,352769.6799308909,4025843.9598334734
1628215570423071753,352769.2862110706,4025843.897734809
1628215570549411696,352768.42699642695,4025843.752967092
1628215570680997122,352767.5760141382,4025843.5700495136
1628215570753016408,352767.11061867734,4025843.4770637644
1628215570819194139,352766.64451977616,4025843.3794970415
1628215570944986802,352765.8649259473,4025843.1548847724
1628215571083074048,352764.929795203,4025842.936210946
1628215571142995719,352764.5659676099,4025842.759192911
1628215571281184618,352763.6388138244,4025842.511590026
1628215571353203267,352763.1769071928,4025842.383266478
1628215571473197451,352762.3819096404,4025842.091746236
1628215571551055169,352761.85937640676,4025841.9353386583
1628215571683018871,352760.9798767307,4025841.6590940733
1628215571742993378,352760.5915475094,4025841.536188777
1628215571880932459,352759.75076337054,4025841.2072229544
1628215571947028949,352759.3025789837,4025841.054938773
1628215572084993340,352758.4092021319,4025840.7459555822
1628215572144994227,352758.0273433132,4025840.56921364
1628215572283155314,352757.1423525798,4025840.24820136
1628215572355201436,352756.70105421805,4025840.0836084005
1628215572499003640,352755.8064932804,4025839.724702984
1628215572547020050,352755.492268646,4025839.6023241584
1628215572685059597,352754.6519740536,4025839.2671706104
1628215572757205366,352754.14758097887,4025839.06394594
1628215572889042202,352753.3272997885,4025838.7095923964
1628215572954919401,352752.94842960546,4025838.55249922
1628215573087020827,352752.06482118927,4025838.1826505135
1628215573159032216,352751.6219913397,4025837.9647537293
1628215573291026235,352750.8079971322,4025837.5888852607
1628215573352001509,352750.430591609,4025837.415623314
1628215573477061687,352749.6237747595,4025837.0266323644
1628215573549022756,352749.1811712743,4025836.814881218
1628215573687189530,352748.28757298505,4025836.3698843475
1628215573747159710,352747.90956497914,4025836.179130706
1628215573879162513,352747.094353889,4025835.7891381844
1628215573963031769,352746.5886886114,4025835.524533463
1628215574095259042,352745.7686002593,4025835.0756022385
1628215574161153346,352745.3425204104,4025834.891616505
1628215574281124711,352744.5838567833,4025834.4719460118
1628215574352927711,352744.14234531904,4025834.222105427
1628215574503010504,352743.2220021925,4025833.6983236657
1628215574551029779,352742.90885063657,4025833.5098099317
1628215574688978392,352742.1342586108,4025833.044450276
1628215574749477379,352741.6975356755,4025832.7738067643
1628215574893010078,352740.85221264325,4025832.2460649377
1628215575025030952,352740.04488715105,4025831.7212328753
1628215575091022290,352739.67198010196,4025831.4759946754
1628215575151146665,352739.24520488625,4025831.2124912934
1628215575289024982,352738.43376520963,4025830.681717249
1628215575427047432,352737.5644897928,4025830.0949490406
1628215575487021688,352737.18614031654,4025829.846415928
1628215575625152148,352736.29618769576,4025829.2882893225
1628215575685152679,352735.91555908206,4025829.0403290535
1628215575829036773,352735.02319727815,4025828.4553724634
1628215575883170696,352734.6401665107,4025828.2267861813
1628215576027161265,352733.7479171568,4025827.6394779235
1628215576099038709,352733.30546102626,4025827.347554415
1628215576225076173,352732.4767501345,4025826.808834537
1628215576285063035,352732.0951681212,4025826.55686226
1628215576429201967,352731.2193298179,4025825.9790258566
1628215576495127328,352730.7732874335,4025825.6861868384
1628215576627141566,352729.9573641138,4025825.145739249
1628215576687148314,352729.58131577045,4025824.897060534
1628215576830917052,352728.7140586831,4025824.3222829313
1628215576890910104,352728.3384584617,4025824.076633187
1628215577029182281,352727.48578254564,4025823.50958836
1628215577089036369,352727.1222573296,4025823.2678533914
1628215577227146667,352726.2690912117,4025822.7276422777
1628215577287121683,352725.909546408,4025822.4893797976
1628215577431018386,352725.0605657435,4025821.954835041
1628215577491040160,352724.7064859831,4025821.7212100187
1628215577629154828,352723.87525798276,4025821.2032401105
1628215577689161172,352723.5303371699,4025820.975227379
1628215577832926873,352722.74033651105,4025820.4490953297
1628215577881233422,352722.44001018157,4025820.2817574204
1628215578031134385,352721.6255102361,4025819.7317495234
1628215578103091571,352721.2535964054,4025819.4785757856
1628215578223178440,352720.59439208824,4025819.0870941263
1628215578283146881,352720.28707830084,4025818.876722665
1628215578438938088,352719.4990322486,4025818.387514903
1628215578493153215,352719.201572895,4025818.182377684
1628215578631153773,352718.49497297045,4025817.7530659176
1628215578691174594,352718.2010547567,4025817.550691461
1628215578835031714,352717.5206738132,4025817.078560031
1628215578955050767,352716.934729669,4025816.7492499
1628215579027050302,352716.601639444,4025816.5179693196
1628215579165154964,352715.93447151646,4025816.1337797916
1628215579237045398,352715.6100049708,4025815.9116301453
1628215579356905538,352715.0478842561,4025815.526937193
1628215579429042605,352714.72458282555,4025815.386815262
1628215579567176432,352714.06286491384,4025814.9300683956
1628215579633056388,352713.76703923754,4025814.818380045
1628215579705143592,352713.3830099817,4025814.559843001
1628215579825190583,352712.80481126584,4025814.1736381287
1628215579957049607,352712.1888447632,4025813.8214007537
1628215580029056632,352711.84862257267,4025813.5852823863
1628215580161039156,352711.2231256827,4025813.221747558
1628215580233197301,352710.86682572146,4025812.9805313144
1628215580359069249,352710.22932329366,4025812.5929388274
1628215580431055712,352709.87297228066,4025812.3559044483
1628215580557241334,352709.2110441135,4025811.9029762438
1628215580629180551,352708.8477769276,4025811.7384327506
1628215580761044568,352708.1610896633,4025811.279562425
1628215580833060982,352707.77986676653,4025811.0299501945
1628215580959139740,352707.0840825963,4025810.624793545
1628215581031147601,352706.70055983774,4025810.3691473776
1628215581157466417,352705.9687322215,4025809.951282314
1628215581241043669,352705.52339570737,4025809.6569829206
1628215581361051636,352704.8533625718,4025809.2730565225
1628215581433068921,352704.454962848,4025809.0111477133
1628215581565057217,352703.70955539454,4025808.5232918435
1628215581636930508,352703.29932265164,4025808.3264806047
1628215581763046919,352702.54916109936,4025807.8372255126
1628215581835059052,352702.1434845687,4025807.572724383
1628215581966972664,352701.37135661807,4025807.1466791774
1628215582033186111,352700.95803361014,4025806.87937834
1628215582153157500,352700.25970896997,4025806.461249486
1628215582225062618,352699.8447163079,4025806.1908795065
1628215582357043342,352699.07210778364,4025805.6845041746
1628215582435180177,352698.568223957,4025805.441417499
1628215582555189585,352697.846154799,4025804.9729105434
1628215582633076974,352697.3564551192,4025804.7312460793
1628215582765049371,352696.5722118404,4025804.222642535
1628215582837101988,352696.14991245884,4025803.947926032
1628215582957172928,352695.39906121534,4025803.5474141696
1628215583035116530,352694.9164217241,4025803.2345688
1628215583167056906,352694.0951483166,4025802.791674386
1628215583239054860,352693.6746781751,4025802.5204517273
1628215583370948042,352692.86496115173,4025802.0769947823
1628215583430976061,352692.5097068371,4025801.8470836356
1628215583569070510,352691.68706697796,4025801.3130403017
1628215583629053555,352691.30153509846,4025801.156490176
1628215583761207032,352690.5460627002,4025800.6672652974
1628215583899172457,352689.69980219606,4025800.196063349
1628215583959183124,352689.35417451087,4025799.972351686
1628215584103071837,352688.5554582706,4025799.450780562
1628215584163031602,352688.18765051453,4025799.295653562
1628215584289199797,352687.465075181,4025798.8189772195
1628215584367041455,352687.0670063939,4025798.6358456165
1628215584499120474,352686.3135667079,4025798.1405592407
1628215584559127060,352685.99586907204,4025797.9298161045
1628215584691085312,352685.2770791032,4025797.551968995
1628215584762997816,352684.9196804819,4025797.3108334686
1628215584900948170,352684.23252789327,4025796.9342492237
1628215584961132552,352683.88535763975,4025796.7041857378
1628215585093081564,352683.2534193599,4025796.281420164
1628215585171000056,352682.88542417623,4025796.1314388392
1628215585303200318,352682.2352458716,4025795.6840960016
1628215585368984494,352681.9318653763,4025795.5777556775
1628215585501111853,352681.35516261664,4025795.1836689846
1628215585567041899,352681.0530619833,4025794.974888704
1628215585705101554,352680.42689196055,4025794.6419311464
1628215585753211061,352680.2211401857,4025794.498103256
1628215585897095089,352679.62999890477,4025794.1809994844
1628215585963122782,352679.3546127733,4025793.990869383
1628215586095251553,352678.86567753495,4025793.636261253
1628215586166986074,352678.6178186672,4025793.5341347726
1628215586299077218,352678.1674709049,4025793.201866011
1628215586365284059,352677.94404234376,4025793.1599481627
1628215586497089757,352677.5193748973,4025792.866275351
1628215586569020871,352677.30083031266,4025792.7113275738
1628215586695223212,352676.8727188265,4025792.5076802457
1628215586767189752,352676.6764508602,4025792.356260099
1628215586899053817,352676.2929543356,4025792.1632986176
1628215586965420656,352676.1158280688,4025792.0302605936
1628215587103005050,352675.80431968806,4025791.7958680023
1628215587169200083,352675.6849439434,4025791.746093071
1628215587307135030,352675.38091150776,4025791.502677429
1628215587361042656,352675.27106935775,4025791.512860798
1628215587505070674,352674.9849781587,4025791.2872220646
1628215587571017240,352674.84517394996,4025791.1792762494
1628215587709121223,352674.5497735862,4025791.043320178
1628215587763090998,352674.45007511735,4025790.9680334576
1628215587901095381,352674.1506991328,4025790.8387673763
1628215587973003594,352674.00430671097,4025790.7382120998
1628215588105232416,352673.7180761504,4025790.5546447663
1628215588243095015,352673.3718348682,4025790.4582497547
1628215588303075129,352673.2274448262,4025790.3821358453
1628215588441200165,352672.8501828596,4025790.2884502215
1628215588501195700,352672.6954953618,4025790.2223381507
1628215588645110782,352672.3076783214,4025790.1468375702
1628215588698965031,352672.1697704353,4025790.1037712353
1628215588837073965,352671.77290755603,4025790.002392642
1628215588915103939,352671.49459001224,4025790.0222150576
1628215589035230223,352671.1324031142,4025789.9787651817
1628215589100948135,352670.9481678656,4025789.9661040837
1628215589238960528,352670.4359715726,4025790.0186350495
1628215589305096469,352670.2124508292,4025790.0323379226
1628215589436963827,352669.69259506476,4025790.1405418087
1628215589497053840,352669.49305294175,4025790.1771070035
1628215589647102192,352668.87003347883,4025790.3544483394
1628215589707106715,352668.6624241384,4025790.4209056953
1628215589839103265,352668.2197421861,4025790.607815785
1628215589905204857,352667.8643443326,4025790.7734359107
1628215590049085020,352667.4030943878,4025791.0529021975
1628215590103000054,352667.24115200294,4025791.1632004892
1628215590247092400,352666.63880737487,4025791.576552031
1628215590295137997,352666.4811448419,4025791.708826799
1628215590439207057,352665.9369692795,4025792.1959432224
1628215590511108339,352665.7332708406,4025792.424231888
1628215590637152507,352665.2542266679,4025792.9979344336
1628215590697137667,352665.0889925747,4025793.2197707975
1628215590840961741,352664.709383526,4025793.7527352283
1628215590907239266,352664.4674923965,4025794.1291054315
1628215591039231137,352664.1504272842,4025794.6754416064
1628215591105118126,352664.013243839,4025794.937069554
1628215591243081753,352663.5871731248,4025795.609207558
1628215591302965693,352663.45326723123,4025795.8841161393
1628215591441232856,352663.0747816817,4025796.574702025
1628215591501192702,352662.9412550969,4025796.8593546534
1628215591639152869,352662.56929044996,4025797.554743096
1628215591699158454,352662.4378596018,4025797.84778306
1628215591849111333,352662.13489262667,4025798.5394502673
1628215591903238032,352661.9554836169,4025798.841179536
1628215592041137468,352661.6580331059,4025799.5431901203
1628215592101159667,352661.53251558053,4025799.846581967
1628215592245002677,352661.1548872004,4025800.621672848
1628215592371233812,352660.8226176995,4025801.2932386673
1628215592443141220,352660.66980783374,4025801.6534916963
1628215592575086617,352660.38390536257,4025802.3221177384
1628215592647013656,352660.23231005797,4025802.6748274565
1628215592773244685,352659.94346230995,4025803.338941156
1628215592839063074,352659.8095065815,4025803.6450094837
1628215592917145724,352659.5808329076,4025804.0215518773
1628215593043215511,352659.2872446036,4025804.66709973
1628215593168981811,352658.9756867665,4025805.2231998057
1628215593247220778,352658.79577655625,4025805.6210844815
1628215593367261461,352658.4933474241,4025806.1792114126
1628215593445151187,352658.30356781534,4025806.583550591
1628215593577234513,352657.9872668511,4025807.253761674
1628215593643529423,352657.75788752653,4025807.5169877093
1628215593769222504,352657.4724236419,4025808.1198402317
1628215593841118298,352657.30618765356,4025808.4693961735
1628215593967288351,352656.8971733051,4025809.064110474
1628215594050994500,352656.69560901594,4025809.473532924
1628215594171067882,352656.3447812322,4025810.0227780845
1628215594249245161,352656.13761795056,4025810.45289536
1628215594381123012,352655.725604087,4025811.100929806
1628215594441121489,352655.56608370726,4025811.425453706
1628215594567484066,352655.21878579987,4025812.1320505054
1628215594639250092,352654.92292205547,4025812.413970055
1628215594771230885,352654.56519142,4025813.1315781316
1628215594855113814,352654.3430366145,4025813.5791929844
1628215594969161496,352653.8499818308,4025814.131054739
1628215595041125583,352653.6464377905,4025814.5245347866
1628215596775237843,352648.08401208266,4025824.5003940575
1628215596847246745,352647.8705255236,4025824.915741586
1628215596979131826,352647.4604760996,4025825.697182856
1628215597105157966,352647.06871994096,4025826.454280229
1628215597183055175,352646.8839272031,4025826.8880152693
1628215597249242166,352646.6780758621,4025827.292933206
1628215597381114785,352646.2990557309,4025827.994988568
1628215597501092783,352645.9502518182,4025828.6793333255
1628215597579286915,352645.7190252433,4025829.1318024592
1628215597711021565,352645.30393471086,4025829.8392930115
1628215597777243845,352645.10299035814,4025830.227678384
1628215597909169054,352644.70420082094,4025830.955186246
1628215597987044824,352644.50459973747,4025831.3400087124
1628215598119240415,352644.1077648322,4025832.0945222815
1628215598173057114,352643.9667889299,4025832.3645617645
1628215598317136506,352643.57589950867,4025833.111573669
1628215598383145590,352643.35072167905,4025833.474659756
1628215598515068231,352642.99499379285,4025834.148410586
1628215598575092338,352642.8331270803,4025834.455136926
1628215598713264694,352642.4675081066,4025835.1627783035
1628215598785137810,352642.28328661073,4025835.509832764
1628215598911420227,352641.9459919126,4025836.1495173634
1628215598971177920,352641.79078269564,4025836.443953863
1628215599115033690,352641.4424707169,4025837.1087284703
1628215599181026448,352641.2913477152,4025837.3958017104
1628215599313181413,352640.9407407448,4025838.0566175114
1628215599373187725,352640.80018591287,4025838.335255961
1628215599511157437,352640.4799831497,4025838.9463446056
1628215599589037953,352640.28492785565,4025839.3292740793
1628215599727044729,352639.9446709505,4025839.9813841744
1628215599781430864,352639.7909275752,4025840.2758720894
1628215599907153643,352639.49278045824,4025840.820056611
1628215599979102279,352639.31605750415,4025841.161200493
1628215600123047774,352638.97143483517,4025841.8114012023
1628215600171123030,352638.8489794447,4025842.057886447
1628215600309159568,352638.4968361721,4025842.762933753
1628215600375347429,352638.3281258194,4025843.060209185
1628215600519114835,352637.95501418284,4025843.8009681106
1628215600579302747,352637.7948195394,4025844.125244479
1628215600705554162,352637.4455171148,4025844.7837799448
1628215600777181175,352637.2576180236,4025845.169380212
1628215600909153187,352636.89233615797,4025845.859102107
1628215600975488957,352636.6987195109,4025846.2566253194
1628215601107249938,352636.31646766874,4025846.939021571
1628215601173050348,352636.14659896883,4025847.288410903
1628215601311147981,352635.7469144985,4025848.115743468
1628215601449276317,352635.3069889372,4025848.8862950066
1628215601515021128,352635.13151769293,4025849.2507792073
1628215601587597642,352634.9257161537,4025849.6800957485
1628215601719177839,352634.4953203864,4025850.4906164054
1628215601851158738,352634.1058075398,4025851.305919877
1628215601911225896,352633.89005662705,4025851.640067532
1628215602061082783,352633.46142785216,4025852.5275702714
1628215602121224692,352633.20321064146,4025852.9325092887
1628215602253191487,352632.7973758627,4025853.7678202395
1628215602313160282,352632.6086011126,4025854.1557396273
1628215602451262180,352632.15687723446,4025855.0525769303
1628215602517029329,352631.9668263199,4025855.444409078
1628215602655272587,352631.54262954136,4025856.3663981594
1628215602715162214,352631.35344739305,4025856.762655913
1628215602859059601,352630.91121614235,4025857.6936798394
1628215602913280745,352630.7235726851,4025858.099661935
1628215603063200462,352630.24662221683,4025859.1083951765
1628215603117160837,352630.0217078971,4025859.4079388143
1628215603255347965,352629.5655367846,4025860.350094783
1628215603333086502,352629.33722748444,4025860.8232670645
1628215603447269930,352628.887273742,4025861.58547502
1628215603513132168,352628.6878743863,4025861.991046719
1628215603657159648,352628.16517553065,4025862.9905939386
1628215603729090806,352627.9338386926,4025863.461589939
1628215603849155181,352627.5385697634,4025864.2667376283
1628215603915259010,352627.2957058072,4025864.711302749
1628215604059169686,352626.8372179293,4025865.639215889
1628215604119233289,352626.66002338886,4025866.04408961
1628215604257273571,352626.20870408835,4025866.9628475728
1628215604311140079,352626.0474943455,4025867.2883927086
1628215604461147941,352625.5747911233,4025868.261485364
1628215604521045774,352625.38269532647,4025868.6460891915
1628215604653060170,352624.9672284524,4025869.4676176915
1628215604719052267,352624.7777823211,4025869.8483159547
1628215604857067267,352624.33360033797,4025870.730941473
1628215604923153879,352624.13477400347,4025871.1665942674
1628215605049514937,352623.7283366075,4025871.9753348525
1628215605121175861,352623.53603396553,4025872.4249302456
1628215605253092760,352623.13732256193,4025873.224994453
1628215605337052036,352622.89307540946,4025873.7156043327
1628215605451214327,352622.53291349165,4025874.447842982
1628215605589157242,352622.13171076914,4025875.2539311335
1628215605655063333,352621.9391065064,4025875.6480958243
1628215605721307151,352621.7222607528,4025876.0864813
1628215605859068585,352621.3199864483,4025876.904916979
1628215605985177758,352620.9179193649,4025877.6834926982
1628215606057075943,352620.6984751149,4025878.126988379
1628215606183296276,352620.30665327614,4025878.9194129063
1628215606255302297,352620.08589848026,4025879.366593047
1628215606387176852,352619.6754468811,4025880.1743187504
1628215606459340026,352619.4534660619,4025880.6247699247
1628215606585175886,352619.04101379996,4025881.46558064
1628215606657096078,352618.8175931964,4025881.8887885213
1628215606795217233,352618.3706524356,4025882.801124797
1628215606861161525,352618.1786710463,4025883.194210871
1628215606987179879,352617.76582108636,4025884.0385379903
1628215607059067562,352617.54129277763,4025884.5024757134
1628215607185304041,352617.13717153226,4025885.3665826563
1628215607257308228,352616.9112651307,4025885.837410375
1628215607389180569,352616.4893580659,4025886.7036356498
1628215607461047136,352616.26077007165,4025887.1782779642
1628215607593027045,352615.83614760137,4025888.06606462
1628215607659319497,352615.6440430979,4025888.534440673
1628215607779286485,352615.2543875644,4025889.3626719923
1628215607851065247,352615.0262647129,4025889.8485065307
1628215607989199809,352614.54920981557,4025890.814990515
1628215608061275215,352614.31944447913,4025891.30472879
1628215608181290209,352613.90818959486,4025892.163845486
1628215608259217789,352613.6443537789,4025892.728154017
1628215608391174901,352613.1867712294,4025893.6588755767
1628215608463165446,352612.95434462937,4025894.1536183264
1628215608595054027,352612.52188456926,4025895.072178518
1628215608661318901,352612.2480419627,4025895.543333355
1628215608793321567,352611.81290900096,4025896.462625702
1628215608865047213,352611.5771970169,4025896.957973697
1628215608985066754,352611.1269194137,4025897.761936866
1628215609063288205,352610.85593528976,4025898.327587795
1628215609183319238,352610.3401165271,4025899.0298201507
1628215609261237549,352610.06401354587,4025899.5905532204
1628215609387172594,352609.3629587598,4025899.995059406
1628215609465341123,352609.0742197464,4025900.537727159
1628215609591072383,352608.6396616885,4025901.352623227
1628215609663172596,352607.8673005598,4025901.0903345617
1628215609783233890,352607.36167576676,4025901.927191592
1628215609867106260,352607.04964928713,4025902.4427588014
1628215609993300428,352606.0483739588,4025902.643048617
1628215610065249251,352605.7597078164,4025903.0751486714
1628215610185218835,352604.90190683655,4025903.374928437
1628215610323410251,352604.3007098936,4025904.201417596
1628215610395279794,352603.9689687183,4025904.587740959
1628215610455322976,352603.7118603204,4025904.93568513
1628215610593091042,352603.1564145505,4025905.6835754276
1628215610719736590,352602.7900368535,4025906.6261285436
1628215610791066277,352602.4985799703,4025907.026903721
1628215610929294462,352602.1801993303,4025908.103652006
1628215610989311436,352601.9379416411,4025908.447345801
1628215611127149888,352601.6080174689,4025909.399807669
1628215611187258704,352601.3327585112,4025909.8001853214
1628215611325401275,352600.7841632939,4025910.5937667517
1628215611397130415,352600.7404842585,4025911.1458472414
1628215611523202473,352600.2436541598,4025911.8753150413
1628215611595214044,352599.9781742267,4025912.262129031
1628215611721190081,352599.71489933267,4025913.2379022785
1628215611793070081,352599.4587902337,4025913.6176598417
1628215611919333935,352599.21401263,4025914.5918672606
1628215611997192233,352598.966797126,4025914.9652173915
1628215612123186811,352598.72546914406,4025915.905399661
1628215612195133764,352598.48775739304,4025916.27233198
1628215612321329545,352598.05031582486,4025916.9409135603
1628215612393327413,352598.06913488754,4025917.588032137
1628215612537073059,352597.6191303864,4025918.2930827704
1628215612591144940,352597.4601138067,4025918.5393208405
1628215612723219571,352597.18370782037,4025919.3494829093
1628215612795302716,352596.9706643708,4025919.6811441784
1628215612933236178,352596.7140292019,4025920.48926098
1628215612987192244,352596.56858461606,4025920.717079516
1628215613125215513,352596.2523337116,4025921.4183903607
1628215613191566296,352596.0537980569,4025921.729235786
1628215613323322823,352595.68941268045,4025922.2954383525
1628215613395338814,352595.6195130026,4025922.6838392555
1628215613527211595,352595.2677702762,4025923.2379858317
1628215613599066110,352595.07844635774,4025923.5360096414
1628215613731184069,352594.90240023704,4025924.1840623287
1628215613797330127,352594.71294426825,4025924.486879717
1628215613929223691,352594.55694419873,4025925.1275417972
1628215614001093454,352594.3736990056,4025925.4474351704
1628215614139309279,352594.1319143607,4025926.150805956
1628215614199311800,352593.97589414264,4025926.4242762006
1628215614319488216,352593.65890467435,4025926.9709041486
1628215614397244469,352593.59275793814,4025927.3897592113
1628215614547089461,352593.22818216146,4025928.0577730853
1628215614667349654,352592.9848012804,4025928.6224363814
1628215614727331535,352592.8224253858,4025928.925922369
1628215614799309425,352592.63045328326,4025929.285332407
1628215614931347627,352592.34835291764,4025929.9167562444
1628215615063162305,352591.9960304494,4025930.596463767
1628215615123145843,352591.88283071044,4025930.9348193337
1628215615273216338,352591.4680085379,4025931.7418428147
1628215615333106827,352591.29959109833,4025932.0704868534
1628215615459261131,352590.98187422904,4025932.807559422
1628215615531512516,352590.7820814493,4025933.2023507915
1628215615675200655,352590.4261960215,4025934.026011222
1628215615735201403,352590.25313798315,4025934.3742657257
1628215615867235684,352589.8743669087,4025935.1388359433
1628215615921255655,352589.72306243645,4025935.515498878
1628215616065135198,352589.30706088175,4025936.359011523
1628215616143346925,352589.1203292817,4025936.8704035585
1628215616263269102,352588.7611664266,4025937.6108057704
1628215616329148494,352588.5802498951,4025937.985042705
1628215616467081408,352588.1937611863,4025938.9022731073
1628215616533315306,352587.98169571534,4025939.3487876505
1628215616671219637,352587.6022447309,4025940.2079142323
1628215616725403338,352587.4170658486,4025940.5970859523
1628215616869109665,352587.0038971719,4025941.546112208
1628215616929201335,352586.8179250669,4025941.9424691605
1628215617067207174,352586.37980355753,4025942.875928492
1628215617127222794,352586.1708413286,4025943.2806112035
1628215617271225892,352585.727094916,4025944.227838309
1628215617325541300,352585.5326071806,4025944.6348688514
1628215617469210976,352585.06697555224,4025945.587198559
1628215617529227117,352584.8724835458,4025945.9993562126
1628215617667330820,352584.4379645576,4025947.0171976113
1628215617739328141,352584.20504972537,4025947.508165399
1628215617865450864,352583.79583381175,4025948.481416916
1628215617931205458,352583.5966864063,4025948.906929114
1628215618069227911,352583.13513170124,4025949.9051496675
1628215618141111590,352582.87473080854,4025950.41282062
1628215618267306682,352582.43941820494,4025951.3498945786
1628215618333145293,352582.23808530055,4025951.785057154
1628215618471213033,352581.71717271116,4025952.793870172
1628215618543208174,352581.4797240109,4025953.3035311396
1628215618669335489,352581.00172128016,4025954.2515243916
1628215618723129470,352580.8308451629,4025954.6167710405
1628215618873211020,352580.2707629085,4025955.712494271
1628215618993232692,352579.85311349947,4025956.5917720646
1628215619071319118,352579.5738123484,4025957.1795386337
1628215619191373720,352579.11731101666,4025958.0783069762
1628215619281190311,352578.8368327273,4025958.6686265906
1628215619401257703,352578.3307804609,4025959.636048843
1628215619473232869,352578.0819205479,4025960.1529842196
1628215619605367199,352577.6200183991,4025961.114558968
1628215619665349360,352577.3617317905,4025961.568879262
1628215619743278853,352577.0760975998,4025962.16285726
1628215619869139892,352576.60598420026,4025963.0561199514
1628215619995216216,352576.14202749956,4025964.026061156
1628215620073383532,352575.8572484519,4025964.623656298
1628215620199107402,352575.37763048767,4025965.5286470708
1628215620265344419,352575.12892860477,4025966.053056766
1628215620397224533,352574.6250596775,4025967.017817601
1628215620475323248,352574.34109388746,4025967.6183592104
1628215620601147051,352573.91457237804,4025968.519578127
1628215620667325541,352573.61077828356,4025969.0506014433
1628215620799216678,352573.1483274859,4025970.028299317
1628215620877242589,352572.81966778974,4025970.622429598
1628215620997248062,352572.39122967445,4025971.5221858337
1628215621075385564,352572.1404194813,4025972.046417878
1628215621201215024,352571.633066149,4025973.019783237
1628215621279224114,352571.3463351189,4025973.61561121
1628215621399231708,352570.86841434013,4025974.498325816
1628215621471190430,352570.6155464625,4025975.0163977738
1628215621603120428,352570.1449568462,4025975.9766559545
1628215621669386733,352569.867021442,4025976.504706522
1628215621801247588,352569.39798911626,4025977.4596281326
1628215621873117508,352569.1028300822,4025977.969020085
1628215621999391569,352568.63491887914,4025978.914492619
1628215622071358961,352568.3835475517,4025979.421857906
1628215622203196292,352567.88197501027,4025980.3618605984
1628215622269290367,352567.6310295002,4025980.863755951
1628215622401351360,352567.1490352687,4025981.80833901
1628215622479163277,352566.8978995895,4025982.3026386485
1628215622599215112,352566.4685101666,4025983.144610389
1628215622671277637,352566.17636703205,4025983.7164519685
1628215622809115684,352565.7141383324,4025984.615623809
1628215622875163461,352565.46751540696,4025985.125838143
1628215623001382053,352565.009423825,4025986.0134648867
1628215623079118781,352564.76354642207,4025986.4885708895
1628215623205244899,352564.31509047886,4025987.386501412
1628215623277095083,352564.0726798106,4025987.855505902
1628215623403133261,352563.6714968132,4025988.6728582177
1628215623481213629,352563.3975785079,4025989.2020003814
1628215623607249305,352562.9553606871,4025990.05581794
1628215623673311480,352562.7292616394,4025990.5257351636
1628215623805348594,352562.2916539877,4025991.3671145486
1628215623937310354,352561.8749062248,4025992.2184541402
1628215624003543763,352561.64414210466,4025992.663487061
1628215624135276159,352561.245460909,4025993.5076832916
1628215624207268350,352561.018758778,4025993.9403483784
1628215624339174429,352560.60164782836,4025994.7290713377
1628215624405377454,352560.4038136302,4025995.179617123
1628215624543243529,352559.9993864958,4025995.9389796513
1628215624603120219,352559.8145308939,4025996.2824306847
1628215624741231005,352559.41177817294,4025997.097154889
1628215624801176341,352559.23170155636,4025997.425540301
1628215624939355419,352558.86874911597,4025998.204766373
1628215624999357593,352558.6967804674,4025998.5182431517
1628215625131402622,352558.36036380846,4025999.210560344
1628215625209300957,352558.13954557263,4025999.606992135
1628215625353142790,352557.7596306325,4026000.2788699544
1628215625401269114,352557.66623949324,4026000.5437374995
1628215625539410585,352557.2996029644,4026001.194301504
1628215625605116023,352557.1431931665,4026001.471624459
1628215625743420093,352556.8514304054,4026002.1231423975
1628215625803262546,352556.6987011192,4026002.390789582
1628215625935127230,352556.44099519774,4026002.9813330146
1628215626001367491,352556.26792147465,4026003.2908307984
1628215626145246628,352555.97245889326,4026003.891690843
1628215626205249468,352555.83147922833,4026004.1575817177
1628215626343132236,352555.51943898,4026004.7418779135
1628215626403262287,352555.38228588435,4026005.056898672
1628215626535386905,352555.0572519805,4026005.6577125653
1628215626607274970,352554.8853867231,4026005.9898036458
1628215626733312872,352554.6112934492,4026006.592894194
1628215626805266950,352554.44222752005,4026006.9298815676
1628215626943417743,352554.1180046586,4026007.587323074
1628215627003389491,352553.96585008316,4026007.886943379
1628215627135317143,352553.66899746854,4026008.5280498695
1628215627207403600,352553.4912186627,4026008.8946048436
1628215627351256754,352553.12630048546,4026009.653295546
1628215627405379091,352552.988964291,4026009.9414026104
1628215627537391246,352552.64145769004,4026010.6652202187
1628215627609142819,352552.45380101237,4026011.0610269215
1628215627753270728,352552.0954951166,4026011.8298897333
1628215627801195310,352551.9594969081,4026012.121300513
1628215627939373082,352551.5764524848,4026012.915883674
1628215628011316938,352551.37972729595,4026013.3347026687
1628215628143273434,352551.0136750492,4026014.1092210943
1628215628281199846,352550.6126366607,4026014.9707922577
1628215628347188692,352550.4385857503,4026015.344791304
1628215628485253989,352550.01858419785,4026016.20921815
1628215628539316987,352549.8404468147,4026016.5905500213
1628215628683228938,352549.41003004427,4026017.4741668194
1628215628743258697,352549.22837297805,4026017.8638594854
1628215628875185818,352548.8104775589,4026018.7175387572
1628215628947598904,352548.5637308032,4026019.247256792
1628215629073262210,352548.1924361417,4026020.0490255686
1628215629145222651,352547.9541145188,4026020.512528843
1628215629283404974,352547.5159785466,4026021.4643627177
1628215629349191552,352547.3264577995,4026021.8761316645
1628215629475282793,352546.8735085766,4026022.7500916016
1628215629541382953,352546.6478918523,4026023.2374879457
1628215629685146223,352546.14738836116,4026024.1969749974
1628215629745204109,352545.95046857494,4026024.620466712
1628215629883317191,352545.439886826,4026025.595628432
1628215629937289089,352545.2733360525,4026025.953050799
1628215630087204744,352544.7703346759,4026027.0329433694
1628215630141705409,352544.5309289966,4026027.4560288806
1628215630285379982,352544.0538847697,4026028.474199719
1628215630339244748,352543.8833484631,4026028.839502541
1628215630489154988,352543.3313075696,4026029.9212062317
1628215630549212532,352543.12275387975,4026030.3621996823
1628215630681172151,352542.62252611184,4026031.3109399667
1628215630747411226,352542.3756598482,4026031.8282089178
1628215630885321227,352541.8319635291,4026032.856883076
1628215630957271768,352541.58067334193,4026033.3759973766
1628215631077285046,352541.1491038083,4026034.268881255
1628215631137270164,352540.8979979857,4026034.714535661
1628215631281443570,352540.3911654477,4026035.7611070685
1628215631353282257,352540.1373426232,4026036.285605165
1628215631479283098,352539.62277606153,4026037.2524731904
1628215631539289437,352539.4033946778,4026037.70274536
1628215631689375409,352538.8343697621,4026038.8282265374
1628215631749419697,352538.6140929604,4026039.2796736495
1628215631881428567,352538.119986246,4026040.2562950864
1628215631941399370,352537.89988114603,4026040.707067905
1628215632085172529,352537.3877878579,4026041.7582762316
1628215632145182232,352537.1514525771,4026042.214696421
1628215632283214709,352536.6373897316,4026043.2631306634
1628215632343165039,352536.4176346677,4026043.7111509554
1628215632481441569,352535.9000624595,4026044.7577833734
1628215632553299576,352535.6447814439,4026045.2736698585
1628215632685150514,352535.15138938616,4026046.2330672024
1628215632817162738,352534.67909365054,4026047.175076553
1628215632883405437,352534.4221679397,4026047.6983153876
1628215633003408461,352533.9881931917,4026048.557365679
1628215633087265197,352533.6989707908,4026049.1266259276
1628215633213279946,352533.2491505102,4026050.0569612575
1628215633291739846,352533.00088446867,4026050.549290654
1628215633405429067,352532.5829889105,4026051.397386116
1628215633483334842,352532.3019743584,4026051.9522243324
1628215633615340870,352531.86206223833,4026052.846105261
1628215633687169940,352531.62108438415,4026053.320182999
1628215633813475357,352531.17693529755,4026054.1892333953
1628215633885372447,352530.9497458101,4026054.6683866465
1628215634005322569,352530.5455904975,4026055.448773145
1628215634089199474,352530.27773450874,4026055.9609064832
1628215634215403899,352529.8654754312,4026056.7905038474
1628215634287428730,352529.6348815701,4026057.2238160255
1628215634419304224,352529.23187444,4026058.026827406
1628215634485509439,352529.00653008453,4026058.4458288895
1628215634623237923,352528.61057233764,4026059.2326984014
1628215634689450701,352528.39045683993,4026059.6379693826
1628215634815286067,352528.01464999485,4026060.3232068126
1628215634887351123,352527.8051502779,4026060.7892110543
1628215635007345421,352527.43593735946,4026061.46740872
1628215635085755034,352527.190037183,4026061.915813199
1628215635217436762,352526.8273847464,4026062.619076588
1628215635289349568,352526.6180849086,4026062.998192758
1628215635409559285,352526.2895818377,4026063.6315991986
1628215635493178136,352526.0496538939,4026064.077674269
1628215635613208987,352525.7344626107,4026064.7186362823
1628215635691413126,352525.49505896145,4026065.156065857
1628215635811410990,352525.1428610771,4026065.7993972017
1628215635883307861,352524.9661552337,4026066.1822312535
1628215636021416039,352524.56193906616,4026066.93387119
1628215636081474381,352524.3848188856,4026067.2618714855
1628215636225278319,352524.0154728916,4026068.025460921
1628215636279602675,352523.8363131353,4026068.364512934
1628215636423323738,352523.4611085167,4026069.1101964894
1628215636483314266,352523.2846602224,4026069.447188185
1628215636615226880,352522.9473463815,4026070.158168859
1628215636687316933,352522.7392361475,4026070.5587495626
1628215636819262472,352522.35011556454,4026071.3115670704
1628215636885313484,352522.1820035081,4026071.697276223
1628215637017186356,352521.79305852595,4026072.4604058526
1628215637143536306,352521.4184590996,4026073.211145206
1628215637215430070,352521.2067549296,4026073.628266831
1628215637347313577,352520.81174349465,4026074.40968848
1628215637419265153,352520.6121567981,4026074.800053252
1628215637545422590,352520.21402446803,4026075.589951012
1628215637623189375,352520.01574975613,4026075.9964374886
1628215637755354604,352519.5841230594,4026076.857005132
1628215637815334220,352519.39843214164,4026077.228273336
1628215637947320199,352519.00543195603,4026078.009508267
1628215638019429281,352518.78881147504,4026078.4461535932
1628215638157366889,352518.3569850973,4026079.316490469
1628215638211290770,352518.20214806544,4026079.6322707077
1628215638349335823,352517.77112666715,4026080.5212098924
1628215638421185617,352517.5520649457,4026080.947093439
1628215638559396877,352517.11665902927,4026081.838396135
1628215638613295826,352516.96392568515,4026082.155849605
1628215638751299561,352516.53143563576,4026083.0535114887
1628215638811287548,352516.3465784183,4026083.437888318
1628215638949435786,352515.90418820665,4026084.3383738
1628215639021436183,352515.68608965655,4026084.7885638503
1628215639153308821,352515.2767803747,4026085.6335234614
1628215639219367530,352515.0598857086,4026086.084517027
1628215639351339350,352514.65776091034,4026086.915895966
1628215639411437482,352514.4690539461,4026087.2964015463
1628215639555322672,352514.0411568184,4026088.1752168555
1628215639615271673,352513.8477111177,4026088.5516221384
1628215639753519597,352513.4223439235,4026089.4194995034
1628215639825244831,352513.21099535876,4026089.852087944
1628215639951450855,352512.8239241602,4026090.6552868225
1628215640023494104,352512.60685205983,4026091.0797023177
1628215640167255573,352512.18537257914,4026091.9267613576
1628215640215328785,352512.0346119722,4026092.2256264254
1628215640353413267,352511.6216137194,4026093.0581976967
1628215640425421183,352511.40330029884,4026093.454496769
1628215640557330399,352511.00411901966,4026094.200589074
1628215640623330562,352510.84681258805,4026094.5541317426
1628215640749322871,352510.4574358958,4026095.281013982
1628215640827469894,352510.2228145355,4026095.721414484
1628215640959312964,352509.8435012981,4026096.4191944217
1628215641019373545,352509.66582099954,4026096.7357298583
1628215641145381135,352509.3207945612,4026097.4309120746
1628215641217428840,352509.12270488427,4026097.7854540963
1628215641355464832,352508.7361629788,4026098.4816481187
1628215641487447984,352508.41298658145,4026099.1230520057
1628215641547680589,352508.251235876,4026099.409103543
1628215641631244737,352508.07690697414,4026099.7988251564
1628215641763307992,352507.7333571132,4026100.4086234984
1628215641889446926,352507.448618405,4026100.9936778788
1628215641949417070,352507.29741350375,4026101.264626646
1628215642087701603,352506.9431993695,4026101.893314066
1628215642171438484,352506.7865456011,4026102.2439465085
1628215642291462294,352506.48571008677,4026102.7886859723
1628215642357296201,352506.33521341387,4026103.0635900437
1628215642501340561,352506.0107880109,4026103.7535083913
1628215642561326979,352505.8599034732,4026104.0414807764
1628215642693327684,352505.56835042604,4026104.633151549
1628215642753461589,352505.41757535876,4026104.918589087
1628215642897193522,352505.1070049164,4026105.569086555
1628215642957469244,352504.95739111677,4026105.859997576
1628215643095247631,352504.6077252001,4026106.5550758867
1628215643155251134,352504.4955364703,4026106.818005798
1628215643293432607,352504.1364098161,4026107.5435190084
1628215643353431036,352503.97979949415,4026107.8626256892
1628215643497360906,352503.6404774785,4026108.573763558
1628215643557253753,352503.48577917385,4026108.8976290314
1628215643695453757,352503.12625597615,4026109.6356919375
1628215643773449769,352502.9392278514,4026110.0215404225
1628215643893360484,352502.6126802149,4026110.730172063
1628215643953437486,352502.45191425656,4026111.070467963
1628215644097304777,352502.0768362372,4026111.875355423
1628215644169347416,352501.8774909782,4026112.2618713565
1628215644295389402,352501.51419502794,4026113.02209359
1628215644349309594,352501.3735044771,4026113.317308433
1628215644499210561,352500.9442101312,4026114.192760835
1628215644559238264,352500.77458105993,4026114.5537767606
1628215644697444359,352500.350211875,4026115.3779361756
1628215644757445423,352500.1764761617,4026115.745095097
1628215644901245607,352499.74681998533,4026116.597482129
1628215644961329239,352499.56950457615,4026116.971263364
1628215645093256852,352499.1827570421,4026117.78794645
1628215645159461762,352498.94988752203,4026118.218246576
1628215645297388424,352498.52793782554,4026119.1092298413
1628215645369349486,352498.28827731474,4026119.5636632415
1628215645489511754,352497.9177882442,4026120.335116653
1628215645621525924,352497.4864695335,4026121.1651013964
1628215645699390097,352497.23670567165,4026121.6857172283
1628215645777269938,352497.0177606485,4026122.1434297008
1628215645891349482,352496.60098189523,4026122.91866187
1628215646029452154,352496.1550823167,4026123.838617791
1628215646095231985,352495.96408395836,4026124.235001718
1628215646222671150,352495.5123186888,4026125.0900236783
1628215646300444539,352495.2540479287,4026125.6218013796
1628215646427221736,352494.83200098143,4026126.4173872764
1628215646505228616,352494.5702361058,4026126.951849027
1628215646625221737,352494.14355594455,4026127.756699748
1628215646703478900,352493.8780575713,4026128.2941242857
1628215646823491567,352493.4788138537,4026129.10268899
1628215646907268685,352493.17006033123,4026129.6428945507
1628215647027351837,352492.7659098605,4026130.4536180412
1628215647099321891,352492.52970801457,4026130.926547705
1628215647237314600,352492.03218797024,4026131.8723157872
1628215647303361486,352491.82894174336,4026132.2787961424
1628215647423382151,352491.3631698246,4026133.162469049
1628215647495356822,352491.12558297336,4026133.636490467
1628215647627489891,352490.65538205346,4026134.521703676
1628215647699363529,352490.4169906624,4026134.9950674158
1628215647825542992,352489.9763170234,4026135.874162735
1628215647897362625,352489.7182928361,4026136.346884121
1628215648029307861,352489.27618405374,4026137.2205411918
1628215648101256279,352489.0397112695,4026137.6882875264
1628215648227447330,352488.5844028002,4026138.562749176
1628215648299363945,352488.3479977078,4026139.0219188235
1628215648431249428,352487.9131278579,4026139.876226417
1628215648497463438,352487.6788319858,4026140.3284325968
1628215648629482605,352487.25212071056,4026141.1761925714
1628215648707420764,352486.98648632463,4026141.687648872
1628215648833277749,352486.5911754997,4026142.4511024565
1628215648899340563,352486.3685986465,4026142.9087245027
1628215649037364652,352485.9441236778,4026143.7247077706
1628215649103373137,352485.71755698626,4026144.159478738
1628215649229438910,352485.30564052775,4026144.9710367783
1628215649307278790,352485.08220990986,4026145.398216435
1628215649421368451,352484.7101599922,4026146.1334112226
1628215649499460124,352484.45689430524,4026146.6167330975
1628215649631518990,352484.0548181328,4026147.402213916
1628215649703354512,352483.8353718708,4026147.8178510214
1628215649823368735,352483.46053214127,4026148.5200118585
1628215649895324172,352483.25642441097,4026148.942162862
1628215650033519092,352482.82756601257,4026149.7336539524
1628215650105233318,352482.6162224129,4026150.121534371
1628215650231268779,352482.2719632208,4026150.789818514
1628215650357245397,352481.8876768212,4026151.4784071515
1628215650423500361,352481.7039953227,4026151.8743006946
1628215650507260255,352481.47211996163,4026152.2911870712
1628215650627272163,352481.1659514684,4026152.907857772
1628215650765361117,352480.77631950146,4026153.606883071
1628215650831822767,352480.58041487494,4026153.9533929797
1628215650903494941,352480.431292333,4026154.310703329
1628215651029374216,352480.09546573146,4026154.907859159
1628215651167377294,352479.7484338338,4026155.5960883633
1628215651227378534,352479.5849759593,4026155.898252605
1628215651371352395,352479.229613891,4026156.6044461583
1628215651425608689,352479.0643266543,4026156.906702589
1628215651557454612,352478.70438043703,4026157.553342039
1628215651629337514,352478.55777377624,4026157.906062417
1628215651767509496,352478.1797719501,4026158.6142283757
1628215651827524417,352478.0185348862,4026158.921359798
1628215653837392032,352472.54746693815,4026169.835207371
1628215653963431115,352472.1841572436,4026170.556673516
1628215654029338079,352472.01529945584,4026170.876813415
1628215654167382436,352471.62586560426,4026171.650116661
1628215654233471585,352471.43176915497,4026172.032881942
1628215654371264809,352471.07884300314,4026172.7476405166
1628215654437402207,352470.87271991523,4026173.14275673
1628215654575554309,352470.4665994232,4026173.9378898386
1628215654707598565,352470.08766046714,4026174.6518706093
1628215654767526529,352469.9218751098,4026174.9696388817
1628215654905436341,352469.52807765687,4026175.7644401714
1628215654977391152,352469.328825017,4026176.1454622173
1628215655103250650,352468.98412530276,4026176.8128389744
1628215655169527549,352468.80569604586,4026177.1909429985
1628215655307429906,352468.400846561,4026178.001557734
1628215655373398497,352468.2205954982,4026178.3300094856
1628215655511260600,352467.81764958863,4026179.128750861
1628215655571391805,352467.6445567014,4026179.474353946
1628215655715375763,352467.22763103433,4026180.2693049875
1628215655769572059,352467.0514679094,4026180.622772968
1628215655913295485,352466.63766199956,4026181.439643892
1628215655961395674,352466.4901663574,4026181.738301766
1628215656117331242,352466.0361056278,4026182.6445433977
1628215656171484997,352465.8566451622,4026183.0104578556
1628215656309455150,352465.43397798046,4026183.875026767
1628215656363393603,352465.2599171405,4026184.1781042954
1628215656513533529,352464.794663977,4026185.1223788904
1628215656585545990,352464.57503174996,4026185.568202068
1628215656705402461,352464.1820428908,4026186.3351574764
1628215656765273397,352463.9940127779,4026186.7228856697
1628215656909716135,352463.4806976862,4026187.695872098
1628215656975359767,352463.28849400143,4026188.0858076275
1628215657095317665,352462.9032875421,4026188.86892722
1628215657163505871,352462.6508858362,4026189.3383189654
1628215657314190825,352462.1622631954,4026190.329501059
1628215657373443793,352461.93873362616,4026190.7363886684
1628215657505476402,352461.51482023636,4026191.6029932247
1628215657565374094,352461.3198958221,4026192.0051823347
1628215657703484680,352460.81714321056,4026192.953269537
1628215657763517830,352460.6164269339,4026193.359402549
1628215657907386704,352460.1317745944,4026194.3274455774
1628215657967403301,352459.93798757554,4026194.739075942
1628215658105599309,352459.49215037364,4026195.6998662488
1628215658177536845,352459.2353850136,4026196.2158418507
1628215658309373452,352458.83179553656,4026197.120064926
1628215658375478161,352458.61639840365,4026197.5744222617
1628215658507545634,352458.2066946671,4026198.5640167845
1628215658579760711,352458.01005941856,4026199.0628551194
1628215658711276796,352457.60684120446,4026200.0426345267
1628215658843414189,352457.26118229143,4026200.994089785
1628215658915304428,352457.03383748,4026201.574750996
1628215658975794422,352456.8560030125,4026202.0988433403
1628215659113316524,352456.5389147579,4026203.0794146396
1628215659245407136,352456.1872951174,4026204.107327497
1628215659311403199,352456.03115910036,4026204.644051082
1628215659443321474,352455.71283452207,4026205.6810407476
1628215659515398994,352455.57071891974,4026206.223934402
1628215659641537982,352455.27259625116,4026207.271688672
1628215659719450926,352455.1311043726,4026207.8942237105
1628215659833198937,352454.9498919766,4026208.7504095277
1628215659911495079,352454.78268963064,4026209.4293523696
1628215660043520237,352454.5908143955,4026210.4442913104
1628215660109305404,352454.50894940784,4026210.9126107143
1628215660241437087,352454.310762247,4026212.076585009
1628215660313436028,352454.22543821007,4026212.624920491
1628215660439807310,352454.07172522764,4026213.7340596276
1628215660511552105,352453.9954066881,4026214.284378037
1628215660631464688,352453.8447068736,4026215.323152392
1628215660709420079,352453.77592948533,4026215.8754786607
1628215660847311297,352453.64260522183,4026216.9776787665
1628215660913625079,352453.5897355232,4026217.614757343
1628215661033538480,352453.4818181058,4026218.560272658
1628215661111288772,352453.4219735062,4026219.1103105755
1628215661237422378,352453.3356942574,4026220.2226350973
1628215661315504974,352453.27519519185,4026220.8525192663
1628215661441297046,352453.1679630639,4026221.9099629726
1628215661519360587,352453.10792022187,4026222.541548386
1628215661633783352,352452.99195810617,4026223.588093229
1628215661717430241,352452.9289762271,4026224.21911833
1628215661837423956,352452.83847374,4026225.162261918
1628215661915440272,352452.7633556992,4026225.890601965
1628215662047468553,352452.6657136115,4026226.9126646216
1628215662113451102,352452.6215868652,4026227.382172566
1628215662239428457,352452.5072352021,4026228.4695231
1628215662311356823,352452.45672046137,4026229.0154958726
1628215662443210760,352452.3469364976,4026230.0879368866
1628215662515468329,352452.2904369688,4026230.708963791
1628215662641432626,352452.20558965794,4026231.708225278
1628215662713334478,352452.1571356553,4026232.249768373
1628215662845293810,352452.0670951974,4026233.252292164
1628215662917508951,352452.0108027975,4026233.9284921056
1628215663043436582,352451.9275800392,4026234.8475246187
1628215663115448964,352451.87897127296,4026235.3799759885
1628215663241537594,352451.7888573484,4026236.4068544116
1628215663319460077,352451.7401800348,4026236.935278576
1628215663439382476,352451.656966417,4026237.8512591403
1628215663511476960,352451.6018971521,4026238.4451617184
1628215663643434318,352451.5247796723,4026239.4503341783
1628215663721534646,352451.47127440665,4026240.035726121
1628215663847326258,352451.389084283,4026240.90786541
1628215663973475510,352451.3208975658,4026241.885541674
1628215664045433541,352451.2738965895,4026242.386959385
1628215664117326267,352451.23613718944,4026242.907812297
1628215664243562972,352451.1526002416,4026243.8263008646
1628215664375561493,352451.0845773269,4026244.756244183
1628215664447313804,352451.04158970306,4026245.2424566275
1628215664579343872,352450.961605203,4026246.136592378
1628215664639290333,352450.93753255473,4026246.565169932
1628215664771296292,352450.8575738452,4026247.4321442186
1628215664849369926,352450.8105601211,4026247.9543144023
1628215664975484321,352450.7512668925,4026248.83778275
1628215665035473868,352450.71954415506,4026249.232859725
1628215665179585100,352450.6651692289,4026250.154269767
1628215665245516503,352450.63119738025,4026250.628731861
1628215665377635304,352450.5667191228,4026251.4872637377
1628215665443438661,352450.539166321,4026251.8727480923
1628215665581332706,352450.4761499909,4026252.752617684
1628215665647543104,352450.4510901905,4026253.237914514
1628215665785472600,352450.39476931177,4026254.14898158
1628215665851391817,352450.37519002025,4026254.5511150705
1628215665977897117,352450.32775322016,4026255.3817685004
1628215666049578853,352450.3124570752,4026255.8454754376
1628215666181573605,352450.2739650309,4026256.721143213
1628215666247331702,352450.2651163691,4026257.1154644876
1628215666379465486,352450.23910154204,4026258.0213767793
1628215666445514011,352450.2361024886,4026258.422312408
1628215666583593204,352450.2347671981,4026259.365402653
1628215666643567652,352450.21315542806,4026259.787956787
1628215666775353678,352450.22431330313,4026260.676207065
1628215666847348427,352450.2325058728,4026261.1573365633
1628215666979583386,352450.2187032057,4026262.128105312
1628215667051491400,352450.2269217548,4026262.610760269
1628215667183576239,352450.22311068105,4026263.5267316485
1628215667243490409,352450.23566718504,4026263.9415627616
1628215667387592214,352450.2754418461,4026264.9225888
1628215667441731130,352450.29542391957,4026265.3433970753
1628215667573550056,352450.3407928832,4026266.2551130126
1628215667657446235,352450.33854495455,4026266.854280845
1628215667795453262,352450.39327245555,4026267.8388975426
1628215667915557450,352450.40033619356,4026268.7268513297
1628215667981340064,352450.42580281384,4026269.154341215
1628215668047579818,352450.4537386031,4026269.65515435
1628215668185520469,352450.48371673137,4026270.698848094
1628215668317453690,352450.53807959356,4026271.63696156
1628215668377459012,352450.5150960617,4026272.1044005337
1628215668527574281,352450.57227273483,4026273.1970092873
1628215668581458948,352450.5907095549,4026273.5629114616
1628215668719436964,352450.6048228734,4026274.6175566576
1628215668780083810,352450.62700939784,4026275.0603003665
1628215668929574192,352450.63461569324,4026276.2023378727
1628215668989588729,352450.6548809457,4026276.646945377
1628215669121435082,352450.6654793874,4026277.638539185
1628215669175558166,352450.6837343015,4026278.083364032
1628215669319566237,352450.72611769545,4026279.124405111
1628215669397455468,352450.69797410275,4026279.672316395
1628215669517557794,352450.73274193227,4026280.646042352
1628215669577516701,352450.74773148075,4026281.096232936
1628215669721579416,352450.7562405616,4026282.1730075735
1628215669787581451,352450.7737346042,4026282.6985960347
1628215669919484634,352450.77614845027,4026283.696982141
1628215669979491012,352450.79113800393,4026284.147172728
1628215670123441644,352450.8004744534,4026285.211604006
1628215670183457197,352450.81546400615,4026285.661794594
1628215670321561059,352450.8511717967,4026286.712226831
1628215670381544353,352450.84265569993,4026287.190589058
1628215670525447557,352450.87763132853,4026288.2410337664
1628215670591450252,352450.8926073775,4026288.690431115
1628215670723603758,352450.9166802517,4026289.742160124
1628215670783571010,352450.93151660863,4026290.190522242
1628215670921524126,352450.94481718435,4026291.258365082
1628215670981543610,352450.95794516,4026291.7067562914
1628215671119466413,352450.9591667156,4026292.6924672215
1628215671185629191,352450.9728083055,4026293.2140318747
1628215671323493183,352450.9990965619,4026294.256079475
1628215671401356569,352450.98562457913,4026294.7946465774
1628215671527447936,352451.01002367924,4026295.7615910056
1628215671587460739,352451.02089282556,4026296.20635852
1628215671731470688,352451.02280113567,4026297.2574883797
1628215671785592133,352451.0302300848,4026297.69376943
1628215671917520829,352451.0589854109,4026298.640558835
1628215671989470964,352451.0687178644,4026299.147602446
1628215672121436410,352451.08669097646,4026300.1027542786
1628215672247579356,352451.10798716743,4026301.0630986243
1628215672325562029,352451.1221327439,4026301.653686443
1628215672457516326,352451.1279953181,4026302.610875575
1628215672529577185,352451.14092957973,4026303.1195736784
1628215672655549057,352451.1528046384,4026303.999755047
1628215672727490897,352451.1673598265,4026304.5785559393
1628215672853383470,352451.1896152276,4026305.4554477176
1628215672931476142,352451.2079201861,4026306.0214892686
1628215673051484942,352451.2413526238,4026306.913205586
1628215673123416407,352451.2388491188,4026307.4185044044
1628215673261510600,352451.27099292976,4026308.4639313705
1628215673321517237,352451.2813996695,4026308.906631541
1628215673453480260,352451.28638730187,4026309.862614862
1628215673519606743,352451.30577891116,4026310.374193781
1628215673651685219,352451.3175844862,4026311.3291454697
1628215673723590564,352451.33345952927,4026311.8600106174
1628215673849476363,352451.36591436784,4026312.773167233
1628215673921590266,352451.36756851315,4026313.3613432134
1628215674053617797,352451.40291609906,4026314.3296881747
1628215674131428346,352451.4076560811,4026314.8661141014
1628215674251515738,352451.4363610407,4026315.842201677
1628215674323515207,352451.45195150917,4026316.370691268
1628215674455652720,352451.4730196749,4026317.3498996496
1628215674527590073,352451.48883549764,4026317.8772867564
1628215674659480776,352451.5089676255,4026318.8803761634
1628215674725517836,352451.5243646662,4026319.408258691
1628215674857471694,352451.55459762143,4026320.3916445766
1628215674929391255,352451.5662246983,4026320.9382683216
1628215675055602843,352451.5966521262,4026321.922322295
1628215675121352555,352451.6117950128,4026322.3886848404
1628215675259609712,352451.6469161493,4026323.4476721627
1628215675325648830,352451.6644767164,4026323.9771658257
1628215675457574037,352451.672931155,4026324.95036333
1628215675535481370,352451.6904917235,4026325.479856993
1628215675655526703,352451.6812273243,4026326.4518913496
1628215675727538116,352451.6987484148,4026326.9790663184
1628215675853480125,352451.72693635995,4026327.878196288
1628215675931595461,352451.7330501303,4026328.4845461156
1628215676057548487,352451.7595905422,4026329.458961559
1628215676129673662,352451.7792606108,4026329.9868934043
1628215676261500526,352451.80810885853,4026330.9570580665
1628215676328278204,352451.82304008043,4026331.479089075
1628215676459541269,352451.8616246177,4026332.461905516
1628215676531535174,352451.87631236494,4026332.991142922
1628215676669412969,352451.9045526723,4026333.975783478
1628215676789596909,352451.9370508735,4026334.952416849
1628215676861592333,352451.9333423596,4026335.505222235
1628215676933525306,352451.9467163318,4026336.028988773
1628215677053600475,352451.9698942009,4026336.931377937
1628215677191630079,352451.9939521861,4026337.989393982
1628215677251575381,352452.01089864137,4026338.4433965487
1628215677395613091,352452.038375747,4026339.505077572
1628215677455596844,352452.05683564325,4026339.9655241873
1628215677593370882,352452.09267735016,4026340.9700551312
1628215677665516367,352452.11760046205,4026341.584263512
1628215677797598999,352452.16249009594,4026342.593279128
1628215677851349747,352452.1775510734,4026342.9795638174
1628215677995539396,352452.20332120097,4026344.148880425
1628215678055507463,352452.22111751273,4026344.613366722
1628215678193918661,352452.2606971433,4026345.7155526993
1628215678253620624,352452.2803618376,4026346.1894067307
1628215678385623972,352452.29471744166,4026347.218840031
1628215678463484481,352452.3169780654,4026347.7734615556
1628215678601377091,352452.36100231844,4026348.8750225324
1628215678655651501,352452.37376113806,4026349.387752034
1628215678787638153,352452.4181173446,4026350.4120357498
1628215678859590097,352452.42465131544,4026350.996466508
1628215679003372593,352452.4710450965,4026352.1153213726
1628215679057613322,352452.4910286496,4026352.5935645704
1628215679189595813,352452.5349962637,4026353.6595425154
1628215679261629174,352452.559189855,4026354.2165725706
1628215679399553942,352452.59227130807,4026355.334982726
1628215679459537008,352452.61331419373,4026355.81809077
1628215679591476117,352452.65945397574,4026356.864683311
1628215679657917615,352452.6657725341,4026357.4579679654
1628215679789539089,352452.71091145393,4026358.5067138122
1628215679861550526,352452.71835394006,4026359.0979041066
1628215679993527382,352452.75651402865,4026360.152567213
1628215680059611720,352452.7787560602,4026360.7204338824
1628215680197428908,352452.7996520661,4026361.7827152885
1628215681991490944,352453.1941839666,4026376.3108725874
1628215682135553161,352453.2381044277,4026377.4851903184
1628215682207609341,352453.2612767146,4026378.021668642
1628215682333428844,352453.30190702644,4026378.9310850017
1628215682399627451,352453.3327981294,4026379.4692629715
1628215682537513411,352453.3853160729,4026380.435240416
1628215682609576352,352453.43121270824,4026381.0302925915
1628215682729553892,352453.49341172876,4026381.9017434893
1628215682789556142,352453.52637378016,4026382.3321576067
1628215682933634504,352453.6271862391,4026383.3243516507
1628215682999534471,352453.67229139456,4026383.8119938993
1628215683131708028,352453.7803167983,4026384.7009142353
1628215683191560009,352453.8231515711,4026385.105403036
1628215683335381768,352453.9257102003,4026386.028108353
1628215683401677836,352454.01068541966,4026386.484492641
1628215683533602313,352454.11333716713,4026387.3051441335
1628215683599423275,352454.1604898126,4026387.676477885
1628215683743620833,352454.3379523639,4026388.593146928
1628215683803666641,352454.3879465129,4026388.9485629257
1628215683935606703,352454.56546989724,4026389.721857308
1628215684001389645,352454.6153429328,4026390.062992939
1628215684133572589,352454.8111940271,4026390.862464877
1628215684205569470,352454.86965539725,4026391.242029037
1628215684343471351,352454.97402831394,4026391.9272122825
1628215684397612414,352455.1351862125,4026392.26987098
1628215684541451467,352455.24302760756,4026392.9687893107
1628215684607524010,352455.4408117532,4026393.3477511415
1628215684733647083,352455.5425264682,4026393.96284926
1628215684793630782,352455.58865196386,4026394.24160885
1628215684937585014,352455.8835217719,4026394.910059381
1628215684997567765,352455.9352572164,4026395.174196873
1628215685141680241,352456.26418046374,4026395.80312657
1628215685195967103,352456.3271583278,4026396.060846956
1628215685345388000,352456.47761049296,4026396.6564992014
1628215685399643462,352456.733738726,4026396.935039892
1628215685537634016,352456.91032327793,4026397.5206034738
1628215685591523394,352456.9748512016,4026397.7259895927
1628215685735393565,352457.3399978685,4026398.29589104
1628215685807565163,352457.44907954265,4026398.601716248
1628215685939571174,352457.7550592316,4026399.0839398406
1628215686071538478,352457.951103713,4026399.539958811
1628215686137664852,352458.21935550834,4026399.788568558
1628215686263635229,352458.4289350222,4026400.1864338745
1628215686335531753,352458.5544443208,4026400.410435238
1628215686473565811,352458.97280408593,4026400.833066259
1628215686539663028,352459.1307853546,4026401.0393635854
1628215686659878752,352459.536806389,4026401.3896939293
1628215686731638647,352459.708726523,4026401.5830584276
1628215686869534499,352460.1556245617,4026401.9254294783
1628215686941649846,352460.3770806532,4026402.113983176
1628215687061660650,352460.72705724183,4026402.370051659
1628215687133635030,352461.0819216444,4026402.5296610408
1628215687271570596,352461.5276323861,4026402.7808035114
1628215687337543923,352461.72457248,4026402.877244064
1628215687469457900,352462.31555417506,4026403.0900238254
1628215687535615312,352462.56509513466,4026403.1788547914
1628215687673580437,352463.26383664703,4026403.372526577
1628215687733590760,352463.49393209943,4026403.4232970066
1628215687871510706,352464.19207313017,4026403.5566144586
1628215687937517695,352464.47569238255,4026403.59304564
1628215688069407194,352465.0082971582,4026403.639092558
1628215688135580409,352465.5356769332,4026403.7295406302
1628215688267569644,352466.1004857312,4026403.7367696944
1628215688345526299,352466.4095293946,4026403.7287000325
1628215688465663411,352467.1959886947,4026403.776406309
1628215688537621882,352467.5225564718,4026403.754488312
1628215688669692397,352468.3470119779,4026403.797092117
1628215688735596841,352468.69184783555,4026403.7602144764
1628215688873407947,352469.51189717604,4026403.7859864356
1628215688939651403,352469.8737810453,4026403.7431422262
1628215689071651620,352470.5551637076,4026403.648531822
1628215689137638538,352471.0681412505,4026403.6996130617
1628215689269579325,352471.7767172732,4026403.5873275953
1628215689341528266,352472.16399123066,4026403.5230547963
1628215689473678745,352473.0041003283,4026403.508262807
1628215689539452430,352473.34871955455,4026403.451491298
1628215689671568808,352474.25638374634,4026403.439943837
1628215689743548255,352474.66963685595,4026403.369125233
1628215689863677198,352475.46960416564,4026403.382177958
1628215689941836059,352475.9567211758,4026403.30338787
1628215690079424295,352476.7590537544,4026403.166801153
1628215690145538782,352477.26744887175,4026403.2283369033
1628215690265548201,352478.02543214906,4026403.1036749627
1628215690409713964,352478.96957103995,4026403.089065559
1628215690475839444,352479.4181818442,4026403.0194762917
1628215690607484542,352480.2597982983,4026402.892475137
1628215690661592773,352480.6861372221,4026402.9754889533
1628215690805661176,352481.61809208995,4026402.8600116237
1628215690871418846,352482.0321262295,4026402.9390235087
1628215691003907344,352482.9826382577,4026402.8488655207
1628215691064134171,352483.38782919396,4026402.8081532796
1628215691207538596,352484.35061291646,4026402.8562772498
1628215691273842158,352484.83044219034,4026402.8261964093
1628215691411550420,352485.7123646935,4026402.8763685557
1628215691465587931,352486.1305160305,4026402.8530752086
1628215691603565321,352487.0385109046,4026402.7910466716
1628215691669556431,352487.5165108426,4026402.8488889914
1628215691807652047,352488.498014544,4026402.801051286
1628215691873565946,352488.88663121406,4026402.8963045347
1628215691999606849,352489.80470547127,4026402.845579466
1628215692071552644,352490.3014873756,4026402.8128909594
1628215692209810121,352491.2781064124,4026402.8599256603
1628215692269806216,352491.70597466157,4026402.840983829
1628215692401822169,352492.60284514364,4026402.8622152754
1628215692479587520,352493.1790214785,4026402.829151923
1628215692605564446,352494.0539168041,4026402.7874022294
1628215692671792085,352494.52911013516,4026402.859636176
1628215692803818569,352495.4748244551,4026402.81747451
1628215692869591688,352495.9739154293,4026402.8720285236
1628215693013922380,352497.00470783806,4026402.824573446
1628215693073555060,352497.45052465826,4026402.804166672
1628215693199803102,352498.3961721953,4026402.8226152263
1628215693271793699,352498.9173036159,4026402.7987901857
1628215693415559563,352499.94157563907,4026402.8164498108
1628215693475537516,352500.3903953254,4026402.793184414
1628215693607569469,352501.36772534123,4026402.7385831825
1628215693673809048,352501.88726217055,4026402.7770422003
1628215693811614512,352502.94534809695,4026402.7160004806
1628215693871434091,352503.3037612245,4026402.7578737075
1628215694003847064,352504.35795817536,4026402.7014150256
1628215694075822795,352504.88630209304,4026402.6710587903
1628215694207845616,352505.8657813378,4026402.6692176326
1628215694273601148,352506.3976334999,4026402.6388017726
1628215694411553292,352507.37564789306,4026402.6297834716
1628215694477602558,352507.9025842476,4026402.604578405
1628215694609851074,352508.872243549,4026402.554686294
1628215694741562984,352509.8362800174,4026402.5491411085
1628215694807613893,352510.35235738056,4026402.527783191
1628215694879582345,352510.85413869313,4026402.5360269668
1628215695023564938,352511.8760161245,4026402.497270452
1628215695149816003,352512.8060722798,4026402.4889470115
1628215695209782866,352513.23657020845,4026402.4756988687
1628215695348011145,352514.2306684789,4026402.4488902376
1628215695419784768,352514.7117844446,4026402.456753554
1628215695551783214,352515.60128529044,4026402.4376459424
1628215695605426441,352515.93726785504,4026402.4310116367
1628215695749619076,352516.9175365926,4026402.4217729345
1628215695821579654,352517.3714489573,4026402.4216154213
1628215695947922394,352518.1259060104,4026402.4052949157
1628215696001795774,352518.49854501314,4026402.406276651
1628215696157444032,352519.3826820464,4026402.396538197
1628215696217606454,352519.7328276625,4026402.4008936016
1628215696355465144,352520.5279565988,4026402.4201364345
1628215696403571155,352520.78512383334,4026402.4066649675
1628215696553866764,352521.5930295222,4026402.436127589
1628215696607552074,352521.85453569936,4026402.448095353
1628215696745557277,352522.5311257258,4026402.44658951
1628215696805591785,352522.83027920686,4026402.461639735
1628215696943766352,352523.4756071187,4026402.4574921806
1628215697027494664,352523.86833377235,4026402.478701387
1628215697142193605,352524.3832666904,4026402.476162873
1628215697207576678,352524.6682066218,4026402.4898071038
1628215697357503516,352525.3386718513,4026402.513918774
1628215697417770968,352525.6102241109,4026402.492206901
1628215697543624876,352526.24600180355,4026402.5150169022
1628215697603911149,352526.53559324774,4026402.5294365305
1628215697753776084,352527.1590458073,4026402.502223738
1628215697807837861,352527.3928671613,4026402.508376147
1628215697951557996,352527.9781353718,4026402.4805925786
1628215698005955354,352528.2634661655,4026402.4867228447
1628215698155855351,352528.8795286357,4026402.4556075768
1628215698209596571,352529.1220724989,4026402.4578883834
1628215698353546440,352529.8259618865,4026402.444932008
1628215698413459168,352530.0455254422,4026402.4165976616
1628215698551960940,352530.76316766115,4026402.404872162
1628215698623947846,352531.039213725,4026402.3836333016
1628215698749839625,352531.71391726745,4026402.3645208767
1628215698809850758,352532.0304056748,4026402.351016721
1628215698947855075,352532.6892953259,4026402.322529821
1628215699073588676,352533.3429037329,4026402.2867474975
1628215699151849027,352533.7268600763,4026402.2946784897
1628215699283572538,352534.45137562393,4026402.2546987217
1628215699355930498,352534.845700816,4026402.2299821456
1628215699475631106,352535.48207150225,4026402.2159169856
1628215699553840073,352535.94185058546,4026402.182151836
1628215699679832838,352536.66708552936,4026402.1808568356
1628215699751852485,352537.0779692463,4026402.151891217
1628215699883858218,352537.8208519897,4026402.144009264
1628215699955773214,352538.2371077076,4026402.111534263
1628215700075869144,352538.9559218375,4026402.052120381
1628215700153836097,352539.4188363907,4026402.077079725
1628215700273831534,352540.14876759157,4026402.021810305
1628215700345962116,352540.57775944145,4026401.98820313
1628215700483841127,352541.42700835294,4026401.9707597606
1628215700561535290,352541.8591569126,4026401.937953432
1628215700675833266,352542.6005828414,4026401.9484685184
1628215700753834038,352543.09864572785,4026401.9175312906
1628215700885851859,352543.9048646472,4026401.924990699
1628215700957803827,352544.3427682679,4026401.9022185314
1628215701071608785,352545.03137513966,4026401.8698698753
1628215701155828118,352545.58001202816,4026401.896910844
1628215701287816747,352546.3783695726,4026401.8673943756
1628215701353541232,352546.74457611155,4026401.857988599
1628215701485475575,352547.5297256518,4026401.884361834
1628215701557838664,352548.01373770926,4026401.886684473
1628215701689603817,352548.7662119969,4026401.9026884222
1628215701755578266,352549.12026836636,4026401.903743554
1628215701881816035,352549.8347457431,4026401.923018742
1628215701947852896,352550.23657622037,4026401.93766544
1628215702091469260,352550.97804721305,4026401.97235073
1628215702151594776,352551.31416150345,4026402.016497505
1628215702289757883,352552.0910347564,4026402.055036081
1628215702349392823,352552.36619682587,4026402.0733032348
1628215702481801483,352553.08759960136,4026402.1516657597
1628215702553837018,352553.4593650355,4026402.1873933445
1628215702680038262,352554.09335358744,4026402.2557076453
1628215702751864910,352554.45170175773,4026402.290198726
1628215702883886713,352555.05674990045,4026402.364987092
1628215702961811406,352555.454285308,4026402.412361374
1628215703075855308,352555.99364799156,4026402.48259119
1628215703153808867,352556.32982101326,4026402.5319862547
1628215703285871424,352556.94429491926,4026402.619126736
1628215703357485494,352557.26458756666,4026402.6695855283
1628215703489554968,352557.7871728961,4026402.7581065604
1628215703615846814,352558.2988602912,4026402.841014643
1628215703675874757,352558.55793779274,4026402.884214232
1628215703753799314,352558.9054588812,4026402.9441586286
1628215703885879348,352559.4112297344,4026403.01471611
1628215704017593399,352559.9530598883,4026403.109806868
1628215704089594007,352560.23164483125,4026403.1660414515
1628215704155851516,352560.4674456039,4026403.182720295
1628215704275885192,352560.9360009143,4026403.280950065
1628215704419564500,352561.38704275765,4026403.3542089607
1628215704485862758,352561.7049308606,4026403.4175874256
1628215704623513788,352562.15166190057,4026403.46705464
1628215704677778421,352562.39039027365,4026403.5069384333
1628215704815902842,352562.97294310544,4026403.5975522236
1628215704887892126,352563.16132302594,4026403.5640119435
1628215705019873801,352563.7164582108,4026403.6537495167
1628215705079966892,352563.9748441435,4026403.6939702677
1628215705217891843,352564.4473938412,4026403.688004853
1628215705289897819,352564.7548382906,4026403.7276350213
1628215705421838730,352565.21646756167,4026403.7272876664
1628215705487866645,352565.53363189683,4026403.7624799553
1628215705613857989,352565.9592874313,4026403.7641485706
1628215705679880307,352566.28156023443,4026403.798277389
1628215705829538067,352566.9376590735,4026403.867620237
1628215705883862911,352567.11531274486,4026403.8744242345
1628215706021865776,352567.789238752,4026403.9441352105
1628215706099833185,352568.1334927927,4026403.978866662
1628215706231842469,352568.73163069447,4026404.0385145494
1628215706285839987,352568.98490027525,4026404.0631972877
1628215706423880411,352569.66429762426,4026404.169314837
1628215706483850486,352569.977672649,4026404.2006044216
1628215706621512669,352570.61065322347,4026404.3244798197
1628215706681874109,352570.9863158568,4026404.3650857536
1628215706813882072,352571.6953669997,4026404.4403029876
1628215706885849968,352572.0286835855,4026404.551393603
1628215707023533122,352572.7555023908,4026404.6342432927
1628215707077933162,352573.0953865275,4026404.6739932057
1628215707215874280,352573.86055288254,4026404.86385801
1628215707293543253,352574.2667801336,4026404.9163343543
1628215707425855337,352575.05775193556,4026405.1002059276
1628215707485877407,352575.4139085099,4026405.1493837875
1628215707623541254,352576.1621563051,4026405.334897912
1628215707695840801,352576.6475724084,4026405.40720653
1628215707833536723,352577.44492332137,4026405.5248067696
1628215707959840399,352578.2207813455,4026405.7476325855
1628215708019838418,352578.59632926143,4026405.80661263
1628215708163970766,352579.45201025956,4026406.0686083594
1628215708229823546,352579.89438488806,4026406.150804847
1628215708361825348,352580.69929720776,4026406.3792401603
1628215708421830025,352581.08382857277,4026406.4478942635
1628215708559877949,352581.9880201591,4026406.6197082154
1628215708619850121,352582.35920253664,4026406.789787152
1628215708763839846,352583.2717531972,4026406.983004723
1628215708817820076,352583.59835007694,4026407.050691437
1628215708961906108,352584.5593604834,4026407.3785235398
1628215709027534355,352584.9563991416,4026407.4666796457
1628215709159941280,352585.8628382535,4026407.7741997894
1628215709219913856,352586.2633617124,4026407.8680950864
1628215709363920113,352587.1878672652,4026408.159560717
1628215709423920410,352587.5879032246,4026408.255295447
1628215709555897814,352588.4571995224,4026408.4638370275
1628215709615896704,352588.8501469266,4026408.668458535
1628215709765917474,352589.86145447835,4026408.9268310727
1628215709832123314,352590.33560520544,4026409.0490764203
1628215709957951011,352591.1253629578,4026409.3410037723
1628215710023908998,352591.5974539687,4026409.467739854
1628215710155870516,352592.45240022335,4026409.7422006726
1628215710227922127,352592.9243808158,4026409.873211224
1628215710353973109,352593.77714725083,4026410.166630406
1628215710425917757,352594.2512697084,4026410.3015719284
1628215710563915898,352595.2004542748,4026410.5746739698
1628215710623896725,352595.58328873233,4026410.7624387713
1628215710755912771,352596.46116430045,4026411.0304673403
1628215710821534883,352596.8661088275,4026411.156453866
1628215710965897818,352597.8405590828,4026411.5479023973
1628215711025899218,352598.2429168028,4026411.683271498
1628215711169880594,352599.14115083474,4026412.0646029976
1628215711217888455,352599.473947771,4026412.1864458118
1628215711367496309,352600.36352784536,4026412.5703050517
1628215711427904160,352600.82477350114,4026412.750144314
1628215711559902510,352601.68124403636,4026413.0998984827
1628215711619899490,352602.02684864245,4026413.2983678184
1628215711769930601,352603.0020440273,4026413.722885734
1628215711841895492,352603.3886714665,4026413.8968532477
1628215711967849498,352604.1641337166,4026414.311768282
1628215712087550161,352604.9250866452,4026414.6845712275
1628215712159923890,352605.36614898004,4026414.958749463
1628215712292076795,352606.17269630067,4026415.3856482636
1628215712363859111,352606.5475128129,4026415.6312899566
1628215712489891914,352607.3319670163,4026416.0725419177
1628215712562079106,352607.7516154179,4026416.316688614
1628215712693911182,352608.4517579763,4026416.7742065946
1628215712765864740,352608.8630318559,4026417.0319237113
1628215712891872868,352609.5435133291,4026417.5086363354
1628215712963888163,352609.94209296035,4026417.768156367
1628215713089520521,352610.61492312606,4026418.2238197373
1628215713162228631,352610.9708090783,4026418.5226407778
1628215713293911312,352611.6762086138,4026419.036283719
1628215713371458561,352611.96949977335,4026419.2987544853
1628215713497874947,352612.6516610326,4026419.8204222815
1628215713563910455,352613.0112847436,4026420.103981863
1628215713701765593,352613.59439309244,4026420.6256256
1628215713767850845,352613.937030097,4026420.913380462
1628215713887845322,352614.4476037476,4026421.3991481788
1628215713959889080,352614.77751582896,4026421.69407762
1628215714169867814,352615.65227654367,4026422.539744489
1628215714289862460,352616.1808776802,4026423.041258122
1628215714373583982,352616.44600114203,4026423.3341157762
1628215714499842610,352616.9731631607,4026423.876609071
1628215714572044158,352617.2463572697,4026424.1685360037
1628215714691839938,352617.62094030064,4026424.579894791
1628215714769840971,352617.9123478146,4026424.898489846
1628215714895517117,352618.2413542749,4026425.260391278
1628215714967880256,352618.5088478312,4026425.5706039313
1628215715088245230,352618.8929234069,4026426.0323390965
1628215715165834729,352619.0346598512,4026426.1682968256
1628215715303879978,352619.45016977907,4026426.678692337
1628215715369921377,352619.59477565496,4026426.811122218
1628215715501967646,352619.9464365381,4026427.2688310756
1628215715561968785,352620.10181746073,4026427.4785933793
1628215715693921705,352620.3760121272,4026427.791682867
1628215715765912485,352620.54289796157,4026428.024809375
1628215715891962593,352620.8054638343,4026428.2767555127
1628215715963966193,352620.96938549634,4026428.4952838128
1628215716096085915,352621.268675969,4026428.9005990815
1628215716173948659,352621.4242871277,4026428.92834821
1628215716293904987,352621.6962829261,4026429.2879845486
1628215716497924111,352622.1458940781,4026429.680916257
1628215716563930881,352622.30946073285,4026429.878576315
1628215716695907512,352622.615756397,4026430.008622296
1628215716827918961,352622.9346603709,4026430.330961304
1628215716899747956,352623.10722422146,4026430.3327870048
1628215716977915964,352623.30945707334,4026430.516300465
1628215717097834926,352623.59304808156,4026430.762884118
1628215717236062091,352623.98238565156,4026430.87558732
1628215717307954539,352624.1999617848,4026431.0192885175
1628215717373800287,352624.38438157993,4026431.018471151
1628215717487946947,352624.7135748147,4026431.220943665
1628215717625938831,352625.1438646985,4026431.322940474
1628215717697911543,352625.34801471455,4026431.412853222
1628215717841919900,352625.76073247043,4026431.567151586
1628215717889959307,352626.00050593785,4026431.5088734594
1628215718027938963,352626.4266896932,4026431.617043769
1628215718100069327,352626.6418081202,4026431.657513957
1628215718231922284,352627.1476322523,4026431.6147305714
1628215718297930022,352627.36772544996,4026431.6408947855
1628215718429936742,352627.8720721436,4026431.5776284854
1628215718501931977,352628.0952291672,4026431.5740160854
1628215718639798976,352628.6474285573,4026431.4608019833
1628215718699886422,352628.84102652094,4026431.432667599
1628215718819925783,352629.2602405704,4026431.3571162345
1628215718891931698,352629.6605780698,4026431.215906056
1628215719029924014,352630.115277507,4026431.0845136414
1628215719101789854,352630.30643777235,4026431.0171135855
1628215719239824932,352630.9173746371,4026430.7619075268
1628215719305920429,352631.1388496343,4026430.662985626
1628215719443913364,352631.7598807727,4026430.385879142
1628215719491869894,352631.9204765778,4026430.306608653
1628215719635890528,352632.57401713374,4026430.0193666704
1628215719695938119,352632.771866546,4026429.916452041
1628215719839728320,352633.23351814365,4026429.668118704
1628215719894201621,352633.6108672251,4026429.5065474617
1628215720037926390,352634.08277560107,4026429.238691328
1628215720103522733,352634.28490897396,4026429.1203228086
1628215720235936628,352634.9271575048,4026428.804280974
1628215720295925932,352635.13718353014,4026428.6816888326
1628215720433767692,352635.70695696713,4026428.3960548663
1628215720505889667,352635.9872168703,4026428.236867394
1628215720637916068,352636.5560697877,4026427.956315126
1628215720703713298,352636.76161389024,4026427.8231789926
1628215720829867403,352637.21369013493,4026427.519588068
1628215720895893739,352637.55679258273,4026427.3664730843
1628215721040034102,352638.0884898157,4026427.0417524315
1628215721099918762,352638.31950718386,4026426.90641307
1628215721231849388,352638.893300354,4026426.584394559
1628215721309906366,352639.1856648941,4026426.385144844
1628215721447910138,352639.77703577763,4026426.041647969
1628215721573858778,352640.23532327625,4026425.740820271
1628215721628088261,352640.52841618797,4026425.607721207
1628215721771951751,352641.1072349028,4026425.2348964927
1628215721843957745,352641.4007390656,4026425.034467792
1628215721969986048,352641.9953299196,4026424.709837469
1628215722030054807,352642.2511293235,4026424.537027927
1628215722173930434,352642.9292288046,4026424.188394169
1628215722233962213,352643.1987430288,4026424.0127879055
1628215722372335151,352643.8765947593,4026423.626255105
1628215722437714471,352644.1557390604,4026423.43913241
1628215722576048030,352644.8182068867,4026422.9913370535
1628215722635930034,352645.153702555,4026422.8448826005
1628215722774703626,352645.843849292,4026422.3828224847
1628215722834705340,352646.1443255031,4026422.179650843
1628215722978614332,352646.9174866725,4026421.7739801323
1628215723050707597,352647.28212113085,4026421.528640251
1628215723176702654,352648.03903227893,4026421.1489421325
1628215723236699659,352648.3649166536,4026420.934352011
1628215723380621536,352649.1959990568,4026420.505540461
1628215723446817510,352649.5898002186,4026420.2490844238
1628215723566827422,352650.27444939653,4026419.802865455
1628215723638607032,352650.7498813716,4026419.6308988975
1628215723776783505,352651.576187356,4026419.102436046
1628215723842586831,352651.935231502,4026418.8728776826
1628215723980711539,352652.8615855095,4026418.447817536
1628215724040698701,352653.2323445821,4026418.2162899706
1628215724178804671,352654.19438226847,4026417.815220657
1628215724238694920,352654.57680937124,4026417.5843492392
1628215724382704689,352655.5465783852,4026417.149822975
1628215724438041007,352655.94027901266,4026416.9197364897
1628215724587760754,352656.86950168386,4026416.3798193643
1628215724641927124,352657.33743060846,4026416.265476649
1628215724774597861,352658.2225683456,4026415.7673865343
1628215724834868426,352658.63506104244,4026415.5369806266
1628215724972600632,352659.67815829336,4026415.123974341
1628215725050580601,352660.17013955605,4026414.85925743
1628215725170741159,352661.1574523292,4026414.487361577
1628215725242721131,352661.6561544092,4026414.232052079
1628215725374811499,352662.62489742413,4026413.85558929
1628215725440819803,352663.1258283985,4026413.6147075035
1628215725572828364,352664.0583528403,4026413.1773975305
1628215725704709061,352665.03347994084,4026412.8425750625
1628215725783826162,352665.6101592945,4026412.587893041
1628215725904739307,352666.50679782196,4026412.2941397554
1628215725982839327,352667.08572826907,4026412.0533967945
1628215726108682380,352667.95480435644,4026411.6999919065
1628215726186685064,352668.55155147926,4026411.5577022806
1628215726301064846,352669.4193930534,4026411.2250097264
1628215726378604045,352669.9336189105,4026411.0948046288
1628215726504748264,352670.86830885033,4026410.759693828
1628215726576871271,352671.3686585815,4026410.5851074713
1628215726708695636,352672.28525211266,4026410.3342900006
1628215726774750640,352672.7781064127,4026410.174723946
1628215726918592361,352673.7379867479,4026409.9266496794
1628215726978613223,352674.1518183947,4026409.8018750204
1628215727104613265,352674.97041237616,4026409.559132882
1628215727176738911,352675.47397125955,4026409.4530355837
1628215727308744362,352676.3358738207,4026409.2143180226
1628215727380749872,352676.76256357884,4026409.124298473
1628215727506841780,352677.5960536585,4026408.9105395423
1628215727578865759,352678.03637363896,4026408.8019775227
1628215727710849697,352678.78853083274,4026408.632509835
1628215727782589858,352679.20886473317,4026408.53838699
1628215727908829712,352679.89648322307,4026408.377951374
1628215727980837804,352680.2999047295,4026408.2941870624
1628215728108095475,352680.9567115444,4026408.139646558
1628215728180035507,352681.34907437855,4026408.058755897
1628215728305908370,352682.02175153967,4026407.927688636
1628215728389907275,352682.3940901824,4026407.835663713
1628215728510017465,352683.1339164481,4026407.680383291
1628215728582032787,352683.53454179334,4026407.597277032
1628215728713894122,352684.15298456413,4026407.4244068493
1628215728773894083,352684.4869097563,4026407.3578157052
1628215728911808440,352685.16153881594,4026407.1674495963
1628215728984002257,352685.5534377092,4026407.082599682
1628215729104871329,352686.23557455424,4026406.931779384
1628215729182772190,352686.53967664577,4026406.7838461446
1628215729314735264,352687.3107260312,4026406.587629452
1628215729374732119,352687.55050970113,4026406.4688662803
1628215729512831552,352688.3853739261,4026406.242572679
1628215729572849417,352688.7472847214,4026406.1420582174
1628215729710702907,352689.42939513625,4026405.8909565606
1628215729783857698,352689.92608915933,4026405.7418244123
1628215729903972725,352690.59473523265,4026405.506454889
1628215729987782342,352691.1061838849,4026405.343888205
1628215730108736117,352691.88535343535,4026405.0904042316
1628215730186863987,352692.3402660717,4026404.921169283
1628215730312627113,352693.1387795448,4026404.6513651484
1628215730438748978,352693.9829064904,4026404.363207286
1628215730516861495,352694.53198373725,4026404.172107679
1628215730576849075,352694.94823204516,4026404.0261134813
1628215730714581499,352695.8402100265,4026403.732747732
1628215730841662960,352696.76818815264,4026403.397631844
1628215730913761593,352697.2503416105,4026403.2565599233
1628215731052718170,352698.27396789205,4026402.880938276
1628215731112662625,352698.72413555963,4026402.7682425887
1628215731239053042,352699.6941902903,4026402.407753202
1628215731310841550,352700.22087151953,4026402.2095883093
1628215731442741713,352701.21181288874,4026401.887623931
1628215731508877209,352701.74623640755,4026401.6853601816
1628215731640826738,352702.76747889735,4026401.3597680475
1628215731718610724,352703.3105536755,4026401.1530237794
1628215731839186548,352704.3268307552,4026400.7633064287
1628215731910759464,352704.9139122445,4026400.632170151
1628215732042764460,352705.94722265983,4026400.2374026407
1628215732109150030,352706.5500826846,4026400.10459443
1628215732252857229,352707.6755436775,4026399.6735922494
1628215732312784488,352708.1590741128,4026399.486049195
1628215732444743913,352709.25111649313,4026399.131971268
1628215732516608225,352709.8211537601,4026398.9082893915
1628215732654891411,352711.00182709296,4026398.5173652805
1628215732715892177,352711.49499525747,4026398.322334278
1628215732842040327,352712.56634154695,4026397.8960368503
1628215732919636270,352713.1818911077,4026397.725232164
1628215733057763967,352714.3441956107,4026397.2607672717
1628215733105761497,352714.7601740847,4026397.093477103
1628215733244015360,352715.96416640276,4026396.675911858
1628215733315957184,352716.5486355022,4026396.4395337994
1628215733447837895,352717.67751314444,4026396.0299595413
1628215733507868063,352718.17971614515,4026395.824277181
1628215733645755169,352719.405125428,4026395.3974371464
1628215733717974332,352719.9943726235,4026395.1567055965
1628215733849849427,352721.08954562515,4026394.706688542
1628215733915791601,352721.7107587457,4026394.511801094
1628215734047721049,352722.8078591258,4026394.0593711017
1628215734113732655,352723.3138945792,4026393.849351394
1628215734245957970,352724.523860857,4026393.4070883594
1628215734311859128,352725.0258402366,4026393.2007998526
1628215734449733612,352726.2231173612,4026392.7444703314
1628215734521745729,352726.8037526221,4026392.506021895
1628215734659982786,352727.9931829814,4026392.053915403
1628215734779960717,352728.9824098711,4026391.6489135376
1628215734845618363,352729.47580265906,4026391.44820344
1628215734990011688,352730.7366226625,4026390.9646101547
1628215735049944768,352731.2275811018,4026390.766993329
1628215735181945253,352732.3028995841,4026390.3543640096
1628215735241979517,352732.79026990663,4026390.1610807753
1628215735391756508,352733.99093861214,4026389.660077458
1628215735451758129,352734.47096822324,4026389.470276059
1628215735584031529,352735.5041661944,4026389.066053548
1628215735643971208,352735.96961653815,4026388.8694808865
1628215735799794722,352737.1418241069,4026388.418400841
1628215735853648498,352737.5288396941,4026388.2705862178
1628215735991934379,352738.6617201152,4026387.7974693966
1628215736046760232,352739.04151033616,4026387.6545384442
1628215736196738264,352740.1406204023,4026387.1855968772
1628215736256762233,352740.58629981935,4026387.0206108806
1628215736395625050,352741.5195191463,4026386.6265112082
1628215736449829340,352741.9548458492,4026386.468232072
1628215736593841141,352742.9578536956,4026386.1091408255
1628215736665996201,352743.49056154117,4026385.8605826334
1628215736785959318,352744.32727128564,4026385.568527528
1628215736851682615,352744.7407262085,4026385.426855796
1628215736989712732,352745.64024700643,4026385.032169593
1628215737055931832,352746.1068609431,4026384.8753121155
1628215737187956568,352746.9307342455,4026384.547952508
1628215737247978823,352747.3177569489,4026384.4238811936
1628215737397753374,352748.2221294939,4026384.050719538
1628215737457745914,352748.5912488304,4026383.9388545407
1628215737589914623,352749.37351299665,4026383.712850528
1628215737649771668,352749.67077167565,4026383.5230431766
1628215737788801298,352750.48007934715,4026383.3010353143
1628215737854667182,352750.82497222605,4026383.2072825343
1628215737992655800,352751.51617355936,4026382.8310298724
1628215738052720855,352751.8518992637,4026382.7374329194
1628215738190881739,352752.4831873918,4026382.270705631
1628215738250844304,352752.82281345036,4026382.1633093515
1628215738388804318,352753.4556116068,4026381.6992420577
1628215738454652752,352753.78290461085,4026381.587965993
1628215738586620743,352754.48265476193,4026381.3592142137
1628215738664766827,352754.75577271834,4026380.9959259243
1628215738790810397,352755.4433306474,4026380.7554183714
1628215738923801576,352755.9757955604,4026380.3066672743
1628215738989822395,352756.3529595067,4026380.1537108105
1628215739115776152,352756.85786011606,4026379.7466274253
1628215739193940462,352757.28507200396,4026379.5677958056
1628215739313954429,352757.92584573047,4026379.2982979324
1628215739391806855,352758.27968332265,4026379.02427645
1628215739523758653,352758.9798947395,4026378.7095175935
1628215739583791897,352759.3068930747,4026378.561136912
1628215739721927974,352759.9924055307,4026378.113142352
1628215739793795992,352760.37622187304,4026377.9314471814
1628215739919727216,352760.95785388723,4026377.545033114
1628215739997746420,352761.3976164415,4026377.3290006695
1628215740124220564,352762.05874892755,4026376.926892323
1628215740195901497,352762.4460905955,4026376.731770479
1628215740327934548,352763.1693045191,4026376.364557469
1628215740387773487,352763.46285549656,4026376.154061407
1628215740526207843,352764.24523233995,4026375.7469632947
1628215740591638905,352764.58229985257,4026375.569785877
1628215740717904939,352765.28518590017,4026375.1421266883
1628215740795662623,352765.6825302474,4026374.929561865
1628215740927756630,352766.4649675594,4026374.4703382603
1628215740999761915,352766.8672880591,4026374.2498153034
1628215741119921172,352767.5454473569,4026373.8431455703
1628215741191808780,352767.95352296263,4026373.6147122793
1628215741317827840,352768.7133231137,4026373.185414921
1628215741401780775,352769.19138950517,4026372.901531498
1628215741521795165,352769.8991366781,4026372.5049184286
1628215741588033828,352770.3122699546,4026372.268830864
1628215741719885807,352771.10109074006,4026371.8188987696
1628215741791771252,352771.5212420469,4026371.5746963155
1628215741923778981,352772.33174672775,4026371.120428567
1628215741990053137,352772.756833342,4026370.873945024
1628215742133785964,352773.65477869636,4026370.376504153
1628215742193789238,352774.0198507846,4026370.1619856
1628215742319803519,352774.8136846067,4026369.69457345
1628215742391763409,352775.27325602906,4026369.4383487226
1628215742529687532,352776.0775039523,4026368.961543325
1628215742595776859,352776.51139262994,4026368.701482523
1628215742721831090,352777.3608765523,4026368.2137156622
1628215742793776750,352777.79918030335,4026367.949490507
1628215742925764354,352778.65993033064,4026367.4674528465
1628215742991890553,352779.1028419726,4026367.1978393462
1628215743117658222,352779.9156437168,4026366.737734909
1628215743195792920,352780.4273784594,4026366.4238607963
1628215743327771574,352781.2620543619,4026365.909551164
1628215743399840489,352781.7479547894,4026365.6385970614
1628215743525902809,352782.59022267145,4026365.1140266163
1628215743657786434,352783.48291326617,4026364.5928110573
1628215743723945910,352783.9418064705,4026364.303822053
1628215743795778940,352784.4011546386,4026364.0128721963
1628215743927892417,352785.27376958693,4026363.4622123903
1628215744054181245,352786.1309438778,4026362.9106553257
1628215744125809318,352786.601839214,4026362.60785155
1628215744197785483,352787.06622691045,4026362.306379084
1628215744323748471,352787.863054701,4026361.785205731
1628215744455976413,352788.82397445507,4026361.182935577
1628215744527838815,352789.2891936769,4026360.8738196203
1628215744659794481,352790.21104063245,4026360.3093843167
1628215744719821462,352790.61116366065,4026360.0411697784
1628215744857792430,352791.47766059416,4026359.4554578913
1628215744929873184,352792.0740679253,4026359.114144713
1628215745061792594,352792.9439397261,4026358.5241031335
1628215745121803442,352793.4009819817,4026358.2671289253
1628215745259923300,352794.33065961115,4026357.6399992476
1628215745319916694,352794.72737473605,4026357.373246634
1628215745463801815,352795.67509335023,4026356.746482013
1628215745529924929,352796.1346388209,4026356.437462838
1628215745661788330,352797.02549790894,4026355.866718719
1628215745721797613,352797.4179083564,4026355.6052274182
1628215745860075600,352798.37562269415,4026354.9920263835
1628215745925798535,352798.7664294001,4026354.7331259
1628215746057672690,352799.6089502238,4026354.1793167195
1628215746135781739,352800.1481876939,4026353.8164530834
1628215746279802515,352801.040733467,4026353.2398823416
1628215746321815647,352801.35702034296,4026353.037485411
1628215746453887060,352802.1642477404,4026352.4664535676
1628215746525769936,352802.59816807683,4026352.189303564
1628215746663926283,352803.4451426739,4026351.5859800386
1628215746723911058,352803.8097768983,4026351.35547885
1628215746855907806,352804.59222661005,4026350.865313486
1628215746927797188,352804.99165677273,4026350.54907617
1628215747065804786,352805.8139271104,4026350.0399237047
1628215747125794698,352806.13577377296,4026349.774992782
1628215747257911768,352806.87978002976,4026349.3192945784
1628215747329785660,352807.2756068745,4026349.0801458964
1628215747455856392,352807.9592463565,4026348.586288197
1628215747527806434,352808.3429695198,4026348.357660241
1628215747659804113,352808.9983328346,4026347.8905283934
1628215747725937683,352809.36997792986,4026347.6730310814
1628215747869810404,352810.04401945556,4026347.1800079914
1628215747929809242,352810.3527415065,4026347.001116664
1628215748061784468,352811.0182869434,4026346.618712961
1628215748199891681,352811.62508212344,4026346.124451892
1628215748271802268,352811.9694096658,4026345.9263398605
1628215748397818135,352812.50912018085,4026345.475394204
1628215748457846716,352812.7991044492,4026345.3009106633
1628215748607936105,352813.4794610154,4026344.889507665
1628215748668145817,352813.6880550258,4026344.578160361
1628215748799883719,352814.3123096493,4026344.185654952
1628215748859833017,352814.45547731407,4026343.8886027737
1628215749003817514,352815.09186616243,4026343.475688426
1628215749063829505,352815.3639002104,4026343.3007774535
1628215749207779579,352815.8890073053,4026342.7859313474
1628215749261922877,352816.16110361356,4026342.602108103
1628215749405821389,352816.70879166154,4026342.127650473
1628215749465815419,352816.9792218771,4026341.932869093
1628215749603899585,352817.61291083536,4026341.4777639634
1628215749663910434,352817.81429284206,4026341.2412472153
1628215749807815964,352818.4406687684,4026340.777782379
1628215749873826730,352818.6907478309,4026340.5032065986
1628215750005939492,352819.2662576582,4026340.0614801017
1628215750065927490,352819.53177497594,4026339.8559178663
1628215750203856683,352820.099320155,4026339.3207586813
1628215750275786973,352820.40759967326,4026339.0762616605
1628215750402117141,352820.9446007072,4026338.5798298176
1628215750467728881,352821.209224855,4026338.3665922848
1628215750605947626,352821.8278404672,4026337.8657224486
1628215750665866974,352822.05718033516,4026337.604377613
1628215750797936369,352822.63251498865,4026337.135249216
1628215750857928387,352822.89852076524,4026336.9207065185
1628215751007826394,352823.5164790303,4026336.347886653
1628215751067821438,352823.78000565676,4026336.1364989267
1628215751205922648,352824.34644244367,4026335.599832974
1628215751259816159,352824.5633456184,4026335.423722457
1628215751409829689,352825.18831803533,4026334.8712916486
1628215751469832108,352825.44788701186,4026334.663145064
1628215751601686794,352826.0091271455,4026334.213970899
1628215751661620119,352826.22499139677,4026333.9623156325
1628215751799929728,352826.82260961813,4026333.4801135906
1628215751877875225,352827.1193707658,4026333.1611045287
1628215752003707965,352827.627473166,4026332.756229532
1628215752129934790,352828.1391167314,4026332.2885495205
1628215752201919651,352828.431163852,4026332.0594043788
1628215752333707550,352828.97014200373,4026331.6406992325
1628215752399852302,352829.2244062069,4026331.3789312798
1628215752531848591,352829.75610646687,4026330.9728011196
1628215752603788954,352830.0413654292,4026330.758114765
1628215752723937198,352830.48200339,4026330.340957893
1628215752801866305,352830.8007358797,4026330.101899042
1628215752933818986,352831.2591506201,4026329.673148649
1628215753011744441,352831.5313755425,4026329.4725999036
1628215753131938783,352831.9772575173,4026329.057856523
1628215753203936220,352832.24238533597,4026328.866156473
1628215753335967173,352832.72845959605,4026328.5198841724
1628215753407742287,352832.93632166326,4026328.298333624
1628215753533926471,352833.4088950624,4026327.969258642
1628215753605972090,352833.66096346173,4026327.798288501
1628215753737831659,352834.05653003015,4026327.4422007804
1628215753803861006,352834.29957421136,4026327.2798068784
1628215753929724506,352834.6356488016,4026326.950547773
1628215754007968208,352834.9039509938,4026326.7732594064
1628215754139820301,352835.24812622234,4026326.437637087
1628215754206026258,352835.47407847806,4026326.29121973
1628215754337816671,352835.88868990605,4026326.0287428875
1628215754409706947,352836.0313634183,4026325.843578307
1628215754535940892,352836.42941337277,4026325.5959703457
1628215754608116370,352836.6415478204,4026325.467854323
1628215754727885682,352836.89943567663,4026325.1966255475
1628215754806173927,352837.1317124623,4026325.057852383
1628215754937968283,352837.3979005652,4026324.78123357
1628215755015677279,352837.5918310592,4026324.6674039573
1628215755130127502,352837.8039628001,4026324.4187421226
1628215755207895584,352838.0142016993,4026324.296700882
1628215755345844666,352838.350765796,4026324.1085486035
1628215755411964793,352838.42961845605,4026323.9567559473
1628215755531949008,352838.7261148263,4026323.797299643
1628215755603768328,352838.89756207075,4026323.709914227
1628215755741819506,352839.1237639906,4026323.4847564325
1628215755813703799,352839.28613115614,4026323.4062533667
1628215755933722475,352839.4286080182,4026323.213096486
1628215756000165543,352839.5812726958,4026323.1400683285
1628215756131882021,352839.7332524068,4026322.946750065
1628215756203846240,352839.87735607254,4026322.8808253976
1628215756335703371,352840.1405513651,4026322.7666740124
1628215756413959528,352840.1834911527,4026322.642957439
1628215756539795805,352840.4124695131,4026322.5498341974
1628215756605855094,352840.5457236734,4026322.4991086298
1628215756737711419,352840.6622676226,4026322.3377036056
1628215756864001751,352840.7689762892,4026322.1991099305
1628215756935970273,352840.8986440094,4026322.1456376277
1628215757007828558,352841.0298911178,4026322.0926267896
1628215757133934908,352841.13754359144,4026321.9512094418
1628215757265950474,352841.3816409103,4026321.8508103327
1628215757343822772,352841.5174628706,4026321.794059655
1628215757475866463,352841.69615565875,4026321.6589432536
1628215757535895211,352841.8222904155,4026321.6013805238
1628215757667856929,352842.01309069945,4026321.486505531
1628215757745955879,352842.19503332616,4026321.4052896732
1628215757877984419,352842.42686986685,4026321.2917929953
1628215757937899187,352842.5722443362,4026321.2279220144
1628215758069861930,352842.90127765416,4026321.085064378
1628215758141734618,352843.01190301083,4026321.054010492
1628215758279959736,352843.39550314087,4026320.8988735
1628215758333994842,352843.53878637997,4026320.843033753
1628215758471829515,352843.90606720187,4026320.7385895764
1628215758537904424,352844.1242414308,4026320.66243479
1628215758669938986,352844.50190168666,4026320.599562918
1628215758741967508,352844.74014101084,4026320.528865799
1628215758873859532,352845.1627773332,4026320.490926254
1628215758939883275,352845.42131291423,4026320.4267204916
1628215759071857877,352845.92235952575,4026320.3133518114
1628215759143864326,352846.1554759908,4026320.374945465
1628215759275855206,352846.69538592483,4026320.28594155
1628215759335702060,352846.95393229765,4026320.2493238724
1628215759473860750,352847.5332518949,4026320.313888434
1628215759545790891,352847.85512759065,4026320.290416668
1628215759677767245,352848.41159461444,4026320.3987658904
1628215759743999650,352848.7451185641,4026320.382420651
1628215759881903809,352849.3568421261,4026320.519556038
1628215759935840202,352849.602217466,4026320.5128255524
1628215760074013205,352850.30565981136,4026320.5082650343
1628215760145970287,352850.5548308155,4026320.7524496857
1628215760283936263,352851.28338685055,4026320.795925262
1628215760343831809,352851.5485653782,4026320.813822213
1628215760475869662,352852.2178504232,4026321.0737000424
1628215760547823982,352852.59916716954,4026321.1192272007
1628215760679852570,352853.1924931283,4026321.4708502013
1628215760739857505,352853.5243794389,4026321.536870365
1628215760871863336,352854.1347345399,4026321.934408411
1628215760949732051,352854.58644961717,4026322.0562557606
1628215761076019394,352855.3280401702,4026322.2657720777
1628215761135980606,352855.5443958244,4026322.6099415743
1628215761267902762,352856.28543228126,4026322.869944057
1628215761339877286,352856.686885627,4026323.0221863897
1628215761484037165,352857.3487091445,4026323.550260914
1628215761609980979,352857.96245220746,4026324.0750015033
1628215761675743754,352858.30809964833,4026324.2236138633
1628215761819870537,352859.1793319995,4026324.622093434
1628215761891737650,352859.4299562491,4026324.991865499
1628215762017736469,352860.11943594477,4026325.331357996
1628215762077745058,352860.4648593536,4026325.501825088
1628215762221879042,352861.17938893393,4026326.0792374266
1628215762281880783,352861.52291742794,4026326.2549247863
1628215762413757103,352862.1595681303,4026326.724771623
1628215762473761092,352862.50340921595,4026326.906740404
1628215762623796265,352863.2042018976,4026327.4021097906
1628215762677894860,352863.5453260029,4026327.591204911
1628215762815797737,352864.3415507461,4026328.0305709275
1628215762875789987,352864.5915444607,4026328.2639386375
1628215763019757817,352865.3790938233,4026328.7077245666
1628215763074010944,352865.71602137655,4026328.897684493
1628215763217873348,352866.4228664815,4026329.366278672
1628215763272062532,352866.7601679481,4026329.552203919
1628215763415990914,352867.49424388574,4026329.999888777
1628215763487880843,352867.89985962596,4026330.214439598
1628215763619882841,352868.59983614425,4026330.6159500647
1628215763679859446,352868.95410843473,4026330.798535437
1628215763817988812,352869.78164441045,4026331.2236982295
1628215763884005620,352870.15250036225,4026331.445736421
1628215764009915838,352870.8535026772,4026331.795349144
1628215764075976273,352871.2660284145,4026331.9981249315
1628215764219782086,352872.0562206032,4026332.4066488617
1628215764279770541,352872.42274367635,4026332.582434481
1628215764418001130,352873.26078545745,4026332.990146054
1628215764477993420,352873.63612715143,4026333.1632184805
1628215764621730334,352874.4921815299,4026333.577277236
1628215764681860377,352874.86742517294,4026333.7540135314
1628215764819965905,352875.75047028303,4026334.166271336
1628215764880018902,352876.1161062608,4026334.3446356743
1628215765017897385,352877.01449609746,4026334.7566330614
1628215765083884420,352877.4021100848,4026334.9331594277
1628215765209866291,352878.22716103576,4026335.3261382375
1628215765282034886,352878.6828345355,4026335.534712606
1628215765419905316,352879.59015446156,4026335.964503176
1628215765497765932,352880.0510909766,4026336.1784204477
1628215765611868861,352880.8309897849,4026336.5558695374
1628215765749995977,352881.7638063041,4026336.9929179517
1628215765827875782,352882.23328412673,4026337.2134042624
1628215765941913458,352883.0253347229,4026337.6074320893
1628215766013871359,352883.49804574077,4026337.834577517
1628215766145830290,352884.3649132929,4026338.2713420712
1628215766224002417,352884.9086385101,4026338.539213533
1628215766349762520,352885.72938596737,4026338.947464026
1628215766421764709,352886.19726086163,4026339.19532183
1628215766553903732,352887.16243091924,4026339.688096582
1628215766619759500,352887.55769304855,4026339.910270442
1628215766752042488,352888.4519066833,4026340.381910882
1628215766817870869,352888.9336075521,4026340.639360868
1628215766943911571,352889.808226184,4026341.140875482
1628215767022233313,352890.36272877373,4026341.4468337917
1628215767147797254,352891.16481449525,4026341.9147895128
1628215767225993096,352891.71880875074,4026342.2263107994
1628215767357881348,352892.5885024731,4026342.7514081034
1628215767417917468,352893.00359161745,4026342.9928991417
1628215767549815555,352893.9043236189,4026343.522291463
1628215767616130968,352894.3587661011,4026343.8116379785
1628215767747984061,352895.26151582715,4026344.3520436725
1628215767819877116,352895.74853921356,4026344.64712383
1628215767945924951,352896.61361639,4026345.1906106537
1628215768018005776,352897.10234183964,4026345.4852957716
1628215768155807432,352897.96504951734,4026346.0370627916
1628215768227989970,352898.52672628727,4026346.3760422817
1628215768341774063,352899.301245351,4026346.8429408045
1628215768419907993,352899.8293972401,4026347.1888982747
1628215768551825511,352900.74673834536,4026347.7462689173
1628215768623827687,352901.2038647928,4026348.048143598
1628215768743891129,352902.0509957085,4026348.567216064
1628215768821920561,352902.61730512173,4026348.91441804
1628215768953773747,352903.49747094314,4026349.480354712
1628215769025777019,352903.99333137344,4026349.7895676834
1628215769152014362,352904.8682517675,4026350.3584011802
1628215769223883399,352905.35893059603,4026350.6711201975
1628215769355797199,352906.27007110964,4026351.2551472546
1628215769422059506,352906.72293980746,4026351.5565451654
1628215769542009406,352907.5578922027,4026352.098408151
1628215769619686483,352908.0175364739,4026352.3985314257
1628215769751932541,352908.96607843414,4026353.031851186
1628215769823907163,352909.43576720625,4026353.347551276
1628215769949783000,352910.22286181955,4026353.86324905
1628215770076054774,352911.082070892,4026354.4516982134
1628215770153950484,352911.59274492203,4026354.7743321676
1628215770225891422,352912.0476420435,4026355.089184836
1628215770345914368,352912.8201006475,4026355.6325363843
1628215770483955132,352913.70734226704,4026356.213612886
1628215770556017999,352914.15086041915,4026356.5266446313
1628215770687916067,352914.96174375503,4026357.051033347
1628215770747918189,352915.33525150036,4026357.317523504
1628215770885997965,352916.19528550585,4026357.872816663
1628215770958027019,352916.61967416556,4026358.1806800137
1628215771101908163,352917.4585854331,4026358.7944990224
1628215771144099548,352917.7688574123,4026358.9326666296
1628215771287915014,352918.591874884,4026359.542727161
1628215771353820826,352918.94060175616,4026359.8041448747
1628215771491919846,352919.76942088746,4026360.329267176
1628215771551896327,352920.1124195172,4026360.588951089
1628215771683798938,352920.8737543563,4026361.0680382517
1628215771749918789,352921.25785825774,4026361.369139235
1628215771888018446,352922.0396761858,4026361.865518179
1628215771948013525,352922.35793090344,4026362.1184809804
1628215772085783368,352923.03937516495,4026362.6664910815
1628215772151925055,352923.41392186284,4026362.8371376195
1628215772290075710,352924.1245802529,4026363.423104522
1628215772355830816,352924.41996604984,4026363.676211421
1628215772482003417,352925.0665075043,4026364.06148212
1628215772559887379,352925.3959549332,4026364.3423925797
1628215772691960840,352926.07567012473,4026364.7609141422
1628215772751962164,352926.3507402056,4026364.9994121436
1628215772884058096,352926.97972101124,4026365.3672196046
1628215772962025597,352927.3420843051,4026365.6803477006
1628215773099838857,352927.922067523,4026366.1838151044
1628215773142005272,352928.1939027173,4026366.2222925
1628215773285907130,352928.79028229584,4026366.7517270814
1628215773357788107,352929.0868334364,4026367.017998096
1628215773496037693,352929.7557041645,4026367.35900534
1628215773556049344,352930.0133412847,4026367.583516947
1628215773687911916,352930.6241925525,4026367.922152046
1628215773754110078,352930.93007041025,4026368.1814898374
1628215773885928094,352931.5594490167,4026368.4529762636
1628215773957823288,352931.85445592256,4026368.7004134962
1628215774084423128,352932.4005137109,4026369.165027822
1628215774155968190,352932.76707415015,4026369.204522148
1628215774287929993,352933.3257900494,4026369.663184314
1628215774354242606,352933.6312595674,4026369.910382988
1628215774486014015,352934.2770533237,4026370.1222030995
1628215774558050270,352934.59538869595,4026370.362652601
1628215774689933260,352935.2379802433,4026370.6085241074
1628215774821804132,352935.829375964,4026371.048198938
1628215774881799953,352936.1631606787,4026371.0810474525
1628215775031910847,352936.85652018036,4026371.5774031086
1628215775103884469,352937.18347414304,4026371.808978292
1628215775229926095,352937.84447386477,4026372.091708396
1628215775290051733,352938.1278479645,4026372.2884393525
1628215775422036896,352938.80101657513,4026372.5905555063
1628215775493804604,352939.13401554665,4026372.8178166896
1628215775631956212,352939.84160024987,4026373.1823378215
1628215775691920853,352940.1286127876,4026373.375222863
1628215775830066016,352940.7991756401,4026373.8272264316
1628215775902042895,352941.1796177054,4026373.9573679045
1628215776034064175,352941.8062650432,4026374.3752043573
1628215776087932701,352942.04727883433,4026374.535910771
1628215776232078356,352942.8256799084,4026374.9335934506
1628215776292064450,352943.1156117222,4026375.12453693
1628215776435921865,352943.85169050307,4026375.5079841875
1628215776484070099,352944.0926325746,4026375.667165975
1628215776634075411,352944.86172187317,4026376.0958299735
1628215776694066874,352945.1503480178,4026376.2850256367
1628215776826074756,352945.77445477544,4026376.6961304964
1628215776886060571,352946.10682468675,4026376.838135511
1628215777035933554,352946.82435114775,4026377.313695799
1628215777107876260,352947.15735667245,4026377.53833262
1628215777228017569,352947.77660772623,4026377.8800001796
1628215777282117306,352948.0610453796,4026378.071098091
1628215777425972720,352948.7659020985,4026378.4705787236
1628215777497969618,352949.0942168074,4026378.692914824
1628215777629826239,352949.7343543853,4026379.072619608
1628215777689826471,352950.01170534466,4026379.2627392025
1628215777828101978,352950.65449453145,4026379.700810369
1628215777888046163,352950.96482137963,4026379.8552137134
1628215778031825772,352951.5964533008,4026380.2903614608
1628215778097832144,352951.8645825909,4026380.477768925
1628215778230081186,352952.518213656,4026380.8596253083
1628215778290074415,352952.77745785983,4026381.0429110723
1628215778427994450,352953.40209030797,4026381.4187288033
1628215778487962812,352953.65545239625,4026381.5957056475
1628215778637847386,352954.2700195004,4026381.9674217403
1628215778698363849,352954.56679631164,4026382.1806495786
1628215778823947732,352955.0739306202,4026382.5539447465
1628215778890004220,352955.3878965115,4026382.7113993145
1628215779033838640,352955.9899215867,4026383.119522627
1628215779105836561,352956.2839818953,4026383.320467376
1628215779237840304,352956.8438525994,4026383.669063715
1628215779363950566,352957.38513203454,4026384.0665601264
1628215779435848831,352957.7042813491,4026384.2213022695
1628215779555839314,352958.2192189521,4026384.578595865
1628215779634062071,352958.5811752861,4026384.7855907334
1628215779765933809,352959.1606491591,4026385.166508735
1628215779837850779,352959.4728101257,4026385.375630408
1628215779957900953,352959.98455158825,4026385.67597085
1628215780036081360,352960.33728755615,4026385.9116870356
1628215780161950118,352960.86216262454,4026386.217236846
1628215780233989248,352961.21607111115,4026386.4486606577
1628215780359955826,352961.7477458393,4026386.7984681996
1628215780432260161,352962.1066079505,4026386.995933085
1628215780564091787,352962.6841655273,4026387.374198249
1628215780636002671,352962.9981382975,4026387.545508102
1628215780756073623,352963.53402746713,4026387.891643115
1628215780827964263,352963.84750208206,4026388.093784557
1628215780959964029,352964.43232277513,4026388.4342674594
1628215781031968736,352964.7465949706,4026388.6382875075
1628215781158063862,352965.3273006417,4026388.9735912136
1628215781229963791,352965.6411857331,4026389.175481607
1628215781356329642,352966.2240458244,4026389.5504221166
1628215781440087652,352966.58302276826,4026389.7483735154
1628215781560039651,352967.1177750225,4026390.0957487477
1628215781637989016,352967.48081310175,4026390.299307603
1628215781769940583,352968.04967143305,4026390.672288529
1628215781841958582,352968.3530755103,4026390.872220612
1628215781961829417,352968.8766414277,4026391.187986083
1628215782033959740,352969.1696431736,4026391.3827235512
1628215782165853030,352969.7119142544,4026391.7205107925
1628215782243875985,352970.0505253816,4026391.9491427257
1628215782363893767,352970.55933766445,4026392.2932961714
1628215782430019213,352970.8678647356,4026392.4601210086
1628215782573976596,352971.44041188154,4026392.8434766824
1628215782633973209,352971.7102724167,4026392.9853836377
1628215782766002823,352972.2279357723,4026393.339702043
1628215782832069497,352972.5034443103,4026393.532966407
1628215782964062427,352973.0465669263,4026393.852306569
1628215783041855215,352973.329035198,4026394.0419127843
1628215783162011896,352973.86903480603,4026394.3498922805
1628215783233970166,352974.15998429526,4026394.537218357
1628215783359888077,352974.6586350404,4026394.8583508246
1628215783437957826,352975.0055762718,4026395.048327974
1628215783564000369,352975.55000623636,4026395.396149842
1628215783695953512,352976.0944820284,4026395.7220590953
1628215783767845079,352976.39074317407,4026395.9092951147
1628215783894093151,352976.95855534414,4026396.234747416
1628215783966064719,352977.255779912,4026396.41983086
1628215784097971610,352977.80903758004,4026396.761765707
1628215784157976295,352978.08979092794,4026396.913497903
1628215784296094548,352978.69194414886,4026397.2834731177
1628215784361849528,352978.9497667547,4026397.442064221
1628215784505841452,352979.5725608134,4026397.801740427
1628215784566050596,352979.87306555203,4026397.984876188
1628215784710111231,352980.50710532663,4026398.3558974233
1628215784758110332,352980.72605522384,4026398.484935396
1628215784901962137,352981.3543235087,4026398.845068162
1628215784968021510,352981.6643177095,4026399.0217562797
1628215785100128139,352982.2414978121,4026399.345951316
1628215785159982017,352982.5392004892,4026399.5127160624
1628215785303982621,352983.16443242785,4026399.8478147388
1628215785363944438,352983.4334573539,4026399.98790514
1628215785501967868,352984.11015717586,4026400.336901298
1628215785561958765,352984.38407095266,4026400.4728193767
1628215785700081573,352985.064587719,4026400.80606463
1628215785772064832,352985.3886875328,4026400.956512275
1628215785903985762,352986.02789805224,4026401.243949119
1628215785969882392,352986.3089174741,4026401.3627787298
1628215786095894190,352986.92098035454,4026401.6068525054
1628215786162108176,352987.3194946601,4026401.7843582868
1628215786300404449,352987.9872476827,4026402.0188201717
1628215786365854832,352988.3801738105,4026402.1483245636
1628215786503976024,352989.05463939795,4026402.3502015653
1628215786570350707,352989.39219982293,4026402.442742099
1628215786714022494,352990.1658503132,4026402.632316141
1628215786767970167,352990.4094530754,4026402.6861061295
1628215786894279187,352991.15418236854,4026402.8242294355
1628215786965973402,352991.4964716173,4026402.8750633704
1628215787109993056,352992.1722763587,4026402.953930657
1628215787164224345,352992.5954913115,4026402.999729493
1628215787296152221,352993.22394936875,4026403.0419241353
1628215787367994184,352993.74713027605,4026403.0755898827
1628215787499865815,352994.37493088836,4026403.0676242933
1628215787566104133,352994.70849392214,4026403.0493917516
1628215787698212025,352995.5123781911,4026403.0140855513
1628215787775998105,352995.89418567927,4026402.973366829
1628215787907972307,352996.7582944435,4026402.897304662
1628215788040113225,352997.37731994264,4026402.785910337
1628215788105910501,352997.66136869136,4026402.7262201
1628215788238025355,352998.611346785,4026402.5758245112
1628215788310010455,352998.94657573896,4026402.4846870704
1628215788441846490,352999.90567400097,4026402.2955012107
1628215788501891737,353000.19820904423,4026402.2056374517
1628215788640113579,353001.1647119904,4026401.9759203843
1628215788712107367,353001.5101027207,4026401.856351054
1628215788832129315,353002.09614811884,4026401.63607931
1628215788903973104,353002.7492251983,4026401.48187089
1628215789041970520,353003.44670385,4026401.1978184497
1628215789101978149,353003.7434785747,4026401.0717496686
1628215789240093407,353004.74341764156,4026400.734042692
1628215789305977020,353005.0434692038,4026400.5974202035
1628215789449997886,353006.02377024497,4026400.224767813
1628215789503981265,353006.32178617467,4026400.075850663
1628215789647861629,353007.19172733725,4026399.6821821597
1628215789702243994,353007.47985005926,4026399.5223243604
1628215789845860538,353008.1352131311,4026399.14377086
1628215789906004448,353008.62515014363,4026398.929280413
1628215790043911967,353009.22205043974,4026398.561545539
1628215790098135650,353009.4902775831,4026398.3879870763
1628215790247985181,353010.39353267476,4026397.8668602617
1628215790320011260,353010.6975575789,4026397.653814735
1628215790446012436,353011.45096006384,4026397.1612313883
1628215790506006031,353011.70456200844,4026396.9713193495
1628215790644388103,353012.40097613016,4026396.454372955
1628215790709991759,353012.6451188828,4026396.2579685003
1628215790842010969,353013.16494329774,4026395.829040708
1628215790896051425,353013.5323351892,4026395.526845641
1628215791046132040,353014.118333095,4026395.017937068
1628215791106144895,353014.34878038877,4026394.816027621
1628215791250015996,353015.0368674705,4026394.2322663963
1628215792240067211,353019.05230793834,4026390.6209605206
1628215792312014330,353019.30995963875,4026390.413645848
1628215792443880677,353019.7611627683,4026389.9277763837
1628215792570170369,353020.2199315969,4026389.5436474225
1628215792653903973,353020.4480713713,4026389.2742716586
1628215792774127801,353020.91222612734,4026388.88046875
1628215792845876869,353021.16770129174,4026388.6637915396
1628215792983891422,353021.5982046755,4026388.2029317818
1628215793044012132,353021.85507211735,4026387.9729862004
1628215793175927149,353022.2948452373,4026387.500921755
1628215793247925425,353022.54566410545,4026387.2712619035
1628215793379996410,353022.99540446384,4026386.8048268324
1628215793446020583,353023.25497164787,4026386.56830467
1628215793578171279,353023.7429947923,4026386.119714134
1628215793649885692,353023.96688771184,4026385.872505483
1628215793776144218,353024.45977798675,4026385.391300333
1628215793848161989,353024.72662198637,4026385.1261510532
1628215793979947100,353025.1881857917,4026384.660980417
1628215794046125224,353025.45854913816,4026384.3961987155
1628215794178127598,353025.95606665115,4026383.9132061703
1628215794250015597,353026.2295925374,4026383.6372012952
1628215794370007013,353026.69749225874,4026383.174730928
1628215794448021518,353027.0192053898,4026382.8496904215
1628215794579957094,353027.5499557886,4026382.314620039
1628215794645885779,353027.78790763597,4026382.0956767662
1628215794772176575,353028.32401229977,4026381.5486136307
1628215794849992712,353028.6572119683,4026381.2061052197
1628215794970021636,353029.1723328302,4026380.734777318
1628215795048159487,353029.51516095886,4026380.38624619
1628215795180148591,353030.093262598,4026379.875397518
1628215795251985081,353030.4004356432,4026379.5654354785
1628215795383895004,353031.00038517406,4026379.03810284
1628215795450142880,353031.3155630828,4026378.724220843
1628215795570130975,353031.8605593435,4026378.1823172537
1628215795647877158,353032.2040084646,4026377.9230100936
1628215795774024582,353032.8065345908,4026377.3332552714
1628215795858006751,353033.1797287022,4026376.9680347615
1628215795972024375,353033.76933403034,4026376.4836639008
1628215796044111513,353034.0982899133,4026376.161918846
1628215796182251412,353034.78522534115,4026375.58745632
1628215796254019198,353035.11858948285,4026375.2656365405
1628215796374029756,353035.7244060966,4026374.7729341355
1628215796445859492,353036.06188879255,4026374.4497017544
1628215796584161668,353036.73732478573,4026373.7979189334
1628215796649900129,353037.05866308336,4026373.5784771815
1628215796782015115,353037.68892389524,4026372.9695753665
1628215796907884384,353038.36528258433,4026372.430205033
1628215796979887768,353038.7083234471,4026372.099798337
1628215797178030873,353039.71841107804,4026371.2137607355
1628215797310039353,353040.35890167207,4026370.5877176733
1628215797376377870,353040.7318600062,4026370.313139727
1628215797508134102,353041.37844835245,4026369.681378033
1628215797580032278,353041.7272569507,4026369.337934052
1628215797706099217,353042.411312022,4026368.766755936
1628215797778029207,353042.7640789187,4026368.423244868
1628215797909887756,353043.4441442356,4026367.84127013
1628215797976200087,353043.79821988696,4026367.4975538044
1628215798108107142,353044.49752881366,4026366.9306338155
1628215798180035786,353044.8529036392,4026366.5852475367
1628215798318132884,353045.562437208,4026365.8911386817
1628215798378115808,353045.8984412657,4026365.655884422
1628215798515896497,353046.5610724076,4026365.00987387
1628215798576491837,353046.918109959,4026364.6608583718
1628215798713894447,353047.61116779165,4026364.0707900235
1628215798773901684,353047.91821327,4026363.7707796735
1628215798912161157,353048.66751697287,4026363.130684719
1628215798983921213,353049.0270530031,4026362.7827866226
1628215799110077826,353049.7319623112,4026362.195630295
1628215799182031243,353050.09302183735,4026361.8498426653
1628215799313916125,353050.7619126016,4026361.2040314884
1628215799386187961,353051.1563912983,4026360.932751213
1628215799512080753,353051.82499972667,4026360.294574393
1628215799584040958,353052.18565715896,4026359.9502585367
1628215799710280161,353052.888485375,4026359.3649688563
1628215799782146581,353053.252952337,4026359.02125984
1628215799926047047,353054.011733311,4026358.384849924
1628215799985917663,353054.27412364667,4026358.140834534
1628215800106043744,353054.9563981185,4026357.5099946624
1628215800184152113,353055.4056991927,4026357.17626078
1628215800328028053,353056.145232453,4026356.509232318
1628215800376157480,353056.43370950693,4026356.313114981
1628215800514067738,353057.17654544435,4026355.651890048
1628215800580046528,353057.4960331354,4026355.370712248
1628215800718153692,353058.26137352985,4026354.759826547
1628215800778175376,353058.58665645716,4026354.4870344936
1628215800916103931,353059.347071531,4026353.8929562354
1628215800982064483,353059.6754673067,4026353.6273747026
1628215801120051603,353060.42906782974,4026353.0489152046
1628215801258138946,353061.2002800715,4026352.44641419
1628215801311976784,353061.4775015664,4026352.2334589087
1628215801462003785,353062.2848286311,4026351.6493887464
1628215801521923916,353062.6206480527,4026351.4000390456
1628215801648182409,353063.32320598804,4026350.897702547
1628215801708153481,353063.66188097186,4026350.6520886864
1628215801851909176,353064.45618005213,4026350.078920931
1628215801936002474,353064.8684045576,4026349.7941566687
1628215802050176012,353065.551429394,4026349.3096078383
1628215802110154912,353065.8465334999,4026349.108373524
1628215802254056050,353066.64220177097,4026348.548000288
1628215802320096569,353067.04092004336,4026348.2666390273
1628215802452055986,353067.7335768762,4026347.7899837773
1628215802512056477,353068.0784923043,4026347.549757509
1628215802662170561,353068.8967842852,4026346.9968134495
1628215802716058244,353069.18582861294,4026346.7981234435
1628215802859946290,353069.9977306039,4026346.241747773
1628215802914181860,353070.2933400548,4026346.051857713
1628215803064145691,353071.1696706491,4026345.4596602824
1628215803112173188,353071.4071838201,4026345.3141518454
1628215803256037688,353072.2305183832,4026344.7661275542
1628215803315951930,353072.5851520039,4026344.5312299132
1628215803461396596,353073.3596809576,4026344.0320074577
1628215803515254037,353073.715871009,4026343.798914548
1628215803653321001,353074.49120304285,4026343.294856754
1628215803713282152,353074.84979608224,4026343.063554225
1628215803857230700,353075.6916985393,4026342.522661814
1628215803935259301,353076.08723656094,4026342.258872201
1628215804055455229,353076.8090266045,4026341.795578874
1628215804115283048,353077.1038061087,4026341.609365284
1628215804259225416,353077.94852615014,4026341.0807545665
1628215804325417003,353078.37409587903,4026340.8176765684
1628215804457315849,353079.0859224587,4026340.3800043166
1628215804517282067,353079.4510306123,4026340.1527419565
1628215804655675866,353080.2445943934,4026339.6688225763
1628215804721323726,353080.61310657277,4026339.4447984854
1628215804853299376,353081.41258876456,4026338.96077887
1628215804925309625,353081.76601207536,4026338.7480581496
1628215805057448963,353082.62917787675,4026338.229267108
1628215805123133599,353082.9339103983,4026338.058632212
1628215805261321111,353083.80254080216,4026337.5440211464
1628215805465221353,353084.9921362569,4026336.8735149414
1628215805579817766,353085.74625255156,4026336.4395818627
1628215805663282262,353086.19786492083,4026336.211890744
1628215805789300082,353087.01916317944,4026335.7456904594
1628215805861197332,353087.41477441986,4026335.5464760424
1628215805981206433,353088.17744911625,4026335.1160602304
1628215806053407360,353088.6245754274,4026334.8649465176
1628215806185310003,353089.41962581757,4026334.4565041205
1628215806263180947,353089.9353173298,4026334.1723673
1628215806389303206,353090.6742250367,4026333.8056488093
1628215806461401064,353091.1931344271,4026333.5209692265
1628215806587059305,353091.9766008126,4026333.09386341
1628215806659161285,353092.4018547754,4026332.8931090543
1628215806785173135,353093.25432103185,4026332.434315625
1628215806863407372,353093.7384377528,4026332.2118722424
1628215806995414986,353094.58961237356,4026331.750232166
1628215807067310334,353095.04990072607,4026331.5010319096
1628215807187305326,353095.7887542214,4026331.1405404466
1628215807265183345,353096.3157365701,4026330.8577385037
1628215807397202120,353097.1339717081,4026330.4524438595
1628215807457285249,353097.5280198599,4026330.238851979
1628215807589318324,353098.38688666024,4026329.773724917
1628215807655256412,353098.81343530654,4026329.581371885
1628215807787187699,353099.67657330853,4026329.1184308724
1628215807859173235,353100.11892332335,4026328.9306928865
1628215807985382733,353100.9815256637,4026328.4698973442
1628215808057406405,353101.44765446003,4026328.222734685
1628215808189162410,353102.29575368756,4026327.8280427842
1628215808261198250,353102.764334484,4026327.585111137
1628215808393082114,353103.60124279605,4026327.1899987296
1628215808459413573,353104.07017695915,4026326.950357099
1628215808597557736,353105.00690371,4026326.475731994
1628215808663205694,353105.39245781826,4026326.319536068
1628215808801186758,353106.32764108205,4026325.8591586165
1628215808861406912,353106.7058007702,4026325.711388975
1628215809011187479,353107.7048877847,4026325.229664473
1628215809071208926,353108.10505220736,4026325.0397733743
1628215809203167935,353108.937118166,4026324.6699513807
1628215809269599740,353109.4016492703,4026324.4527237983
1628215809401416705,353110.2249720873,4026324.086468153
1628215809461413941,353110.62188303715,4026323.90536045
1628215809593443105,353111.4808598894,4026323.516405565
1628215809665195261,353111.88648749376,4026323.3274596464
1628215809809125691,353112.8056928336,4026322.919966644
1628215809863391284,353113.1457870413,4026322.7462309604
1628215809996089844,353113.99756125367,4026322.3779064612
1628215810128025800,353114.7868449688,4026322.018881187
1628215810206214540,353115.3085471429,4026321.7980602635
1628215810266203507,353115.69904859166,4026321.6339683677
1628215810398065029,353116.4638337436,4026321.268949778
1628215810524110925,353117.3098611727,4026320.927029463
1628215810607976601,353117.83118347137,4026320.7179950457
1628215810667958831,353118.1299894074,4026320.549598169
1628215810794247361,353118.97435902327,4026320.213382453
1628215810926124507,353119.74265795544,4026319.87741868
1628215811004006204,353120.1983567063,4026319.6989770774
1628215811069960638,353120.65527936816,4026319.522528935
1628215811196188748,353121.41212710075,4026319.2076947
1628215811334260444,353122.2622183105,4026318.890364464
1628215811400099969,353122.6584429642,4026318.7650556862
1628215811532050659,353123.51111443166,4026318.459522785
1628215811591964123,353123.906356664,4026318.3194600563
1628215811730186888,353124.81904559955,4026318.064851431
1628215811808145003,353125.34962010523,4026317.884957837
1628215811940088767,353126.1224962069,4026317.6407759367
1628215812000091784,353126.51740037475,4026317.50956925
1628215812132015859,353127.30134119024,4026317.2790550357
1628215812210118868,353127.82428034494,4026317.1077749925
1628215812331439603,353128.61059397506,4026316.8534167223
1628215812391374170,353128.942218369,4026316.766862289
1628215812529133647,353129.79218399455,4026316.4997063666
1628215812595306135,353130.24910551147,4026316.357377775
1628215812733137606,353131.0893261647,4026316.1075992533
1628215812799281130,353131.4779197443,4026315.9911483517
1628215812925235583,353132.21706296614,4026315.729960459
1628215812991218526,353132.66654843476,4026315.596303046
1628215813135179656,353133.4506999317,4026315.3151871623
1628215813195143940,353133.83441638417,4026315.2017487525
1628215813321340922,353134.6669958348,4026314.9575322852
1628215813405282485,353135.10774144914,4026314.8141353363
1628215813543157525,353135.9916096943,4026314.5541569698
1628215813603268050,353136.3067052881,4026314.462817002
1628215813723418007,353137.0220287147,4026314.193366172
1628215813795374802,353137.46249184763,4026314.0684069423
1628215813934230727,353138.24339620303,4026313.7820364274
1628215813995338163,353138.61631263624,4026313.6768380054
1628215814127238311,353139.31704699853,4026313.3973195874
1628215814193152670,353139.742343975,4026313.2750589554
1628215814344027782,353140.5950002731,4026313.0414892426
1628215814470100853,353141.2707363025,4026312.7543989834
1628215814518217087,353141.57046232105,4026312.6690570647
1628215814602095884,353142.04517245985,4026312.5292963088
1628215814728142168,353142.7313785889,4026312.2640016004
1628215814866198811,353143.4666382425,4026311.96809012
1628215814932127928,353143.8200615414,4026311.8758567083
1628215815076022921,353144.6248530438,4026311.6503008436
1628215815130262120,353144.8318599144,4026311.4471444427
1628215815268220903,353145.62711865,4026311.2307835305
1628215815328894462,353145.9705347606,4026311.1458609966
1628215815472115503,353146.6073179138,4026310.790338824
1628215815538130923,353146.98663709336,4026310.6857036552
1628215815670225861,353147.54528330476,4026310.3957764786
1628215815730215840,353147.8619466305,4026310.309598414
1628215815874099042,353148.50705951673,4026310.0449395776
1628215815934116804,353148.81824276655,4026309.9658125034
1628215816072110449,353149.5328098929,4026309.784938484
1628215816132113748,353149.70242704195,4026309.6226994847
1628215816270267886,353150.38354824635,4026309.4516697964
1628215816348254467,353150.72184347274,4026309.374280607
1628215816474111577,353151.2428657486,4026309.160065315
1628215816534079656,353151.5163510068,4026309.1036721705
1628215816672202397,353152.0581765728,4026308.8880667663
1628215816744267004,353152.3712983544,4026308.8170857653
1628215816882334744,353152.8888189107,4026308.579003894
1628215816936127798,353153.11249524937,4026308.5320609566
1628215817068002645,353153.6932287538,4026308.415528757
1628215817140178771,353153.90260662086,4026308.2352208258
1628215817266249060,353154.4548233689,4026308.1042792164
1628215817338106414,353154.74506153114,4026308.0352730397
1628215817476097350,353155.2505478185,4026307.788422996
1628215817548241019,353155.5296303695,4026307.714784069
1628215817668201176,353155.94895818515,4026307.4932591603
1628215817733995695,353156.1830577989,4026307.4320404003
1628215817878103823,353156.6967998471,4026307.183463608
1628215817938125233,353156.90937674046,4026307.1072896216
1628215818076247052,353157.3865106967,4026306.9061476965
1628215818129998770,353157.50359424367,4026306.6934069903
1628215818268142416,353157.9425080158,4026306.455375788
1628215818352032418,353158.1806377783,4026306.311446338
1628215818471978874,353158.48289564886,4026305.912704414
1628215818532035758,353158.64153521205,4026305.788737959
1628215818670246208,353158.9692866964,4026305.3718636553
1628215818748165524,353159.14315879514,4026305.187885045
1628215818880413192,353159.3970820141,4026304.743330913
1628215818933963428,353159.480939014,4026304.619105862
1628215819072234939,353159.6827049037,4026304.269613819
1628215819150028927,353159.77899968106,4026303.9465675666
1628215819270171709,353159.90793564636,4026303.619306027
1628215819335973263,353159.9557590802,4026303.470178657
1628215819474248933,353160.08567977883,4026302.8543842975
1628215819540260292,353160.11809478805,4026302.674756007
1628215819672170078,353160.2406293097,4026302.03186486
1628215819816044049,353160.28949060023,4026301.6783721102
1628215819876030362,353160.38855707704,4026301.1038114843
1628215820003134990,353160.4032309165,4026300.752423975
1628215820075122732,353160.4095802717,4026300.5634716735
1628215820213262633,353160.5525169929,4026299.5695842397
1628215820273146765,353160.56229447084,4026299.388447461
1628215820405105704,353160.7004888257,4026298.3416003063
1628215820477135476,353160.7018312892,4026298.106589801
1628215820609006877,353160.68418469466,4026297.670299906
1628215820675292716,353160.74765496614,4026296.9949010382
1628215820813179419,353160.74807290046,4026296.487442481
1628215820885013609,353160.7629085356,4026295.897097154
1628215821006257160,353160.7476415814,4026295.403149159
1628215821078286859,353160.7296717841,4026295.1305627036
1628215821210118466,353160.6912859081,4026294.332987262
1628215821270001965,353160.675573836,4026294.0792836384
1628215821419995288,353160.646412989,4026293.2300376715
1628215821480116444,353160.62971309875,4026292.956758305
1628215821606050329,353160.58081281255,4026292.3922735765
1628215821672143076,353160.5712588044,4026291.9455315
1628215821810285301,353160.50666478195,4026291.2724859244
1628215821881990711,353160.5276785685,4026290.8252258473
1628215822008245820,353160.4717207649,4026290.172908161
1628215822080285527,353160.4395380607,4026289.8143190034
1628215822224016042,353160.4642353478,4026288.983874919
1628215822283998021,353160.4313946053,4026288.6647870615
1628215822404140479,353160.49517505936,4026287.9311548145
1628215822482246432,353160.4540713298,4026287.493614462
1628215822596047168,353160.39463617385,4026286.886400111
1628215822680187171,353160.489173657,4026286.3155784025
1628215822800201474,353160.4268779723,4026285.6395031307
1628215822878006310,353160.577830626,4026285.172645919
1628215823004225681,353160.5135410202,4026284.4248263612
1628215823076145734,353160.4790011052,4026284.0189744225
1628215823202169979,353160.6308210741,4026283.1963249613
1628215823334150925,353160.5701985335,4026282.4272028124
1628215823406029357,353160.7095609631,4026281.979585179
1628215823472296167,353160.6789841218,4026281.5599940675
1628215823604187815,353160.6160136211,4026280.7765683
1628215823736151294,353160.68613176665,4026279.953228146
1628215823808096766,353160.6553817233,4026279.525217035
1628215823934251095,353160.747566937,4026278.6958266087
1628215824006232688,353160.72129624523,4026278.26023219
1628215824138051455,353160.7833748391,4026277.444169466
1628215824210057729,353160.763187429,4026277.0020021675
1628215824342068071,353160.73035932024,4026276.1731432816
1628215824396280138,353160.8441156569,4026275.7919392535
1628215824534187172,353160.8239188285,4026274.888219564
1628215824612133210,353160.8186027586,4026274.432250317
1628215824750028083,353160.9378100573,4026273.5227503013
1628215824810037866,353160.94406062464,4026273.1262780395
1628215824942153922,353161.1021079653,4026272.2767283777
1628215825014318316,353161.1297913077,4026271.806161702
1628215825152032363,353161.3321034976,4026270.891896451
1628215825200152071,353161.3621873258,4026270.550379769
1628215825338030167,353161.45360092574,4026269.6520320177
1628215825410277835,353161.67188450624,4026269.140027082
1628215825542154724,353161.8147180259,4026268.2246335098
1628215825608100107,353161.88662775257,4026267.7987280115
1628215825740250945,353162.2075795477,4026266.8760436047
1628215825812267219,353162.3116318203,4026266.375068753
1628215825938524131,353162.6842668435,4026265.5256059966
1628215826010202404,353162.81158376456,4026265.020818915
1628215826130312914,353163.20660115825,4026264.2667420395
1628215826208177359,353163.35395210964,4026263.7583805844
1628215826340036179,353163.64553316165,4026262.806896783
1628215826400200192,353163.9778627913,4026262.444877406
1628215826544165156,353164.33337415603,4026261.423156773
1628215826616076587,353164.65577853774,4026261.059779719
1628215826754276336,353165.0462936006,4026260.037282868
1628215826814194417,353165.2196346259,4026259.597695617
1628215826934188812,353165.728603047,4026258.915052952
1628215827018124700,353165.9778498119,4026258.330379196
1628215827156288024,353166.5916826759,4026257.5728387833
1628215827204272900,353166.75516549195,4026257.211483376
1628215827408169216,353167.61817501055,4026256.090220018
1628215827546273715,353168.11046010803,4026255.085713402
1628215827678300367,353168.7362005779,4026254.438385107
1628215827738274689,353168.95581103803,4026254.010037969
1628215827816195001,353169.2503223852,4026253.4358279086
1628215828080331118,353170.37354847474,4026251.8729563165
1628215828140269035,353170.72570327134,4026251.707502709
1628215828284153558,353171.2724339919,4026250.714097796
1628215828344154396,353171.50862234604,4026250.286202259
1628215828482037305,353172.1706767084,4026249.5028815833
1628215828542272099,353172.4133768137,4026249.0765847387
1628215828680255586,353173.04712780286,4026248.2491265745
1628215828758043782,353173.3348290653,4026247.753829255
1628215828884045044,353173.91441626067,4026246.9858832713
1628215828944089242,353174.16110102576,4026246.564218721
1628215829088311372,353174.7385180512,4026245.5763366576
1628215829148257321,353175.0603911275,4026245.2220633803
1628215829286153806,353175.59926899255,4026244.3117394666
1628215829346166150,353175.8487148018,4026243.890028192
1628215829484287449,353176.4716994667,4026243.0403526146
1628215829544296523,353176.7226564726,4026242.6222779113
1628215829682213922,353177.33305427874,4026241.7915536584
1628215829742205293,353177.58508012583,4026241.3771230197
1628215829886044760,353178.18673205574,4026240.5146863516
1628215829952080944,353178.43867007387,4026240.102271412
1628215830090180588,353179.02677777025,4026239.1437498596
1628215830144218800,353179.26538261265,4026238.827814266
1628215830282739964,353179.85208661685,4026237.8782888213
1628215830348051371,353180.1027874147,4026237.4738905877
1628215830474275755,353180.63746274356,4026236.6963910437
1628215830534303140,353180.8870743831,4026236.2988472967
1628215830684315081,353181.5025314187,4026235.3812448042
1628215830756227899,353181.79397262575,4026234.922017627
1628215830888285157,353182.32217658684,4026234.1587881492
1628215830942041481,353182.53005086305,4026233.8355607563
1628215831092180124,353183.15365100396,4026232.871738428
1628215831158181427,353183.42330709414,4026232.507241715
1628215831284313125,353183.96145976876,4026231.6854936024
1628215831344061584,353184.16883618885,4026231.3706976254
1628215831488211410,353184.7567446076,4026230.4994000187
1628215831548206896,353185.0043593234,4026230.127159051
1628215831686341922,353185.5490136317,4026229.310000651
1628215831746178657,353185.7544182781,4026229.005797315
1628215831890291097,353186.34983418754,4026228.1615335527
1628215832016161494,353186.83882064203,4026227.4556100373
1628215832082174317,353187.123117286,4026227.050154554
1628215832208296703,353187.60034645954,4026226.355416725
1628215832292272942,353187.9219211424,4026225.910510944
1628215832412295615,353188.33103205316,4026225.2855924885
1628215832490226606,353188.6493530753,4026224.856672198
1628215832622193742,353189.088518636,4026224.1910220184
1628215832682274979,353189.3247749867,4026223.874210998
1628215832814295232,353189.8377604761,4026223.192478494
1628215832886065398,353189.9783451514,4026222.9078062703
1628215833012234340,353190.52851827967,4026222.1830849526
1628215833084200793,353190.804396881,4026221.8237931947
1628215833210455046,353191.20574805024,4026221.1983349724
1628215833282332999,353191.47731017915,4026220.847234126
1628215833414240019,353191.86273960257,4026220.224914368
1628215833486169168,353192.13210861816,4026219.878550455
1628215833618074118,353192.52067597077,4026219.2550178883
1628215833684318578,353192.7844496644,4026218.896297498
1628215833816309104,353193.27727104886,4026218.22394014
1628215833894247146,353193.4749424684,4026217.8342958945
1628215834020074800,353193.92477248865,4026217.2180874012
1628215834092073125,353194.18399039767,4026216.8624349977
1628215834218328585,353194.55477493955,4026216.211432538
1628215834296362087,353194.84896598896,4026215.7955557164
1628215834416238530,353195.1824221398,4026215.1891314425
1628215834488185779,353195.4406995242,4026214.8076768885
1628215834620183301,353195.8333293509,4026214.119499839
1628215834686234332,353196.0876321071,4026213.7357932865
1628215834818240301,353196.5605634933,4026213.0196442576
1628215834890197604,353196.7258162213,4026212.6779741063
1628215835016314968,353197.2015482627,4026211.947007019
1628215835094093127,353197.45822794514,4026211.549588236
1628215835208225023,353197.82029439544,4026210.9036165015
1628215835286346385,353198.1124881234,4026210.4454758666
1628215835418304530,353198.5284918997,4026209.7274837424
1628215835490289194,353198.7826479705,4026209.319792717
1628215835616082892,353199.21921975276,4026208.6126217316
1628215835688240079,353199.493032424,4026208.1817703517
1628215835814186774,353199.9307367435,4026207.469392184
1628215835886325704,353200.2347954102,4026207.04242301
1628215836018257098,353200.7125359567,4026206.2615559106
1628215836096210169,353200.9708705257,4026205.838413161
1628215836222194011,353201.41867954517,4026205.1055389945
1628215836288315106,353201.68015744875,4026204.682404055
1628215836420297056,353202.16738532303,4026203.954477437
1628215836552331355,353202.6574289007,4026203.1666881097
1628215836618074472,353202.86461832025,4026202.843472893
1628215836690316577,353203.1661482679,4026202.353679848
1628215836810290770,353203.62250202557,4026201.614496452
1628215836954360829,353204.1088222455,4026200.787036021
1628215837020256489,353204.3751113225,4026200.3524670242
1628215837152243453,353204.83034108346,4026199.5928557664
1628215837212235437,353205.0583632726,4026199.218628021
1628215837350111836,353205.55465898407,4026198.403572065
1628215837422252376,353205.84005585447,4026197.9539698125
1628215837554257775,353206.3378773535,4026197.1362024886
1628215837620192900,353206.5724666064,4026196.809166251
1628215837752311515,353207.1154193619,4026195.927340374
1628215837824316761,353207.387661574,4026195.4847970284
1628215837956305060,353207.8926628126,4026194.7080462836
1628215838016253486,353208.12728520675,4026194.3271149644
1628215838148364613,353208.63248428766,4026193.559333176
1628215838226354842,353208.94666696177,4026193.0535177737
1628215838364114009,353209.45636540663,4026192.231582145
1628215838424365925,353209.7067342207,4026191.9191103927
1628215838556247472,353210.2568782831,4026191.0339280334
1628215838622101148,353210.51099739794,4026190.6987485155
1628215838760332865,353211.0657482039,4026189.8134881803
1628215838820310640,353211.303616254,4026189.434088912
1628215838946248405,353211.8468863494,4026188.6529059634
1628215839018393650,353212.12710666767,4026188.2102276497
1628215839156341765,353212.70902645285,4026187.3579548025
1628215839216325355,353212.9517910435,4026186.978472643
1628215839354222665,353213.4798780427,4026186.1566530536
1628215839420254839,353213.7878162721,4026185.7505539814
1628215839558312835,353214.3580767177,4026184.869303676
1628215839618658321,353214.6159187816,4026184.5106845405
1628215839750339866,353215.14886835474,4026183.690369634
1628215839822351593,353215.43578946654,4026183.2478220845
1628215839954206183,353215.9937886102,4026182.4344682456
1628215840020325804,353216.28363436327,4026181.991627045
1628215840158224308,353216.8439254961,4026181.188366381
1628215840224327322,353217.1333204614,4026180.7441290277
1628215840362252334,353217.73275026877,4026179.868915713
1628215840428226869,353217.9825624587,4026179.489314343
1628215840554346328,353218.5217477956,4026178.6668798723
1628215840620104676,353218.78691389825,4026178.292938921
1628215840764256211,353219.4100384752,4026177.344691842
1628215840824267840,353219.6592716795,4026176.9669314083
1628215840956204194,353220.2018803129,4026176.1484063994
1628215841028369280,353220.4914785274,4026175.7098420593
1628215841154352016,353221.0293099884,4026174.876810486
1628215841298348418,353221.60287156,4026174.0020966856
1628215841352218591,353221.80786192336,4026173.6903939727
1628215841496319685,353222.42603735544,4026172.758893739
1628215841556313968,353222.67152044334,4026172.388521217
1628215841694257790,353223.2412891646,4026171.5096603218
1628215841754265326,353223.4853979334,4026171.1410201057
1628215841898309928,353224.0452838107,4026170.2597021335
1628215841958914554,353224.29017728404,4026169.893245939
1628215842096136858,353224.8186808375,4026169.103097662
1628215842150396707,353225.043339873,4026168.732894826
1628215842300215758,353225.6502283521,4026167.82770934
1628215842372105185,353225.924093687,4026167.38989998
1628215842492378468,353226.40835721465,4026166.67227918
1628215842552359135,353226.6489865127,4026166.315294795
1628215842690270083,353227.1899909027,4026165.482148895
1628215842762247940,353227.47232729965,4026165.0706245904
1628215842900364793,353227.996781937,4026164.2386745983
1628215842960340303,353228.23228579445,4026163.891664867
1628215843098145548,353228.7462930018,4026163.1464405674
1628215843164221433,353228.9995179677,4026162.7295499626
1628215843290319253,353229.5142785774,4026161.9945669617
1628215843356223258,353229.74840291904,4026161.6561866845
1628215843500281291,353230.2963456209,4026160.809251489
1628215843560285695,353230.5305868123,4026160.477766296
1628215843704240665,353231.02360732784,4026159.679857549
1628215843752264844,353231.2164506587,4026159.4067523177
1628215843902119237,353231.698892406,4026158.6202533664
1628215843962405113,353231.92676692054,4026158.296627591
1628215844088216315,353232.4213569135,4026157.6003779024
1628215844154259162,353232.62198171054,4026157.1921298523
1628215844292406595,353233.15822346637,4026156.4542808128
1628215844364373947,353233.3415600152,4026156.046874912
1628215844502244697,353233.8389674736,4026155.37822679
1628215844556450274,353234.06959843804,4026155.0750013688
1628215844694367850,353234.54620481085,4026154.352933109
1628215844772186699,353234.82008415833,4026154.0122927437
1628215844898345726,353235.24779955216,4026153.3692393643
1628215844958645044,353235.48594342533,4026153.0879816813
1628215845096439626,353236.051025336,4026152.443944615
1628215845228380958,353236.4832571709,4026151.8315157895
1628215845300380986,353236.77348873205,4026151.5212384895
1628215845426872218,353237.1916160494,4026150.9462803877
1628215845498259596,353237.49161606457,4026150.6470072116
1628215845624226064,353237.8667382891,4026150.140038882
1628215845696700053,353238.2161579089,4026149.809166735
1628215845822352012,353238.75183091516,4026149.322367723
1628215845900290562,353238.9166575399,4026149.018425851
1628215846032243270,353239.5177554345,4026148.5189220547
1628215846104121217,353239.84729552176,4026148.255709083
1628215846236159043,353240.2507853343,4026147.8146673166
1628215846302349860,353240.580358409,4026147.5642102864
1628215846422375259,353240.92384579766,4026147.196573144
1628215846500291609,353241.30908615806,4026146.9248484634
1628215846626136079,353241.7080759212,4026146.5766573097
1628215846704233019,353242.0938435845,4026146.3180464203
1628215846824263623,353242.67024434503,4026145.947685498
1628215846902365489,353242.83955925854,4026145.7772138934
1628215847034293508,353243.47665619384,4026145.4014305226
1628215847100242509,353243.77688669506,4026145.2274600496
1628215847226242075,353244.18755975063,4026144.93125671
1628215847304359519,353244.58979079506,4026144.7005656348
1628215847436453364,353245.0111530849,4026144.424689317
1628215847502277503,353245.3675375088,4026144.227550904
1628215847628172568,353245.97369971895,4026143.8955049207
1628215847700171981,353246.1382488769,4026143.805803339
1628215847826392084,353246.7991430285,4026143.4531159713
1628215848036300997,353247.7839874146,4026142.937775497
1628215848102239124,353248.1092634938,4026142.7669211053
1628215848234356571,353248.75850220147,4026142.4341458245
1628215848306239001,353249.0853870306,4026142.255573727
1628215848426296336,353249.72247114463,4026141.9889229527
1628215848498303623,353250.11781772086,4026141.7913690694
1628215848630396757,353250.80454802257,4026141.531720718
1628215848708421826,353251.2712014079,4026141.306591888
1628215848828400197,353251.9803795782,4026140.96154071
1628215848900392586,353252.35028278327,4026140.906753138
1628215849032267957,353253.137251665,4026140.5511988276
1628215849104147043,353253.5662441918,4026140.3618644765
1628215849230391270,353254.3096106569,4026140.181397232
1628215849302368220,353254.7451844606,4026139.9968648683
1628215849428316217,353255.50387786946,4026139.829474486
1628215849500293298,353255.94684727036,4026139.654582663
1628215849632275226,353256.7329660739,4026139.5011018785
1628215849704392896,353257.18066918675,4026139.33543791
1628215849836141952,353258.0174566427,4026139.027685909
1628215849902315130,353258.44013901753,4026139.0171407685
1628215850034247009,353259.2803007674,4026138.723034275
1628215850160403454,353260.09847985377,4026138.599467731
1628215850232385431,353260.55593530263,4026138.4528650544
1628215850310143402,353261.0134207588,4026138.3062313767
1628215850424350134,353261.7782946414,4026138.19745327
1628215850562374562,353262.6844947838,4026137.9214551114
1628215850628171070,353263.07033780764,4026137.807803791
1628215850766389900,353263.9584649427,4026137.6593102664
1628215850826411779,353264.3367591498,4026137.55219558
1628215850964187302,353265.1354608885,4026137.3866920923
1628215851036413140,353265.6329946264,4026137.2515266323
1628215851168356584,353266.42896163114,4026137.0849098954
1628215851234127238,353266.7976681638,4026136.988272704
1628215851366290895,353267.6409341621,4026136.8071831665
1628215851426305639,353268.00411054294,4026136.7155530467
1628215851564776891,353268.8482606592,4026136.509179869
1628215851630167375,353269.1903247861,4026136.462890616
1628215851768355359,353270.0182920151,4026136.263169806
1628215851840271384,353270.42925175745,4026136.165847839
1628215851978354596,353271.2334343913,4026136.019447856
1628215852026378541,353271.5243034237,4026135.9557758686
1628215852170374325,353272.3080060374,4026135.7983395983
1628215852236321012,353272.7063516676,4026135.711180149
1628215852374273608,353273.40506613307,4026135.5536876414
1628215852428626446,353273.7411771157,4026135.4838175112
1628215852560420084,353274.46156512346,4026135.333953791
1628215852632392872,353274.79784769204,4026135.238171131
1628215852770304978,353275.55674997414,4026135.0848782556
1628215852836152568,353275.88167447114,4026135.0247802255
1628215852962313613,353276.5426736126,4026134.874640496
1628215853034425012,353276.9207026667,4026134.807722886
1628215853172313086,353277.6164609984,4026134.6288267197
1628215853232324966,353277.93689434894,4026134.561205864
1628215853364265840,353278.5808235451,4026134.372536592
1628215853430420862,353278.956774522,4026134.305440635
1628215853568212076,353279.66448821896,4026134.1856079027
1628215853634328087,353279.9828845627,4026134.0733739804
1628215853766281712,353280.6862919261,4026133.9335029735
1628215853838141554,353281.0672422127,4026133.853474444
1628215853982331711,353281.83958713803,4026133.6344021657
1628215854036423419,353282.1174161348,4026133.5773600764
1628215854168245939,353282.7857923623,4026133.3780842437
1628215854234336887,353283.17319939507,4026133.2973056147
1628215854378546760,353283.9037999095,4026133.0873327088
1628215854504335794,353284.624554015,4026132.926629813
1628215854564333857,353284.95910987444,4026132.8532158663
1628215854714165833,353285.697047264,4026132.640402807
1628215854774296431,353286.03177843685,4026132.5665281652
1628215854912286797,353286.7849134654,4026132.366366951
1628215854966335313,353287.1169403838,4026132.291378459
1628215855110292964,353287.8858797434,4026132.1234818054
1628215855170274198,353288.18864933937,4026132.0074844044
1628215855314293726,353288.94400914153,4026131.852208006
1628215855362199878,353289.18454164895,4026131.742543923
1628215855518334258,353290.0315080814,4026131.5672839084
1628215855572292652,353290.29472721135,4026131.5142736495
1628215855710552565,353290.9945907776,4026131.294842399
1628215855770384328,353291.3064925154,4026131.2333785067
1628215855908209410,353291.95515703934,4026131.0449962993
1628215855980323589,353292.36220683344,4026130.963641396
1628215856106393656,353292.96617170644,4026130.845932445
1628215856172297120,353293.29197935504,4026130.715415428
1628215856310340787,353293.9789981889,4026130.593462301
1628215856376272088,353294.2505228559,4026130.470456174
1628215856508372240,353294.8694413726,4026130.361802146
1628215856574293267,353295.1975393598,4026130.305282753
1628215856712581814,353295.81276667595,4026130.1047714916
1628215856778169386,353296.08678688854,4026130.058872323
1628215856916302308,353296.679658324,4026129.8717096886
1628215856964346085,353296.90364896954,4026129.8340123217
1628215857114531889,353297.49489310995,4026129.6246297746
1628215857174539187,353297.755933747,4026129.579926966
1628215857318171340,353298.35905872396,4026129.4792921003
1628215857366352897,353298.51856485126,4026129.3494238732
1628215857504562868,353299.11513628525,4026129.2582384725
1628215857576619358,353299.41420446796,4026129.219209139
1628215857708526564,353299.9222748616,4026129.037632766
1628215857768536876,353300.17909480433,4026129.0121972174
1628215857912260021,353300.7397621393,4026128.8731268747
1628215857984559724,353301.0823866903,4026128.852708559
1628215858104564440,353301.594697138,4026128.831462369
1628215858170568499,353301.8065632051,4026128.7282959553
1628215858308344898,353302.4062777942,4026128.727237844
1628215858440319181,353302.90811871283,4026128.6445534136
1628215858512194282,353303.2153256547,4026128.6590673476
1628215858638567397,353303.72451680584,4026128.6013747305
1628215858716349152,353304.0881702294,4026128.6334269578
1628215858848162312,353304.59791909903,4026128.6916012554
1628215858914222649,353304.9003980697,4026128.6719847675
1628215859040519101,353305.52047561295,4026128.770589178
1628215859112546267,353305.77035740484,4026128.775148231
1628215859244289253,353306.40192164155,4026128.903343681
1628215859310351335,353306.7471259101,4026128.98484208
1628215859442517013,353307.3023474069,4026129.109935372
1628215859514504942,353307.6562964994,4026129.2122820574
1628215859640621501,353308.21121631155,4026129.398873995
1628215859712622421,353308.570743691,4026129.520688235
1628215859844291579,353309.2489144631,4026129.764764696
1628215859916280837,353309.4871641081,4026129.898794405
1628215860036626415,353310.11956287053,4026130.1484065424
1628215860114633843,353310.3541733471,4026130.3324556076
1628215860234350607,353310.98886637355,4026130.6040323437
1628215860312937975,353311.4182101445,4026130.79049188
1628215860444592172,353311.8837676435,4026131.127859577
1628215860516532974,353312.26184766385,4026131.291077822
1628215860642598696,353312.71882088325,4026131.6423239093
1628215860714587013,353313.1012597227,4026131.8088558866
1628215860840674546,353313.7685261406,4026132.102830858
1628215860912227910,353313.96078648284,4026132.3197016795
1628215861038509056,353314.6955212129,4026132.654984994
1628215861122291710,353314.98098627676,4026132.908425448
1628215861242289208,353315.67484096834,4026133.2263647765
1628215861446778446,353316.7519026955,4026133.8319486557
1628215861518617500,353317.17192520516,4026134.0284235124
1628215861638579433,353317.7745309724,4026134.4127275036
1628215861710312544,353318.2018378102,4026134.6158845876
1628215861842203349,353319.00699440856,4026134.9993235962
1628215861914186924,353319.3600684009,4026135.262728276
1628215862046321809,353320.1821286464,4026135.664069907
1628215862112317445,353320.56720077887,4026135.942924367
1628215862244663636,353321.4061295835,4026136.3582934523
1628215862316216200,353321.86298126087,4026136.5852123094
1628215862442579922,353322.6665686464,4026137.090505479
1628215862520588258,353323.19853409013,4026137.3543003136
1628215862640648183,353323.93986477726,4026137.8575650724
1628215862712574167,353324.4093978137,4026138.094523409
1628215862838191384,353325.21880468086,4026138.50013854
1628215862916597046,353325.7088314021,4026138.873347979
1628215863042595864,353326.5939742761,4026139.3255638336
1628215863114326086,353327.01859468466,4026139.6819359125
1628215863240701913,353327.9113070663,4026140.146871787
1628215863378334254,353328.7566718747,4026140.7351993644
1628215863444601387,353329.24194490025,4026140.9916365882
1628215863516311031,353329.7294753941,4026141.2498361846
1628215863642585455,353330.58659639163,4026141.8494396606
1628215863780260926,353331.50383563427,4026142.339168504
1628215863852188645,353332.00033960666,4026142.604693212
1628215863984622745,353332.9449667048,4026143.264797595
1628215864038340394,353333.3020565776,4026143.4590119035
1628215864176565407,353334.23791611695,4026144.1365989507
1628215864248545459,353334.7403116854,4026144.4130715565
1628215864380615493,353335.6386014196,4026145.052536944
1628215864446571841,353336.1436783465,4026145.3323822455
1628215864572216757,353337.0125925916,4026145.8120651823
1628215864650647713,353337.5581285023,4026146.280924772
1628215864776612872,353338.50066145323,4026146.8173457896
1628215864842313238,353338.9352123378,4026147.0663411287
1628215864980342062,353339.9237271845,4026147.7611041507
1628215865046601838,353340.4314058806,4026148.055859402
1628215865178550303,353341.3577030584,4026148.7166410834
1628215865250192457,353341.7950880556,4026148.9780398766
1628215865376343260,353342.7203741991,4026149.6584312674
1628215865448551846,353343.29787432833,4026150.0019322103
1628215865598215566,353344.3059494573,4026150.6047500693
1628215865640661088,353344.6559917688,4026150.941541427
1628215865778621583,353345.6721525312,4026151.549715807
1628215865844651558,353346.1086551666,4026151.8094817745
1628215865994604504,353347.1914138326,4026152.553615423
1628215866042550569,353347.55369949277,4026152.771790422
1628215866180574191,353348.56874997646,4026153.4730633604
1628215866246259230,353349.00205320446,4026153.736728863
1628215866378332485,353349.9571124759,4026154.4093538625
1628215866445074517,353350.4620288433,4026154.721246412
1628215866582228544,353351.3956079595,4026155.3003011346
1628215866642528567,353351.93051734474,4026155.7003100254
1628215866786328391,353352.9293494057,4026156.3304461404
1628215866846321103,353353.3559121395,4026156.6015502005
1628215866984631428,353354.38718260895,4026157.2875955408
1628215867044648318,353354.8113351795,4026157.5587404557
1628215867188639404,353355.8497253226,4026158.230932443
1628215867248594053,353356.2729325475,4026158.5039244937
1628215867374608875,353357.24234925804,4026159.116187118
1628215867458607975,353357.8054864926,4026159.4801958837
1628215867584870334,353358.7179150197,4026160.0717553757
1628215867656656260,353359.2632258617,4026160.4048156193
1628215867776589339,353360.10555187985,4026160.9508692385
1628215867920618821,353361.1401813865,4026161.59022722
1628215867986626830,353361.6294331062,4026161.9087942126
1628215868124511446,353362.590619046,4026162.4927540477
1628215868178726458,353363.00903621083,4026162.7658274653
1628215868328617644,353364.05276045616,4026163.4485503295
1628215868382604626,353364.45729939034,4026163.660700888
1628215868520653566,353365.4299144207,4026164.297934893
1628215868586222054,353365.8465009737,4026164.5710394154
1628215868724712566,353366.88083158445,4026165.198195965
1628215868790608697,353367.37008851394,4026165.518899422
1628215868922590026,353368.32411244576,4026166.0944360546
1628215868982701415,353368.7443596823,4026166.3674787646
1628215869126226106,353369.7780397396,4026166.9814629387
1628215869180560283,353370.19828688586,4026167.2545057186
1628215869324645993,353371.1781777429,4026167.894363822
1628215869384607904,353371.6569973185,4026168.1374846427
1628215869522609062,353372.64019832516,4026168.774601322
1628215869594841727,353373.1309440546,4026169.093143646
1628215869726594395,353374.10278631863,4026169.6559280967
1628215869786568398,353374.5239793832,4026169.93078614
1628215869924630944,353375.54995399475,4026170.5348914904
1628215869996616764,353376.04084425856,4026170.8547743107
1628215870128443153,353376.9922269997,4026171.405942256
1628215870188221226,353377.4106742395,4026171.680846892
1628215870326629895,353378.3844672068,4026172.322884156
1628215870386584903,353378.8462784426,4026172.5617764993
1628215870524587499,353379.81926552544,4026173.2066962286
1628215870578604816,353380.16638034105,4026173.4373363466
1628215870734221145,353381.2450996015,4026174.0909653786
1628215870788596084,353381.65879308106,4026174.3680868903
1628215870926585183,353382.6626781231,4026174.983309071
1628215870986638856,353383.0746185141,4026175.265037984
1628215871130600625,353384.0756565847,4026175.890562486
1628215871190549895,353384.4863869228,4026176.1729222937
1628215871316604176,353385.37315100833,4026176.7881122264
1628215871382553954,353385.82779267547,4026177.04336172
1628215871520601623,353386.778301553,4026177.710696389
1628215871598210483,353387.25164895516,4026178.045281044
1628215871718578950,353388.16829020204,4026178.6353683635
1628215871856286966,353389.039583803,4026179.259670571
1628215871928225957,353389.5374052584,4026179.5672297045
1628215871988677438,353390.00318450853,4026179.905421579
1628215872126548642,353390.9027995358,4026180.50464741
1628215872252659603,353391.76225886226,4026181.1365354164
1628215872324633541,353392.2219079606,4026181.478554296
1628215872450676633,353393.1173647641,4026182.082733549
1628215872528555066,353393.5724733565,4026182.4251344926
1628215872654617441,353394.45617681585,4026183.034456618
1628215872732667383,353394.9747696178,4026183.428030127
1628215872852926928,353395.7510164005,4026184.022324517
1628215872924640526,353396.23749149183,4026184.357297891
1628215873056674117,353397.07171861397,4026185.0057266955
1628215873134626510,353397.6162864849,4026185.3888510494
1628215873326681840,353398.81746429956,4026186.3455888256
1628215873458611062,353399.6594187098,4026186.974599854
1628215873524669814,353400.0966570828,4026187.326763974
1628215873644637260,353400.8598638342,4026187.882643809
1628215873728623175,353401.3493928729,4026188.284521938
1628215873854997452,353402.137258521,4026188.9415480914
1628215873926649413,353402.5892397105,4026189.2488458287
1628215874058605302,353403.3665762061,4026189.9022049652
1628215874124350673,353403.7539522385,4026190.1534052747
1628215874262532854,353404.5788465596,4026190.8563143997
1628215874328767668,353404.987141553,4026191.209456679
1628215874448637224,353405.7293290428,4026191.756720258
1628215874532613699,353406.19044474105,4026192.1566378856
1628215874658666445,353406.97456090903,4026192.747198981
1628215874730680892,353407.3716953896,4026193.0972342393
1628215874856281928,353408.0468506031,4026193.6992823556
1628215874940593026,353408.5816615933,4026194.091971907
1628215875060615443,353409.2476010927,4026194.6886217627
1628215875126151311,353409.61982742685,4026194.9137722203
1628215875258630099,353410.38213253976,4026195.605838706
1628215875318666214,353410.7045767752,4026195.9025106784
1628215875462623365,353411.4966033845,4026196.5115542207
1628215875534610671,353411.867173865,4026196.8534940463
1628215875654615951,353412.5408160548,4026197.357117522
1628215875726259696,353412.902894709,4026197.696759611
1628215875858251764,353413.56583476847,4026198.321781073
1628215875930594724,353414.0034813202,4026198.631397069
1628215876056599827,353414.5907791649,4026199.209907243
1628215876128493946,353414.9703448687,4026199.454037932
1628215876254635583,353415.59581565147,4026200.0666927705
1628215876326596803,353415.92888941884,4026200.3964495608
1628215876452597617,353416.57957945653,4026200.916086722
1628215876656654519,353417.53841490066,4026201.7422206164
1628215876734603417,353417.8973051802,4026202.1062700707
1628215876986570872,353419.0364160251,4026203.133763118
1628215877064630289,353419.3818151889,4026203.486810276
1628215877124661745,353419.68814750557,4026203.6392226014
1628215877268608156,353420.2776743851,4026204.244917341
1628215877388595730,353420.835926886,4026204.64160564
1628215877466288525,353421.12138613337,4026204.9365231977
1628215877598976280,353421.68275288166,4026205.5227356986
1628215877658690735,353421.9751889191,4026205.6419966435
1628215877796539179,353422.4860531382,4026206.1759624174
1628215877856681010,353422.75729267515,4026206.461904168
1628215877988708694,353423.30880078464,4026206.874820119
1628215878066566099,353423.57110974425,4026207.1523679583
1628215878192664481,353424.11054858624,4026207.5427218005
1628215878258712875,353424.3629806808,4026207.8136617723
1628215878390681990,353424.89343113924,4026208.175969214
1628215878462642566,353425.13962210674,4026208.4333427805
1628215878660407859,353425.8656573631,4026208.992844174
1628215878792632825,353426.3360111746,4026209.488005303
1628215878858771372,353426.5342207493,4026209.697850247
1628215878990987795,353427.05485301383,4026210.057027959
1628215879062680283,353427.27916863875,4026210.287610721
1628215879200654684,353427.78925243387,4026210.622125378
1628215879266669275,353427.9751926464,4026210.8102050405
1628215879392725426,353428.43713957455,4026211.0934094815
1628215879464678247,353428.6436646399,4026211.3005503193
1628215879596620537,353429.0133386208,4026211.6779677155
1628215879656643013,353429.2642733163,4026211.7232842324
1628215879794659090,353429.6382383001,4026212.1036198237
1628215879860667282,353429.79012530576,4026212.2629783894
1628215879998639804,353430.19960635126,4026212.5275999713
1628215880058671234,353430.3369484977,4026212.6785985343
1628215880196651529,353430.72871736635,4026212.911781177
1628215880268655313,353430.8731749517,4026213.075721029
1628215880400470630,353431.2439819041,4026213.245903216
1628215880466677417,353431.3837479466,4026213.3994853282
1628215880592493856,353431.62256240577,4026213.662782226
1628215880658661538,353431.91222743434,4026213.6326750107
1628215880796707792,353432.2055357275,4026213.924408361
1628215880857038773,353432.3312255619,4026214.0486262715
1628215880988652568,353432.72362006555,4026214.156431131
1628215881066706482,353432.9053211704,4026214.314003716
1628215881198658742,353433.3134312631,4026214.410983614
1628215881336475906,353433.6537040882,4026214.661272884
1628215881390695409,353433.9100866297,4026214.6263575377
1628215881528615055,353434.3172495983,4026214.8856473723
1628215881612621975,353434.62394207355,4026214.9186683157
1628215881732630481,353435.0098421783,4026215.1314424197
1628215881792662796,353435.2102830183,4026215.2368787965
1628215881942604512,353435.78116079257,4026215.4401154947
1628215882002654226,353436.00065508316,4026215.5444361577
1628215882134670509,353436.5436341708,4026215.7400270323
1628215882200601403,353436.7787537737,4026215.8426185767
1628215882344527473,353437.3445786165,4026216.0628477205
1628215882392704739,353437.65256867756,4026216.1617653547
1628215882542685084,353438.29588273296,4026216.398811531
1628215882590470259,353438.4724032371,4026216.4647962605
1628215882740423821,353439.20868609473,4026216.7443988686
1628215882800517947,353439.49128234695,4026216.844844707
1628215882932759526,353440.2145862862,4026217.1076379595
1628215882992674288,353440.5152022885,4026217.2089997684
1628215883136650668,353441.27153602673,4026217.5284248944
1628215883202616475,353441.63480904466,4026217.66455495
1628215883340698016,353442.32631860225,4026217.9203176955
1628215883394775089,353442.6888669204,4026218.152530207
1628215883538607884,353443.46646546025,4026218.4410169907
1628215883604545133,353443.8062436803,4026218.568267078
1628215883736649126,353444.6325500836,4026219.042882448
1628215883796669266,353444.97774161736,4026219.1798677705
1628215883940677560,353445.80139773095,4026219.674608808
1628215884000711564,353446.1548935113,4026219.8208532203
1628215884138727194,353446.97703656834,4026220.402962004
1628215884198737919,353447.33821909875,4026220.5616498115
1628215884342604128,353448.189295596,4026220.9239071477
1628215884396630322,353448.54782409227,4026221.297363395
1628215884540715330,353449.4133047324,4026221.67951901
1628215884588974580,353449.72523462126,4026221.818348794
1628215884738651491,353450.65324984747,4026222.5023059463
1628215884804679023,353451.03359512205,4026222.6789805163
1628215884930558289,353451.85765660746,4026223.241037591
1628215885002558329,353452.3077460106,4026223.4583421405
1628215885140752116,353453.20980181766,4026224.0616832003
1628215885212664827,353453.6659305552,4026224.291459027
1628215885470779689,353455.3816328715,4026225.302979705
1628215885542766514,353455.8486133168,4026225.542887151
1628215885662793926,353456.65120530914,4026226.0841283593
1628215885740603471,353457.19207450585,4026226.367952705
1628215885872598665,353458.0746141337,4026226.925237175
1628215885944848699,353458.5536839334,4026227.1798940524
1628215886064753386,353459.37942423066,4026227.6211338136
1628215886142653523,353459.9280761274,4026228.031353655
1628215886268617247,353460.76243637735,4026228.4842886906
1628215886334591350,353461.2513350423,4026228.7499490213
1628215886466563232,353462.15756767686,4026229.3639626023
1628215886550436215,353462.71969257167,4026229.675870445
1628215886676547737,353463.62569745746,4026230.290864594
1628215886736572747,353464.04898021126,4026230.527238921
1628215886874777304,353465.0323723118,4026231.1674750564
1628215886934887323,353465.45827948017,4026231.4074672097
1628215887078728424,353466.4541082209,4026231.969306493
1628215887139475011,353466.8684906531,4026232.312765953
1628215887265599377,353467.79481791344,4026232.8411124162
1628215887343362959,353468.2941306791,4026233.1253349697
1628215887469540825,353469.2038654244,4026233.767854718
1628215887541429494,353469.7029101657,4026234.054279164
1628215887667469971,353470.6175449752,4026234.6960447994
1628215887739441241,353471.11587233876,4026234.985167022
1628215887871371185,353472.03792535525,4026235.5982426642
1628215887937530910,353472.53667500603,4026235.8888837174
1628215888069532956,353473.46218773746,4026236.4286581962
1628215888141440075,353473.95766749536,4026236.7966257725
1628215888273300530,353474.87947824446,4026237.339453744
1628215888345394571,353475.37499395886,4026237.6301496336
1628215888471535767,353476.2883535542,4026238.2542980863
1628215888543447280,353476.78033597,4026238.547190046
1628215888663423732,353477.61967647,4026239.12693556
1628215888741565420,353478.17950141826,4026239.461710581
1628215888879502505,353479.09041471104,4026240.063927837
1628215888933556337,353479.5112294983,4026240.3168242406
1628215889071521822,353480.49572366,4026240.906872078
1628215889150440761,353480.98663488624,4026241.2537379055
1628215889270551757,353481.90410477144,4026241.8015838703
1628215889342794641,353482.3982790151,4026242.0977960317
1628215889475528864,353483.32517514855,4026242.703222494
1628215889547450630,353483.82153636194,4026243.0024495376
1628215889667459102,353484.67283520976,4026243.5549546964
1628215889799312272,353485.59493534255,4026244.118592012
1628215889877356774,353486.1666285164,4026244.501995384
1628215889943540277,353486.66416559415,4026244.807611443
1628215890075359229,353487.51586432545,4026245.333254414
1628215890207435119,353488.5158820292,4026245.9805972716
1628215890279320646,353489.01325181476,4026246.2889628927
1628215890405610937,353489.94690910284,4026246.9099008352
1628215890465549937,353490.374377278,4026247.1773338025
1628215890603325567,353491.3013172267,4026247.758346061
1628215890669537940,353491.80313509144,4026248.106004631
1628215890807563427,353492.8006265475,4026248.73392029
1628215890873372765,353493.2255187186,4026249.0475399047
1628215890999542010,353494.1510166363,4026249.629919619
1628215891077609698,353494.7210151086,4026249.988937907
1628215891215896810,353495.7241267727,4026250.6641225372
1628215891269460849,353496.0788761856,4026250.890060271
1628215891401550073,353497.0088887273,4026251.5229014717
1628215891473461533,353497.5055739095,4026251.8413500125
1628215891611414738,353498.5126802111,4026252.5109741986
1628215891671434735,353498.9384102721,4026252.7839301587
1628215891803430149,353499.86082531104,4026253.375334809
1628215891875368105,353500.3615330511,4026253.7187401173
1628215892013463446,353501.3510229032,4026254.353566945
1628215892073426594,353501.7751354752,4026254.624719314
1628215892205569991,353502.69573634677,4026255.23879915
1628215892271590215,353503.1902753048,4026255.556673925
1628215892409472354,353504.11618550174,4026256.1635229723
1628215892475461028,353504.61069856375,4026256.479872369
1628215892607443675,353505.5262122203,4026257.067426947
1628215892679462870,353506.0122850797,4026257.397163848
1628215892805553758,353506.9267002962,4026257.984737136
1628215892877460003,353507.43073496013,4026258.3119731685
1628215893003606648,353508.34514585236,4026258.8993025273
1628215893081683112,353508.9078420955,4026259.2596658603
1628215893219382928,353509.83824307495,4026259.8578335345
1628215893267360082,353510.1899152601,4026260.082297945
1628215893405586718,353511.1996631299,4026260.720567569
1628215893477450919,353511.69197520014,4026261.0331093105
1628215893615567968,353512.6959464506,4026261.6654342273
1628215893675575816,353513.1179219446,4026261.9329611086
1628215893807574809,353514.0309818121,4026262.5126233785
1628215893873741448,353514.5435146808,4026262.833551538
1628215894005539146,353515.45944200107,4026263.413165476
1628215894077596446,353515.95174653677,4026263.725280323
1628215894215363373,353516.88534328283,4026264.317596302
1628215894281476675,353517.37701798126,4026264.6285621957
1628215894413484724,353518.31797480193,4026265.212208906
1628215894551325317,353519.29801539914,4026265.818937894
1628215894611340371,353519.7305228365,4026266.0921464637
1628215894749581105,353520.71345809556,4026266.714879046
1628215894809528627,353521.1391737986,4026266.9762395043
1628215894941477413,353522.0567670329,4026267.5605867216
1628215895013604015,353522.5421839254,4026267.869644498
1628215895151586413,353523.529041499,4026268.486146478
1628215895223361220,353524.0131212986,4026268.791931009
1628215895355485944,353524.9188265584,4026269.3590232693
1628215895409524948,353525.3406785442,4026269.6192895565
1628215895547421730,353526.2450806814,4026270.185122226
1628215895613580138,353526.7242419082,4026270.492393862
1628215895751510806,353527.68734855164,4026271.0975178853
1628215895811500292,353528.1000555452,4026271.358366132
1628215895955362311,353529.0399004945,4026271.9593668627
1628215896015354236,353529.4504336071,4026272.2215946997
1628215896153369994,353530.3302333945,4026272.7617814094
1628215896207496592,353530.7390374191,4026273.0228178194
1628215896357398138,353531.7576605184,4026273.677236207
1628215896405458872,353532.0961473972,4026273.879951492
1628215896549364855,353533.0433801364,4026274.49199728
1628215896609398708,353533.4487878624,4026274.754311931
1628215896753343112,353534.3811488858,4026275.3603225606
1628215896825574021,353534.9192931148,4026275.7125574923
1628215896945609582,353535.7284138229,4026276.227205775
1628215897005610313,353536.1301946037,4026276.4915960245
1628215897149622875,353537.0487392001,4026277.099854635
1628215897221522609,353537.5153442606,4026277.408132527
1628215897347584345,353538.3811228471,4026277.981821432
1628215897407486497,353538.74147009355,4026278.2466069413
1628215897551469280,353539.6662308547,4026278.868798944
1628215897612307625,353540.0610536145,4026279.136786005
1628215897750551863,353540.9877423613,4026279.7466773875
1628215897810572627,353541.3822599724,4026280.0146696614
1628215897948487378,353542.29247400543,4026280.6211774917
1628215898008498637,353542.6858013357,4026280.8873588704
1628215898146711136,353543.5962690179,4026281.4836085537
1628215898278499909,353544.4470238772,4026282.0603595967
1628215898350506334,353544.905106101,4026282.3699415894
1628215898410472744,353545.3242706768,4026282.6193288364
1628215898548675027,353546.24039577413,4026283.236174247
1628215898680677902,353547.1279403788,4026283.7905750456
1628215898752559266,353547.5862738523,4026284.096979075
1628215898830497508,353548.1097438347,4026284.4476927593
1628215898950721461,353548.9224905624,4026284.9639288806
1628215899088515345,353549.7730766186,4026285.5307344575
1628215899154558563,353550.2651152927,4026285.812826098
1628215899280567404,353551.1147498791,4026286.3775116317
1628215899358574323,353551.5705950924,4026286.681150273
1628215899484479258,353552.4634781033,4026287.2372924327
1628215899550955309,353552.9177617923,4026287.538821284
1628215899682408954,353553.73957040906,4026288.0459934752
1628215899754502614,353554.25802372623,4026288.3887966233
1628215899892552830,353555.14166533144,4026288.9470483717
1628215899952709666,353555.59442160674,4026289.244879993
1628215900084709035,353556.4321284769,4026289.797194259
1628215900156540317,353556.9333003183,4026290.0960998135
1628215900276532513,353557.7071458433,4026290.6001156326
1628215900354973749,353558.2216157811,4026290.9347465136
1628215900486564842,353559.1196529509,4026291.4709045948
1628215900552545722,353559.5054299205,4026291.7201243113
1628215900684579196,353560.46738530946,4026292.297133797
1628215900756514870,353560.9166411116,4026292.586479848
1628215900876657908,353561.7319376895,4026293.0767338634
1628215900948676426,353562.1774437444,4026293.3644953854
1628215901080548351,353562.99604021164,4026293.8947331277
1628215901158541602,353563.54828669643,4026294.2220730125
1628215901278501235,353564.2917928279,4026294.7148832656
1628215901356541915,353564.7218892954,4026295.0008911467
1628215901488685146,353565.6336575831,4026295.5623307163
1628215901560561636,353566.0579112845,4026295.845690798
1628215901680482055,353566.82810338726,4026296.3249886534
1628215901752548930,353567.24548741366,4026296.6063286327
1628215901890639368,353568.1187017682,4026297.1543817786
1628215901962691560,353568.5304530623,4026297.4310562233
1628215902088579550,353569.2298502495,4026297.899587657
1628215902160517297,353569.7323957766,4026298.193160598
1628215902286413682,353570.4063830883,4026298.646008109
1628215902358405826,353570.78810208454,4026298.904330149
1628215902484541273,353571.5255281177,4026299.3479879694
1628215902556427731,353571.88184847485,4026299.5948983445
1628215902694520818,353572.64803542255,4026300.039474055
1628215902754495472,353572.93345941766,4026300.2407071413
1628215902880538893,353573.53448468435,4026300.5906610284
1628215903012646124,353574.149704218,4026301.025763954
1628215904626380445,353580.27342494566,4026303.7821712405
1628215904686599532,353580.4822450963,4026303.896136275
1628215904830519355,353580.8866454759,4026304.1242900835
1628215904884393848,353581.09725630266,4026304.1022374732
1628215905016563591,353581.483533315,4026304.316110031
1628215905220628691,353582.0390202276,4026304.564416162
1628215905280641144,353582.1962127669,4026304.6569756065
1628215905418730775,353582.5648918515,4026304.833486581
1628215905490632471,353582.7461476674,4026304.941508692
1628215905628527398,353583.07734535134,4026305.0886234934
1628215905688646392,353583.25648836896,4026305.198024099
1628215905820419974,353583.56424938,4026305.3920440907
1628215905892536484,353583.76345420105,4026305.4643012267
1628215906024526659,353584.1004226401,4026305.685659962
1628215906090540889,353584.2559940356,4026305.790637066
1628215906222652404,353584.6139468636,4026305.971662899
1628215906282630355,353584.7695718637,4026306.079812962
1628215906426639599,353585.13903550955,4026306.2810912537
1628215906486529423,353585.2928692732,4026306.3915909445
1628215906612619109,353585.6385174297,4026306.5848487513
1628215906696521383,353585.8460380141,4026306.730269222
1628215906834521426,353586.2092021153,4026306.9849381126
1628215906888514167,353586.3256466922,4026307.042602368
1628215907014508528,353586.6612790093,4026307.2824165337
1628215907092457537,353586.84284608904,4026307.408866231
1628215907224555824,353587.1973946477,4026307.626815211
1628215907284802824,353587.3536070361,4026307.7336126054
1628215907416517404,353587.68489766016,4026307.9404188567
1628215907488538356,353587.8690822816,4026308.062857028
1628215907626661497,353588.2395803828,4026308.2747992035
1628215907758536724,353588.59156244,4026308.4672787073
1628215907824489778,353588.75529515714,4026308.5495958403
1628215907968609291,353589.178841718,4026308.7406220203
1628215908028648244,353589.3489827753,4026308.8048864054
1628215908154955280,353589.7362455256,4026308.9254191704
1628215908220532255,353589.91167831473,4026308.9669499337
1628215908358520428,353590.3246566857,4026309.0454219147
1628215908436625781,353590.62240630004,4026309.073167121
1628215908562530325,353590.9888126035,4026309.097127752
1628215908622523015,353591.23882390384,4026309.106087149
1628215908760537986,353591.67419932934,4026309.083349893
1628215908832537858,353591.89159733686,4026309.0548351547
1628215908964411000,353592.3659695231,4026308.952519954
1628215909018659679,353592.5495171109,4026308.8927776134
1628215909162543558,353593.04429490736,4026308.705033996
1628215909222545648,353593.22593589424,4026308.6191395964
1628215909360646117,353593.7516170966,4026308.378505298
1628215909420657437,353593.93277232617,4026308.2674724404
1628215909564653125,353594.3443358188,4026307.969622794
1628215909630589229,353594.6670197074,4026307.807919491
1628215909762524803,353595.0427319439,4026307.4760073847
1628215909822575032,353595.21578638547,4026307.315367385
1628215909966523322,353595.7549262513,4026306.9465751285
1628215910026547304,353595.9356266898,4026306.7725001886
1628215910164526075,353596.53514303814,4026306.4011009447
1628215910224571927,353596.7278618214,4026306.2122964845
1628215910362632195,353597.34332044254,4026305.798330249
1628215910434650807,353597.5801741346,4026305.5595243624
1628215910566545712,353598.0308175689,4026305.100307802
1628215910626520962,353598.43950704136,4026304.9502131552
1628215910764646824,353598.9618040654,4026304.4297879944
1628215910824648206,353599.18797187577,4026304.1978766173
1628215910956686689,353599.8583185286,4026303.7526485072
1628215911028545124,353600.13114898035,4026303.4650167064
1628215911166545049,353600.88919194485,4026302.9725302956
1628215911226540427,353601.13258053403,4026302.7123126714
1628215911370520031,353601.94763833605,4026302.213308838
1628215911418684224,353602.1626983752,4026301.988604313
1628215911574530278,353602.82175120024,4026301.29753263
1628215911628436003,353603.3120830823,4026301.204225831
1628215911766679951,353604.01365735324,4026300.4904630207
1628215911886663196,353604.8007747475,4026300.006580077
1628215911970530712,353605.19879196456,4026299.611302841
1628215912090553048,353605.8032843297,4026299.00696929
1628215912168790615,353606.42769512295,4026298.6929509365
1628215912300635464,353607.1194742877,4026298.0243371455
1628215912360651118,353607.641441702,4026297.787794837
1628215912438668433,353608.08431173617,4026297.363317378
1628215912558617842,353608.7571244693,4026296.7099778852
1628215912690655551,353609.7127058623,4026296.0465511912
1628215912768554364,353610.1269052536,4026295.6553953825
1628215912894567363,353611.0600193656,4026294.955360824
1628215912960583724,353611.4878398774,4026294.5540261655
1628215913092690667,353612.2935416716,4026293.797366945
1628215913170662201,353612.9524890258,4026293.381751677
1628215913296548547,353613.72367797984,4026292.6666305643
1628215913362771412,353614.3253836952,4026292.3055106746
1628215913494558792,353615.1880835501,4026291.5160282487
1628215913566439902,353615.6572226053,4026291.0821962357
1628215913692648722,353616.66558590165,4026290.3422555565
1628215913764699361,353617.1502237407,4026289.904621741
1628215913896557479,353618.146960528,4026289.166464585
1628215913974648783,353618.7133970208,4026288.6684275717
1628215914100440353,353619.5695622658,4026287.9111607494
1628215914166664579,353620.1539236327,4026287.5601610304
1628215914304604900,353621.1709539613,4026286.664860916
1628215914364575478,353621.7022694993,4026286.360228943
1628215914484648366,353622.5858885727,4026285.577046818
1628215914568425626,353623.17539540154,4026285.050116767
1628215914700568605,353624.23924006184,4026284.306737356
1628215914772473433,353624.7667828218,4026283.843781877
1628215914898561929,353625.8295591504,4026283.0696587707
1628215914970412896,353626.3691343018,4026282.6036314676
1628215915102718826,353627.3741066449,4026281.731485226
1628215915168652853,353627.9794903456,4026281.3640175574
1628215915300566868,353628.9990765534,4026280.486253527
1628215915372720090,353629.61983602133,4026280.114925153
1628215915498682591,353630.65604954807,4026279.2315093353
1628215915570701940,353631.21864357044,4026278.751604661
1628215915696448507,353632.24022853066,4026278.0174240954
1628215915768587008,353632.893518687,4026277.4654914048
1628215915900563474,353634.0107694414,4026276.668049156
1628215915966423454,353634.5054386547,4026276.253318418
1628215916104434115,353635.6690288076,4026275.2761982745
1628215916170603260,353636.31286607403,4026274.912537307
1628215916296562950,353637.3235426091,4026274.0744759147
1628215916374426971,353638.03403157694,4026273.6388879595
1628215916494434297,353639.0501674928,4026272.802443569
1628215916632602626,353640.29065634485,4026271.933645191
1628215916704572708,353640.8890873771,4026271.4471544
1628215916836665264,353642.0004594698,4026270.543671622
1628215916890827695,353642.5521639085,4026270.21391618
1628215917034690639,353643.7402869462,4026269.2438291907
1628215917100456975,353644.25141526014,4026268.827905522
1628215917232605071,353645.4758056458,4026267.9454026935
1628215917298443565,353645.9883436173,4026267.5298215407
1628215917436759174,353647.2162055486,4026266.63602979
1628215917496656212,353647.72508038196,4026266.22759075
1628215917634619892,353648.92184220994,4026265.335301099
1628215917694610335,353649.4279901364,4026264.9280068646
1628215917832818322,353650.6123330309,4026263.972511215
1628215917904662671,353651.2138347408,4026263.552131937
1628215918048574178,353652.4005095096,4026262.6045928346
1628215918102587439,353652.822807573,4026262.26634242
1628215918228573804,353653.9208568164,4026261.459217394
1628215918300443372,353654.5109139359,4026260.9899590197
1628215918438694523,353655.6858124265,4026260.100358977
1628215918498705795,353656.1898242496,4026259.696641313
1628215918630735676,353657.2659261569,4026258.8655952313
1628215918702583300,353657.8499451238,4026258.400162251
1628215918834444841,353658.92819733795,4026257.533801497
1628215918900590490,353659.5035703576,4026257.116549676
1628215919032460254,353660.58385180373,4026256.2510704086
1628215919104480229,353661.1655258117,4026255.784090347
1628215919230682421,353662.1989949035,4026254.965483751
1628215919302588034,353662.77643419243,4026254.500711568
1628215919434459397,353663.7884300687,4026253.679049821
1628215919500517887,353664.27977917553,4026253.2843966736
1628215919632664384,353665.37110511144,4026252.4006649978
1628215919704566118,353665.94011101406,4026251.9424442025
1628215919830997676,353666.9968518738,4026251.0923781027
1628215919902593373,353667.5321508582,4026250.662009557
1628215920046513641,353668.656598703,4026249.759103131
1628215920100610040,353669.0557986974,4026249.4371739295
1628215920232633982,353670.1406563022,4026248.5498289648
1628215920304595468,353670.696444954,4026248.100376693
1628215920442758401,353671.7696059875,4026247.2106659734
1628215920502697754,353672.2399695174,4026246.8273541033
1628215920628573851,353673.1361725517,4026246.0551956384
1628215920706594190,353673.75419394346,4026245.546769892
1628215920838466976,353674.75608422165,4026244.726500896
1628215920976753437,353675.77539013233,4026243.827995477
1628215921036717180,353676.2279606663,4026243.446327085
1628215921108488828,353676.75819195044,4026243.004936253
1628215921240735525,353677.6858659734,4026242.1736527015
1628215921372506692,353678.59756236017,4026241.3503295407
1628215921438699812,353679.1113716825,4026240.9122679466
1628215921576739545,353680.1338653255,4026240.0362313967
1628215921648607873,353680.58782025904,4026239.5991805885
1628215921768595336,353681.4377502391,4026238.8479461633
1628215921834873436,353681.92769727076,4026238.409921468
1628215921978637797,353682.8555821717,4026237.529623376
1628215922038641358,353683.2635002759,4026237.1528597814
1628215922170572460,353684.07282427413,4026236.306424365
1628215922230590975,353684.4682948621,4026235.926208877
1628215922380702547,353685.40326183743,4026234.966506264
1628215922440715396,353685.78360111266,4026234.5865463368
1628215922572606048,353686.58817775175,4026233.75892927
1628215922632578286,353686.92105670203,4026233.362192514
1628215922782714225,353687.8146096731,4026232.3967807284
1628215922830843029,353688.10582408495,4026232.0735019543
1628215922980678145,353688.92760004883,4026231.0789065124
1628215923034481848,353689.2030214581,4026230.752842659
1628215923184458096,353689.9785358765,4026229.7401684434
1628215923244526376,353690.29453078343,4026229.3446934847
1628215923376601049,353690.93026278017,4026228.446440884
1628215923436576741,353691.2319725157,4026228.047117776
1628215923574788718,353691.923274972,4026227.1146015483
1628215923652727810,353692.2871156173,4026226.5346016926
1628215923772704243,353692.86278767814,4026225.7336164573
1628215923838367191,353693.14785958023,4026225.332071885
1628215923976610446,353693.76893707574,4026224.343001851
1628215924048481977,353694.0920078204,4026223.867756134
1628215924180476484,353694.6501386097,4026222.9315071544
1628215924234688461,353694.9251657197,4026222.5206106952
1628215924378577517,353695.53658581094,4026221.5162008265
1628215924444459858,353695.80733711657,4026221.101470316
1628215924576612057,353696.43506334384,4026220.133833814
1628215924636774334,353696.67027409014,4026219.66367272
1628215924780603498,353697.29299864254,4026218.6925806785
1628215924840616637,353697.55929610773,4026218.2779254275
1628215924984486354,353698.1511884692,4026217.270000236
1628215925110516798,353698.7012473035,4026216.3399914107
1628215925182471307,353699.00499518623,4026215.8589075548
1628215925308682578,353699.56702149124,4026214.9725813307
1628215925380615552,353699.8481819733,4026214.4586144644
1628215925512530900,353700.40505191404,4026213.577746495
1628215925584759871,353700.70468045265,4026213.1057044873
1628215925698721410,353701.19323888654,4026212.270790023
1628215925782612833,353701.533338189,4026211.737700576
1628215925908521632,353702.0148818612,4026210.924694304
1628215925980736082,353702.35262312635,4026210.396527553
1628215926106474649,353702.8560227577,4026209.609214537
1628215926178483836,353703.11809087306,4026209.1356094806
1628215926310638385,353703.70084466645,4026208.2261673613
1628215926382613034,353703.9646761882,4026207.766631785
1628215926508621099,353704.4642912913,4026206.9937261357
1628215926574793528,353704.753269247,4026206.5451186663
1628215926706618887,353705.25297422835,4026205.7124577146
1628215926784622293,353705.57696217153,4026205.211928283
1628215926904613054,353706.0388226537,4026204.4657223364
1628215926982682958,353706.3681722459,4026203.9718773756
1628215927102867166,353706.8618003526,4026203.2275155475
1628215927186478113,353707.1540164936,4026202.7465656786
1628215927306622744,353707.641840249,4026202.016279045
1628215927372896990,353707.89850288973,4026201.5984298745
1628215927510469864,353708.434135334,4026200.8296161788
1628215927576774003,353708.7241184757,4026200.4188339585
1628215927703034800,353709.1919261546,4026199.66697357
1628215927774637249,353709.4777197663,4026199.261083917
1628215927912532657,353709.98250711104,4026198.5269709933
1628215927978706732,353710.2695092737,4026198.127591776
1628215928110477414,353710.8048171979,4026197.3937571202
1628215928188480878,353711.0499299292,4026197.022001803
1628215928308624183,353711.5735944382,4026196.307040655
1628215928386714122,353711.8620288423,4026195.894880884
1628215928512470944,353712.3454157632,4026195.245175397
1628215928584479240,353712.62788622663,4026194.8665638375
1628215928710625535,353713.09582418005,4026194.1874559135
1628215928782596731,353713.37309360947,4026193.8152798857
1628215928908751669,353713.8354740832,4026193.15402718
1628215928980764652,353714.1048794879,4026192.7896133857
1628215929112760177,353714.5522658097,4026192.1331304824
1628215929184629886,353714.81568341365,4026191.7719306103
1628215929310729663,353715.299119618,4026191.103425525
1628215929382900310,353715.4873854431,4026190.758997386
1628215929514516592,353715.9432791779,4026190.0966946413
1628215929586620935,353716.18245114654,4026189.741763533
1628215929706623384,353716.54193600104,4026189.1493871557
1628215929844478239,353716.9958960296,4026188.4412183627
1628215929916491403,353717.1697366502,4026188.0991089926
1628215929982967116,353717.38539149077,4026187.7429879964
1628215930108634161,353717.74724673165,4026187.1355569107
1628215930246487316,353718.0987304893,4026186.4379682634
1628215930312766446,353718.2969103975,4026186.0842785365
1628215930444750726,353718.59374633594,4026185.43222944
1628215930510540657,353718.75387399236,4026185.1274001957
1628215930648491425,353719.0484733678,4026184.4260110906
1628215930714729603,353719.2247186097,4026184.0672595007
1628215930846763872,353719.542709047,4026183.3993503
1628215930906739506,353719.63681433164,4026183.1097958493
1628215931044678772,353719.9574320767,4026182.387825828
1628215931116630756,353720.0530262002,4026182.0418493757
1628215931260617622,353720.3543411164,4026181.315261341
1628215931308744947,353720.45864831127,4026181.055197977
1628215931446508430,353720.6941750726,4026180.3975310437
1628215931512638436,353720.83246702596,4026180.032034873
1628215931662637100,353721.08065317903,4026179.2602008265
1628215931716506323,353721.1769016376,4026178.9963672347
1628215931836937076,353721.4209230093,4026178.3068184326
1628215931920643055,353721.5268469538,4026177.903904542
1628215932058743006,353721.76708836097,4026177.156740938
1628215932112507238,353721.8294254291,4026176.923143095
1628215932250690337,353722.066611817,4026176.1793880323
1628215932316643303,353722.1636625703,4026175.8582285047
1628215932448687644,353722.35360320687,4026175.13211681
1628215932514623051,353722.43968607835,4026174.80839583
1628215932640761270,353722.6111581007,4026174.112625408
1628215932712813858,353722.7093761836,4026173.734072742
1628215932844641544,353722.8808325032,4026173.0265227263
1628215932910803638,353722.9852854543,4026172.6630016416
1628215933042651554,353723.1394876306,4026171.949273121
1628215933126516311,353723.2319454792,4026171.5114911185
1628215933264620669,353723.38474645343,4026170.736445503
1628215933312758339,353723.4362187924,4026170.459390642
1628215933444655149,353723.559996556,4026169.7474574577
1628215933511004070,353723.62382940325,4026169.3566067377
1628215933654869293,353723.7633100748,4026168.591490643
1628215933714748742,353723.8131196316,4026168.2520854957
1628215933846638827,353723.9142597792,4026167.515143653
1628215933918509687,353723.9895569864,4026167.1417997344
1628215934050516841,353724.08271998586,4026166.4023069884
1628215934188510906,353724.1961472974,4026165.6123009333
1628215934248644617,353724.2361060226,4026165.2678130153
1628215934320558859,353724.28094671504,4026164.865441998
1628215934446643596,353724.3885861108,4026164.1194182304
1628215934596499636,353724.4647001783,4026163.306360239
1628215934650510193,353724.51356599614,4026162.961660934
1628215934788654266,353724.5791856245,4026162.1487800935
1628215934848634320,353724.6060597552,4026161.799263992
1628215934986757665,353724.6722215718,4026160.982345655
1628215935046801311,353724.69119293225,4026160.6310708504
1628215935190634473,353724.7607195878,4026159.8182461355
1628215935262523357,353724.77795968705,4026159.407796051
1628215935388781548,353724.8239764733,4026158.6520702387
1628215935448736780,353724.83192485105,4026158.3022022196
1628215935592508055,353724.8423154773,4026157.4859811766
1628215935658705192,353724.87892912945,4026157.091561596
1628215935790658572,353724.8713338777,4026156.337900446
1628215935850640142,353724.86381551006,4026155.990124576
1628215935994638141,353724.8551588772,4026155.1808168977
1628215936054568893,353724.843796602,4026154.8331059148
1628215936192662125,353724.8229633324,4026154.0183274723
1628215936252643412,353724.80296791357,4026153.672593285
1628215936390785618,353724.75119033345,4026152.8685911666
1628215936450782528,353724.72347389004,4026152.5246352726
1628215936588642527,353724.65878102445,4026151.779872568
1628215936654668701,353724.6488292762,4026151.356636769
1628215936792776035,353724.56628162635,4026150.5556565146
1628215936858532718,353724.527921639,4026150.213894461
1628215936984784660,353724.4528189227,4026149.456245865
1628215937056664237,353724.40062492614,4026149.0578321777
1628215937200528417,353724.2903939036,4026148.247492499
1628215937254797672,353724.2412953611,4026147.905911716
1628215937386785547,353724.12117012736,4026147.1493893256
1628215937446767081,353724.06978313904,4026146.8060161043
1628215937596668662,353723.93396159564,4026145.9439840233
1628215937656670386,353723.8887727566,4026145.5773126585
1628215937788533581,353723.7694507694,4026144.839453601
1628215937848620602,353723.71012726903,4026144.503172408
1628215937998670519,353723.5669460136,4026143.620939719
1628215938058668917,353723.50326702825,4026143.279727132
1628215938190577681,353723.34831708705,4026142.521045999
1628215938250535444,353723.2792888702,4026142.1738811885
1628215938394951781,353723.09902074083,4026141.2820205656
1628215938520694821,353722.95202427683,4026140.6004151865
1628215938592542187,353722.86626809,4026140.2023239033
1628215938730825044,353722.6789533186,4026139.37027503
1628215938790804499,353722.6019022864,4026139.0214756206
1628215938922673093,353722.3968648849,4026138.242277544
1628215938994818088,353722.29809372674,4026137.832442992
1628215939120650280,353722.10458208167,4026137.0490830503
1628215939192545082,353721.99793051113,4026136.642433305
1628215939318934172,353721.7908116611,4026135.8881728896
1628215939390714411,353721.6832649053,4026135.4754957347
1628215939522657271,353721.46541284135,4026134.71812059
1628215939589011332,353721.33942681865,4026134.3122244715
1628215939720803606,353721.1016793516,4026133.562143231
1628215939792762150,353720.96254326985,4026133.1618097113
1628215939924656385,353720.7339656257,4026132.394544762
1628215939996604040,353720.58921616967,4026131.9943060013
1628215940116602274,353720.30900752824,4026131.292244118
1628215940194783545,353720.1339129718,4026130.8334351694
1628215940314806422,353719.8602969799,4026130.1459105476
1628215940398593250,353719.65766903025,4026129.668553806
1628215940524683043,353719.3382719923,4026128.9263817086
1628215940590539076,353719.18964886776,4026128.582300051
1628215940728662078,353718.81810295547,4026127.7481121332
1628215940794705566,353718.6336057964,4026127.343325828
1628215940914726643,353718.2642292483,4026126.6268084156
1628215940998682653,353718.03570576955,4026126.1628589015
1628215941124810035,353717.6349027008,4026125.374331236
1628215941196791213,353717.42584769835,4026124.9681894775
1628215941322561425,353717.0591085841,4026124.274149715
1628215941400628604,353716.78690091334,4026123.767693953
1628215941526814229,353716.3733719348,4026123.002635715
1628215941598970763,353716.1442486436,4026122.589935737
1628215941718793071,353715.7353341951,4026121.8668531403
1628215941796729129,353715.4633203986,4026121.3971985932
1628215941928785966,353714.9977983567,4026120.603598965
1628215942000808667,353714.7499887713,4026120.193900028
1628215942126554977,353714.29166786803,4026119.4545005304
1628215942198666313,353714.0320746654,4026119.0445427666
1628215942318724906,353713.5361708519,4026118.2878332906
1628215942402603438,353713.204792044,4026117.797635403
1628215942522909980,353712.735276775,4026117.0892784377
1628215942588565764,353712.49606672465,4026116.737082488
1628215942738558967,353711.8629240022,4026115.8370895106
1628215942792800886,353711.617152625,4026115.4866828257
1628215942924596020,353711.0542324134,4026114.679194053
1628215943050797307,353710.5132363263,4026113.897824639
1628215943128571826,353710.1918442794,4026113.4569275985
1628215943200702020,353709.8481561431,4026112.9751163926
1628215943326565578,353709.3275781921,4026112.2535834312
1628215943452794553,353708.7408600133,4026111.4427733724
1628215943524807318,353708.43433694844,4026111.022224881
1628215943662566671,353707.8317751457,4026110.2165041566
1628215943722740161,353707.51396684826,4026109.796298799
1628215943854692622,353706.91452886706,4026109.016557068
1628215943914798714,353706.62935538875,4026108.645941528
1628215944058695234,353705.9808392276,4026107.8114860198
1628215944124713957,353705.63735535974,4026107.385183373
1628215944256684286,353705.0235711807,4026106.6160905203
1628215944328563856,353704.6893739019,4026106.2048289906
1628215944466740526,353703.98494025436,4026105.3588358513
1628215944532679283,353703.69346027053,4026105.012344365
1628215944658698632,353703.0396858529,4026104.2424313948
1628215944730568373,353702.69410419115,4026103.843721835
1628215944874573828,353701.9711921299,4026103.0275209863
1628215944928821058,353701.6679343981,4026102.691970662
1628215945060692493,353701.0045854847,4026101.9695220464
1628215945126889164,353700.6209659188,4026101.5663277507
1628215945258824010,353699.9402719614,4026100.8540292876
1628215945330853740,353699.56912983465,4026100.474123078
1628215945457131315,353698.85249490786,4026099.7622483694
1628215945528783064,353698.47315923794,4026099.3886756464
1628215945660696553,353697.7355453427,4026098.677765561
1628215945726694545,353697.40302992845,4026098.3625458926
1628215945864585444,353696.61978207587,4026097.634644981
1628215945924701479,353696.2674116241,4026097.292965947
1628215946062690974,353695.46787810966,4026096.576509595
1628215946122708402,353695.09935447085,4026096.2541159047
1628215946254588100,353694.3431785238,4026095.6005877424
1628215946332858094,353693.8735576282,4026095.2042473606
1628215946470747818,353693.0162158612,4026094.5197122577
1628215946524706118,353692.717250289,4026094.279366293
1628215946656620085,353691.9098300188,4026093.663355379
1628215946734786306,353691.4214903831,4026093.2897922527
1628215946866583887,353690.6206061123,4026092.692195399
1628215946921075000,353690.2266026741,4026092.4114616313
1628215947064689265,353689.35269665136,4026091.7869603666
1628215947124710587,353688.994938349,4026091.516601099
1628215947268703675,353688.11424700706,4026090.9095486207
1628215947328693966,353687.73343593755,4026090.654684931
1628215947460712389,353686.86228892417,4026090.1068590446
1628215947526721073,353686.4105540309,4026089.8155949824
1628215947664840643,353685.4622035329,4026089.242613827
1628215947796809980,353684.60854144837,4026088.7218673923
1628215947862586995,353684.21293870325,4026088.4837942407
1628215948006842092,353683.2045822416,4026087.881247661
1628215948066841159,353682.8053700383,4026087.6462872922
1628215948198844437,353681.91441065294,4026087.1396292076
1628215948258839841,353681.5149857439,4026086.9065340734
1628215948396729663,353680.5491570993,4026086.371995781
1628215948480581769,353680.0167257605,4026086.069216074
1628215948600851583,353679.22199061606,4026085.61900887
1628215948660823918,353678.77955184743,4026085.4156625657
1628215948798756176,353677.8573891028,4026084.9008646947
1628215948858749979,353677.46492855425,4026084.6826363793
1628215949002632174,353676.4991652991,4026084.177302938
1628215949062584469,353676.1074013775,4026083.964189907
1628215949200842737,353675.16517038964,4026083.4862304484
1628215949260756824,353674.7763912715,4026083.276393514
1628215949404645797,353673.841968331,4026082.809044613
1628215949470593218,353673.45712582057,4026082.6046344647
1628215949608639530,353672.5678068928,4026082.1337469635
1628215949662847584,353672.1847522032,4026081.9484718563
1628215949801070605,353671.3178205954,4026081.4913667035
1628215949860765578,353670.9255526615,4026081.3134799404
1628215950004770600,353670.07772468624,4026080.874485071
1628215950071046082,353669.65864865016,4026080.6595751937
1628215950202774832,353668.86368327425,4026080.2861555484
1628215950262760548,353668.50729613483,4026080.107907142
1628215950406607325,353667.6595344796,4026079.73791211
1628215950472850469,353667.2447769088,4026079.5402024933
1628215950598613369,353666.54141113604,4026079.209578621
1628215950664596988,353666.194362632,4026079.067519301
1628215950808694570,353665.34500518366,4026078.67893558
1628215950868688913,353665.00215481163,4026078.561402755
1628215951006841603,353664.23037352436,4026078.2236640486
1628215951066873034,353663.90408959816,4026078.0824138466
1628215951204747342,353663.1564574037,4026077.8085684255
1628215951265069736,353662.83652731474,4026077.674931968
1628215951408833573,353662.11298403295,4026077.4180444726
1628215951468851128,353661.79795763246,4026077.296501843
1628215951606798108,353661.0677793996,4026077.018974375
1628215951666765453,353660.74622937816,4026076.9339801967
1628215951822599283,353659.9648138939,4026076.651000884
1628215951942601019,353659.3732946302,4026076.506814109
1628215952002720187,353659.0655245271,4026076.4065725296
1628215952080780782,353658.65567556105,4026076.279093414
1628215952200731404,353658.05834511435,4026076.1558179995
1628215952332614183,353657.3929637932,4026075.9747314514
1628215952404851120,353657.03258884524,4026075.936230791
1628215952530851364,353656.3548181548,4026075.784070793
1628215952602604164,353655.98467709264,4026075.7129895072
1628215952740860332,353655.24178808945,4026075.5754791913
1628215952800845456,353654.91553328175,4026075.5299326316
1628215952932818171,353654.1859911919,4026075.4491126947
1628215953004674312,353653.79239984066,4026075.4097387847
1628215953142738032,353653.016349702,4026075.3577502226
1628215953214739229,353652.6059294889,4026075.3373984983
1628215953328773750,353651.95029289596,4026075.3177395216
1628215953406726160,353651.4984655763,4026075.404197515
1628215953538622274,353650.70351817645,4026075.433064765
1628215953616627270,353650.28800922073,4026075.476398177
1628215953736610667,353649.5425006916,4026075.527105317
1628215953802833247,353649.1012428254,4026075.5636104094
1628215953946736290,353648.22203221364,4026075.637175198
1628215954006727750,353647.82944553724,4026075.6753608296
1628215954126747083,353647.04721447965,4026075.766941353
1628215954204871052,353646.51501088147,4026075.828298129
1628215954342638119,353645.64513749216,4026075.9307279135
1628215954408745849,353645.21002409456,4026075.9841278447
1628215954534765626,353644.3332398499,4026076.0893295286
1628215954606750165,353643.8572817772,4026076.1491261823
1628215954738836127,353642.9403562326,4026076.2409372516
1628215954810725283,353642.45745483466,4026076.301583678
1628215954936781811,353641.5398313236,4026076.409886295
1628215955008847608,353641.0538372431,4026076.4717141925
1628215955140653804,353640.1111283386,4026076.598018891
1628215955206874001,353639.62302605994,4026076.6614999194
1628215955332716945,353638.79085684265,4026076.7739443043
1628215955410760904,353638.21278659976,4026076.898485165
1628215955530727230,353637.3937911687,4026077.024836925
1628215955608893518,353636.8457683973,4026077.1107841698
1628215955740836519,353635.95093071787,4026077.3034199458
1628215955812751499,353635.4718213846,4026077.3862196766
1628215955938796389,353634.61145503545,4026077.588985121
1628215956010755426,353634.15093931666,4026077.6705248253
1628215956130869321,353633.34367493156,4026077.822924142
1628215956274734983,353632.45296663744,4026077.981798889
1628215956334606250,353632.07615688303,4026078.0506943306
1628215956418625483,353631.4982067695,4026078.1751115466
1628215956532756169,353630.7553859126,4026078.3126590983
1628215956670842274,353629.8780259454,4026078.5174515666
1628215956742796499,353629.459836441,4026078.600809584
1628215956874769372,353628.67048079905,4026078.8487022268
1628215956934808926,353628.31659303966,4026078.926884806
1628215957072710376,353627.55476880656,4026079.0992387356
1628215957132843221,353627.143822914,4026079.2573346794
1628215957276731987,353626.34290288656,4026079.452901741
1628215957342651349,353626.0033651215,4026079.538746138
1628215957468761097,353625.2340247061,4026079.739456198
1628215957534822171,353624.84521678113,4026079.8459694483
1628215957673070692,353624.0132754998,4026080.058601366
1628215957738626470,353623.68273099046,4026080.1493293876
1628215957876881581,353622.8759266895,4026080.3831434217
1628215957943008110,353622.49507735524,4026080.4947103723
1628215958080637633,353621.7919778868,4026080.7074855245
1628215958140677407,353621.43223893293,4026080.8331003375
1628215958266881978,353620.7362261169,4026081.053507395
1628215958344690044,353620.36443395325,4026081.173741097
1628215958488677045,353619.5880446542,4026081.426847734
1628215958542755130,353619.2731211065,4026081.5354396347
1628215958668747920,353618.5783599474,4026081.779354954
1628215958740883091,353618.2153186516,4026081.9118006383
1628215958878829360,353617.4655930415,4026082.2005901486
1628215958938801093,353617.15647266293,4026082.3094808306
1628215959070764005,353616.4941479652,4026082.558677301
1628215959137013365,353616.14737008803,4026082.68559929
1628215959280890576,353615.4451486346,4026082.968398498
1628215959346784104,353615.1398816389,4026083.085006203
1628215959472766701,353614.46206719195,4026083.3313211584
1628215959544670764,353614.1053987694,4026083.458044094
1628215959676651082,353613.4490160765,4026083.7049126304
1628215959742857612,353613.1027484816,4026083.8439722094
1628215959874773319,353612.44800119393,4026084.0937123876
1628215959946650042,353612.1099761103,4026084.236569568
1628215960084904330,353611.41931090853,4026084.5025416967
1628215960132879215,353611.1694601886,4026084.615466806
1628215960276773944,353610.48554636934,4026084.8836748325
1628215960348758548,353610.15489725233,4026085.0296118585
1628215960486656311,353609.4676096726,4026085.314875378
1628215960534777290,353609.2344365681,4026085.421506803
1628215960672895273,353608.58553610544,4026085.71747454
1628215960744909442,353608.2593328912,4026085.862848252
1628215960876772175,353607.6639727754,4026086.163313245
1628215961014889878,353607.04803669534,4026086.521102619
1628215961074970357,353606.7887439288,4026086.678438184
1628215961218783946,353606.1386909178,4026087.043456858
1628215961278781250,353605.8794474647,4026087.20732243
1628215961416739208,353605.3102862906,4026087.5809844634
1628215961470756479,353605.0680497021,4026087.768885446
1628215961620760746,353604.4339239587,4026088.2349237795
1628215961680731947,353604.20307198656,4026088.4392036274
1628215961812781316,353603.71635076724,4026088.8986929464
1628215961872755857,353603.46069068566,4026089.130156032
1628215962016890987,353602.93227909924,4026089.708545166
1628215962094781314,353602.6949073828,4026089.989321268
1628215962220783404,353602.246420057,4026090.5407557786
1628215962269201794,353602.08522804076,4026090.7535635205
1628215962418906627,353601.56778079376,4026091.40653614
1628215962484685640,353601.3763752793,4026091.6733825537
1628215962610968192,353600.9329324971,4026092.266907527
1628215962670910615,353600.74604411505,4026092.5446335385
1628215962814699760,353600.314208072,4026093.2074209894
1628215962880895295,353600.05345848785,4026093.556677348
1628215963012893531,353599.6514599791,4026094.197354149
1628215963072886232,353599.4642881221,4026094.4980343715
1628215963222775166,353598.9553190611,4026095.2698833817
1628215963282769992,353598.7646750102,4026095.5817917986
1628215963415950151,353598.2988246351,4026096.2723148665
1628215963487805905,353598.10604607716,4026096.5951542184
1628215963614155485,353597.60035035736,4026097.3475997318
1628215963686051720,353597.3719264369,4026097.7353118155
1628215963812368148,353596.9504003123,4026098.4664377584
1628215963878015745,353596.68400197173,4026098.806451219
1628215964015902219,353596.224898646,4026099.614537092
1628215964087998877,353595.9937323453,4026100.020545199
1628215964213918743,353595.51303563546,4026100.789597441
1628215964273921589,353595.3180920153,4026101.1468364955
1628215964417878568,353594.80690487137,4026101.978812831
1628215964484410476,353594.575802885,4026102.4030695464
1628215964621984878,353594.09481961426,4026103.19849411
1628215964676125039,353593.89444264333,4026103.566475714
1628215964819957273,353593.4322613064,4026104.430766535
1628215964945907581,353592.9641228479,4026105.188101561
1628215965018116451,353592.6991703303,4026105.689529942
1628215965150640696,353592.2097232721,4026106.507772358
1628215965216911286,353591.9757824687,4026106.9482210414
1628215965348785160,353591.54390236706,4026107.767260931
1628215965420983340,353591.2482018175,4026108.207990138
1628215965547139144,353590.8177684931,4026109.029569126
1628215965624812436,353590.5337570852,4026109.468574978
1628215965690797922,353590.2997381039,4026109.9043863304
1628215965817051368,353589.8671389489,4026110.706134873
1628215965948902179,353589.3913724597,4026111.52851039
1628215966020968738,353589.158898606,4026111.954621527
1628215966141019513,353588.73287050147,4026112.690127026
1628215966224735715,353588.4643176822,4026113.169887713
1628215966344694510,353588.0602116117,4026113.8843928277
1628215966422926235,353587.7456390176,4026114.360444961
1628215966542900721,353587.3394753005,4026115.061526526
1628215966614694258,353587.06100767886,4026115.463786961
1628215966752783349,353586.5717014015,4026116.2613973445
1628215966824944196,353586.3244096498,4026116.655745754
1628215966944989263,353585.8764689112,4026117.333302121
1628215967022827286,353585.5829987065,4026117.772345914
1628215967148793868,353585.1244678232,4026118.411903479
1628215967226785130,353584.8191523194,4026118.8361937134
1628215967346821598,353584.351432987,4026119.459304887
1628215967424928575,353584.0161147864,4026119.856178289
1628215967556786569,353583.4814240962,4026120.4925976833
1628215967616799177,353583.2436991476,4026120.774051762
1628215967754922781,353582.64360854775,4026121.422867821
1628215967814843552,353582.38011179346,4026121.6925197337
1628215967946912280,353581.818560231,4026122.212937134
1628215968024851138,353581.4511426167,4026122.544983863
1628215968150962392,353580.8975318973,4026123.004384123
1628215968216938733,353580.55969742575,4026123.2703787833
1628215968354698215,353579.9129423231,4026123.740050513
1628215968421862678,353579.5660938808,4026123.9638082837
1628215968548082240,353578.88331407274,4026124.4000309194
1628215968625914188,353578.4363805375,4026124.624228626
1628215968757858914,353577.7037697728,4026125.0045607383
1628215968829805194,353577.29963756894,4026125.1973038586
1628215968950081765,353576.5993424838,4026125.474641737
1628215969021968443,353576.1816084376,4026125.642590139
1628215969147900665,353575.40852571704,4026125.8671414936
1628215969219866805,353574.97659966775,4026125.9934288054
1628215969351868487,353574.16793877,4026126.218184717
1628215969478381605,353573.37712934654,4026126.350810965
1628215969562003013,353572.8637422427,4026126.434742848
1628215969621874348,353572.502143443,4026126.435695471
1628215969753846130,353571.66766983963,4026126.5378704914
1628215969886800391,353570.8632554347,4026126.5335492976
1628215969952902739,353570.40862440143,4026126.5550256064
1628215970024806572,353569.95109459455,4026126.5674871313
1628215970144684269,353569.18836759095,4026126.5019143242
1628215970282921711,353568.266738137,4026126.4631052813
1628215970354941551,353567.8031188452,4026126.4222026104
1628215970486694346,353566.98898990697,4026126.236678572
1628215970552861244,353566.5255031609,4026126.1711153365
1628215970684822818,353565.70405875286,4026125.91024448
1628215970756945347,353565.24380324,4026125.811972651
1628215970888811802,353564.4760938783,4026125.480460669
1628215970954877202,353564.0240055624,4026125.359864438
1628215971086839820,353563.18691421923,4026125.1229400486
1628215971158755707,353562.83545180445,4026124.8569350536
1628215971302830459,353561.9474781989,4026124.570546747
1628215971356936482,353561.56816791167,4026124.4371545305
1628215971488826665,353560.8595828281,4026124.0035992432
1628215971548807694,353560.4928289781,4026123.8620297317
1628215971698978185,353559.6638281058,4026123.3707250413
1628215971746928775,353559.3602523786,4026123.2369686104
1628215971878955763,353558.68818634225,4026122.7938851533
1628215971956855023,353558.2061204761,4026122.5679295114
1628215972088817750,353557.4292348487,4026122.1882329825
1628215972148811140,353557.2313678587,4026121.9281470217
1628215972280963137,353556.4742074169,4026121.5274871876
1628215972358851581,353556.13384800963,4026121.1925992146
1628215972496831072,353555.38200021,4026120.7740578037
1628215972550825895,353555.03446631425,4026120.578025103
1628215972688953666,353554.2843025067,4026120.042450022
1628215972748933563,353553.93848092324,4026119.839399844
1628215972892832158,353553.16202206607,4026119.2971891016
1628215972952834895,353552.81556518824,4026119.0890532266
1628215973090717802,353552.0608949145,4026118.6371427816
1628215973162957680,353551.59909708914,4026118.288743186
1628215973294822273,353550.8403582935,4026117.8272274514
1628215973354655692,353550.4888559894,4026117.613073369
1628215973480874213,353549.7094193578,4026117.0933133163
1628215973552831358,353549.29501944035,4026116.8410068676
1628215973691231982,353548.4638519994,4026116.268531897
1628215973756930623,353548.10675306176,4026116.0482468586
1628215973882921405,353547.31783514365,4026115.516409601
1628215973960832275,353546.8990418491,4026115.2569447868
1628215974086718280,353546.1221216883,4026114.7741606208
1628215974230816156,353545.25176897703,4026114.2015547305
1628215974284972434,353544.89831115986,4026113.980048601
1628215974356836658,353544.4880266057,4026113.7220880548
1628215974488697920,353543.6918277271,4026113.1819817643
1628215974626932000,353542.8498463773,4026112.623331528
1628215974686943970,353542.50495318195,4026112.403023525
1628215974830839227,353541.7056648361,4026111.8895811555
1628215974896959611,353541.2826015075,4026111.5905461228
1628215975028914646,353540.5473248975,4026111.116183433
1628215975094599650,353540.20973513357,4026110.898285058
1628215975226868379,353539.39655936393,4026110.364844293
1628215975298842416,353539.0088382448,4026110.1130334525
1628215975425101823,353538.2704789981,4026109.6187949115
1628215975490758516,353537.9454232747,4026109.405842287
1628215975628883879,353537.14481266093,4026108.8828095496
1628215975700821607,353536.7750189315,4026108.640888756
1628215975826979330,353536.1006454223,4026108.1986394124
1628215975892729949,353535.7548773761,4026107.9699235302
1628215976030944236,353535.0546987751,4026107.503085804
1628215976096734100,353534.76030927926,4026107.3062471896
1628215976234736864,353534.04309334164,4026106.8316407977
1628215976295031612,353533.7584601599,4026106.641503824
1628215976432968559,353533.0733776244,4026106.190371914
1628215976493002252,353532.79993314453,4026106.005020263
1628215976630889291,353532.148447001,4026105.57364544
1628215976690881115,353531.88585555996,4026105.3948853323
1628215976834849433,353531.2852902456,4026104.9863622445
1628215976894960789,353531.0097254943,4026104.816396946
1628215977026849657,353530.4765287583,4026104.450558819
1628215977086877775,353530.2362463458,4026104.2845443455
1628215977236695728,353529.6333170971,4026103.8697746503
1628215977302921360,353529.3685427564,4026103.6846427703
1628215977434935196,353528.863507595,4026103.3347778413
1628215977488855326,353528.6852282721,4026103.2081515123
1628215977638714158,353528.14645407227,4026102.8445440405
1628215977704742353,353527.9485664265,4026102.702471446
1628215977824984923,353527.53679041925,4026102.403276775
1628215977884957581,353527.32974406343,4026102.2898626407
1628215978034722208,353526.92334711726,4026101.991156916
1628215978088728128,353526.75775091967,4026101.8674595803
1628215978226979273,353526.36359754566,4026101.607060419
1628215978358978287,353526.02787750005,4026101.3734448007
1628215978436896366,353525.8366716693,4026101.2258881736
1628215978556881778,353525.561626322,4026101.01083944
1628215978628988849,353525.4002183622,4026100.9218921675
1628215978766965227,353525.10314179043,4026100.6888746293
1628215978826998913,353524.9800287613,4026100.5907350797
1628215978910858123,353524.8240313756,4026100.514971613
1628215979030838218,353524.5943233318,4026100.328240057
1628215979162803634,353524.3717501878,4026100.1917117885
1628215979228965703,353524.2513235069,4026100.090017293
1628215979360971071,353524.0408275423,4026099.9675061963
1628215979432828085,353523.9264721002,4026099.871141253
1628215979564741779,353523.72332061606,4026099.6920785727
1628215979630985273,353523.6267557474,4026099.67332491
1628215979768758090,353523.4333313966,4026099.4956237082
1628215979834725566,353523.32914066664,4026099.397622104
1628215979960901954,353523.16844257026,4026099.2748491275
1628215980032824069,353523.0682767206,4026099.1658235937
1628215980164806758,353522.8946088641,4026099.019557507
1628215980230873994,353522.7883265413,4026098.8989165225
1628215980362986016,353522.62812397385,4026098.7260249187
1628215980434863211,353522.5177867878,4026098.59297069
1628215980566859863,353522.3151946176,4026098.324237233
1628215980638836944,353522.2429311252,4026098.2266725358
1628215980770877770,353522.03665108304,4026097.902245367
1628215980836850000,353521.94767935644,4026097.758606529
1628215980962813056,353521.8081841059,4026097.503699236
1628215981034903882,353521.6885700376,4026097.302045179
1628215981166869056,353521.53657115507,4026096.971787121
1628215981239027395,353521.44772918656,4026096.7708336283
1628215981358744552,353521.3020466985,4026096.4098594347
1628215981436962389,353521.23397790967,4026096.192166741
1628215981562854402,353521.0983526423,4026095.8051434383
1628215981640736258,353521.05488066835,4026095.562223991
1628215981760819023,353520.95175729203,4026095.13741956
1628215981832871249,353520.89865798655,4026094.880990864
1628215981964963406,353520.8258295945,4026094.3961646003
1628215982036907139,353520.7804222512,4026094.129016201
1628215982168877932,353520.75060085906,4026093.6249081427
1628215982229000553,353520.730198162,4026093.3819344444
1628215982360965508,353520.7285748626,4026092.856231413
1628215982438927679,353520.7301042354,4026092.513429417
1628215982558911056,353520.751153045,4026091.989448879
1628215982630875584,353520.80263126915,4026091.705861651
1628215982769004408,353520.87672115257,4026091.0774070667
1628215982834738391,353520.91823887464,4026090.807538114
1628215982960921239,353521.0511545704,4026090.2543532117
1628215983092866473,353521.1827739552,4026089.678637557
1628215983164735271,353521.2914083509,4026089.3787642606
1628215983302957760,353521.4586558755,4026088.7552353144
1628215983362998402,353521.5827382661,4026088.527977452
1628215983494857960,353521.7737685493,4026087.9538210724
1628215983572766121,353521.88964706997,4026087.645616044
1628215983705000543,353522.17296465894,4026087.0898888973
1628215983896865802,353522.56943394477,4026086.3029382573
1628215983974851011,353522.7212725922,4026085.9701689174
1628215984094864080,353522.96272200777,4026085.4758189274
1628215984167000477,353523.12150265457,4026085.2179450546
1628215984292932162,353523.4022145476,4026084.692199981
1628215984377234628,353523.57857379806,4026084.3982926207
1628215984508857193,353523.84840996657,4026083.8754474833
1628215984568819320,353523.972271264,4026083.6351012583
1628215984695175351,353524.2766104782,4026083.178415402
1628215984767038867,353524.42686662544,4026082.9108894253
1628215984910839056,353524.7134263653,4026082.4061333714
1628215984958868459,353524.8230237165,4026082.2101570256
1628215985102744538,353525.13197036076,4026081.646916661
1628215985168981957,353525.2859623112,4026081.416254116
1628215985306920510,353525.60911033535,4026080.8338221647
1628215985366961108,353525.74754148396,4026080.6249682293
1628215985499024205,353526.0518274134,4026080.0712366886
1628215985570976165,353526.21817437594,4026079.7735313107
1628215985696969168,353526.5178940882,4026079.24212446
1628215985768933834,353526.69053420576,4026078.937598803
1628215985906818267,353527.04370918876,4026078.4417572347
1628215985961015760,353527.1947366995,4026078.1693049083
1628215986104765152,353527.5580108666,4026077.51267739
1628215986176861330,353527.73303019244,4026077.240582501
1628215986302891759,353528.08866181155,4026076.6120385085
1628215986374769230,353528.28448567586,4026076.3069989556
1628215986513013917,353528.66485547717,4026075.6074186284
1628215986560978007,353528.80097449495,4026075.3520336444
1628215986698934500,353529.182024315,4026074.6529606516
1628215986776864271,353529.37442254764,4026074.2824572776
1628215986903004816,353529.7457489412,4026073.603904049
1628215986963011195,353529.9135572118,4026073.2770905783
1628215987101154975,353530.29927534796,4026072.500331934
1628215987172933984,353530.51168144954,4026072.1291852393
1628215987304894548,353530.8680210946,4026071.383624109
1628215987437012143,353531.27372661943,4026070.6483371006
1628215987502926241,353531.4675056317,4026070.2331323614
1628215987575034805,353531.6612160781,4026069.81386992
1628215987706897025,353532.0562062211,4026069.01513442
1628215987838748047,353532.40865656,4026068.205551692
1628215987910778970,353532.62451176194,4026067.7676348174
1628215988042936785,353533.00680070766,4026066.878231991
1628215988102808027,353533.142920953,4026066.5579051585
1628215988241871571,353533.5219595074,4026065.638680355
1628215988307798044,353533.67739656375,4026065.244326521
1628215988439902651,353534.0196290114,4026064.285165658
1628215988511880920,353534.19325677695,4026063.8151558954
1628215988638001609,353534.5015407818,4026062.9093036293
1628215988698035879,353534.6500368134,4026062.5014867033
1628215988847956845,353534.9732272817,4026061.538710933
1628215988913897601,353535.0896790068,4026061.0440936303
1628215989039999318,353535.36603444134,4026060.1341118226
1628215989105751897,353535.49403738644,4026059.7126641213
1628215989243876368,353535.7221901984,4026058.698729369
1628215989303898800,353535.8355234269,4026058.272372105
1628215989447922523,353536.0341860703,4026057.2433106685
1628215989502019851,353536.13675197016,4026056.8118252945
1628215989645883069,353536.0921909689,4026055.7389006787
1628215989705888718,353536.17738596397,4026055.301574818
1628215989843891407,353536.3644453801,4026054.2757002558
1628215989903885876,353536.2221061139,4026053.7875321107
1628215990053991812,353536.38066833944,4026052.675285493
1628215990102029301,353536.42973937176,4026052.3033900205
1628215990245895364,353536.1453320782,4026051.2094945246
1628215990311790330,353536.1844018919,4026050.7586353924
1628215990449776523,353536.3855887707,4026049.7272424884
1628215990516035778,353536.4252295161,4026049.198217586
1628215990642273395,353536.5465245937,4026048.217369684
1628215990707887182,353536.5772779899,4026047.7619513734
1628215990845880045,353536.6417477981,4026046.6942031085
1628215990911934808,353536.68093196047,4026046.23205046
1628215991049906038,353536.7382044125,4026045.1573437094
1628215991103818643,353536.75751882524,4026044.772614887
1628215991247891297,353536.8369880753,4026043.6173321726
1628215991307893710,353536.8565953235,4026043.1524281036
1628215991451812185,353536.95477020345,4026042.05667468
1628215991506033536,353536.9706758168,4026041.5894222683
1628215991649914248,353537.00249743124,4026040.47858534
1628215991769888485,353537.0234493378,4026039.537122886
1628215991859997319,353537.0827349521,4026038.823468901
1628215991980016187,353537.09179749864,4026037.8754934743
1628215992040018626,353537.09208254167,4026037.4012418324
1628215992123921972,353536.99884756457,4026036.723704703
1628215992243830153,353536.98045461683,4026035.769052141
1628215992382012184,353536.7600775942,4026034.6141984956
1628215992447860365,353536.7343383189,4026034.134893489
1628215992573922183,353536.6669080863,4026033.0955282864
1628215992645924817,353536.45492185815,4026032.4949194337
1628215992771916199,353536.35713518487,4026031.4505740865
1628215992849836720,353536.2986718684,4026030.8875929937
1628215992975905347,353536.1466353148,4026029.81123582
1628215993041966807,353536.07577040023,4026029.2475487962
1628215993173935779,353535.92175144085,4026028.223624217
1628215993252057611,353535.8243279407,4026027.5799411125
1628215993377788725,353535.6419095137,4026026.6198820216
1628215993449787140,353535.5499036846,4026026.0584138986
1628215993575915151,353535.36893594684,4026025.025301167
1628215993654064860,353535.088977608,4026024.3319073296
1628215993779796049,353534.90017788304,4026023.380684199
1628215993846059829,353534.78959100595,4026022.8248402257
1628215993983961800,353534.5083957666,4026021.689935584
1628215994043975895,353534.39673984994,4026021.215287066
1628215994176045143,353534.1347299033,4026020.1863517226
1628215994248048581,353533.9987987034,4026019.6331944307
1628215994385797193,353533.7436304706,4026018.597399024
1628215994451934604,353533.59427687083,4026018.04452963
1628215994577928222,353533.3067769312,4026017.0241123443
1628215994655772653,353533.15009159746,4026016.427451743
1628215994781769378,353532.86020422936,4026015.406617052
1628215994847936423,353532.6998366459,4026014.85570386
1628215994979996070,353532.3746736152,4026013.7771763727
1628215995051850429,353532.2044297285,4026013.2269183965
1628215995178067647,353531.8444023775,4026012.161980777
1628215995255912581,353531.667579073,4026011.612444371
1628215995375925941,353531.33321943216,4026010.6361849573
1628215995453926212,353531.12044980796,4026010.0073299594
1628215995579814279,353530.7939567901,4026009.0667960346
1628215995652037379,353530.561848572,4026008.3879135107
1628215995777810940,353530.2190088021,4026007.4515926936
1628215995849825039,353530.0140057961,4026006.9067135407
1628215995981937152,353529.5593540138,4026005.760977229
1628215996053797959,353529.3424977738,4026005.218953481
1628215996180085064,353528.92639132414,4026004.234096496
1628215996311967295,353528.467919106,4026003.154831568
1628215996377964207,353528.2411165456,4026002.627380365
1628215996450230990,353527.96871411294,4026002.0127780754
1628215996575877945,353527.55234518764,4026001.095461504
1628215996702035649,353527.0396539491,4026000.043816141
1628215996779767081,353526.7864710308,4025999.5119280024
1628215996917789749,353526.2342313167,4025998.402570556
1628215996977796363,353526.0076070365,4025997.950678497
1628215997109791282,353525.4957346143,4025996.907777984
1628215997176042424,353525.2215602888,4025996.38335534
1628215997320060558,353524.66434229695,4025995.3405804406
1628215997379940016,353524.3801445289,4025994.8442205186
1628215997506017081,353523.8415529182,4025993.8851768947
1628215997583819012,353523.5463875216,4025993.371851365
1628215997715987372,353522.93454603746,4025992.2894416614
1628215997781924043,353522.6737266182,4025991.8546377993
1628215997913801236,353522.02468876785,4025990.850066934
1628215997986057027,353521.6669971915,4025990.280913113
1628215998123803389,353521.02254634735,4025989.3058060273
1628215998183986083,353520.7496463832,4025988.889303473
1628215998309950766,353520.1521828701,4025987.9967768956
1628215998381813784,353519.7700276686,4025987.4679844673
1628215998520038757,353519.10690071294,4025986.5217883787
1628215998585815391,353518.81946479355,4025986.119142524
1628215998711927102,353518.14506927994,4025985.221233048
1628215998783929763,353517.80094788177,4025984.7580519863
1628215998910060090,353517.1029831331,4025983.870367712
1628215998982063590,353516.75133884425,4025983.413478446
1628215999108208296,353516.0506096707,4025982.5464099846
1628215999179985669,353515.6917051177,4025982.0969067193
1628215999311947335,353515.01872215315,4025981.26815747
1628215999378192122,353514.6133142461,4025980.808057166
1628215999515911966,353513.9282924627,4025979.9892466734
1628215999575937737,353513.61068624246,4025979.6143328496
1628215999713955859,353512.8097138206,4025978.7276576553
1628215999785818079,353512.4308027333,4025978.2969559734
1628215999911969651,353511.66932121856,4025977.4898751876
1628215999984086029,353511.2826897494,4025977.0646141553
1628216000127957290,353510.4518337089,4025976.211800277
1628216000175951776,353510.16868207895,4025975.9146128637
1628216000314069777,353509.3664967675,4025975.0898180744
1628216000386088816,353508.91158346564,4025974.65097127
1628216000523969427,353508.14844272786,4025973.8974165455
1628216000655963808,353507.285697627,4025973.068152437
1628216000715935618,353506.9246166912,4025972.728245248
1628216000787815915,353506.5001319386,4025972.334752466
1628216000919958092,353505.6844447757,4025971.548913336
1628216001063864424,353504.81505266554,4025970.777776186
1628216001117827484,353504.4605879063,4025970.489881678
1628216001256081347,353503.50921675167,4025969.6855843007
1628216001316058296,353503.12464558106,4025969.3678030395
1628216001459967532,353502.1806455556,4025968.602413476
1628216001519959056,353501.7880700785,4025968.2913289117
1628216001658106928,353500.8106289422,4025967.5406955886
1628216001718083669,353500.4102445848,4025967.237036848
1628216001855892841,353499.5375814824,4025966.5865618973
1628216001910063076,353499.07941381575,4025966.265752464
1628216002059963451,353498.062375083,4025965.52674473
1628216002131869290,353497.5332308466,4025965.17374876
1628216002257832309,353496.70978863665,4025964.5899473904
1628216002312183959,353496.29655034706,4025964.2985606673
1628216002462099595,353495.1994007626,4025963.579157216
1628216002527830341,353494.78167077596,4025963.292851416
1628216002653838157,353493.8210044811,4025962.6680958993
1628216002720099028,353493.3293039497,4025962.338576232
1628216002857840450,353492.41255877103,4025961.730534534
1628216002923950114,353491.87741775985,4025961.394699729
1628216003055918702,353490.95523923903,4025960.790198544
1628216003115885542,353490.48555821035,4025960.50321482
1628216003265967802,353489.41260340565,4025959.8106554295
1628216003325962415,353488.9817940516,4025959.534123093
1628216003463970213,353487.9269552734,4025958.884257208
1628216003517842244,353487.5663203128,4025958.6538411602
1628216003656054140,353486.4950780114,4025958.001231501
1628216003721829386,353486.05749571277,4025957.724813809
1628216003853988023,353485.0335002856,4025957.079858972
1628216003913989681,353484.5352351533,4025956.7772454065
1628216004064074029,353483.429656552,4025956.0864589913
1628216004129883844,353482.93986793206,4025955.7942613666
1628216004261847631,353481.97760009,4025955.194009456
1628216004321979103,353481.53216200514,4025954.916839781
1628216004459944356,353480.4279041096,4025954.250048922
1628216004526087131,353479.90415664506,4025953.9257410266
1628216004658076773,353478.8817395564,4025953.3038011435
1628216004718081395,353478.4299209869,4025953.026495354
1628216004862054405,353477.329420311,4025952.358145971
1628216004988125728,353476.3470879235,4025951.7552431463
1628216005060096983,353475.8164092463,4025951.4289164273
1628216005185840496,353474.8587450548,4025950.8663684875
1628216005258011776,353474.24893321074,4025950.4929175326
1628216005389979586,353473.20849946485,4025949.8613035805
1628216005468108222,353472.597799722,4025949.4858840886
1628216005593980425,353471.67958394083,4025948.922791556
1628216005659990438,353471.08884497156,4025948.5619883956
1628216005732129668,353470.5503172412,4025948.231705306
1628216005863860235,353469.4937007464,4025947.588768626
1628216005990078967,353468.4851786599,4025946.969311048
1628216006062162892,353467.9434408292,4025946.6350845555
1628216006182019213,353466.9632183418,4025946.0198788983
1628216006253985245,353466.41822340444,4025945.682533716
1628216006392069966,353465.2882278373,4025944.977269653
1628216006464108522,353464.73877984873,4025944.6346592484
1628216006584113700,353463.7962114388,4025944.046344311
1628216006662001632,353463.14064556605,4025943.6182473903
1628216006793966177,353462.11899619695,4025942.9768870613
1628216006859886448,353461.64615370356,4025942.679917909
1628216006986093931,353460.5769389636,4025942.0157107366
1628216007064025321,353459.94322096714,4025941.6181896813
1628216007195961366,353458.89049869264,4025940.9186998857
1628216007267942129,353458.3340952304,4025940.5672352384
1628216007387856077,353457.3523616103,4025939.934935662
1628216007454090705,353456.79442495294,4025939.5812387154
1628216007597988102,353455.674172348,4025938.8729424085
1628216007657987002,353455.1608056532,4025938.545439122
1628216007795855166,353454.1160390327,4025937.8851528144
1628216007856100100,353453.5098681812,4025937.4853047873
1628216007988130005,353452.46185765334,4025936.8244936867
1628216008066124736,353451.8161563701,4025936.416769254
1628216008191910197,353450.8310823514,4025935.787303983
1628216008258076404,353450.2685953991,4025935.4316396876
1628216008390406935,353449.1983264822,4025934.7430984457
1628216008461991511,353448.63754577807,4025934.3872833247
1628216008593997613,353447.5968724061,4025933.7272947547
1628216008665978646,353447.0147755378,4025933.350721873
1628216008791854676,353445.97806479386,4025932.69228392
1628216008863972217,353445.4000102537,4025932.3183588674
1628216008990188347,353444.37062936986,4025931.662085973
1628216009061998669,353443.81868874514,4025931.309326022
1628216009193874519,353442.7547977087,4025930.644298469
1628216009272127071,353442.1244211539,4025930.2423580843
1628216009392102128,353441.1533282845,4025929.6385060046
1628216009523962247,353440.13410043175,4025928.990759463
1628216009602103919,353439.50814451696,4025928.5939935627
1628216009662102141,353439.01717558526,4025928.282714088
1628216009794104288,353438.00253573235,4025927.642824826
1628216009925982105,353436.9703450335,4025926.9973120396
1628216009992019948,353436.4258643327,4025926.6580373165
1628216010130350025,353435.31965311617,4025925.9718145533
1628216010184284074,353434.93072394654,4025925.7304349076
1628216010327983993,353433.840996244,4025925.055316696
1628216010399999811,353433.3120944544,4025924.704334497
1628216010525973833,353432.3048330146,4025924.080342935
1628216010585976487,353431.839449167,4025923.7914584666
1628216010730156020,353430.7444686855,4025923.108922076
1628216010796107406,353430.20154120296,4025922.773100487
1628216010927984852,353429.19650658726,4025922.143669949
1628216010987978582,353428.7317228217,4025921.8559962027
1628216011119882470,353427.7214975564,4025921.2246089205
1628216011186136946,353427.1783743391,4025920.8898589457
1628216011329927402,353426.0914028053,4025920.2207986023
1628216011396047457,353425.55213354214,4025919.8937961054
1628216011528117460,353424.5403927359,4025919.2774800956
1628216011600047126,353423.995401441,4025918.9459662773
1628216011738044332,353422.908387174,4025918.2870389544
1628216011792012201,353422.5198692626,4025918.050169517
1628216011930010766,353421.4380975696,4025917.3890784844
1628216011990014362,353420.97276510415,4025917.1032759985
1628216012139915520,353419.88827943895,4025916.4441231596
1628216012194014403,353419.4237028649,4025916.1579112355
1628216012331990043,353418.34170293325,4025915.4887677226
1628216012392014416,353417.86745672405,4025915.1883760514
1628216012530141990,353416.7854855684,4025914.51734013
1628216012595917454,353416.32192650985,4025914.228150924
1628216012722136829,353415.3221523021,4025913.612152327
1628216012800123208,353414.70676656027,4025913.2270197286
1628216012932096719,353413.6986261681,4025912.5963311554
1628216012992116312,353413.23945174704,4025912.3083802056
1628216013129892855,353412.2411856173,4025911.6715127593
1628216013196029077,353411.7127613753,4025911.3380409596
1628216013334267991,353410.662813092,4025910.676718086
1628216013393985749,353410.1949180956,4025910.3801866984
1628216013525886881,353409.22926525347,4025909.7716683066
1628216013603927763,353408.7120380382,4025909.445270522
1628216013736000694,353407.6611638684,4025908.7635167106
1628216013867854798,353406.69278724195,4025908.152755821
1628216013928017321,353406.25620656356,4025907.876324991
1628216013994100918,353405.75088948826,4025907.5558599913
1628216014137893917,353404.7345685071,4025906.9088921896
1628216014269890398,353403.8313943069,4025906.3353285342
1628216014329905463,353403.4206160622,4025906.0742696053
1628216014474030900,353402.4499823771,4025905.4600072764
1628216014528173882,353402.05129328324,4025905.206434402
1628216014666085662,353401.12047472014,4025904.602454602
1628216014726058660,353400.7367182334,4025904.3566858904
1628216014875986711,353399.8259998476,4025903.779160859
1628216014930022184,353399.4549286937,4025903.541844676
1628216015074028875,353398.6072858905,4025902.9966392657
1628216015128303747,353398.2309887177,4025902.767895496
1628216015272019171,353397.4160761528,4025902.2434989996
1628216015331942902,353397.0741297414,4025902.0231159055
1628216015470002521,353396.2700534367,4025901.5205395552
1628216015530155389,353395.9411646726,4025901.3089688877
1628216015667936699,353395.22002813866,4025900.880063428
1628216015740052244,353394.7996830062,4025900.6109269117
1628216015872012064,353394.13011886226,4025900.203610218
1628216015932032290,353393.8306681651,4025900.011256148
1628216016070157840,353393.15159140364,4025899.5773973493
1628216016135900477,353392.87427087873,4025899.403406882
1628216016268031750,353392.27680266916,4025899.02044462
1628216016334012304,353391.9615748789,4025898.817279539
1628216016472149303,353391.3422074779,4025898.433222953
1628216016537913142,353391.08308091515,4025898.264997797
1628216016676024287,353390.5077673199,4025897.9090658673
1628216016736010493,353390.2576082293,4025897.7514007892
1628216016874158450,353389.7203340508,4025897.4288527663
1628216016934162548,353389.4752687026,4025897.2728410517
1628216017066119910,353388.9489510616,4025896.932315824
1628216017131852449,353388.7077220271,4025896.773980908
1628216017276034217,353388.14106451994,4025896.4264476825
1628216017336026245,353387.9078328436,4025896.280856019
1628216017474137938,353387.3947118132,4025895.9519485426
1628216017528175110,353387.2107658767,4025895.835277985
1628216017678164633,353386.69042525475,4025895.5053330082
1628216017738054834,353386.4715234159,4025895.364381807
1628216017869922397,353386.03798283846,4025895.090952289
1628216017929919005,353385.81857616676,4025894.9544347296
1628216018068143009,353385.2917514859,4025894.6308556832
1628216018200018421,353384.8436049329,4025894.3490978125
1628216018271914843,353384.57237040065,4025894.1849229294
1628216018398136179,353384.0996724762,4025893.904038222
1628216018470157096,353383.8245441151,4025893.7442017314
1628216018602197447,353383.30705034384,4025893.4472595975
1628216018668089814,353383.04897625453,4025893.2961678845
1628216018800044674,353382.5142039709,4025892.9988772417
1628216018872245869,353382.2583824586,4025892.8420406063
1628216019004110130,353381.7131551643,4025892.5436756574
1628216019070070457,353381.41605774406,4025892.3840278126
1628216019202043543,353380.88979003043,4025892.098800515
1628216019273945285,353380.5869558472,4025891.9445903734
1628216019400167766,353380.03579811833,4025891.6582583315
1628216019472174692,353379.7322790332,4025891.512269104
1628216019604050842,353379.17170590773,4025891.2502360153
1628216019675922329,353378.8587847079,4025891.100469087
1628216019802157279,353378.2931046621,4025890.859457689
1628216019874181871,353377.9875245209,4025890.7269312353
1628216020006027115,353377.4217091409,4025890.513998589
1628216020072402388,353377.1158210751,4025890.406563036
1628216020204154077,353376.5383698464,4025890.203928711
1628216020276115344,353376.232455877,4025890.1148043275
1628216020408071537,353375.6438689808,4025889.952031647
1628216020474084991,353375.33702418837,4025889.8818440973
1628216020600025567,353374.8090609126,4025889.7777997013
1628216020677927911,353374.43843333266,4025889.7092711674
1628216020804189309,353373.8664195149,4025889.6350251003
1628216020882093835,353373.5439841194,4025889.595710782
1628216021008047751,353372.9776100352,4025889.5607983964
1628216021068054116,353372.71679021814,4025889.557673374
1628216021206196543,353372.1201582885,4025889.5741462153
1628216021278139798,353371.8151476103,4025889.590720477
1628216021398157321,353371.29144123,4025889.6535063055
1628216021470064384,353370.98672560864,4025889.694734013
1628216021601933601,353370.4249453901,4025889.799668341
1628216021680167861,353370.07012631645,4025889.8682638095
1628216021805939294,353369.56529273,4025889.9985715696
1628216021878114403,353369.2163904902,4025890.1102497005
1628216022010067381,353368.6793010615,4025890.292892038
1628216022076353494,353368.39410449273,4025890.405567531
1628216022202159943,353367.93407856673,4025890.646415796
1628216022280093661,353367.6219580674,4025890.8037061724
1628216022400182700,353367.1328084986,4025891.0727879633
1628216022483933776,353366.83138132066,4025891.2506495654
1628216022604045191,353366.39170618507,4025891.5381510495
1628216022676056235,353366.1196314548,4025891.7175302124
1628216022802168658,353365.670129342,4025892.0699263373
1628216022885939493,353365.40035624104,4025892.3204036537
1628216023000347577,353365.008251189,4025892.679702251
1628216023132165283,353364.6115204147,4025893.1263296274
1628216023216040501,353364.3727324201,4025893.3900462487
1628216023275963280,353364.197292979,4025893.592174131
1628216023402087643,353363.84717825806,4025894.092090396
1628216023534044144,353363.4808851511,4025894.5484568086
1628216023606170583,353363.2883324082,4025894.799672296
1628216023750074121,353362.95266309334,4025895.356137872
1628216023804249482,353362.79708186,4025895.579414335
1628216023936065793,353362.4756327965,4025896.1069830717
1628216024008008496,353362.2942003183,4025896.367928721
1628216024140070113,353361.9908706882,4025896.9094732376
1628216024206193476,353361.81911799905,4025897.1743750186
1628216024338082849,353361.5145341579,4025897.6724528586
1628216024410064384,353361.35814503743,4025897.9796365537
1628216024548188920,353361.0325786923,4025898.5037349532
1628216024608172269,353360.89502374793,4025898.726462296
1628216024739996278,353360.6313863804,4025899.287232877
1628216024818047893,353360.4537351162,4025899.59849954
1628216024955976878,353360.18535848684,4025900.1298701013
1628216025010063516,353360.0410780823,4025900.362721109
1628216025141949169,353359.753066592,4025900.878920863
1628216025208228171,353359.58267867693,4025901.1613473613
1628216025345952620,353359.27974285814,4025901.7045027735
1628216025400167470,353359.14801974973,4025901.9634782113
1628216025543970441,353358.81434881804,4025902.546033437
1628216025609958701,353358.6617869206,4025902.7944361125
1628216025747994171,353358.3119212085,4025903.384772779
1628216025802179830,353358.153621302,4025903.6493554586
1628216025940115585,353357.80415376014,4025904.279450154
1628216026012054808,353357.61975367554,4025904.610270947
1628216026149955257,353357.273290886,4025905.2069283123
1628216026204084744,353357.09877909115,4025905.499922785
1628216026335940793,353356.71602846065,4025906.1468772483
1628216026408223496,353356.5150047849,4025906.472760812
1628216026545936657,353356.0933976044,4025907.202160616
1628216026605971763,353355.9085118836,4025907.522308426
1628216026732210142,353355.49451683776,4025908.1947857616
1628216026816076109,353355.23017961415,4025908.636609855
1628216026954194299,353354.7618198141,4025909.3839824013
1628216027020104466,353354.55586640193,4025909.7287179064
1628216027146211278,353354.09780881903,4025910.450098076
1628216027206188802,353353.8836510194,4025910.8077288875
1628216027349956127,353353.3729197167,4025911.6570461853
1628216027476083343,353352.88320562174,4025912.4048412372
1628216027536230754,353352.6557836984,4025912.7793287593
1628216027686118921,353352.0577110534,4025913.6699804133
1628216027740088389,353351.86274453904,4025913.989505451
1628216027878083691,353351.2939765758,4025914.891471683
1628216027944026202,353351.0526653889,4025915.283742046
1628216028076239610,353350.48692445643,4025916.211292103
1628216028148195211,353350.17903347156,4025916.6779624904
1628216028280092907,353349.63867575076,4025917.554606572
1628216028340081225,353349.3878457725,4025917.9632430407
1628216028483969248,353348.79349349847,4025918.961895675
1628216028544243273,353348.538950676,4025919.380147088
1628216028682094158,353347.93238266086,4025920.371041354
1628216028742089635,353347.67521195987,4025920.79449478
1628216028880246182,353347.0521559989,4025921.799279093
1628216028952190025,353346.7490930974,4025922.2987661534
1628216029084232194,353346.18117343454,4025923.2327621616
1628216029138393719,353345.89340488287,4025923.656825
1628216029282089672,353345.2719508833,4025924.6769023105
1628216029354214423,353344.9601956548,4025925.1892930004
1628216029480194904,353344.38014668215,4025926.160298926
1628216029546099531,353344.11286062817,4025926.602722649
1628216029684097041,353343.50325804926,4025927.6666978337
1628216029744078935,353343.23529608257,4025928.1160605764
1628216029882205568,353342.60840246244,4025929.1572874803
1628216029948069034,353342.33928335144,4025929.6067919102
1628216030086090950,353341.7124181717,4025930.656899104
1628216030146090752,353341.41472735035,4025931.096907756
1628216030284214366,353340.7785438901,4025932.151780916
1628216030349956438,353340.5042509094,4025932.6057065087
1628216030488000453,353339.8442373923,4025933.657168303
1628216030548095107,353339.56932867406,4025934.110768654
1628216030686085430,353338.90876968286,4025935.1696556006
1628216030746101409,353338.63445676863,4025935.622391403
1628216030885299717,353338.0159600542,4025936.5862969747
1628216030957359757,353337.64560425794,4025937.1919046305
1628216031137347611,353336.7920415198,4025938.556367839
1628216031287323212,353336.09400200343,4025939.6923975823
1628216031352977059,353335.8160346284,4025940.1455615526
1628216031479353539,353335.1864084783,4025941.1243958366
1628216031683307844,353334.23179862543,4025942.629089946
1628216031809442440,353333.6211993292,4025943.6141942064
1628216031881295783,353333.26483019604,4025944.137411338
1628216032013345438,353332.65300198307,4025945.123818228
1628216032211361916,353331.6973336901,4025946.6434538094
1628216032283359749,353331.36840158433,4025947.175819799
1628216032415284385,353330.7363043024,4025948.176272404
1628216032493324842,353330.3605510989,4025948.7856644364
1628216032618964724,353329.7579487226,4025949.6698332364
1628216032685285618,353329.42738853337,4025950.203356029
1628216032823376200,353328.76596728904,4025951.2724514473
1628216032888966226,353328.45031970995,4025951.706203202
1628216033015402868,353327.83615279966,4025952.6931993975
1628216033087341559,353327.50690684235,4025953.223221
1628216033219387958,353326.85530060716,4025954.1708115204
1628216033285367145,353326.5268547778,4025954.697615252
1628216033417323390,353325.9329874064,4025955.57675367
1628216033495246081,353325.5577087221,4025956.1780812065
1628216033621265041,353324.91846893734,4025957.1278735055
1628216033687395127,353324.58979851205,4025957.650408625
1628216033819368008,353323.9823058417,4025958.620598921
1628216033885424172,353323.6213118877,4025959.08685694
1628216034017384883,353323.0147307487,4025960.0477849795
1628216034095257227,353322.6890820011,4025960.5649284194
1628216034221369870,353322.09564338264,4025961.543273408
1628216034287373338,353321.7732575047,4025962.0620706608
1628216034419391041,353321.14690144523,4025963.0013301917
1628216034491350664,353320.8250788493,4025963.5173408287
1628216034611344890,353320.2365635575,4025964.3700522156
1628216034689327053,353319.91446761426,4025964.8825274496
1628216034821440873,353319.27212804987,4025965.9069278045
1628216034893381569,353318.92175741226,4025966.382375223
1628216035013485061,353318.3711271627,4025967.2557164584
1628216035079517477,353318.0497714604,4025967.7650359063
1628216035211374665,353317.4405869128,4025968.6856638794
1628216035289412983,353317.074160854,4025969.2636484476
1628216035481372348,353316.185670663,4025970.6267521065
1628216035625346927,353315.5175442515,4025971.595192283
1628216035691378930,353315.1981586753,4025972.0946822804
1628216035811420100,353314.65203339234,4025972.9492706186
1628216035895328028,353314.28599692194,4025973.510585986
1628216036021363474,353313.69324853097,4025974.43764999
1628216036093399066,353313.42096576805,4025974.8659380986
1628216036213374044,353312.81279618153,4025975.741901662
1628216036351193001,353312.22543333855,4025976.6535851825
1628216036411147242,353311.94341198896,4025977.058203749
1628216036495406031,353311.5369096092,4025977.6879538363
1628216036615329380,353310.9796878196,4025978.525151997
1628216036753375281,353310.39498158375,4025979.438713319
1628216036825346745,353310.03679450403,4025979.9985837634
1628216036897328083,353309.7129563047,4025980.5054126177
1628216037023343822,353309.18050412694,4025981.343809083
1628216037149341603,353308.6026664711,4025982.2430634843
1628216037215381293,353308.29372599145,4025982.7303834604
1628216037359257245,353307.68242760596,4025983.704484777
1628216037419356254,353307.41910048644,4025984.122764248
1628216037551343007,353306.85122776136,4025985.0283809258
1628216037617601709,353306.56044057175,4025985.5208563833
1628216037749372133,353306.0009427896,4025986.4218452373
1628216037821350576,353305.69972530415,4025986.905677629
1628216037947346683,353305.1613854571,4025987.816257215
1628216038019302495,353304.86394997366,4025988.301765138
1628216038157177490,353304.36769100605,4025989.2086417023
1628216038217374391,353304.11626906646,4025989.6235153903
1628216038355222103,353303.5328358279,4025990.5887529533
1628216038421322925,353303.21801996964,4025991.0696723
1628216038559356388,353302.64132363035,4025992.0272579836
1628216038625191610,353302.3555384055,4025992.4312082026
1628216038823396430,353301.52845647116,4025993.794555871
1628216038961457409,353300.92638834217,4025994.7279432807
1628216039015424784,353300.7201699945,4025995.065787761
1628216039153529278,353300.14395492163,4025996.006702749
1628216039225376808,353299.8592622443,4025996.47698038
1628216039363479576,353299.3029255378,4025997.4167959816
1628216039424266567,353299.0604235093,4025997.817755294
1628216039556217349,353298.5378057673,4025998.683543677
1628216039622008810,353298.3219034865,4025999.1109084324
1628216039754179170,353297.76662161923,4026000.0427106177
1628216039826134144,353297.48888874485,4026000.505881936
1628216039952400807,353296.9759125257,4026001.3607344115
1628216040018006968,353296.7393531682,4026001.7539942563
1628216040156240672,353296.2067996231,4026002.649339699
1628216040222135028,353295.9736655451,4026003.039428762
1628216040348136438,353295.4705485441,4026003.8817852284
1628216040426246343,353295.1425127499,4026004.3983294303
1628216040570165387,353294.6006933781,4026005.297921244
1628216040630016680,353294.35879587336,4026005.666063788
1628216040751371049,353293.9006361596,4026006.4330736483
1628216040901265341,353293.32276193216,4026007.3660215894
1628216040967482785,353293.056303858,4026007.8083721353
1628216041093400898,353292.6004000609,4026008.566219049
1628216041159481602,353292.3296468748,4026008.9711664096
1628216041297308081,353291.8023206971,4026009.8507680227
1628216041363525693,353291.57000728964,4026010.2045881245
1628216041501454322,353291.0434829417,4026011.0738611813
1628216041549520396,353290.85572000046,4026011.3842020985
1628216041699271420,353290.29975879274,4026012.2883976987
1628216041759260979,353290.075761362,4026012.661150721
1628216041891225104,353289.5781300869,4026013.4273031955
1628216041951225797,353289.3544001238,4026013.796023356
1628216042101247906,353288.833919034,4026014.6545130154
1628216042161293025,353288.5600164503,4026015.0446516396
1628216042293246856,353288.08062083257,4026015.8370460253
1628216042353229858,353287.8597541463,4026016.201841989
1628216042491467621,353287.3441708577,4026017.0197516433
1628216042563468315,353287.08808533434,4026017.443860232
1628216042695377627,353286.6035866365,4026018.196179613
1628216042755231610,353286.3845531895,4026018.557496067
1628216042893479749,353285.8661895373,4026019.3643749156
1628216042965483776,353285.6119357559,4026019.7831119224
1628216043091117682,353285.17732736864,4026020.5009255563
1628216043157360676,353284.93175600155,4026020.888143236
1628216043295252853,353284.4293750552,4026021.7233773447
1628216043355236281,353284.2149785174,4026022.0809837356
1628216043500157204,353283.7078609527,4026022.8761671064
1628216043560157719,353283.49468897854,4026023.2303958223
1628216043698291305,353282.9837799143,4026024.0197229716
1628216043758137948,353282.7712792016,4026024.3721397896
1628216043896271649,353282.2806114415,4026025.1565771336
1628216043956252446,353282.06933061115,4026025.5071422476
1628216044100035344,353281.5791805533,4026026.3221497657
1628216044160137227,353281.3465708938,4026026.636790277
1628216044298234127,353280.8599481445,4026027.442033447
1628216044358277812,353280.635469895,4026027.7701167585
1628216044502159558,353280.1525491978,4026028.5669048848
1628216044568338187,353279.91203983827,4026028.9628872084
1628216044700142976,353279.4643571407,4026029.6744527575
1628216044820279113,353279.0602826071,4026030.344569189
1628216044904166806,353278.78726327006,4026030.756177792
1628216045024153328,353278.3880863042,4026031.414553519
1628216045096172384,353278.1569685575,4026031.795667284
1628216045234105264,353277.7118343002,4026032.538775775
1628216045300291753,353277.4860374117,4026032.9169307947
1628216045420279299,353277.1104733015,4026033.5316324793
1628216045504160807,353276.854701083,4026033.9579639286
1628216045636023006,353276.45888560964,4026034.6364246327
1628216045708169842,353276.23867608607,4026035.002125359
1628216045822294509,353275.8636601749,4026035.62215845
1628216045906142364,353275.6353925719,4026036.016590861
1628216046026088145,353275.2653227941,4026036.625950543
1628216046104161066,353275.0194599524,4026037.028340866
1628216046224266890,353274.6663914472,4026037.5982583114
1628216046302042842,353274.4517715747,4026037.940823467
1628216046434195531,353274.0351543655,4026038.5910412776
1628216046506166918,353273.82188794215,4026038.9216205357
1628216046632175132,353273.46023199544,4026039.4583579353
1628216046698048567,353273.2480656203,4026039.778206816
1628216046830228417,353272.84978428646,4026040.361463234
1628216046902401428,353272.6248331525,4026040.652567152
1628216047028170515,353272.2120051914,4026041.220170097
1628216047100070063,353271.98887866625,4026041.5235113194
1628216047226300450,353271.58060698723,4026042.046603152
1628216047298273269,353271.358073765,4026042.339924489
1628216047430172251,353270.9549473136,4026042.8496844866
1628216047502013715,353270.73228042887,4026043.12970232
1628216047628275961,353270.3094749432,4026043.6162662865
1628216047700276088,353270.0839125733,4026043.8892835393
1628216047826570085,353269.66215813445,4026044.391058156
1628216047910176867,353269.40638736996,4026044.6444146135
1628216048030155804,353269.00998147717,4026045.0987015236
1628216048096458068,353268.77652250655,4026045.3631244143
1628216048234176151,353268.3354402287,4026045.7759311083
1628216048300209398,353268.10277664807,4026046.03506096
1628216048432147816,353267.65506627236,4026046.463727137
1628216048504071292,353267.4220449637,4026046.719750245
1628216048624027906,353267.0002866635,4026047.060879059
1628216048702320438,353266.73668635834,4026047.3528511985
1628216048834179325,353266.3128911464,4026047.836807605
1628216048906155105,353266.04542564834,4026048.0032337033
1628216049032255618,353265.62470084184,4026048.491898945
1628216049104265955,353265.4002500533,4026048.758458244
1628216049236249871,353264.9114285329,4026049.159744262
1628216049302217061,353264.689112199,4026049.431608068
1628216049434181217,353264.2422934399,4026049.8714593956
1628216049566301202,353263.8461145286,4026050.393187199
1628216049638182619,353263.6467175778,4026050.6759545524
1628216049704208354,353263.4417697204,4026050.9643091196
1628216049836140459,353263.095678517,4026051.465016531
1628216049968141987,353262.6628454521,4026051.9991144305
1628216050034329335,353262.472287733,4026052.3010804676
1628216050106384586,353262.28590383066,4026052.606241243
1628216050238185260,353261.91574104165,4026053.0856581135
1628216050358186895,353261.6049716785,4026053.581800167
1628216050436298142,353261.40493257577,4026053.938370643
1628216050568268969,353261.09050819813,4026054.5268301046
1628216050628313805,353260.9374596409,4026054.746159541
1628216050767424481,353260.6194102224,4026055.3944648975
1628216050833262037,353260.4875857597,4026055.675966051
1628216050971181465,353260.1409560974,4026056.2818167517
1628216051031171237,353260.01463434467,4026056.5674972357
1628216051169425028,353259.7097257919,4026057.2006874
1628216051229401515,353259.58645115996,4026057.4897037763
1628216051373303903,353259.29540801945,4026058.1289458526
1628216051428268309,353259.17354293517,4026058.4201051365
1628216051560239720,353258.9123523501,4026059.056186671
1628216051632318277,353258.76725003467,4026059.368125379
1628216051770237713,353258.47995715914,4026060.0576279373
1628216051842059440,353258.35385770036,4026060.3546268167
1628216051962174369,353258.0665322488,4026060.9791269
1628216052040272049,353257.8884888565,4026061.374937197
1628216052184190113,353257.566645258,4026062.047843303
1628216052244186107,353257.427960698,4026062.34590981
1628216052364202516,353257.1453646418,4026062.9307176596
1628216052436200793,353256.97790970065,4026063.279625836
1628216052574362229,353256.64048527216,4026063.9803229365
1628216052634314512,353256.46742529026,4026064.2559305774
1628216052766325213,353256.1422145489,4026064.904784658
1628216052832186390,353255.9646311768,4026065.253864368
1628216052965213873,353255.6122745706,4026065.8963116347
1628216053037168820,353255.4401427192,4026066.2501513837
1628216053169205718,353255.0774459949,4026066.871258682
1628216053235449257,353254.9074755468,4026067.226587736
1628216053373221029,353254.55120127543,4026067.864737343
1628216053439254886,353254.38433437503,4026068.219525568
1628216053571180241,353254.0916628526,4026068.885101837
1628216053643233073,353253.89311649755,4026069.2216580478
1628216053781231112,353253.60425767535,4026069.9447874986
1628216053847183315,353253.48621233285,4026070.256054511
1628216053967350325,353253.2127134091,4026070.902293519
1628216054111185221,353252.96323694603,4026071.6173707717
1628216054183074994,353252.86444213043,4026071.9859905653
1628216054309246498,353252.7056076279,4026072.672738202
1628216054363252711,353252.630236401,4026072.9324703366
1628216054513338657,353252.5013562356,4026073.7265913757
1628216054573216030,353252.46452711266,4026074.043990473
1628216054717151838,353252.39394219214,4026074.8026086283
1628216054771332042,353252.38219076244,4026075.121414126
1628216054915196626,353252.3781875175,4026075.859922665
1628216054975212627,353252.3924988444,4026076.1770355795
1628216055113371917,353252.4413149272,4026076.918891648
1628216055173386503,353252.4805199264,4026077.2319513815
1628216055311261541,353252.5981368868,4026077.9568035924
1628216055365256313,353252.6367709978,4026078.1983086034
1628216055515192681,353252.819674085,4026078.9544957387
1628216055575183107,353252.90440423356,4026079.2528378796
1628216055707229124,353253.15434672555,4026079.900619472
1628216055785192808,353253.29593585175,4026080.2912918674
1628216055905208090,353253.59599832137,4026080.8785317913
1628216055965190474,353253.72684921557,4026081.1648928686
1628216056115410159,353254.1451716812,4026081.8572173673
1628216056175344152,353254.30365996785,4026082.1285534203
1628216056307205552,353254.662956567,4026082.7105178023
1628216056367220167,353254.88315245794,4026082.962254048
1628216056505340290,353255.31240323046,4026083.577305414
1628216056571123506,353255.5107401344,4026083.8338979566
1628216056709244930,353256.04981835454,4026084.4092779164
1628216056769240664,353256.2734379278,4026084.646948517
1628216056919197032,353256.8971256976,4026085.259470342
1628216056979218168,353257.12373436184,4026085.5024614898
1628216057117133982,353257.6701249712,4026085.999683541
1628216057171240104,353257.92107348575,4026086.236555705
1628216057321216701,353258.585785993,4026086.8028808106
1628216057369190655,353258.831286088,4026087.000934983
1628216057507328441,353259.464189598,4026087.52696589
1628216057567349323,353259.7378496991,4026087.7534741755
1628216057717272079,353260.4253593659,4026088.247818471
1628216057783200280,353260.7689037998,4026088.506896168
1628216057909328352,353261.4377140838,4026088.983643197
1628216058047169587,353262.1029744928,4026089.4652111693
1628216058113269176,353262.49238508113,4026089.718904074
1628216058179351522,353262.8556697725,4026089.979570207
1628216058311220708,353263.5455013758,4026090.4668868287
1628216058443328790,353264.2866282794,4026090.959469011
1628216058515207267,353264.6831897459,4026091.22277612
1628216058641263419,353265.4737792657,4026091.7277350887
1628216058713224978,353265.873000323,4026092.0021362337
1628216058851246652,353266.6258137058,4026092.5072771865
1628216058911529587,353267.0938997453,4026092.7882943726
1628216059049117666,353267.87323292706,4026093.2827018583
1628216059109206077,353268.27408788615,4026093.5184398293
1628216059247225277,353269.1218224257,4026094.0677810465
1628216059319200473,353269.55236976827,4026094.3413772634
1628216059445386161,353270.39962882805,4026094.866251323
1628216059517354634,353270.841468986,4026095.1417621206
1628216059709214379,353272.10492554714,4026095.9181975704
1628216059841351819,353272.94010204345,4026096.4594203974
1628216059919339846,353273.5176398499,4026096.7867418635
1628216060039376535,353274.30701423355,4026097.2920883815
1628216060111240085,353274.8122285147,4026097.594175513
1628216060237268283,353275.68090872455,4026098.1568652084
1628216060309210518,353276.15208790096,4026098.4638011856
1628216060447352781,353277.13488139864,4026099.079552084
1628216060519263895,353277.6090439126,4026099.39147307
1628216060639274007,353278.4470046777,4026099.902528127
1628216060711240421,353278.9209137086,4026100.2157047046
1628216060849086062,353279.80337101175,4026100.799096778
1628216060927142289,353280.37781303003,4026101.1274476647
1628216061047193703,353281.19089749333,4026101.66883166
1628216061113256147,353281.66783888906,4026101.9268112644
1628216061251357035,353282.61078110524,4026102.5445802566
1628216061311526903,353283.01373404806,4026102.8087565135
1628216061443377308,353283.8950569568,4026103.3864613464
1628216061515218868,353284.36207155837,4026103.692583235
1628216061653238377,353285.2735409941,4026104.31695841
1628216061713212646,353285.6611020474,4026104.57864877
1628216061917240815,353286.92724605475,4026105.537415487
1628216062049216078,353287.7452127109,4026106.1202827296
1628216062121177563,353288.17305153364,4026106.5043392875
1628216062247218725,353288.97148529405,4026107.0996834408
1628216062313344160,353289.3945013642,4026107.4205887024
1628216062451266065,353290.2322787794,4026108.0939419107
1628216062517221921,353290.6436469921,4026108.4226128566
1628216062649237855,353291.4944588067,4026109.0295217554
1628216062721217656,353291.8985220946,4026109.364725177
1628216062841139621,353292.5839784532,4026109.9452890637
1628216062919227334,353293.0808292638,4026110.3284521513
1628216063051112570,353293.80538951803,4026110.976469969
1628216063177242892,353294.49311028386,4026111.6745809685
1628216063249381929,353294.86487730814,4026112.041642603
1628216063321137523,353295.230456364,4026112.41451585
1628216063441214234,353295.89697149687,4026113.0677584857
1628216063585133521,353296.59761365835,4026113.8459738884
1628216063651243914,353296.97637444665,4026114.240413796
1628216063789339469,353297.6396541394,4026115.048650493
1628216063843179654,353297.8705382295,4026115.340612443
1628216063981251797,353298.5451673674,4026116.211798512
1628216064053228182,353298.8583920571,4026116.626818358
1628216064185247659,353299.438270741,4026117.4476671335
1628216064251338436,353299.7449201464,4026117.8672539275
1628216064377212890,353300.3095695098,4026118.596074572
1628216064455230048,353300.66572918696,4026119.0687177745
1628216064581227184,353301.2501570154,4026119.823021754
1628216064641374761,353301.57074754697,4026120.1918655443
1628216064773278464,353302.1672951183,4026120.935649371
1628216064851269568,353302.54712608655,4026121.3897337946
1628216064983252594,353303.19180745585,4026122.155743825
1628216065055338605,353303.5423996652,4026122.5410782415
1628216065181355503,353304.19226973166,4026123.305352538
1628216065253424238,353304.54811246204,4026123.67817734
1628216065385367427,353305.219034496,4026124.3899403107
1628216065445255614,353305.5286540722,4026124.7001925632
1628216065577266094,353306.21426482126,4026125.3675170913
1628216065649178577,353306.5930752476,4026125.7415095777
1628216065787259290,353307.3817829629,4026126.438491816
1628216065847205266,353307.7249581381,4026126.7354196403
1628216065979251962,353308.46537061373,4026127.3754186966
1628216066051181079,353308.8749486197,4026127.7065926907
1628216066177383187,353309.6641798497,4026128.297516709
1628216066249255666,353310.0882361308,4026128.6132782954
1628216066381236430,353310.8911743898,4026129.173879781
1628216066447236044,353311.32437927835,4026129.4838712737
1628216066591178806,353312.1993997763,4026130.1041663256
1628216066645338954,353312.62894483865,4026130.3584026718
1628216066777300208,353313.46212936216,4026130.9247180275
1628216066849593266,353313.91686563916,4026131.228546777
1628216066999486074,353314.90938378574,4026131.8549098675
1628216067047386369,353315.23928952974,4026132.069237126
1628216067179364117,353316.1229773866,4026132.6301201605
1628216067251237219,353316.58998472756,4026132.930567469
1628216067389510790,353317.57304954703,4026133.523093977
1628216067521395240,353318.4564211421,4026134.085142268
1628216067587212972,353318.8665971736,4026134.345322048
1628216067719277208,353319.89654882986,4026134.9369025687
1628216067779271098,353320.31319959415,4026135.1955995145
1628216067923110650,353321.3483194571,4026135.7986589842
1628216067989248960,353321.77009119245,4026136.058825727
1628216068127252541,353322.8189352081,4026136.675843863
1628216068181307852,353323.24569607095,4026136.9369027964
1628216068325268980,353324.24652356,4026137.5494542527
1628216068385144190,353324.71284992376,4026137.8241259153
1628216068529144548,353325.72221968265,4026138.4401645684
1628216068583292057,353326.15640337433,4026138.705278945
1628216068721309696,353327.22231509106,4026139.378771905
1628216068787242504,353327.6622065308,4026139.6493745116
1628216068925381726,353328.733607264,4026140.2992149564
1628216068997275814,353329.25255482015,4026140.617857441
1628216069123443163,353330.25735282816,4026141.2414813675
1628216069183283453,353330.6311181567,4026141.470753004
1628216069327179865,353331.758072337,4026142.1593267415
1628216069387151824,353332.25216971216,4026142.4539451953
1628216069525319977,353333.31521853333,4026143.1025847504
1628216069579278321,353333.6973488086,4026143.335682253
1628216069723545887,353334.88465792744,4026144.061809422
1628216069789135374,353335.3472149385,4026144.3464026884
1628216069927405878,353336.45679938816,4026145.034660629
1628216069993237168,353336.9203634256,4026145.324669109
1628216070131151072,353338.04085903196,4026146.0283677126
1628216070191146198,353338.5090428974,4026146.322692654
1628216070323325414,353339.52603623044,4026146.9691826883
1628216070389371798,353340.1143131794,4026147.3255626806
1628216070527317333,353341.21290494746,4026148.01345792
1628216070599285958,353341.76269742043,4026148.3570004525
1628216070719282902,353342.7469997341,4026148.968765481
1628216070779451478,353343.22436484264,4026149.2664753487
1628216070929307844,353344.4313553028,4026150.030479014
1628216070989293450,353344.90971821226,4026150.329453833
1628216071121261300,353345.9992233807,4026151.010606391
1628216071187165323,353346.4785106906,4026151.310114968
1628216071331454693,353347.6803591812,4026152.0588250845
1628216071457243988,353348.6834857672,4026152.6667931387
1628216071523284723,353349.24797782267,4026153.017045422
1628216071655229591,353350.3330441794,4026153.681183619
1628216071733388800,353350.9800972109,4026154.082834682
1628216071853386743,353351.9531934898,4026154.685268772
1628216071925294924,353352.56371499726,4026155.0560437534
1628216072057289885,353353.62115028215,4026155.712165981
1628216072135291621,353354.3141722594,4026156.132570772
1628216072255290554,353355.2940069782,4026156.7383091813
1628216072333182584,353355.8669696479,4026157.089639238
1628216072465500735,353357.0564596495,4026157.8132299064
1628216072525410414,353357.54893403855,4026158.11483526
1628216072657272776,353358.65032046265,4026158.778698264
1628216072723329136,353359.2244726382,4026159.1300084023
1628216072861149643,353360.2907551229,4026159.7824416123
1628216072927388082,353360.9214853829,4026160.14286532
1628216073059269000,353361.99123933236,4026160.791272662
1628216073125327500,353362.6191209173,4026161.1510733
1628216073257297714,353363.6881047004,4026161.799066625
1628216073329163864,353364.2641366476,4026162.1460727705
1628216073455395036,353365.3770420118,4026162.8234746954
1628216073527471116,353365.95121851214,4026163.1726485933
1628216073659270350,353367.0820069361,4026163.8338788343
1628216073731189407,353367.6554149876,4026164.1809295923
1628216073857456718,353368.7181756676,4026164.825488738
1628216073929422191,353369.36189637554,4026165.1944213174
1628216074049398241,353370.34186885064,4026165.790393291
1628216074127476658,353371.05337673693,4026166.2032843344
1628216074259415094,353372.11164042423,4026166.84901861
1628216074331573556,353372.68148435664,4026167.1982662417
1628216074463299679,353373.81745354424,4026167.8501322265
1628216074529314626,353374.3875683387,4026168.1973612024
1628216074649356648,353375.429233241,4026168.7981492733
1628216074733185153,353376.0767199641,4026169.194911913
1628216074859404365,353377.12672933924,4026169.8434109692
1628216074925310928,353377.6625917622,4026170.16460815
1628216075051365602,353378.7049159849,4026170.82062274
1628216075135183384,353379.4098381506,4026171.251936571
1628216075255175934,353380.36328569485,4026171.862030419
1628216075333436703,353380.9969399754,4026172.2709294115
1628216075453406802,353382.01978673117,4026172.906643873
1628216075525305839,353382.57266549155,4026173.2668604115
1628216075663402008,353383.7477353143,4026173.9987552413
1628216075735419635,353384.2978909973,4026174.360360743
1628216075861286566,353385.2395343621,4026174.9816412427
1628216075933349540,353385.9256933271,4026175.398807579
1628216076065289041,353386.93968239863,4026176.071965261
1628216076131208637,353387.46244172065,4026176.403333525
1628216076269290055,353388.54363212234,4026177.1291268356
1628216076389228333,353389.5370751794,4026177.7783402177
1628216076467313657,353390.1481572101,4026178.1950680967
1628216076527306421,353390.603892699,4026178.505963874
1628216076659246806,353391.6613729512,4026179.21018585
1628216076785578750,353392.63453647064,4026179.880067555
1628216076857397448,353393.1560224794,4026180.2408158532
1628216077001411445,353394.2636454797,4026180.9868537327
1628216077055518781,353394.7072388289,4026181.297955138
1628216077187454234,353395.73400159215,4026181.9939081334
1628216077259434544,353396.244821771,4026182.353738412
1628216077397374085,353397.31956351665,4026183.1079013757
1628216077457365538,353397.74976354983,4026183.4173984462
1628216077595230871,353398.6797192964,4026184.085692425
1628216077661427740,353399.22803023295,4026184.4682042333
1628216077793297758,353400.14718748024,4026185.1295398716
1628216077865208536,353400.70411047415,4026185.5160564976
1628216077991304655,353401.6120786067,4026186.178008824
1628216078063303878,353402.09831126244,4026186.5329452837
1628216078201394132,353403.1014590773,4026187.268910767
1628216078261359693,353403.50941498624,4026187.5749391704
1628216078393302263,353404.43626673624,4026188.2654421926
1628216078465314571,353404.902949717,4026188.6228457754
1628216078597227023,353405.762490485,4026189.2867164095
1628216078663400010,353406.2816316255,4026189.676680175
1628216078795240430,353407.1257107012,4026190.3429487515
1628216078861371253,353407.6344540649,4026190.7297925646
1628216078993443024,353408.46483317844,4026191.396170953
1628216079065438326,353408.9084219475,4026191.7539654193
1628216079197323499,353409.7855563386,4026192.453122602
1628216079263362044,353410.2206613871,4026192.8127086093
1628216079395294256,353411.0931838325,4026193.5116387554
1628216079467190313,353411.5243688419,4026193.872206673
1628216079593166640,353412.2601138824,4026194.4896487324
1628216079659329532,353412.75465618074,4026194.8866818743
1628216079797322517,353413.5894219072,4026195.5995567404
1628216079857330673,353413.93776883953,4026195.9049460017
1628216079995410221,353414.8240485627,4026196.645087007
1628216080067432206,353415.2217710067,4026196.9938309086
1628216080205214034,353416.0122664239,4026197.690975238
1628216080331229427,353416.7192226844,4026198.3347837697
1628216080391252395,353417.11479124526,4026198.6716622273
1628216080457462777,353417.4845522839,4026199.010869365
1628216080601214296,353418.21238994924,4026199.676846951
1628216080739304113,353418.9893592388,4026200.378981119
1628216080787362461,353419.24093304336,4026200.6117881713
1628216080943317900,353420.03377385705,4026201.337579939
1628216081003337205,353420.322120753,4026201.610170604
1628216081141308805,353421.0316679718,4026202.2682790183
1628216081201336123,353421.30856044136,4026202.533006761
1628216081345333248,353421.9413310267,4026203.1460878705
1628216081399483287,353422.25070725346,4026203.426135444
1628216081531465864,353422.8168672048,4026203.9818101353
1628216081597341379,353423.0726149739,4026204.2340781037
1628216081735395019,353423.68754374335,4026204.8351319223
1628216081813436897,353424.00808756775,4026205.160218093
1628216081939207400,353424.5014973178,4026205.6689663106
1628216081999329318,353424.7297974956,4026205.9041813626
1628216082143325940,353425.3064445114,4026206.500755825
1628216082215462886,353425.5514042129,4026206.7629110166
1628216082335462309,353425.95496053004,4026207.2004246456
1628216082395437847,353426.1801782637,4026207.439231941
1628216082539342499,353426.61423530657,4026207.9245699416
1628216082605335914,353426.82081641967,4026208.160274492
1628216082737303588,353427.20620255684,4026208.6060301573
1628216082797248883,353427.36725469574,4026208.796667034
1628216082935465642,353427.75041947933,4026209.2572309305
1628216082995378003,353427.89749560185,4026209.437056759
1628216083133564025,353428.23250961513,4026209.8599216165
1628216083193724311,353428.36354247364,4026210.0293986103
1628216083343211705,353428.65320631047,4026210.410549731
1628216083397504667,353428.7793504659,4026210.5742499954
1628216083535379526,353429.0388441364,4026210.9162992886
1628216083601327104,353429.1437133333,4026211.05441925
1628216083739484520,353429.3651242659,4026211.3694635415
1628216083811344734,353429.468515002,4026211.512186189
1628216083937377515,353429.64631137904,4026211.776270988
1628216084003230084,353429.7212190329,4026211.8840136863
1628216084141210107,353429.88854027865,4026212.1277676793
1628216084207443702,353429.96371217025,4026212.2348955544
1628216084333250699,353430.08294229256,4026212.4065863853
1628216084399383979,353430.1445407666,4026212.4942293237
1628216084549201478,353430.26154432376,4026212.6677888893
1628216084669436228,353430.34871148446,4026212.8111521746
1628216084741454634,353430.39660865173,4026212.884378302
1628216084873324408,353430.46249422396,4026212.999964106
1628216084939380921,353430.50184932956,4026213.0607003304
1628216085065236836,353430.5644030126,4026213.157909717
1628216085143472176,353430.5893329048,4026213.204729658
1628216085275350588,353430.64311067143,4026213.293664561
1628216085347326191,353430.66995172866,4026213.338010749
1628216085467274085,353430.69793493615,4026213.399366574
1628216085545221238,353430.7237667402,4026213.441776692
1628216085671461937,353430.7416582211,4026213.4910350405
1628216085743264065,353430.75607320294,4026213.5169755276
1628216085875318017,353430.77977434336,4026213.5542946863
1628216085935343680,353430.7910974595,4026213.574244938
1628216086073496717,353430.8145849305,4026213.6151688164
1628216086145467176,353430.82183607074,4026213.6216990585
1628216086265465288,353430.8361601077,4026213.645871048
1628216086337302799,353430.8435041356,4026213.6578929275
1628216086469281256,353430.84433996805,4026213.6658134293
1628216086547423647,353430.84938622615,4026213.675493784
1628216086667498431,353430.83841978374,4026213.6585892835
1628216086739332282,353430.84062752046,4026213.6628244394
1628216086865383639,353430.8238019076,4026213.6386947613
1628216086949245719,353430.8238019076,4026213.6386947613
1628216087069461222,353430.8238019076,4026213.6386947613
1628216087141368834,353430.82174406474,4026213.6361050336
1628216087279340294,353430.82174406474,4026213.6361050336
1628216087339398160,353430.8223542053,4026213.6360947145
1628216087477481443,353430.82265526906,4026213.632244373
1628216087537460875,353430.8235704787,4026213.632228894
1628216087669465670,353430.822211201,4026213.629444244
1628216087741352565,353430.82280321955,4026213.630166659
1628216087873232193,353430.8255621473,4026213.6345145623
1628216087939451168,353430.82917366456,4026213.640557042
1628216088077268892,353430.8404792373,4026213.6594699835
1628216088143374221,353430.84590086713,4026213.6696933107
1628216088269391577,353430.86310528294,4026213.6999811847
1628216088347271721,353430.874429433,4026213.719992454
1628216088473523197,353430.8962281167,4026213.7621045755
1628216088545337842,353430.9109150192,4026213.7896884256
1628216088671441174,353430.9383179203,4026213.8401897163
1628216088743348337,353430.95606205496,4026213.873520245
1628216088875238849,353430.9967225188,4026213.9410703895
1628216088947361995,353431.0194974271,4026213.9831659985
1628216089073458832,353431.0682543647,4026214.074749327
1628216089145366507,353431.09908415866,4026214.1167697296
1628216089283463431,353431.16618355975,4026214.239171003
1628216089349287860,353431.19708832994,4026214.296449058
1628216089475491701,353431.2664973086,4026214.4236941226
1628216089607282419,353431.34186738706,4026214.5714073824
1628216089667370226,353431.3706770085,4026214.6437356533
1628216089745365803,353431.4205794263,4026214.745309459
1628216089865548953,353431.48853386636,4026214.903829395
1628216089997578985,353431.5780937425,4026215.1002532616
1628216090075424760,353431.6355904002,4026215.2304464225
1628216090207363169,353431.71945183293,4026215.4526016614
1628216090267377654,353431.7656305355,4026215.563149662
1628216090399311262,353431.8597521241,4026215.8163816277
1628216090477403890,353431.9248607777,4026215.9852647316
1628216090609373818,353432.02960869344,4026216.282201617
1628216090669401554,353432.08615239675,4026216.4119836474
1628216090807507735,353432.2091151759,4026216.766474268
1628216090873255973,353432.25614888174,4026216.9293764234
1628216091011377031,353432.37962422625,4026217.324996423
1628216091077529718,353432.4397712657,4026217.534308037
1628216091203355423,353432.554585307,4026217.895955595
1628216091281481297,353432.6251040492,4026218.1555682872
1628216091419425653,353432.7459828921,4026218.635827664
1628216091473378157,353432.78494102857,4026218.813820155
1628216091605364548,353432.8790243851,4026219.2939224006
1628216091671381377,353432.92956697365,4026219.5614414
1628216091803488094,353433.00803525443,4026220.0763539574
1628216091875380297,353433.05905271106,4026220.3683402343
1628216092001409944,353433.1130309026,4026220.9201663607
1628216092079596131,353433.1336216432,4026221.269735641
1628216092211461315,353433.18391630775,4026221.8653866546
1628216092271506754,353433.18941322097,4026222.14166324
1628216092403594548,353433.19215819775,4026222.773030927
1628216092475513191,353433.1867321181,4026223.1089410195
1628216092613513162,353433.158568445,4026223.814501568
1628216092679240346,353433.13157205365,4026224.1145823486
1628216092805495580,353433.0544337601,4026224.777025574
1628216092883425715,353433.00733748975,4026225.213006575
1628216093021387874,353432.8925486299,4026225.90105023
1628216093075380674,353432.8331059752,4026226.2259109803
1628216093207494873,353432.7060436004,4026226.973122704
1628216093279366354,353432.6279908911,4026227.368611337
1628216093417395832,353432.42999116937,4026228.1598089356
1628216093477392131,353432.33492888755,4026228.498638987
1628216093609250109,353432.11465728085,4026229.237783659
1628216093681253658,353431.993822933,4026229.651391093
1628216093807434849,353431.7445987646,4026230.405368879
1628216093951301771,353431.43436313525,4026231.2272737543
1628216094011252304,353431.29613116046,4026231.577515258
1628216094077517206,353431.1295568788,4026231.9840838076
1628216094215399447,353430.8064774438,4026232.7592695216
1628216094353383108,353430.4474311406,4026233.558562349
1628216094407417600,353430.2726786344,4026233.9146096352
1628216094551520616,353429.8973632057,4026234.6901906556
1628216094611490838,353429.72959302145,4026235.067543378
1628216094743370093,353429.3705241148,4026235.775283121
1628216094809553852,353429.1749048119,4026236.1515199873
1628216094953303982,353428.76519710687,4026236.9522801847
1628216095025313329,353428.56651077047,4026237.32399127
1628216095151450067,353428.185099928,4026238.069340751
1628216095211438684,353428.0119700391,4026238.382391527
1628216095349605311,353427.6104638594,4026239.1015304257
1628216095421516982,353427.3857558699,4026239.5007815426
1628216095553519752,353427.0153464121,4026240.149630688
1628216095613427113,353426.8151665778,4026240.4853560305
1628216095751443221,353426.4176356051,4026241.163472812
1628216095817306407,353426.24850526714,4026241.447769207
1628216095949398615,353425.8656583617,4026242.068508234
1628216096003535242,353425.6996023889,4026242.341522072
1628216096153429216,353425.27817674587,4026243.0412224815
1628216096219399032,353425.11511542887,4026243.3054575725
1628216096357295178,353424.73622611386,4026243.91660815
1628216096405405386,353424.5937863813,4026244.1515635196
1628216096549265996,353424.2143601829,4026244.754422352
1628216096627391824,353424.0016376313,4026245.1045202166
1628216096747391589,353423.67826860177,4026245.615365607
1628216096807383772,353423.51511667314,4026245.870630022
1628216096957483337,353423.1088587581,4026246.498234985
1628216097017477955,353422.94663870137,4026246.7508591157
1628216097149387586,353422.58061126573,4026247.29611784
1628216097209399052,353422.41033707035,4026247.5596815385
1628216097353258370,353422.0055218566,4026248.1895815143
1628216097413272256,353421.82390876155,4026248.4593185293
1628216097551420623,353421.413879821,4026249.0966920494
1628216097611289176,353421.2326315823,4026249.3735640817
1628216097761303484,353420.7868729441,4026250.076117787
1628216097809558725,353420.63546325313,4026250.314765037
1628216097959283778,353420.1989109211,4026250.9896969874
1628216098085285925,353419.76896168245,4026251.6617096243
1628216098151408044,353419.5356200485,4026252.00873841
1628216098283409374,353419.09006205166,4026252.7032931494
1628216098355284024,353418.84608744644,4026253.0855973447
1628216098481432365,353418.3853862238,4026253.7652714397
1628216098559403426,353418.1302632519,4026254.1632062737
1628216098673533799,353417.7034025316,4026254.8265607557
1628216098751493859,353417.4019110123,4026255.2975462475
1628216098883530620,353416.89620759146,4026256.080521659
1628216098955451469,353416.62310234,4026256.508607191
1628216099075394077,353416.14631291525,4026257.2564252657
1628216099153549222,353415.8093937092,4026257.7797683943
1628216099285539421,353415.27320415457,4026258.620389038
1628216099357334185,353414.9800669688,4026259.0801248094
1628216099483435127,353414.4190975424,4026259.960349616
1628216099555396379,353414.1186316999,4026260.432416537
1628216099687337848,353413.5578130558,4026261.3413866684
1628216099753530994,353413.2523350207,4026261.825623481
1628216099879409546,353412.7083291403,4026262.6948191705
1628216099957418673,353412.349961677,4026263.261677529
1628216100083602523,353411.7603783456,4026264.194755219
1628216100155516510,353411.4253118922,4026264.7157478533
1628216100293383851,353410.82307659055,4026265.669364536
1628216100347673918,353410.54160175123,4026266.1131559857
1628216100491322773,353409.8600849042,4026267.1911008772
1628216100551282252,353409.5729293685,4026267.6454255697
1628216100683331397,353408.9321264643,4026268.655176308
1628216100749545969,353408.5914626135,4026269.193414792
1628216100887523470,353407.8843932762,4026270.2941312115
1628216100959392799,353407.54007631785,4026270.838290973
1628216101079422407,353406.9482943605,4026271.7748242444
1628216101151356338,353406.56897285534,4026272.3674892606
1628216101289458843,353405.8684147432,4026273.474260324
1628216101361415904,353405.49654800334,4026274.0295675057
1628216101487317510,353404.8874118179,4026274.981043105
1628216101559524473,353404.479269663,4026275.6179584027
1628216101679529076,353403.8319610674,4026276.6164670093
1628216101763291514,353403.419382981,4026277.2599271964
1628216101883429057,353402.81367914844,4026278.25913585
1628216101955404394,353402.455288816,4026278.822760188
1628216102087559949,353401.7898304119,4026279.8667424507
1628216102153559192,353401.4488312212,4026280.462665675
1628216102285425976,353400.79401018843,4026281.504087671
1628216102357427977,353400.4426254423,4026282.063321086
1628216102483590495,353399.7644195985,4026283.151037652
1628216102555530556,353399.4144383017,4026283.7102473737
1628216102681698411,353398.73566647747,4026284.782531578
1628216102813475088,353398.0865008688,4026285.8190973517
1628216102885427370,353397.70919754956,4026286.381271867
1628216102963549162,353397.3102112642,4026287.0127835907
1628216103089369428,353396.71204561094,4026287.9578486215
1628216103221312746,353396.04141385655,4026289.002590326
1628216103287435026,353395.69104446983,4026289.5532617946
1628216103419385137,353395.0283883397,4026290.609465437
1628216103485474955,353394.67969695915,4026291.160108563
1628216103617559715,353394.00207352685,4026292.1847659303
1628216103689469497,353393.6540778409,4026292.7314300137
1628216103821406255,353393.00840069435,4026293.74504883
1628216103887521431,353392.61705252784,4026294.290493309
1628216104019550145,353391.9682113898,4026295.2974518207
1628216104091429509,353391.6188795011,4026295.8390726456
1628216104229445322,353390.88908588,4026296.911244262
1628216104289432082,353390.58816126676,4026297.372272449
1628216104421409582,353389.93385695154,4026298.3557027583
1628216104487546324,353389.5846579805,4026298.8871284667
1628216104625437555,353388.9257931771,4026299.878753777
1628216104685314863,353388.6277350137,4026300.334240329
1628216104823451565,353387.9346498423,4026301.3936450346
1628216104889571008,353387.5568641996,4026301.909196954
1628216105021543445,353386.9164071799,4026302.886777951
1628216105081577875,353386.6215737518,4026303.338059595
1628216105225311756,353385.92165630986,4026304.352535743
1628216105291521576,353385.57930506516,4026304.873835923
1628216105423561768,353384.95838315296,4026305.887769013
1628216105483566070,353384.6684383325,4026306.335794162
1628216105615391148,353384.0414857346,4026307.32694098
1628216105693442624,353383.6576952669,4026307.9240163323
1628216105831776811,353382.98764702847,4026308.9633782147
1628216105897365879,353382.7108613737,4026309.440661029
1628216106023467217,353382.09369328106,4026310.4058853877
1628216106089360170,353381.80835434445,4026310.8501705746
1628216106233530997,353381.08729085897,4026311.976456186
1628216106287360772,353380.8517202335,4026312.346656447
1628216106413567831,353380.19963416934,4026313.298738768
1628216106485576716,353379.86860960635,4026313.8113025595
1628216106629373390,353379.1940746489,4026314.8343221005
1628216106689359112,353378.9134409976,4026315.2699217466
1628216106815570873,353378.3076534339,4026316.2097461084
1628216106887575865,353377.9808182624,4026316.744456093
1628216107025634759,353377.3345079799,4026317.752898967
1628216107091455821,353377.05890671903,4026318.1829203153
1628216107217597630,353376.46381152986,4026319.1558893984
1628216107361454113,353375.82959765,4026320.148807754
1628216107427489913,353375.53369407874,4026320.736950014
1628216107559450624,353374.95901112416,4026321.6574493214
1628216107625441807,353374.7110116661,4026322.1551195495
1628216107757580370,353374.09662866883,4026323.1441624183
1628216107835327943,353373.7921544743,4026323.6351588564
1628216107961448710,353373.23359696823,4026324.5564230387
1628216108021454150,353372.9767679536,4026324.970501743
1628216108165442089,353372.4173540968,4026325.922298335
1628216108231563238,353372.12454790296,4026326.4013175066
1628216108363325615,353371.58418557106,4026327.285164209
1628216108423458241,353371.3114374145,4026327.640307713
1628216108561589219,353370.7365973293,4026328.5749092614
1628216108627352537,353370.4756088421,4026328.907270587
1628216108765349316,353369.9082735597,4026329.8219086
1628216108819813793,353369.66571951983,4026330.210355002
1628216108963517575,353369.11961138714,4026331.122497617
1628216109023457086,353368.87983314425,4026331.5054648938
1628216109161567075,353368.3673257078,4026332.383530362
1628216109221587231,353368.1329261763,4026332.759753751
1628216109365465822,353367.5876364865,4026333.626472063
1628216109425457217,353367.2576420639,4026333.9708045637
1628216109563555950,353366.7129617188,4026334.8140138774
1628216109629361380,353366.41170452035,4026335.1812978247
1628216109767462240,353365.861657315,4026336.001282379
1628216109839449052,353365.5864964184,4026336.4031592445
1628216109965590428,353365.0773729547,4026337.19083482
1628216110025546246,353364.84205696144,4026337.5255085016
1628216110175339257,353364.27658268646,4026338.2975970614
1628216110235510680,353363.9983228174,4026338.673220035
1628216110367458128,353363.4827942592,4026339.358281004
1628216110427466989,353363.2475414701,4026339.6930757375
1628216110571467630,353362.69571361697,4026340.407804049
1628216110625409550,353362.48752445844,4026340.675672915
1628216110769444597,353361.8958731035,4026341.417381611
1628216110823386815,353361.69857443066,4026341.6597974114
1628216110967596966,353361.09638723254,4026342.373974254
1628216111027568639,353360.860576504,4026342.654151538
1628216111159575263,353360.3391343476,4026343.253008293
1628216111231464986,353360.06245598587,4026343.565188539
1628216111369333594,353359.54657058604,4026344.1299544144
1628216111441550956,353359.22285930376,4026344.490294361
1628216111561614363,353358.75324213435,4026344.990555985
1628216111693468374,353358.23312364874,4026345.5161476205
1628216111771470292,353357.9225231681,4026345.8289630595
1628216111891466200,353357.44808762503,4026346.2879240895
1628216111969588045,353357.1777938694,4026346.5464070262
1628216112095385142,353356.6862914655,4026347.019267901
1628216112173441296,353356.36684755544,4026347.2783385245
1628216112293454824,353355.92347882723,4026347.688738771
1628216112365321661,353355.66698251484,4026347.920437716
1628216112491553085,353355.1916119575,4026348.35298624
1628216112575497169,353354.90610765223,4026348.6034258176
1628216112695451612,353354.49285806133,4026348.9813947296
1628216112767330041,353354.25287202187,4026349.193343907
1628216112893597582,353353.82526074065,4026349.566550982
1628216112977467994,353353.55334371596,4026349.799426512
1628216113097333692,353353.1444543452,4026350.144728626
1628216113163512018,353352.91881694424,4026350.349843149
1628216113307560242,353352.4431596084,4026350.741991046
1628216113373329832,353352.2410458676,4026350.903616249
1628216113499459997,353351.86936208134,4026351.2745951475
1628216113565537257,353351.64148849936,4026351.4557605153
1628216113703343586,353351.2244899042,4026351.7708652196
1628216113769382462,353350.98876067705,4026351.95124802
1628216113895583951,353350.55207058956,4026352.2369616274
1628216113973480139,353350.3026203675,4026352.4089706326
1628216114099481434,353349.8214835214,4026352.731569663
1628216114171401553,353349.5770570473,4026352.838002336
1628216114291438909,353349.1278070909,4026353.126247948
1628216114375389708,353348.8430720351,4026353.240015743
1628216114489592143,353348.3786150395,4026353.4987943727
1628216114573462379,353348.0553025331,4026353.6644851128
1628216114699590876,353347.5741475377,4026353.928307182
1628216114771603030,353347.27564889623,4026354.065440515
1628216114897728810,353346.7406633316,4026354.330967173
1628216114969537032,353346.4200387401,4026354.466155658
1628216115101477222,353345.8129032217,4026354.709343719
1628216115167645654,353345.51731911313,4026354.854606572
1628216115293562401,353344.93532875774,4026355.0527520003
1628216115365353819,353344.58716779563,4026355.160208109
1628216115491500022,353344.00101013295,4026355.420436428
1628216115575393722,353343.5860605452,4026355.530243703
1628216115701525270,353343.04195595003,4026355.7888447954
1628216115773615968,353342.66735224146,4026355.8664748166
1628216115893578502,353342.07900687587,4026356.0857853275
1628216116025519111,353341.36301380873,4026356.196781721
1628216116103625263,353340.99113584874,4026356.3543224805
1628216116175610831,353340.5987227208,4026356.4019803065
1628216116295589340,353339.9168627644,4026356.4707116974
1628216116433547165,353339.09721499134,4026356.5495878793
1628216116493529171,353338.7467661484,4026356.563332078
1628216116637368499,353337.9041999533,4026356.6078669582
1628216116697617055,353337.5497684941,4026356.608067648
1628216116829442253,353336.7778255347,4026356.5991606913
1628216116907495301,353336.2707321566,4026356.5780804264
1628216117045600897,353335.43093597866,4026356.544687075
1628216117105622812,353335.06873868156,4026356.5259761666
1628216117231397396,353334.2533368132,4026356.4698919836
1628216117309516331,353333.76872037613,4026356.455267415
1628216117441378383,353332.9007853413,4026356.3693715855
1628216117501482030,353332.53313942626,4026356.342452147
1628216117627567344,353331.68289688835,4026356.266999254
1628216117699591402,353331.2470068938,4026356.2375728684
1628216117831632186,353330.434195542,4026356.1758909426
1628216117897547006,353329.9498234758,4026356.11981919
1628216118029518290,353329.13600424264,4026356.0382567984
1628216118101749562,353328.69634060276,4026355.9896071255
1628216118239548392,353327.8017567571,4026355.8761474853
1628216118299539354,353327.42465380987,4026355.8223495143
1628216118431517774,353326.57746896235,4026355.7003971697
1628216118509614164,353326.07786274614,4026355.61687328
1628216118647638923,353325.22344392457,4026355.4569572196
1628216118701585927,353324.8495007024,4026355.3771046516
1628216118833531369,353324.0410205714,4026355.1891281125
1628216118905452166,353323.5841762228,4026355.077353399
1628216119043602857,353322.7171631168,4026354.84764279
1628216119097410885,353322.40917925,4026354.759715713
1628216119236490183,353321.5092268166,4026354.5021811933
1628216119302892599,353321.0806035105,4026354.364843202
1628216119434642245,353320.26350972964,4026354.086252683
1628216119494633431,353319.8987622502,4026353.956561574
1628216119632870300,353319.005550051,4026353.6195057193
1628216119704853070,353318.5798144608,4026353.454469777
1628216119836752015,353317.78893831075,4026353.1347248363
1628216119902649694,353317.3519785494,4026352.932158876
1628216120034655561,353316.57037209894,4026352.588575257
1628216120106634947,353316.15559803875,4026352.398695433
1628216120238740617,353315.36994314764,4026351.989017718
1628216120304680557,353314.9509009388,4026351.7867589137
1628216120436625140,353314.17356884724,4026351.3603997244
1628216120508630310,353313.746791066,4026351.1464309962
1628216120652651575,353312.8608438077,4026350.658128287
1628216120778722634,353312.0742999063,4026350.241019545
1628216120832715905,353311.76924470405,4026350.0809600544
1628216120976868798,353310.8540775759,4026349.5682496224
1628216121048846964,353310.4220048945,4026349.328125322
1628216121180720507,353309.6402729916,4026348.885239283
1628216121240715141,353309.2660498602,4026348.6789260623
1628216121378621842,353308.38710492884,4026348.1464374457
1628216121438617467,353308.0118079402,4026347.932574025
1628216121576593233,353307.1954844128,4026347.4634180847
1628216121630856691,353306.7942114617,4026347.240106683
1628216121780625024,353305.8415725315,4026346.6896396517
1628216121834723262,353305.5226013805,4026346.5043030237
1628216121972623909,353304.59037017846,4026345.9804684254
1628216122038842558,353304.1404129601,4026345.716782227
1628216122182607399,353303.22047295584,4026345.1745510306
1628216122242715879,353302.8317468709,4026344.9461445278
1628216122374623819,353301.98418657685,4026344.421792261
1628216122434633650,353301.59483692655,4026344.189001795
1628216122572858580,353300.6863009552,4026343.6426714957
1628216122644733083,353300.2232495056,4026343.3463699515
1628216122770815185,353299.37746834935,4026342.837002596
1628216122836703721,353298.985821813,4026342.6019317685
1628216122974590684,353298.0895089992,4026342.015172233
1628216123035516515,353297.69867731654,4026341.7777683088
1628216123173610387,353296.7810922286,4026341.234094066
1628216123233646792,353296.38926299126,4026341.0008575167
1628216123383557425,353295.38392783917,4026340.4290667437
1628216123443568206,353294.99243458826,4026340.1976556387
1628216123587432238,353294.14357145724,4026339.699144271
1628216123641514349,353293.7391550677,4026339.447016759
1628216123779538011,353292.8286003348,4026338.9112806018
1628216123839535907,353292.4398633527,4026338.682264368
1628216123977537122,353291.5491734084,4026338.1158572426
1628216124037522114,353291.1648334386,4026337.8870107587
1628216124181454679,353290.2952359776,4026337.3408156787
1628216124247560358,353289.8543993336,4026337.076975761
1628216124379512641,353289.0594091042,4026336.5846939073
1628216124511636126,353288.25604022696,4026336.0985965235
1628216124577672270,353287.82613612915,4026335.838844101
1628216124643527831,353287.47711227625,4026335.608789456
1628216124781546575,353286.6311419294,4026335.0973512665
1628216124907569750,353285.880349471,4026334.6201906363
1628216124985400337,353285.46932092437,4026334.368663731
1628216125105531423,353284.76762356085,4026333.9399277656
1628216125183526567,353284.2906104567,4026333.671573649
1628216125315512057,353283.5304058087,4026333.218864803
1628216125381850543,353283.1176382301,4026333.001608501
1628216125513449863,353282.3636898162,4026332.5543480753
1628216125585404704,353281.9607114918,4026332.3169063474
1628216125705669169,353281.2702120877,4026331.9349785647
1628216125783542116,353280.8164466509,4026331.6807575016
1628216125903538376,353280.1665685909,4026331.293747413
1628216125975565058,353279.76886751666,4026331.0742219696
1628216126113642056,353279.00357170275,4026330.6362482854
1628216126185510151,353278.6040830201,4026330.4210867
1628216126305545497,353277.92468587455,4026330.058685725
1628216126377481463,353277.5609946293,4026329.8581159385
1628216126503643575,353276.8304246082,4026329.477782534
1628216126587522016,353276.3795411091,4026329.2514062263
1628216126707535189,353275.7477627422,4026328.945755799
1628216126773574401,353275.35603982746,4026328.753107121
1628216126917442640,353274.5933164384,4026328.3877838184
1628216126983461617,353274.2548518713,4026328.2281081984
1628216127103414310,353273.5725680011,4026327.909702168
1628216127187539648,353273.1139592499,4026327.695663985
1628216127307537857,353272.43809245597,4026327.383191917
1628216127385714428,353272.03600808274,4026327.2201990974
1628216127505659873,353271.36081269477,4026326.920350141
1628216127589548238,353270.9105603784,4026326.7204529303
1628216127715904979,353270.180375436,4026326.4547997066
1628216127781435566,353269.8390945402,4026326.3126281644
1628216127919666673,353269.05908721115,4026326.0331090908
1628216127985406933,353268.71443544026,4026325.8991124257
1628216128111549106,353267.95325475704,4026325.6573609486
1628216128189547311,353267.48995227815,4026325.4869210217
1628216128315531501,353266.7912627171,4026325.234101563
1628216128381662159,353266.39537604124,4026325.116353606
1628216128513544010,353265.63204395445,4026324.8574877125
1628216128585343829,353265.2187661401,4026324.720075622
1628216128711538544,353264.43001539685,4026324.4864818226
1628216128783536594,353264.0110389025,4026324.3567347233
1628216128909631418,353263.21667363885,4026324.1375795077
1628216128988468579,353262.7944938607,4026324.0114878207
1628216129114634093,353261.99994765245,4026323.7852556338
1628216129180842563,353261.57402058766,4026323.666734857
1628216129312599751,353260.7776598126,4026323.450482336
1628216129384578630,353260.3409128989,4026323.3543618624
1628216129510768192,353259.536594399,4026323.1439205385
1628216129648481357,353258.7347738398,4026322.9692649683
1628216129720529615,353258.297649028,4026322.86344631
1628216129786555564,353257.8594575064,4026322.7577067744
1628216129912781896,353257.0027914297,4026322.5554764727
1628216130050538943,353256.1779048452,4026322.3630231065
1628216130116646529,353255.7177239831,4026322.272426721
1628216130254533469,353254.8191566544,4026322.0699907
1628216130308659252,353254.4965382936,4026321.999159659
1628216130446758507,353253.55000000703,4026321.7930805623
1628216130518621046,353253.09050119005,4026321.6941108652
1628216130644802740,353252.19729988876,4026321.484198908
1628216130716518122,353251.73079483607,4026321.385958295
1628216130848555789,353250.85903979704,4026321.2063232143
1628216130914796150,353250.33245479746,4026321.0561211403
1628216131046761997,353249.4462638791,4026320.872763357
1628216131107603349,353248.97733059723,4026320.7338531646
1628216131245996299,353248.00901946984,4026320.5358949476
1628216131311465092,353247.5927984306,4026320.451756694
1628216131449700195,353246.53904756857,4026320.192745043
1628216131515571343,353246.1183368482,4026320.108377721
1628216131647587805,353245.0638630743,4026319.8463267023
1628216131719672099,353244.5676314413,4026319.746026424
1628216131863547798,353243.48099233134,4026319.4694445287
1628216131911685650,353243.11875129957,4026319.397820117
1628216132043572809,353242.1756387495,4026319.212070157
1628216132121564211,353241.4968758527,4026319.015190152
1628216132253481563,353240.5539715603,4026318.8327327697
1628216132313543209,353240.1179220062,4026318.752592849
1628216132451599768,353239.0024107711,4026318.4865714083
1628216132523566386,353238.48769449675,4026318.3885376924
1628216132655701175,353237.44114252465,4026318.140208523
1628216132709886378,353236.9948462928,4026318.058655378
1628216132847411630,353236.02791277645,4026317.884418046
1628216132913665959,353235.3647807179,4026317.7077817777
1628216133051604831,353234.31496628677,4026317.5226802444
1628216133117471999,353233.7694611327,4026317.4013033127
1628216133249448288,353232.78601133777,4026317.239248056
1628216133315649726,353232.25483512104,4026317.154921365
1628216133453616368,353231.16229407676,4026316.9488151753
1628216133519486251,353230.7050979157,4026316.8795320517
1628216133645551254,353229.65221509116,4026316.686243217
1628216133717551606,353229.1192714118,4026316.6092709447
1628216133867582181,353227.9299750917,4026316.4118231316
1628216133987577509,353227.0172554901,4026316.284642598
1628216134047572398,353226.5589061315,4026316.222947657
1628216134185664768,353225.43718739005,4026315.9994529258
1628216134257712137,353224.9007513208,4026315.928887783
1628216134389579095,353223.8620255098,4026315.7508018864
1628216134449558775,353223.4033079125,4026315.692592386
1628216134593467957,353222.3313996493,4026315.562432494
1628216134647693728,353221.8391327561,4026315.4674374815
1628216134791482068,353220.7641321071,4026315.341175415
1628216134851502373,353220.30297646474,4026315.2885616305
1628216134989729165,353219.1845912358,4026315.148386078
1628216135049575630,353218.72229385655,4026315.1004304327
1628216135193509457,353217.607476508,4026314.9664202905
1628216135253350512,353217.1438822918,4026314.9211722724
1628216135392593490,353216.0186627421,4026314.8044895907
1628216135458685909,353215.47586308036,4026314.757287449
1628216135590571966,353214.46589772485,4026314.6755792215
1628216135650584875,353213.99451076996,4026314.6035466045
1628216135794616544,353212.9086576302,4026314.525687596
1628216135860570178,353212.4430823751,4026314.4949998963
1628216135992565277,353211.317092028,4026314.4084825455
1628216136052641454,353210.851143919,4026314.382806179
1628216136190720333,353209.7288405883,4026314.2770613427
1628216136250770046,353209.2632541299,4026314.2538203658
1628216136400505340,353208.1335401387,4026314.194283277
1628216136454797635,353207.66839702346,4026314.17469702
1628216136593058855,353206.58368128334,4026314.1324644163
1628216136652762848,353206.0773633972,4026314.117726213
1628216136796598845,353204.9927597805,4026314.083914844
1628216136850488450,353204.60539598286,4026314.0721664582
1628216136994570266,353203.39471366815,4026314.030908579
1628216137054629968,353202.93090008583,4026314.0204554177
1628216137186717191,353201.8666651111,4026313.980317863
1628216137246738579,353201.40322146105,4026313.972788233
1628216137396595098,353200.1965962405,4026313.9710742803
1628216137468591436,353199.65529715375,4026313.9674272374
1628216137654754755,353198.1646962962,4026313.955875998
1628216137798590813,353197.09240129194,4026313.9596382263
1628216137864511077,353196.6115710237,4026313.9714465723
1628216137990617338,353195.6194907314,4026313.982700176
1628216138122468014,353194.60743804974,4026314.0065604574
1628216138194593427,353194.07662722224,4026314.017689833
1628216138320651971,353193.09264612186,4026314.0422954108
1628216138398569225,353192.4589470546,4026314.0576094887
1628216138518904488,353191.5568009049,4026314.087176477
1628216138596483113,353191.03223771043,4026314.1050361944
1628216138722584698,353190.0155553215,4026314.114998261
1628216138788772037,353189.49546315166,4026314.135589965
1628216138932607164,353188.41125183157,4026314.1528609637
1628216138992582294,353187.96999491437,4026314.1715677376
1628216139124511623,353186.97630456765,4026314.2183724283
1628216139190681428,353186.46924777946,4026314.245579462
1628216139322598117,353185.5368510545,4026314.297083175
1628216139394601701,353184.9821250795,4026314.301538159
1628216139520692370,353184.0637086833,4026314.3568945536
1628216139586470364,353183.6431489794,4026314.3841620917
1628216139724683280,353182.62558968435,4026314.447729293
1628216139802601841,353182.07447912823,4026314.4863642757
1628216139916584791,353181.27587962884,4026314.535296257
1628216139994755555,353180.7321320432,4026314.5762479985
1628216140126597595,353179.8296599922,4026314.6550165676
1628216140198654102,353179.3608516032,4026314.6928675594
1628216140324602508,353178.49575262005,4026314.7648384073
1628216140396611928,353178.0060437838,4026314.8055460798
1628216140516607206,353177.2172771979,4026314.881899998
1628216140600604184,353176.69371831097,4026314.934717068
1628216140726615037,353175.8284699037,4026315.0140760457
1628216140786597665,353175.4404497145,4026315.055441209
1628216140924752682,353174.53037502384,4026315.1582651804
1628216140996762632,353174.0847610193,4026315.210677209
1628216141122585147,353173.3278141916,4026315.309075549
1628216141194654103,353172.825528057,4026315.3665983644
1628216141320590127,353172.07638893055,4026315.4539391124
1628216141398730154,353171.5770660079,4026315.540464822
1628216141518731662,353170.83781827847,4026315.6388686523
1628216141590603562,353170.40814973996,4026315.6931469277
1628216141728613125,353169.5750793329,4026315.8463028567
1628216141800610427,353169.16065096064,4026315.9040461313
1628216141920736203,353168.43216869154,4026316.0371802137
1628216141998636770,353167.965620923,4026316.1039855154
1628216142130599214,353167.19602625305,4026316.242943371
1628216142208479891,353166.79148465727,4026316.3024723707
1628216142322596179,353166.10219689517,4026316.4039363083
1628216142400693380,353165.644104945,4026316.4682180537
1628216142520712815,353164.97104419355,4026316.563852849
1628216142604614201,353164.52734573215,4026316.6257544965
1628216142724669370,353163.84133726335,4026316.7082419517
1628216142856508769,353163.1387295058,4026316.8106032386
1628216142934633675,353162.7079248325,4026316.852755034
1628216143000653225,353162.3342069519,4026316.9034610423
1628216143132477745,353161.7047043663,4026317.004339467
1628216143252604160,353161.0013135737,4026317.099206798
1628216143324735525,353160.6216562053,4026317.1541639646
1628216143462637083,353159.8340347184,4026317.21164002
1628216143522641461,353159.50849236496,4026317.2519471394
1628216143654602470,353158.76149334677,4026317.3368113525
1628216143732601403,353158.3847773165,4026317.3861645185
1628216143858492402,353157.6831427816,4026317.48112443
1628216143924730047,353157.2887983113,4026317.5139305075
1628216144056634976,353156.5698145414,4026317.605217195
1628216144128632880,353156.16950911283,4026317.6491107834
1628216144254709203,353155.43421332905,4026317.743908895
1628216144326908318,353155.03582542494,4026317.7974136937
1628216144458611069,353154.30527032865,4026317.9171562353
1628216144524637758,353153.90396412916,4026317.978523123
1628216144668681257,353153.0807491115,4026318.1324902168
1628216144728723395,353152.72977223963,4026318.190806939
1628216144860511648,353151.95806727407,4026318.3492723457
1628216144926932170,353151.543116339,4026318.424786742
1628216145070631395,353150.70739675255,4026318.5827502017
1628216145130609953,353150.3317011975,4026318.702216544
1628216145256788293,353149.54918634205,4026318.8665416962
1628216145334483598,353149.1262483791,4026318.9587322683
1628216145466526389,353148.3142217128,4026319.1174541074
1628216145532498400,353147.887933723,4026319.2154388796
1628216145658756379,353147.06131378736,4026319.374652302
1628216145736488421,353146.6310829629,4026319.4785633944
1628216145862625241,353145.80411922594,4026319.6625022613
1628216145928657927,353145.370618266,4026319.770619274
1628216146054619484,353144.62443368474,4026319.9620394055
1628216146126528092,353144.19630812993,4026320.0668304795
1628216146264642911,353143.3235351108,4026320.303548457
1628216146324632952,353142.94782704243,4026320.4069629274
1628216146462640868,353142.07954324485,4026320.688893505
1628216146534733128,353141.64084694354,4026320.8181561083
1628216146672665129,353140.759206992,4026321.10605055
1628216146732679142,353140.38207241916,4026321.22432101
1628216146864644925,353139.56859273784,4026321.518750872
1628216146930849883,353139.12720030284,4026321.6644779304
1628216147074771609,353138.242061301,4026321.96286906
1628216147206490185,353137.42931007035,4026322.2903681817
1628216147260942372,353137.0495750413,4026322.4253456364
1628216147404761958,353136.188119277,4026322.8013393194
1628216147464688770,353135.80821185466,4026322.9414467616
1628216147602515999,353134.98324672505,4026323.24687507
1628216147656784028,353134.6119619401,4026323.4384116624
1628216147806627213,353133.6589302449,4026323.800942941
1628216147866617744,353133.2724179331,4026323.929443572
1628216148010606960,353132.3810501065,4026324.2717035594
1628216148058819684,353132.0619583324,4026324.394605894
1628216148208621069,353131.13487477077,4026324.7280108305
1628216148268643391,353130.7525290546,4026324.875484123
1628216148400496970,353129.88993889256,4026325.1512158774
1628216148466767609,353129.44317818666,4026325.3240732932
1628216148604507806,353128.60889760597,4026325.6433931813
1628216148676676301,353128.0025725263,4026325.7712863185
1628216148802514865,353127.2255036044,4026326.066015757
1628216148862544264,353126.7832489818,4026326.150050891
1628216149000885734,353125.8781171645,4026326.493094195
1628216149072644938,353125.4235688556,4026326.6610788917
1628216149198679000,353124.5730154236,4026327.0276115374
1628216149264651935,353124.1816720116,4026327.180730867
1628216149402746437,353123.2220841079,4026327.489479858
1628216149462745732,353122.8279090302,4026327.6366657405
1628216149660671175,353121.4742352385,4026328.133859519
1628216149810533067,353120.55735674186,4026328.4949860023
1628216149864781367,353120.13602181873,4026328.6538019436
1628216150002771525,353119.2144660881,4026329.0162285743
1628216150062673697,353118.8201494983,4026329.1730607008
1628216150206513105,353117.84803839773,4026329.5332926568
1628216150272804489,353117.38719627296,4026329.724211867
1628216150410781684,353116.48302727635,4026330.0286042076
1628216150464746818,353116.0828240446,4026330.1891983976
1628216150608621547,353115.1482870842,4026330.5697900504
1628216150680629775,353114.6423715978,4026330.719175664
1628216150806767746,353113.77652786835,4026331.0747380177
1628216150866751373,353113.33870101644,4026331.243538561
1628216151004805316,353112.4057325899,4026331.6392408097
1628216151136649477,353111.49460749334,4026332.0292017264
1628216151208541424,353111.02354647254,4026332.2329289303
1628216151340525731,353110.14841903595,4026332.614162003
1628216151406699711,353109.6410465938,4026332.8062976766
1628216151538635712,353108.769498692,4026333.2015694855
1628216151604905059,353108.26325564686,4026333.409921618
1628216151730537726,353107.45822103077,4026333.7847787007
1628216151808745754,353106.92145094264,4026334.039242168
1628216151940665753,353106.0113850973,4026334.4475575057
1628216152006674463,353105.5414418143,4026334.6758024627
1628216152144652349,353104.634446573,4026335.1176355905
1628216152210763657,353104.16567583324,4026335.3529409003
1628216152330797840,353103.3639809226,4026335.762776314
1628216152402635622,353102.8499741974,4026335.9942098577
1628216152540646142,353101.91257894505,4026336.4792837137
1628216152612515335,353101.4232631906,4026336.7185996305
1628216152732717245,353100.6204831491,4026337.1395622236
1628216152810687418,353100.0857332562,4026337.423166999
1628216152942668986,353099.1717963153,4026337.8794007893
1628216153014826859,353098.7034830366,4026338.1308731423
1628216153134529672,353097.88861399045,4026338.5785304913
1628216153212739778,353097.3564748422,4026338.8716738056
1628216153338941695,353096.4926582541,4026339.3525711414
1628216153416637912,353095.98329648713,4026339.5960724885
1628216153536536846,353095.18822445703,4026340.046873515
1628216153608639368,353094.72521420923,4026340.3114399225
1628216153734781719,353093.8341545394,4026340.784193364
1628216153812710935,353093.30653885624,4026341.0898946617
1628216153932681921,353092.4793653274,4026341.5776175414
1628216154004664943,353092.01857401314,4026341.8524615336
1628216154136787519,353091.12617939804,4026342.354901305
1628216154208648066,353090.66593909205,4026342.6289425683
1628216154328672175,353089.8798139553,4026343.1034574206
1628216154406675071,353089.34151396895,4026343.424660109
1628216154544790525,353088.43018530146,4026343.987419393
1628216154610585976,353088.0233378652,4026344.2343711862
1628216154736707717,353087.18481638475,4026344.765927606
1628216154808668760,353086.7352688699,4026345.0555350333
1628216154940545977,353085.8677011356,4026345.6066882717
1628216155006836475,353085.4207976329,4026345.9051011372
1628216155138772375,353084.55103950377,4026346.4521412184
1628216155210672259,353084.10733059247,4026346.746837843
1628216155348573728,353083.2882446598,4026347.3020522054
1628216155408821187,353082.8264872659,4026347.6256196755
1628216155540798453,353082.0056505837,4026348.1954514123
1628216155606535981,353081.624605907,4026348.460948167
1628216155738716654,353080.70400253835,4026349.0863052104
1628216155810658866,353080.26592444465,4026349.400376994
1628216155942624596,353079.39618926006,4026349.98562566
1628216156074679292,353078.5864944521,4026350.5795000424
1628216156140721880,353078.0956042728,4026350.8725555586
1628216156218679218,353077.65869705216,4026351.1944812518
1628216156332683399,353076.9109389195,4026351.7504399796
1628216156470786905,353075.983942364,4026352.4346834524
1628216156542875081,353075.54938167543,4026352.766762452
1628216156680716276,353074.6381431323,4026353.4494571323
1628216156734664157,353074.327945291,4026353.689155501
1628216156866788339,353073.47941821767,4026354.325193203
1628216156950544278,353072.98427862814,4026354.713597994
1628216157076665676,353072.1812494544,4026355.3495967793
1628216157136676395,353071.77408115636,4026355.65765168
1628216157274672590,353070.9115917535,4026356.350262468
1628216157334678385,353070.5429055537,4026356.6489978125
1628216157478658995,353069.6414562482,4026357.37132242
1628216157538679912,353069.2735421441,4026357.6741951685
1628216157664704403,353068.44384491316,4026358.3183980878
1628216157748667549,353067.9546007982,4026358.7228777106
1628216157886809114,353067.0659008728,4026359.4371738303
1628216157940584037,353066.7627414413,4026359.692866596
1628216158066722760,353065.97687032167,4026360.360801965
1628216158138676608,353065.5272374069,4026360.7411112483
1628216158282661326,353064.69079109846,4026361.4704519
1628216158342536420,353064.3340653358,4026361.78436574
1628216158468821729,353063.5266347197,4026362.4895936185
1628216158540689992,353063.11485175136,4026362.8597396053
1628216158678658791,353062.2560240524,4026363.5940987724
1628216158738784835,353061.9045329428,4026363.9098771014
1628216158876659501,353061.119294106,4026364.6352979727
1628216158942686757,353060.71104458126,4026365.0091073504
1628216159080691349,353059.8956753772,4026365.753166932
1628216159146567200,353059.5205507262,4026366.099558876
1628216159272568433,353058.7710910073,4026366.7867141347
1628216159344573481,353058.36998573283,4026367.156679296
1628216159482685427,353057.5272230733,4026367.934101973
1628216159542666044,353057.1825758894,4026368.253060386
1628216159674553447,353056.40772715013,4026368.9568209187
1628216159746676513,353056.011096993,4026369.3288465617
1628216159884594266,353055.18661325437,4026370.099062459
1628216159944708607,353054.8515529167,4026370.417858393
1628216160070901419,353054.1262511144,4026371.106618592
1628216160142831085,353053.7186379696,4026371.4846290103
1628216160280577167,353053.0017859161,4026372.1655554995
1628216160412690429,353052.2098752487,4026372.8996354225
1628216160472696978,353051.8863831067,4026373.2127420744
1628216160544691956,353051.50891885284,4026373.5785834705
1628216160682804464,353050.71940370917,4026374.278015604
1628216160814722671,353050.0230669675,4026374.9473028155
1628216160880567419,353049.67673011683,4026375.2363216206
1628216161018570094,353048.9397238643,4026375.9514651643
1628216161072908135,353048.6243119524,4026376.2569885445
1628216161216803016,353047.86851149483,4026376.9349749307
1628216161282613046,353047.55268881045,4026377.236965242
1628216161420597241,353046.7876073656,4026377.9304291247
1628216161486802650,353046.4247678486,4026378.2805196354
1628216161612646602,353045.7695668872,4026378.8720213245
1628216161678804145,353045.4098486521,4026379.2199226934
1628216161816735980,353044.69671606313,4026379.9109188053
1628216161888704318,353044.30153090216,4026380.227744143
1628216162008701472,353043.6979339889,4026380.8063467466
1628216162080975158,353043.34902875475,4026381.141369369
1628216162218741390,353042.6285506876,4026381.815766432
1628216162284748041,353042.3352718833,4026382.0975379623
1628216162422576947,353041.6047284121,4026382.7533067944
1628216162482570785,353041.3150045091,4026383.029219667
1628216162626702811,353040.61918602034,4026383.6743287337
1628216162680859589,353040.33486074454,4026383.94648793
1628216162824629715,353039.67985120835,4026384.576439452
1628216162872683665,353039.4022139715,4026384.7845807355
1628216163022819927,353038.71338475746,4026385.447515964
1628216163088618001,353038.4411603358,4026385.710314615
1628216163220633453,353037.8211448523,4026386.267650492
1628216163280824412,353037.51015143225,4026386.5709631233
1628216163424835906,353036.87389776175,4026387.181126337
1628216163490572583,353036.6147705353,4026387.43820969
1628216163616608212,353036.04235172796,4026387.9973629666
1628216163676701786,353035.7909802742,4026388.252483727
1628216163820719995,353035.2137399676,4026388.847607911
1628216163886569535,353034.9024761071,4026389.145309937
1628216164024815247,353034.34083616163,4026389.735897079
1628216164078702068,353034.1436682988,4026389.946763097
1628216164216713042,353033.58016726,4026390.524320193
1628216164276693711,353033.35171719047,4026390.777221183
1628216164414983842,353032.79159606155,4026391.3442228436
1628216164474888332,353032.56770620734,4026391.5952154347
1628216164618571669,353032.0419625896,4026392.181226564
1628216164750566060,353031.5759929158,4026392.7286868384
1628216164834577758,353031.2949719846,4026393.0674414467
1628216164954589990,353030.8624324065,4026393.5578155606
1628216165015060205,353030.6269059999,4026393.845077758
1628216165092703415,353030.3915956593,4026394.1313597243
1628216165218720017,353029.94522722677,4026394.6832484263
1628216165356825725,353029.4847775431,4026395.2669315212
1628216165422718618,353029.2839179415,4026395.5286420966
1628216165542724851,353028.88645703765,4026396.0539441826
1628216165620715869,353028.580990435,4026396.3954328937
1628216165752646506,353028.14245740144,4026396.919234386
1628216165824629782,353027.9049260388,4026397.2027464546
1628216165950845724,353027.46217021276,4026397.758236175
1628216166022713429,353027.23005372216,4026398.055145337
1628216166154555749,353026.7705765512,4026398.6037164964
1628216166220829781,353026.52574786416,4026398.9018178773
1628216166346660760,353026.10365059826,4026399.401963976
1628216166424604782,353025.82321506477,4026399.743272362
1628216166550869692,353025.37656629895,4026400.2839965285
1628216166622714317,353025.1293268368,4026400.571518611
1628216166748730302,353024.7178017274,4026401.0740489634
1628216166826733532,353024.43858297064,4026401.408378677
1628216166952753586,353023.9698128834,4026401.934829553
1628216167024724019,353023.7212042153,4026402.2264032713
1628216167144709377,353023.2729065233,4026402.7344403216
1628216167222864908,353022.9907135029,4026403.068820536
1628216167348731030,353022.5679845669,4026403.570381371
1628216167426708103,353022.2474590578,4026403.916581389
1628216167546709895,353021.81469142425,4026404.4109882447
1628216167618941440,353021.56648161064,4026404.697733436
1628216167756834859,353021.0731236718,4026405.276543063
1628216167828695738,353020.8314992575,4026405.5701346574
1628216167954793316,353020.3914639753,4026406.15035919
1628216168026724995,353020.15587649506,4026406.4470222676
1628216168158896857,353019.6808065658,4026406.987923691
1628216168230735907,353019.45273122273,4026407.2900746586
1628216168350619677,353019.0738915403,4026407.8184183585
1628216168416758110,353018.80883689906,4026408.134807615
1628216168548734559,353018.4260366591,4026408.7276113424
1628216168632698556,353018.1532989965,4026409.082400423
1628216168746861065,353017.8357303514,4026409.645838056
1628216168878942386,353017.47054647905,4026410.231751133
1628216168962695900,353017.28744961554,4026410.61321821
1628216169022578531,353017.15588485164,4026410.9006704516
1628216169148834593,353016.8558606481,4026411.5323537653
1628216169280859411,353016.623789325,4026412.1727721966
1628216169352709619,353016.5148168436,4026412.522036731
1628216169430732080,353016.3474361531,4026412.9278346794
1628216169550840270,353016.20431420446,4026413.5364094367
1628216169682864975,353016.0595376102,4026414.184380382
1628216169754742393,353016.01434238756,4026414.5431222506
1628216169880758811,353015.90727776365,4026415.1537099048
1628216169952867854,353015.8979387427,4026415.50598409
1628216170078900081,353015.91160884686,4026416.1544411145
1628216170156739342,353015.8787061105,4026416.4854472997
1628216170294727440,353015.96371404023,4026417.1701701996
1628216170354721031,353016.01724285283,4026417.4594265576
1628216170486608966,353016.11534465296,4026418.082708395
1628216170564868277,353016.2224664659,4026418.457909637
1628216170696716917,353016.36752102006,4026419.0282093547
1628216170756745944,353016.4735767128,4026419.2971652853
1628216170888619710,353016.7043087776,4026419.842879048
1628216170954871782,353016.8601214562,4026420.1396167492
1628216171093017693,353017.2021425273,4026420.71548651
1628216171146853763,353017.2583311086,4026420.8986785007
1628216171284799790,353017.64234838786,4026421.4421582827
1628216171350728550,353017.816813582,4026421.669425984
1628216171488839968,353018.19974610535,4026422.1568322526
1628216171548823291,353018.39214665105,4026422.369940588
1628216171686787318,353018.82776974584,4026422.8311842466
1628216171758744598,353019.07342461986,4026423.0560846925
1628216171890599797,353019.48729465384,4026423.4521448873
1628216171950611784,353019.704963904,4026423.637053309
1628216172094615172,353020.2167305468,4026424.0684406348
1628216172148775427,353020.36612888303,4026424.1964010266
1628216172286993378,353020.8942364942,4026424.6098108063
1628216172358925778,353021.16309246846,4026424.8116734535
1628216172490884046,353021.58848009177,4026425.1703065084
1628216172562628560,353021.84603648656,4026425.3603978227
1628216172700716216,353022.32684788445,4026425.7255981793
1628216172748787479,353022.51512597554,4026425.8632141566
1628216172892877832,353022.9808249259,4026426.207064207
1628216172952858266,353023.21643392654,4026426.3733576536
1628216173102648202,353023.77822667547,4026426.7625143034
1628216173156804965,353023.9864366716,4026426.935315074
1628216173294617134,353024.53640270396,4026427.327724174
1628216173354621079,353024.7672275471,4026427.491718412
1628216173492783206,353025.30374332506,4026427.8930838318
1628216173552825472,353025.5427162104,4026428.059808564
1628216173684916673,353026.0070575501,4026428.4102126285
1628216173762854174,353026.3314407449,4026428.644092912
1628216173894842443,353026.7896818991,4026429.0018637525
1628216174032808006,353027.375603699,4026429.4168567504
1628216174098740261,353027.6287187835,4026429.5938398195
1628216174224885109,353028.1971096761,4026430.006139474
1628216174296879641,353028.50060989195,4026430.2223074413
1628216174428776758,353029.07138642494,4026430.605025339
1628216174488768523,353029.3426488653,4026430.7945181653
1628216174626902030,353029.94512678427,4026431.2163716946
1628216174704865017,353030.3149458278,4026431.47426199
1628216174830632636,353030.87593380566,4026431.8659351915
1628216174890762641,353031.1154724344,4026432.072323766
1628216175028764199,353031.7829670503,4026432.5396449636
1628216175100713664,353032.122072487,4026432.7757171676
1628216175226861834,353032.6938837394,4026433.1931471303
1628216175286867630,353032.9887671269,4026433.400550167
1628216175436624534,353033.61459129595,4026433.877428489
1628216175490870042,353033.9145245702,4026434.087736658
1628216175628890056,353034.5936993751,4026434.579396354
1628216175688872289,353034.8987736694,4026434.7930353615
1628216175832765659,353035.616806214,4026435.299356049
1628216175892759760,353035.8764987792,4026435.5025342265
1628216176036767798,353036.60356569104,4026436.01144837
1628216176090775752,353036.9169891176,4026436.2306832033
1628216176234767124,353037.59873451764,4026436.742136165
1628216176306763461,353037.96592187224,4026437.000742796
1628216176432774064,353038.6031201941,4026437.4229845717
1628216176492769920,353038.92200027115,4026437.6427983185
1628216176631042056,353039.66293825314,4026438.146228355
1628216176702877550,353040.04011525575,4026438.4046046007
1628216176834748351,353040.742142668,4026438.8882476706
1628216176900660227,353041.0551589349,4026439.1154242093
1628216177032858365,353041.8199560066,4026439.6395681524
1628216177098650160,353042.1482144072,4026439.8647161745
1628216177231092553,353042.8712740552,4026440.379619251
1628216177296754355,353043.19880462415,4026440.5980657134
1628216177434752260,353043.9615388438,4026441.0925814067
1628216177500772279,353044.29086180264,4026441.316856946
1628216177632723007,353045.0278169279,4026441.759563274
1628216177758759176,353045.7634053157,4026442.2368391226
1628216177836770084,353046.21540287347,4026442.5292864046
1628216177896764859,353046.5598545498,4026442.7473239335
1628216178028665508,353047.2810991112,4026443.2227069205
1628216178166799162,353048.0424520903,4026443.729819758
1628216178238757797,353048.4341354652,4026443.9866685695
1628216178310701657,353048.83189903013,4026444.2462219265
1628216178436877387,353049.5468840777,4026444.696198272
1628216178568904305,353050.29875589564,4026445.1998099457
1628216178640705045,353050.6741254751,4026445.441615533
1628216178760761434,353051.3405434418,4026445.878865739
1628216178826955598,353051.73164166964,4026446.13316111
1628216178964782467,353052.4626941256,4026446.624613699
1628216179084662639,353053.1721232148,4026447.0906759407
1628216179126652846,353053.37053076894,4026447.2084672214
1628216179234662832,353054.02416959516,4026447.6362296506
1628216179360785133,353054.7833990594,4026448.0914986017
1628216179438913322,353055.2562202707,4026448.3964107037
1628216179564769375,353055.97305429424,4026448.860089256
1628216179630816320,353056.34583685966,4026449.068125098
1628216179762768969,353057.13895910623,4026449.5768361697
1628216179834905765,353057.5684166378,4026449.8533086604
1628216179960875720,353058.31143372174,4026450.30897492
1628216180032872602,353058.74105275335,4026450.5850785114
1628216180164788325,353059.50101899577,4026451.061331685
1628216180236650055,353059.93503977766,4026451.3383372584
1628216180362911351,353060.6810847764,4026451.8214184823
1628216180434880570,353061.11830066657,4026452.1023982936
1628216180566769627,353061.93633922446,4026452.6242371923
1628216180632829114,353062.3109200475,4026452.9041429893
1628216180764772637,353063.13063146995,4026453.4337662146
1628216180842696996,353063.5752411185,4026453.7188932635
1628216180974719862,353064.3504788027,4026454.2576326965
1628216181034826310,353064.79498642456,4026454.547095079
1628216181166803831,353065.5874290529,4026455.0459306017
1628216181238617556,353066.0328296665,4026455.3345233994
1628216181364915650,353066.81184851704,4026455.8722223463
1628216181436893337,353067.2545297325,4026456.1741060903
1628216181556868921,353068.0249311705,4026456.6832033955
1628216181640658751,353068.4840560064,4026457.0190494563
1628216181700791041,353068.8666586182,4026457.26952229
1628216182780905858,353075.7127929629,4026461.878703073
1628216182894906674,353076.3673295947,4026462.333002451
1628216182972809196,353076.8850818621,4026462.691414631
1628216183104727145,353077.72619206697,4026463.2661479926
1628216183170918933,353078.1399665861,4026463.5796919744
1628216183290933279,353078.9067737964,4026464.1139978957
1628216183374811938,353079.36479956436,4026464.462009262
1628216183500854905,353080.1885287466,4026465.0464981194
1628216183566827719,353080.56752100494,4026465.3153434037
1628216183692918900,353081.32259560813,4026465.8843337065
1628216183776785360,353081.8106667227,4026466.23885486
1628216183896796539,353082.5298994435,4026466.75419215
1628216183974805196,353083.01509959495,4026467.1027195007
1628216184094799459,353083.73207504046,4026467.626212922
1628216184178805809,353084.1764467865,4026467.9513845015
1628216184298807997,353084.8725682623,4026468.4723629234
1628216184364858647,353085.24698825635,4026468.767165116
1628216184502675321,353085.9928044864,4026469.3305143765
1628216184568711830,353086.3913614564,4026469.6356496625
1628216184706936317,353087.1425376893,4026470.213678804
1628216184772727128,353087.474025505,4026470.4717330267
1628216184898791312,353088.1386534909,4026471.0088098147
1628216184970681928,353088.5138050263,4026471.304026986
1628216185102737402,353089.19917298265,4026471.8477102807
1628216185168935142,353089.52616228256,4026472.1189635526
1628216185300794135,353090.1904994056,4026472.653298807
1628216185360681203,353090.49096075736,4026472.8978409553
1628216185498793470,353091.11996095907,4026473.4555417793
1628216185570693562,353091.46022243466,4026473.7338943863
1628216185697044711,353092.03709891427,4026474.191464745
1628216185768842530,353092.37292745674,4026474.463483785
1628216185900816461,353092.9184652275,4026474.919266182
1628216185972756296,353093.2474120991,4026475.1881059967
1628216186104745669,353093.8544320812,4026475.68227517
1628216186170912784,353094.0949105215,4026475.908486076
1628216186297091989,353094.68572536344,4026476.3917605
1628216186362814719,353094.87707746483,4026476.575835128
1628216186500931817,353095.5093002876,4026477.095517329
1628216186572927888,353095.83159819955,4026477.362760961
1628216186704798707,353096.3621367457,4026477.829296025
1628216186770847258,353096.6932626186,4026478.1123813996
1628216186902820435,353097.2332724804,4026478.583211546
1628216186974692364,353097.57174235705,4026478.861655789
1628216187106841236,353098.1905898159,4026479.375827572
1628216187244824011,353098.74202466244,4026479.8784468733
1628216187304811736,353099.03116195044,4026480.1259889365
1628216187442924268,353099.5997149401,4026480.634421646
1628216187502926743,353099.90859216463,4026480.8921272247
1628216187652727614,353100.5133191425,4026481.426131059
1628216187706978102,353100.82270591723,4026481.691396471
1628216187838829583,353101.500868661,4026482.2700542794
1628216187910709287,353101.73281634285,4026482.489879177
1628216188036928726,353102.4289678432,4026483.0838572434
1628216188102820729,353102.7566392489,4026483.3625457836
1628216188252843571,353103.4583722273,4026483.982918843
1628216188306825255,353103.7919077621,4026484.2682219427
1628216188438929338,353104.442377773,4026484.8212261265
1628216188498960871,353104.7825178552,4026485.113619515
1628216188648809750,353105.53782511095,4026485.7604285055
1628216188708830861,353105.88506040786,4026486.058255906
1628216188846745283,353106.6458591465,4026486.7104040734
1628216188900920642,353106.9016032197,4026486.920487192
1628216189051267973,353107.7914992258,4026487.6876355996
1628216189104820785,353108.0912750575,4026487.945800925
1628216189242685923,353108.83709170995,4026488.59216072
1628216189302675713,353109.20037914836,4026488.905829565
1628216189446903346,353109.9787075902,4026489.592593309
1628216189518984360,353110.4689903351,4026490.01922281
1628216189638885204,353111.13328114816,4026490.6103846845
1628216189704787829,353111.5045184137,4026490.9349052934
1628216189848684601,353112.376538299,4026491.696131534
1628216189920870208,353112.8245189399,4026492.119572
1628216190976833832,353119.5963292823,4026497.841263238
1628216191048800959,353120.0766022396,4026498.2048908593
1628216191114903851,353120.5227365826,4026498.575261833
1628216191252723496,353121.4297756427,4026499.2251763153
1628216191366947366,353122.2359991199,4026499.8304126533
1628216191450720915,353122.80799117306,4026500.2025565403
1628216191516794349,353123.3126623053,4026500.5185900596
1628216191636820417,353124.12436715147,4026501.0835720785
1628216191768890584,353125.0779271937,4026501.6147771347
1628216191835293753,353125.596427809,4026501.8816866665
1628216191978845411,353126.59738842596,4026502.4279576964
1628216192038843026,353127.04723252665,4026502.6265723608
1628216192176938341,353128.0314896088,4026503.172150117
1628216192242782153,353128.4849291075,4026503.341650862
1628216192375088073,353129.48425465135,4026503.871592327
1628216192440835972,353129.9410501884,4026504.0176595426
1628216192572755656,353130.9321730543,4026504.3040242163
1628216192650962262,353131.5185996714,4026504.4935489744
1628216192782854558,353132.50794408156,4026504.7128045782
1628216192842825063,353132.963943859,4026504.8002300225
1628216192974839266,353133.93324654934,4026504.944263169
1628216193052726691,353134.539176171,4026505.0215178686
1628216193190742965,353135.4718141509,4026505.0610689963
1628216193244844694,353135.9229826656,4026505.0948039363
1628216193376851137,353136.8481444067,4026505.0659387205
1628216193442854091,353137.36728988343,4026505.089183053
1628216193574708932,353138.32780051744,4026505.129482764
1628216193640974736,353138.7958414801,4026505.072171624
1628216193772979710,353139.7463194702,4026505.1011668104
1628216193845097715,353140.25593953655,4026505.1160277533
1628216193976810129,353141.1512580309,4026505.054770526
1628216194042980856,353141.6552305921,4026505.0667975564
1628216194174959589,353142.5315269942,4026504.9823640995
1628216194246734703,353143.0223227438,4026504.986618855
1628216194379903233,353143.8851998499,4026504.892708288
1628216194446098555,353144.3866295364,4026504.8951349184
1628216194584113986,353145.3213759165,4026504.900654424
1628216194656171272,353145.8569243258,4026504.7691396275
1628216194788090695,353146.76778188325,4026504.7587065827
1628216194853996859,353147.1844342701,4026504.755306987
1628216194980101830,353148.0628955569,4026504.6167596783
1628216195045985461,353148.56658060994,4026504.6082229167
1628216195190091665,353149.52433827554,4026504.525705452
1628216195243898443,353149.8882493556,4026504.518011828
1628216195376023579,353150.7939991391,4026504.4033555877
1628216195447989009,353151.29953032674,4026504.389416545
1628216195580290978,353152.2463273563,4026504.3614680483
1628216195646193396,353152.6878710889,4026504.312541398
1628216195778185652,353153.6484118639,4026504.2835056237
1628216195849872632,353154.09428644367,4026504.270455733
1628216195981950465,353155.0583431589,4026504.2112088413
1628216196120228185,353156.0623299482,4026504.1430455004
1628216196180208382,353156.51302345126,4026504.126251918
1628216196318035578,353157.57238490554,4026504.0899265064
1628216196378007803,353157.98186683125,4026504.0487457193
1628216196522203738,353159.0535630686,4026504.009220693
1628216196576140635,353159.4389385131,4026503.995060126
1628216196719853329,353160.4860993802,4026503.9365417
1628216196791971723,353161.10928329825,4026503.9137733383
1628216196911953637,353162.0193371495,4026503.855015168
1628216196971967363,353162.492056535,4026503.8396796975
1628216197127895591,353163.6445694836,4026503.781146295
1628216197181990178,353164.1226951626,4026503.7643154706
1628216197313993510,353165.1662974387,4026503.7289904878
1628216197374849493,353165.6138876366,4026503.687530472
1628216197524927664,353166.83137817343,4026503.6485874816
1628216197578795923,353167.2397047648,4026503.635564217
1628216197722908580,353168.421982577,4026503.576893259
1628216197776867901,353168.83281583304,4026503.5641327715
1628216197926995190,353170.0696308945,4026503.5428072833
1628216197986956696,353170.56766124186,4026503.531010659
1628216198114186889,353171.644795893,4026503.477478873
1628216198179852692,353172.1465733138,4026503.465313663
1628216198324021266,353173.4045021809,4026503.434841704
1628216198383999127,353173.9112381686,4026503.39836136
1628216198515924768,353175.0129725325,4026503.3757244986
1628216198576245632,353175.5243598673,4026503.3652277146
1628216198720836970,353176.6923551917,4026503.315466994
1628216198786913174,353177.29391318554,4026503.3031371636
1628216198920061836,353178.39596586046,4026503.2515643733
1628216198980081558,353178.91442439205,4026503.2405817504
1628216199117944511,353180.11873638176,4026503.1910606073
1628216199189942471,353180.7285173085,4026503.1768826763
1628216199327904567,353181.8661035105,4026503.1504653203
1628216199382052955,353182.37799762306,4026503.115851215
1628216199519996630,353183.61456736934,4026503.0863530245
1628216199579945591,353184.1474609495,4026503.073661263
1628216199718200251,353185.37529286416,4026503.0192256705
1628216199778176507,353185.91245728836,4026503.006461649
1628216199921938719,353187.16162403126,4026502.9550217767
1628216199981920336,353187.703394869,4026502.942179817
1628216200126758327,353188.9603874516,4026502.8906686385
1628216200181006959,353189.5066274217,4026502.877751067
1628216200324885945,353190.7865767541,4026502.8475188822
1628216200390921237,353191.3973205071,4026502.8145263675
1628216200517825685,353192.49905903067,4026502.7885346925
1628216200584286605,353193.14431124285,4026502.7733293795
1628216200722145752,353194.41717857553,4026502.7303391746
1628216200848070654,353195.5324359181,4026502.70619405
1628216200926052812,353196.26020109013,4026502.6685335925
1628216201057941514,353197.4756161904,4026502.6439734907
1628216201124873259,353198.12513983913,4026502.612521693
1628216201244989592,353199.2546408898,4026502.5933847977
1628216201328799142,353200.00974916667,4026502.582849565
1628216201454936963,353201.2217939445,4026502.542172608
1628216201526890787,353201.8833133267,4026502.5352373505
1628216201646888954,353203.0110805,4026502.504716628
1628216201724974024,353203.7686082872,4026502.4992067
1628216201856992230,353205.0022754696,4026502.4902077294
1628216201930022398,353205.6523957319,4026502.472357371
1628216202055956634,353206.88667921047,4026502.467315553
1628216202127917600,353207.54701614345,4026502.450024676
1628216202260780542,353208.7814125659,4026502.448948541
1628216202327029422,353209.4454333839,4026502.4491737047
1628216202446970093,353210.5754736658,4026502.434850976
1628216202519008046,353211.2358717514,4026502.436480438
1628216202652122857,353212.4547085795,4026502.426574092
1628216202724052782,353213.11123806715,4026502.430405488
1628216202855971999,353214.32786772255,4026502.440617572
1628216202921956826,353214.98004242056,4026502.4314612257
1628216203053924082,353216.1911494138,4026502.4453072045
1628216203125780975,353216.8348338014,4026502.445633304
1628216203252127580,353218.03933463315,4026502.4649015665
1628216203323909712,353218.6861649418,4026502.475306451
1628216203461933569,353219.87969220604,4026502.4817602434
1628216203522129450,353220.5230804926,4026502.492528751
1628216203654112023,353221.69440007966,4026502.505706721
1628216203731858761,353222.3326188412,4026502.521140619
1628216203858035581,353223.5150153178,4026502.5532353893
1628216203923906342,353224.14312788175,4026502.555717925
1628216204061906649,353225.31984395464,4026502.594745174
1628216204128014030,353225.9318239036,4026502.6086096326
1628216204265906257,353227.1878857618,4026502.659781951
1628216204332015319,353227.7248313988,4026502.6836456973
1628216204457907203,353228.86635653063,4026502.7375519103
1628216204589776134,353230.02033139137,4026502.799548252
1628216204656167395,353230.62399546895,4026502.825089667
1628216204727911662,353231.2408641457,4026502.863652215
1628216204859888272,353232.383635103,4026502.940670344
1628216204986112952,353233.51499296224,4026503.011351122
1628216205058111400,353234.12556796346,4026503.0602744897
1628216205190044375,353235.2527222704,4026503.146712887
1628216205255904264,353235.77347514115,4026503.192824292
1628216205388140669,353236.9655744694,4026503.2996474314
1628216205460074697,353237.5678816234,4026503.3648855644
1628216205585816821,353238.5943615593,4026503.4815943893
1628216205657930151,353239.2795788194,4026503.552325335
1628216205795851726,353240.3833209172,4026503.6923841485
1628216205861916365,353240.97313910676,4026503.762533807
1628216205999962986,353242.15541216324,4026503.928789826
1628216206065994129,353242.6595181972,4026504.0027717687
1628216206191904812,353243.73855730763,4026504.165283328
1628216206263913553,353244.32041157235,4026504.2588837673
1628216206402119220,353245.4667129588,4026504.45248317
1628216206450401064,353245.87741519883,4026504.526582456
1628216206582149125,353246.9409789414,4026504.7284804494
1628216206659948474,353247.58647137403,4026504.860798573
1628216206792155759,353248.63815188536,4026505.0889603137
1628216206852419037,353249.12091042777,4026505.1997425426
1628216206989805336,353250.1586494115,4026505.446146145
1628216207061954305,353250.79494200356,4026505.6118237763
1628216207193909034,353251.81477097794,4026505.8853866477
1628216207259896928,353252.2862450299,4026506.0217510522
1628216207386163361,353253.2998859547,4026506.331735181
1628216207458023798,353253.8432244505,4026506.5060674986
1628216207595925277,353254.92328190483,4026506.871079859
1628216207655923220,353255.37120244553,4026507.0238957447
1628216207787931252,353256.3599852901,4026507.388623056
1628216207866090561,353256.95780668466,4026507.623251708
1628216207997992021,353257.9366782036,4026508.018970117
1628216208057898578,353258.38589393196,4026508.2086298205
1628216208189921803,353259.3410183696,4026508.63459705
1628216208268094024,353259.93135486764,4026508.9047534075
1628216208399973092,353260.8827230178,4026509.353978007
1628216208459977412,353261.3207343392,4026509.5685470966
1628216208592004954,353262.26560525224,4026510.046751794
1628216208657907085,353262.7646892706,4026510.323336603
1628216208790130166,353263.6994663199,4026510.830765418
1628216208855795922,353264.12821989704,4026511.0716757677
1628216208993797871,353265.11779193825,4026511.647025105
1628216209059919381,353265.61201215896,4026511.9427355975
1628216209191922540,353266.52243870014,4026512.506058592
1628216209330183253,353267.50066573604,4026513.128658888
1628216209390081739,353267.90161672235,4026513.4144132524
1628216209461903696,353268.385533668,4026513.735994436
1628216209599849469,353269.28244203946,4026514.342576844
1628216209732086764,353270.2240216977,4026515.04453418
1628216209792040119,353270.63451561844,4026515.3370240973
1628216209929974597,353271.5884900162,4026516.021315443
1628216210001909843,353272.0647239647,4026516.3721409873
1628216210127798300,353272.8695579391,4026516.988889012
1628216210194060800,353273.3426847026,4026517.3490446764
1628216210337978931,353274.28737906285,4026518.0800027014
1628216210409851619,353274.74542533094,4026518.4470056742
1628216210535940922,353275.61552768317,4026519.142910706
1628216210601956273,353276.01651223074,4026519.4685212043
1628216210740057879,353276.9411371467,4026520.214467938
1628216210793952353,353277.34128700965,4026520.544853419
1628216210937928249,353278.2601517779,4026521.3272751397
1628216210997914840,353278.6593371564,4026521.663780585
1628216211136051284,353279.58228092024,4026522.467251736
1628216211196009158,353279.9799051245,4026522.8106807168
1628216211334216596,353280.90659511794,4026523.6191545306
1628216211393986642,353281.2966728321,4026523.9656410688
1628216211538057131,353282.22206100496,4026524.7855507447
1628216211603929492,353282.61803339154,4026525.139566994
1628216211736002022,353283.5477102027,4026525.962272861
1628216211795981821,353283.94292032253,4026526.3181331446
1628216211939925889,353284.85672353965,4026527.171137525
1628216211999937987,353285.24799877673,4026527.528895566
1628216212126323756,353286.08651236235,4026528.327266184
1628216212191966098,353286.47522500134,4026528.6850676686
1628216212329918306,353287.38177382766,4026529.516954686
1628216212401920281,353287.8332767708,4026529.949926683
1628216212540052771,353288.73682232323,4026530.78107122
1628216212593786644,353289.0590456864,4026531.0777421705
1628216212731965283,353289.9510395408,4026531.9132938907
1628216212798097628,353290.39912638516,4026532.326548268
1628216212930090948,353291.2264871951,4026533.0988628087
1628216212990053329,353291.6081510739,4026533.451290639
1628216213139963028,353292.5476648075,4026534.359464006
1628216213199995759,353292.92395078455,4026534.709663592
1628216213331900453,353293.7332720997,4026535.463667892
1628216213397964537,353294.10987711715,4026535.839924394
1628216213535948560,353294.9710569872,4026536.6416351977
1628216213595977463,353295.33673824667,4026536.9818825014
1628216213733961343,353296.1728745034,4026537.7913417425
1628216213865942906,353296.9509104629,4026538.5268939156
1628216213937818254,353297.36556986306,4026538.9123329776
1628216214064073130,353298.12751288863,4026539.6219733893
1628216214135925760,353298.53157352516,4026540.019432893
1628216214267946752,353299.27742187656,4026540.715673893
1628216214339867331,353299.6747974063,4026541.085963652
1628216214466050515,353300.38301254064,4026541.760075585
1628216214538090447,353300.7691040747,4026542.1199362176
1628216214663983407,353301.4800735556,4026542.781916519
1628216214735938395,353301.85719231167,4026543.1308816443
1628216214861817634,353302.4947186323,4026543.721106734
1628216214939945919,353302.9035785575,4026544.0920566847
1628216215065974415,353303.57590732985,4026544.710257339
1628216215137951016,353303.9300687268,4026545.0423991564
1628216215269941820,353304.60075216077,4026545.657148702
1628216215341823159,353304.9611263464,4026545.9885750115
1628216215468057625,353305.6007917296,4026546.582609345
1628216215539942013,353305.9524852746,4026546.9041728
1628216215677827988,353306.5895145022,4026547.504721623
1628216215738058753,353306.94252951164,4026547.828643134
1628216215875861004,353307.56912875874,4026548.4259506073
1628216215930043098,353307.87444201356,4026548.7097858125
1628216216067977625,353308.579735844,4026549.3700316683
1628216216139950838,353308.9290627731,4026549.714035421
1628216216260100826,353309.51496956777,4026550.2491040984
1628216216343931977,353309.9044144722,4026550.607016226
1628216216463959768,353310.4688905387,4026551.172172201
1628216216529999486,353310.81432789436,4026551.497320793
1628216216673958086,353311.4675578279,4026552.1464242707
1628216216740043925,353311.81177900836,4026552.4718376314
1628216216865826263,353312.38545538427,4026553.025302202
1628216216943974013,353312.77396176883,4026553.4034942086
1628216217075938616,353313.4080646337,4026554.0313149826
1628216217142231081,353313.7141510511,4026554.371656394
1628216217274087265,353314.3464029372,4026555.0181244733
1628216217339860527,353314.6380426127,4026555.3198307203
1628216217472009771,353315.2965064738,4026556.0329944296
1628216217543944016,353315.63744248275,4026556.391483888
1628216217664091508,353316.20339103474,4026557.005810094
1628216217741966245,353316.54803098855,4026557.3704014923
1628216217867876771,353317.1876843266,4026558.0557463034
1628216217945953640,353317.588466272,4026558.4777374673
1628216218066091332,353318.19481729687,4026559.113779923
1628216218197973683,353318.85666699114,4026559.8124821205
1628216218269947920,353319.2144380084,4026560.186678074
1628216218407973399,353319.94417109,4026560.9496004274
1628216218467946337,353320.2557220131,4026561.2720881365
1628216218599813946,353320.9349058416,4026561.9745253883
1628216218666389629,353321.2981607177,4026562.3644368425
1628216218809950166,353322.03768324945,4026563.1252404884
1628216218869963521,353322.3463920335,4026563.4637067122
1628216219001982224,353323.03973992873,4026564.171885837
1628216219080137617,353323.4695211847,4026564.6089504436
1628216219206235248,353324.166759877,4026565.334275867
1628216219271953064,353324.49243660545,4026565.663848875
1628216219398012781,353325.2068907252,4026566.3894932996
1628216219476204410,353325.64656645106,4026566.828831934
1628216219607895432,353326.30743746436,4026567.4878169466
1628216219673945059,353326.6953610021,4026567.8893350475
1628216219800027712,353327.413551682,4026568.6031975206
1628216219871962354,353327.8083312083,4026569.0023412853
1628216220009997427,353328.58168655564,4026569.7663569283
1628216220063953813,353328.8573433915,4026570.037877334
1628216220202071981,353329.63748708705,4026570.817159157
1628216220273947466,353330.02336995193,4026571.1972883907
1628216220405946203,353330.7363661871,4026571.9197840537
1628216220472060435,353331.12190671416,4026572.29772184
1628216220597865714,353331.7813392789,4026572.9420830053
1628216220670161861,353332.21627169946,4026573.369844414
1628216220802021964,353332.9270888027,4026574.06277479
1628216220873970137,353333.3095976371,4026574.4436937026
1628216221000141363,353333.9592818171,4026575.0710079563
1628216221077948501,353334.3864229481,4026575.4837644845
1628216221215931414,353335.09075713623,4026576.16868701
1628216221275977287,353335.4563186548,4026576.5182763664
1628216221407890867,353336.1331527452,4026577.192006647
1628216221474080418,353336.4888320456,4026577.5328521044
1628216221607017660,353337.1371341216,4026578.1650728313
1628216221667025709,353337.43328387546,4026578.446683713
1628216221799027273,353338.0647369644,4026579.0461693704
1628216221877343648,353338.44589203247,4026579.412035577
1628216222009081467,353339.0534745108,4026579.9858020614
1628216222069097217,353339.3287627838,4026580.246403614
1628216222201092335,353339.91529337945,4026580.805938955
1628216222272989557,353340.2218960195,4026581.0903637395
1628216222399145754,353340.7861913601,4026581.6288519623
1628216222548853136,353341.3784682797,4026582.185360412
1628216222609020810,353341.63041591377,4026582.420905205
1628216222669029296,353341.9142361939,4026582.688015312
1628216222812977755,353342.4922952752,4026583.217603584
1628216222951099724,353343.03547779296,4026583.731058441
1628216223005081812,353343.2231774085,4026583.90622778
1628216223143016620,353343.7445887504,4026584.411628255
1628216223214964453,353344.00147714897,4026584.6470284476
1628216223341250497,353344.4749090846,4026585.0796930105
1628216223401099524,353344.6752929264,4026585.2741180835
1628216223550889943,353345.16521443566,4026585.730917874
1628216223610837916,353345.373507016,4026585.923866308
1628216223743084765,353345.83132177056,4026586.3406818444
1628216223803109939,353346.0297519064,4026586.52244458
1628216223947114329,353346.4694223503,4026586.9183268235
1628216224013039685,353346.69236207334,4026587.120304802
1628216224145010871,353347.0724505426,4026587.473677083
1628216224216839085,353347.2574594465,4026587.641323614
1628216224354845925,353347.68355854123,4026588.0286464775
1628216224409111968,353347.82700718334,4026588.176488461
1628216224552976412,353348.2364307883,4026588.5485294852
1628216224607035038,353348.4091641875,4026588.7048480585
1628216224750871719,353348.7832812433,4026589.0299398596
1628216224811168936,353348.9486189673,4026589.178387939
1628216224949031232,353349.31875897275,4026589.522712301
1628216225009013665,353349.47755876125,4026589.665289547
1628216225147117009,353349.8325626514,4026590.0131660504
1628216225212904853,353349.9839118795,4026590.1518410523
1628216225344757179,353350.3046925857,4026590.446463303
1628216225404992576,353350.4463518683,4026590.5841426435
1628216225543003270,353350.77644123754,4026590.887884788
1628216225614902413,353350.91676055,4026591.0149055594
1628216225741081861,353351.2056975184,4026591.2796710185
1628216225813120434,353351.3577374483,4026591.4194940315
1628216225951048115,353351.6310431647,4026591.703628261
1628216226011077426,353351.75270042894,4026591.8205888364
1628216226149127475,353352.0223208823,4026592.0925172674
1628216226202994219,353352.1186563276,4026592.1863466376
1628216226346892522,353352.382164016,4026592.445072748
1628216226413018161,353352.48998756416,4026592.568615194
1628216226550913111,353352.7241026667,4026592.8070866466
1628216226683108324,353352.94795942295,4026593.052445666
1628216226743129219,353353.05314214365,4026593.1641918807
1628216226874967188,353353.2576356302,4026593.404934745
1628216226947024525,353353.37591204135,4026593.5384932486
1628216227079012837,353353.5961838697,4026593.7938007494
1628216227150994683,353353.68978291063,4026593.9188657156
1628216227277116851,353353.9128490156,4026594.189629009
1628216227354883289,353354.03474796016,4026594.340704503
1628216227487050556,353354.25921698613,4026594.6258484926
1628216227552923156,353354.3653385999,4026594.762420381
1628216227679094117,353354.5792350003,4026595.0503068245
1628216227751130625,353354.70460807916,4026595.219145966
1628216227876880011,353354.908520361,4026595.504882044
1628216227949051221,353355.0499308433,4026595.7108036266
1628216228074909963,353355.2639914068,4026596.031829717
1628216228147120944,353355.4013685265,4026596.232021174
1628216228279071470,353355.63372985786,4026596.601260944
1628216228356916885,353355.75895886816,4026596.806662945
1628216228482993658,353355.983264285,4026597.190321436
1628216228554981416,353356.1076331611,4026597.4080061843
1628216228681098056,353356.32840878714,4026597.8337170156
1628216228753094489,353356.4501512168,4026598.0674986234
1628216228878922072,353356.6552128922,4026598.4878601334
1628216228951099047,353356.7939737367,4026598.773417197
1628216229088987196,353357.0156301413,4026599.2547777337
1628216229143102975,353357.11647337175,4026599.474325525
1628216229281063932,353357.3452940413,4026600.020201667
1628216229347056432,353357.44077556115,4026600.2601040755
1628216229491018603,353357.66499784775,4026600.8642251156
1628216229557147671,353357.77000052814,4026601.160058231
1628216229677149360,353357.9496240604,4026601.692850897
1628216229743072459,353358.044459753,4026602.0027722404
1628216229881026199,353358.2040091682,4026602.597123514
1628216229953151507,353358.29893817345,4026602.964844128
1628216230078940064,353358.4364725699,4026603.5241062436
1628216230157103458,353358.52519078524,4026603.9395398567
1628216230277036467,353358.6464232924,4026604.5200131414
1628216230355456686,353358.7171953538,4026604.9135945193
1628216230487129416,353358.8407654706,4026605.5835066424
1628216230552886702,353358.88526900054,4026605.8871997134
1628216230684980983,353358.9737689548,4026606.5818145145
1628216230757074276,353359.02111217333,4026606.9973990778
1628216230882985298,353359.07999423967,4026607.645822816
1628216230961120727,353359.11179077195,4026608.0695441174
1628216231093017251,353359.15367807937,4026608.7649478335
1628216231147047750,353359.16684060945,4026609.106342116
1628216231279157403,353359.1823000205,4026609.810616056
1628216231411026049,353359.1800945181,4026610.5421057353
1628216231495012846,353359.16969158314,4026610.9821664076
1628216231549179406,353359.1576670339,4026611.31379401
1628216231681062580,353359.1093504539,4026612.0702953073
1628216231813008936,353359.039971186,4026612.7974897167
1628216231879593979,353358.9923932766,4026613.2154132426
1628216232023138518,353358.8776503387,4026614.002763213
1628216232088881782,353358.8209360313,4026614.338809333
1628216232215010527,353358.6813126266,4026615.09484182
1628216232281115519,353358.5976916593,4026615.487191045
1628216232419044789,353358.4158616405,4026616.23569806
1628216232485162324,353358.3124591615,4026616.6257575545
1628216232611167574,353358.10233905504,4026617.3776731067
1628216232689036750,353357.98149002215,4026617.766379923
1628216232821159412,353357.7167981502,4026618.537407772
1628216232892946991,353357.58727134275,4026618.8911659163
1628216233013101010,353357.3048035188,4026619.5945008197
1628216233091038243,353357.1437190203,4026619.9695452447
1628216233228969368,353356.785996352,4026620.730184687
1628216233277029949,353356.6571995995,4026620.993658626
1628216233415201961,353356.26485682256,4026621.7298593917
1628216233493053560,353356.0366594006,4026622.1384497285
1628216233619045237,353355.6714229898,4026622.768844046
1628216233685114371,353355.45590330486,4026623.116977545
1628216233817141442,353355.04054979957,4026623.7538354346
1628216233883007427,353354.83806080755,4026624.073183671
1628216234015113175,353354.3656819059,4026624.7446374753
1628216234093043129,353354.12406852643,4026625.0763057596
1628216234219142856,353353.652844966,4026625.7168559674
1628216234291145244,353353.4024497662,4026626.0434848745
1628216234423000862,353352.9171935802,4026626.668037129
1628216234483127368,353352.6943926059,4026626.9429289806
1628216234621038371,353352.14889818756,4026627.576313434
1628216234692992011,353351.87858485687,4026627.887166085
1628216234819080152,353351.3724573995,4026628.4630599953
1628216234891070888,353351.0894131455,4026628.789753307
1628216235011075854,353350.6194833567,4026629.3203386394
1628216235094911114,353350.3046250328,4026629.672618288
1628216235221168542,353349.76944944396,4026630.2557940474
1628216235281176533,353349.5299390234,4026630.5174066895
1628216235419061038,353348.9615194259,4026631.1482166816
1628216235485054120,353348.7211924951,4026631.4091268335
1628216235628909652,353348.1522043145,4026632.014458518
1628216235755519069,353347.631511637,4026632.569928008
1628216235821083582,353347.3517049954,4026632.8686871775
1628216235892963671,353347.1123658974,4026633.147033282
1628216236025047723,353346.5607472025,4026633.7465812103
1628216236163192180,353346.00949772354,4026634.3487388785
1628216236223091829,353345.81739127304,4026634.5565191587
1628216236361049602,353345.27383260906,4026635.1430269526
1628216236427057282,353344.99748519144,4026635.453269119
1628216236565137404,353344.4412158683,4026636.0600819117
1628216236613147052,353344.22563757515,4026636.2737269923
1628216236763005959,353343.66220606863,4026636.8799114795
1628216236823079466,353343.384766905,4026637.174919468
1628216236962037161,353342.8688305628,4026637.740752776
1628216237022036009,353342.6376894475,4026637.994553857
1628216237160046576,353342.1026705025,4026638.59824716
1628216237232005492,353341.82910115167,4026638.9015739947
1628216237364039992,353341.3078880699,4026639.4706333876
1628216237424056044,353341.0760064128,4026639.7222030363
1628216237562055908,353340.5182720408,4026640.329844866
1628216237622025837,353340.26547470764,4026640.60718612
1628216237760173596,353339.7074862523,4026641.2166567026
1628216237820138464,353339.4663273408,4026641.478652689
1628216237964060464,353338.9063481182,4026642.112880284
1628216238023935612,353338.6630851356,4026642.3762670937
1628216238162029174,353338.0790101179,4026643.0041152737
1628216238222188299,353337.83412385546,4026643.269013516
1628216238365927310,353337.25700786157,4026643.92446178
1628216238426059502,353337.00971669634,4026644.1929227063
1628216238564221062,353336.4289599331,4026644.8194845896
1628216238618061490,353336.20856695506,4026645.051413373
1628216238762185381,353335.58245905396,4026645.7250776626
1628216238822181272,353335.33211251796,4026645.9957990916
1628216238954081940,353334.77727915684,4026646.592909351
1628216239026058063,353334.4831168151,4026646.908533727
1628216239164164774,353333.89162021596,4026647.561864358
1628216239224186556,353333.6421537099,4026647.835946979
1628216239356158559,353333.1036916578,4026648.430928175
1628216239416171568,353332.85334458435,4026648.713946472
1628216239566168775,353332.23669094755,4026649.396281133
1628216239626190701,353331.9868895791,4026649.6897864477
1628216239758194042,353331.4668233563,4026650.280321182
1628216239889946212,353330.9485212404,4026650.8845858155
1628216239956113183,353330.67962946015,4026651.194218764
1628216240088059820,353330.1899845017,4026651.7616916467
1628216240166198267,353329.90354931407,4026652.136136304
1628216240292059842,353329.4729416844,4026652.6523812828
1628216240370060305,353329.18742227776,4026653.0143305766
1628216240490060271,353328.7697916796,4026653.516899455
1628216240561917218,353328.5284328887,4026653.805243685
1628216240700173051,353328.05471936613,4026654.3813315104
1628216240760207853,353327.8534574759,4026654.619333014
1628216240897959733,353327.4179351915,4026655.1490071374
1628216240964021262,353327.1891544226,4026655.41892124
1628216241095950658,353326.7708688362,4026655.909938871
1628216241167975708,353326.53932924627,4026656.171692306
1628216241294066782,353326.1341429104,4026656.6372137303
1628216241360116350,353325.9249256123,4026656.894824153
1628216241498080993,353325.53862802044,4026657.3395083183
1628216241564181576,353325.3356093794,4026657.5729905637
1628216241696077614,353324.9672900018,4026658.0050202194
1628216241768056118,353324.7738021227,4026658.22530048
1628216241894050401,353324.4185587516,4026658.645559704
1628216241965950475,353324.2340478021,4026658.854962896
1628216242097945185,353323.8998579993,4026659.231513232
1628216242164178597,353323.71691181697,4026659.4329591254
1628216242296072916,353323.39708561695,4026659.781636236
1628216242362331134,353323.2265044915,4026659.9792297427
1628216242494162319,353322.9249726028,4026660.3045199574
1628216242566182748,353322.768383965,4026660.472825519
