1628234341467192256,442969.3643257928,7962200.632449241
1628234341593005680,443048.0415234102,7965095.543871298
1628234341653086699,443085.7837783369,7966483.87875282
1628234341797096660,443206.4305870994,7970925.160833032
1628234341857085310,443242.6337913418,7972256.292964708
1628234341995175470,443338.481990107,7975781.600446894
1628234342049177995,443369.3550081027,7976916.651106838
1628234342199088850,443470.157823992,7980623.173078551
1628234342259114497,443510.45448649494,7982104.892076501
1628234342397103181,443598.8898918814,7985356.513841768
1628234342451126377,443632.47899663565,7986590.043000656
1628234342601138838,443725.96991948393,7990025.643190726
1628234342661046812,443761.5683404741,7991333.402592769
1628234342793148198,443854.0714533831,7994733.500470195
1628234342853134081,443889.9305202336,7996050.623092478
1628234342991263593,443988.2623971985,7999664.052759065
1628234343063145960,444033.0583317576,8001309.559694658
1628234343201177597,444122.9800138143,8004612.065086534
1628234343261193057,444163.6990203314,8006107.851632933
1628234343393170431,444248.47057340853,8009221.084109353
1628234343465198273,444286.4843830871,8010615.638681382
1628234343591256937,444366.5114543439,8013553.419467887
1628234343663146276,444402.12774813664,8014860.567174774
1628234343795220538,444483.90681558603,8017861.099410126
1628234343861347247,444525.1938582788,8019376.043739845
1628234343993352499,444600.2319078088,8022128.597726581
1628234344053336179,444634.2970949508,8023378.117315916
1628234344203253237,444717.01081547525,8026412.062919193
1628234344263356853,444760.1432079604,8027994.439641879
1628234344395413951,444840.2417006523,8030932.689129461
1628234344455388275,444845.0981388267,8031105.811604161
1628234344593314499,444923.741553921,8033989.1949318005
1628234344659313409,444955.35706232936,8035147.909674277
1628234344797484942,445034.4858246362,8038048.530425328
1628234344857393157,445067.3656523834,8039253.615094608
1628234344995335728,445130.56672794424,8041567.226014969
1628234345055317684,445163.34190939995,8042768.273164913
1628234345199298043,445222.71254449093,8044940.665592157
1628234345325410202,445294.019333384,8047553.329665708
1628234345397468194,445332.95307865035,8048979.833128289
1628234345529334477,445384.00395511923,8050846.602238862
1628234345601346851,445420.90074111527,8052198.030064708
1628234345727468878,445479.4942247701,8054341.939843091
1628234345799466920,445518.7079736642,8055778.447957282
1628234345925251195,445586.8940433846,8058276.283312753
1628234345997425346,445613.95954395883,8059264.654508812
1628234346129498182,445687.5778971549,8061961.150754722
1628234346207385494,445700.8809250138,8062444.169484993
1628234346333400048,445772.80586421024,8065078.141375489
1628234346399449871,445811.68586106953,8066501.900908712
1628234346543386551,445847.9841938218,8067824.628539536
1628234346603405436,445874.8578292973,8068807.69184463
1628234346729536495,445915.134928613,8070277.6065553725
1628234346807298797,445944.2654831633,8071342.770991511
1628234346945441829,446000.5382384365,8073399.936036907
1628234347005428061,446007.07436234655,8073635.171782322
1628234347137582124,446068.16518029844,8075870.153857191
1628234347203559353,446078.69757050904,8076251.51057465
1628234347347377446,446147.5006920235,8078768.955652164
1628234347407474467,446175.8518044382,8079806.052538574
1628234347527478197,446203.1261445633,8080798.693434823
1628234347605566384,446232.5917304021,8081875.139581872
1628234347731778147,446263.6564045901,8083006.2464501755
1628234347797494195,446286.8341184959,8083853.197061424
1628234347935486038,446342.5824716109,8085890.603067535
1628234348001477019,446348.25133831805,8086094.149735475
1628234348133624048,446404.97409576207,8088167.292606303
1628234348205577139,446405.0101857645,8088163.247395988
1628234348337511528,446456.2708396119,8090036.459439129
1628234348397542525,446480.14605839713,8090908.938701455
1628234348541437107,446514.8676851833,8092173.840423336
1628234348601548572,446540.0865837787,8093095.667053573
1628234348739556830,446567.0823767831,8094076.832624782
1628234348799542931,446587.90020181355,8094837.010516513
1628234348943459864,446634.77130999096,8096548.156722266
1628234348997664161,446633.92777504225,8096512.84565296
1628234349129710714,446677.93428179587,8098119.560030094
1628234349195770307,446687.0373205325,8098448.8131953245
1628234349351601555,446743.38102001103,8100507.088265563
1628234349399600730,446760.7976529661,8101143.054733644
1628234349537712333,446782.2356177289,8101920.4616911765
1628234349603627703,446802.7177632557,8102668.308099639
1628234349735490431,446828.6256467405,8103610.558458207
1628234349801637947,446853.8656148059,8104532.393476631
1628234349939515920,446894.7257508136,8106023.622911514
1628234350065630930,446908.97541695274,8106537.92411556
1628234350131738538,446929.4559002035,8107285.134923098
1628234350263658071,446953.880241147,8108173.150635204
1628234350341641006,446977.2101299127,8109025.010973506
1628234350461776439,446993.47959756135,8109613.9716448635
1628234350533757718,447018.6212502565,8110532.408294977
1628234350665670025,447062.18728135875,8112123.402235025
1628234350731714049,447061.2097036232,8112083.411461284
1628234350863714273,447105.229205619,8113691.210978554
1628234350947615742,447106.4507463225,8113731.408016746
1628234351073818357,447149.35866435047,8115298.5839625625
1628234351133844087,447167.79032439267,8115971.568243722
1628234351265830140,447172.335676819,8116131.301705323
1628234351337719676,447192.8894981867,8116881.709461628
1628234351481759605,447199.9148967683,8117132.266458637
1628234351529715509,447213.55012912094,8117629.986184883
1628234351667868534,447251.251601801,8119006.161026707
1628234351739747111,447240.72131186485,8118616.48885816
1628234351877760433,447279.9753257202,8120049.881875546
1628234351937778659,447294.9645874355,8120596.949469363
1628234352069668135,447291.5287745982,8120465.06983849
1628234352147893266,447312.43053146236,8121228.242464568
1628234352267827325,447305.12030122627,8120954.916323994
1628234352339783197,447320.02769362053,8121498.793661066
1628234352471744670,447311.7010489855,8121188.0317587145
1628234352537922514,447323.79188342945,8121628.748710945
1628234352675842052,447351.241943175,8122630.5730584245
1628234352741816686,447324.7688388394,8121657.032504448
1628234352867866940,447349.58248546656,8122562.502929344
1628234352945852561,447362.1169401825,8123019.811423713
1628234353071957674,447348.9105841711,8122531.017889599
1628234353143882557,447357.80418820295,8122854.962041522
1628234353269973288,447342.2260791675,8122279.599019352
1628234353353745266,447353.41328906635,8122687.560486212
1628234353473758959,447329.11559619405,8121792.931779941
1628234353545889855,447337.07103625825,8122082.843636797
1628234353665881853,447350.794723599,8122583.117350795
1628234353755795043,447332.23553010146,8121900.128362264
1628234353882016411,447344.8851996332,8122361.052088796
1628234353942869310,447351.2370863858,8122592.684014445
1628234354074036450,447341.5653403644,8122235.342054613
1628234354151979276,447347.77896310366,8122461.656212504
1628234354284047759,447343.88899209606,8122316.591406568
1628234354344063342,447351.87954494404,8122608.631038992
1628234354476091359,447332.5442588979,8121897.352760175
1628234354547970012,447337.98913789936,8122096.015953995
1628234354667887612,447348.6993186495,8122487.174382091
1628234354805968988,447342.513015564,8122258.943730324
1628234354865990513,447347.7612665915,8122450.800808957
1628234355010159605,447333.42261658446,8121923.510644026
1628234355076047754,447340.3572122373,8122177.264085349
1628234355208004625,447327.70899085776,8121712.508904146
1628234355267987964,447332.9325797451,8121903.727985722
1628234355406134817,447346.19804215006,8122389.5396027295
1628234355478157267,447326.7985291614,8121677.837485515
1628234355610031018,447337.90381609707,8122084.7366767125
1628234355670073119,447343.20266221656,8122278.933813068
1628234355808152945,447328.7329093849,8121748.028672205
1628234355880172502,447335.8221120167,8122007.950813375
1628234356012050521,447316.97526486707,8121316.668446306
1628234356072065482,447322.7765691337,8121529.370608273
1628234356210248696,447299.492778907,8120675.371428134
1628234356281974194,447299.7846351579,8120686.006480762
1628234356414067882,447303.0650598693,8120806.183060545
1628234356474097991,447273.96832845546,8119739.269977817
1628234356612090509,447274.3061626267,8119751.60664876
1628234356683961061,447274.33592287876,8119752.6701375265
1628234356810237491,447253.0163786197,8118970.7781819
1628234356870243666,447252.8250451227,8118963.75902208
1628234357020170829,447234.67577744374,8118298.002579867
1628234357085997318,447234.11918911233,8118277.583217037
1628234357212319827,447218.49327676283,8117704.352312636
1628234357272275675,447218.516467292,8117705.203119023
1628234357416143944,447218.15701419686,8117692.015620129
1628234357476191963,447203.41289029,8117151.115610773
1628234357614177525,447203.59261212446,8117157.70935732
1628234357676176379,447203.42448524537,8117151.5410137735
1628234357814272763,447189.4924924906,8116640.419434624
1628234357874309925,447189.3185724709,8116634.03839224
1628234358006301680,447187.98936671315,8116585.3298139
1628234358078185592,447187.58355448325,8116570.440715723
1628234358210142564,447175.2869325851,8116119.301143472
1628234358276226589,447175.3449044817,8116121.428156712
1628234358408328030,447175.17678599793,8116115.259818327
1628234358468349728,447163.7674731786,8115696.663700532
1628234358618240463,447163.14138983877,8115673.691965618
1628234358690158604,447162.7355954523,8115658.802878402
1628234358810325225,447151.2338707753,8115236.8036937965
1628234358948365781,447141.12790734484,8114866.065660293
1628234359008277210,447140.7800971134,8114853.303593852
1628234359092235614,447140.17142972414,8114830.969977899
1628234359212168813,447128.8558682027,8114415.777502869
1628234359338399987,447128.7747142274,8114412.799688436
1628234359410422008,447128.6182030223,8114407.056760628
1628234359542304926,447117.256522375,8113990.162819594
1628234359608329078,447116.70584623487,8113969.956228763
1628234359752444190,447106.9210037416,8113610.917077696
1628234359812429468,447107.2687931039,8113623.679131319
1628234359944222458,447107.73251258745,8113640.695203024
1628234360010652518,447099.9535915309,8113355.2506332835
1628234360154215200,447100.01155569364,8113357.377641772
1628234360214240599,447091.79220869584,8113055.767877044
1628234360334491021,447091.4328362219,8113042.580427691
1628234360412403631,447090.9807227897,8113025.989765801
1628234360550249169,447082.60508619953,8112718.637159839
1628234360616264808,447082.3326630981,8112708.640225139
1628234360742502491,447075.5453461101,8112459.567685809
1628234360820254234,447075.34248037206,8112452.123161523
1628234360946400433,447074.60057200893,8112424.897473082
1628234361018300034,447071.32053130644,8112304.508873568
1628234361138273274,447070.67716219125,8112280.89909966
1628234361216567742,447066.3244512105,8112121.160907246
1628234361348439645,447065.89554219,8112105.421060258
1628234361420561472,447065.6926799292,8112097.976538102
1628234361546420515,447062.27905157284,8111972.69586539
1628234361618318201,447061.54295644665,8111945.682888119
1628234361750254766,447060.1927058865,8111896.12364187
1628234361816555915,447059.98404967634,8111888.46642038
1628234361942347310,447059.3812655035,8111866.345558567
1628234362020604000,447063.75716211717,8112026.934519022
1628234362146501805,447063.03265713365,8112000.346941793
1628234362218484009,447064.54003675905,8112055.649091947
1628234362344389482,447063.87928726414,8112031.401220929
1628234362422354686,447063.35764347337,8112012.258165196
1628234362548559068,447066.50528781145,8112127.754595423
1628234362614394095,447065.9836415935,8112108.611538198
1628234362740500648,447071.0788482557,8112295.575397752
1628234362878577334,447070.60356671724,8112278.133943236
1628234362944528612,447070.307964987,8112267.286209453
1628234363022524249,447071.50348741084,8112311.102505011
1628234363142568928,447071.04559388355,8112294.299152272
1628234363268825687,447079.53167121735,8112605.692953192
1628234363340671462,447079.1259369806,8112590.803902899
1628234363484581347,447090.0930740599,8112993.233708436
1628234363544475068,447089.80905474524,8112982.811369944
1628234363676498010,447089.1308867564,8112957.925378397
1628234363742710668,447103.0660355351,8113469.258141995
1628234363886605984,447103.43700828444,8113482.87099764
1628234363946509308,447103.4717869922,8113484.147202865
1628234364078511811,447104.38872951746,8113517.753910869
1628234364144602786,447104.11049946933,8113507.544268837
1628234364276537124,447120.49229889875,8114108.6370662665
1628234364348560037,447120.29521364294,8114101.4052330265
1628234364474681248,447138.0861489674,8114754.184681438
1628234364546628472,447138.0977425812,8114754.610083615
1628234364678642949,447138.1615074614,8114756.949795598
1628234364744783014,447157.42549798,8115463.755694812
1628234364876845105,447156.9501437401,8115446.314195617
1628234364948675474,447156.53855685587,8115431.2124099275
1628234365086765890,447175.8207635482,8116138.656792751
1628234365146849430,447175.32220507663,8116120.364478751
1628234365278809215,447196.4948273874,8116897.149933313
1628234365350702941,447196.407866302,8116893.959411456
1628234365494575711,447217.7262515309,8117676.062890047
1628234365548846741,447217.7610372749,8117677.339099593
1628234365674600141,447217.4943466258,8117667.554826431
1628234365752715557,447239.1613967567,8118462.420896826
1628234365890738841,447238.3381035809,8118432.217252089
1628234365950742374,447255.8549755763,8119074.789280985
1628234366082632632,447255.4201246618,8119058.836643751
1628234366148879343,447254.84612196643,8119037.779162914
1628234366286623691,447277.1755992354,8119856.894135697
1628234366352747956,447277.1813974682,8119857.106837663
1628234366484766902,447299.87124869693,8120689.409882466
1628234366550872785,447299.6509070679,8120681.327202388
1628234366688791669,447298.86811513174,8120652.612418317
1628234366754787024,447322.53299267474,8121520.649974903
1628234366880829968,447322.53299267474,8121520.649974903
1628234366958689607,447348.1997146286,8122462.070462427
1628234367084906575,447348.0605396211,8122456.965604553
1628234367144916056,447348.0141479596,8122455.263985267
1628234367276815957,447371.7448668374,8123325.642530326
1628234367355211704,447371.2867302219,8123308.839028224
1628234367486721625,447395.08811376855,8124181.770601073
1628234367558830449,447394.902531768,8124174.964114493
1628234367678865042,447394.55456568045,8124162.2019522535
1628234367756865995,447420.05620976514,8125097.456062342
1628234367895018960,447419.94601560105,8125093.414707952
1628234368015034852,447443.88267151546,8125971.239707707
1628234368087012695,447443.6796737714,8125963.795102298
1628234368224913418,447469.42712972226,8126907.984100443
1628234368290925605,447469.42712972226,8126907.984100443
1628234368422775359,447469.2995253994,8126903.3046306595
1628234368482910429,447496.0864674242,8127885.5682376325
1628234368626946549,447495.5412236056,8127865.574123876
1628234368680930659,447495.3208060401,8127857.49139713
1628234368818944312,447521.60433056817,8128821.250551734
1628234368878922271,447521.4303087266,8128814.86944677
1628234369022942827,447552.01946881326,8129936.455467847
1628234369088977418,447551.81643249583,8129929.010838729
1628234369220953634,447579.11779189255,8130929.994770557
1628234369280981631,447579.0249708687,8130926.591508815
1628234369419141927,447578.787117064,8130917.870650637
1628234369491092127,447606.1071502813,8131919.4934890345
1628234369623144214,447605.23111101624,8131887.375181218
1628234369682992299,447604.8830163176,8131874.61293993
1628234369821121162,447633.41690933664,8132920.691722706
1628234369893130856,447633.31827761256,8132917.0757513335
1628234370025024467,447657.524763388,8133804.47796515
1628234370085032585,447657.33909584663,8133797.67142599
1628234370223025866,447683.74683050835,8134765.689242589
1628234370294926016,447683.40487195336,8134753.139665976
1628234370427013444,447683.9280672115,8134772.283045332
1628234370487048949,447713.8590500784,8135869.413369413
1628234370625047198,447714.0990415455,8135878.134205399
1628234370697034685,447713.93210407934,8135871.965732477
1628234370823188703,447738.75300761365,8136781.704008881
1628234370883202075,447738.66679140716,8136778.513413457
1628234371032996841,447766.8209142284,8137810.345001144
1628234371087214904,447766.5897652857,8137801.836773194
1628234371225226535,447796.9222817217,8138913.433640227
1628234371290982734,447797.335637669,8138928.535675221
1628234371429113949,447798.2208971057,8138960.866784069
1628234371489123334,447831.0789534703,8140164.991561817
1628234371621128343,447832.8982745959,8140231.568289716
1628234371687266350,447833.7875094498,8140264.112189041
1628234371831152569,447867.3637235502,8141494.400955351
1628234371957080079,447902.38537930656,8142777.654742076
1628234372029153824,447904.5924302065,8142858.4829415595
1628234372161052965,447908.0897045831,8142986.531814187
1628234372227049485,447929.3298382466,8143765.03583103
1628234372359219309,447928.5136975799,8143735.044215456
1628234372425192086,447928.2076249747,8143723.770752294
1628234372563065942,447957.186454939,8144785.386857194
1628234372629317919,447956.78309975413,8144770.497340214
1628234372749303815,447990.28803029837,8145997.812560832
1628234372827269178,447991.1341497164,8146028.654874171
1628234372959251130,448021.99704207864,8147158.9770100005
1628234373031264773,448022.40923258866,8147173.866315408
1628234373151370504,448022.8847786591,8147190.88254263
1628234373223344638,448055.3492045491,8148379.912878425
1628234373355226244,448056.72216230223,8148429.685885278
1628234373433233428,448057.34719411127,8148452.232548201
1628234373553235987,448086.6677487288,8149525.76396713
1628234373625136713,448087.0369013458,8149538.951552444
1628234373763300927,448115.26808714727,8150572.282058195
1628234373835301870,448114.54112373386,8150545.267958364
1628234373955269986,448139.3336017685,8151452.676599792
1628234374033399595,448139.0681303216,8151442.46628526
1628234374165423364,448137.61017709825,8151388.225291246
1628234374237310413,448172.0610188075,8152649.580007052
1628234374357302053,448174.6635663962,8152744.021502842
1628234374429183659,448175.776809817,8152784.22280513
1628234374561246376,448193.95198924246,8153448.720528952
1628234374627466329,448191.86818834464,8153371.719845399
1628234374759324511,448206.98019823234,8153923.908100548
1628234374831210005,448203.46384941554,8153794.3685212815
1628234374969481619,448231.33795295394,8154813.663234026
1628234375029501728,448229.3651013186,8154740.703897083
1628234375161509584,448223.58906448004,8154527.569415248
1628234375227413146,448257.42780203774,8155765.9545254
1628234375359398948,448253.29263812414,8155612.803448415
1628234375431530988,448250.7807640056,8155519.849318793
1628234375557509394,448282.7437738817,8156688.46634195
1628234375629537128,448282.1742412278,8156666.5566101875
1628234375761410111,448313.01118611393,8157793.696419505
1628234375833289244,448309.8713530395,8157677.556765361
1628234375953335931,448343.66806689097,8158912.966108696
1628234376031541569,448342.91246741323,8158883.823931855
1628234376163445156,448340.00754070946,8158774.915243259
1628234376229484049,448375.31203011255,8160066.268667002
1628234376361569156,448373.2313562138,8159987.351669441
1628234376493556628,448400.92454841424,8160998.354705736
1628234376571345394,448398.02944779926,8160890.722764011
1628234376631494791,448394.37460545136,8160755.225928524
1628234376763469159,448437.91797393456,8162346.287221305
1628234376895456723,448434.5590593037,8162219.935457529
1628234376967479977,448474.42959301197,8163677.630683227
1628234377105502458,448466.46652584925,8163382.174424093
1628234377153565439,448463.60097266414,8163275.818671732
1628234377297432797,448505.5129230274,8164806.047496087
1628234377363646349,448502.5437905489,8164695.224213988
1628234377495651266,448542.7241756007,8166161.854428536
1628234377555641617,448539.2093992975,8166031.249153999
1628234377687554445,448529.85031953,8165684.316284621
1628234377765470947,448575.1327156171,8167339.410032357
1628234377897664850,448570.55993988214,8167167.1112597715
1628234377963439424,448613.7086833406,8168744.142382926
1628234378095578716,448608.81937679194,8168560.3571328195
1628234378167711319,448602.5915960989,8168329.351568809
1628234378299444138,448644.4937440233,8169857.671203094
1628234378365596556,448638.3293354466,8169629.643829809
1628234378491611698,448709.0869473581,8172213.8611709615
1628234378569610793,448711.0504655331,8172282.351551227
1628234378701492474,448767.6042857352,8174346.282421803
1628234378761475555,448768.40237633395,8174372.869368485
1628234378893513733,448760.1315562565,8174064.433849596
1628234378971633060,448813.7440764773,8176022.438679877
1628234379103493706,448815.8628360681,8176093.905216144
1628234379163522827,448817.179181798,8176139.2106298795
1628234379289858612,448858.07108320395,8177629.038082617
1628234379373666438,448850.8298580666,8177360.167530378
1628234379499759567,448896.199084987,8179013.3589298455
1628234379559964420,448891.68996998796,8178845.314182135
1628234379691688903,448886.18892375415,8178637.276853536
1628234379763767254,448939.99900335504,8180602.0954924375
1628234379901739700,448930.0412600586,8180230.268916401
1628234379961751016,448992.3955190732,8182507.990516564
1628234380099583571,448990.30739713914,8182424.389092823
1628234380165584396,448991.32258005283,8182457.569297005
1628234380291815096,449038.0383786667,8184158.839801783
1628234380363776136,449036.29479579953,8184090.9813596355
1628234380495832352,449084.540416361,8185847.771929569
1628234380567745673,449084.04503709753,8185825.433900465
1628234380699762035,449076.6902922152,8185548.475511378
1628234380765759823,449121.28207494866,8187174.877305351
1628234380897643964,449113.5908880589,8186885.368343655
1628234380969640858,449154.5529575081,8188378.825787431
1628234381095796692,449148.40763821884,8188145.685494302
1628234381239753217,449177.04348627984,8189183.508059012
1628234381299653379,449170.1143785123,8188926.121559189
1628234381443726782,449146.59260052245,8188056.54153266
1628234381497939440,449189.7427298705,8189630.406485681
1628234381641802378,449174.3585874954,8189058.412319632
1628234381695864992,449207.7376863138,8190274.706316076
1628234381839947161,449192.94937057816,8189724.408585013
1628234381899958876,449184.5980148412,8189414.907033819
1628234382037872264,449200.7089301189,8189994.332042766
1628234382097904343,449191.7649740095,8189663.13360125
1628234382241782168,449202.685760756,8190052.605154437
1628234382307998581,449187.67213053396,8189498.694847446
1628234382433889194,449162.09894835675,8188555.090838823
1628234382499912330,449188.6832172369,8189522.296079183
1628234382643861091,449166.88840986654,8188715.465838586
1628234382703771290,449190.9351936677,8189590.566666496
1628234382842008451,449163.59868515143,8188581.020290996
1628234382895769722,449153.9409587074,8188224.297041756
1628234383039952488,449160.2640702011,8188444.87300506
1628234383105771413,449145.4849766854,8187900.110529064
1628234383232058833,449155.64491906954,8188262.35463898
1628234383292071340,449138.6507643709,8187636.548404841
1628234383442008834,449100.0985838219,8186215.828272005
1628234383501991390,449134.42452454317,8187467.004633855
1628234383645820177,449102.1455477914,8186276.440883122
1628234383693962471,449126.0186477896,8187146.010037635
1628234383837965517,449090.83747056057,8185849.302752063
1628234383904118381,449072.5732207219,8185176.274888996
1628234384035986962,449076.66461804375,8185316.658562327
1628234384095970442,449062.2369249655,8184784.6601866
1628234384234138928,449064.613790355,8184861.654847808
1628234384306113150,449046.38640702,8184189.903751118
1628234384437960493,449008.18980006874,8182783.227421988
1628234384498011539,449023.54848977056,8183340.744077767
1628234384641936391,448965.8009692767,8181217.865314463
1628234384708072164,448985.98114563077,8181951.08123807
1628234384840042320,448934.9447727093,8180074.313263281
1628234384900011386,448912.10726403707,8179234.309887179
1628234385043932090,448918.574131128,8179460.627820972
1628234385176030345,448876.6153092053,8177915.693804454
1628234385242054742,448905.8274988169,8178979.462187414
1628234385368133032,448864.07419035654,8177441.973634789
1628234385440085622,448842.8194315176,8176658.978097319
1628234385572088501,448835.437944168,8176379.042335987
1628234385644078258,448811.5577470881,8175499.90187205
1628234385770151487,448787.4279100848,8174606.93230889
1628234385842071057,448765.264398519,8173790.542844054
1628234385968485889,448746.5189562011,8173094.757706592
1628234386040228521,448712.16541063087,8171832.101860942
1628234386178073317,448655.3674831315,8169743.276258717
1628234386238367086,448664.8273592915,8170084.247188626
1628234386370184546,448619.8575106049,8168428.289719961
1628234386442137687,448590.8751195279,8167361.969849597
1628234386574289451,448568.37129050115,8166528.3521875255
1628234386646155144,448535.6281679041,8165324.197982263
1628234386766181045,448498.84820413234,8163968.380233327
1628234386838325797,448466.632356511,8162783.372282686
1628234386976137111,448444.46509495244,8161961.030569461
1628234387042270753,448412.1314515907,8160771.55758067
1628234387162520543,448357.1975109292,8158750.39189004
1628234387246211712,448346.40548399993,8158349.006259197
1628234387378216514,448286.72166548914,8156152.784985354
1628234387444304289,448255.9148954005,8155018.83418111
1628234387576356211,448241.9472015449,8154497.266961934
1628234387636337832,448214.3213958597,8153480.5201577535
1628234387780178464,448177.897385763,8152135.136405453
1628234387846372658,448141.9324119711,8150811.879660123
1628234387972125224,448116.9158703029,8149885.745471866
1628234388050245536,448080.3798038992,8148540.581657433
1628234388170233993,448024.9322403415,8146499.015442508
1628234388248255988,448019.5100656685,8146293.961634879
1628234388368284807,447960.7131542501,8144129.242078439
1628234388440216705,447926.55019715696,8142871.2943001585
1628234388578322043,447906.94004672,8142141.0665698
1628234388644284394,447879.2462408278,8141120.926241608
1628234388782169115,447848.01649339683,8139964.4375909865
1628234388842295636,447819.190263173,8138902.6087550195
1628234388980434309,447781.3011734006,8137501.723977176
1628234389040412850,447748.7625139533,8136303.553365165
1628234389172623862,447677.05791991524,8133663.030244833
1628234389244232773,447685.2296052706,8133956.770609516
1628234389370438446,447620.06108140113,8131555.544349564
1628234389442634699,447585.5006419098,8130281.868842714
1628234389574365022,447576.66816125734,8129946.639338383
1628234389700411187,447553.8090291582,8129096.8798049195
1628234389772379972,447519.3842071826,8127827.886179348
1628234389904513037,447435.9693821122,8124756.01906442
1628234389976361174,447475.4751239571,8126199.417045529
1628234390102439218,447392.3996254135,8123139.67793871
1628234390174402911,447342.27021810977,8121293.841564762
1628234390306319295,447323.29208014655,8120585.534406839
1628234390372543723,447271.63102103234,8118683.123045139
1628234390504447272,447288.2393850264,8119280.806516032
1628234390582348908,447255.0516558088,8118056.277318913
1628234390708320620,447244.79288125306,8117667.4495195905
1628234390774587258,447208.7731920902,8116338.698083851
1628234390912481797,447133.6080346048,8113566.979661819
1628234390978442918,447124.92058142077,8113241.329571093
1628234391110351478,447064.12485820765,8110996.689757972
1628234391176589246,447044.6184323623,8110273.71593482
1628234391308614377,447040.03131628805,8110092.4857338965
1628234391380486470,447029.98731445585,8109716.851903242
1628234391518499206,446967.2693377745,8107399.686683218
1628234391578500530,446950.5427052469,8106779.449534366
1628234391710428475,446875.0071979081,8103992.012202919
1628234391776801005,446838.41741282796,8102640.9417104265
1628234391920510421,446748.7250032069,8099331.763414853
1628234391980529118,446734.6487191285,8098808.307847426
1628234392106957644,446643.56637268123,8095448.305734742
1628234392184525933,446597.6721619844,8093754.588741333
1628234392322420789,446567.36597706855,8092626.2180162445
1628234392376562932,446547.15255535115,8091878.1578647895
1628234392502574000,446501.50787900947,8090186.780639342
1628234392580600190,446476.1877003032,8089247.71790968
1628234392712712770,446410.8766215192,8086832.963726212
1628234392772692836,446379.1954479752,8085661.853522363
1628234392904509596,446312.4742807433,8083194.783252328
1628234392982599096,446265.6162236835,8081463.009577111
1628234393114490471,446183.26450764487,8078420.395209959
1628234393180522179,446144.4940974194,8076987.891248888
1628234393312657851,446087.7351568728,8074884.544427401
1628234393384627968,446060.69490700215,8073882.178823298
1628234393516510897,445986.9477119108,8071154.411481631
1628234393582748087,445963.03115478466,8070266.693598089
1628234393714780472,445874.90253838437,8067009.097496258
1628234393786819192,445847.8980779467,8066007.463201525
1628234393912901469,445797.9372540681,8064154.062058553
1628234394044804625,445693.92563502886,8060310.549691098
1628234394110556008,445649.6084141012,8058672.139992486
1628234394182600044,445593.33564894437,8056592.213197361
1628234394314739996,445508.7771120129,8053462.306991968
1628234394446887308,445447.4520329564,8051188.58001015
1628234394506841349,445418.8810052536,8050129.343806621
1628234394656597318,445346.4915588274,8047446.558991375
1628234394710596737,445304.20688340184,8045881.595798848
1628234394848723383,445211.906281931,8042464.3051256295
1628234394908749761,445174.0228252976,8041061.234209278
1628234395058828309,445100.3378578997,8038327.734057735
1628234395118875156,445065.6675414736,8037042.736140027
1628234395250894922,444998.7174491904,8034559.087664327
1628234395310779278,444960.78755209345,8033153.576684127
1628234395448904950,444882.3245197031,8030243.641975174
1628234395508886494,444844.97096825636,8028859.009185625
1628234395652677285,444755.94102292403,8025558.693916025
1628234395712789540,444738.58943151473,8024911.027701691
1628234395850919225,444650.25955977105,8021635.620630288
1628234395910946920,444609.6330639989,8020129.448489748
1628234396054823111,444545.8326381297,8017757.988276546
1628234396114740670,444512.37648654496,8016515.994340328
1628234396252821179,444407.6615717508,8012634.054037198
1628234396324724369,444355.1459336211,8010686.880928999
1628234396456745219,444249.75681933627,8006779.830740328
1628234396516833364,444220.40358001506,8005688.460297541
1628234396654859189,444156.8829124926,8003325.094008282
1628234396726726099,443988.6396043089,7997103.10513939
1628234396853018784,443912.59397508577,7994277.078289472
1628234396913025973,443873.5948740947,7992828.430714509
1628234397056882715,443691.3455117593,7986074.367867635
1628234397116891435,443636.56580072,7984041.629797876
1628234397248785043,443454.3070049163,7977286.203646986
1628234397314772714,443384.97666880017,7974714.339470863
1628234397458914350,443269.086690351,7970407.117336602
1628234397518921603,443207.40914785553,7968117.30209993
1628234397656922851,443077.9781673075,7963309.10472599
1628234397716956786,443011.81705706526,7960852.16822162
1628234397860829303,442902.3892611718,7956782.235319392
1628234397915288158,442855.17326626275,7955025.85656029
1628234398058947374,442688.89664462896,7948848.911129192
1628234398118955558,442629.8453300156,7946653.3250821475
1628234398250839825,442507.06266129966,7942086.152905938
1628234398317070687,442432.5618308165,7939315.8116786
1628234398454984242,442318.63341578044,7935074.610331468
1628234398520997949,442243.9792530273,7932297.427427288
1628234398652862763,442128.1275229896,7927983.639609855
1628234398724869523,442069.0314649598,7925781.911463771
1628234398851131383,441962.23452012846,7921802.234034235
1628234398922886918,441906.91089326405,7919739.867489597
1628234399061016429,441747.06295839854,7913788.74960624
1628234399186890346,441622.99705718894,7909166.789196465
1628234399258908295,441558.22226249665,7906751.622673838
1628234399397057299,441406.5825188219,7901100.852607739
1628234399463051206,441364.8391153584,7899539.83498184
1628234399595066063,441236.15297287283,7894740.664764083
1628234399661170737,441169.32697989757,7892247.522503092
1628234399793098443,441055.3332186887,7887991.689803962
1628234399853113909,441001.5026074244,7885981.952564765
1628234399996957404,440886.2573761786,7881676.406763896
1628234400056944646,440840.3257846514,7879959.498486802
1628234400188927059,440753.2524820826,7876701.556818304
1628234400260957828,440698.4284270196,7874651.45991482
1628234400387082572,440628.55020097655,7872031.797360528
1628234400465004228,440592.80305614986,7870690.906563767
1628234400591005005,440454.0078574072,7865506.406608711
1628234400657243796,440407.5810669936,7863767.578421367
1628234400789136861,440271.0553933073,7858665.35480392
1628234400855188620,440218.52117829456,7856698.452265798
1628234400987138290,440101.6264687049,7852324.784761195
1628234401059149246,440049.5306615801,7850373.3904966265
1628234401191030189,439949.5816203378,7846629.5444655875
1628234401251183616,439879.718876116,7844017.079673954
1628234401401048350,439767.4704949304,7839810.09865792
1628234401461067676,439706.1812103675,7837515.961214179
1628234401593064812,439612.6654390638,7834008.811348766
1628234401659349965,439565.92904870847,7832254.8944262555
1628234401803085315,439433.92428962816,7827309.58988393
1628234401863092563,439386.7512441728,7825540.374192585
1628234401989310159,439267.35170358035,7821064.892220751
1628234402061359557,439224.55758019735,7819456.659209837
1628234402199383412,439097.8722339538,7814705.983573169
1628234402259552865,439071.5718696095,7813714.301316281
1628234402391236304,439018.0814258765,7811695.798565877
1628234402451400808,438917.87613404536,7807945.314610276
1628234402601318078,438841.4898558751,7805067.949586152
1628234402661313375,438807.3605432123,7803783.412110902
1628234402799163945,438674.41750863724,7798796.453395413
1628234402865208781,438631.9514463231,7797198.380401583
1628234402991414820,438515.5221035262,7792826.518440233
1628234403051418640,438479.7780148289,7791480.781313068
1628234403189175970,438403.26903884654,7788599.688231546
1628234403327170205,438272.4482664698,7783686.159283138
1628234403399316736,438230.69224200316,7782113.306518705
1628234403525434963,438125.10647567053,7778143.313696031
1628234403591197040,438094.7354491523,7776997.448794549
1628234403723201657,437976.06191291846,7772536.706565396
1628234403807477656,437925.51515471784,7770630.63817317
1628234403933278262,437864.82942203357,7768339.988869045
1628234403993612133,437775.4321235445,7764982.951948401
1628234404125400553,437715.0322069305,7762700.659565328
1628234404197360579,437683.00236518594,7761490.089071414
1628234404335477089,437573.7019702079,7757375.04852979
1628234404395521006,437547.35235681734,7756378.555258644
1628234404521402740,437449.99179043033,7752712.99183852
1628234404611298569,437410.8023763644,7751230.578436151
1628234404731283569,437315.13202193344,7747627.28107159
1628234404791328880,437289.6711884605,7746663.781770475
1628234404917722941,437242.02316014725,7744857.82571898
1628234404989539989,437144.03791620454,7741174.925489381
1628234405121414806,437096.6383869752,7739378.015840808
1628234405187749058,437005.3172759942,7735944.205079208
1628234405319569849,436955.1653567049,7734043.939739448
1628234405397324781,436923.3556768834,7732840.5788743375
1628234405529500111,436807.43527109374,7728472.329869214
1628234405595478962,436782.06785568414,7727511.905019171
1628234405721469367,436672.73660740355,7723391.391077035
1628234405799594639,436635.24934139755,7721973.181242908
1628234405925369968,436577.1438983377,7719775.450673763
1628234405997417934,436502.19137256045,7716952.740176099
1628234406123508397,436435.1523683611,7714417.926976434
1628234406201650221,436355.59497719037,7711420.212539271
1628234406333625205,436290.11906976206,7708943.67228637
1628234406399416129,436260.45531042665,7707821.4848008305
1628234406525553579,436161.63809086604,7704092.543301928
1628234406603663789,436123.79165075015,7702660.061215528
1628234406735639660,436026.25419235573,7698978.5268373815
1628234406795657311,435996.66327018104,7697858.609312898
1628234406927430388,435934.09333293827,7695489.954380534
1628234407005567671,435870.88510446047,7693104.220474819
1628234407125560595,435822.7128104221,7691277.655880802
1628234407197730997,435769.6624895228,7689274.411217047
1628234407329591118,435715.8975858728,7687235.8429914955
1628234407413482260,435683.18203286745,7685995.114739414
1628234407539485067,435604.35281110386,7683013.929353617
1628234407671533328,435556.89940132335,7681211.885898455
1628234407725703694,435512.0732632141,7679518.288249037
1628234407797745732,435485.06065103866,7678492.793590099
1628234408062867872,435371.52891896357,7674187.006316885
1628234408128632003,435349.7059860035,7673357.817301345
1628234408260875706,435281.29916663456,7670764.826440709
1628234408332901920,435255.9998000667,7669803.285066755
1628234408458915625,435191.1274577409,7667344.039853815
1628234408530915429,435165.98278749484,7666387.949841015
1628234408668565297,435116.40354309714,7664503.519698887
1628234408734911004,435079.6968506563,7663112.367591412
1628234408860922282,435035.26297235175,7661421.210731015
1628234409070926493,434966.0754892817,7658786.330713788
1628234409130940807,434945.9350962954,7658019.317003983
1628234409268674312,434913.17351464264,7656767.163955938
1628234409322956659,434896.8345261482,7656143.214561549
1628234409466945793,434857.5198206594,7654642.144607543
1628234409526930995,434841.6953091633,7654037.384826498
1628234409671092006,434806.4524264251,7652689.373027318
1628234409724961739,434807.08680938854,7652704.941106408
1628234409868951123,434776.9054093269,7651547.272953056
1628234409935325006,434769.2285189505,7651247.879703568
1628234410066960178,434746.322134663,7650365.441654436
1628234410265071868,434750.3439377032,7650487.03527464
1628234410337047569,434744.5914648279,7650259.638083378
1628234410462845992,434753.6996386291,7650584.471404242
1628234410528946007,434749.8554399883,7650428.804411587
1628234410667240680,434743.6728269598,7650174.025441082
1628234410732960672,434763.22321337956,7650901.262009164
1628234410871090568,434765.29274736077,7650957.110556308
1628234410925007540,434765.80529512884,7650968.453178202
1628234411069007981,434781.21060421306,7651524.791993725
1628234411129011386,434782.07414274133,7651547.587918883
1628234411273081374,434774.0326965657,7651221.635566169
1628234411339007111,434773.02825050976,7651173.870331811
1628234411471026534,434749.8006268496,7650275.058147509
1628234411543053515,434744.9504534954,7650080.482314763
1628234411669037189,434735.2780696538,7649695.585276634
1628234411729231335,434710.8506384274,7648763.110028168
1628234411878942770,434700.66124519234,7648355.0095330905
1628234411944877808,434676.85604907037,7647445.337793241
1628234412071236461,434675.3636272021,7647366.442633892
1628234412131260333,434676.66789663647,7647405.104146833
1628234412275207469,434633.4783896292,7645751.786337081
1628234412341182463,434637.3399268099,7645884.952564881
1628234412473210371,434577.3768151303,7643600.925672519
1628234412605091347,434589.04630351276,7644017.76133541
1628234412670969204,434596.42309687886,7644285.192925056
1628234412802982907,434559.14926771796,7642855.627940649
1628234412863116908,434570.3791817701,7643266.491035058
1628234413007119483,434541.9031136063,7642166.978948087
1628234413073111241,434546.4133639122,7642326.190706511
1628234413205377587,434510.35584979306,7640940.3984365985
1628234413265332693,434510.44643287256,7640932.8696270455
1628234413415407765,434491.2013418689,7640179.569208429
1628234413469129744,434460.38667127705,7639007.8639058685
1628234413613047305,434445.1392276351,7638407.087742625
1628234413667414202,434448.7297767694,7638531.590184632
1628234413817124765,434453.2711187971,7638675.10946912
1628234413877169617,434469.17069278937,7639263.900743345
1628234413997551078,434419.38767104474,7637363.650908324
1628234414069397209,434436.27518762427,7637987.892929281
1628234414201275712,434364.37513091177,7635251.156325455
1628234414280079479,434372.0634265771,7635526.555742696
1628234414400056177,434377.8570935754,7635723.124880931
1628234414471990576,434283.1643295247,7632137.027447437
1628234414598205535,434276.35398432286,7631856.1271884255
1628234414676630583,434275.330621351,7631804.640136134
1628234414808000785,434199.70493283705,7628926.189832096
1628234414868510726,434203.3234590291,7629049.892485735
1628234415012231971,434117.8006852798,7625795.185346905
1628234415072208983,434116.69049161556,7625742.185023334
1628234415204128027,434044.8079444789,7623003.673919168
1628234415270208855,434034.3249632976,7622594.927133637
1628234415420020574,434007.1006607997,7621541.174414811
1628234415474297632,433964.9787200867,7619938.853824754
1628234415606174745,433956.4814195721,7619594.308000676
1628234415666129465,433953.8624100696,7619484.542177931
1628234415804156676,433883.28606859193,7616792.501138159
1628234415876084041,433878.12080019846,7616584.722934087
1628234416008078748,433810.8109344364,7614018.128639723
1628234416074256081,433808.10919489624,7613903.52547587
1628234416206191455,433748.1512857636,7611614.281223874
1628234416278115061,433751.6223424104,7611732.906084418
1628234416398114454,433752.05318688846,7611727.575834907
1628234416536390050,433667.98855534696,7608524.986160104
1628234416602438361,433663.8886977697,7608357.338713306
1628234416680244434,433659.13817398495,7608165.082331433
1628234416806336776,433578.575424513,7605095.860793666
1628234416944157619,433567.65977011726,7604659.528397716
1628234417010271465,433496.58281349204,7601959.031764477
1628234417076295160,433491.51563158084,7601754.658186891
1628234417209466685,433418.4525676832,7598967.472950881
1628234417341369451,433404.2787062669,7598407.567997985
1628234417413283314,433396.5830493531,7598103.6440796815
1628234417539603090,433337.8366023286,7595857.327629091
1628234417611726532,433332.6435730316,7595648.012231041
1628234417737432786,433261.47293675435,7592931.3211527625
1628234417821379598,433255.15272733674,7592677.465141887
1628234417942360746,433246.044843807,7592310.766063905
1628234418014348025,433191.6263616073,7590238.111525311
1628234418134341140,433179.4123441815,7589753.685734977
1628234418212353207,433117.94521718554,7587412.043011128
1628234418350433892,433106.7161701382,7586961.047291883
1628234418410485289,433105.8875214371,7586918.572718133
1628234418542481304,433044.6739356092,7584576.823838203
1628234418620388203,433042.88778431,7584494.324907698
1628234418752504380,432970.2933811727,7581721.112253978
1628234418812467151,432966.0775919766,7581550.281344853
1628234418938535431,432957.1722163786,7581190.7082012165
1628234419011641068,432888.10590915126,7578559.792420383
1628234419155762428,432881.75065843645,7578293.282742875
1628234419209470269,432805.6334894736,7575400.458446074
1628234419341549555,432802.5660720986,7575258.638122378
1628234419407537431,432800.9642331951,7575187.0383439185
1628234419545711848,432720.29484428867,7572104.787924997
1628234419605726149,432717.6804268811,7571995.027415664
1628234419737634920,432641.1328967948,7569070.641027019
1628234419815511337,432642.3231553459,7569101.88300719
1628234419947498077,432641.4545179035,7569046.805201931
1628234420007505797,432561.65109997627,7566011.195746915
1628234420139720411,432548.7183342345,7565499.357313042
1628234420217557213,432473.18045302614,7562622.139881248
1628234420349750957,432454.00406849466,7561874.270610336
1628234420409901198,432446.05867347005,7561563.610315719
1628234420536639857,432390.43819650967,7559434.092441511
1628234420620515553,432390.69522002735,7559431.90506056
1628234420752403725,432317.33952464326,7556630.3843021365
1628234420812478515,432318.85597834666,7556679.381174793
1628234420944551305,432316.9935106757,7556590.717189753
1628234421022520531,432214.95029486367,7552708.441799694
1628234421148606209,432205.5516854463,7552334.85169877
1628234421280566285,432137.9437676129,7549752.694469144
1628234421340592541,432133.70667960064,7549584.5822924245
1628234421424538767,432128.03635440813,7549359.866014637
1628234421544524694,432058.3755208843,7546701.982735013
1628234421682586552,432049.44478931447,7546347.635539322
1628234421742597683,431987.6725222679,7543996.108695819
1628234421880707781,431979.97641854995,7543689.862006745
1628234421952700358,431921.7881940511,7541473.708070998
1628234422084610246,431923.05114203494,7541509.946582796
1628234422138465342,431923.024801961,7541504.682019194
1628234422282759854,431840.204963858,7538347.607636596
1628234422342717127,431838.92825800943,7538294.669758532
1628234422474747230,431759.8729183623,7535282.8589991005
1628234422546634203,431757.1909040768,7535176.508319414
1628234422684941064,431752.939852125,7535007.441790592
1628234422744786301,431677.1611119972,7532125.004799145
1628234422876774032,431672.35845840356,7531936.328492201
1628234422942571014,431669.4337994744,7531822.645204997
1628234423086662490,431576.6536975543,7528291.611903495
1628234423158558924,431571.6434649903,7528098.899870353
1628234423278678633,431497.1096735095,7525262.827219344
1628234423344806180,431491.3039240899,7525040.354000849
1628234423488657423,431408.2917143348,7521882.488833741
1628234423555092940,431400.189144386,7521573.281760986
1628234423680602005,431386.3126322727,7521044.154474716
1628234423746845418,431301.05360290606,7517802.545352176
1628234423890747486,431285.90431588923,7517225.64214481
1628234423956750503,431207.7166447195,7514252.273929626
1628234424082619650,431201.0799412698,7513999.085502715
1628234424142617228,431188.72114534094,7513528.583181776
1628234424280863103,431109.5505061549,7510516.482402475
1628234424352769658,431094.189077429,7509931.558683122
1628234424478790044,431039.6040543079,7507854.780653416
1628234424550753440,431027.93666458456,7507410.428993925
1628234424682668696,431006.2836060729,7506585.713681182
1628234424749155511,430939.89680210745,7504060.076042702
1628234424880843054,430914.9180333519,7503108.717960242
1628234424946820120,430903.68168127263,7502680.737327535
1628234425084697437,430795.02285323915,7498545.339659477
1628234425150914859,430778.33278361073,7497909.6164671825
1628234425288712814,430636.719546885,7492517.946036384
1628234425414813100,430595.44969668385,7490945.655244054
1628234425486727407,430467.3800312531,7486067.452610535
1628234425558733351,430440.4644163118,7485041.710179599
1628234425684942169,430285.7421475174,7479145.187818886
1628234425744974714,430258.727839741,7478115.254345495
1628234425888876690,430195.7462096685,7475713.781106743
1628234425954880296,430060.48561002855,7470555.799897657
1628234426087009279,429994.371420572,7468033.656411657
1628234426230909785,429842.70229006815,7462246.552962942
1628234426284992471,429810.18357856525,7461005.393369472
1628234426416895142,429739.7724879314,7458317.628024809
1628234426483289734,429630.2682251641,7454137.035087981
1628234426615001645,429556.5891155823,7451323.23457803
1628234426687905007,429444.80240100005,7447053.552271981
1628234426820018302,429367.7093371043,7444107.979754942
1628234426898098188,429320.04773382086,7442286.637546135
1628234427023908554,429182.6415486054,7437034.986781212
1628234427089951473,429139.73529317684,7435394.605684126
1628234427218945352,429002.10690223554,7430132.045613534
1628234427278994622,428964.605486202,7428697.652342817
1628234427429076289,428870.770635457,7425107.9587178165
1628234427489001942,428765.87431067956,7421094.585995007
1628234427626992292,428681.26638627076,7417856.287788274
1628234427681296139,428579.72107113304,7413969.207564366
1628234427831134894,428479.05381674285,7410114.346021161
1628234427896865601,428438.6963695149,7408568.654085031
1628234428023021601,428294.4871635566,7403044.36857308
1628234428089061475,428246.5657474919,7401208.066297262
1628234428238920994,428105.9470040534,7395818.691889242
1628234428293197849,428064.99326212716,7394248.632270583
1628234428424908371,427976.01109411684,7390836.7134988
1628234428484862500,427897.9243025599,7387842.267928719
1628234428623062349,427803.5368406552,7384221.536503271
1628234428694947751,427723.39357999194,7381146.872518161
1628234428821079045,427644.4228041543,7378116.217056238
1628234428887328762,427598.101485861,7376338.256195002
1628234429025078894,427489.2188398967,7372158.342531907
1628234429090972297,427451.57898265636,7370713.037558063
1628234429216981922,427347.73571768194,7366725.083024871
1628234429283243566,427305.3119375007,7365095.451346768
1628234429427121251,427220.18285196193,7361824.825047957
1628234429487123100,427168.70366545033,7359846.832445398
1628234429619023223,427093.77200987923,7356966.996457699
1628234429757268360,427002.52355147817,7353459.406978286
1628234429829020090,426964.4925379945,7351997.180144561
1628234429889132483,426931.84491245437,7350741.817885817
1628234430027150989,426845.40047167847,7347417.626979446
1628234430147405597,426783.5812129585,7345039.758170318
1628234430231179533,426728.5338575347,7342922.211443601
1628234430285636267,426698.9238560581,7341782.964629691
1628234430423160222,426634.6478766076,7339309.624210128
1628234430555075867,426563.7259544807,7336580.174017871
1628234430621081960,426531.1396652622,7335325.842143572
1628234430687337941,426493.6201960128,7333881.550689247
1628234430825083250,426437.97088910046,7331739.002248127
1628234430951223046,426377.0276489609,7329392.417475441
1628234431023095579,426349.29344846605,7328324.335966667
1628234431167105103,426293.6478548418,7326181.109609504
1628234431227129979,426256.83242122876,7324763.0813801875
1628234431353152632,426207.2386433496,7322852.489999891
1628234431425252494,426180.4687630079,7321821.079417038
1628234431557131107,426117.4974542268,7319394.657532301
1628234431623384938,426091.64413810056,7318398.319996371
1628234431749475683,426033.04731159145,7316140.026313114
1628234431821319387,426008.5161927233,7315194.436171905
1628234431953309703,425951.7186305507,7313004.959894538
1628234432025150812,425928.3560441181,7312104.218717286
1628234432157308341,425884.7963739559,7310424.629949551
1628234432229296805,425840.82723699464,7308729.210241769
1628234432355327814,425797.4133887824,7307054.8879640745
1628234432427197305,425774.05463176884,7306153.940077411
1628234432559157531,425715.80581443757,7303907.100229756
1628234432631377363,425689.7032583594,7302900.099465261
1628234432769218582,425633.35854364274,7300726.167537797
1628234432829250547,425614.26228677214,7299989.303864279
1628234432955478912,425693.65093370166,7303052.435382427
1628234433033421849,425686.3803288649,7302771.9397014165
1628234433165574409,425674.35159603,7302307.865390161
1628234433231364713,425703.0294584362,7303414.279742497
1628234433357374729,425702.34912176995,7303388.031409859
1628234433423380239,425701.97865557845,7303373.738289768
1628234433561276871,425678.9848008511,7302486.608885106
1628234433621338159,425678.73278983,7302476.885322205
1628234433747531591,425656.2584617941,7301609.735223622
1628234433825470668,425656.0794487565,7301602.827781141
1628234433957478006,425634.99350562796,7300789.184559219
1628234434017461023,425635.1959163103,7300796.995275734
1628234434155335987,425635.2633865628,7300799.598847919
1628234434233364878,425608.0332787823,7299748.8189838575
1628234434359654956,425607.588559501,7299731.656680834
1628234434491445222,425587.6427631709,7298961.9038111875
1628234434551452188,425587.81072833325,7298968.386161662
1628234434629607906,425587.72123868787,7298964.932450337
1628234434761471513,425567.60596596566,7298188.591606251
1628234434893386131,425567.35540898086,7298178.921222779
1628234434953503202,425548.04670871096,7297433.664389103
1628234435037528190,425548.13756517315,7297437.1712286025
1628234435175385247,425547.9999038757,7297431.857835425
1628234435289565844,425523.4073814238,7296482.620641648
1628234435355398743,425523.15960804356,7296473.056543889
1628234435499525812,425502.5068229934,7295675.836214237
1628234435571582530,425502.00442281924,7295656.442366475
1628234435691579370,425481.50144481374,7294864.96119559
1628234435751609092,425481.9625256747,7294882.761013108
1628234435895428422,425482.8516563971,7294917.08543831
1628234435973728093,425462.83166676963,7294144.201708921
1628234436093658509,425461.62879229564,7294097.762820114
1628234436154067659,425461.0039597655,7294073.640103058
1628234436297471857,425444.0576055754,7293419.404644032
1628234436357473010,425443.52088117297,7293398.6825014865
1628234436495734430,425422.779173344,7292597.851750737
1628234436561527114,425422.6140370098,7292591.475712536
1628234436693976360,425402.0234412244,7291796.437231386
1628234436765739308,425401.68630732014,7291783.419498145
1628234436897799805,425400.9088364544,7291753.399011987
1628234436963555055,425381.414786319,7291000.655568714
1628234437095676832,425382.14130390267,7291028.710088473
1628234437167631295,425382.4963073445,7291042.418547305
1628234437299769736,425348.28853785037,7289721.466047769
1628234437359777872,425348.19910743815,7289718.012371236
1628234437503585675,425329.51956585137,7288996.61933115
1628234437569665295,425329.43426743266,7288993.325057681
1628234437701636635,425310.01136114466,7288243.187420422
1628234437761572599,425309.8806690308,7288238.139747484
1628234437899832682,425308.9960910206,7288203.974972424
1628234437971702967,425290.45190624107,7287487.737062473
1628234438103711606,425290.87422554195,7287504.049002818
1628234438158005510,425290.80819513,7287501.498601702
1628234438301837947,425278.78223502595,7287037.060095545
1628234438361846391,425279.0601038291,7287047.79302818
1628234438499779460,425260.27664898493,7286322.25769915
1628234438559804066,425259.9809129563,7286310.83404228
1628234438697683660,425241.4144441354,7285593.641215408
1628234438763892741,425241.03069519444,7285578.817039945
1628234438895638124,425240.45851115294,7285556.713610308
1628234438967645634,425222.30015830963,7284855.248802049
1628234439093763325,425221.6551094338,7284830.329330197
1628234439231876335,425206.95194387797,7284262.335601945
1628234439297798970,425206.6328713217,7284250.008706924
1628234439447680852,425188.0594475631,7283532.44556463
1628234439495797698,425187.6702545238,7283517.408890047
1628234439633911302,425186.5728149343,7283475.008657031
1628234439693914582,425168.8777823918,7282791.345028842
1628234439843876588,425167.97842374153,7282756.595993122
1628234439897840589,425167.6648863921,7282744.481650703
1628234440035974634,425149.6914518065,7282050.032566027
1628234440095955024,425149.4893129717,7282042.222009166
1628234440233927642,425131.0287938104,7281328.911239411
1628234440305908725,425130.72216378374,7281317.062580886
1628234440425959882,425129.99615292496,7281289.008358628
1628234440503980759,425113.1012512602,7280636.163482506
1628234440629981086,425112.2364058904,7280602.742852561
1628234440695988406,425095.9101675905,7279971.842361834
1628234440827939893,425095.39458467276,7279951.917517292
1628234440899935784,425095.0934845911,7279940.281408281
1628234441038047895,425079.45415651036,7279335.894680202
1628234441098031592,425079.17369216064,7279325.055572259
1628234441235982092,425068.2707931998,7278903.711935239
1628234441307892352,425068.04395408026,7278894.945013831
1628234441440054288,425052.23932139983,7278284.129909216
1628234441500044623,425052.044110987,7278276.585048631
1628234441637943426,425051.608324744,7278259.741944591
1628234441697997843,425035.42494727613,7277634.262617831
1628234441848085800,425034.48330833483,7277597.866661887
1628234441895974231,425034.20287911315,7277587.027574556
1628234442034960048,425019.426448225,7277015.9035086185
1628234442106858694,425019.61201872,7277023.076429558
1628234442245108137,425000.64859634714,7276290.110501461
1628234442305138634,425000.55100515904,7276286.338079393
1628234442436894451,424986.8687255136,7275757.455300194
1628234442508923647,424986.5732143392,7275746.031775294
1628234442635112260,424985.9244650806,7275720.95315369
1628234442707162061,424972.32933160063,7275195.418058354
1628234442839032399,424972.2523643463,7275192.442630433
1628234442911084775,424972.0846857424,7275185.960448205
1628234443037059826,424958.9835204798,7274679.5002669385
1628234443097125379,424958.7141451928,7274669.0862751305
1628234443235174591,424948.9967764787,7274293.438812468
1628234443367130193,424948.1666845782,7274261.346729223
1628234443450954907,424935.96360634954,7273789.582626667
1628234443570969583,424935.7272309662,7273780.443826437
1628234443642965132,424935.53758106206,7273773.111533293
1628234443769202641,424923.78030835337,7273318.562620175
1628234443847167892,424923.3116965047,7273300.444426827
1628234443913107878,424922.93103571836,7273285.726715783
1628234444039242306,424911.93950214266,7272860.772853048
1628234444165027128,424911.85155439295,7272857.37237269
1628234444249016432,424897.28100751876,7272294.008600738
1628234444381161867,424896.62142693193,7272268.50501421
1628234444441154805,424886.99245081795,7271896.205880387
1628234444573158610,424885.9536418024,7271856.037749445
1628234444645174191,424885.3256859634,7271831.7562214155
1628234444783145551,424878.1374821625,7271553.820451804
1628234444849209688,424877.8640455219,7271543.2470983835
1628234444963191616,424870.5673022723,7271261.11395974
1628234445041276776,424870.524707502,7271259.466854953
1628234445173511082,424870.0767757084,7271242.145688671
1628234445233303697,424862.2508109851,7270939.556681488
1628234445365259831,424861.70396218775,7270918.4099890115
1628234445443112673,424854.82504481863,7270652.429291016
1628234445575325871,424855.2812013206,7270670.069240367
1628234445635373351,424855.38974467025,7270674.266698246
1628234445767244200,424848.3295571275,7270401.272600411
1628234445845260799,424847.9105058104,7270385.06723002
1628234445983133549,424841.09367946733,7270121.47764317
1628234446043249607,424840.75294951326,7270108.30082143
1628234446169286442,424840.14568160987,7270084.816325092
1628234446247267105,424837.36892174353,7269977.489034755
1628234446379140890,424836.6888431391,7269951.188527964
1628234446439149560,424829.85010713333,7269686.748953077
1628234446565422018,424829.21675427066,7269662.25495353
1628234446649298128,424828.7400230298,7269643.818038902
1628234446781186737,424821.76948763087,7269374.277853739
1628234446829307472,424821.5785242614,7269366.892463714
1628234446967427452,424814.3855868736,7269088.744929669
1628234447039426071,424814.4996130546,7269093.154909413
1628234447183351963,424814.4158106771,7269089.91383996
1628234447237271277,424798.04411414976,7268456.78978552
1628234447369479082,424797.41768634436,7268432.561480261
1628234447441435420,424786.7038355923,7268018.236347362
1628234447573376555,424786.82609516336,7268022.965115268
1628234447711389468,424774.9833502824,7267564.965503187
1628234447777318474,424774.9503824978,7267563.690330459
1628234447849516599,424774.7580704811,7267556.2518229075
1628234447975403443,424760.3441296572,7266998.78903417
1628234448101467005,424759.7383719222,7266975.357750119
1628234448173394335,424759.27684290946,7266957.505343632
1628234448251581132,424747.4505182631,7266500.143878004
1628234448383557301,424746.7184158474,7266471.824450502
1628234448503540968,424727.72726153705,7265737.27306408
1628234448575450099,424727.77808015386,7265739.238951429
1628234448713568952,424706.8649374569,7264930.303298242
1628234448785565483,424706.7317180935,7264925.14949005
1628234448905605089,424706.3457942395,7264910.2193860635
1628234448971673287,424683.539971067,7264028.01545496
1628234449115464813,424682.99202240864,7264006.815790907
1628234449187464237,424662.3191688702,7263207.1266681105
1628234449307582661,424662.0294186661,7263195.915828248
1628234449367630337,424661.85639259027,7263189.221203565
1628234449511421453,424635.8728525951,7262183.96550134
1628234449577520178,424635.8701063503,7262183.859237573
1628234449709482965,424610.3525257192,7261196.56320343
1628234449769427051,424610.1053814775,7261186.999474908
1628234449913396083,424609.483402562,7261162.930758581
1628234449979535905,424584.1393419145,7260182.277302987
1628234450111547611,424584.2175985327,7260185.305813662
1628234450177664966,424584.2491757695,7260186.527844289
1628234450309690107,424556.4261439295,7259109.866450552
1628234450387490476,424556.2682701156,7259103.756304677
1628234450507598976,424529.18581617833,7258055.681019513
1628234450579565362,424529.0361907149,7258049.889670571
1628234450711700151,424500.9125352756,7256961.435603214
1628234450783585529,424500.58173839306,7256948.630893044
1628234450915612709,424499.52621015103,7256907.772711173
1628234450969652993,424471.0082074433,7255803.965006442
1628234451113598123,424470.6746934274,7255791.054049568
1628234451179739442,424442.5469767603,7254702.28391167
1628234451311669333,424442.3699402569,7254695.429955201
1628234451371669694,424442.09683760704,7254684.856797653
1628234451515494839,424410.97457194893,7253480.049052414
1628234451575558947,424410.75226682605,7253471.441769842
1628234451713788485,424379.055017385,7252244.267358604
1628234451773791338,424378.54732934944,7252224.60877715
1628234451917655306,424377.31927616254,7252177.056264314
1628234451977555892,424344.9266330963,7250922.839810944
1628234452103812490,424345.21886894497,7250934.156761814
1628234452247700235,424306.7190789236,7249443.402236834
1628234452313747151,424306.41864372324,7249431.766517745
1628234452445843589,424274.43601724686,7248193.174387628
1628234452505698606,424274.29610125057,7248187.755019072
1628234452577596066,424274.0903425329,7248179.785359484
1628234452715792453,424241.82116440276,7246929.984302897
1628234452847719611,424241.0393536725,7246899.699638879
1628234452907743800,424240.52912023367,7246879.934911328
1628234453057877827,424208.1449128806,7245625.566392861
1628234453117877067,424208.18879988074,7245627.266582107
1628234453249753449,424171.26832533523,7244197.036736751
1628234453315897954,424171.33003499045,7244199.42762411
1628234453459892958,424138.21056770737,7242916.319074121
1628234453519898604,424137.64152133523,7242894.269811103
1628234453646156435,424136.773555986,7242860.638044692
1628234453717855093,424104.5294525199,7241611.322500212
1628234453849793895,424104.2086231467,7241598.889921578
1628234453916269450,424104.02901366784,7241591.929802845
1628234454041956690,424072.34875819203,7240364.346423783
1628234454113829440,424072.1280367241,7240355.79239641
1628234454251824449,424037.5571006782,7239016.05214202
1628234454323745512,424037.092397787,7238998.040893947
1628234454443744661,424005.3210110636,7237766.688769534
1628234454510019223,424004.97971179883,7237753.459286984
1628234454665848376,424004.0161257013,7237716.108580268
1628234454713873246,423972.92762704374,7236511.110866888
1628234454851981255,423972.6123996931,7236498.890879898
1628234454917762607,423972.4246339707,7236491.612018161
1628234455055770806,423940.815467798,7235266.320159774
1628234455121930970,423940.70720390684,7235262.12286566
1628234455253908372,423903.32603705424,7233812.941912022
1628234455313911461,423902.9957989865,7233800.137529126
1628234455446042190,423868.97584016726,7232481.127750322
1628234455517900907,423868.89911182545,7232478.152462406
1628234455655830705,423868.74291489564,7232472.095626318
1628234455715918131,423834.5166756423,7231144.95888832
1628234455854053969,423834.6029865753,7231148.306082285
1628234455919804328,423834.55229602475,7231146.340269954
1628234456057961006,423798.5772993865,7229751.252234616
1628234456117944257,423798.0800353635,7229731.966051824
1628234456256089243,423761.72364418505,7228321.95070945
1628234456316066927,423761.2456086239,7228303.408375763
1628234456448091173,423722.97843901336,7226819.119791089
1628234456531998421,423723.05239628034,7226821.98880072
1628234456658004358,423722.9592649096,7226818.375973778
1628234456790152414,423683.7348902891,7225296.792773342
1628234456850124324,423683.64176937647,7225293.179952515
1628234456982007464,423643.05380349874,7223718.522833793
1628234457066038037,423642.3869715259,7223692.648706768
1628234457191902100,423599.82596353546,7222041.275369906
1628234457251915029,423599.2564197142,7222019.173487332
1628234457389920827,423598.14882393274,7221976.191702832
1628234457462041442,423553.93747764244,7220260.534896438
1628234457593924968,423553.4829975023,7220242.895928865
1628234457653898847,423553.1626714941,7220230.463644702
1628234457780201402,423507.66489817214,7218464.656093817
1628234457864073476,423507.3856762472,7218453.817713655
1628234457990126466,423460.5799953322,7216637.0096133705
1628234458044082842,423460.3979781435,7216629.943428892
1628234458182210232,423411.7194905497,7214740.192774654
1628234458242225323,423411.4376087689,7214729.248181219
1628234458386121357,423410.67953948124,7214699.814663615
1628234458446123652,423362.238074167,7212818.993732784
1628234458584270972,423362.3598408004,7212823.722212104
1628234458650382805,423362.4241445454,7212826.219274228
1628234458788123857,423311.5282896366,7210849.823439266
1628234458854306563,423311.25196088455,7210839.091408706
1628234458986171445,423258.370674217,7208785.291371945
1628234459058123593,423257.98770293326,7208770.415324252
1628234459184302248,423202.49182642566,7206614.772495423
1628234459256290534,423202.2525078603,7206605.4749880945
1628234459388178150,423201.52224537346,7206577.10430918
1628234459466286832,423145.26926699694,7204391.661652165
1628234459586328503,423145.020416775,7204381.9922685325
1628234459646308184,423144.86180903454,7204375.829364731
1628234459778310492,423086.363611676,7202102.783433322
1628234459850225257,423085.8824009694,7202084.08225572
1628234459994522512,423025.1374031223,7199723.327475109
1628234460060377808,423024.5920364485,7199702.129321656
1628234460180359540,423023.5450441938,7199661.433118689
1628234460264174379,422962.16794054874,7197275.767724478
1628234460402127168,422961.16350145946,7197236.718601671
1628234460462159128,422897.14324128994,7194747.778965885
1628234460582142647,422896.8822726864,7194737.631535295
1628234460666167662,422896.61310632323,7194727.165337373
1628234460792288602,422830.7250637564,7192165.128897988
1628234460852272757,422830.24420921446,7192146.427928229
1628234460984162474,422760.53542678594,7189435.269717585
1628234461062411635,422759.64521556546,7189400.577357652
1628234461188580137,422706.71835763543,7187341.513618379
1628234461320347830,422711.1506259196,7187513.274294476
1628234461386201530,422713.04693342524,7187586.589915012
1628234461464442862,422652.3090253654,7185222.897853711
1628234461596331855,422653.32673298893,7185260.936000667
1628234461716372009,422582.24611283175,7182493.323413238
1628234461788356919,422581.6028994623,7182467.024624768
1628234461926241699,422579.79314997786,7182393.60089525
1628234461992428476,422497.80353952124,7179201.140897293
1628234462124408052,422493.7911152017,7179041.438889933
1628234462184428637,422491.8175603558,7178962.809785182
1628234462328377625,422406.62911841326,7175641.952684464
1628234462394536216,422403.58568528044,7175520.928250747
1628234462532285573,422312.5938534251,7171972.808340468
1628234462586534748,422309.41993552115,7171846.684268942
1628234462730284997,422210.26719576324,7167978.439026502
1628234462796513711,422201.5697084526,7167636.197166749
1628234462922219925,422190.4568283849,7167197.051292802
1628234462982441024,422101.7255306311,7163736.623819781
1628234463126489842,422104.1971732259,7163824.382434455
1628234463180318396,422100.22136351117,7163666.383529996
1628234463330331268,421997.9690945279,7159671.094478733
1628234463378598635,421995.3414615765,7159565.265633796
1628234463522453634,421922.64388386294,7156721.120565429
1628234463588511174,421921.7216232377,7156679.891610466
1628234463720485172,421852.528153391,7153971.438026477
1628234463780499283,421848.038119554,7153791.339423471
1628234463924369294,421843.8437385887,7153615.592429321
1628234463990618952,421783.72378136776,7151264.258977446
1628234464122673146,421790.034386268,7151498.108528412
1628234464182504636,421786.9697016631,7151372.622625552
1628234464320675232,421710.84758531593,7148388.144032891
1628234464398990493,421709.3534338053,7148321.307009502
1628234464524554988,421654.20982779725,7146156.026659565
1628234464590585820,421660.3517642915,7146387.752726859
1628234464722691056,421582.2113975288,7143322.328058476
1628234464806555523,421575.6113553493,7143054.9975794945
1628234464926448514,421561.6541713441,7142495.158598744
1628234465052606737,421495.93533250527,7139912.117825584
1628234465124575287,421492.35014348826,7139762.831537219
1628234465256465260,421434.4942913251,7137485.582750738
1628234465322730299,421434.92034620437,7137492.482552017
1628234465466617848,421377.33042317233,7135222.781693797
1628234465532480032,421367.123595733,7134815.312302718
1628234465652870684,421351.06440300215,7134168.564322742
1628234465724766120,421319.4810080937,7132923.749817175
1628234465862660441,421312.30683537317,7132623.372441
1628234465928647545,421309.91713148006,7132519.029350046
1628234466060606906,421266.47848226066,7130800.449717214
1628234466120525685,421266.23248664255,7130781.106182928
1628234466270675039,421244.5961416252,7129910.17379928
1628234466330735956,421247.21156948153,7130002.284259855
1628234466456965474,421233.4785067831,7129443.086132138
1628234466528671846,421238.6141800717,7129631.668418302
1628234466654924546,421251.6198840148,7130117.100827959
1628234466726952660,421225.17772153614,7129070.655550984
1628234466864714778,421233.14619209117,7129358.572174605
1628234466930738881,421238.9630779617,7129573.078499786
1628234467068861410,421226.6193959783,7129064.133293318
1628234467128852092,421225.7095382304,7129017.270551631
1628234467260802778,421206.6284292821,7128246.744569435
1628234467327046093,421203.8193336246,7128123.48825972
1628234467464617470,421181.33080952225,7127218.665231632
1628234467536533980,421176.01616113534,7126997.129719352
1628234467651064839,421160.37669430545,7126361.859280167
1628234467734759425,421126.3781797175,7125016.542252861
1628234467872669312,421094.46146478644,7123742.19376263
1628234467926661818,421079.24235227203,7123134.770021208
1628234468064899242,421062.9699002567,7122468.793185234
1628234468124950836,421056.3281583482,7122196.473527668
1628234468274819372,421012.25405177823,7120440.720548912
1628234468334816009,421001.79033870494,7120018.486933849
1628234468466704867,420934.6656734949,7117363.894190606
1628234468532952254,420906.7723532462,7116257.008208448
1628234468670711603,420853.7784003999,7114154.056363647
1628234468730703434,420834.54100756015,7113387.269080551
1628234468868714395,420776.6793057805,7111090.211035646
1628234468928760024,420752.57343261805,7110132.502844844
1628234469078869917,420723.5726691764,7108960.696333898
1628234469126965959,420709.2302777178,7108387.069015896
1628234469258858199,420664.8560253125,7106617.425452494
1628234469330850174,420646.0766842599,7105864.666887357
1628234469456998359,420623.78606334334,7104958.480772206
1628234469534773556,420607.5169603433,7104303.468693713
1628234469661061092,420573.8383510383,7102950.843259241
1628234469726964120,420566.5771279456,7102647.183142103
1628234469876837560,420524.48292783677,7100961.268801175
1628234469937064053,420513.487191002,7100511.204407974
1628234470062933553,420481.0166686822,7099206.820641461
1628234470194907045,420449.08008363,7097919.222803659
1628234470272820342,420433.49878789444,7097286.73712123
1628234470399075640,420404.86114597984,7096128.547472402
1628234470459063016,420389.8765290885,7095523.795635041
1628234470591097208,420355.60686605825,7094144.196055302
1628234470674982733,420331.9185276602,7093193.08804915
1628234470801145120,420300.00048763864,7091904.116974145
1628234470866855712,420281.0073128401,7091142.340589508
1628234470993131895,420269.09948882693,7090637.234938194
1628234471071196838,420246.1072019183,7089712.584949502
1628234471203010619,420266.831759204,7090486.329166185
1628234471263030250,420252.34682879545,7089900.8112165695
1628234471401015430,420219.619834691,7088579.228051887
1628234471473069872,420241.7936605414,7089424.376084149
1628234471605042777,420217.42416307837,7088430.12812966
1628234471671053884,420205.177528554,7087931.943056314
1628234471796910950,420215.5144468489,7088296.967758478
1628234471863177347,420196.19109468214,7087517.98056144
1628234472007068501,420233.33945807326,7088931.621941452
1628234472067071083,420222.4422142942,7088486.026660793
1628234472198940395,420253.3267330922,7089656.693205034
1628234472277218465,420240.7565191188,7089139.273144463
1628234472397244985,420222.9037570505,7088402.347261421
1628234472469104684,420250.88274830417,7089477.406745012
1628234472595452383,420222.57926553226,7088327.5118180225
1628234472673001625,420206.4697969889,7087674.209756702
1628234472799192546,420260.90305880964,7089767.915278486
1628234472865439770,420258.20650787384,7089640.728246243
1628234472997175587,420292.6771814407,7090951.743666124
1628234473081250377,420286.39937482437,7090681.019709061
1628234473201049533,420321.7724652478,7092030.392585382
1628234473267271562,420305.42588068754,7091367.950797138
1628234473393165952,420268.13903947594,7089868.940069994
1628234473483052711,420330.86276564444,7092300.194754818
1628234473609315556,420289.9602731009,7090656.477057608
1628234473675093396,420274.67154170293,7090038.554251592
1628234473801300187,420351.61087850435,7093014.937191641
1628234473873204451,420344.8490279726,7092728.384323602
1628234474005082657,420415.6364317913,7095462.965280398
1628234474071319510,420418.47581508564,7095552.833682061
1628234474197102240,420469.95775009785,7097533.304228839
1628234474281274791,420473.2494456007,7097634.749463475
1628234474413247679,420477.11409481015,7097746.386173308
1628234474533245715,420512.589601048,7099099.488796637
1628234474599125366,420513.64265514095,7099122.425647682
1628234474737269518,420573.9031892354,7101440.333237693
1628234474803317968,420589.79159216315,7102041.664213146
1628234474935271558,420639.73047037167,7103959.038885111
1628234474995277695,420674.2498490163,7105291.869913093
1628234475133394557,420730.04213102534,7107435.021101082
1628234475205450551,420769.0008278026,7108938.804818166
1628234475337460831,420752.4543516999,7108251.158146756
1628234475397298622,420735.60991127434,7107573.087964774
1628234475535447182,420845.3469729181,7111827.985346062
1628234475607503406,420815.9118032074,7110653.95506192
1628234475739338116,420902.33923408197,7113997.595134104
1628234475799203035,420876.6156577937,7112972.095847027
1628234475937368608,420965.30022299924,7116400.846432853
1628234476015322128,420952.86390521337,7115892.762187613
1628234476141365444,420940.70814883965,7115377.441621864
1628234476201269082,421014.92711275374,7118263.509132128
1628234476339503054,421013.72247514786,7118173.809187278
1628234476423243665,421009.5889636427,7117987.649150137
1628234476537480848,421060.9733656838,7119961.264603633
1628234476597564377,421046.51115812105,7119376.894948892
1628234476741383242,421113.9003792226,7121970.567618529
1628234476813282949,421098.08573313366,7121330.308681036
1628234476951516038,421161.88369596313,7123782.784178716
1628234476999537545,421155.7191467729,7123526.293130599
1628234477143409021,421140.9158236837,7122904.187310129
1628234477209459898,421198.9932249688,7125154.2798228655
1628234477341446491,421191.05475820776,7124803.955883921
1628234477401600610,421191.7563917573,7124813.081204679
1628234477545453762,421249.1253906439,7127013.759439278
1628234477611495945,421253.63138965756,7127168.654708618
1628234477731508118,421274.5103627169,7127947.957958001
1628234477803567180,421279.9092483147,7128137.808969492
1628234477941609780,421307.16154587944,7129159.885517697
1628234478019410992,421296.5417850394,7128722.979772949
1628234478145485585,421272.0936445843,7127726.667175169
1628234478205510634,421326.395940507,7129831.532980841
1628234478337403012,421308.4528569894,7129089.789319005
1628234478403841838,421299.202327575,7128706.43257329
1628234478547528260,421332.3663238054,7129960.024580475
1628234478607538843,421323.51220267185,7129595.262867494
1628234478745668094,421343.1829534382,7130321.121486955
1628234478817665051,421325.08893970714,7129591.820404484
1628234478943432870,421291.1785559547,7128228.315916863
1628234479075604523,421328.0616931283,7129627.679731856
1628234479135597750,421315.9626889606,7129135.951765745
1628234479279471756,421339.2570512033,7130003.544953799
1628234479339478464,421331.2206796199,7129670.763891613
1628234479483498963,421332.96804755315,7129695.703841923
1628234479543722724,421316.60885263345,7129037.27268396
1628234479669578856,421272.6388472688,7127276.931416442
1628234479741491340,421322.5955494436,7129209.353902488
1628234479879732676,421281.8717058727,7127573.001510726
1628234479939699002,421349.7904294261,7130211.339173371
1628234480071615191,421350.9163253651,7130215.669416654
1628234480143546747,421352.93217251735,7130273.135697531
1628234480281750324,421384.75759625254,7131475.093805007
1628234480341770856,421386.11988058116,7131510.143834609
1628234480479713783,421403.8503573679,7132160.780666825
1628234480539705529,421395.50991532527,7131816.311575021
1628234480683629891,421365.9487460945,7130617.378324946
1628234480743777962,421399.7903489225,7131923.051529162
1628234480881710243,421380.15201334155,7131112.668162937
1628234480947558394,421406.60831818567,7132129.240098491
1628234481085620017,421402.43482069985,7131924.047114151
1628234481145574182,421399.1130330193,7131776.137682203
1628234481277633988,421391.17221939104,7131426.448970415
1628234481343817785,421382.8160747783,7131078.684738198
1628234481475703821,421400.61910250713,7131736.123712968
1628234481547717479,421391.3269654195,7131351.809985648
1628234481679611306,421367.8371099463,7130394.169438841
1628234481745850147,421385.0100790975,7131045.24492051
1628234481883796302,421348.461164249,7129573.78701418
1628234481943801892,421400.2483697793,7131582.18510151
1628234482075892446,421369.7260961543,7130349.68042267
1628234482147910253,421356.77765774645,7129822.463720991
1628234482285798234,421382.5285269689,7130788.44492113
1628234482345828869,421370.26311752026,7130290.873089506
1628234482471797819,421388.57353520294,7130972.007311606
1628234482549684461,421367.6834094359,7130131.143741651
1628234482693944530,421332.8817751525,7128728.217497248
1628234482747830946,421373.2607574068,7130293.560747515
1628234482879814855,421318.6376758155,7128114.811614022
1628234482951700114,421343.4828222248,7129066.673777497
1628234483089958449,421337.97351325647,7128810.483353962
1628234483149951785,421345.6566527617,7129093.835489282
1628234483269998477,421351.23270492617,7129276.984226906
1628234483480081904,421315.6658049368,7127824.109878316
1628234483617875534,421270.40026727016,7126014.473271575
1628234483677748491,421244.8778874296,7124997.884900717
1628234483809940583,421280.695166024,7126359.846896299
1628234483888283816,421263.1161522249,7125648.610036749
1628234484013785873,421310.55094766855,7127470.735862021
1628234484085919232,421306.96438627364,7127310.182248409
1628234484205836062,421320.0166603391,7127786.468758793
1628234484295800191,421303.0755479784,7127097.328362446
1628234484410139718,421274.8582921921,7125958.011412285
1628234484481803708,421314.8449530108,7127506.2424306525
1628234484614038952,421273.09437311586,7125831.326647422
1628234484685824172,421250.4447346717,7124924.2777953455
1628234484824094551,421281.4752976889,7126099.031359479
1628234484877840950,421273.3407040221,7125766.148069548
1628234485016058735,421287.87077778124,7126294.597611669
1628234485081980288,421277.3306277301,7125864.601980824
1628234485225988094,421276.3217316109,7125781.594212584
1628234485285985036,421251.9142451678,7124808.4612524845
1628234485406186983,421199.71789574716,7122729.495685949
1628234485478118737,421270.7048351675,7125489.047177237
1628234485628019728,421256.7332003785,7124898.601173675
1628234485676188212,421260.7352213661,7125040.857213952
1628234485808042008,421289.5493827833,7126131.251841247
1628234485879966535,421290.8380000069,7126161.306639531
1628234486018154807,421274.39566077694,7125476.5138518615
1628234486078113529,421271.3780966254,7125340.824246604
1628234486210062613,421299.83970252343,7126417.194414235
1628234486288168918,421299.45089169056,7126378.504951073
1628234486413961840,421291.84211505635,7126045.182863586
1628234486480207739,421305.0219683931,7126540.389822013
1628234486612088013,421273.3087065537,7125259.974132069
1628234486690113111,421309.1697529879,7126640.43454971
1628234486822208145,421278.361222626,7125395.292812547
1628234486882239268,421262.8500263904,7124769.907972465
1628234487014124576,421290.472586837,7125812.702673734
1628234487086032377,421272.7714769807,7125098.492560175
1628234487223996952,421295.81194628903,7125958.433178812
1628234487283994931,421281.56927061046,7125382.559195083
1628234487416301026,421255.5575444199,7124324.52061297
1628234487482185471,421316.0949510894,7126674.172850472
1628234487614148963,421305.75675903476,7126229.92541123
1628234487752266473,421337.6119066262,7127434.853765401
1628234487812272088,421333.2374241509,7127245.295719404
1628234487956235199,421365.2920564685,7128457.662637596
1628234488022218595,421362.90975060046,7128343.007148634
1628234488154328875,421362.45932824415,7128285.607336575
1628234488214283152,421390.75999523985,7129375.168705284
1628234488358186342,421395.2354809962,7129507.419569585
1628234488418218276,421396.585763289,7129541.831926235
1628234488550110462,421446.9436427243,7131473.185957802
1628234488616222318,421452.3498951385,7131663.250192985
1628234488754336540,421514.9007780221,7134068.369432603
1628234488820133968,421508.9888813833,7133818.354239061
1628234488946287356,421652.805056922,7139406.917707168
1628234489018261742,421661.5170429603,7139726.289138924
1628234489156414033,421692.4346371133,7140892.985907343
1628234489228403863,421779.05615286017,7144260.1307828585
1628234489348357647,421806.6282952666,7145301.67498936
1628234489408410736,421815.8990025394,7145645.806805033
1628234489558404954,421894.2027596084,7148662.114900382
1628234489630399972,421902.6341992986,7148970.333399536
1628234489750454365,421992.2035773924,7152435.462422832
1628234489822308423,422007.97495205916,7153030.559776671
1628234489948357089,422086.8205469243,7156072.71627303
1628234490032243883,422101.9212421455,7156638.382434966
1628234490152495659,422108.8073064367,7156870.62386836
1628234490212437508,422151.6842524293,7158527.816682175
1628234490350686155,422124.7298616641,7157431.378764623
1628234490422349757,422108.97710155504,7156794.174749482
1628234490554198491,422184.0667867888,7159688.866809255
1628234490614231363,422186.2092892215,7159754.199608424
1628234490752452985,422237.4108071558,7161711.649781593
1628234490824378008,422242.1491824499,7161875.26379138
1628234490956255163,422248.5035227992,7162083.597886794
1628234491016271204,422244.80611429585,7161920.701447419
1628234491160265949,422241.35658183426,7161742.913671925
1628234491226406924,422266.45509691373,7162701.611689023
1628234491352434100,422257.9675140431,7162329.91560743
1628234491418420358,422259.152845685,7162357.741551096
1628234491556537464,422281.54846276424,7163189.667536635
1628234491628417520,422289.5157600611,7163479.403181609
1628234491754471102,422299.6616320918,7163835.428008584
1628234491814753055,422301.1251403669,7163874.091711749
1628234491958326388,422331.3720381034,7165012.4508625455
1628234492030467167,422333.50993539195,7165074.381880259
1628234492162342710,422338.07392903557,7165212.590028164
1628234492288480357,422376.34993560787,7166667.372981322
1628234492354692788,422384.1217185203,7166949.3532865085
1628234492486631957,422423.70821509516,7168455.034114627
1628234492558607968,422433.7341215963,7168824.992335247
1628234492696549541,422439.54063325527,7169008.250028669
1628234492756560281,422432.7752129721,7168725.392699398
1628234492888569179,422416.3772185549,7168044.604548902
1628234492954635303,422463.8070161838,7169878.304433817
1628234493098579806,422484.9071748142,7170656.152644633
1628234493152550117,422492.57683329843,7170940.263337147
1628234493290575895,422510.0435535655,7171578.922588472
1628234493350535772,422514.56732197525,7171737.121513981
1628234493494540053,422517.2649173935,7171799.038684459
1628234493560593591,422514.62481753196,7171674.389544246
1628234493692560770,422507.3464004032,7171350.078560476
1628234493752584274,422499.5097844063,7171025.56934773
1628234493902721565,422474.0602067057,7169985.4278102005
1628234493962695380,422505.3211602384,7171187.669147949
1628234494082714518,422477.43829152314,7170061.680996031
1628234494154618568,422460.6372602857,7169383.879138639
1628234494286494252,422473.1313995434,7169832.028020835
1628234494364768935,422467.25244489696,7169577.854832736
1628234494484746642,422480.7383825679,7170067.550584134
1628234494562664940,422468.28460516257,7169556.457570763
1628234494694646734,422445.90360569593,7168642.125098844
1628234494754662101,422437.54607737,7168297.216355411
1628234494886776296,422428.3392872455,7167897.679788793
1628234494958663783,422408.8080495652,7167113.201977958
1628234495096646297,422397.58200381836,7166631.636902113
1628234495156669531,422390.49059667246,7166336.1363834925
1628234495294812872,422376.4717384719,7165745.6630714405
1628234495354814332,422371.8233694318,7165545.683875795
1628234495504582530,422364.3797479591,7165211.385213361
1628234495558820014,422353.79176239925,7164779.244608179
1628234495690572945,422325.6647699378,7163640.19365314
1628234495756852485,422314.5070553741,7163182.763849375
1628234495900729677,422276.6368358324,7161659.930751336
1628234495960714262,422282.3119031946,7161863.1787320515
1628234496092728070,422260.4644837945,7160969.89258073
1628234496158872034,422253.9680305276,7160694.898860232
1628234496302772516,422253.256994695,7160624.532269657
1628234496362766818,422253.4890874774,7160615.701656678
1628234496494769640,422234.12377471576,7159819.53101457
1628234496620781002,422215.59101050557,7159056.618368486
1628234496698652762,422210.5094331485,7158837.088742445
1628234496764771298,422195.37502803875,7158224.959703318
1628234496884769340,422164.9506796163,7157000.600610952
1628234497022808977,422172.898205849,7157270.558938599
1628234497094676588,422156.1505596782,7156595.742961067
1628234497220956127,422148.9553663983,7156277.602272921
1628234497298809270,422137.7388680631,7155819.433717545
1628234497424834306,422126.4970432223,7155343.93578221
1628234497508596022,422105.5717953355,7154503.367978898
1628234497634932267,422085.866707156,7153697.323984533
1628234497694975091,422060.6633032916,7152695.047552967
1628234497826872424,422019.71817197476,7151058.336739405
1628234497904851311,421995.3824960006,7150084.960310276
1628234498036752175,421903.3972713576,7146451.386522575
1628234498096961209,421882.12871939753,7145603.287660731
1628234498223311296,421837.3530580227,7143817.097302189
1628234498306876065,421823.795711371,7143265.8597381925
1628234498438745443,421806.08022567036,7142539.089667717
1628234498493308356,421786.80302612495,7141769.088299736
1628234498625033190,421756.99859370326,7140568.977937531
1628234498708913307,421674.4470385658,7137315.7175929
1628234498840827592,421633.70411547995,7135686.899007625
1628234498888940917,421616.20024170546,7134988.516998448
1628234499020816948,421443.5223397889,7128188.703532215
1628234499099045401,421426.59414850763,7127504.984817602
1628234499230961489,421266.78512074274,7121206.078302277
1628234499290963976,421227.6691075935,7119656.45489708
1628234499436120317,421108.13494145166,7114930.685222233
1628234499490141284,421026.7990119703,7111724.05911156
1628234499634280966,420910.143441828,7107108.615174631
1628234499700363026,420882.34930184454,7105999.295521128
1628234499826022455,420793.9854434029,7102497.96816012
1628234499904258119,420734.15765081544,7100126.99700314
1628234500030167279,420631.54341299395,7096061.747828498
1628234500102387367,420587.41144829703,7094309.135097522
1628234500228161833,420512.0882458375,7091316.973305317
1628234500312161092,420460.40755244583,7089261.573299291
1628234500444307836,420361.79668533895,7085349.789100261
1628234500498175156,420322.1599211246,7083777.494837606
1628234500624248659,420210.56664682453,7079352.585630509
1628234500714296277,420190.84656439815,7078552.674084433
1628234500846194274,420077.4196695924,7074053.528621672
1628234500906184728,420025.1577524065,7071979.900809602
1628234501026209267,420005.76712575194,7071184.453013626
1628234501104434367,419954.94867026154,7069161.82419719
1628234501242263745,419895.7831439598,7066793.69529532
1628234501368344567,419814.6436828844,7063564.712124481
1628234501428248346,419766.4400279089,7061648.981721725
1628234501566466665,419702.47788974113,7059090.173201479
1628234501626492699,419664.7553825081,7057586.980226453
1628234501764289156,419630.0688932226,7056180.878097616
1628234501830358481,419603.5958783269,7055120.813283597
1628234501968277771,419562.0705083791,7053445.081051432
1628234502040387229,419519.72699508397,7051755.9782887045
1628234502166133274,419434.2268382732,7048350.376667985
1628234502232234549,419445.7783024477,7048786.791167301
1628234502370261337,419359.83924658585,7045357.719285939
1628234502436419243,419332.89556927583,7044278.120016172
1628234502568513188,419305.35125284415,7043152.932183199
1628234502628561073,419282.122077711,7042219.837240871
1628234502760293746,419203.48455532733,7039080.076984005
1628234502844298609,419160.161639679,7037350.632569046
1628234502970552457,419119.3924063494,7035702.662921457
1628234503030565352,419083.58967993775,7034272.601592607
1628234503174422083,419006.8619525831,7031204.366083618
1628234503240321427,418992.5119013706,7030618.24919218
1628234503360325201,418932.83884945937,7028228.557909463
1628234503432500862,418901.0584389106,7026954.142637383
1628234503570588770,418834.16938545904,7024273.054645115
1628234503648144379,418799.7739300594,7022894.959849067
1628234503774483380,418806.9971294934,7023146.0776814595
1628234503834493125,418793.9382278061,7022614.254754476
1628234503960454591,418763.8165986709,7021389.343406772
1628234504032399322,418728.2119589412,7019963.341530493
1628234504170267316,418660.9906114055,7017271.441994441
1628234504236522059,418702.2305532227,7018884.601751881
1628234504374421507,418640.4161052685,7016404.323050999
1628234504434422519,418614.07380591176,7015347.176412816
1628234504566416480,418619.300160515,7015521.37970604
1628234504632552359,418594.39399224083,7014521.175755327
1628234504776402082,418589.0692834379,7014273.414233549
1628234504848408854,418557.849839432,7013021.117280492
1628234504968433889,418567.7638310094,7013384.206180756
1628234505034687882,418535.6967242987,7012098.553303466
1628234505172522422,418480.09070595,7009867.095992951
1628234505244495937,418525.2666660164,7011636.086054927
1628234505376468516,418475.85433886957,7009650.348371221
1628234505424847696,418456.15210954496,7008859.008238456
1628234505568680128,418513.3682478956,7011091.485124437
1628234505646530470,418486.7389807876,7010019.5767344115
1628234505766617976,418568.75091166026,7013238.547804555
1628234505910452192,418524.14790278766,7011442.85813054
1628234505971289120,418593.92198409536,7014191.1202294985
1628234506097521867,418568.202314655,7013145.866535102
1628234506163424655,418556.86508250935,7012684.697241464
1628234506313593767,418619.6267688049,7015136.770640352
1628234506367724840,418609.0463575635,7014705.983458914
1628234506500546018,418651.6804251349,7016367.045174258
1628234506572549993,418643.2173237118,7016018.587985288
1628234506710782426,418645.55658389966,7016084.755097863
1628234506770744891,418632.6987188462,7015564.83753046
1628234506908536023,418607.690443918,7014551.560994246
1628234506974536528,418627.4347360352,7015320.582132808
1628234507112763514,418591.99293131346,7013893.736347683
1628234507178428038,418576.61876101093,7013275.1294116285
1628234507304681068,418545.1639036755,7012009.233364229
1628234507502791269,418412.4987182726,7006725.692534928
1628234507574814552,418390.20783535356,7005832.371891077
1628234507706711418,418355.6640475707,7004445.170118391
1628234507778674304,418334.72925168404,7003606.030962726
1628234507905709718,418300.8445513387,7002245.922906035
1628234507977431207,418189.48424339964,6997824.635289191
1628234508103693180,418106.03623738827,6994500.5250240695
1628234508169449066,418062.6141419879,6992771.708901145
1628234508307584553,418050.1048560347,6992258.813131805
1628234508367579993,418036.27037474257,6991703.431576237
1628234508505739386,417925.0061954028,6987276.777548483
1628234508565690547,417901.66684736323,6986344.705858776
1628234508715644817,417820.2111921676,6983098.827354549
1628234508775657716,417766.23040342954,6980950.852022707
1628234508901497125,417681.3950773586,6977571.996479438
1628234508973616231,417690.1704686502,6977914.051518021
1628234509117684171,417636.3725816621,6975764.065662613
1628234509171644519,417614.1714545345,6974877.898625654
1628234509309661825,417535.21193728875,6971730.858505058
1628234509369661955,417495.71817995235,6970156.865048647
1628234509519810597,417479.6136233705,6969504.507690714
1628234509573586649,417454.58849879494,6968505.957765004
1628234509711683809,417447.6947352623,6968220.408599608
1628234509831697945,417378.7542063854,6965470.580052195
1628234509909831379,417328.2082866549,6963454.795944334
1628234509981832167,417351.3618011385,6964369.732486049
1628234510113715016,417265.8141359509,6960958.012684854
1628234510233726952,417255.4215057791,6960535.434192718
1628234510311818945,417206.51443487976,6958583.929223695
1628234510444794671,417192.7440830191,6958026.124359331
1628234510504764368,417150.15199759667,6956327.23373612
1628234510631033339,417055.2874512022,6952542.798215876
1628234510709989163,417149.8882975345,6956300.241691642
1628234510841799110,417060.76777884236,6952744.618078193
1628234510907687692,417023.54904198885,6951258.934134258
1628234511033928887,417131.86525372847,6955555.999539939
1628234511117791902,417086.77511294023,6953755.98536671
1628234511249652202,417266.03652400774,6960872.12102822
1628234511309921839,417240.557594863,6959854.247582925
1628234511435802095,417189.3759616727,6957808.731100687
1628234511525966434,417321.2232877506,6963042.441008262
1628234511651829387,417268.3746524375,6960932.437554176
1628234511705876605,417443.4321252855,6967883.984011969
1628234511837844661,417387.53148501704,6965653.187005118
1628234511921691686,417350.1772647972,6964163.018347692
1628234512047955884,417505.2978783778,6970316.28030646
1628234512107997829,417477.8111400349,6969220.424435405
1628234512239838184,417664.1413982075,6976610.763608759
1628234512311736633,417635.7443718293,6975478.993899091
1628234512450042869,417779.283513671,6981167.901237413
1628234512510885005,417759.69114946085,6980387.003182012
1628234512637080907,417710.9657620339,6978446.288119367
1628234512714761739,417917.0091265875,6986617.824136064
1628234512846949198,417866.05322349496,6984590.09246042
1628234512912887735,417851.1586243814,6983996.688267595
1628234513045917031,418042.354271672,6991574.231369174
1628234513123927128,418028.5013066499,6991022.039719813
1628234513243910197,418181.318614077,6997075.322781813
1628234513315928313,418161.0876128581,6996271.145990943
1628234513435876202,418130.3361836459,6995048.416119164
1628234513513817567,418293.5874827989,7001515.611038887
1628234513645914698,418250.9517024795,6999822.264404416
1628234513705968232,418411.0283296122,7006162.973073359
1628234513843972742,418382.0442243543,7005011.086273969
1628234513903976462,418381.92037449626,7005004.498761725
1628234514042123944,418573.22614190704,7012576.068797199
1628234514179765299,418603.13451607,7013756.431792016
1628234514240002906,418697.0433834371,7017472.29254861
1628234514384161627,418715.7749512099,7018209.55757795
1628234514444121281,418844.47493169265,7023300.226204036
1628234514576143620,418845.3605055643,7023332.094745401
1628234514636133512,418837.13507032144,7023005.314419343
1628234514779904360,418930.4564355266,7026694.018254067
1628234514846045884,418926.82336207293,7026548.899483937
1628234514978193449,419001.1215960729,7029485.893444933
1628234515038193778,419011.8619509583,7029909.561969695
1628234515182049523,419044.711504719,7031205.959650379
1628234515248052981,419093.47597861715,7033132.235392608
1628234515380084368,419116.9778433328,7034059.466294556
1628234515434413242,419131.6090752664,7034636.967804624
1628234515579293567,419243.52339791233,7039058.121079164
1628234515651209363,419255.4618864024,7039529.070055428
1628234515777152061,419362.5586308548,7043758.27689889
1628234515837152491,419362.16526542406,7043742.234676411
1628234515981104221,419503.6180685328,7049326.107110162
1628234516041131464,419506.45822698716,7049437.763401813
1628234516185012205,419515.9252791146,7049810.447251098
1628234516245062265,419663.43775759696,7055631.591642936
1628234516383148743,419666.76115214376,7055761.840344209
1628234516443158600,419653.83796202566,7055251.573321221
1628234516581345549,419718.3637052692,7057797.066947847
1628234516647042648,419694.35181129293,7056849.517525264
1628234516779223635,419787.75431422883,7060533.586999424
1628234516845216063,419786.69464728766,7060491.515861717
1628234516983368717,419903.46216078935,7065096.385976851
1628234517043372592,419930.0526437389,7066144.553905643
1628234517187245449,419989.3245993706,7068480.572637034
1628234517253188884,419976.5123377633,7067976.248267361
1628234517373218459,419971.9055195175,7067794.470304554
1628234517445208683,419960.56614148425,7067347.409540846
1628234517583278281,420016.98074707336,7069571.879383709
1628234517649305988,420014.4530688536,7069472.225396076
1628234517787245097,420096.72066056717,7072714.385038481
1628234517847253579,420108.34506952163,7073172.391369099
1628234517985417906,420168.2144215511,7075531.0587798115
1628234518057273751,420183.0456047319,7076115.281739237
1628234518177334550,420194.3680936208,7076561.284553921
1628234518315310731,420235.5102738945,7078182.004336689
1628234518387467066,420236.7072351863,7078229.175788402
1628234518507460550,420277.7469071784,7079845.330068414
1628234518585177582,420270.07750935917,7079543.283626356
1628234518717319647,420346.49867130007,7082552.597255278
1628234518789338889,420360.19184450916,7083091.671833751
1628234518909313329,420386.41591297754,7084124.031415014
1628234518987383612,420416.03215172753,7085290.045831605
1628234519107351694,420433.3710820105,7085972.550060566
1628234519191352911,420438.9885682559,7086193.641585945
1628234519311330899,420469.71087668644,7087403.643832632
1628234519395233932,420474.97622021835,7087610.924163359
1628234519521401450,420503.4865194077,7088733.596327458
1628234519587441092,420508.69698217325,7088938.645834179
1628234519719573015,420505.017715323,7088796.919287587
1628234519779757820,420509.5488919296,7088975.408098809
1628234519911559993,420514.801116643,7089182.476530246
1628234519983405321,420510.67738796794,7089020.880911971
1628234520109426623,420507.63608899,7088901.56994607
1628234520181419122,420502.4289628003,7088696.839299199
1628234520319276726,420481.9516429659,7087893.429806195
1628234520385448890,420468.810350935,7087376.557235404
1628234520511491738,420453.1765821486,7086761.9416386075
1628234520583418359,420437.0114979062,7086125.971380021
1628234520715450209,420456.79247132456,7086905.051500502
1628234520919518208,420451.09771344427,7086681.622894466
1628234520985475249,420443.076211526,7086366.187661319
1628234521117487100,420438.3493514896,7086180.475197525
1628234521189475983,420438.43915018556,7086184.193819241
1628234521315602460,420429.0090193583,7085813.725218187
1628234521387501151,420433.5472809521,7085992.532144561
1628234521513701054,420414.96170845634,7085262.113127728
1628234521585495772,420413.23389722314,7085194.330353457
1628234521717499847,420424.2344400533,7085627.482532696
1628234521789392576,420419.39302690997,7085437.095441362
1628234521921543377,420403.7086212078,7084820.037401724
1628234521987540567,420428.8253696765,7085808.733244813
1628234522113414968,420420.44875917444,7085479.274255511
1628234522186011101,420416.3637954397,7085318.635173467
1628234522317680684,420428.21762337943,7085785.6790963765
1628234522383790516,420428.06640029885,7085779.835807639
1628234522509576200,420440.8320443843,7086283.215366623
1628234522587706925,420437.34557927935,7086146.162079704
1628234522719718051,420459.0317734888,7086999.718259462
1628234522791601854,420459.4822666303,7087017.567167043
1628234522911606586,420463.457684062,7087174.1695175255
1628234523049594705,420470.9959611048,7087471.650659102
1628234523121615093,420471.529291436,7087492.686822795
1628234523253533504,420528.4881033763,7089733.675125821
1628234523319677057,420526.9417642483,7089672.797654722
1628234523451626828,420576.7604044118,7091633.521557822
1628234523523779578,420580.64570982417,7091786.406137111
1628234523649900098,420583.0128944322,7091879.5818300275
1628234523721785350,420646.53136434534,7094378.2231994765
1628234523847578524,420644.93244851474,7094315.32678646
1628234523931555450,420640.3071354877,7094133.330909874
1628234524051871740,420706.35783142294,7096731.529842867
1628234524123802103,420712.45887660387,7096971.429318515
1628234524255703715,420791.1572834579,7100066.223914068
1628234524321750817,420804.91045457864,7100606.902994168
1628234524453720534,420864.6349107091,7102955.126726059
1628234524525825250,420879.49332256767,7103539.155595502
1628234524651595855,420903.3704853508,7104477.61866383
1628234524723752935,420949.0735745371,7106274.439256677
1628234524855745500,420976.588715068,7107355.699257825
1628234525053887489,421015.2741040188,7108876.393134688
1628234525125895227,421028.2885674144,7109387.753883277
1628234525245809505,421071.3208703812,7111078.550807251
1628234525317743543,421088.14439668553,7111739.507309612
1628234525449777581,421129.15424768586,7113350.9430736285
1628234525515905899,421144.2518450718,7113944.0098981755
1628234525659779699,421174.5882054689,7115135.563294599
1628234525719795263,421195.8025258573,7115968.961167246
1628234525857675850,421212.52589209593,7116625.777770119
1628234525923668723,421221.93460289435,7116995.303736234
1628234526061830537,421272.76871513284,7118991.7879716195
1628234526121818423,421285.89164682344,7119507.085817486
1628234526247860609,421341.32870516327,7121683.9836827675
1628234526331844781,421360.9777500137,7122455.3392045135
1628234526458141126,421408.74874457036,7124330.607263015
1628234526517981388,421418.7743537467,7124724.148455998
1628234526649904346,421441.01647590636,7125597.185796002
1628234526727876306,421500.35376551654,7127925.1828482095
1628234526859987548,421521.22846198763,7128744.249253967
1628234526913886662,421527.55198604165,7128992.338646489
1628234527052016477,421634.091041287,7133170.769082704
1628234527123876240,421647.31674855296,7133689.368849621
1628234527267794420,421731.5595031744,7136993.179129359
1628234527399788756,421754.9848450345,7137911.4906293275
1628234527454041462,421813.4000897602,7140201.483165904
1628234527597930473,421825.7088576958,7140683.749649761
1628234527652168791,421832.31765449164,7140942.679791939
1628234527801814659,421926.6312288862,7144638.57935595
1628234527855952271,421936.4472538657,7145023.098244264
1628234527993997573,422027.3674374882,7148584.714111618
1628234528054000520,422044.30976301763,7149248.248714762
1628234528197976227,422119.66596108046,7152200.1078175
1628234528257974744,422140.95269730064,7153033.646831092
1628234528401882845,422194.4520202764,7155128.28228244
1628234528461850213,422254.4608393709,7157478.564709003
1628234528594024738,422290.7220869986,7158897.874369481
1628234528659977259,422300.2416344754,7159270.393021818
1628234528792013679,422363.16964871617,7161733.844696335
1628234528858123598,422364.04770727817,7161768.1640943885
1628234528990026799,422453.55142836727,7165271.409522829
1628234529062036708,422480.87358425255,7166340.416784793
1628234529200052927,422555.542976712,7169262.370028697
1628234529266148039,422596.25744028506,7170854.891435187
1628234529391895147,422678.367099177,7174065.868613669
1628234529464040566,422714.589657105,7175482.655223764
1628234529602020708,422784.84135666245,7178229.106264703
1628234529674019917,422808.37492006697,7179149.054533277
1628234529793961915,422873.041591151,7181676.739044413
1628234529860176645,422888.8606337727,7182295.0873301895
1628234530003993235,422999.95148894895,7186635.80923021
1628234530063990483,423027.0389930376,7187694.004186702
1628234530202227253,423095.5438802893,7190370.417812601
1628234530256104089,423117.9450052801,7191245.3262408
1628234530400172088,423171.76366858825,7193347.11824162
1628234530466116212,423211.6577439008,7194904.724460366
1628234530604021868,423249.7712682838,7196392.788780464
1628234530652144075,423263.29414642265,7196920.723081624
1628234530802057211,423368.6761610655,7201033.435535711
1628234530862210680,423398.65832878964,7202203.376650481
1628234530994155436,423492.0353435878,7205846.190093895
1628234531054162600,423517.6027804386,7206843.469050934
1628234531192296852,423619.8585691896,7210831.586707113
1628234531264266970,423641.20052630216,7211663.746193143
1628234531402132530,423673.04864725214,7212905.425400282
1628234531456335064,423687.07545473776,7213452.2301872615
1628234531594321662,423801.5951445437,7217916.629124202
1628234531672200252,423829.769720074,7219014.601795866
1628234531798229342,423944.49357183557,7223485.085115243
1628234531858235105,423971.45330525737,7224535.354081239
1628234531996343580,424052.97949496005,7227710.767434651
1628234532068345464,424080.66678241314,7228788.987688068
1628234532200139588,424139.08824350324,7231063.806070646
1628234532266171618,424178.8758586541,7232613.880724025
1628234532398253298,424229.7150461161,7234593.038236873
1628234532536195209,424303.74416606635,7237475.206901
1628234532596387890,424318.67251162976,7238056.242784053
1628234532728333680,424401.58130114473,7241283.134840242
1628234532806214800,424426.0677740711,7242235.929522978
1628234532926534400,424483.2547716604,7244460.838892526
1628234532998414348,424551.26908176864,7247106.764752381
1628234533136318404,424615.2261180997,7249594.154477925
1628234533202219776,424646.30156090384,7250802.57270012
1628234533334219707,424722.16349133314,7253752.26977119
1628234533394197420,424741.5803348281,7254507.162547686
1628234533544350417,424859.0002090135,7259070.695704483
1628234533604354650,424879.7543471583,7259877.23705322
1628234533730583640,424988.1814023938,7264090.125492442
1628234533802351379,425012.49902316945,7265034.814921436
1628234533928565514,425075.1958907101,7267470.07783879
1628234534000244771,425171.13780309376,7271195.456945349
1628234534126391760,425257.88548453955,7274563.108709425
1628234534198378524,425307.3893656605,7276484.549242147
1628234534342536876,425442.9293300196,7281743.013681508
1628234534402563986,425496.14054080844,7283807.185165656
1628234534534527440,425644.3958615938,7289556.380563768
1628234534600761835,425713.94330905576,7292252.701602301
1628234534744536001,425829.2724106849,7296722.960790254
1628234534804543016,425862.4951345496,7298010.34542706
1628234534924578815,425892.6781562832,7299179.720847772
1628234535008449975,425988.76137477264,7302902.678924294
1628234535140344651,426024.34666803427,7304280.878884347
1628234535200329234,426073.7098557167,7306192.604822676
1628234535338585100,426307.01754477574,7315225.948341392
1628234535398590827,426357.43997816026,7317177.335924424
1628234535536539975,426426.4394728325,7319847.276553427
1628234535608496226,426454.98442514834,7320951.588892157
1628234535740574914,426587.9030436679,7326093.303642101
1628234535806614390,426629.9848799596,7327720.638893467
1628234535944428884,426711.1423572956,7330858.578270687
1628234535998535758,426765.3289607848,7332953.200488342
1628234536142429310,426851.49976550497,7336283.7234231075
1628234536202426988,426882.14446038334,7337467.972463536
1628234536352526251,426926.9760925615,7339200.272157563
1628234536400813315,426943.395325808,7339834.668419959
1628234536538603981,427015.2220251258,7342609.831895531
1628234536664692731,427052.3502294387,7344044.044151183
1628234536742692151,427117.1591947061,7346547.318751704
1628234536802704983,427138.0174470749,7347352.8208758775
1628234536934736694,427192.50763909804,7349456.938777148
1628234537060637971,427289.671062936,7353208.261627171
1628234537144478282,427333.07673815044,7354883.7337177135
1628234537270709758,427358.11919429654,7355850.674724793
1628234537336599141,427369.8212748718,7356302.395917799
1628234537468604893,427432.6811767596,7358728.6009995695
1628234537534618906,427436.14748599386,7358862.507768177
1628234537672760781,427436.3525775702,7358870.691134866
1628234537732761783,427555.02301377995,7363449.08854686
1628234537864751097,427543.2987581316,7362996.938934428
1628234537948655480,427545.5166234042,7363082.543975019
1628234538074551862,427738.54155043565,7370527.181040997
1628234538134902125,427780.9892834985,7372163.893286965
1628234538266805043,427902.2744476495,7376839.227543172
1628234538344793638,427945.6312697761,7378510.331569223
1628234538476697853,428060.0198628755,7382917.983440017
1628234538536717375,428101.9328311257,7384532.717721899
1628234538674689172,428200.9056907478,7388344.972462097
1628234538746770921,428274.6308796066,7391184.259761279
1628234538878723071,428359.20000712795,7394440.38237667
1628234538944732858,428401.2807844952,7396060.290929746
1628234539070613552,428513.2093510789,7400368.334572309
1628234539148861369,428559.7742797577,7402160.1612573415
1628234539280746004,428653.3184625497,7405759.554616312
1628234539340748760,428686.73081770976,7407044.858097096
1628234539472723164,428791.16355352197,7411061.210056548
1628234539538945357,428824.9711596787,7412361.29383693
1628234539670893898,428893.93491265195,7415012.9601141205
1628234539742782576,428989.4830474367,7418686.161809702
1628234539869094589,429071.04091284866,7421820.632687043
1628234539946670815,429107.2934878945,7423213.728284919
1628234540072949787,429184.09459675656,7426164.397991821
1628234540138996102,429208.6721779121,7427108.667457997
1628234540270850912,429307.69911375776,7430912.112543173
1628234540354819983,429348.11839628103,7432464.274508759
1628234540480954786,429468.0357302485,7437068.324402951
1628234540540984352,429500.3969168359,7438310.518776888
1628234540666856666,429566.87068918743,7440861.818370905
1628234540756712309,429669.6980360716,7444807.261297119
1628234540882980880,429727.4466210176,7447022.557829886
1628234540948730035,429749.16848206,7447855.779786188
1628234541074969318,429893.11666265654,7453376.617817066
1628234541152896444,429950.9158156875,7455592.678180831
1628234541284986863,430091.432877111,7460979.480297978
1628234541404997302,430168.28493180085,7463924.686232173
1628234541477000071,430222.8462182108,7466014.554472498
1628234541614950841,430263.74786570296,7467581.440754754
1628234541680782263,430286.0971381324,7468437.5854621185
1628234541818879083,430556.3274921476,7478784.9854874415
1628234541866935587,430600.2759430364,7480467.162574836
1628234542010803215,430805.3097803563,7488312.099205685
1628234542077054556,430854.631908293,7490198.741183618
1628234542209054734,431055.5705437057,7497882.99235811
1628234542269055331,431100.5351592449,7499601.87280374
1628234542407008140,431205.517591565,7503614.412631495
1628234542478977105,431341.34837896714,7508804.522223799
1628234542611100223,431430.1607489273,7512197.044141586
1628234542671113867,431473.53999490076,7513853.76872182
1628234542809016621,431683.56833081425,7521873.082649353
1628234542881012083,431734.6740587051,7523823.671775632
1628234543018868923,431934.235369744,7531438.564163651
1628234543073123813,431990.6892332559,7533591.928989488
1628234543211075921,432177.2940459578,7540708.106185585
1628234543288960234,432241.27249276,7543147.107350359
1628234543414900922,432347.7712375751,7547206.223223654
1628234543474912289,432469.985913121,7551863.060614807
1628234543619045914,432586.894470212,7556316.414343188
1628234543678919851,432639.673061068,7558326.438458754
1628234543811108320,432807.9256318228,7564732.45743398
1628234543871106376,432858.6255445387,7566662.34986079
1628234544015211819,433053.43814223463,7574076.3481462
1628234544075204924,433112.4960923557,7576323.083038767
1628234544212963434,433290.84233470296,7583106.742006467
1628234544273146830,433364.35473541624,7585901.846167335
1628234544416969607,433494.6559118667,7590855.018014673
1628234544482990714,433601.5522796347,7594917.836568189
1628234544609121321,433684.3206487571,7598062.705241638
1628234544669125573,433721.03788342775,7599457.593081405
1628234544813553922,433913.0528973356,7606750.596275201
1628234544879014507,433969.4878491972,7608893.334166583
1628234545017248920,434106.0096066506,7614076.446918701
1628234545065277068,434145.59514554986,7615578.882651054
1628234545209153684,434302.9192003433,7621548.837216711
1628234545287313424,434377.2150595811,7624367.275545346
1628234545407311969,434484.64616814884,7628441.922284129
1628234545539308646,434609.3747145967,7633171.796824167
1628234545611189779,434660.1350684673,7635096.159856073
1628234545689172924,434713.91826558905,7637134.884660106
1628234545809205088,434829.3769733633,7641511.093060391
1628234545959250347,434995.7397748952,7647814.311605479
1628234546019255142,435043.47467525513,7649622.402595787
1628234546145227263,435145.94832671963,7653503.2193186935
1628234546211234798,435275.9359822849,7658424.031459929
1628234546349357222,435399.5943125096,7663104.611147515
1628234546409361715,435448.6841908019,7664962.295333001
1628234546547347433,435582.0468256108,7670008.394865916
1628234546613254196,435637.4457717881,7672103.958129228
1628234546751371938,435758.3310965471,7676676.855857423
1628234546817133448,435808.05797502724,7678557.155328085
1628234546949144147,435918.11274960026,7682717.783140544
1628234547015287661,435978.7577553407,7685011.0305246785
1628234547153280417,436089.47237116576,7689195.099278569
1628234547213420338,436120.51000423013,7690369.091810814
1628234547345453148,436213.1612216519,7693869.573394655
1628234547417312519,436261.09920625517,7695680.456053791
1628234547555325764,436360.8004654036,7699446.363385644
1628234547615330208,436402.6534191816,7701026.8508261265
1628234547741622498,436505.3977062577,7704906.93082046
1628234547813473442,436549.763454754,7706581.805609642
1628234547957464954,436658.0474278452,7710669.083378838
1628234548017355605,436696.07997921814,7712104.390533537
1628234548149230079,436783.8638728253,7715416.716819158
1628234548215519228,436843.4161889135,7717663.230699598
1628234548347617620,436921.3885932878,7720604.325658447
1628234548419368022,436961.0143056808,7722098.810221421
1628234548539397804,437055.54664617183,7725663.691749863
1628234548617513572,437090.9285016779,7726997.727996911
1628234548749561993,437227.67381800397,7732152.622398914
1628234548821318426,437260.4152360609,7733386.62408526
1628234548947445385,437322.7342026998,7735735.053248786
1628234549019428624,437437.7580305747,7740068.937775761
1628234549157530356,437508.9005678497,7742748.663219969
1628234549223443243,437588.6938542204,7745754.229531521
1628234549349482454,437668.72297286446,7748767.591679581
1628234549409496539,437702.9215683941,7750055.09007528
1628234549559583574,437810.92495853046,7754121.192946487
1628234549619581728,437841.58699298365,7755275.189554176
1628234549751591852,437925.27714677225,7758424.958137474
1628234549883489252,437998.9958617303,7761198.582088248
1628234549967466817,438046.25182900473,7762976.94090178
1628234550021370486,438074.98411348014,7764057.773450748
1628234550147368543,438152.5105083537,7766973.772837398
1628234550285480111,438214.57194553706,7769308.002936353
1628234550363523735,438274.83507737913,7771574.007588177
1628234550423509423,438321.1469732167,7773315.2246338185
1628234550555391286,438373.24242925196,7775273.628683949
1628234550675683291,438452.607334065,7778256.772954309
1628234550753584483,438422.0181850945,7777107.429872783
1628234550891416767,438512.2387954196,7780498.157043676
1628234550945742677,438552.9388546779,7782027.598691888
1628234551083695202,438567.92595419125,7782590.643988596
1628234551149439500,438599.77675357205,7783787.385494734
1628234551287586636,438623.14530750853,7784665.512534879
1628234551347594654,438654.35311662283,7785837.908901765
1628234551479463912,438706.37961648114,7787792.1359747425
1628234551557684536,438740.6488917496,7789079.28254774
1628234551689533069,438797.52251724974,7791215.165083735
1628234551749598255,438780.33302536915,7790569.8494845
1628234551887628295,438819.57938535145,7792043.566371362
1628234551959811306,438829.5287575876,7792417.657872475
1628234552097676696,438861.51468937524,7793618.716244996
1628234552157669520,438873.1569059407,7794055.856531538
1628234552277673060,438894.1369700855,7794843.405771316
1628234552367783708,438921.76250436634,7795880.598719988
1628234552499791213,438935.3678981622,7796391.740014577
1628234552559776293,438952.3161627427,7797028.048516446
1628234552685549168,438987.4068073642,7798345.374929313
1628234552763552505,438960.49049682677,7797335.132296539
1628234552883566020,438995.802495129,7798660.805390614
1628234552955699797,438950.55578876124,7796962.315391738
1628234553081816720,438976.0870794004,7797920.93870732
1628234553153570151,438992.57021242555,7798539.784786324
1628234553291814573,439018.70481070445,7799521.455121785
1628234553351846087,439038.059570533,7800248.112671644
1628234553483834806,439050.66217279824,7800721.298925739
1628234553561791390,439072.7532884764,7801550.637887378
1628234553687740724,439104.5883861253,7802745.725998563
1628234553753759111,439089.16517404735,7802167.067484708
1628234553880115208,439110.06552577193,7802951.699076303
1628234553963820024,439076.5369226893,7801693.588660802
1628234554095979892,439095.8905786834,7802420.27436163
1628234554155779484,439106.420282795,7802815.607095667
1628234554287654562,439091.51262624527,7802256.219384513
1628234554365917733,439105.9958638798,7802799.9513381105
1628234554497807021,439099.23178895196,7802546.240009668
1628234554617819622,439117.2380046648,7803222.237069607
1628234554689806659,439124.617833068,7803499.313073643
1628234554773689668,439093.76233134733,7802341.304185049
1628234554899843447,439092.68017150974,7802300.848700783
1628234555025884295,439099.38771988574,7802552.85911202
1628234555085916722,439104.1888294809,7802733.155113383
1628234555229700839,439082.6113236092,7801923.112692955
1628234555290000903,439084.77769667486,7802004.475768855
1628234555433873346,439093.57123166,7802334.632822114
1628234555487900953,439068.3589124519,7801388.418843364
1628234555619860015,439071.8337274335,7801519.035701281
1628234555691772512,439072.04512998427,7801527.089686733
1628234555817985667,439028.5646924314,7799895.471911496
1628234555890009890,439031.6852363432,7800012.77174065
1628234556021910141,438969.67816504906,7797684.907643867
1628234556093775022,438964.76526024967,7797500.625604636
1628234556220028943,438915.2635255822,7795642.096790528
1628234556292029871,438912.0584630553,7795521.90039042
1628234556429835979,438900.38042293873,7795083.696469269
1628234556501941136,438885.95843163016,7794542.06827171
1628234556622065989,438861.3603774568,7793618.640556311
1628234556687830527,438846.86541072436,7793074.408350348
1628234556825988404,438875.68191552063,7794156.38746212
1628234556903977290,438864.58527668833,7793739.767178673
1628234557029969882,438916.72277136164,7795697.9163338225
1628234557084009734,438927.1395052682,7796089.1266280655
1628234557234088699,438972.3246300059,7797785.568689503
1628234557300003741,438994.51377289824,7798618.786191843
1628234557425985369,439031.7362931727,7800016.414492402
1628234557486017219,439044.63365688466,7800500.9241201915
1628234557624142085,439060.03740448377,7801079.475825644
1628234557689915704,439065.7795825755,7801295.150289611
1628234557828022727,439168.9537861271,7805168.286008374
1628234557888033013,439180.6712564788,7805608.168910205
1628234558026184920,439247.82025360473,7808127.670052575
1628234558086167610,439259.37590218533,7808561.334216831
1628234558224467515,439321.2378001531,7810883.00225149
1628234558290062873,439336.295340551,7811448.00313929
1628234558428224102,439368.90758933034,7812671.649985108
1628234558506222410,439415.9173137673,7814435.234831383
1628234558631957432,439443.5608267436,7815472.34046695
1628234558692104662,439457.15328422596,7815982.268155884
1628234558830116558,439513.163162406,7818083.090697137
1628234558901971166,439530.61146278534,7818737.566843087
1628234559034042982,439566.72302514804,7820091.973777346
1628234559088241303,439577.9426989865,7820512.77752702
1628234559232113858,439626.5103174237,7822334.1357638305
1628234559352134504,439665.9463056753,7823812.920027816
1628234559430300475,439690.62106984865,7824738.128102459
1628234559562274381,439708.4483756552,7825406.483521413
1628234559622266472,439723.36748951045,7825965.856752731
1628234559766183661,439760.18050332327,7827345.843613895
1628234559832192243,439786.0349591112,7828315.04651446
1628234559976192849,439802.9998102951,7828951.134674816
1628234560024295600,439813.59880023956,7829348.470627799
1628234560162234457,439845.5853941251,7830547.523374692
1628234560228192575,439835.13651782984,7830156.034996366
1628234560372304106,439878.8399110533,7831794.131414458
1628234560426135033,439889.53777268087,7832195.110034842
1628234560564363770,439874.19768805295,7831620.875203196
1628234561428410754,439907.1116565105,7832856.321510388
1628234561566351362,439923.50538319227,7833470.509065061
1628234561626346013,439928.4323148217,7833655.249290829
1628234561758287840,439901.5260622384,7832647.312999046
1628234561830182167,439903.7427229658,7832730.512544234
1628234561968469489,439894.5550085273,7832386.151877285
1628234562028377778,439900.91599111253,7832624.639290052
1628234562160331768,439917.26711984724,7833237.577634821
1628234562238181651,439893.2002310166,7832335.88702426
1628234562370464418,439902.31942092255,7832677.882083511
1628234562430517424,439904.0159146475,7832741.544346998
1628234562568224996,439848.41329648247,7830658.423820015
1628234562634241299,439843.7750940653,7830484.742086337
1628234562778150725,439832.98695432895,7830080.65431033
1628234562838410390,439827.99191003863,7829893.575718068
1628234562964277431,439801.83872863767,7828913.553077256
1628234563096409944,439827.9166285383,7829891.290113848
1628234563174305792,439844.93379165663,7830529.239846534
1628234563234296395,439772.58415184694,7827817.504674214
1628234563366441358,439789.641915723,7828457.207669026
1628234563492457376,439720.5301739396,7825866.634474657
1628234563576400089,439709.6344521058,7825458.321944167
1628234563636305326,439704.0966891909,7825250.829833395
1628234563768322010,439688.7833438518,7824677.050293349
1628234563900324116,439713.3476746428,7825598.192272602
1628234563966441912,439668.8792998926,7823931.211753431
1628234564098334129,439678.4339980437,7824289.657854066
1628234564164602783,439677.0457938349,7824237.745080824
1628234564302356317,439628.98174333555,7822435.894461561
1628234564374538081,439609.9221816533,7821721.343118931
1628234564506488477,439587.6557173283,7820886.619581794
1628234564572374455,439583.7136762315,7820738.855813216
1628234564698638929,439590.31560448016,7820986.537718235
1628234564776567327,439594.0989106984,7821128.480373101
1628234564902509116,439581.600101897,7820659.96365623
1628234564968538333,439619.7326105567,7822089.650220609
1628234565100410895,439632.5637665851,7822570.820293243
1628234565172547473,439646.4847670973,7823092.845671999
1628234565310522490,439706.8979859153,7825357.979822713
1628234565370570014,439732.0869014889,7826302.300986912
1628234565496842406,439754.58614115696,7827145.827260522
1628234565580718413,439739.4761177625,7826579.40947507
1628234565712587088,439740.8847229712,7826632.359222664
1628234565772585958,439736.33676454093,7826461.89435583
1628234565898633403,439745.6961298313,7826812.738914537
1628234565970603937,439768.1594267259,7827654.963153703
1628234566096606107,439801.6530679985,7828910.525616582
1628234566162744900,439825.28938618005,7829796.47748446
1628234566294636303,439821.21853024134,7829644.007669735
1628234566372612236,439835.503699078,7830179.486537234
1628234566504496849,439829.8785928934,7829968.697403147
1628234566570768249,439829.6952655055,7829961.892655904
1628234566702737571,439823.56967856584,7829732.363816585
1628234566774786394,439806.1939892157,7829081.177270452
1628234566900535426,439773.53625640704,7827857.193215343
1628234566972724255,439793.2912262889,7828597.798306219
1628234567098689318,439771.3577598303,7827775.775244864
1628234567182563502,439755.4104477265,7827178.071163707
1628234567314743420,439778.36107806204,7828038.663364346
1628234567368706761,439777.30326986633,7827999.084036705
1628234567506719271,439759.0917529642,7827316.585969252
1628234567578584074,439767.11793809617,7827617.511412302
1628234567704850494,439745.89200617373,7826821.990512821
1628234567836840702,439769.38075688964,7827702.597933524
1628234567902655387,439779.11828063003,7828067.663872984
1628234568040640648,439740.2041741289,7826609.049122279
1628234568118886306,439740.6857488194,7826627.1775183035
1628234568238893197,439681.60749693186,7824412.678019544
1628234568298866829,439676.4912368837,7824220.948672783
1628234568442760295,439672.87504233385,7824085.571339686
1628234568508793774,439626.26137590857,7822338.025995669
1628234568640819332,439625.06474964536,7822293.343395781
1628234568700930607,439531.94191741105,7818801.663616829
1628234568838826854,439516.4199805989,7818219.806827005
1628234568910791820,439502.07434208377,7817681.91510899
1628234569042665970,439416.4016561088,7814468.471594936
1628234569102683521,439403.65959125187,7813990.574648454
1628234569246832593,439334.2621633005,7811387.250509207
1628234569312817429,439325.29095148813,7811050.764598701
1628234569432851980,439310.6830135124,7810502.855508549
1628234569504717457,439247.7884122714,7808143.0454539
1628234569648714828,439234.0395873693,7807627.327066604
1628234569714873978,439126.58930672536,7803595.124967619
1628234569840935736,439101.27069429733,7802645.0291541265
1628234569901146120,439090.96067306027,7802258.149246511
1628234570044996091,438957.4355440475,7797245.600673542
1628234570116887745,438943.7171264175,7796730.631672276
1628234570242932511,438822.73882211215,7792187.490020376
1628234570302901277,438812.88961237896,7791817.651797294
1628234570441263658,438709.6365441189,7787939.354712003
1628234570513030085,438696.05931968585,7787429.387204605
1628234570650933016,438673.86348617787,7786595.700116973
1628234570710930057,438581.18703741324,7783113.943565052
1628234570836941020,438549.2344338868,7781913.401910703
1628234570908828533,438529.06737622333,7781155.605018525
1628234571041070867,438375.5710908376,7775386.956973404
1628234571107115228,438348.88046542904,7774383.673078568
1628234571238978932,438224.3812879559,7769703.209138441
1628234571311090540,438195.96170083754,7768634.624226727
1628234571442840493,438146.08782988164,7766759.214186704
1628234571497093244,438059.25613912987,7763493.507893275
1628234571640917619,438012.5030926929,7761735.003761368
1628234571719010554,437899.586931168,7757487.016088516
1628234571839008437,437852.88529615005,7755729.797647715
1628234571899014352,437828.1127581969,7754797.605487932
1628234572043031612,437685.56132194086,7749432.758988268
1628234572109082402,437655.03353722394,7748283.632863372
1628234572241046637,437543.0705900598,7744067.51360723
1628234572379184924,437487.4281815355,7741972.2317798
1628234572450922033,437394.6496732015,7738477.357684526
1628234572571195167,437341.0285437831,7736457.464665927
1628234572643055635,437313.8257224494,7735432.662013543
1628234572775152794,437162.21605943795,7729718.986791617
1628234572841212087,437126.95441271766,7728389.970668014
1628234572973199873,436969.19602331874,7722442.1233293405
1628234573045104395,436930.28151256737,7720974.72195669
1628234573183106575,436851.67558416794,7718010.290424254
1628234573243096865,436765.39197850245,7714755.418617758
1628234573375234176,436693.2451287434,7712033.558146561
1628234573440992773,436661.7027362037,7710843.435790688
1628234573591010789,436527.63029691123,7705783.929279736
1628234573645288494,436493.9359417839,7704512.166104445
1628234573777069592,436386.90037332487,7700471.690504839
1628234573843280091,436345.0570541816,7698891.842003484
1628234573987163452,436269.49251853937,7696038.355965328
1628234574047170029,436233.0881213955,7694663.509166157
1628234574185039667,436153.1285448165,7691643.365507483
1628234574245283714,436165.87741338776,7692125.141151145
1628234574389171011,436092.31671876134,7689346.357155859
1628234574449060313,436081.527662837,7688938.654950607
1628234574575251017,436017.4948024506,7686519.342080324
1628234574641127655,435987.2367559362,7685375.998912636
1628234574785232775,435942.2663664387,7683676.707244118
1628234574851235325,435908.71645860106,7682408.798293392
1628234574977281709,435871.9943998942,7681020.574292753
1628234575055113507,435839.61797057826,7679796.787174667
1628234575181108401,435773.3203987845,7677290.5343467835
1628234575247408066,435770.2627532432,7677174.975800401
1628234575379328058,435712.8587540086,7675004.640437873
1628234575445269479,435729.8336530315,7675646.696456551
1628234575583334418,435680.0030600995,7673762.628630788
1628234575643153994,435656.7584151883,7672883.690505976
1628234575781399574,435635.2923198528,7672072.179825145
1628234575841393352,435615.16926713573,7671311.219580709
1628234575991391737,435596.5920939174,7670608.995805087
1628234576045213729,435581.2478330232,7670028.708584538
1628234576177195997,435539.3504304557,7668444.122683635
1628234576303450526,435526.459081196,7667956.564435585
1628234576393317257,435497.72037518176,7666869.532245453
1628234576447311816,435479.8863804753,7666194.924908365
1628234576579480589,435461.3663560929,7665494.139425335
1628234576705464226,435451.04263213737,7665103.668723755
1628234576789236523,435426.46120801946,7664173.736601713
1628234576849363002,435408.3838992822,7663489.829071502
1628234576975458341,435393.3113062336,7662919.565397608
1628234577107244225,435365.3249036214,7661860.736778612
1628234577179258656,435351.3199664135,7661330.844485709
1628234577317415509,435311.9588770183,7659841.417479452
1628234577377381867,435296.7083509785,7659264.325574606
1628234577509264717,435269.8831448479,7658248.980394961
1628234577587549580,435250.91397222807,7657531.111552311
1628234577713295836,435228.43748923764,7656680.092789499
1628234577785461432,435211.4109862669,7656035.683480242
1628234577911441129,435186.51333078207,7655093.295037618
1628234577989581447,435161.9644893588,7654163.797032419
1628234578121351392,435127.9170959591,7652874.875604967
1628234578181308801,435111.73053811595,7652262.068420908
1628234578313325758,435073.56704967574,7650816.957820408
1628234578391478862,435048.50351314177,7649867.929954522
1628234579381585250,434722.11224047735,7637501.704392446
1628234579513554687,434663.97421876225,7635297.673898285
1628234579585423703,434642.034182277,7634465.994704692
1628234579711660647,434587.2769087563,7632389.882362215
1628234579783685125,434565.7873377583,7631575.134599452
1628234579915560501,434528.6399406133,7630166.622023319
1628234579987454737,434491.7930536942,7628769.273304823
1628234580113711366,434444.7529707381,7626985.323845346
1628234580179499899,434422.6188770728,7626145.838056971
1628234580317561560,434386.602359726,7624779.668590071
1628234580395616824,434358.699484725,7623721.251325592
1628234580527481198,434346.8559317486,7623271.638022572
1628234580587502765,434330.71277636994,7622659.220575713
1628234580707717371,434311.5567427558,7621932.686391803
1628234580779636093,434290.7809165202,7621144.496390337
1628234580924028007,434245.14824333857,7619413.127482554
1628234580989521456,434263.4794784325,7620108.88521757
1628234581115786382,434222.605669395,7618558.0215207245
1628234581259678557,434238.79097167053,7619172.19050029
1628234581331556477,434221.11872620083,7618501.627507351
1628234581451669293,434186.8939384455,7617202.9179180125
1628234581511536101,434241.78144179576,7619285.829190861
1628234581649826913,434193.6507822762,7617459.587716118
1628234581721708190,434262.7250903387,7620080.608670016
1628234581847988543,434228.7656477733,7618792.1553959185
1628234581919720068,434208.7577324899,7618032.988714416
1628234582051863492,434288.41624881886,7621055.573794972
1628234582118000884,434274.17178877135,7620515.178525673
1628234582249771752,434342.26261046017,7623098.46949308
1628234582321746161,434336.38565305143,7622875.549985355
1628234582453606764,434323.8493857257,7622400.052333624
1628234582519871835,434377.36574417807,7624430.141000979
1628234582657644426,434360.96434472373,7623808.102425259
1628234582711891356,434405.30190383276,7625489.568751674
1628234582855703382,434377.94428485236,7624451.986438602
1628234582927648502,434364.7303766623,7623950.8155938685
1628234583053883576,434421.2221435089,7626093.6431655595
1628234583113923360,434411.4972436029,7625724.873524173
1628234583257792773,434436.7927664537,7626684.270316543
1628234583312142601,434427.7247909521,7626340.428834473
1628234583455938738,434492.7344199285,7628805.443781359
1628234583515951976,434487.45824245806,7628605.405101679
1628234583653884238,434476.106155252,7628175.004492752
1628234583713890619,434530.56780058483,7630240.158651864
1628234583857728210,434522.7863948494,7629945.1895814445
1628234583912377745,434520.8069441361,7629870.138439674
1628234584055906513,434581.1985094091,7632159.572705545
1628234584121735289,434576.57960004173,7631984.461856026
1628234584247883334,434633.6165697868,7634146.467553802
1628234584319751463,434626.04974249896,7633859.629644836
1628234584458003538,434689.7602324557,7636274.752743119
1628234584518004034,434680.98276997346,7635942.096642986
1628234584656112911,434659.05651375704,7635111.081407469
1628234584788025340,434714.00866206863,7637193.683543888
1628234584860056591,434705.58888492495,7636874.6076704655
1628234584980118410,434765.9306764561,7639161.214017132
1628234585058014221,434761.936036927,7639009.834709005
1628234585183948528,434756.87897203706,7638818.192151514
1628234585261825552,434802.1672754507,7640534.418885526
1628234585382126813,434792.9286638328,7640184.380401108
1628234585453826445,434787.43964989565,7639976.419709997
1628234585592065772,434833.8960051018,7641736.685569993
1628234585663843288,434831.0031012394,7641627.110722637
1628234585783895800,434883.4029377912,7643612.349808136
1628234585850162380,434885.831907044,7643704.410978605
1628234585993986826,434939.380630696,7645732.787820357
1628234586053993414,434937.8068441319,7645673.203114655
1628234586192123741,434922.91712055926,7645109.168201902
1628234586252186395,434989.3089768696,7647623.9269720325
1628234586396038702,434995.33753358654,7647852.353328094
1628234586455916304,435061.7657384436,7650367.9426246425
1628234586582096873,435069.4247952488,7650658.0541518815
1628234586654036586,435070.76709732483,7650708.922028471
1628234586787317078,435132.25611962145,7653037.1786369765
1628234586853272505,435129.95621760364,7652950.113102304
1628234586985369570,435189.9342557408,7655220.729540554
1628234587057317305,435189.79477529007,7655215.440743173
1628234587189478888,435200.6192359589,7655625.229151709
1628234587255327090,435286.192486661,7658864.155063989
1628234587387490571,435296.41706120904,7659251.08871229
1628234587459352215,435371.8785344743,7662106.652457908
1628234587585309618,435384.6562834435,7662590.061905254
1628234587657447128,435390.46004594036,7662809.614748515
1628234587789268850,435469.4631799343,7665798.605508665
1628234587855485087,435472.6145044801,7665917.750667331
1628234587987478472,435570.6822648918,7669627.471188911
1628234588059311803,435575.2874742209,7669801.631665802
1628234588197328013,435581.9819540673,7670054.83284872
1628234588257508924,435685.32178807294,7673963.074323232
1628234588389537178,435695.7528705095,7674357.535074153
1628234588461429623,435788.3354592492,7677857.935462297
1628234588587360910,435804.16793518316,7678456.512431509
1628234588659324606,435814.54628384154,7678848.848682705
1628234588797442969,435912.68334117904,7682558.349869928
1628234588863444717,435925.15438649815,7683029.676170676
1628234588989386757,436017.9756620511,7686537.361620327
1628234589067331418,436031.3595923051,7687043.081229885
1628234589193344251,436048.6421441514,7687696.121164511
1628234589259583045,436145.37695518415,7691350.611360589
1628234589379568184,436153.1287267814,7691643.445291876
1628234589523383061,436277.62315009604,7696345.543370318
1628234589595389257,436278.4366830958,7696376.267422885
1628234589721629612,436386.1184040663,7700442.321919308
1628234589793632419,436388.8700364284,7700546.215343051
1628234589925523799,436390.6703587327,7700614.20189536
1628234589991703644,436503.679418368,7704880.379570338
1628234590123403308,436498.55886031815,7704687.156721641
1628234590195569814,436616.68637598946,7709145.458418404
1628234590315645262,436606.9291215644,7708777.296943101
1628234590387575688,436597.7835869823,7708432.205475671
1628234590532340838,436720.2201974045,7713052.199136153
1628234590586323477,436720.5434477762,7713064.425186782
1628234590724458589,436825.6605205185,7717029.8655929
1628234590802220624,436831.9166249709,7717265.8820645
1628234590928353719,436846.10135637125,7717800.985812153
1628234590988358525,436920.82100858644,7720619.022365253
1628234591120238157,436928.1209034223,7720894.455665688
1628234591198484425,437019.96710655733,7724357.775863878
1628234591330360629,437034.34184765903,7724899.979826865
1628234591390383817,437045.18085257785,7725308.759240148
1628234591517538354,437139.25016503804,7728855.152595486
1628234591589481984,437154.60586886073,7729434.090621284
1628234591722283144,437238.23373130435,7732586.12126181
1628234591788535544,437246.02418786497,7732879.764128215
1628234591926309924,437282.9324425878,7734270.768013051
1628234591992321871,437372.4787536742,7737644.507790699
1628234592130443623,437445.07975585636,7740379.591214954
1628234592190467718,437478.1199763094,7741624.180914123
1628234592328448637,437546.0691691328,7744183.427202676
1628234592394453811,437577.5855713969,7745370.397821995
1628234592532497821,437646.09483462514,7747950.092503468
1628234592598473592,437666.5859807639,7748721.687138211
1628234592724346268,437758.23926659964,7752172.101213714
1628234592802598888,437771.13451003743,7752657.599063141
1628234592934478746,437817.3181341975,7754396.1274865465
1628234592994501262,437898.5577073557,7757453.449897515
1628234593126364230,437967.5302678691,7760048.988852624
1628234593204621908,438032.994163642,7762511.742314204
1628234593336520992,438093.54888605716,7764789.8530496415
1628234593396501166,438126.87716463197,7766043.561587016
1628234593522886526,438214.87852327403,7769353.345281047
1628234593594669965,438245.3533278415,7770499.437697317
1628234593738439760,438345.93427286553,7774281.346574806
1628234593864601138,438378.7732943551,7775516.008468976
1628234593930543585,438389.51304491446,7775919.78370328
1628234593996570542,438460.0895608923,7778572.966344152
1628234594128547008,438464.1224014673,7778724.738103011
1628234594266844113,438570.437851761,7782720.273336818
1628234594320582924,438568.5961092516,7782651.112030952
1628234594470468871,438651.4314578875,7785764.068110733
1628234594530479349,438652.20161050133,7785793.1202921625
1628234594662598001,438665.47718575544,7786292.056439263
1628234594717681012,438740.78081379866,7789120.693778293
1628234594867781114,438818.40395071893,7792036.495696067
1628234594927624922,438848.8468908183,7793179.901103887
1628234595059674486,438947.0953344813,7796869.097301219
1628234595131748627,438970.9411932227,7797764.459094871
1628234595269934302,439026.9708046569,7799868.489425309
1628234595329899579,439039.3025329062,7800331.521764936
1628234595461802876,439084.1899071007,7802016.966550328
1628234595527695388,439096.33597435604,7802472.982548033
1628234595659972769,439116.9100641706,7803245.520318003
1628234595737640739,439164.0760312203,7805016.133885482
1628234595863864452,439166.5566300978,7805109.538401294
1628234595923852409,439167.4487716456,7805143.136388862
1628234596061751781,439217.1190526544,7807007.902033141
1628234596127876147,439217.72148204775,7807030.681788104
1628234596266762806,439236.23661166476,7807726.006087101
1628234596326721800,439238.724537447,7807819.543649102
1628234596464770899,439214.69588972034,7806917.554763233
1628234596536639695,439209.0729144291,7806706.717069807
1628234596668685308,439204.07079278445,7806519.297060651
1628234596722996983,439162.693242968,7804966.456284585
1628234596872784585,439146.6671895425,7804365.362638989
1628234596926770506,439140.06221752585,7804117.578369329
1628234597070672363,439078.7205918502,7801815.036558837
1628234597124869542,439057.33131199697,7801012.224872154
1628234597268681754,439028.75763186475,7799939.994089645
1628234597334835707,439003.855501789,7799005.26494278
1628234597466791966,438993.07885863504,7798600.790072571
1628234597526814949,438972.930241628,7797844.443403775
1628234597670704795,438936.80029151385,7796488.150785895
1628234597742830195,438937.3921543087,7796510.531602244
1628234597868819890,438912.42517829355,7795573.33354817
1628234597995882544,438869.1521214425,7793948.236429882
1628234598067872798,438845.79940625106,7793071.35123053
1628234598139854512,438817.9463138052,7792025.389439101
1628234598272008098,438779.3555309359,7790576.126297321
1628234598392005016,438725.18658458604,7788541.515453254
1628234598469914568,438746.1056050451,7789326.960790241
1628234598601924524,438711.05607526936,7788010.4427419705
1628234598673837486,438696.2937885303,7787455.926784968
1628234598800208063,438686.4737656219,7787086.781053753
1628234598872110482,438669.29763436917,7786441.54747569
1628234599004803134,438673.2134606879,7786588.721882481
1628234599076796193,438660.0010622709,7786092.390610561
1628234599203058986,438699.2859031742,7787567.935416265
1628234599274938893,438685.122924221,7787035.853308041
1628234599394944108,438653.62185103405,7785852.318411146
1628234599472957893,438697.2218014627,7787489.869031921
1628234599604878278,438665.1259610081,7786283.979695095
1628234599665142567,438652.81487431977,7785821.378680844
1628234599803018688,438672.1261922831,7786546.910601314
1628234599868866286,438657.7640415391,7786007.306809321
1628234600006843437,438656.3965489559,7785956.03377338
1628234600073074190,438647.8562018363,7785635.158250199
1628234600198976076,438649.32698102406,7785690.418367027
1628234600265142658,438659.1779918729,7786061.025717676
1628234600396995787,438646.0376269562,7785567.379278453
1628234600475103298,438596.9044320695,7783722.613766311
1628234600595131905,438562.31703142705,7782423.140461308
1628234600667150932,438545.5447121479,7781792.980615897
1628234600798951669,438524.75431223,7781010.702859838
1628234600877054627,438522.6484481407,7780931.627327536
1628234600997258124,438459.71000027546,7778565.129801878
1628234601069322716,438446.66380840074,7778074.729500885
1628234601200993076,438380.54659911856,7775590.118473855
1628234601267134385,438360.73728822154,7774845.403276762
1628234601399319389,438330.5663510776,7773711.054525402
1628234601470981022,438328.2363865093,7773623.899526211
1628234601609215164,438289.33706904086,7772161.31798947
1628234601675105217,438270.62904302543,7771457.857002792
1628234601801125319,438238.127529745,7770236.064717712
1628234601873004869,438211.4775383243,7769233.901917651
1628234602011242849,438214.43210075656,7769345.37759208
1628234602071215901,438197.8258768635,7768720.913436157
1628234602204108872,438188.7188331328,7768378.380579404
1628234602270322747,438169.01367611357,7767637.311842467
1628234602402142849,438123.30768933136,7765918.271431237
1628234602480237364,438153.6804497154,7767060.559135951
1628234602600360252,438111.3496700109,7765468.357652143
1628234602738060611,438114.7775437497,7765597.4550931575
1628234602804443782,438100.363766582,7765055.310230725
1628234602870225419,438092.05462847534,7764742.760392845
1628234603002404285,438100.9094961567,7765075.9360942105
1628234603134396693,438085.12954826036,7764482.413115456
1628234603206274198,438098.8523051405,7764998.802180203
1628234603332266322,438075.0344275958,7764102.936179386
1628234603404094135,438064.4564087857,7763705.039543239
1628234603536237349,438070.88558413147,7763946.701139395
1628234603602452503,438061.5857454582,7763596.860451685
1628234603740188598,438065.4712136351,7763743.287636755
1628234603806226012,438052.44378283294,7763253.239705085
1628234603944197040,438024.8125669234,7762213.7923521865
1628234604004448590,438057.0194125961,7763425.794694812
1628234604136476081,438046.8412710604,7763043.022160753
1628234604214215059,438071.6222514631,7763975.434412941
1628234604334313506,438054.08093967836,7763315.622557598
1628234604406773531,438036.4897629252,7762653.870773863
1628234604544301301,438057.81092255836,7763456.148996639
1628234604598526535,438046.0506264554,7763013.758381017
1628234604736377353,438075.3526318969,7764116.333309574
1628234604814376042,438067.8899206844,7763835.599522915
1628234604946497872,438099.15711906436,7765011.960292412
1628234605006522709,438098.0831696885,7764971.612449037
1628234605138547417,438085.97380335437,7764516.117445146
1628234605210349910,438114.9123668232,7765605.058660191
1628234605342366055,438097.73894316197,7764959.146943869
1628234605408418171,438086.2911541235,7764528.530462576
1628234605540506083,438097.62003782304,7764954.867760259
1628234605612434006,438086.336677214,7764530.44433737
1628234605738440732,438092.89309448545,7764777.422427756
1628234605804378419,438077.36299023713,7764193.229016471
1628234605930922667,438050.5152962655,7763183.310664481
1628234606008406564,438078.1214959856,7764221.562740513
1628234606140450015,438045.41743981576,7762991.193203531
1628234606212391968,438086.6471699402,7764542.325569231
1628234606332564326,438063.8410116477,7763684.309165822
1628234606411072618,438049.5019719312,7763144.876364
1628234606548449839,438076.4862609447,7764160.084126949
1628234606614448292,438060.274863711,7763550.1713144705
1628234606734434064,438103.1617092417,7765163.540346744
1628234606806463235,438102.59504570754,7765142.206751211
1628234606944615638,438095.1179004019,7764860.907746545
1628234607076511782,438118.2447310104,7765731.064095987
1628234607136467672,438110.3566839778,7765434.330375303
1628234607214627289,438136.4524586618,7766416.041877023
1628234607346622069,438120.0812777346,7765800.167047251
1628234607473798151,438103.9086616218,7765191.470545189
1628234607539392141,438096.8087770471,7764924.357673301
1628234607677532579,438080.55030646303,7764312.614665913
1628234607743394242,438070.3904166918,7763930.380477468
1628234607881445715,438045.3605105333,7762988.622364394
1628234607941421627,438033.10284116515,7762527.4136448605
1628234608079543608,438001.75093414955,7761347.920942906
1628234608139555227,437986.91483129025,7760789.631713919
1628234608277599791,437966.0625388379,7760004.965315239
1628234608343572174,437952.20312834677,7759483.404886861
1628234608481578959,437936.1569387733,7758879.7732601855
1628234608541586669,437921.9146061345,7758343.809001659
1628234608685807046,437887.3373047139,7757042.504893713
1628234608739697857,437892.63813025574,7757242.247864369
1628234608883522519,437861.2112436282,7756059.458542068
1628234608949652065,437873.88538515574,7756536.493427934
1628234609081592832,437843.7022096161,7755400.484630567
1628234609141740850,437829.68881953263,7754873.032509686
1628234609285569449,437829.556483749,7754868.147786215
1628234609351676772,437814.95890655066,7754318.703174921
1628234609483642526,437816.0338277078,7754359.329851847
1628234609543630638,437808.545400738,7754077.474830021
1628234609687529619,437783.74703571666,7753144.070498086
1628234609741800526,437810.59822209866,7754154.7884036405
1628234609885669133,437776.42573514004,7752868.535898764
1628234609939693278,437766.29004472523,7752487.012150924
1628234610083829747,437813.7598105772,7754273.842385023
1628234610149585908,437805.19940341706,7753951.647407364
1628234610281737554,437898.7114152053,7757470.995229406
1628234610347565527,437896.66180094524,7757393.870831313
1628234610485827249,437940.26619940705,7759034.717730766
1628234610545826382,437940.2526716658,7759034.213139054
1628234610683610135,437939.76747169066,7759015.969657362
1628234610743778537,437966.2072585275,7760010.851325639
1628234610875780949,437965.88687922404,7759998.80874158
1628234610947870912,438005.916752775,7761504.966383261
1628234611079665884,438005.3715155284,7761484.4621413825
1628234611139891361,438005.23180935724,7761479.211231888
1628234611289766678,438048.2617990293,7763098.101975201
1628234611349756892,438048.15971995244,7763094.267355184
1628234611481698992,438094.58297033736,7764840.647640148
1628234611619937278,438093.97583953355,7764817.815018364
1628234611685660191,438093.7926636194,7764810.928094444
1628234611817688190,438141.76173813886,7766615.289812295
1628234611883682186,438141.44087285176,7766603.229708128
1628234612009959759,438193.8101281548,7768572.859844178
1628234612087720102,438193.73345032276,7768569.980100538
1628234612207930613,438249.52948895196,7770668.248314958
1628234612279893819,438249.58907340944,7770670.492647032
1628234612417818626,438249.6237909066,7770671.807521717
1628234612489907609,438307.180443308,7772836.011103702
1628234612609881099,438307.0354919843,7772830.571383685
1628234612687878581,438306.9742464998,7772828.275556221
1628234612813879294,438359.25518226007,7774793.880326938
1628234612891975561,438358.97356780927,7774783.303205696
1628234613012175115,438418.65848214226,7777026.998211666
1628234613083962312,438418.1444704081,7777007.681251844
1628234613215909009,438477.84634106565,7779251.7222917015
1628234613282136247,438477.39990106097,7779234.945340003
1628234613414048342,438476.74937200797,7779210.505052445
1628234613486061512,438538.7977973242,7781542.447563549
1628234613623961308,438538.5975839945,7781534.935387995
1628234613689912607,438538.57977158483,7781534.270890446
1628234613815989332,438600.00743611244,7783842.578768662
1628234613888062794,438599.6676309931,7783829.820328893
1628234614014019478,438662.3599604547,7786185.339487371
1628234614086021655,438662.15109866706,7786177.495020836
1628234614217976310,438725.137978056,7788543.762704366
1628234614289894426,438725.0119435141,7788539.033091096
1628234614421834057,438724.62158805784,7788524.38075665
1628234614488034580,438788.58675524825,7790927.0718845455
1628234614619979572,438788.3732082839,7790919.057937362
1628234614692005226,438788.1966006254,7790912.431147978
1628234614818153482,438862.1553984892,7793690.104699094
1628234614890135945,438861.88555423333,7793679.9775942005
1628234615016099506,438927.55682181683,7796146.031263511
1628234615088067486,438927.5372272146,7796145.300305892
1628234615220169022,438993.2485078152,7798612.509203586
1628234615292181831,438992.9946508053,7798602.980109379
1628234615424047670,438992.36632704054,7798579.396599801
1628234615490121595,439057.3342459089,7801018.352626808
1628234615622096320,439056.99079959485,7801005.46440004
1628234615693994431,439056.8408554128,7800999.839300026
1628234615814185357,439119.37818601873,7803347.220708789
1628234615946236471,439118.7550218145,7803323.843099548
1628234616024085844,439183.43889876216,7805751.479808005
1628234616090231230,439183.330366206,7805747.409650105
1628234616216265844,439246.13748993154,7808104.293973432
1628234616354239450,439245.6292515948,7808085.228974896
1628234616414257756,439245.34077366267,7808074.407312199
1628234616552253462,439307.2344074871,7810396.708484207
1628234616612276836,439306.9287895398,7810385.2455381565
1628234616744265149,439370.5849303294,7812773.355755187
1628234616822206588,439370.17504623596,7812757.985407053
1628234616954221105,439430.53211065877,7815022.041298407
1628234617014205888,439430.54155105277,7815022.396818465
1628234617152104302,439430.5571873801,7815022.988246173
1628234617224205714,439491.4263259638,7817305.9545219755
1628234617356252403,439491.0339387378,7817291.245310921
1628234617422196901,439490.82493031194,7817283.41058798
1628234617548222462,439551.6664248362,7819565.052552519
1628234617626348531,439551.2858411382,7819550.785217812
1628234617758250371,439611.7446906934,7821817.8057259135
1628234617818263704,439611.4760693391,7821807.738164275
1628234617950241960,439673.4235560819,7824130.271303095
1628234618028362125,439673.5078529395,7824133.434454299
1628234618160356047,439673.4902876097,7824132.7832228895
1628234618226276304,439736.75723688834,7826504.469833813
1628234618346310928,439736.081164233,7826479.1313623395
1628234618424248192,439735.5384108672,7826458.790146006
1628234618550366007,439799.7968659786,7828867.336640306
1628234618622254028,439800.0503246321,7828876.839421781
1628234618748403460,439864.51031041605,7831292.614695416
1628234618826277977,439864.7305696318,7831300.87482603
1628234618958319945,439934.1133663127,7833900.790904656
1628234619018367966,439934.4169722452,7833912.167711416
1628234619150550288,439934.6089199006,7833919.364607983
1628234619222459008,440006.3535921869,7836607.384254945
1628234619354423517,440006.4794955748,7836612.109102422
1628234619420513259,440006.40789438767,7836609.431030672
1628234619552391351,440081.1595995289,7839409.6908144
1628234619624357323,440081.1378284881,7839408.880083386
1628234619762460864,440159.10221143253,7842329.056281507
1628234619822417609,440158.94614734966,7842323.214993628
1628234619948257157,440158.4870558605,7842306.030043267
1628234620026375424,440241.092102042,7845399.486064054
1628234620164531234,440241.0826852826,7845399.140508277
1628234620224425215,440327.39860625745,7848631.002719311
1628234620356425779,440327.00535237795,7848616.283117264
1628234620422308249,440326.75749237806,7848607.006113432
1628234620560411371,440417.83434813423,7852016.516974543
1628234620692337288,440417.36850426206,7851999.085990019
1628234620758547142,440514.71508161,7855642.613955279
1628234620902425504,440514.1700404162,7855622.22568534
1628234620956479299,440615.803190445,7859425.416695692
1628234621088582252,440615.8558255253,7859427.3904076675
1628234621154262912,440615.8040661064,7859425.456573676
1628234621298515236,440722.25658354495,7863408.149172482
1628234621358513427,440722.0698144394,7863401.164744785
1628234621496752681,440834.0790472098,7867590.820160938
1628234621556620080,440834.108677054,7867591.929966208
1628234621700710647,440953.5967350129,7872060.28272519
1628234621760526140,440953.5461934605,7872058.395387852
1628234621892497866,440953.2927501781,7872048.925469313
1628234621952502813,441076.1360861682,7876641.621765197
1628234622090658518,441076.0865543813,7876639.774294804
1628234622162677341,441076.1138602003,7876640.797717202
1628234622300598722,441203.0578924892,7881385.611129403
1628234622354705508,441202.93300576485,7881380.945908604
1628234622492668771,441334.8109293713,7886308.893546988
1628234622570467975,441334.763913654,7886307.139098247
1628234622690684524,441334.733173784,7886305.996051209
1628234622750626231,441476.0757897898,7891586.172880005
1628234622900594260,441475.7927077528,7891575.606259646
1628234622954698828,441617.77299006755,7896878.097595014
1628234623092623715,441617.87932005146,7896882.0717308335
1628234623152706859,441617.93371024175,7896884.105319253
1628234623296620990,441764.49767493224,7902356.207681516
1628234623362729244,441764.40326554654,7902352.685440797
1628234623494710604,441916.07843415043,7908013.939769725
1628234623554736715,441916.06667196285,7908013.501148922
1628234623698622449,441916.4583751215,7908028.121852398
1628234623764541904,442067.6794553067,7913670.690017731
1628234623902573047,442067.08795253607,7913648.6259425245
1628234623956762395,442227.2364709866,7919622.517312471
1628234624094993661,442226.7759885626,7919605.344459027
1628234624172546086,442226.8942855591,7919609.757298342
1628234624286826339,442389.9153538894,7925688.870995243
1628234624364680479,442389.73207466514,7925682.039034719
1628234624508725033,442557.6064782626,7931940.106459158
1628234624568727431,442557.52945326816,7931937.235424405
1628234624700703620,442727.9308022742,7938287.396875932
1628234624760713170,442727.7777377905,7938281.694651092
1628234624904647262,442727.2343579807,7938261.451088097
1628234624970756601,442900.63224075,7944721.133669603
1628234625102748574,442900.42805374914,7944713.530661268
1628234625162748656,442900.7938040132,7944727.154937105
1628234625300855560,443076.4182449095,7951267.569995832
1628234625378636651,443076.34360829106,7951264.791957815
1628234625498881719,443256.195054624,7957960.32346877
1628234625564769355,443256.09969598334,7957956.774470692
1628234625708642514,443439.199883283,7964770.8714567
1628234625774888032,443438.90443558083,7964759.878801807
1628234625906770437,443438.4456220905,7964742.81161142
1628234626038767565,443621.611602857,7971556.961879586
1628234626098673992,443619.6380083239,7971483.548588391
1628234626236942982,443812.3154598003,7978649.015795712
1628234626296944840,443812.218202502,7978645.400272603
1628234626440843546,443812.8209075636,7978667.811203088
1628234626494860139,444005.3642428894,7985825.652928232
1628234626638725273,444005.5684357892,7985833.242916491
1628234626692978382,444006.41526301217,7985864.719435341
1628234626848867185,444197.75586749054,7992975.244033544
1628234626902863061,444197.6814556658,7992972.479187351
1628234627028873048,444396.0745670012,8000342.3858359745
1628234627094999010,444395.9857291345,8000339.089270084
1628234627244930962,444598.5184005477,8007859.940867717
1628234627304937626,444598.423893765,8007856.431595054
1628234627430881370,444599.2330837577,8007886.47309206
1628234627497040787,444801.61061982485,8015398.705990585
1628234627641041975,444801.2065594131,8015383.711732601
1628234627706845383,445007.91980376357,8023053.964737525
1628234627838977204,445007.43177576625,8023035.859850328
1628234627904933113,445007.0949346629,8023023.36455452
1628234628042812964,445215.4096932907,8030750.082285929
1628234628108905749,445215.35812189186,8030748.168099163
1628234628229004294,445425.629035003,8038544.432026281
1628234628301006346,445425.422478167,8038536.775234279
1628234628439056255,445426.43012443325,8038574.128682806
1628234628499107494,445636.237282493,8046350.184991441
1628234628631095823,445635.3756787202,8046318.2548944345
1628234628709134215,445856.8787980942,8054524.63636679
1628234628841105363,445856.12230875564,8054496.614259867
1628234628906914933,445855.8603565979,8054486.910209177
1628234629038906253,446071.51510884357,8062473.396313407
1628234629105144541,446071.2393833825,8062463.18705349
1628234629249026516,446286.3317556174,8070425.744667968
1628234629303179102,446286.24197321467,8070422.421319099
1628234629440913907,446286.88996670884,8070446.402601403
1628234629572949380,446500.7256894194,8078359.374847741
1628234629651054692,446500.51373053767,8078351.531692848
1628234629711046205,446714.29120784986,8086259.291134543
1628234629837084606,446714.0144921838,8086249.055085893
1628234629963229825,446928.50627365155,8094180.235989845
1628234630047131290,446928.08994477784,8094164.84193684
1628234630107143424,446928.0727048902,8094164.203840916
1628234630239134287,447142.4488575945,8102088.097879767
1628234630370979031,447142.33093442395,8102083.7375313975
1628234630443128732,447143.50726640364,8102127.208059556
1628234630569244665,447355.515036833,8109960.595915311
1628234630635142016,447355.11993932637,8109945.99929516
1628234630773122197,447572.72885594185,8117983.338826251
1628234630851121622,447572.26738482027,8117966.296031211
1628234630971150441,447784.27465423924,8125793.77542278
1628234631043032923,447784.1572834031,8125789.441579622
1628234631169266016,447784.9360031042,8125818.183193449
1628234631247193063,447996.84151907155,8133639.011839356
1628234631373309848,447996.5540783544,8133628.403163294
1628234631439288952,447997.47788108187,8133662.489178792
1628234631571286040,448207.7322173493,8141419.528454363
1628234631631280467,448207.45114692266,8141409.159007414
1628234631781231895,448420.8554290893,8149279.566448295
1628234631841245305,448420.5439825254,8149268.080219436
1628234631967096867,448631.7093318179,8157053.054347296
1628234632051264119,448631.8182894143,8157057.069233011
1628234632177187152,448632.87296678044,8157095.94184295
1628234632237189994,448843.73436171067,8164866.898812972
1628234632363232073,448843.6355857175,8164863.256142657
1628234632441338907,448844.47419812373,8164894.152346398
1628234632573388770,449054.42454958725,8172628.756872957
1628234632633306151,449054.4238861996,8172628.730282387
1628234632765255921,449258.5097299364,8180144.606413779
1628234632843396373,449258.44990072947,8180142.399512462
1628234632975406428,449466.5628745502,8187803.976122262
1628234633041178097,449467.0302453516,8187821.179397712
1628234633179283166,449469.05800958135,8187895.815556198
1628234633245453311,449676.6067781866,8195533.933492399
1628234633371195719,449676.82508442434,8195541.963506587
1628234633443340661,449885.20233000035,8203207.913042305
1628234633575361726,449886.68421940214,8203262.421756663
1628234633653263784,449887.37605982315,8203287.868019336
1628234633785464758,450060.8066378112,8209666.09480663
1628234633845474238,450060.87105623505,8209668.461292567
1628234633971220709,450249.4919105506,8216603.299030726
1628234634055472309,450249.72634667833,8216611.914153334
1628234634181240668,450250.59016382624,8216643.662479412
1628234634247533743,450429.23788025905,8223209.840120576
1628234634373246873,450429.4362051469,8223217.125785745
1628234634517439568,450599.9023567905,8229480.793747097
1628234634589524798,450599.8532026321,8229478.985614978
1628234634715328387,450756.4203840982,8235230.395320185
1628234634769551303,450756.1670983297,8235221.088722966
1628234634907466817,450756.46709901217,8235232.097087085
1628234634979486720,450911.1334599252,8240912.269817887
1628234635099484703,450910.8453416244,8240901.686842148
1628234635171517292,450911.5101855898,8240926.096813605
1628234635309487526,451059.8885837663,8246373.999550634
1628234635375328604,451059.75828652264,8246369.21325926
1628234635513473941,451203.2868246512,8251637.811460173
1628234635573485100,451203.2245674119,8251635.524667109
1628234635711586795,451339.2876362527,8256628.983257955
1628234635783591277,451339.1920608522,8256625.473283177
1628234635915644110,451339.6893712215,8256643.714499269
1628234635975479832,451471.008167535,8261462.011753097
1628234636113637121,451470.87352468533,8261457.065859889
1628234636191413649,451471.5201555545,8261480.784849612
1628234636311437082,451598.99441972445,8266157.051088035
1628234636372118119,451598.7552833687,8266148.276090821
1628234636515669844,451723.4265169909,8270720.800694132
1628234636581420303,451723.43527675234,8270721.119784338
1628234636713570490,451842.6040459111,8275090.982888555
1628234636773594117,451842.534507452,8275088.430143481
1628234636917670645,451843.01487526565,8275106.033425202
1628234636983653135,451960.2869424249,8279405.55065667
1628234637115684730,451960.39735502616,8279409.592508182
1628234637169724866,451961.09669054934,8279435.22638112
1628234637307628940,452075.02466701757,8283611.374133495
1628234637379578913,452074.92317359487,8283607.651357843
1628234637506017175,452187.15502413607,8287720.897008813
1628234637577726035,452187.2624841908,8287724.832522501
1628234637709751746,452289.9362289591,8291487.137458343
1628234637775766474,452289.90004095813,8291485.807885866
1628234637907724745,452290.5157385274,8291508.3573820675
1628234637967724328,452396.6189493399,8295395.705973909
1628234638111772885,452396.6872471489,8295398.205570499
1628234638189703577,452397.3202881523,8295421.393332313
1628234638309683001,452501.0413742029,8299220.841512772
1628234638375677415,452500.88755273796,8299215.204102322
1628234638513828927,452603.00639977335,8302955.36360498
1628234638591804017,452602.9977564932,8302955.044503621
1628234638711745921,452702.4998812907,8306598.792826824
1628234638849821894,452702.39552556945,8306594.963617188
1628234638915602329,452702.8880303012,8306612.992780894
1628234639041824829,452801.5659202908,8310226.010829746
1628234639113770617,452801.48319266085,8310222.979366765
1628234639251842700,452899.5342023531,8313812.4998034695
1628234639311840544,452899.36428186356,8313806.2773128
1628234639443831848,452995.3087930471,8317318.158814656
1628234639515852143,452995.3451800962,8317319.488408074
1628234639653798779,452995.3424610526,8317319.382035358
1628234639713782868,453085.8259971662,8320630.875469696
1628234639845903494,453085.66926125746,8320625.131599173
1628234639905900431,453085.59526758955,8320622.419215317
1628234640055856057,453176.582049407,8323951.896862301
1628234640115834929,453176.43822509906,8323946.631638444
1628234640247781224,453265.8373027382,8327217.561556341
1628234640313907397,453265.901347374,8327219.901658287
1628234640445959879,453353.7542778337,8330433.825776968
1628234640517842031,453353.6103918689,8330428.560528904
1628234640655707159,453353.3125184388,8330417.657740601
1628234640715940197,453451.96620467666,8334026.217886829
1628234640848167673,453451.77302304836,8334019.144349261
1628234640925771954,453452.0945297378,8334030.898108412
1628234641045899988,453536.2524570068,8337108.791971305
1628234641118011717,453536.0736844072,8337102.250266605
1628234641249927726,453620.0912573826,8340174.619756775
1628234641309936105,453620.23672661197,8340179.938224762
1628234641447992507,453703.18870810606,8343212.9577866085
1628234641507925826,453702.75819944567,8343197.215083297
1628234641651883605,453702.1533053989,8343175.090199316
1628234641718006206,453786.703548828,8346266.141036904
1628234641849813658,453785.9763413886,8346239.548571682
1628234641910626493,453785.9808874283,8346239.70812147
1628234642053907759,453865.1241743208,8349132.757918268
1628234642120085230,453865.0122139145,8349128.662668976
1628234642252053511,453944.07339026814,8352018.367805167
1628234642312050400,453944.15638624475,8352021.399356726
1628234642462074231,454021.7208149974,8354856.063755363
1628234642522040864,454021.5928084918,8354851.383451825
1628234642642072470,454021.1578475399,8354835.481057785
1628234642774072994,454100.26177097927,8357726.04895921
1628234642851998153,454099.946068086,8357714.507732849
1628234642912026746,454100.1441824272,8357721.740936863
1628234643056122457,454174.505381935,8360438.717473626
1628234643260012886,454247.08579345857,8363090.334222545
1628234643326060606,454246.9257123101,8363084.48380921
1628234643446068042,454317.2702392844,8365654.146461547
1628234643578028515,454317.13781609485,8365649.30656472
1628234643656136309,454317.0199783252,8365644.998523786
1628234643788071951,454388.3078780177,8368248.864310174
1628234643848106652,454388.2351622297,8368246.20501987
1628234643980039091,454454.690242899,8370673.2858444
1628234644058354216,454454.46311459085,8370664.988850737
1628234644184049847,454454.56377554557,8370668.658669366
1628234644250359907,454520.4019033609,8373072.980091513
1628234644382070767,454520.68309450435,8373083.244974899
1628234644460200142,454585.95685748325,8375466.721586636
1628234644592257100,454585.3990894538,8375446.351335154
1628234644657965600,454585.06415167055,8375434.118546816
1628234644778155394,454663.49582889717,8378297.76346256
1628234644850160175,454663.25555935944,8378288.987747769
1628234645000128164,454727.23055800423,8380624.552349757
1628234645054218650,454727.72596694966,8380642.635663589
1628234645186151343,454729.4380284966,8380705.129470967
1628234645252200384,454791.9665202132,8382987.671307585
1628234645390451285,454791.4115909838,8382967.407317856
1628234645450418460,454855.4001767774,8385303.032816283
1628234645582414277,454855.3099049539,8385299.735257651
1628234645654205890,454855.197767148,8385295.639903301
1628234645786184250,454919.2300657218,8387632.652085261
1628234645852461145,454919.010131933,8387624.620922822
1628234645984462613,454982.4220186089,8389938.766699644
1628234646062340616,454982.43226622045,8389939.13900439
1628234646194147993,454983.1757372505,8389966.264151026
1628234646254500890,455046.83257202414,8392289.136348048
1628234646386501572,455046.91872329835,8392292.274356693
1628234646464706506,455111.4897583915,8394648.285684003
1628234646596271713,455110.4752716974,8394611.267706525
1628234646656285242,455109.93451368326,8394591.535422685
1628234646776288038,455191.9874668906,8397585.101232355
1628234646854563963,455191.4569065221,8397565.741213873
1628234646986313577,455258.2739994123,8400003.190444747
1628234647046285017,455258.79604306776,8400022.231369603
1628234647184269235,455260.6814868514,8400091.002087485
1628234647256566107,455328.0798227225,8402549.411311395
1628234647406179007,455328.5262000669,8402565.68654105
1628234647526322086,455398.08963356784,8405102.816961939
1628234647580353142,455397.9584235791,8405098.030118715
1628234647718567883,455480.76616917585,8408117.83915365
1628234647790558723,455480.55624813034,8408110.180187333
1628234647928281906,455481.77000459674,8408154.431969186
1628234647988342724,455552.66032733815,8410739.387673829
1628234648120378604,455552.5131223925,8410734.015748885
1628234648192329394,455554.1250830957,8410792.787760323
1628234648324632199,455628.1244024993,8413490.82469816
1628234648384638730,455628.0485765015,8413488.058950141
1628234648528410531,455705.4992944759,8416311.623528266
1628234648594395082,455705.3666425307,8416306.783458183
1628234648720672096,455782.91874401394,8419133.704342214
1628234648780636754,455782.8662975953,8419131.78958446
1628234648930391578,455784.8000149123,8419202.263215953
1628234648996623827,455864.78264865675,8422117.481457504
1628234649128809521,455864.9432951701,8422123.33210799
1628234649194662123,455950.11223934975,8425227.21359654
1628234649326648173,455950.07879263675,8425225.990272056
1628234649386683451,455949.9504342276,8425221.309736874
1628234649524671414,456037.771971763,8428421.468101645
1628234649584688000,456037.661081961,8428417.425812952
1628234649728713568,456132.82279084227,8431884.542292641
1628234649788699657,456132.6739531265,8431879.11710259
1628234649926873855,456135.19106926693,8431970.813414622
1628234649992377901,456225.8204166598,8435272.41657127
1628234650130725219,456225.445280898,8435258.747190207
1628234650196391828,456228.38894730643,8435365.974685622
1628234650328561190,456322.96170783415,8438810.768590352
1628234650388539462,456322.82595935964,8438805.822070284
1628234650532400391,456424.6762009062,8442515.18365762
1628234650592808267,456424.5024278634,8442508.854224809
1628234650730847106,456532.8126839514,8446452.946675317
1628234650790565250,456532.62575930665,8446446.138527129
1628234650922552782,456536.12443008967,8446573.525336655
1628234651000765722,456639.66392019176,8450343.275794525
1628234651120832820,456639.73851079354,8450345.988420455
1628234651186482319,456643.8994467092,8450497.47009261
1628234651330890221,456752.34994282876,8454445.41349551
1628234651390787142,456752.3309985204,8454444.722037943
1628234651522850829,456868.82450329466,8458684.790413978
1628234651660906911,456873.26888150035,8458846.538434336
1628234651732893008,456989.5006436734,8463076.353861988
1628234651804590010,456989.3866824662,8463072.205099514
1628234651924613316,456993.95465248876,8463238.421493465
1628234652062983604,457111.5084277536,8467515.641184662
1628234652122659375,457111.704357811,8467522.768563911
1628234652254923693,457240.4154054428,8472205.145445475
1628234652332656900,457240.3408762446,8472202.432776196
1628234652464857101,457373.47143284883,8477044.71267119
1628234652524920041,457373.4699782329,8477044.65948123
1628234652657047835,457373.3427977694,8477040.031972129
1628234652728698984,457503.73481782107,8481781.851752464
1628234652872692770,457503.4102027371,8481770.043589292
1628234652932581284,457509.26426474255,8481982.90961981
1628234653064966034,457641.03301607934,8486773.892621262
1628234653124985527,457640.95111797645,8486770.913975557
1628234653274984804,457784.7243547464,8491997.38086019
1628234653328984983,457784.6248710371,8491993.7639212
1628234653448977101,457932.30973080377,8497361.363125602
1628234653527344590,457931.71844843205,8497339.874179931
1628234653670712270,457938.0180552319,8497568.805923274
1628234653730753113,458092.11737535486,8503168.336093491
1628234653868986349,458091.40301114117,8503142.379049724
1628234653934655640,458098.2748956505,8503392.0560288
1628234654066770179,458243.581287629,8508670.97311037
1628234654132794440,458243.2987313587,8508660.707274497
1628234654259023730,458406.3420723283,8514582.775500843
1628234654319026741,458406.9381711038,8514604.424261434
1628234654463145944,458574.36735605827,8520684.440294124
1628234654529070530,458574.26481996075,8520680.716905033
1628234654667186961,458582.10219617165,8520965.290222198
1628234654733039523,458758.1357417367,8527356.235642573
1628234654876733819,458758.1446078974,8527356.554789515
1628234654930628071,458766.5056195853,8527660.06551369
1628234655063082339,458928.96723423194,8533556.887507072
1628234655134846699,458928.87197385397,8533553.430045642
1628234655273096137,459108.073842388,8540056.396386722
1628234655333102612,459108.0870463905,8540056.87511385
1628234655465120402,459291.55791092454,8546713.168374894
1628234655530771226,459291.53738956706,8546712.423684439
1628234655680759455,459300.12142481003,8547023.81062364
1628234655735128098,459479.78488025506,8553540.34387616
1628234655867161694,459479.5590177436,8553532.152247502
1628234655932892632,459488.5837179454,8553859.445068829
1628234656077118382,459662.6511102669,8560171.481018
1628234656269162250,459857.9157146641,8567250.476567771
1628234656389189945,459857.8203211835,8567247.019032557
1628234656467283668,460054.48390580155,8574374.930592835
1628234656599173071,460053.7294499663,8574347.589343753
1628234656659187885,460062.89014002593,8574679.56745958
1628234656797200681,460273.47423643,8582309.923398204
1628234656869202715,460273.1306642055,8582297.476153094
1628234657000970629,460467.20728665043,8589327.89777368
1628234657067217129,460467.32476361253,8589332.153261065
1628234657192987705,460477.3259993298,8589694.401640087
1628234657271270971,460674.1258484593,8596821.615136005
1628234657403248627,460674.14636609395,8596822.359851034
1628234657469229301,460881.4167904309,8604326.857119072
1628234657594928261,460881.1758101138,8604318.133289786
1628234657673014526,460890.85468992905,8604668.52273998
1628234657805232504,461106.62942838355,8612478.764088964
1628234657870893671,461106.44862172497,8612472.221184835
1628234657991254418,461306.5365851618,8619712.785730474
1628234658063279200,461306.3954248707,8619707.679051256
1628234658213248321,461519.75418492407,8627426.496934384
1628234658273269153,461519.82476758846,8627429.050286405
1628234658393312885,461519.70267616154,8627424.635116374
1628234658477063653,461735.3602836802,8635224.558353571
1628234658603341882,461735.5220687186,8635230.409813123
1628234658663300972,461745.45115142094,8635589.476652808
1628234658795307572,461954.89701433433,8643162.666495629
1628234658867383785,461955.0985447403,8643169.954257831
1628234659011092342,462152.7038101752,8650313.251895642
1628234659065558524,462152.83622637496,8650318.039497323
1628234659197399744,462355.32429771806,8657636.062522514
1628234659281112687,462355.0798787345,8657627.232022228
1628234659407434855,462354.68524804176,8657612.975552727
1628234659467458979,462574.9874259775,8665572.78715814
1628234659599379998,462575.12283437606,8665577.68119579
1628234659683047485,462584.8559857646,8665929.307079753
1628234659809446422,462794.520689036,8673502.739797262
1628234660799608999,463653.33532145305,8704504.966618419
1628234660937392150,463662.83920826705,8704847.876108585
1628234661009112543,463860.4722733607,8711977.706238138
1628234661135517087,463860.71396173356,8711986.43062866
1628234661201554626,464057.7697081762,8719093.840362351
1628234661339177341,464057.7637405672,8719093.627573458
1628234661405518951,464057.793182859,8719094.691528896
1628234661531555422,464272.34275974694,8726831.248424094
1628234661603581523,464272.7824215353,8726847.10140564
1628234661735603785,464474.6937994385,8734126.188037183
1628234661807525743,464475.07150261145,8734139.80676399
1628234661939522116,464483.7402168688,8734452.292675251
1628234661993685973,464665.5539294398,8741005.359191174
1628234662137636271,464664.87774025154,8740980.994352793
1628234662215590099,464867.7210915555,8748290.461713193
1628234662341175664,464867.91297391633,8748297.377527693
1628234662401225869,464868.11078865593,8748304.506135726
1628234662539634740,465064.5857524877,8755382.907723874
1628234662617613304,465064.60337490303,8755383.546111858
1628234662737623973,465250.4542479374,8762077.77237933
1628234662797630381,465250.4542322215,8762077.772379765
1628234662941632574,465257.83672863373,8762343.660830496
1628234663013259117,465426.5787167889,8768420.37681794
1628234663139652085,465426.47511018266,8768416.652882686
1628234663199652482,465585.3037817592,8774135.357610561
1628234663355641918,465585.29773390904,8774135.144817108
1628234663409285956,465585.2976661809,8774135.144818988
1628234663541684349,465752.1054988516,8780140.080563718
1628234663601666356,465751.8926356029,8780132.419838455
1628234663739665193,465913.84124477766,8785961.390607676
1628234663811678143,465913.530759106,8785950.218681684
1628234663937329874,465919.9992387111,8786183.020394294
1628234664009651752,466076.22656349564,8791805.062841596
1628234664141703396,466075.66447317967,8791784.846916478
1628234664201725958,466213.0830013355,8796729.244990561
1628234664339452848,466213.00897293206,8796726.584995003
1628234664405715091,466212.99706418754,8796726.159397498
1628234664549615053,466365.30497057876,8802205.444449823
1628234664615693765,466365.3965836346,8802208.742859432
1628234664741763655,466515.59670640336,8807611.329098683
1628234664807763511,466515.69132634514,8807614.733917367
1628234664945775027,466522.30306099844,8807852.53915132
1628234665065786167,466657.3999803317,8812711.114024064
1628234665143840099,466657.5211272456,8812715.476462638
1628234665275734694,466784.09776300285,8817266.990232252
1628234665347760500,466784.12729133427,8817268.05424487
1628234665467830677,466921.9467877193,8822223.159229293
1628234665545807237,466922.07104095945,8822227.62808791
1628234665665868105,466928.3364684966,8822452.879787868
1628234665743782915,467057.0602133228,8827080.28116346
1628234665875822780,467056.59830961464,8827063.682512762
1628234665941481207,467062.36145677156,8827270.846501503
1628234666079878390,467197.44175452087,8832126.065982187
1628234666139937202,467197.25216013513,8832119.256263314
1628234666271914540,467310.6664115443,8836195.198564531
1628234666343518527,467310.5094169335,8836189.559253303
1628234666487894056,467433.1553052397,8840596.740716219
1628234666541895548,467433.155275195,8840596.740717055
1628234666685550065,467438.46756857634,8840787.626595942
1628234666739937580,467553.1928708539,8844909.659479415
1628234666884046408,467553.14237297623,8844907.85063918
1628234666943931346,467558.41393859405,8845097.24730297
1628234667081938129,467675.38951383426,8849299.62347594
1628234667142008082,467675.35087456205,8849298.24024257
1628234667291983892,467772.869863433,8852801.238111086
1628234667345669552,467772.94387612806,8852803.898188407
1628234667477961762,467879.28041344346,8856623.23916677
1628234667543984649,467879.11445792555,8856617.28058612
1628234667675968870,467884.1655576115,8856798.698140696
1628234667747648582,467982.5560007035,8860332.247187197
1628234667874046269,467982.7603327147,8860339.589028392
1628234667946026731,467987.91276230227,8860524.62464228
1628234668084029860,468084.6602009209,8863998.80712984
1628234668144035914,468084.8112006731,8864004.233719416
1628234668276046284,468166.18181294005,8866925.973679876
1628234668341894094,468166.07211453887,8866922.03674044
1628234668486031663,468257.49050660565,8870204.277662179
1628234668546012615,468257.1822288351,8870193.211649422
1628234668671973819,468261.39654589107,8870344.518120592
1628234668750040460,468345.45835367416,8873362.35035653
1628234668894044756,468345.4285806839,8873361.286318723
1628234668948052378,468441.2299085353,8876800.271439556
1628234669080059863,468441.38088742184,8876805.698066184
1628234669140061907,468441.37484833,8876805.48526059
1628234669290115165,468508.3969535335,8879211.182302479
1628234669350146786,468507.89587668405,8879193.199950572
1628234669470101988,468584.2288110463,8881932.903889664
1628234669608136680,468584.2168426748,8881932.478274288
1628234669673729131,468588.56009217113,8882088.361031402
1628234669818017740,468658.9366577954,8884614.088960713
1628234669878133899,468658.8328285512,8884610.364796078
1628234670010143889,468739.7491225625,8887514.15248467
1628234670087745505,468739.565138883,8887507.55538473
1628234670214133804,468798.17678787163,8889610.755760295
1628234670280143871,468798.2686969707,8889614.054316154
1628234670406029244,468798.43170719076,8889619.906594202
1628234670490153262,468866.0740671134,8892047.006385276
1628234670616128935,468865.8989685362,8892040.728485642
1628234670681695076,468869.84904069954,8892182.460138856
1628234670814199275,468930.58001984376,8894361.425915679
1628234670886150296,468930.5799265742,8894361.42591828
1628234671084188330,469003.7058575077,8896984.955756223
1628234671216234250,469054.1019303408,8898792.890695103
1628234671294199545,469054.12263037084,8898793.63553531
1628234671431873171,469058.06446746545,8898935.048445225
1628234671486248084,469112.17723528866,8900876.204918677
1628234671612190365,469112.0851631437,8900872.906348273
1628234671696209275,469115.7543670422,8901004.530085187
1628234671828202097,469169.5616132107,8902934.62233542
1628234671882356318,469169.6416463736,8902937.495291281
1628234672008240641,469228.9926130926,8905066.35545074
1628234672086273728,469229.11112888134,8905070.611687722
1628234672218280727,469273.88450081134,8906676.488960793
1628234672278279362,469273.9556639691,8906679.04270358
1628234672410275556,469277.77079861914,8906815.8807043
1628234672488268419,469324.0595932669,8908476.026396753
1628234672620303834,469323.67379803397,8908462.193619883
1628234672692249951,469327.01744467637,8908582.113183115
1628234672812262364,469372.28482747613,8910205.55020268
1628234672890283268,469372.17497160466,8910201.613179574
1628234673022307088,469433.21510643215,8912390.600347511
1628234673082303401,469433.137856663,8912387.83378917
1628234673214298657,469477.34158159536,8913972.967549464
1628234673292299740,469474.73019656155,8913879.330027498
1628234673429965481,469473.90800318634,8913849.855495844
1628234673484331209,469510.09588410304,8915147.480410377
1628234673616076200,469509.9177324096,8915141.096032815
1628234673676021887,469513.17297188507,8915257.823794026
1628234673814332032,469554.8637465995,8916752.727103569
1628234673952393207,469600.3400156802,8918383.299786385
1628234674012446143,469600.40522499516,8918385.640731798
1628234674084440889,469600.4941497754,8918388.832930014
1628234674216414043,469634.745136274,8919616.870802423
1628234674354405985,469634.54913575435,8919609.84797223
1628234674414698532,469637.6415362308,8919720.723623665
1628234674546511881,469674.5025771837,8921042.293721829
1628234674618477548,469674.4668995635,8921041.016843842
1628234674756506198,469713.8075576445,8922451.437388116
1628234674810463703,469713.807525213,8922451.437389022
1628234674954504516,469757.19854972267,8924006.997745385
1628234675014432164,469757.2786065217,8924009.870731205
1628234675152421398,469757.3763375201,8924013.382161565
1628234675218527115,469786.85969735816,8925070.321130415
1628234675356402883,469786.83585889346,8925069.469878197
1628234675410515700,469789.64079540456,8925170.024355596
1628234675548539497,469822.960081039,8926364.441644298
1628234675608548335,469823.1114294818,8926369.868398068
1628234675758902192,469857.28967840504,8927595.03798962
1628234675818545697,469857.2569746507,8927593.867514273
1628234675950670712,469890.56386923935,8928787.754145805
1628234676010575384,469890.4866072143,8928784.98756501
1628234676154489128,469890.4151219537,8928782.43380277
1628234676226543266,469915.4819653003,8929680.935029874
1628234676358574186,469915.4432721783,8929679.551740592
1628234676412629138,469918.36138356524,8929784.14990868
1628234676550727692,469945.2634900781,8930748.411178276
1628234676622579545,469945.11202642944,8930742.984415865
1628234676754571022,469973.76342358295,8931769.919961352
1628234676820514714,469973.22305087035,8931750.553854225
1628234676952631218,470034.3220785001,8933940.414971404
1628234677024586304,470033.7341159739,8933919.346329005
1628234677156661878,470033.0510263017,8933894.872656643
1628234677216644310,470058.5042962826,8934807.102620747
1628234677360462282,470058.1211890306,8934793.376076207
1628234677420520996,470060.5854413779,8934881.694174657
1628234677552664771,470086.81134422723,8935821.590489516
1628234677756717253,470113.0436911059,8936761.700043008
1628234677816685266,470112.9664529145,8936758.933450585
1628234677960662846,470151.02593128214,8938122.864503823
1628234678086691669,470151.1029516441,8938125.631104195
1628234678158718527,470151.278019409,8938131.90915078
1628234678284793320,470169.3048512999,8938777.909254652
1628234678356678703,470169.13259493833,8938771.737618012
1628234678488691359,470191.9582082049,8939589.692571566
1628234678560667632,470192.08584014786,8939594.26809923
1628234678687125499,470194.68990655255,8939687.587557307
1628234678758757476,470212.1711577279,8940314.009132791
1628234678890731183,470212.3611281856,8940320.819222732
1628234678956710655,470229.17468223337,8940923.299259586
1628234679082733264,470229.62888949056,8940939.579634136
1628234679280775174,470241.67925460567,8941371.381937131
1628234679358739422,470241.81578552746,8941376.276692115
1628234679478819814,470257.4922195807,8941938.00288505
1628234679562773732,470257.45062422164,8941936.513177782
1628234679688667806,470259.4282863498,8942007.38071225
1628234679760795324,470271.2652863355,8942431.521873556
1628234679880801845,470271.36618873454,8942435.139738156
1628234679952787210,470286.125317449,8942963.986218428
1628234680090843164,470286.217222071,8942967.284863187
1628234680282853267,470291.72879593354,8943164.77767129
1628234680354690408,470289.11533448484,8943071.138843475
1628234680492831020,470275.2709082309,8942575.06591625
1628234680552825538,470269.40876601817,8942365.017058117
1628234680696696601,470258.78627488215,8941984.396663703
1628234680756813846,470284.5483525731,8942907.483702932
1628234680894831295,470284.22157619515,8942895.778853318
1628234681086860914,470296.54027957784,8943337.158242516
1628234681152778859,470296.451105649,8943333.966011602
1628234681296851113,470293.1845275943,8943216.917460814
1628234681356831518,470293.33891626145,8943222.450665757
1628234681494998125,470289.80208147946,8943095.71901545
1628234681554888734,470289.78422171663,8943095.08057004
1628234681764942177,470281.3533375779,8942792.988954522
1628234681890976912,470274.82883988577,8942559.21115225
1628234681957007986,470262.8019206452,8942128.259866793
1628234682089166935,470262.0238086748,8942100.381048119
1628234682286911991,470252.1232215169,8941745.617764622
1628234682359008918,470252.2805589424,8941751.25737383
1628234682491115569,470238.626603922,8941261.994848397
1628234682563027851,470238.4870063669,8941256.993688725
1628234682694878914,470240.0964126717,8941314.666648902
1628234682820935206,470224.39067455474,8940751.87654129
1628234682892933693,470224.4945632442,8940755.60081007
1628234683031156086,470209.1096492804,8940204.302876862
1628234683090958053,470209.19867599313,8940207.495106958
1628234683229042344,470187.31707022,8939423.37752039
1628234683301174352,470187.0943207239,8939415.396953346
1628234683426813267,470188.38888898114,8939461.790659932
1628234683498956259,470166.7155880625,8938685.121877437
1628234683625077282,470166.875845157,8938690.86788705
1628234683702959301,470168.660360114,8938754.818821533
1628234683835210432,470144.55561032385,8937891.002555098
1628234683895217154,470144.614949423,8937893.130706398
1628234684027104345,470118.06068140944,8936941.528656134
1628234684104982317,470118.2268824637,8936947.487475539
1628234684237001884,470090.854232816,8935966.517396782
1628234684297016160,470091.5281954664,8935990.671878215
1628234684422957234,470093.8648294134,8936074.414509008
1628234684507043744,470061.1664685195,8934902.550040247
1628234684639036918,470061.21689923044,8934904.358966384
1628234684699031666,470062.4608948933,8934948.943647146
1628234684825291609,470027.1299918524,8933682.696540968
1628234684902945072,470026.9221252154,8933675.24803199
1628234685035111722,469995.3298343305,8932542.968401527
1628234685089154138,469995.2496317577,8932540.095407538
1628234685221081389,469954.820698896,8931091.042251196
1628234685299307864,469954.5831599804,8931082.529679835
1628234685431176363,469955.5152720574,8931115.941529002
1628234685491204148,469914.1587562251,8929633.58393837
1628234685629089248,469914.4763341649,8929644.969497992
1628234685707315642,469871.2987640363,8928097.279047878
1628234685833196066,469871.50651944365,8928104.727539277
1628234685893228486,469871.68164379726,8928111.005553024
1628234686031110951,469824.3120500736,8926412.963243216
1628234686109220071,469824.4960233763,8926419.56047398
1628234686241348078,469774.7297664646,8924635.54283498
1628234686301334038,469774.8009956381,8924638.096599074
1628234686427014490,469775.9912120303,8924680.765738593
1628234686511353535,469724.8768220664,8922848.33452168
1628234686649160718,469725.02516511973,8922853.654860204
1628234686697032813,469726.09364958125,8922891.961286416
1628234686823393839,469671.99004835705,8920952.273749316
1628234686907285166,469672.12057346274,8920956.955643225
1628234687045162802,469616.2238424964,8918952.89396959
1628234687093198643,469616.35141922534,8918957.469451716
1628234687225426606,469556.56762619206,8916813.910867503
1628234687303207405,469556.4518515667,8916809.761017926
1628234687435203730,469557.15508729935,8916834.979343573
1628234687555219099,469496.7486971861,8914668.971221827
1628234687627376306,469496.543910979,8914661.629186945
1628234687705468385,469436.05502648366,8912492.537564049
1628234687843213768,469436.1084027436,8912494.452876678
1628234687969247509,469373.40338526294,8910245.77178712
1628234688029226128,469373.42411750724,8910246.516630776
1628234688173413329,469374.4506202971,8910283.333140533
1628234688239327068,469308.3497496316,8907912.713213006
1628234688365332210,469308.3200371585,8907911.64915455
1628234688425718821,469309.1418294613,8907941.123608679
1628234688569525399,469244.7450582492,8905631.476936689
1628234688641403483,469244.9111708357,8905637.435664872
1628234688767578330,469179.67894831375,8903297.67876743
1628234688827319423,469179.6403628126,8903296.295493552
1628234688971286837,469118.3882015239,8901099.124763234
1628234689037671578,469118.3229136638,8901096.783840539
1628234689169583973,469119.5864758163,8901142.112634901
1628234689229325335,469053.4043119085,8898767.991908627
1628234689379548405,469053.1223013709,8898757.88339328
1628234689439432499,469053.72729237395,8898779.590116413
1628234689559557310,468983.57196233264,8896262.782553734
1628234689637340218,468986.18181774806,8896356.41927803
1628234689769385899,468910.60637113976,8893644.999566006
1628234689841330557,468908.8976073754,8893583.710172432
1628234689961747883,468829.9353586709,8890750.56676423
1628234690033591824,468825.0742521443,8890576.168878974
1628234690165481792,468818.00295955845,8890322.499272205
1628234690231633658,468736.6642137868,8887403.810883628
1628234690363380810,468724.7984171548,8886978.085000882
1628234690423504566,468720.1301647357,8886810.603768412
1628234690573631281,468617.66881451063,8883133.574234976
1628234690645411322,468608.5743978938,8882807.231175039
1628234690765392548,468497.5074268023,8878820.997700188
1628234690831507067,468488.2065126723,8878487.207034582
1628234690963593685,468383.4461552823,8874726.77181885
1628234691036412262,468368.4816090494,8874189.64341923
1628234691168349073,468351.52051219076,8873580.90521687
1628234691234395976,468263.597729458,8870424.428203572
1628234691372373584,468227.741817832,8869137.259616181
1628234691444264743,468208.3693859361,8868441.803745262
1628234691570369348,468117.92997653026,8865194.572575748
1628234691630373597,468109.13571123953,8864878.87284265
1628234691768414083,468015.7534415472,8861525.563152257
1628234691900323787,467994.2408727618,8860753.180301782
1628234691966292642,467927.3956616023,8858352.506510122
1628234692038464813,467914.549673255,8857891.248137591
1628234692170418375,467896.14405456535,8857230.37735432
1628234692296807887,467820.25260291586,8854504.646330899
1628234692368532747,467809.2507098395,8854109.571595892
1628234692512471054,467745.4698684918,8851818.607468778
1628234692578521179,467734.749965932,8851433.641564827
1628234692704351137,467676.9716350785,8849358.039868165
1628234692770604455,467662.4169730137,8848835.28277642
1628234692914362007,467638.26609982224,8847967.887269152
1628234692974478203,467589.157231003,8846203.623549122
1628234693106377037,467580.1517883823,8845880.265953436
1628234693172640096,467574.0982582306,8845662.88539655
1628234693316517467,467526.05863548507,8843936.822205618
1628234693382388691,467521.3894898068,8843769.131828092
1628234693502585460,467464.6701948228,8841731.098331144
1628234693574532357,467462.8176303206,8841664.596855933
1628234693706673279,467399.14439432166,8839376.626573198
1628234693772655923,467395.50393850374,8839245.858172782
1628234693904658123,467390.2868356065,8839058.483798323
1628234693964598447,467351.0018194482,8837646.738635903
1628234694108439445,467345.39391946944,8837445.319330636
1628234694168490215,467343.9537923861,8837393.607890802
1628234694300501946,467321.18469596846,8836575.055672226
1628234694366713480,467316.5325876049,8836407.897907944
1628234694522606112,467290.111820346,8835458.471819544
1628234694576759680,467288.26664805337,8835392.183332473
1628234694708734421,467229.66075550026,8833285.848577939
1628234694768739199,467227.4134287891,8833205.08948722
1628234694918614913,467218.394440219,8832880.989142254
1628234694978634588,467182.45501525584,8831589.269839812
1628234695110522669,467177.9275200549,8831426.581397504
1628234695170511259,467172.0651379541,8831215.905722534
1628234695308628942,467092.3081377428,8828349.122469516
1628234695381672655,467081.0204288691,8827943.412841335
1628234695507774621,467027.0103872832,8826001.902325543
1628234695579909255,467014.7853323645,8825562.463898432
1628234695717763764,466970.7094014342,8823978.039133638
1628234695777993613,466964.6005806769,8823758.426530043
1628234695903822808,466962.7355996243,8823691.393628782
1628234695969722589,466905.14020848845,8821620.822669974
1628234696113816561,466899.9008800974,8821432.492353411
1628234696179756972,466894.47020038206,8821237.245942947
1628234696305860925,466797.8978508077,8817765.055222707
1628234696431784259,466716.02785022976,8814821.257920887
1628234696521980557,466742.847624525,8815785.67638153
1628234696647771826,466776.17970949743,8816984.177630764
1628234696713867217,466683.6063161733,8813655.31662299
1628234696833761783,466684.68564465543,8813694.152964
1628234696917779861,466675.03064413875,8813346.966914557
1628234697055883890,466600.7829097229,8810676.945514867
1628234697115877732,466582.8154570415,8810030.77407909
1628234697241745335,466531.6422716252,8808190.149474269
1628234697325775013,466500.72499044525,8807078.157376358
1628234697445813772,466482.4528338193,8806420.921493627
1628234697505792489,466504.7271217863,8807221.797839958
1628234697643902888,466508.93780681974,8807373.205759458
1628234697716034244,466479.13810201373,8806301.327075686
1628234697853895699,466497.93510514515,8806977.289287645
1628234697913891665,466509.99424724304,8807410.97777443
1628234698045824953,466492.51593089657,8806782.363557724
1628234698111837496,466502.3442918208,8807135.82601302
1628234698249970541,466468.71001072443,8805925.946022708
1628234698309950863,466467.0722291823,8805867.000146156
1628234698441839631,466470.21833410586,8805980.103779107
1628234698507856266,466447.4725835413,8805162.097384606
1628234698645981693,466475.7893963407,8806180.562300436
1628234698711898749,466436.177332601,8804755.86071641
1628234698837928137,466462.165040605,8805690.588287609
1628234698927890280,466471.26789059624,8806017.982439062
1628234699049024683,466414.617594692,8803980.308450874
1628234699109046068,466417.47515470546,8804083.091177154
1628234699241053154,466398.9839772262,8803418.195730811
1628234699318970927,466412.6969996685,8803911.467621341
1628234699451088158,466377.4366674456,8802643.282590065
1628234699511035620,466388.0203704621,8803023.98275977
1628234699636973392,466397.99136901303,8803382.65815806
1628234699721013225,466344.77630444424,8801468.517736947
1628234699852973567,466350.5644579113,8801676.742939359
1628234699906978982,466354.980365489,8801835.598459462
1628234700044960059,466322.6483751427,8800672.538065925
1628234700116880404,466322.71010681934,8800674.772479672
1628234700255002770,466291.3903883467,8799548.208127148
1628234700309007949,466297.3943582398,8799764.200317036
1628234700447015065,466309.18621179875,8800188.417570528
1628234700513126343,466263.29555305274,8798537.513994638
1628234700650968757,466274.3689302046,8798935.875739716
1628234700777024883,466243.90439387545,8797839.955579003
1628234700848963245,466250.83115525375,8798089.144362997
1628234700915153555,466264.6582120771,8798586.564430239
1628234701048067808,466229.02395638253,8797304.657347571
1628234701179939961,466232.2744021231,8797421.590900477
1628234701246272913,466200.31541662716,8796271.726777278
1628234701324101638,466199.7092584821,8796249.91479508
1628234701456266927,466190.14846217097,8795905.817463294
1628234701576285084,466202.30444354,8796343.120982787
1628234701642050998,466213.069655758,8796730.416664904
1628234701786144384,466207.71612621227,8796537.619862132
1628234701858189386,466223.3648725797,8797100.581868092
1628234701978139279,466179.3496153489,8795516.925663419
1628234702050123399,466186.3089423127,8795767.284522219
1628234702194175821,466183.53716784786,8795667.48138478
1628234702260494205,466138.19496247976,8794036.052925542
1628234702380140085,466137.23239419796,8794001.36655917
1628234702440146675,466134.1990401646,8793892.200378392
1628234702578351573,466070.47016778274,8791598.861057386
1628234702656085910,466061.8104303129,8791287.216525072
1628234702782238297,465977.8668724776,8788266.427409831
1628234702842190336,465970.080619056,8787986.171255048
1628234702980682020,465888.3826277604,8785045.931764415
1628234703052314727,465861.0818037071,8784063.334850317
1628234703184244631,465809.0785765908,8782191.56097438
1628234703244262655,465771.114122297,8780825.184388017
1628234703382208035,465747.29780976695,8779967.821241817
1628234703460351596,465683.0015669779,8777653.43241827
1628234703586255561,465667.92193479696,8777110.479165107
1628234703653112453,465655.2171333084,8776653.070733216
1628234703785236460,465577.8934119742,8773869.468145944
1628234703857116187,465557.7332858789,8773143.616912289
1628234703983392534,465514.799636367,8771597.85911087
1628234704043382826,465506.7210694748,8771306.965660704
1628234704181260835,465489.8394118215,8770699.111303907
1628234704247286933,465445.14615157736,8769089.83571964
1628234704385426194,465421.88521597715,8768252.268204173
1628234704445420431,465411.04973495577,8767862.105725711
1628234704589175378,465346.0982716441,8765523.26057721
1628234704649185745,465334.9474756404,8765121.7140864
1628234704775369362,465295.72751181794,8763709.599187022
1628234704847196356,465294.8902218976,8763679.48857947
1628234704979441792,465245.66827505187,8761906.898463858
1628234705051206334,465242.00367955584,8761774.965086073
1628234705177814495,465231.37186627137,8761392.145511644
1628234705249357442,465176.8638088885,8759429.105649654
1628234705381242212,465158.49554863904,8758767.630899731
1628234705519439868,465093.2654394505,8756418.264193065
1628234705579418797,465072.89760555077,8755684.652960807
1628234705730372541,465018.0591243727,8753709.277099459
1628234705790401310,464995.94799705106,8752912.786092183
1628234705922371343,464953.6174512432,8751387.89940325
1628234705988393550,464929.2462015154,8750509.909111505
1628234706132442166,464901.2285050474,8749500.625191202
1628234706186341600,464892.69245444867,8749193.13738095
1628234706324434015,464850.49899449944,8747673.041723333
1628234706384410091,464842.75746539,8747394.17504383
1628234706528378114,464780.2746245206,8745143.134003399
1628234706594458692,464764.7203269449,8744582.741513781
1628234706714463854,464722.7384778001,8743070.097560523
1628234706780509417,464702.5494783245,8742342.662795348
1628234706930374011,464658.28725362726,8740747.776133878
1628234706984605630,464632.7398055621,8739827.23248447
1628234707116465888,464620.18023294647,8739374.727833707
1628234707182827644,464614.82010061934,8739181.618085686
1628234707332567720,464560.71729359875,8737231.902001278
1628234707386507895,464556.0875238036,8737065.07238443
1628234707524665487,464509.86799853796,8735399.223941065
1628234707584568270,464503.23126656335,8735160.044983191
1628234707722410011,464422.6479476938,8732255.533837987
1628234707788513122,464414.0018367887,8731943.899525875
1628234707914650460,464392.4453037972,8731166.88868561
1628234707992483229,464335.90991689725,8729128.979088822
1628234708136569580,464321.8717466821,8728622.95994559
1628234708190567237,464314.38395878614,8728353.03346227
1628234708322568052,464229.6499632104,8725297.98324099
1628234708388661520,464220.16340610397,8724955.920927424
1628234708526871180,464126.55511688505,8721580.306638189
1628234708592594691,464112.8309376168,8721085.354679072
1628234708718599343,464025.58557946136,8717939.136309063
1628234708790601642,463999.83299471537,8717010.305473808
1628234708916932020,463957.84071444167,8715495.663230859
1628234708988669296,463906.5474676107,8713645.771697689
1628234709120627760,463876.1389858631,8712548.839025639
1628234709252637456,463818.43099942716,8710467.43542409
1628234709330764240,463803.54115153773,8709930.247838276
1628234709390787489,463791.3644312393,8709490.943640541
1628234709516986231,463728.15631438565,8707211.117785431
1628234709654634288,463686.37515691435,8705703.718913767
1628234709732816069,463644.2776968172,8704185.15016562
1628234709792793067,463627.80627639336,8703590.830728613
1628234709924544379,463594.46922092856,8702387.935619293
1628234710056573022,463525.62393910915,8699903.841892788
1628234710134700902,463504.86841399386,8699154.826780811
1628234710254830497,463433.1501937075,8696567.003676618
1628234710332654680,463407.5703561555,8695643.823118765
1628234710452764550,463363.8829085104,8694067.065478357
1628234710536728645,463344.85878751375,8693380.399657775
1628234710656812042,463317.52254556655,8692393.703709414
1628234710722851218,463265.93140131317,8690531.388412641
1628234710854848386,463218.33317160443,8688813.131983003
1628234710926917385,463193.2326976361,8687906.978485256
1628234711058747148,463140.50243179046,8686003.281025006
1628234711124895720,463129.3849088644,8685601.858893158
1628234711250660251,463089.20251259755,8684151.07997778
1628234711334823283,463073.6452418089,8683589.32369572
1628234711454806687,463029.057610041,8681979.16942552
1628234711526788062,463012.85080225306,8681393.900970029
1628234711652782832,462990.9833427651,8680604.145250777
1628234711730817103,462980.30246819195,8680218.470583636
1628234711856839519,462963.6720168859,8679617.77567651
1628234711916872645,462964.97070997924,8679664.588517198
1628234712048815966,462931.1419138239,8678443.091377942
1628234712138997535,462927.8416625267,8678323.824884003
1628234712270842941,462932.97627488244,8678509.161232427
1628234712318896038,462937.56783331145,8678674.921333367
1628234712450863932,462931.8885220632,8678469.795796834
1628234712540975071,462934.50683346717,8678564.27263048
1628234712667274172,462925.6536664146,8678244.455521759
1628234712732880642,462917.358111602,8677945.066127276
1628234712852866744,462900.6409731688,8677341.286695216
1628234712924771608,462894.5029237419,8677119.564023776
1628234713063026176,462908.7713736929,8677634.930933967
1628234713122990820,462912.6587728528,8677775.26305626
1628234713261096294,462908.7682636376,8677634.931020087
1628234713332932392,462915.88767204055,8677891.976099592
1628234713464928062,462883.3004266098,8676715.058657821
1628234713524935589,462884.5893985682,8676761.552261757
1628234713656952487,462864.9126369839,8676050.848526716
1628234713734955718,462822.7045569944,8674526.347505419
1628234713860976416,462818.2727051237,8674366.12006071
1628234713926959038,462822.94093334663,8674534.6459491
1628234714053076726,462780.8286117073,8673013.763809282
1628234714143005173,462777.57947538723,8672896.306355383
1628234714263032781,462720.1530202375,8670822.397969872
1628234714388975712,462713.66508639953,8670587.908995384
1628234714455136589,462672.28691551863,8669093.628668861
1628234714539002639,462685.1281277214,8669557.392729675
1628234714670874713,462684.97882610076,8669551.860221429
1628234714797031828,462592.39375326136,8666208.059359953
1628234714857035757,462578.9090682403,8665720.889869625
1628234715001173748,462527.9966612807,8663882.010240354
1628234715055348782,462523.1998099317,8663708.697707225
1628234715199052534,462507.67897266016,8663147.90570196
1628234715259102047,462473.6989636376,8661920.569078887
1628234715391068375,462461.0468579239,8661463.403309204
1628234715457154919,462421.9225333166,8660050.201593399
1628234715594971661,462417.4995701781,8659890.40122088
1628234715655434855,462419.5754404765,8659965.407390047
1628234715799190015,462345.35486912885,8657283.69966484
1628234715865033106,462334.3376329823,8656885.582483944
1628234715991316345,462271.897618779,8654629.179082777
1628234716063122227,462257.43410772056,8654106.478237666
1628234716195125505,462229.9327761401,8653112.623655772
1628234716261123116,462170.5305384748,8650965.861503696
1628234716393457787,462119.185092234,8649110.13475461
1628234716453333969,462043.8174741166,8646385.887909096
1628234716603131925,461998.7598222693,8644757.310604932
1628234716681026443,461981.4782256952,8644132.690614473
1628234716795161219,461842.716903748,8639115.843311489
1628234716861256404,461834.9681709426,8638835.770661728
1628234716993308954,461634.1410464345,8631573.578542205
1628234717077060739,461631.7085947458,8631485.753774391
1628234717197088572,461633.21634246164,8631540.544783475
1628234717263290274,461368.28231898294,8621957.50039241
1628234717407189218,461332.1906823485,8620652.15763971
1628234717473232109,461215.0586268851,8616413.882379701
1628234717605471708,461180.4609312018,8615162.323582204
1628234717665109491,461169.92565403675,8614781.238827085
1628234717797310468,461020.1968200072,8609362.970893107
1628234717869193641,461000.5961706348,8608653.78557166
1628234717995267318,460893.3740390792,8604773.272240417
1628234718055308309,460878.836653783,8604247.236091139
1628234718199240073,460830.3018715101,8602490.715802995
1628234718265381298,460757.14029376634,8599842.507300643
1628234718403256970,460670.01212414587,8596688.27009799
1628234718457341491,460665.2929244599,8596517.943888774
1628234718601182546,460569.6921176518,8593056.625937717
1628234718679668536,460508.40275852336,8590837.332962658
1628234718799439430,460497.50717818,8590443.48790785
1628234718943312119,460403.1125765094,8587025.163377015
1628234718997374787,460404.1976581521,8587065.165429296
1628234719069467537,460355.49389325606,8585301.323005922
1628234719201462268,460261.11869216093,8581883.115824249
1628234719345503879,460205.4184622396,8579866.239268415
1628234719399920619,460151.2936362478,8577905.536698721
1628234719531361963,460106.25867597456,8576274.794177828
1628234719603254665,460047.3763161808,8574141.48448976
1628234719735372687,460021.73031256575,8573213.213124353
1628234719801431203,459974.8827167114,8571515.877291292
1628234719927298382,459892.77727419743,8568540.849654784
1628234719993514769,459855.2852894196,8567182.51693193
1628234720131502842,459770.163251072,8564097.86730707
1628234720197303344,459737.8533702318,8562926.989329332
1628234720335432833,459658.1725112717,8560039.42681263
1628234720395420849,459631.22970706166,8559063.023924178
1628234720545554486,459527.48899902106,8555302.633342836
1628234720605553134,459495.7082165971,8554150.645247994
1628234720737421513,459388.6175983459,8550268.030489711
1628234720797452023,459370.1807092552,8549599.829593576
1628234720947332175,459352.0842286492,8548944.714845369
1628234721007338172,459271.03075015417,8546005.421659285
1628234721133370717,459259.99189540267,8545606.002739962
1628234721199469015,459245.81827139383,8545092.433338154
1628234721349460852,459096.63661316666,8539681.902761947
1628234721409635407,459072.65395420097,8538812.268722532
1628234721529410436,458977.8556258957,8535373.577321338
1628234721607631536,458948.7573062665,8534318.359861465
1628234721739516434,458850.69251409016,8530761.06148518
1628234721811478858,458829.6489324421,8529997.975301296
1628234721931417059,458798.8874385644,8528882.655403242
1628234722003533638,458695.3767937653,8525126.007330913
1628234722141551444,458641.18302845675,8523160.00155936
1628234722201424507,458613.52399541944,8522156.441096215
1628234722339562253,458459.7559407176,8516575.087656539
1628234722399560068,458422.0152663465,8515205.204517348
1628234722549587237,458290.73021454416,8510438.760678511
1628234722603450663,458258.678411473,8509275.210404802
1628234722741564154,458137.54150913656,8504876.865123615
1628234722861571577,458082.4712142452,8502877.587989978
1628234722945565821,458045.6698275919,8501541.493422145
1628234722999716643,457975.6452213954,8498997.761858126
1628234723143714642,457903.7597976123,8496387.334645677
1628234723263622989,457814.7571050988,8493154.425535493
1628234723341762661,457769.61832437385,8491514.889175646
1628234723407522310,457735.4728181305,8490274.600046983
1628234723533797185,457649.8344927928,8487163.56273917
1628234723665534163,457568.1370236457,8484195.400129773
1628234723755510949,457522.8179679162,8482549.331573643
1628234723875742551,457453.13851177326,8480017.707088698
1628234723929566340,457424.9531189294,8478993.644000314
1628234724067830669,457332.6242148118,8475638.649409074
1628234724145692916,457296.50900639396,8474326.621020235
1628234724265691119,457197.4385548309,8470725.794917092
1628234724337700229,457155.3365086323,8469195.694003621
1628234724469824627,457056.811845016,8465614.241357027
1628234724547759252,457001.94067477493,8463619.590875948
1628234724673727070,456922.60433908494,8460735.514443766
1628234724739701613,456887.5856713618,8459463.125420453
1628234724871610396,456839.88276949956,8457730.280733587
1628234724949806611,456816.9709485594,8456898.458943667
1628234725069842023,456699.7188514339,8452634.357223459
1628234725141741949,456662.6955866795,8451288.574570699
1628234725273586832,456553.2562573344,8447308.19755911
1628234725351917008,456507.2489343356,8445635.416421272
1628234725489622996,456416.47563779156,8442334.218668515
1628234725543786792,456386.2850156654,8441236.622664988
1628234725669932917,456325.1108414972,8439012.764852254
1628234725759673368,456261.50238748995,8436698.96819518
1628234725885782832,456200.7312937025,8434489.584602872
1628234725939684563,456175.09604704066,8433557.409556767
1628234726071835081,456086.979300008,8430352.510208705
1628234726137695762,456057.82722080214,8429292.474112397
1628234726275727038,455975.44057054416,8426295.76155622
1628234726335711010,455944.4506268313,8425168.65856113
1628234726467729645,455860.1578581225,8422101.693243932
1628234726545829945,455817.4754133286,8420549.039228074
1628234726677793874,455749.68190537917,8418082.890782963
1628234726738015012,455704.4243220427,8416435.35390281
1628234726875996069,455632.9445679542,8413834.861282073
1628234726953725468,455599.76370258734,8412627.827672955
1628234727073911416,455501.74364590173,8409059.2799673
1628234727139803597,455476.336618938,8408135.153030168
1628234727265978535,455390.2596182452,8405001.634000288
1628234727349895329,455360.1458312344,8403906.513782006
1628234727487887859,455243.6426298727,8399663.258693572
1628234727607914984,455189.7676794905,8397702.793362167
1628234727674115979,455159.24567478406,8396592.14793225
1628234727758053016,455073.72095154505,8393475.672625894
1628234727889940033,455027.7178066492,8391802.477180213
1628234728009933536,454917.21989253355,8387776.099145587
1628234728069956011,454886.61728094006,8386661.844596014
1628234728208084977,454775.0734018717,8382597.400433258
1628234728285879117,454732.07132685214,8381030.854552331
1628234728411858154,454662.48005997814,8378496.217970589
1628234728471990221,454598.1296984411,8376149.755979112
1628234728615862511,454545.80779569084,8374245.70136076
1628234728670161518,454522.05291937466,8373381.059209967
1628234728814010167,454348.1507661946,8367037.484606918
1628234728874005658,454294.8961664137,8365095.252463218
1628234729017905468,454183.4372128908,8361031.08367233
1628234729083965023,454131.229819164,8359127.153722229
1628234729204142013,454041.6676202026,8355860.780260847
1628234729276014197,453999.6766667487,8354329.792099284
1628234729414051523,453906.3258086223,8350925.20245249
1628234729485933939,453837.13328891626,8348400.564693369
1628234729605948729,453753.7389720491,8345358.284285329
1628234729672251602,453704.6786230556,8343568.350905291
1628234729816063107,453595.89290281927,8339599.020408016
1628234729888232661,453544.99275549315,8337741.496930266
1628234730014173242,453424.206849657,8333331.443124048
1628234730074202261,453377.27909571363,8331618.270052811
1628234730212384036,453263.1768723941,8327451.8727859305
1628234730290131718,453209.91775123443,8325507.196954851
1628234730416121589,453106.9415327136,8321746.505217585
1628234730469998631,453078.9390639939,8320724.790516427
1628234730614057970,452968.02393242606,8316673.463033149
1628234730680001903,452908.28752078285,8314490.965107285
1628234730806206516,452829.57301045314,8311617.565623582
1628234730878155466,452784.34215340245,8309965.687621716
1628234731010043829,452709.2990907084,8307226.160296517
1628234731082164871,452681.2996661096,8306204.882629422
1628234731208269683,452605.32563423616,8303431.113068108
1628234731274192172,452576.20733787405,8302368.248641403
1628234731418296795,452489.43748784787,8299199.177344326
1628234731478301610,452444.10095002194,8297542.474714282
1628234731616089177,452375.02820887405,8295019.905372298
1628234731676409605,452337.9180460769,8293664.542189164
1628234731814133303,452254.1867565424,8290604.994085846
1628234731880321082,452214.8323724651,8289167.202193318
1628234732012344609,452149.176884901,8286769.681328706
1628234732144237644,452082.84291251074,8284346.530378274
1628234732216120794,452044.67939038365,8282952.6743744705
1628234732342228162,451966.2154122639,8280084.713313013
1628234732414153543,451918.2546012413,8278330.976918671
1628234732546241521,451896.11440832017,8277527.399073363
1628234732618253404,451866.9596938154,8276462.800623525
1628234732744342402,451827.17360551556,8275012.795306653
1628234732816283675,451810.07741156506,8274390.195309248
1628234732948154309,451771.11526897474,8272969.548194233
1628234733014430479,451711.74885156413,8270797.651691686
1628234733146347968,451652.4415859369,8268630.866520258
1628234733218186964,451621.28495547036,8267493.09743559
1628234733362328787,451570.08004191896,8265623.763629043
1628234733416521364,451549.9727082496,8264889.964629988
1628234733548343996,451499.73235116067,8263055.627880022
1628234733620346582,451478.5893961113,8262284.390900469
1628234733758307391,451409.76571410144,8259768.323737783
1628234733818490749,451393.3723544107,8259170.5662275115
1628234733950205831,451356.40281927754,8257822.15579677
1628234734016413954,451309.40036496404,8256102.059435636
1628234734160276193,451262.18940166145,8254378.245630951
1628234734220281309,451168.8746868368,8250957.045545041
1628234734346509055,451113.64368391334,8248937.763731934
1628234734418516096,451080.5030410631,8247725.557600188
1628234734556289721,450977.94318022917,8243968.647216533
1628234734622270690,450943.95620846923,8242725.06893076
1628234734748526779,450727.85943285626,8234798.70763034
1628234734826313693,450691.39528562,8233463.614419899
1628234734952361823,450624.12926030194,8231000.569137065
1628234735018482941,450465.85264847317,8225190.737002631
1628234735144337350,450392.3583196861,8222497.331016645
1628234735210584132,450296.39723327395,8218975.06668739
1628234735354456927,450193.3365875955,8215195.371871223
1628234735414332503,450151.85504271096,8213674.063106618
1628234735552495215,449993.2849822093,8207852.292297437
1628234735612501370,449950.5702727391,8206285.098348007
1628234735762597665,449789.62662755686,8200374.738309367
1628234735816504837,449753.03578491963,8199031.676104547
1628234735954499610,449652.59800387034,8195344.809990233
1628234736086396759,449494.0320937525,8189517.457756389
1628234736158400507,449441.43123351387,8187585.614331048
1628234736224635503,449284.1617632244,8181799.773439108
1628234736350882288,449182.9085913525,8178079.21479346
1628234736476656292,448844.4157686674,8165618.834078646
1628234736554593441,448754.713595673,8162318.423210609
1628234736620446678,448690.3394541017,8159949.714835572
1628234736746568223,448184.40202400147,8141303.72500026
1628234736878440704,448051.1373072738,8136394.897998484
1628234736950440823,447982.42290955083,8133863.46599177
1628234737088592668,447469.1330335415,8114926.306399304
1628234737148599181,447392.0293330829,8112082.007220941
1628234737286732859,447070.899023134,8100225.340816737
1628234737358697702,446988.223525491,8097173.48165761
1628234737490772917,446666.37627387786,8085281.092774076
1628234737556643412,446577.06484496384,8081981.532799045
1628234737682503611,446421.81841634633,8076244.678872777
1628234737760769093,446195.6477036633,8067883.288236556
1628234737892643868,446009.316681158,8060992.2977733705
1628234737952542833,445921.29852243984,8057736.2459403295
1628234738084519953,445541.9623609799,8043695.735418741
1628234738162531106,445420.5538984008,8039200.472922187
1628234738288794613,445178.9322793276,8030251.499481285
1628234738348724942,445093.27884317597,8027078.186605571
1628234738480712586,444778.4385790936,8015409.599936674
1628234738552673046,444674.6925606475,8011562.996630508
1628234738684861675,444480.2396307241,8004351.074497787
1628234738750790293,444195.55149419367,7993787.985853056
1628234738882817323,443986.5749362512,7986030.105915533
1628234738954740033,443876.5465313929,7981944.21599321
1628234739086610214,443501.620839013,7968016.130274232
1628234739158603368,443383.1248206668,7963611.623507475
1628234739284899662,442931.7215639507,7946826.190319568
1628234739356757007,442807.4966284123,7942203.630580987
1628234739482782793,442139.6253647329,7917334.222628671
1628234739548719036,442022.0351785535,7912951.748949328
1628234739686646909,441746.9706783197,7902696.318876723
1628234739758761281,441303.61239180656,7886158.006350845
1628234739884826094,441033.3627324367,7876067.6445754515
1628234739950775737,440910.9348986704,7871494.724132808
1628234740076797910,440379.3486735871,7851624.280105422
1628234740154935796,440211.9880491474,7845364.332737727
1628234740286926205,439721.05484336044,7826986.124010167
1628234740424797618,439436.3675140201,7816321.464387921
1628234740478827217,439093.96004237235,7803486.680706585
1628234740628962190,438763.3078914486,7791083.092236292
1628234740694851429,438633.017347162,7786193.134492159
1628234740826884857,438159.46956461354,7768409.573476218
1628234740880874881,438046.9170090862,7764179.863229198
1628234741018970867,437683.2601871776,7750506.903555785
1628234741090993976,437524.7779509493,7744544.549948106
1628234741222880146,437236.725852016,7733704.15286796
1628234741282770158,437101.44885859254,7728609.8800703
1628234741427123021,436768.4849685478,7716064.480784294
1628234741492777834,436674.69329646305,7712531.134218203
1628234741619029402,436393.1383016141,7701913.064959217
1628234741684788084,436262.9514776383,7697001.084740821
1628234741822890970,436036.4229557713,7688452.810437422
1628234741889189886,435886.95040765434,7682808.376510546
1628234742021033893,435721.2989570024,7676553.113617984
1628234742081061118,435599.3381850046,7671944.366848541
1628234742224939974,435382.68949603196,7663755.427313208
1628234742284966742,435265.96472124977,7659341.06155999
1628234742428892003,434990.76922913914,7648928.622068925
1628234742483098293,434956.0023522533,7647613.304139511
1628234742626978643,434694.7317893365,7637720.412078466
1628234742686966290,434582.4294166045,7633466.207147995
1628234742824964701,434357.05201525916,7624926.305604516
1628234742884981563,434247.7051522403,7620780.663590027
1628234743028999741,434073.9788557075,7614193.534438018
1628234743095037178,433957.0700627029,7609758.155369431
1628234743227019965,433805.3230465123,7604000.013382777
1628234743287003489,433708.85049714893,7600337.823667561
1628234743425145475,433465.5780859781,7591099.3005075175
1628234743497124676,433445.2395134702,7590327.186589242
1628234743628976798,433230.16599578015,7582154.754665195
1628234743683461168,433132.8406244641,7578455.200695471
1628234743827181602,433055.24676363415,7575505.573107649
1628234743887113492,432963.6193287072,7572021.1787865525
1628234744031078988,432906.5161596112,7569850.099332906
1628234744091086668,432820.08443548455,7566562.150191945
1628234744229070612,432803.5271538698,7565933.172416831
1628234744300978069,432710.58052816347,7562396.51316403
1628234744421258435,432551.12863798183,7556327.485327042
1628234744559156658,432570.52182094613,7557066.608533711
1628234744631103400,432485.4380827609,7553827.372250105
1628234744751103246,432574.9846024241,7557237.322098532
1628234744829254432,432488.6465123668,7553950.358051839
1628234744955034256,432358.59835315496,7548998.0487028025
1628234745039004378,432509.6604867867,7554751.384114067
1628234745153135672,432394.5266978297,7550367.317221939
1628234745231274193,432541.2593753273,7555955.395533747
1628234745363301650,432429.3023789093,7551692.64739951
1628234745423303024,432377.67870220577,7549726.71032236
1628234745561220621,432480.70484361274,7553651.02879318
1628234745621211522,432434.31400236016,7551884.592942883
1628234745765315018,432558.9298039484,7556630.236264439
1628234745825304305,432518.1442930545,7555077.544637677
1628234745957200054,432429.808863319,7551714.134079928
1628234746023230960,432722.99206473795,7562875.468133317
1628234746167101930,432653.84967146296,7560244.2069617165
1628234746227103066,432977.33788784733,7572551.98723346
1628234746353367639,432939.6710161646,7571119.467792517
1628234746431114902,432919.30477817904,7570344.87095027
1628234746557356210,433333.77033001406,7586102.088159155
1628234746629173392,433333.76915868913,7586102.048299841
1628234746755381864,433451.1985463025,7590564.217624948
1628234746833255879,433451.4360265897,7590573.239886004
1628234746959213772,433451.6601572131,7590581.770517753
1628234747037296322,433573.1401593181,7595196.4884342505
1628234747157527387,433573.6096604734,7595214.320437507
1628234747229402582,433695.7053609306,7599851.064012055
1628234747361316295,433695.99771827285,7599862.172529819
1628234747427612005,433696.01559752744,7599862.863498304
1628234747559321261,433825.18266984075,7604766.645918065
1628234747631215796,433825.3433045732,7604772.745000594
1628234747763335537,433957.1039146718,7609773.432791602
1628234747829366271,433957.1083460858,7609773.605536509
1628234747967213137,433957.4294429393,7609785.803769293
1628234748033225789,434092.22885709535,7614900.180956733
1628234748171552027,434092.00981525145,7614891.8893243
1628234748231385089,434231.30326232815,7620175.062670549
1628234748363344120,434231.0934847956,7620167.116475996
1628234748435259287,434231.0444622115,7620165.269457748
1628234748567376304,434377.78252243047,7625728.927457584
1628234748633527425,434377.76171991666,7625728.14346679
1628234748753522411,434530.73631215334,7631526.234140451
1628234748825419534,434530.7236880183,7631525.7557685245
1628234748963405677,434530.5833587849,7631520.453823864
1628234749035295594,434690.60400068504,7637583.384448006
1628234749155478541,434690.5270005972,7637580.474339422
1628234749293487909,434860.4169100287,7644014.8879764
1628234749365434474,434860.28343324916,7644009.838436292
1628234749491858457,435038.24689249106,7650747.320221202
1628234749563559324,435038.1373539263,7650743.174253149
1628234749689408316,435037.7426939929,7650728.251436305
1628234749761490780,435227.47686122335,7657908.322598418
1628234749899407195,435227.5010389953,7657909.239503126
1628234749959442728,435227.4510433443,7657907.359194987
1628234750097624488,435429.1623727652,7665537.277936589
1628234750169491455,435429.3876616416,7665545.809194247
1628234750301438292,435641.6265601142,7673570.151808789
1628234750367511483,435641.748613852,7673574.769619161
1628234750487651146,435867.5820111448,7682108.878301999
1628234750559656165,435867.7245301659,7682114.266898765
1628234750703540748,435868.11577267287,7682129.063948781
1628234750757572707,436104.3944151098,7691053.225062408
1628234750889574125,436104.59856149857,7691060.939260354
1628234750967698881,436351.845971615,7700394.338564646
1628234751099611389,436351.81149104016,7700393.042891297
1628234751159600148,436351.8457073507,7700394.3452208135
1628234751291568531,436610.718886139,7710161.0965083
1628234751363463287,436610.7598182611,7710162.644694047
1628234751495472499,436877.12762612826,7720206.3187695565
1628234751561711253,436878.51071470726,7720258.465792711
1628234751693469013,436881.34187153867,7720365.215040359
1628234751765552312,437165.00240678526,7731054.352270669
1628234751891722916,437172.35313178244,7731331.293169775
1628234751963759436,437176.4253033645,7731484.72252678
1628234752095617862,437453.38908982003,7741914.7336173775
1628234752173643073,437455.4670317137,7741992.97236959
1628234752305505001,437741.86847607966,7752771.713679213
1628234752365620707,437742.69944678224,7752802.9809262045
1628234752497677164,438045.0423002104,7764174.535640774
1628234752563695746,438044.76514637773,7764164.115087322
1628234752707583296,438044.64667938685,7764159.669707171
1628234752767561007,438357.50472407683,7775918.940535028
1628234752893824080,438357.2385264803,7775908.946500824
1628234752966005034,438680.97007397993,7788068.664492231
1628234753103769208,438680.83508472296,7788063.595981558
1628234753169631311,438680.9047021667,7788066.21912092
1628234753295831392,439012.6754712716,7800519.241443603
1628234753367834610,439012.6232910999,7800517.287779822
1628234753499692502,439353.0710945181,7813286.967678769
1628234753565742091,439352.6530873864,7813271.298292152
1628234753697755127,439351.80383478035,7813239.471102854
1628234753769641677,439700.4171396413,7826306.03213282
1628234753901775232,439700.1792694677,7826297.127459649
1628234754039780049,440055.0617501984,7839588.976178416
1628234754105703704,440054.7739383689,7839578.204047319
1628234754237901659,440418.3045137275,7853183.891688506
1628234754309930273,440418.0749086429,7853175.305776318
1628234754429994630,440417.73776955367,7853162.7060219785
1628234754501818676,440786.1014343455,7866938.9722300805
1628234754633683707,440785.7415541635,7866925.521684445
1628234754699956618,440785.6299918627,7866921.361591727
1628234754832036041,441159.3834544051,7880888.693616765
1628234754891946620,441159.3698415056,7880888.188552811
1628234755041823970,441537.37265610776,7895003.648342909
1628234755101826925,441537.19986854534,7894997.202021555
1628234755233962395,441918.9281609545,7909240.983017513
1628234755299885206,441918.7538154393,7909234.483448439
1628234755437882055,441918.436641673,7909222.667264292
1628234755503890497,442305.95741043583,7923671.572712497
1628234755642021340,442305.37564423477,7923649.89390959
1628234755695780502,442305.2366755562,7923644.723434536
1628234755845783134,442699.4793276163,7938332.999915522
1628234755900058892,442699.39573711384,7938329.889613508
1628234756037845768,443100.1935724296,7953250.846327043
1628234756097841787,443100.1988646038,7953251.045709863
1628234756247944066,443507.13644323475,7968388.779752005
1628234756307948582,443507.2060609703,7968391.37174213
1628234756439933725,443507.3490539485,7968396.701941787
1628234756494130029,443917.73194679763,7983650.636901884
1628234756638065411,443918.84691090096,7983692.069378107
1628234756709945566,444327.21712891484,7998859.390598517
1628234756835997516,444327.67030817823,7998876.219022996
1628234756896013228,444327.8141508988,7998881.562647542
1628234757039917699,444738.537948498,8014124.54326241
1628234757106111724,444738.83527791273,8014135.576259095
1628234757238049569,445151.8285074793,8029451.040753437
1628234757303930832,445152.0249455114,8029458.325284654
1628234757441896696,445152.4771933463,8029475.100978932
1628234757508157495,445565.758481789,8044789.513480382
1628234757640135622,445566.247798046,8044807.645284154
1628234757772030261,445981.6014133175,8060187.17829237
1628234757838107635,445981.7852973385,8060193.984450667
1628234757970164212,446399.3515145253,8075643.770224178
1628234758042182800,446399.43192712177,8075646.747959133
1628234758180021779,446400.14468724903,8075673.12216891
1628234758240095499,446810.30756195117,8090837.611202894
1628234758372080156,446810.63337074564,8090849.655218782
1628234758449998272,446810.75539300655,8090854.17505483
1628234758576100385,447227.4010230092,8106247.080066393
1628234758642146047,447227.43332283146,8106248.27650926
1628234758774260958,447641.39763808344,8121530.92788177
1628234758845991909,447641.2974781204,8121527.232165524
1628234758972257665,448053.63111470366,8136738.709070344
1628234759050345804,448054.0239547325,8136753.199650085
1628234759164262124,448054.8652792949,8136784.228099211
1628234759236128737,448463.9502799342,8151865.101796854
1628234759374279365,448465.3208428747,8151915.620023462
1628234759440117202,448465.7671394114,8151932.078336305
1628234759566286972,448875.03989894903,8167009.25164195
1628234759644354743,448879.62388215313,8167178.064293683
1628234759776158597,449297.18538246176,8182549.6813949
1628234759848052041,449305.88609362836,8182869.868337563
1628234759968316208,449726.4188009446,8198339.763026134
1628234760046252617,449740.9225077207,8198873.122067967
1628234760166232929,449762.74188169226,8199675.487632744
1628234760250138478,450100.57803843607,8212094.58831248
1628234760370145451,450100.3550653343,8212086.398660637
1628234760442119178,450100.14066735696,8212078.528089242
1628234760580238982,450484.64676324296,8226204.909394585
1628234760652096727,450488.3823668255,8226342.114212497
1628234760772170452,450855.6550055904,8239826.971293117
1628234760850375769,450855.9186989243,8239836.650182458
1628234760982252590,451224.92576206045,8253377.113801044
1628234761042257338,451227.98449680186,8253489.326264206
1628234761180285075,451235.1790962012,8253753.264906133
1628234761246217109,451600.4872303197,8267149.854556965
1628234761384213467,451600.7264065822,8267158.62956024
1628234761450375125,451600.7943654908,8267161.129111279
1628234761570353499,451967.90964404796,8280616.141391227
1628234761642343479,451971.879302499,8280761.595114695
1628234761780449618,452354.60961057164,8294780.535584865
1628234761852435094,452364.0731111579,8295127.075434924
1628234761978342661,452752.7396924347,8309354.644014951
1628234762044330069,452766.84091978066,8309870.683370879
1628234762176273801,452792.8161292765,8310821.232316253
1628234762248366354,453170.00857637485,8324619.715988949
1628234762374489291,453201.63296479057,8325776.257221598
1628234762506375552,453592.06949978694,8340050.20231614
1628234762578276633,453611.0888820018,8340745.326037116
1628234762644478191,453630.2208850479,8341444.545329633
1628234762776499374,454019.9630548216,8355683.815391411
1628234762902639887,454057.1302737059,8357041.316643324
1628234762974488866,454427.5315271943,8370565.449188352
1628234763106417596,454466.21135920624,8371977.320783749
1628234763172729008,454486.6914423983,8372724.848494297
1628234763310415045,454871.05303931824,8386749.668918656
1628234763376500952,454892.1288801465,8387518.4790067915
1628234763520400628,455167.4483909268,8397559.267091861
1628234763580331687,455172.6251281143,8397748.027184235
1628234763712319429,455498.60418935015,8409631.080577398
1628234763778590660,455498.5297602077,8409628.368026033
1628234763910472739,455498.442177863,8409625.176789649
1628234763970473797,455840.36959037493,8422083.60662398
1628234764108573746,455840.8016305004,8422099.350199342
1628234764180629057,455840.7678439142,8422098.126886908
1628234764318547863,456186.01922997826,8434671.443898553
1628234764378552588,456186.34639373026,8434683.358057138
1628234764510505796,456529.3200065812,8447167.639129948
1628234764576449610,456529.25562862534,8447165.29883113
1628234764714512074,456873.1494677819,8459677.024895418
1628234764774532924,456873.1245770467,8459676.120681552
1628234764912488800,456873.3145290925,8459683.035268893
1628234764984475200,457220.9317023363,8472324.11747996
1628234765110680347,457220.45465735905,8472306.777688297
1628234765182864985,457220.04627586086,8472291.93780852
1628234765314573554,457576.1564120293,8485235.564974513
1628234765386456674,457576.14169673243,8485235.03307654
1628234765512691751,457931.61548692104,8498149.250706337
1628234765578493679,457931.4983292891,8498144.995469125
1628234765704743818,457931.13201558567,8498131.697858324
1628234765782651642,458291.9451630324,8511233.52310672
1628234765914617739,458291.9185905796,8511232.565675613
1628234765974746856,458657.64188751753,8524506.204767814
1628234766106752393,458657.59483702644,8524504.50264752
1628234766178511412,458657.3542300889,8524495.779266525
1628234766322523998,459028.498796252,8537959.586805841
1628234766376795553,459028.5192650789,8537960.331493407
1628234766508638420,459404.56502321386,8551595.215482702
1628234766580546931,459404.5165991122,8551593.460136618
1628234766718671048,459786.6609092503,8565442.616521614
1628234766778689067,459786.38930370874,8565432.775858779
1628234766910570631,459785.8637063427,8565413.732846657
1628234766976794781,460174.3262535052,8579484.878958687
1628234767108796727,460175.4101541615,8579524.135574954
1628234767246998709,460562.75856199866,8593547.956995398
1628234767312628440,460562.9142798676,8593553.595530024
1628234767456526486,460563.30790707376,8593567.851449901
1628234767516730663,460962.46727512113,8608012.08198174
1628234767654750923,460961.5452309093,8607978.729234107
1628234767708777291,461366.9088918131,8622640.121601416
1628234767852624399,461366.96769838507,8622642.249388704
1628234767924648914,461367.10002887924,8622647.036909675
1628234768044768530,461778.14153043454,8637506.286155688
1628234768110805289,461778.3034375714,8637512.137620358
1628234768254657730,462195.4057325988,8652582.865785101
1628234768320837500,462195.57796242245,8652589.089673728
1628234768452921331,462195.6808116414,8652592.813373165
1628234768512928211,462619.24301477545,8667889.174936129
1628234768656809068,462619.55229270086,8667900.346119793
1628234768722981090,463049.18474865827,8683408.035856597
1628234768854959933,463049.2023379869,8683408.674218317
1628234768908777036,463049.25830800063,8683410.695689606
1628234769052906774,463485.3628013194,8699143.974528674
1628234769112887195,463485.560413928,8699151.102935772
1628234769256715347,463928.83781660686,8715134.978291916
1628234769310992734,463929.05912498455,8715142.957925508
1628234769455069325,463929.5340580867,8715160.087543022
1628234769520731201,464375.9912558675,8731250.39807182
1628234769658762211,464376.16839303373,8731256.781836879
1628234769718745079,464827.2129976987,8747504.173510822
1628234769856996761,464827.4344682546,8747512.153291391
1628234769922782096,464827.48463885987,8747513.962042477
1628234770060758284,465282.79254807805,8763906.627179485
1628234770108893152,465282.7895793587,8763906.520781845
1628234770259048856,465744.69417128497,8780528.303755093
1628234770319030078,465744.79467252747,8780531.92132115
1628234770516956716,466210.1958921027,8797271.10652409
1628234770654853050,466210.2342831211,8797272.4897251
1628234770721058421,466679.95982081903,8814158.764161661
1628234770852967787,466680.0219636909,8814160.99858067
1628234770912924000,466679.98934563954,8814159.828172578
1628234771062851267,467154.939517705,8831225.433500282
1628234771177189368,467154.97486216575,8831226.710327663
1628234771261089963,467633.3251890086,8848405.998736214
1628234771381033924,467633.6510718886,8848417.703042835
1628234771453031068,467633.7279735529,8848420.469518805
1628234771584881929,468119.86252166395,8865870.706646256
1628234771656924392,468120.1619265759,8865881.45342226
1628234771783164478,468611.1422408091,8883496.984372677
1628234771860929404,468611.3291279177,8883503.687865391
1628234771986924909,469107.1761302299,8901285.153070642
1628234772053191801,469107.03064499085,8901279.939198807
1628234772197058530,469106.8226810653,8901272.490814058
1628234772257040874,469610.1551854313,8919313.63619412
1628234772383110536,469610.3332456107,8919320.020587733
1628234772455329596,469610.41030814475,8919322.787161011
1628234772593220885,470114.26575819205,8937373.985361211
1628234772659095694,470114.31027377245,8937375.581473984
1628234772785061346,470622.2781579684,8955565.47784149
1628234772857088191,470622.385128791,8955569.308542622
1628234772988999237,471132.8938467873,8973841.613569206
1628234773055382668,471132.81647820974,8973838.846930448
1628234773193020328,471132.9768707438,8973844.593034606
1628234773259138951,471649.20283397497,8992312.952183643
1628234773391049816,471649.4794197968,8992322.848328741
1628234773457269258,472171.2535047051,9010981.092024976
1628234773595041766,472171.3070344878,9010983.007424638
1628234773655525535,472171.42604223615,9010987.263866866
1628234773787213686,472699.3615000644,9029857.208446186
1628234773859178497,472699.34656074166,9029856.676388087
1628234773991326685,473232.86295193253,9048917.467222156
1628234774063173057,473232.83911820943,9048916.615919981
1628234774195187656,473232.94327572157,9048920.340370227
1628234774261207994,473773.5219311148,9068224.760316785
1628234774393342851,473773.65596751805,9068229.548933016
1628234774465211609,474311.9194459687,9087442.82084948
1628234774591352133,474311.86278997053,9087440.798974298
1628234774657228848,474311.76137055655,9087437.18088285
1628234774795147610,474848.71284828737,9106595.374196393
1628234774861323280,474848.54280144064,9106589.30852397
1628234774993369925,475374.7864122066,9125357.633799251
1628234775065149407,475374.5565664082,9125349.439760821
1628234775185186233,475374.28781474405,9125339.862316167
1628234775263252190,475883.1325740634,9143480.466194576
1628234775389185833,475883.2190804953,9143483.552285332
1628234775467295654,476373.3826532642,9160951.617239187
1628234775587168845,476373.7410079455,9160964.387347434
1628234775665183237,476373.9500337757,9160971.836577682
1628234775785290511,476845.6918170099,9177777.45667711
1628234775863474561,476845.8112782808,9177781.713407474
1628234775989219817,477299.68516229757,9193945.41282621
1628234776115356017,477300.32770094124,9193968.292881057
1628234776187336069,477300.78785354947,9193984.68138795
1628234776325458031,477734.3972566584,9209421.843586607
1628234776385454538,477734.6633006136,9209431.31491824
1628234776517504718,478153.16765896406,9224326.351911226
1628234776595388010,478152.56946291646,9224305.06791311
1628234776727478822,478548.11938711116,9238379.254168656
1628234776787505521,478545.4510884765,9238284.327066565
1628234776919548943,478539.7943586278,9238083.085879201
1628234776997434338,478934.35636308626,9252118.494899327
1628234777129442655,478934.4999344284,9252123.603109563
1628234777189405418,478934.6284966839,9252128.179216081
1628234777321609347,479307.3262475945,9265382.52075501
1628234777399295519,479307.46088740183,9265387.309723053
1628234777531412138,479665.70674370375,9278124.71157422
1628234777591438505,479665.4941730812,9278117.155617839
1628234777723524533,480011.3245029257,9290410.403225452
1628234777789562201,480011.3125240731,9290409.977536095
1628234777921593998,480011.53995572805,9290418.065638585
1628234777993560998,480343.11263644486,9302202.02222844
1628234778125402617,480342.84005833283,9302192.33775946
1628234778197351887,480342.8249884815,9302191.805648398
1628234778323595496,480664.4191451672,9313618.862642055
1628234778395477939,480664.40712810156,9313618.43695053
1628234778521539100,480972.031144012,9324547.046665685
1628234778593664380,480971.9112708778,9324542.789727174
1628234778725635636,481260.159861823,9334781.277253294
1628234778797513803,481260.3216583668,9334787.024139747
1628234778923672637,481260.79498168273,9334803.839106161
1628234778995542569,481533.406796148,9344485.33421084
1628234779127481258,481533.46068603965,9344487.249846622
1628234779187575197,481533.6014583849,9344492.25178282
1628234779325665892,481796.15492840303,9353815.12431129
1628234779397574748,481796.33174170007,9353821.403352728
1628234779535703295,482043.48320303403,9362596.107608609
1628234779589468223,482043.4981705023,9362596.639732646
1628234779733591584,482279.4497842657,9370972.591843294
1628234779799575615,482279.5547219307,9370976.316716196
1628234779931462634,482279.75550603884,9370983.447189916
1628234779985638623,482509.51917639945,9379138.693381839
1628234780129706955,482510.14882574783,9379161.04267236
1628234780195491509,482510.5175758449,9379174.132972414
1628234780327697104,482736.0817470074,9387179.338019403
1628234780471492739,482955.95685816044,9394981.713480454
1628234780531505462,482955.7768986014,9394975.327941392
1628234780669692880,482955.50684674486,9394965.74963599
1628234780729670407,483169.1235843114,9402545.17947106
1628234780861660948,483169.26151338365,9402550.075062627
1628234780927563139,483169.3274319497,9402552.416433845
1628234781071785492,483377.796307224,9409948.38320026
1628234781131771887,483377.8022810795,9409948.596053155
1628234781269738842,483577.9229138068,9417047.648049414
1628234781329738561,483577.9408898224,9417048.286607822
1628234781467586945,483773.1852619044,9423973.663850693
1628234781533826065,483773.4073067446,9423981.539409718
1628234781665655829,483773.8303055152,9423996.545544945
1628234781725734522,483960.9768447252,9430634.051175881
1628234781863714430,483960.92880693614,9430632.348350042
1628234781936854900,483960.8897146614,9430630.964805787
1628234782068896243,484142.0035753328,9437053.92525307
1628234782123180465,484142.3577100523,9437066.483619215
1628234782267013527,484317.2031538858,9443266.596422039
1628234782327069278,484317.4942672303,9443276.919841558
1628234782464914742,484487.482818694,9449304.311044563
1628234782524921456,484487.7409381445,9449313.463780908
1628234782675207991,484488.6983654815,9449347.414047744
1628234782729038990,484652.2560683047,9455146.31489646
1628234782867027536,484652.4451734597,9455153.019817578
1628234782933680448,484652.4541092191,9455153.33910149
1628234783065921457,484812.0528934443,9460811.444698287
1628234783137944039,484812.2720354272,9460819.213903276
1628234783275875781,484966.7608181185,9466295.761814792
1628234783329841685,484966.94994717406,9466302.466754232
1628234783467906530,485117.9881081887,9471656.310715016
1628234783533857370,485117.919048993,9471653.862877037
1628234783671949356,485118.08714087104,9471659.822831847
1628234783731856209,485265.0372250091,9476868.399587879
1628234783869883207,485264.91105425626,9476863.929618876
1628234783941799541,485265.03109512484,9476868.186735645
1628234784073749113,485409.02424690133,9481971.619035536
1628234784133898362,485409.0692686195,9481973.215456147
1628234784271909689,485548.17367829016,9486903.069585044
1628234784391899207,485548.41090049123,9486911.477407292
1628234784470042826,485688.22688636865,9491866.241384668
1628234784602046023,485688.367995384,9491871.24351339
1628234784673944325,485688.5331132652,9491877.097068563
1628234784793945928,485825.6007082844,9496734.165453924
1628234784872046509,485825.7208254009,9496738.422589004
1628234785004061413,485961.0996000797,9501535.364253562
1628234785075938353,485961.192689664,9501538.663537024
1628234785202028100,485961.48396302597,9501548.987101616
1628234785273974473,486093.14590147685,9506213.96251357
1628234785405852234,486093.4342279443,9506224.179659255
1628234785466115659,486225.9750502138,9510920.024253275
1628234785604023445,486226.4526795674,9510936.946416782
1628234785664021451,486226.7680453186,9510948.121431863
1628234785813917748,486358.53238190385,9515616.193006804
1628234785874120417,486358.75467048347,9515624.068739302
1628234785994146167,486487.66624247766,9520190.824762393
1628234786066157726,486487.73832618794,9520193.379056947
1628234786209911203,486611.17653269775,9524566.013078162
1628234786269921696,486611.36880341795,9524572.824535681
1628234786396165379,486611.6451772581,9524582.616006317
1628234786468147281,486736.177607279,9528993.78148548
1628234786600069064,486736.23164697463,9528995.697210826
1628234786666149622,486736.2556242236,9528996.548645455
1628234786798188307,486858.4778017476,9533325.66134162
1628234786870212314,486858.4837990855,9533325.874200396
1628234787007972961,486978.1517776311,9537564.313078614
1628234787080080731,486978.03455477353,9537560.1623364
1628234787200112498,486977.81210797356,9537552.286569804
1628234787271950984,487099.6405741648,9541867.039071992
1628234787398240993,487099.64954570786,9541867.358361442
1628234787482138867,487216.0565027833,9545989.903046248
1628234787608134596,487216.5974567214,9546009.060355049
1628234787673989440,487216.8648698117,9546018.532581637
1628234787812279613,487330.78578068624,9550052.850652276
1628234787878074322,487330.95406543196,9550058.810709395
1628234788004158350,487442.87840014877,9554022.249934962
1628234788070192370,487442.8783843549,9554022.249935407
1628234788202314800,487442.8422411382,9554020.972781563
1628234788274297529,487556.3526651281,9558040.39721578
1628234788406191288,487556.67723907164,9558051.891630268
1628234788472330433,487665.2329099709,9561895.710074265
1628234788604191518,487665.2448912867,9561896.135794787
1628234788676088959,487665.3710800552,9561900.605849411
1628234788802225608,487772.8912839179,9565707.602469781
1628234788874264540,487772.9874489351,9565711.008227758
1628234789006249170,487879.7545010075,9569491.18733726
1628234789072575536,487880.11523063394,9569503.958936406
1628234789204330091,487880.82460600726,9569529.076416506
1628234789342194730,487979.59954903566,9573026.154350348
1628234789408057649,487979.7919233679,9573032.965875175
1628234789540139826,488084.57114089554,9576742.480730703
1628234789600197064,488085.56923647807,9576777.815537829
1628234789738419799,488188.3082104237,9580414.960502284
1628234789810279011,488187.8873057058,9580400.060272204
1628234789942300567,488187.17172425153,9580374.729882395
1628234790008297334,488289.2290947902,9583987.611220356
1628234790140439236,488290.35350061517,9584027.41614926
1628234790212466655,488378.4882535683,9587147.314551575
1628234790338385316,488379.2519064739,9587174.347861663
1628234790398355610,488379.5104590326,9587183.500872396
1628234790536191078,488475.51935486915,9590582.03595004
1628234790608462352,488475.7598713015,9590590.550384188
1628234790740471105,488567.8993053571,9593852.005139405
1628234790806232529,488567.8992873833,9593852.00513991
1628234790932353688,488567.8751613528,9593851.15369806
1628234791004243366,488656.84237635316,9597000.219746891
1628234791142480965,488656.84235733055,9597000.219747428
1628234791202464989,488656.782169843,9596998.091137927
1628234791334379784,488749.22228254826,9600269.979911
1628234791412333315,488749.4147121727,9600276.79147044
1628234791544542555,488833.7385906117,9603261.319379559
1628234791604519857,488833.83480103535,9603264.725161314
1628234791736299768,488915.07576108095,9606140.056750108
1628234791814428020,488915.13590526953,9606142.18536449
1628234791946383831,488915.4064896526,9606151.764131045
1628234792006239101,488994.59282016056,9608954.298546523
1628234792138454451,488994.86945354845,9608964.090178633
1628234792204474095,489070.0400814284,9611624.43440677
1628234792348333588,489070.42498469516,9611638.057553168
1628234792408326409,489070.6054097306,9611644.44340301
1628234792534615408,489145.86820459994,9614307.981808491
1628234792606567382,489145.8681846908,9614307.981809054
1628234792744529472,489219.88777942595,9616927.459049655
1628234792810350849,489219.8877624772,9616927.459050136
1628234792942393058,489220.1162669914,9616935.547802007
1628234793008620029,489293.68062448106,9619538.848724684
1628234793146404694,489293.95730381424,9619548.64037435
1628234793206545671,489365.5744734583,9622082.97516921
1628234793338519594,489365.9534036171,9622096.38547813
1628234793416486788,489366.1699363531,9622104.048511777
1628234793542561525,489437.68657187396,9624634.765755963
1628234793686427611,489437.61431965587,9624632.211412372
1628234793740683944,489509.6259569061,9627180.384442108
1628234793812525097,489509.77031267434,9627185.493135788
1628234793944469720,489509.7822790536,9627185.918862049
1628234794082596825,489581.08577827783,9629708.975235326
1628234794142604069,489581.2542088045,9629714.935380153
1628234794274497937,489655.08597430517,9632327.39502907
1628234794352709404,489655.5672254828,9632344.424021475
1628234794472736956,489727.06655702984,9634874.294165358
1628234794544630632,489727.23500158644,9634880.254315129
1628234794682622410,489727.5838679176,9634892.600341214
1628234794754530019,489797.8335428603,9637378.196131159
1628234794880577976,489798.1824709857,9637390.54216079
1628234794946625957,489798.3207957036,9637395.438001359
1628234795084666047,489869.8294380641,9639925.523107588
1628234795144667221,489869.9918628865,9639931.27039994
1628234795283698080,489944.6848260953,9642573.9609461
1628234795343689715,489944.99766653276,9642585.02980978
1628234795487824309,490014.8129141358,9645055.089723542
1628234795547809154,490014.81289843697,9645055.08972399
1628234795685670973,490014.74063646386,9645052.535371691
1628234795733747534,490085.2373487501,9647546.649771547
1628234795884261396,490085.10494743765,9647541.96678816
1628234795944250127,490085.02668786276,9647539.19957134
1628234796087817733,490154.9112230375,9650011.602931669
1628234796147871186,490155.27221915044,9650024.374712555
1628234796291741569,490220.46500639844,9652330.74583605
1628234796345997774,490220.7538061016,9652340.963264573
1628234796489862131,490290.5269022798,9654809.32409602
1628234796537993055,490290.5269022798,9654809.32409602
1628234796687770267,490290.53286646906,9654809.536960686
1628234796747758073,490358.54444368195,9657215.529809
1628234796885603246,490358.8031639846,9657224.682929222
1628234796946788630,490358.6707414026,9657219.99993901
1628234797078859984,490424.9627331877,9659565.114774762
1628234797150789374,490424.318858932,9659542.338399589
1628234797282667964,490529.94307921897,9663278.729389371
1628234797342697560,490529.98518711294,9663280.219433911
1628234797486727410,490600.6975072525,9665781.578269798
1628234797552831909,490601.1187296099,9665796.47871704
1628234797679057085,490601.82274152216,9665821.383751245
1628234797817003463,490671.38721412484,9668282.086596081
1628234797888725854,490671.7964116784,9668296.561321655
1628234798014872904,490738.8106827006,9670667.010878047
1628234798086874978,490738.82873399893,9670667.649469161
1628234798212852669,490806.54842857574,9673063.004920743
1628234798284989030,490806.5484117127,9673063.00492122
1628234798416784284,490806.84925761557,9673073.648110665
1628234798482929737,490869.77988852235,9675299.564802984
1628234798614913657,490869.88821064564,9675303.396352002
1628234798681155681,490870.0205699064,9675308.079357335
1628234798813032908,490932.37459137704,9677513.561844716
1628234798878804669,490932.3926337478,9677514.200436752
1628234799016943976,490995.70464235864,9679753.529004129
1628234799088804577,490995.78889170487,9679756.50909986
1628234799208817870,490996.0717036675,9679766.513707682
1628234799287108416,491058.5001842917,9681974.55199004
1628234799418866458,491058.8672576253,9681987.53669759
1628234799485008615,491125.49176728824,9684343.94196465
1628234799617072101,491125.1306420697,9684331.170118628
1628234799677134204,491125.04634538473,9684328.19002219
1628234799820988909,491194.19990866876,9686773.999030665
1628234799887053172,491194.2420232923,9686775.489080379
1628234800019003997,491263.9024721813,9689239.179533033
1628234800090868195,491264.11313008645,9689246.629781902
1628234800222898305,491331.52386467915,9691630.709830299
1628234800289069639,491331.73451055714,9691638.160082106
1628234800421140948,491332.0895743676,9691650.719078735
1628234800492909094,491398.6648641841,9694005.211775504
1628234800619136405,491401.79466639296,9694115.901263984
1628234800691253363,491403.4979738602,9694176.141890954
1628234800811191519,491482.91918177326,9696984.888204847
1628234800889116507,491488.4326226041,9697179.872075735
1628234801021196522,491579.0875945161,9700385.824840652
1628234801093196323,491586.8824802891,9700661.484480653
1628234801218963184,491636.25927137124,9702407.612902736
1628234801290954014,491636.46994760877,9702415.063165154
1628234801429313534,491636.84309629345,9702428.260774275
1628234801483093009,491704.8805434143,9704834.270186048
1628234801615092813,491704.88052037416,9704834.2701867
1628234801686991866,491704.84436683607,9704832.992999488
1628234801813173752,491773.8341033133,9707272.635817092
1628234801885141969,491773.8340882245,9707272.635817518
1628234802017028383,491843.1561105631,9709723.986988768
1628234802083262264,491843.1561097081,9709723.986988792
1628234802215292335,491915.8384224222,9712294.117569787
1628234802287170507,491916.01900245366,9712300.503517697
1628234802419041556,491916.32596543926,9712311.35962981
1628234802551059263,491984.24186966795,9714712.902005138
1628234802617282188,491984.39235327084,9714718.223630127
1628234802755247205,492051.8037139098,9717101.886086289
1628234802815252570,492051.93012503587,9717106.356252572
1628234802947189109,492052.2431201522,9717117.425236402
1628234803025131307,492119.73993791046,9719504.068533301
1628234803151085377,492120.1312202538,9719517.904766412
1628234803223217129,492185.49191103183,9721828.981653027
1628234803355224983,492185.90728042746,9721843.669350903
1628234803427382012,492186.2925392845,9721857.29272319
1628234803559379205,492250.75734155753,9724136.65336582
1628234803625269402,492250.8355936303,9724139.420614244
1628234803751295741,492314.84382716095,9726402.604142644
1628234803823134203,492315.0545390599,9726410.054428112
1628234803961368832,492315.40367635485,9726422.400616676
1628234804021420861,492378.15466224676,9728641.095922325
1628234804153096691,492378.39547991863,9728649.610536622
1628234804225178166,492444.512938595,9730987.298213817
1628234804351417104,492445.2113032357,9731011.990602864
1628234804423424528,492445.61464988976,9731026.252586767
1628234804549676589,492505.2548812453,9733134.897688102
1628234804621344697,492505.2368054215,9733134.259092074
1628234804753329872,492563.60746196203,9735197.99010366
1628234804819662291,492563.96870102285,9735210.762035327
1628234804957228729,492564.81760500843,9735240.77607505
1628234805023388707,492619.79936461186,9737184.664285714
1628234805155373994,492620.13048637274,9737196.371893032
1628234805227349907,492673.90271554457,9739097.474564945
1628234805347389168,492674.263968131,9739110.246502396
1628234805425494762,492674.40843738616,9739115.355278281
1628234805557347531,492729.2470619566,9741054.13560312
1628234805629373390,492729.2470524306,9741054.13560339
1628234805755494521,492784.7667319127,9743016.970194
1628234805827552132,492784.89919338597,9743021.653239908
1628234805959406913,492785.18214139494,9743031.657929972
1628234806025448188,492842.0392503423,9745041.749170441
1628234806157440841,492842.8220007623,9745069.421720564
1628234806217439364,492896.47665731516,9746966.268813768
1628234806355490094,492897.09683394496,9746988.19399321
1628234806415584223,492897.37980386213,9746998.19868742
1628234806547509516,492955.06324435014,9749037.453465382
1628234806619480503,492955.27399011725,9749044.903770728
1628234806757618951,493012.952118336,9751083.946155997
1628234806817575425,493013.09663155244,9751089.054937983
1628234806955367217,493013.4097193715,9751100.123966312
1628234807021516757,493070.7393621604,9753126.820595356
1628234807153434942,493071.10062614747,9753139.592553914
1628234807297548030,493130.79744899675,9755249.945986597
1628234807351619590,493130.9660430522,9755255.90623527
1628234807489580219,493192.6326691481,9757435.86736514
1628234807561546571,493192.6326691481,9757435.86736514
1628234807687591508,493192.5483465304,9757432.887240784
1628234807753556451,493256.10059587704,9759679.475983782
1628234807891668306,493256.04639352614,9759677.56018892
1628234807957479516,493255.96206289384,9759674.58006403
1628234808089600311,493323.9291287696,9762077.200256217
1628234808155560993,493324.2904305577,9762089.972226752
1628234808299461575,493392.1680947756,9764489.400049316
1628234808365713929,493392.5053073316,9764501.32055842
1628234808491640648,493463.0034943187,9766993.345828008
1628234808551621023,493462.8710112753,9766988.662769763
1628234808695627058,493462.8589341311,9766988.237038134
1628234808755607564,493533.11126293405,9769471.535437973
1628234808899638971,493533.49062959006,9769484.946017971
1628234808953787552,493533.5929789033,9769488.564746462
1628234809097645170,493603.53317206807,9771960.794738777
1628234809157646732,493603.840300585,9771971.650924873
1628234809295765255,493671.095615024,9774348.943111623
1628234809355767925,493671.3184267905,9774356.819170404
1628234809505724606,493741.89886993665,9776851.614243133
1628234809565708062,493741.94102106337,9776853.104308771
1628234809703569637,493742.2541435436,9776864.173367808
1628234809751642186,493814.16653926583,9779406.012577217
1628234809895731091,493814.4254875394,9779415.165839445
1628234809967761511,493887.91072484356,9782012.56387895
1628234810099701787,493888.13355595025,9782020.439943485
1628234810303655960,493963.34829117917,9784678.93138043
1628234810363896244,493963.5289625737,9784685.317380505
1628234810501750307,494041.02132441837,9787424.273124894
1628234810561727544,494041.02132441837,9787424.273124894
1628234810705685154,494041.00925104006,9787423.847392246
1628234810759851120,494120.55650567735,9790235.391425205
1628234810903682981,494120.79740172904,9790243.906096682
1628234811023793767,494202.86935985007,9793144.642083293
1628234811101922669,494203.1102724592,9793153.156756729
1628234811227674917,494286.5747100989,9796103.065783035
1628234811299828416,494286.8156143584,9796111.580459138
1628234811437733161,494287.1468412671,9796123.288139258
1628234811503796060,494375.01539223135,9799228.803711466
1628234811623943829,494375.2201603846,9799236.041188316
1628234811701700654,494375.1177478605,9799232.422450697
1628234811833878331,494464.7343528655,9802399.670330143
1628234811893874087,494464.752413736,9802400.308931423
1628234812025856575,494557.67711576965,9805684.421728808
1628234812097842347,494558.15294440155,9805701.238227993
1628234812235981325,494648.02531562047,9808877.428335322
1628234812295891034,494648.23009880073,9808884.66581818
1628234812427885712,494648.81433898385,9808905.313930904
1628234812499832920,494748.04239278275,9812412.087670153
1628234812626003064,494747.5002768777,9812392.929622501
1628234812698117139,494747.0063378793,9812375.474512756
1628234812823944417,494848.87427095964,9815975.485140532
1628234812895974549,494849.1332806297,9815984.638432862
1628234813028048898,494953.3942174925,9819669.158466201
1628234813100048735,494953.2737366193,9819664.901119906
1628234813226041843,495060.5843331976,9823457.13315442
1628234813297961027,495060.46385361167,9823452.875806738
1628234813429955562,495060.5782758643,9823456.92028798
1628234813496075692,495170.09541608114,9827327.062951624
1628234813627998046,495170.2821533367,9827333.661842799
1628234813705975860,495170.41466516384,9827338.344927184
1628234813837903512,495281.95161513897,9831279.799376862
1628234813910073597,495281.9516052487,9831279.799377142
1628234814030133258,495394.73734210426,9835265.318595475
1628234814107868690,495394.73734210426,9835265.318595475
1628234814240054523,495510.374276481,9839351.525387987
1628234814300148982,495510.53692149074,9839357.272814658
1628234814432125776,495510.8561827358,9839368.554800486
1628234814504137260,495624.1335623425,9843371.318659402
1628234814630114125,495624.1154749087,9843370.680056693
1628234814708045542,495624.03714204713,9843367.912776992
1628234814834070059,495738.7440307346,9847421.127423277
1628234814905975073,495738.95487234107,9847428.577795442
1628234815032310802,495853.4165213521,9851473.06598813
1628234815104328372,495853.7056906345,9851483.28364388
1628234815230114506,495966.55446379975,9855470.724337429
1628234815302267894,495966.8074905851,9855479.664788561
1628234815428006786,495967.4219664879,9855501.377313262
1628234815506227258,496080.00732488337,9859479.452854972
1628234815626141039,496080.2663797726,9859488.606176334
1628234815764214358,496192.23275467806,9863444.757314645
1628234815836162646,496192.4375915553,9863451.994826341
1628234815902119742,496192.61832998047,9863458.380866075
1628234816034184004,496303.164382375,9867364.296107685
1628234816160126441,496303.36921029736,9867371.533621421
1628234816238191166,496409.12097754714,9871108.006772105
1628234816370282263,496409.35593191907,9871116.308627866
1628234816442148139,496409.4944870378,9871121.204594303
1628234816568196210,496516.22958926077,9874892.376058796
1628234816640182907,496516.62722849986,9874906.425355636
1628234816778318078,496620.8873385943,9878590.108798577
1628234816826512261,496620.8391349302,9878588.405853279
1628234816970250190,496722.76873614435,9882189.710032249
1628234817042211125,496723.19048395904,9882204.61080753
1628234817174115629,496723.9134727006,9882230.154993972
1628234817228347951,496818.0477868483,9885556.008338666
1628234817366110897,496818.4815784497,9885571.334853355
1628234817432434811,496818.78884216485,9885582.191134753
1628234817570347252,496918.45508630486,9889103.458141759
1628234817636209020,496918.786461693,9889115.165898029
1628234817762342606,497016.2785894824,9892559.588054322
1628234817834363438,497016.56177117507,9892569.592865802
1628234817972317179,497113.3076740365,9895987.619915446
1628234818032321462,497113.6691812749,9896000.392017402
1628234818164288646,497114.45244700235,9896028.064905005
1628234818236540117,497204.97514183336,9899226.19944931
1628234818374324700,497205.7644396464,9899254.08520937
1628234818440277220,497206.02954007365,9899263.45141907
1628234818566317193,497301.3973122449,9902632.732642686
1628234818644445789,497301.8251052721,9902647.846301112
1628234818782485620,497396.71162200544,9906000.09854278
1628234818830221537,497396.8562288851,9906005.207385806
1628234818968344710,497491.7615630854,9909358.098703792
1628234819034429231,497491.73143613804,9909357.034361355
1628234819178498620,497491.76758163964,9909358.311572472
1628234819238474882,497589.222411284,9912801.246725162
1628234819370231795,497589.48752220976,9912810.612940105
1628234819442375755,497589.7164792685,9912818.701943992
1628234819568504851,497682.96625174547,9916113.055314861
1628234819628496388,497683.147012897,9916119.44137124
1628234819766414733,497775.6261507655,9919386.547970412
1628234819838437529,497775.77678460756,9919391.869684735
1628234819970418844,497867.40090315684,9922628.749325724
1628234820036503644,497867.79256366583,9922642.585784258
1628234820168542938,497868.4553631092,9922666.001329787
1628234820240498891,497951.68039405736,9925606.142484436
1628234820372442922,497952.2769266698,9925627.21647723
1628234820516457479,498041.0399538082,9928762.984193865
1628234820570576804,498040.9796945044,9928760.855507597
1628234820708388408,498040.91942729533,9928758.726821557
1628234820768522529,498128.82129271014,9931864.054629
1628234820906391623,498129.4539828057,9931886.405837968
1628234820972569635,498215.9282209178,9934941.284061424
1628234821110603842,498216.350018853,9934956.18486868
1628234821170811826,498216.5428371243,9934962.996666385
1628234821302529309,498301.8485236957,9937976.578632444
1628234821374517770,498301.86659958947,9937977.217238558
1628234821512576495,498388.29949583585,9941030.605901182
1628234821572544870,498388.66104027,9941043.378023809
1628234821710517081,498389.2093726287,9941062.749076748
1628234821776543168,498471.75603832747,9943978.837654576
1628234821914686494,498471.42457235703,9943967.12987602
1628234821980559091,498560.66019480594,9947119.502964975
1628234822112592835,498569.06602301425,9947416.454865597
1628234822166659077,498571.9402313316,9947517.993259113
1628234822310557273,498656.7530016842,9950514.12094587
1628234822376650013,498658.16281683155,9950563.932241738
1628234822508598370,498739.25789114786,9953428.72009517
1628234822568597295,498740.45076813456,9953470.868118666
1628234822718766409,498816.924182166,9956172.38578681
1628234822778733941,498817.7012479815,9956199.845867421
1628234822910600700,498819.10464321,9956249.444311662
1628234822970625262,498886.53998810734,9958631.658918338
1628234823108725611,498883.8336613608,9958536.08085075
1628234823180752990,498883.30902600905,9958517.561276734
1628234823306671349,498945.489655762,9960714.154394653
1628234823366694802,498946.01358312345,9960732.67398945
1628234823511787206,499008.51962882234,9962940.762108615
1628234823583666762,499007.7418841939,9962913.302043842
1628234823715665796,498998.8166868726,9962598.043364242
1628234823775630176,499033.5438539664,9963824.806311674
1628234823913850230,499024.11838185246,9963491.879519662
1628234823973820616,499067.5530578159,9965026.237919481
1628234824111863565,499057.9828919525,9964688.202271571
1628234824177573772,499054.3126502844,9964558.56517735
1628234824315852946,499090.0817388121,9965822.154484646
1628234824435876051,499082.4097318005,9965551.172509769
1628234824519723945,499056.87738752854,9964649.247356918
1628234824645722216,499044.4145812252,9964209.034686986
1628234824717618513,498974.0853473169,9961724.64285755
1628234824837858372,498961.1103197013,9961266.336361445
1628234824909747329,498950.6485483453,9960896.796145767
1628234825047772243,498838.2212642923,9956925.303140357
1628234825107758683,498817.587715818,9956196.440451488
1628234825251802329,498701.46663374145,9952094.45925902
1628234825306100440,498676.0846255743,9951197.856062345
1628234825449796817,498627.1943174683,9949470.851914223
1628234825509807029,498479.7100578225,9944260.889570463
1628234825641717230,498436.42402534623,9942731.853612857
1628234825713735468,498418.62234836456,9942103.039465478
1628234825845693066,498186.43846469227,9933900.996058466
1628234825917860711,498142.47847478424,9932348.119234156
1628234826037865104,497831.8552400248,9921374.954905016
1628234826109835682,497781.3883354053,9919592.180663176
1628234826241842128,497318.411104071,9903236.429603731
1628234826313791298,497255.41872249346,9901011.103228413
1628234826445799001,497142.53406654863,9897023.226970566
1628234826511966898,496959.63758599706,9890561.821574349
1628234826643876443,496827.15493948,9885881.486879248
1628234826715830815,496761.784416321,9883572.079420548
1628234826842014444,496499.63967254356,9874310.610969668
1628234826914030794,496427.44456338,9871760.025425592
1628234827045908431,496011.3746749342,9857059.787486892
1628234827123921175,495905.9625505069,9853335.451295463
1628234827243906621,495640.7255288527,9843963.94745219
1628234827315923267,495540.35466439376,9840417.571943125
1628234827447797782,495362.8403291449,9834145.428074392
1628234827519955054,495298.45405998,9831870.512814954
1628234827645937277,495115.5470688562,9825407.643802129
1628234827717851271,495112.54688285687,9825301.84887305
1628234827849836719,494932.72196201445,9818947.758424725
1628234827916134913,494834.7146521337,9815484.620866988
1628234828047963999,494767.4576800098,9813108.384429444
1628234828114046912,494674.28308488656,9809815.96803419
1628234828246112918,494553.992632387,9805565.438018134
1628234828318146540,494462.157859051,9802320.280268017
1628234828443892334,494302.63517792436,9796683.138043882
1628234828522029796,494287.1648619774,9796136.70898011
1628234828648022194,494111.9063182722,9789943.34916061
1628234828719925727,494118.17552809144,9790165.15652203
1628234828851942844,493955.3164278914,9784409.879785527
1628234828918189684,493867.73542993894,9781314.79942936
1628234829056060842,493826.98214007274,9779874.970387205
1628234829121947046,493746.16620631824,9777018.940502977
1628234829248174483,493670.650478845,9774350.44696325
1628234829380203316,493522.57518273214,9769117.340437839
1628234829451988027,493444.7320285457,9766366.25679315
1628234829578139368,493396.3607883283,9764657.154270025
1628234829650138738,493325.59510012507,9762156.189678721
1628234829782229512,493279.5914061579,9760530.74432015
1628234829854124278,493201.90144560405,9757784.984882763
1628234829992127670,493147.28064126003,9755854.929044362
1628234830040151088,493100.5061099344,9754201.811934803
1628234830184048394,492965.0335951762,9749413.819430113
1628234830250243966,492968.8060998539,9749547.499452656
1628234830382173944,492841.5457168272,9745049.645466786
1628234830448180707,492781.8432818752,9742939.507772207
1628234830574229758,492788.580048167,9743178.343645597
1628234830646127021,492721.3131894796,9740800.847207205
1628234830790161769,492717.0778038797,9740651.841828225
1628234830850194409,492663.3736941678,9738753.71936874
1628234830976196166,492694.89367071557,9739868.710028403
1628234831048062495,492647.03481913876,9738177.280275024
1628234831180137474,492562.97116235277,9735206.316499371
1628234831246293859,492597.16107891273,9736415.392997678
1628234831378202114,492494.39473121,9732783.26978916
1628234831456228067,492432.8485170177,9730607.99851786
1628234831588181303,492471.982588022,9731992.26288172
1628234831648341614,492446.78495324537,9731101.847162632
1628234831780248699,492421.51992354717,9730209.516129078
1628234831858267993,492373.4798405376,9728511.702478327
1628234831984436479,492401.48128349567,9729502.378398104
1628234832056376023,492367.97839683585,9728318.421726186
1628234832182187405,492309.5691336147,9726254.267536215
1628234832248308683,492438.6855215307,9730819.164834592
1628234832392209629,492386.6123107695,9728979.157310395
1628234832452195864,492359.8486993122,9728033.396962438
1628234832584320394,492374.7888397132,9728562.367936516
1628234832650410136,492355.8032221956,9727891.629661232
1628234832788327456,492342.3447047997,9727416.727870325
1628234832842301882,492324.5966923564,9726789.626984818
1628234832980453678,492308.2250218916,9726211.69843875
1628234833052472005,492309.60939818725,9726261.083536204
1628234833184360008,492308.9475023446,9726238.520486489
1628234833250380159,492228.534354267,9723396.344433023
1628234833382369790,492211.10219136265,9722780.951891921
1628234833454274430,492204.4292957592,9722545.523392763
1628234833580495228,492134.57512964075,9720076.927181741
1628234833724392511,492047.9124291906,9717014.225595858
1628234833784399088,492035.1417787633,9716563.164979339
1628234833856286006,492018.70827232586,9715982.68253463
1628234833982510296,491917.57402996666,9712408.255335843
1628234834126412358,491886.97061511234,9711327.328335429
1628234834180641753,491872.9713599027,9710832.843646085
1628234834324551009,491758.79594720155,9706797.353935251
1628234834396553764,491739.60459698905,9706119.38023329
1628234834522348961,491646.63668901933,9702833.389177157
1628234834576546193,491632.3785200191,9702329.751891034
1628234834726456319,491540.61339919845,9699086.548553804
1628234834798328296,491511.0726944611,9698042.661544435
1628234834924624029,491458.2127491609,9696174.776868215
1628234834990481141,491313.93602911185,9691074.121914592
1628234835134340637,491239.1612721183,9688431.413464524
1628234835188620041,491208.32943339576,9687341.76217944
1628234835326603771,491059.1411748638,9682067.84285247
1628234835386624016,491034.93183977186,9681212.342942035
1628234835530373609,490864.0504385965,9675171.054275267
1628234835590519050,490834.4844047317,9674126.106500583
1628234835722436378,490686.883899531,9668907.75467389
1628234835782379427,490648.8916830309,9667564.798926784
1628234835932539702,490561.5897103895,9664478.918078352
1628234835992531280,490390.28594581963,9658421.253517495
1628234836130550291,490327.10825101775,9656188.319630498
1628234836184542366,490306.44931109354,9655458.19941753
1628234836328476157,490021.00151420734,9645363.812523143
1628234836388975816,489970.7765015461,9643588.111865798
1628234836520626029,489657.8591869807,9632520.96313441
1628234836580630017,489599.0849529636,9630442.575979155
1628234836724482355,489299.0507392542,9619830.12465548
1628234836790721948,489248.26317872416,9618034.209742855
1628234836928576099,489153.85829685174,9614695.899829417
1628234836982912150,488891.22824146517,9605404.494189523
1628234837126514013,488769.0294000766,9601082.560199669
1628234837198630919,488701.4643983551,9598692.768790768
1628234837324738396,488083.49790432147,9576825.592807861
1628234837384744585,488006.0704458335,9574086.082937157
1628234837534633858,487451.4397727683,9554456.37450866
1628234837660575301,487280.3858434374,9548402.661106864
1628234837726768915,486748.43884484173,9529569.782333339
1628234837853003151,486539.9586825966,9522189.357289558
1628234837924726565,486429.4290389926,9518276.287255809
1628234838056718041,485958.84212169965,9501611.691472782
1628234838122944435,485836.36137315404,9497274.415931107
1628234838254827272,485098.2342172345,9471125.903522477
1628234838326746221,484955.9940668601,9466086.875420922
1628234838458701680,484694.5958849048,9456825.77364936
1628234838530606155,484240.11860832764,9440718.24339987
1628234838662642366,483973.99409633374,9431286.598311817
1628234838728858684,483446.4817729752,9412583.545137031
1628234838860742636,483155.1783440198,9402255.331678579
1628234838926782853,482995.8750125094,9396606.573296893
1628234839058868881,482392.23972077103,9375195.177680105
1628234839130868738,482229.6759419912,9369428.542973764
1628234839251291050,481675.10117547336,9349749.472720833
1628234839328820710,481492.3753346355,9343265.15674518
1628234839460793384,481196.0650032231,9332748.776250407
1628234839532797631,480802.57023500843,9318777.926694155
1628234839658682998,480504.52574551816,9308195.642174331
1628234839730833293,480145.50456959935,9295444.18130417
1628234839856699441,479779.22168184014,9282433.10318438
1628234839929024813,479550.06593542674,9274291.722377904
1628234840060945412,479304.84815654403,9265579.625956949
1628234840132930665,479168.9817526501,9260751.928037887
1628234840264844226,478626.6867424667,9241474.840403445
1628234840336760552,478453.70284249925,9235325.121180406
1628234840456990690,478130.866678187,9223845.899930786
1628234840534973559,477803.0671193035,9212186.342612969
1628234840666745827,477450.82400081,9199655.901175186
1628234840732925329,477245.6458993862,9192355.67281262
1628234840864885546,476922.80103481124,9180867.1563875
1628234840924897294,476771.04869399755,9175466.114619598
1628234841068900574,476354.1731324864,9160625.410212351
1628234841128904317,476202.23166188475,9155215.47029514
1628234841254954266,475848.0174136171,9142601.011026595
1628234841326910664,475679.90377354785,9136613.160420863
1628234841465011861,475297.78754065477,9122999.545892792
1628234841525034353,475167.1628938221,9118345.343010472
1628234841662828619,474880.5194607607,9108130.51729466
1628234841728931677,474642.80278396636,9099656.360974254
1628234841860826849,474340.4036396043,9088875.486827537
1628234841927078740,474172.4024010703,9082884.891245566
1628234842059067508,473788.6904157929,9069198.358428407
1628234842130975398,473623.1726746387,9063293.793709537
1628234842257033235,473299.1850171415,9051733.288227106
1628234842329088910,473139.5602709214,9046036.803711705
1628234842454897410,472863.5177271168,9036183.978429941
1628234842593011245,472513.5366178429,9023688.462660098
1628234842659068029,472352.7210775656,9017945.758315919
1628234842791118526,472031.49303029536,9006471.885160524
1628234842862900346,471877.2582642123,9000962.050715096
1628234842994900567,471535.9950883766,8988767.124216016
1628234843073012491,471363.8905686013,8982616.322250668
1628234843205052097,471092.0320246757,8972898.701179152
1628234843264938192,470878.11607557134,8965249.281681906
1628234843391187084,470603.7763622611,8955438.737574488
1628234843463183484,470353.5130522479,8946485.67123171
1628234843607059052,470057.7886120851,8935905.356687749
1628234843661018735,469954.1967610732,8932198.449794732
1628234843793138734,469569.3562889105,8918422.926513046
1628234843865108078,469417.69721841096,8912993.335131982
1628234845269212000,466187.6209283714,8797161.418933285
1628234845401295044,465910.397444685,8787202.528763175
1628234845467311433,465745.95969338046,8781294.400903208
1628234845599321561,465482.50394168287,8771825.986230846
1628234845659218417,465361.4238272005,8767473.55357413
1628234845791335816,465061.8069668366,8756700.88317981
1628234845869285511,464902.6731661061,8750977.87819214
1628234846001251587,464605.096871386,8740273.186941076
1628234846061252486,464492.03070322814,8736205.12111184
1628234846193180231,464247.88274549326,8727419.045585262
1628234846271423622,464005.00717241096,8718674.08035519
1628234846403276690,463759.5802996371,8709837.022397816
1628234846463271905,463542.71767803654,8702023.94464338
1628234846595277038,463298.2189111114,8693215.590786602
1628234846661398678,463163.3943589039,8688357.237259565
1628234846805288257,462817.3414822938,8675882.659368679
1628234846937208039,462569.26261846116,8666937.619152553
1628234847003421290,462351.84511239536,8659094.734716943
1628234847063446083,462239.44141257065,8655039.891974246
1628234847201307509,461998.4866045497,8646345.884606859
1628234847333385958,461646.12145976804,8633626.175047798
1628234847393368556,461530.5586986182,8629453.727055298
1628234847537238201,461184.35311391676,8616948.89276465
1628234847603467103,461054.6719215824,8612264.066557124
1628234847735509055,460734.9754520877,8600710.57687569
1628234847795395850,460628.010731563,8596844.396126788
1628234847933614829,460368.0948938962,8587447.478477333
1628234848011504957,460156.1567385995,8579781.893253796
1628234848137471901,459901.7702503741,8570579.17622572
1628234848203264648,459778.9203076293,8566133.745501181
1628234848335611612,459450.09710094775,8554231.48688783
1628234848401349361,459327.67999343126,8549799.134244999
1628234848539534505,459033.0296741631,8539128.283843275
1628234848605356182,458914.61159899,8534838.474587794
1628234848737480698,458614.37354058516,8523959.163461983
1628234848797489683,458501.6335926008,8519872.905707201
1628234848935953136,458240.38859559357,8510401.714512601
1628234849001321256,458091.3800578873,8504997.533752756
1628234849145330621,457829.925496897,8495513.45625744
1628234849205473267,457717.83712950913,8491446.476171255
1628234849343355584,457428.404467816,8480941.823723318
1628234849403407937,457315.33738477324,8476837.011835558
1628234849541600562,457001.74625270383,8465448.668239757
1628234849601594886,456891.60464854795,8461447.724071737
1628234849733488398,456631.1722010112,8451985.94247037
1628234849799729614,456499.402807618,8447196.72603103
1628234849949392934,456234.66185114,8437571.800088983
1628234850003653321,456055.52624370455,8431056.624679089
1628234850141563329,455806.49142624077,8421997.190107394
1628234850195544376,455720.7598346355,8418877.682150157
1628234850345679750,455379.89404724404,8406470.13683215
1628234850399859145,455270.32176780194,8402480.469989296
1628234850543607117,454905.66112192615,8389197.882441426
1628234850597575954,454805.8632876846,8385561.527371039
1628234850747481055,454471.0485038992,8373359.1972107645
1628234850807523572,454340.6000998614,8368602.738067748
1628234850939583480,454087.5759400563,8359374.51624788
1628234851077590654,453841.0412579585,8350381.8601355925
1628234851149522500,453716.0668220277,8345821.039902745
1628234851269457806,453454.1552683223,8336260.672861058
1628234851347747033,453308.6372530059,8330946.915976352
1628234851467767472,453072.58333370695,8322325.241626809
1628234851539629091,452960.11527445226,8318216.25708539
1628234851677632743,452709.66031523945,8309062.987610749
1628234851737652700,452594.45635707385,8304852.782862263
1628234851881655417,452336.2245994671,8295409.862833288
1628234851941649890,452230.6094200654,8291546.716809408
1628234852067755986,452087.7697587263,8286323.812435369
1628234852139687136,451968.7253962915,8281968.011244382
1628234852277810029,451836.95458892256,8277147.945584574
1628234852337818632,451725.5076677795,8273068.4545697635
1628234852469831348,451592.7083437325,8268209.066562734
1628234852541689208,451470.943300895,8263750.364796602
1628234852679631977,451240.0278696061,8255292.652017045
1628234852739846655,451281.42888645665,8256812.576502583
1628234852871847180,451066.04903154937,8248922.190367569
1628234852949595173,450947.10774354835,8244563.5869309595
1628234853069793738,450796.68658076174,8239050.818676842
1628234853141721596,450674.7344415731,8234579.984055796
1628234853275012290,450696.3792912385,8235378.864915309
1628234853341256538,450589.3464019862,8231454.9495301675
1628234853473031259,450436.2792692055,8225842.577368206
1628234853544744768,450331.82041183877,8222011.542865685
1628234853671059029,450136.68062539486,8214853.17202779
1628234853743048192,450119.07871562615,8214209.221366326
1628234853880761029,449988.373410736,8209415.1698250715
1628234853946798900,449928.33534816495,8207213.226047485
1628234854073054047,449770.56957152137,8201423.288052235
1628234854145019700,449694.0815950768,8198616.2872567205
1628234854283120252,449576.81177817343,8194313.613361183
1628234854343117043,449512.67804962257,8191959.524385815
1628234854463203630,449401.3914717925,8187874.984224316
1628234854547082040,449322.1880841595,8184967.267131369
1628234854673116925,449180.4092176476,8179760.795351784
1628234854750838854,449147.1732461316,8178542.725471545
1628234854876861365,449016.64058667154,8173748.834798626
1628234854949250132,448951.7808462155,8171366.786284161
1628234855075156148,448877.2331151117,8168631.245482895
1628234855147149164,448820.52303610306,8166548.623430503
1628234855278902211,448707.82584328257,8162408.329056372
1628234855345169444,448639.0436064412,8159880.915077576
1628234855477154188,448512.0691286527,8155213.949187993
1628234855549150668,448443.39278625825,8152689.687137059
1628234855674794330,448315.7776020585,8147997.781504088
1628234855807177746,448217.8295626613,8144398.3028843
1628234855879169880,448157.49664259586,8142180.306880232
1628234855944955268,448105.1618754314,8140256.141350818
1628234856077208345,447965.9737888185,8135136.107124614
1628234856208852186,447873.864325267,8131749.396641051
1628234856280944460,447771.7708519334,8127990.992578369
1628234856413215793,447655.7908856576,8123723.8161376
1628234856473214147,447601.93312749336,8121741.877085246
1628234856611234360,447522.3182967913,8118815.066799576
1628234856683477916,447482.48923440767,8117350.746996651
1628234856815359821,447303.61286351975,8110761.493613242
1628234856869387157,447258.29929156316,8109093.681357541
1628234857013239518,447062.26752698154,8101869.537610651
1628234857073308388,447007.752385832,8099861.418558636
1628234857271285569,446783.82873965474,8091608.406006147
1628234857408966861,446657.49194914295,8086951.561784252
1628234857475246591,446556.1806503586,8083214.032262122
1628234857613282743,446423.6272097095,8078326.259811869
1628234857678915494,446369.7531770379,8076339.581925825
1628234857805275538,446198.0910197034,8070004.213639326
1628234857877281492,446135.3315138689,8067688.938152187
1628234858015319331,445932.05144120683,8060182.98356887
1628234858075310020,445875.67937024136,8058102.166103457
1628234858207098313,445749.7546645504,8053452.92129458
1628234858285313148,445587.33579914726,8047449.360999706
1628234858417365906,445456.4522329377,8042614.080915506
1628234858477338078,445354.31717321434,8038837.660094064
1628234858609370366,445223.9823110723,8034020.51979837
1628234858687362890,445144.18421381107,8031070.6288235085
1628234858825414401,445001.6770509728,8025800.737507044
1628234858879413942,444944.7643108725,8023696.132302024
1628234859011418263,444796.18209239567,8018199.0464407625
1628234859077424816,444728.0207218069,8015677.274613041
1628234859221374995,444502.90983427124,8007340.507122772
1628234859281463695,444432.89951389725,8004748.120859754
1628234859413133141,444278.32506649557,7999022.995491767
1628234859485169302,444148.76321643905,7994221.00851321
1628234859611506044,443981.6378741294,7988026.816753525
1628234859683432158,443891.05483014724,7984668.630256517
1628234859809428714,443730.35510358005,7978710.428773994
1628234859881444451,443655.2309230119,7975924.6496702675
1628234860019207158,443506.1626755708,7970395.8728062
1628234860157091385,443351.23013685644,7964647.335652381
1628234860211480128,443306.92047514534,7963004.317825264
1628234860289221528,443231.3755920666,7960200.618769371
1628234860415476998,443076.6674419954,7954456.983650906
1628234860559129370,442960.55069098,7950147.320571508
1628234860613540042,442913.0020776649,7948382.302562506
1628234860751558536,442798.8118346753,7944143.003350244
1628234860817438874,442745.3522906491,7942157.534526692
1628234860943712293,442636.55063968105,7938116.306681929
1628234861015547673,442547.0215497772,7934788.623859664
1628234861153260815,442441.7434769104,7930876.92405065
1628234861225579823,442315.2863771578,7926173.898422599
1628234861357566522,442145.71914445085,7919866.54783597
1628234861411493595,442079.6691039013,7917409.054729117
1628234861555612646,441989.88666407834,7914072.277404406
1628234861615595063,441940.8761034452,7912249.257449738
1628234861753494065,441882.7682805064,7910090.976894291
1628234861807720663,441854.9269484329,7909056.41764102
1628234861951283994,441730.5323126374,7904427.185522173
1628234862023222273,441661.9148827921,7901873.363860042
1628234862155252937,441450.5781755903,7894000.105337481
1628234862215519423,441346.47847719927,7890120.549626931
1628234862359635741,441298.1889219948,7888327.19841138
1628234862419646232,441202.7747355242,7884770.506968789
1628234863757445876,441053.66197271174,7879272.053409552
1628234863817717749,441002.6390333596,7877370.725288559
1628234863955744414,440870.32806917053,7872438.666686548
1628234864015747885,441078.75975065463,7880222.064786004
1628234864159416359,440973.25500203745,7876291.708096358
1628234864285767361,441137.6967416331,7882435.7275079945
1628234864363754525,441099.9895652345,7881032.2832628405
1628234864489656678,441224.7622160946,7885694.683296533
1628234864555789768,441172.98698662897,7883766.62932925
1628234864687919332,441093.4999924575,7880807.461545646
1628234864753786672,441301.62786850205,7888576.124831608
1628234864885807509,441253.5335975367,7886788.862734722
1628234864958008160,441227.3613957054,7885816.129923405
1628234865089775553,441373.30973528797,7891267.244310864
1628234865161461554,441344.741554731,7890205.362687927
1628234865287797942,441537.34620057605,7897394.827283682
1628234865359816853,441535.48962179327,7897329.303297415
1628234865491829776,441690.1856655029,7903103.124119154
1628234865557705170,441679.1223657251,7902694.054797139
1628234865677857641,441642.19487166643,7901324.866514074
1628234865761815021,441870.9357050995,7909853.709661355
1628234865887884369,441845.62109323684,7908917.989925968
1628234865959566439,441835.24728742,7908534.9700813275
1628234866079937092,442080.5539074046,7917680.509043082
1628234866157545822,442058.1350037086,7916849.797737192
1628234866289979414,442326.2798465679,7926842.474408276
1628234866367543674,442290.87858852616,7925529.0802307855
1628234866493954375,442618.46463435737,7937727.511500832
1628234866559972754,442591.2423810715,7936719.924628902
1628234866680016931,442538.05559386435,7934748.973778386
1628234866763998763,442839.4624524489,7945965.968842645
1628234866884017785,442709.6692669216,7941147.311223124
1628234866956263182,442637.35205402307,7938462.230336299
1628234867093992325,442976.77036964946,7951094.028090159
1628234867159996742,442971.9797257687,7950920.158037208
1628234867291676547,443221.8556991977,7960216.956790869
1628234867363893244,443190.6269732425,7959062.432846574
1628234867496028625,443476.2471159624,7969683.12496011
1628234867561629955,443441.14853390376,7968384.22371746
1628234867688041732,443375.4386283861,7965953.84165733
1628234867754066252,443684.9626894742,7977453.868434209
1628234867891931114,443648.94564410567,7976127.354664877
1628234867958041327,443630.6807968344,7975454.993434751
1628234868090033707,443891.9709741265,7985164.892693857
1628234868161958621,443874.17677812505,7984510.40461903
1628234868288089011,444142.5280449416,7994477.962110455
1628234868360055251,444133.2411731589,7994139.48546141
1628234868486209857,444417.88922025665,8004706.410573416
1628234868558122643,444427.9924055063,8005086.983541701
1628234868762110044,444694.9811954596,8014999.741300497
1628234868888093476,444717.9199922719,8015860.695402626
1628234869025809303,445024.57707468193,8027230.5462428965
1628234869092107378,445042.6622460583,8027906.0959678525
1628234869158467884,445048.9209785433,8028143.7243180685
1628234869295752420,445306.4286116799,8037688.0816589575
1628234869422176927,445313.6221430723,8037965.089464897
1628234869494131621,445604.3788699188,8048729.139730558
1628234869626040476,445648.3045924233,8050364.523970364
1628234869823914130,445935.38272777153,8060996.2653402
1628234869895808718,445944.0033568272,8061321.6099023335
1628234870034197014,446192.20777529606,8070507.736033598
1628234870094197392,446200.734762979,8070827.92419374
1628234870219818517,446228.87549450406,8071877.950010402
1628234870292185709,446466.44814990356,8080661.226351396
1628234870424196160,446481.6859489075,8081235.300943307
1628234870490180788,446716.93988554634,8089927.316591126
1628234870616250929,446719.3633661943,8090028.462818844
1628234870688197295,446725.19665906596,8090250.151474167
1628234870826239570,447014.68821932864,8100946.39468067
1628234870886273908,447020.6939506183,8101173.508546905
1628234871024268268,447282.10474916507,8110829.20669139
1628234871096279402,447284.76789696777,8110933.993410803
1628234871228228397,447545.8108245663,8120570.357853219
1628234871288253938,447555.9911919218,8120951.2595736
1628234871420322735,447575.170023509,8121670.44371709
1628234871498291503,447834.8714039279,8131248.181959858
1628234871635985713,447850.39882628043,8131832.59711136
1628234871690430626,447858.4121545559,8132133.525339618
1628234871822016739,448134.2616076728,8142305.3297989
1628234871905953083,448151.93984293344,8142963.874865078
1628234872032295862,448406.9909571269,8152365.072081146
1628234872092294424,448415.4826437393,8152683.367594448
1628234872218354055,448707.0431838434,8163423.167743081
1628234872302307910,448718.7471004698,8163861.43601229
1628234872428373284,448731.35868156,8164337.995899183
1628234872488672601,449013.08144715196,8174703.14432826
1628234872620322432,449034.0061900351,8175485.109623164
1628234872698007464,449048.40360186785,8176021.228966056
1628234872830015222,449345.25805171893,8186943.73498602
1628234872890731443,449362.57123547845,8187586.747997142
1628234873022372984,449657.11810009915,8198418.602674885
1628234873094334168,449674.42103011045,8199060.930128553
1628234873226426037,449973.3898924402,8210049.441615415
1628234873292436986,449987.1922975752,8210563.000804697
1628234873430303669,450006.15365224186,8211271.946148236
1628234873496436463,450291.7539751105,8221757.873336756
1628234873634478396,450310.7091463715,8222467.250988483
1628234873766463428,450605.1236111111,8233277.088131448
1628234873826467045,450617.26965942496,8233728.434693081
1628234873970371552,450904.1404321444,8244257.357868924
1628234874036497057,450923.52549666003,8244974.772810192
1628234874162382874,450957.7070664275,8246239.423446891
1628234874228472537,451218.3516462203,8255794.850811588
1628234874366499883,451264.506779176,8257499.429518335
1628234874426517934,451282.0262746423,8258147.13011031
1628234874570640907,451539.40559986554,8267584.850728764
1628234874624393283,451550.5691361016,8267998.608784952
1628234874768542780,451829.7872421422,8278232.537229853
1628234874828539967,451844.7337619902,8278785.530375095
1628234874966591158,452127.9055321314,8289158.240651902
1628234875026543071,452146.8507864692,8289857.224681147
1628234875170653972,452196.1784587976,8291675.445217468
1628234875230570729,452456.9530486442,8301215.453943037
1628234875368541225,452513.1959474006,8303285.565283092
1628234875428545423,452536.7030515051,8304150.913741549
1628234875572544605,452842.12193021463,8315324.870113247
1628234875632584886,452874.06882369803,8316498.053402535
1628234875770613335,453181.5398028178,8327740.877541611
1628234875830610526,453217.7008134931,8329067.295063924
1628234875974514937,453514.03955284134,8339897.934713896
1628234876040591857,453540.31477813836,8340862.974278235
1628234876172669441,453592.12736694125,8342768.113368845
1628234876232650739,453865.6396064758,8352751.668135193
1628234876370637684,453920.0709273934,8354751.280286575
1628234876430703041,453944.46023986395,8355646.923441963
1628234876562685137,454244.513083281,8366599.670322223
1628234876622680982,454274.340443515,8367693.065286508
1628234876772672184,454569.50501899794,8378464.170544951
1628234876832660124,454604.2198629045,8379735.056711238
1628234876964642520,454873.62048130546,8389560.542852711
1628234877024657477,454908.9126853057,8390851.862555811
1628234877168693181,454985.7584346128,8393664.379653158
1628234877234471317,455226.0372483023,8402417.06852193
1628234877366680783,455324.71658544365,8406022.68066838
1628234877504617691,455602.84350321797,8416154.919483038
1628234877576737105,455672.03695490607,8418679.896154035
1628234877696548036,455775.74725281354,8422462.927439773
1628234877774580912,456010.3872521859,8431002.401964962
1628234877900744931,456125.69610250957,8435207.142399274
1628234877978749977,456368.0240896532,8444021.40963483
1628234878104610088,456467.51988524455,8447648.39858332
1628234878170752599,456524.05491545337,8449709.251098514
1628234878308752727,456802.2429565358,8459826.15512835
1628234878374738170,456853.27325369883,8461685.064701151
1628234878500795098,457127.0375116639,8471635.885744922
1628234878572753161,457185.3653411701,8473759.747842582
1628234878710755718,457304.1152971321,8478082.90402299
1628234878770784685,457496.8286608178,8485080.241398992
1628234878902768632,457605.97313670977,8489052.00234429
1628234878968920181,457794.0685456031,8495879.980148328
1628234879100765880,457898.0045359337,8499661.187942196
1628234879172791784,457950.607462968,8501575.093181232
1628234879298773676,458175.37242909794,8509733.485341828
1628234879370796927,458227.19607053493,8511619.3723375
1628234879502859532,458469.7934429877,8520421.644513959
1628234879574823823,458523.3188925871,8522367.383974507
1628234879694795531,458621.25923186616,8525926.529113077
1628234879772869288,458781.6089179473,8531740.94655645
1628234879910742866,458877.59503616806,8535229.04986232
1628234879976804319,459012.55273536564,8540121.15432669
1628234880096858568,459085.3600917704,8542768.204483533
1628234880174912825,459128.4540984807,8544335.724365402
1628234880306855929,459330.4770746974,8551658.958078634
1628234880384686851,459361.3358084976,8552782.33055791
1628234880504855523,459570.43320187164,8560359.11911342
1628234880576932332,459600.7517013281,8561462.603775216
1628234880708950320,459655.48599451553,8563454.995570509
1628234880774980138,459854.72518030053,8570666.501985911
1628234880895005682,459925.04867217445,8573220.781659635
1628234880966993946,460097.9242991955,8579476.929550081
1628234881110875243,460183.9446107726,8582599.594761161
1628234881177117165,460228.6350772332,8584221.516840002
1628234881302753816,460406.6691682537,8590666.229086999
1628234881369093768,460450.90388378693,8592271.19051636
1628234881501008883,460617.87264838954,8598315.226687606
1628234881572880758,460658.8597795799,8599802.424518263
1628234881698913159,460734.4872367394,8602546.387399895
1628234881771126969,460876.80164610967,8607692.328094222
1628234881903037130,460946.5336828268,8610222.623199886
1628234881980906529,461087.9874996431,8615337.044550018
1628234882100921076,461146.11795416404,8617446.902015945
1628234882232927109,461332.27659580787,8624178.093111956
1628234882311150800,461377.24380157527,8625808.408785405
1628234882371158504,461413.866872399,8627135.621016756
1628234882502943419,461622.05036036356,8634658.871097352
1628234882634979300,461698.4821851654,8637428.212782443
1628234882701230393,461734.4755677765,8638733.093068978
1628234882845064059,461970.22551974456,8647248.06386024
1628234882905094700,462003.2683099501,8648445.123959592
1628234883036935921,462267.5933183562,8657986.128450032
1628234883115878127,462320.5833647625,8659903.521303993
1628234883247102520,462577.39324934594,8669169.832638366
1628234883307058292,462617.22404664155,8670610.49313645
1628234883439038300,462696.79502834467,8673489.26507938
1628234883505022048,462863.33361133316,8679494.385569809
1628234883643445559,462934.9911534658,8682088.14645965
1628234883703270939,462965.659098021,8683198.148364708
1628234883835082200,463192.5393474201,8691379.37165748
1628234883913155687,463236.5804096538,8692971.343080124
1628234884039053945,463438.5433517047,8700253.050750388
1628234884105272700,463481.64928240096,8701810.87777485
1628234884237290615,463685.35702366824,8709153.160826022
1628234884309163285,463722.44412072346,8710493.950655064
1628234884441086004,463784.98786767997,8712756.017976323
1628234884507069254,463969.5578042625,8719400.814780788
1628234884639311723,464040.82649583963,8721976.866823014
1628234884711192808,464078.4689648965,8723337.03034727
1628234884837417382,464302.9540317729,8731420.769290207
1628234884909104126,464351.24047776504,8733163.114421943
1628234885041098580,464593.5410968587,8741884.638602708
1628234885107501457,464647.26298327104,8743821.699731302
1628234885251126695,464890.75345804443,8752583.813559998
1628234885311098505,464930.7542703429,8754026.35100456
1628234885443121847,465009.34664090036,8756861.52966747
1628234885509389247,465250.3680159638,8765524.857777247
1628234885647065522,465305.26229997375,8767508.01871672
1628234885701426712,465336.94176544936,8768651.05730554
1628234885833146445,465699.5897367684,8781682.431936657
1628234885911288454,465764.53908578935,8784019.914519375
1628234886043425731,466091.1233690129,8795752.044838274
1628234886103384712,466152.8289640079,8797971.227796096
1628234886241212945,466467.38971516414,8809266.88426691
1628234886313173631,466535.97562852927,8811732.720242172
1628234886445167616,466662.0637305478,8816265.504426848
1628234886506225772,466902.8410771688,8824903.039044145
1628234886638113950,467041.31495592353,8829877.84641623
1628234886710136233,467115.2492781257,8832533.742349874
1628234886842294655,467429.28085223126,8843798.426941615
1628234886986244759,467742.9606137606,8855046.684150593
1628234887034223503,467793.84720549715,8856873.413964652
1628234887184323954,467939.2020928702,8862091.435760025
1628234887250042200,468202.44365217263,8871521.136846898
1628234887388268011,468327.00695869606,8875991.814129055
1628234887442175673,468365.68325153366,8877380.390925063
1628234887580176596,468700.7806506557,8889383.779916493
1628234887646199697,468774.81627167674,8892038.478787092
1628234887778198411,469114.66251015506,8904205.711900897
1628234887838320213,469182.6247501546,8906641.233685268
1628234887982200693,469500.7177655753,8918026.574200597
1628234888048347784,469571.1848472021,8920551.494255792
1628234888180201067,469704.6031016362,8925331.282822121
1628234888240222018,469960.4231684012,8934478.871534698
1628234888378360144,470135.7569993431,8940755.099170296
1628234888444108102,470215.19772251986,8943598.097954508
1628234888582262665,470537.33712341735,8955116.010126008
1628234888642232761,470616.506531059,8957948.174339693
1628234888780396646,470925.87601765024,8969005.732370993
1628234888840392617,471004.85629953997,8971830.04044763
1628234888984259993,471301.0809729549,8982414.2530547
1628234889044253985,471381.1228697204,8985275.396076769
1628234889182439703,471570.19784567744,8992032.95627608
1628234889242426838,471766.1269628961,8999027.50765101
1628234889386307179,471949.52468483074,9005580.056224361
1628234889434478673,472012.27748894214,9007822.024505906
1628234889584324624,472325.13373407605,9018989.754209273
1628234889644324115,472405.8090939505,9021870.629779974
1628234889782445936,472722.5707982217,9033172.719128601
1628234889848352550,472804.4561910512,9036095.645129304
1628234889992216658,473114.15427186695,9047141.881589402
1628234890046489139,473192.66210530757,9049943.408226093
1628234890184469544,473373.89907763526,9056410.119564258
1628234890244500924,473582.88060692156,9063858.080148384
1628234890388378580,473762.9666557691,9070281.518883163
1628234890448395540,473844.70515562146,9073196.403192077
1628234890580248726,474134.6634175895,9083528.985023476
1628234890646515062,474226.6010465864,9086806.65188956
1628234890790405628,474526.4701383825,9097489.183216644
1628234890910324816,474675.67181848764,9102806.844809426
1628234890988423494,474920.07540431217,9111507.987820711
1628234891120317290,475074.9304846883,9117025.634450385
1628234891186679680,475153.3793708514,9119820.85669555
1628234891312437378,475421.8321314704,9129376.15520157
1628234891390421598,475505.1101953325,9132342.93432795
1628234891510452855,475776.07335416845,9141984.796049707
1628234891588562710,475873.2055197172,9145443.128290134
1628234891714375287,476031.2072345769,9151067.3702535
1628234891786861371,476229.3921969984,9158116.122561777
1628234891924361940,476393.6872069054,9163963.017285185
1628234891984474858,476564.4603120372,9170034.675293386
1628234892110676610,476700.77490733674,9174886.056462469
1628234892182649054,476765.93254480057,9177205.332592588
1628234892314530350,477039.3140631499,9186923.872059204
1628234892380615020,477103.0729063926,9189192.82244967
1628234892512630375,477369.6344612304,9198666.747437553
1628234892584615586,477432.631124435,9200908.038507223
1628234892710903935,477542.85157146794,9204829.690680753
1628234892788554081,477761.76962583966,9212605.425202217
1628234892914548838,477862.82854814106,9216200.917910837
1628234892980920800,478091.95610405685,9224337.020796653
1628234893112646586,478231.1863215891,9229285.97681988
1628234893196453241,478308.55419529154,9232035.660509652
1628234893316562895,478566.0706143771,9241180.144071156
1628234893388525191,478635.41158153984,9243644.419203589
1628234893520468171,478852.97440581163,9251369.498236421
1628234893586689714,478907.7294336359,9253315.93803288
1628234893718594723,479115.50419292593,9260692.406574275
1628234893796563918,479156.04784987506,9262134.522575343
1628234893916783095,479226.6226386368,9264645.217589956
1628234893988756703,479405.56764050364,9270994.105041023
1628234894120632286,479472.78679133346,9273385.295891773
1628234894192519337,479510.2302940582,9274717.058651768
1628234894318653678,479732.6039556229,9282607.596238848
1628234894390650863,479782.95525418106,9284396.551391376
1628234894510790808,479938.67841776076,9289922.945273759
1628234894588710489,479975.608463424,9291236.623782184
1628234894720676406,480150.31566886563,9297435.406333236
1628234894792551420,480187.00903816224,9298739.828672685
1628234894912571591,480271.53593741136,9301742.011438245
1628234894990803687,480392.95999757457,9306048.829894695
1628234895122713118,480508.4527946527,9310148.02555737
1628234895194595076,480567.9347411676,9312259.244367315
1628234895314855070,480639.93118511775,9314816.591728147
1628234895392906228,480674.060343447,9316030.136203041
1628234895512855775,480806.6099072621,9320731.911451079
1628234895590754584,480836.76373883826,9321804.447382627
1628234895722748312,480970.0960676405,9326533.794805868
1628234895842755154,481019.9787332477,9328307.025637442
1628234895915183110,481042.5101593936,9329108.82240523
1628234896052817939,481169.66676439997,9333619.267364213
1628234896118781470,481183.16183223133,9334100.410781495
1628234896244787167,481268.7323367809,9337137.426414395
1628234896322919080,481271.84340133856,9337251.941726072
1628234896455083465,481276.54385138466,9337425.417881817
1628234896526808813,481357.7142074029,9340303.011001928
1628234896646792519,481366.2707417552,9340612.389948467
1628234896724697545,481436.5910561042,9343105.582816632
1628234896856928063,481417.6753946013,9342443.41983738
1628234896916972104,481398.06872320385,9341752.519165596
1628234897054849040,481472.7392586531,9344402.690478345
1628234897120829689,481463.436398424,9344077.036408974
1628234897259849041,481517.6193486166,9346002.356603438
1628234897325939661,481514.804587412,9345905.832603581
1628234897451802165,481516.56024087203,9345974.694225017
1628234897518115853,481553.73427151126,9347294.14092002
1628234897649966145,481577.22166293755,9348132.128452409
1628234897715930078,481588.92745942174,9348550.058280878
1628234897847910257,481591.5046584932,9348647.867177976
1628234897920167980,481580.79666180315,9348272.406206345
1628234898057931344,481570.03055765526,9347898.331535485
1628234898123989293,481562.8504189029,9347647.173374321
1628234898249918153,481611.22474252613,9349365.819388175
1628234898321938836,481610.13529424375,9349330.702212056
1628234898448413848,481612.9532931027,9349436.812028559
1628234898520133665,481624.2974742466,9349841.758146204
1628234898651972759,481597.8468081522,9348911.936675278
1628234898730170450,481638.15764969593,9350342.491320873
1628234898862168076,481599.73601638013,9348988.889267992
1628234898922187648,481583.95343444316,9348433.145498492
1628234899059952849,481620.47284842655,9349731.7359269
1628234899120314432,481600.47691596387,9349027.318066424
1628234899264075794,481626.46147458436,9349953.424926134
1628234899312204234,481604.78153375327,9349188.451000791
1628234899456119156,481539.41713868413,9346881.503967172
1628234899522055167,481605.91142825806,9349237.945742698
1628234899660105443,481565.39249681844,9347809.740656212
1628234899726000639,481614.3491578952,9349545.411739033
1628234899852243420,481584.88404600916,9348508.31451449
1628234899930043098,481572.46000793215,9348071.659414096
1628234900056052842,481590.9988326838,9348733.301643614
1628234900200094561,481534.7687399136,9346749.35127698
1628234900254386627,481580.9924516784,9348387.643339632
1628234900398139964,481504.2196195333,9345676.605107524
1628234900458143745,481471.72270729864,9344529.038634233
1628234900596071976,481480.0122785354,9344828.200684212
1628234900656096935,481441.8395555163,9343479.706311285
1628234900793975841,481463.4781575663,9344250.751065025
1628234900860174748,481414.4429967982,9342518.173780005
1628234900998131698,481438.59356934525,9343378.401676886
1628234901058184852,481401.74112358986,9342076.521425078
1628234901196176666,481319.79496592924,9339181.374707082
1628234901268315358,481359.67580369295,9340595.747894857
1628234901394213606,481291.2760172571,9338179.508410875
1628234901454516490,481253.01494057965,9336827.611039842
1628234901598345910,481237.08231557003,9336269.210885402
1628234901664033314,481199.0520453647,9334925.402443856
1628234901790364122,481212.00138389494,9335388.348525675
1628234901862220056,481165.8711496151,9333758.155063517
1628234902000191648,481163.1395187552,9333666.421961945
1628234902060377985,481131.5259702502,9332549.615743078
1628234902198096674,481069.0158565902,9330341.652731098
1628234902252334916,481084.26376288594,9330883.455891386
1628234902402207949,480998.6132256821,9327856.992785536
1628234902600555531,480956.9404643232,9326388.676214654
1628234902660408886,480923.6672047021,9325212.913929764
1628234902804231205,480950.26388620725,9326158.807148084
1628234902864231737,480932.4372406552,9325529.74095337
1628234902996238125,480944.1238880769,9325947.561870307
1628234903056267813,480916.3821496822,9324967.511949833
1628234903200148156,480851.1113221353,9322661.538292136
1628234903266306624,480904.4575142187,9324551.934557056
1628234903392327473,480867.7433804322,9323256.342058057
1628234903458321054,480853.34808304464,9322748.598700678
1628234903596461804,480855.21311238746,9322818.734830078
1628234903668315730,480837.23028411844,9322184.241804617
1628234903794359016,480838.7423002041,9322241.500420079
1628234903854367307,480833.3546533504,9322052.494331889
1628234904004347277,480811.682995872,9321289.337476024
1628234904064440711,480807.8886033108,9321156.948697738
1628234904196787054,480800.0537605778,9320883.12492881
1628234904328554067,480791.29266101366,9320576.41638073
1628234904400400730,480787.7054700618,9320451.264322309
1628234904526417400,480786.049168284,9320395.92695955
1628234904598369477,480774.7130247457,9319996.41625055
1628234904730384104,480765.98836317,9319690.665331626
1628234904796524268,480758.0101149034,9319409.922725184
1628234904928289793,480745.61606279184,9318974.016313097
1628234905000396014,480732.06518370274,9318496.072012853
1628234905132392315,480711.2776886838,9317763.13928946
1628234905330552710,480715.560381133,9317918.839360101
1628234905402468130,480704.2963735231,9317521.563595686
1628234905534453125,480733.5974036656,9318561.318084523
1628234905600529661,480728.66686637496,9318388.16898491
1628234905720580170,480734.2091406198,9318586.543181121
1628234905798460262,480727.3566827446,9318345.283307055
1628234905930509293,480723.75566413923,9318220.344744435
1628234906002436431,480738.3788753052,9318739.051246172
1628234906122618147,480722.205557897,9318168.62569012
1628234906200354475,480712.85480864445,9317838.82185166
1628234906326485603,480725.04666860186,9318272.2841354
1628234906404478527,480714.5567483829,9317902.252480563
1628234906524509004,480745.81573582377,9319010.4363884
1628234906596501525,480738.5634674736,9318754.809205543
1628234906734650948,480746.50933566684,9319038.00235075
1628234906806526174,480733.7799212347,9318588.472449956
1628234906926519394,480711.5617596277,9317803.817282058
1628234907004622756,480747.8318711346,9319088.556261323
1628234907136718459,480713.0781277182,9317860.330139171
1628234907208463970,480696.0149489633,9317257.231963122
1628234907328568854,480729.0230739215,9318427.24732935
1628234907406556989,480705.10994157125,9317581.930586666
1628234907532589929,480734.0231401364,9318606.891450653
1628234907610588984,480712.60395678575,9317849.799252748
1628234907730590621,480744.09862228564,9318966.071087563
1628234907802605547,480725.08364051965,9318293.90419864
1628234907940577705,480686.7550762417,9316938.92850393
1628234908000591643,480740.98250404955,9318859.01213464
1628234908132615671,480710.1222411784,9317768.177803628
1628234908204579722,480693.9428462836,9317196.261486325
1628234908330618682,480719.60105002153,9318105.859602446
1628234908402774414,480702.8909263653,9317515.106319988
1628234908528764817,480745.71782374615,9319032.27328378
1628234908600776187,480733.8680998505,9318613.4993228
1628234908738686999,480783.0285813708,9320354.687197
1628234908810671014,480773.5350199534,9320019.242239442
1628234908930856032,480759.34090917686,9319517.777691824
1628234909062806273,480776.89315967937,9320139.714400578
1628234909134683456,480768.5218243012,9319843.858726867
1628234909266592560,480808.32070611394,9321253.113233112
1628234909332686224,480802.2337198636,9321038.032498501
1628234909470616033,480794.06523810845,9320749.520061158
1628234909530730883,480815.37392836076,9321503.740366312
1628234909662768843,480805.4565855101,9321153.183119696
1628234909734706497,480861.42806585017,9323134.249197172
1628234909867089004,480854.29244306416,9322882.026640648
1628234909932974849,480851.9670467385,9322799.868103534
1628234910076725373,480906.38383625855,9324725.807926062
1628234910142633057,480905.10686948884,9324680.684552237
1628234910268766508,480978.56790604244,9327280.390989866
1628234910334886123,480981.04418601707,9327368.08380893
1628234910472739631,480980.43362902926,9327346.586396353
1628234910526917091,481079.3451916702,9330846.636470035
1628234910664839506,481068.2487315842,9330454.040706381
1628234910736785610,481210.6886333969,9335494.14857671
1628234910868808342,481208.182520552,9335405.497799965
1628234910935073771,481207.3160506905,9335374.847832408
1628234911066869879,481327.6659367001,9339633.068487221
1628234911138819650,481327.5967565674,9339630.620743036
1628234911270801505,481445.77971120394,9343812.008910056
1628234911336825122,481446.0414105237,9343821.267779978
1628234911462729235,481446.74245410593,9343846.064518869
1628234911540840930,481566.4767612791,9348082.053370226
1628234911672866373,481567.2077885671,9348107.91438368
1628234911732871248,481689.2849778828,9352426.493606655
1628234911876826236,481690.39262630785,9352465.657646308
1628234911942863976,481691.0697976709,9352489.603052896
1628234912068924892,481817.7043844473,9356969.101195652
1628234912146698956,481818.0714431907,9356982.084948305
1628234912272921419,481947.8715549229,9361573.228053633
1628234912344895527,481948.0400532684,9361579.187816866
1628234912476794651,481948.7442866164,9361604.091109077
1628234912530959295,482078.58078302036,9366196.198145889
1628234912662922614,482078.6138833316,9366197.368815217
1628234912734929664,482209.7329210874,9370834.499487417
1628234912873071514,482210.5640188827,9370863.87266929
1628234912933069876,482210.83508241246,9370873.450879317
1628234913070839202,482344.313933162,9375593.7054497
1628234913136959605,482344.62993719464,9375604.88005035
1628234913275062928,482478.6934322584,9380345.468064705
1628234913413010219,482479.39772171254,9380370.371493666
1628234913466961261,482479.59951633954,9380377.501958737
1628234913533051094,482611.5026856004,9385041.363830667
1628234913671015456,482611.7976656806,9385051.79348546
1628234913808991567,482740.332744837,9389596.252345497
1628234913869019959,482740.43495498906,9389599.870805584
1628234914007023802,482873.5837834873,9394307.16611945
1628234914079020916,482872.2220060964,9394259.061905248
1628234914211051649,482867.15246611304,9394079.948183326
1628234914265316390,482995.5378258209,9398618.564940514
1628234914409073317,482987.49436261354,9398334.409158528
1628234914481070063,483113.81208567356,9402799.703975927
1628234914607192213,483103.4181015582,9402432.535984607
1628234914667214003,483097.8868032889,9402237.1387703
1628234914810962881,483213.96282690176,9406340.378309205
1628234914877143507,483206.4215059357,9406073.99501424
1628234915009233484,483323.4512378918,9410210.762926793
1628234915069146359,483316.40043875604,9409961.726753114
1628234915213039851,483299.89107333357,9409378.620333781
1628234915279169089,483426.78180138435,9413863.61727844
1628234915411118488,483413.0537522879,9413378.847758543
1628234915471120343,483406.20971498656,9413137.154779298
1628234915609258210,483527.85788847524,9417436.868733268
1628234915681063431,483521.7179524924,9417220.079178017
1628234915813149580,483646.1498351292,9421617.922610419
1628234915873166799,483640.56651125185,9421420.82164931
1628234916011286826,483768.396819354,9425938.505829794
1628234916071304198,483762.89694729605,9425744.384596331
1628234916215055963,483748.00026552746,9425218.5331626
1628234916275173417,483876.402223132,9429755.910445131
1628234916413333302,483859.798481602,9429169.82121875
1628234916473330758,483852.95992026443,9428928.446578832
1628234916605464315,483971.1297191277,9433104.404357832
1628234916677231966,483960.6442174735,9432734.25357984
1628234916815236958,484085.1834144559,9437135.09471105
1628234916875221380,484077.3700629657,9436859.34384526
1628234917007344210,484196.8829697534,9441082.350678666
1628234917079230032,484187.24481785705,9440742.211484894
1628234917211269140,484168.3162722173,9440074.172210166
1628234917277268798,484295.3519823676,9444562.504075758
1628234917415165016,484274.6081255905,9443830.395305384
1628234917547394303,484396.8354742721,9448148.980895225
1628234917619290895,484386.5992357648,9447787.76860904
1628234917679418298,484377.5907780023,9447469.872017957
1628234917811310133,484509.1554847459,9452118.065675737
1628234917943297483,484492.7325721141,9451538.678145727
1628234918015650794,484626.4924590908,9456263.822955586
1628234918141236166,484614.44538797456,9455838.966810625
1628234918213187348,484607.2845324116,9455586.415811436
1628234918339491418,484726.02916489204,9459781.239153896
1628234918411328276,484719.97092387476,9459567.640230723
1628234918543230760,484836.3099841288,9463677.219388315
1628234918621465668,484828.81572895497,9463412.960946156
1628234918753350507,484942.4934207306,9467428.355761519
1628234918813358097,484936.8914131382,9467230.82691599
1628234918951386238,484926.9714981052,9466881.213788437
1628234919011395621,485043.28458533424,9470989.097049702
1628234919155383163,485030.98369690333,9470555.40595353
1628234919209730369,485026.8374183568,9470409.281380583
1628234919341442346,485132.2370818223,9474131.900828421
1628234919413420744,485125.8473461227,9473906.594111571
1628234919545350002,485235.4166416916,9477776.193062538
1628234919611566961,485232.0655720361,9477658.165121736
1628234919737437062,485335.81542145065,9481322.042764883
1628234919815447560,485331.18268007366,9481158.782983275
1628234919947319941,485324.79389136843,9480933.6888759
1628234920019335848,485422.0468331949,9484367.791642556
1628234920145590526,485421.8173844053,9484360.129196927
1628234920217345291,485422.0642633758,9484369.069306267
1628234920349484126,485506.9807196677,9487367.56582458
1628234920547625399,485593.3673737839,9490418.001350444
1628234920619504166,485591.927488434,9490367.34181562
1628234920745526752,485671.8160724145,9493188.001272984
1628234920817517470,485669.0051158296,9493088.91696782
1628234920943702295,485666.9809994486,9493017.716873625
1628234921015644074,485737.8603088141,9495520.051692715
1628234921147556080,485732.3972998055,9495327.417170528
1628234921219500449,485730.13353065366,9495247.596241094
1628234921339552594,485809.83785393025,9498061.447336681
1628234921417640185,485804.8662392754,9497886.053961167
1628234921549691815,485889.6668659458,9500879.663828665
1628234921621580401,485884.1079649762,9500683.516831689
1628234921741570209,485973.1662199316,9503827.29878075
1628234921819690643,485966.46142485377,9503590.708933832
1628234921939749281,485957.1205621702,9503261.10087817
1628234922023580819,486045.3935508068,9506377.000382055
1628234922143504365,486035.0459152026,9506011.845063126
1628234922281594321,486115.3034272801,9508844.753557479
1628234922341631048,486109.4286183011,9508637.431201806
1628234922485624598,486195.5151080402,9511675.960986871
1628234922545623640,486189.1849271493,9511452.56780971
1628234922683622121,486173.72907403694,9510907.122387487
1628234922743632503,486270.9914840748,9514339.97108917
1628234922881766673,486254.6515646447,9513763.341785217
1628234922947572661,486247.6578218189,9513516.534248361
1628234923085682535,486342.0206135656,9516847.000727242
1628234923157544768,486334.1971874731,9516570.925186846
1628234923283783505,486439.5713086296,9520289.858236603
1628234923355825569,486432.8693856792,9520053.373926375
1628234923475802997,486547.06250710273,9524083.400837332
1628234923565719203,486537.7115307703,9523753.471977536
1628234923685947688,486524.78267016733,9523297.318772772
1628234923745876880,486636.8825192903,9527253.274037695
1628234923877846398,486619.3071879302,9526633.220262375
1628234923949659492,486608.1846358646,9526240.817581506
1628234924093620255,486702.91408866603,9529583.851912292
1628234924153833624,486692.5781533006,9529219.226907095
1628234924279658820,486793.85642137885,9532793.320523966
1628234924345868183,486781.5312903619,9532358.558676485
1628234924477820693,486872.12708813394,9535555.576883465
1628234924549757491,486856.7394903489,9535012.789432622
1628234924681679246,486827.6627835719,9533987.134189857
1628234924747908230,486933.5308253117,9537722.896966223
1628234924879920080,486905.8912614856,9536748.007780336
1628234924951808977,486890.8494266366,9536217.459549593
1628234925083722802,486972.68354616815,9539105.3041073
1628234925149935086,486957.32119512465,9538563.474150933
1628234925287705000,487031.7929061558,9541191.526794773
1628234925348194858,487015.8630993689,9540629.687940858
1628234925479892955,487090.20953002333,9543253.271697043
1628234925551846736,487076.0017932002,9542752.20362084
1628234925683724869,487052.01590604836,9541906.305485424
1628234925743780381,487129.94225485664,9544655.901835114
1628234925875869310,487105.527761695,9543794.890424278
1628234925953860383,487090.580446406,9543267.74717142
1628234926085760650,487151.14795309096,9545405.057441777
1628234926145780214,487139.08549208334,9544979.660246849
1628234926283987471,487190.9023916684,9546808.220185265
1628234926355895537,487174.15665919543,9546217.644814733
1628234926482141061,487231.0338471247,9548224.687004264
1628234926626013504,487192.8230888746,9546877.080753947
1628234926686042343,487175.5920201909,9546269.370266952
1628234926757811308,487243.45590533514,9548663.81470294
1628234926883982849,487201.56159293605,9547186.258276835
1628234927028067754,487250.6382250589,9548918.181358589
1628234927082233986,487230.48301794997,9548207.340716353
1628234927226014718,487274.7864218077,9549770.89310835
1628234927286018857,487255.3275573233,9549084.637506763
1628234927429896160,487213.4697194457,9547608.464605633
1628234927477993402,487275.2104400612,9549786.858304545
1628234927621945597,487224.69373252377,9548005.233343992
1628234927688160428,487200.17179365695,9547140.38983187
1628234927819988707,487254.3186342714,9549051.220473092
1628234927879999806,487234.2771522708,9548344.424147066
1628234928030164217,487277.9389224543,9549885.413640728
1628234928095907071,487257.10945981136,9549150.83917425
1628234928222167959,487315.757434353,9551220.463124927
1628234928288079544,487292.24104202527,9550391.166456083
1628234928420057516,487248.30491789745,9548841.76990853
1628234928492265914,487324.8199061992,9551541.454893894
1628234928624062801,487278.3844269991,9549903.934582805
1628234928684075998,487258.2236093366,9549192.987435842
1628234928822095955,487312.3376357488,9551102.754693013
1628234928894012824,487290.15936954087,9550320.712677157
1628234929020249020,487339.84674868855,9552074.242108138
1628234929085890605,487318.8339833239,9551333.28160862
1628234929224115867,487361.7499115546,9552847.984054599
1628234929284118899,487340.7909503869,9552108.93917568
1628234929422230042,487294.1034115905,9550462.691600349
1628234929482246082,487355.408166495,9552625.760839963
1628234929626114671,487303.46394576796,9550794.11331862
1628234929686141222,487279.6747950066,9549955.238126626
1628234929824261209,487316.77179234516,9551264.744529944
1628234929884246466,487293.18737686554,9550433.1064562
1628234930028168352,487311.4034278284,9551076.578533644
1628234930088177051,487286.2378880449,9550189.171567174
1628234930232182996,487305.93708230613,9550885.00684878
1628234930286186171,487282.2856976185,9550051.027415162
1628234930430179063,487223.3675085699,9547973.423033038
1628234930502205712,487262.18983801093,9549343.486876968
1628234930628191046,487204.48200713255,9547308.560898729
1628234930760126868,487218.0341837023,9547787.59949894
1628234930826323539,487179.83482178807,9546440.525624512
1628234930952136025,487111.7009100807,9544037.781838872
1628234931030215513,487154.60577997257,9545552.056187317
1628234931156591085,487082.46228612505,9543007.975103933
1628234931228375213,487119.689244988,9544321.949496299
1628234931360383947,487026.84369286854,9541047.552867077
1628234931426168194,486983.8074992232,9539529.768732378
1628234931558296178,486994.04306864314,9539892.267116569
1628234931630262431,486943.5315086424,9538110.858828694
1628234931762167014,486945.54096424644,9538183.12521637
1628234931834279481,486897.5211874779,9536489.627906427
1628234931966305682,486804.63581629156,9533213.746780455
1628234932032312109,486846.6098555785,9534695.55705606
1628234932164314463,486749.1547618097,9531258.437522668
1628234932224220439,486805.4717110682,9533246.209974475
1628234932362445821,486717.8566265259,9530156.368816288
1628234932428241190,486683.04160786135,9528928.606693191
1628234932554333272,486666.66713977914,9528352.402527194
1628234932632455207,486613.9080369768,9526491.709369194
1628234932764466415,486597.258399942,9525905.714008024
1628234932824423081,486554.8310799695,9524409.327026462
1628234932956350735,486459.7414461997,9521055.442335779
1628234933034370985,486468.2094262068,9521355.252532167
1628234933160193041,486381.60904332355,9518300.753483308
1628234933226516242,486408.98245382746,9519267.551144255
1628234933358374788,486314.53551171767,9515936.23309896
1628234933430283065,486265.343683911,9514201.13047714
1628234933556424465,486254.0284364645,9513803.408664832
1628234933634529588,486193.0843882373,9511653.661954237
1628234933760427816,486185.467631203,9511386.315020354
1628234933826456375,486132.0825150808,9509503.17234931
1628234933958442244,486038.10507299093,9506188.145067854
1628234934036559399,486071.3126641604,9507361.091823988
1628234934162370728,485988.7994084991,9504450.493248198
1628234934228588214,486061.63856483577,9507021.9066854
1628234934366513277,485964.19750622445,9503584.701798232
1628234934432467108,485924.03376543423,9502167.93050405
1628234934558568073,485975.12858391146,9503972.74081326
1628234934630598995,485931.3878263279,9502429.852114527
1628234934762426042,485928.1098800382,9502316.081946759
1628234934828589081,485888.88335039845,9500932.516752992
1628234934960520941,485816.0079304615,9498362.066634588
1628234935032430560,485836.5720671039,9499088.864763482
1628234935164513819,485755.39577409526,9496225.419418268
1628234935230576690,485839.4610935999,9499193.592214674
1628234935362526407,485763.22541759507,9496504.582366541
1628234935494514160,485825.7477855798,9498713.285248887
1628234935560647800,485786.2158315178,9497318.972022446
1628234935632708800,485746.4522339051,9495916.464284731
1628234935758453890,485805.6044207392,9498006.073745547
1628234935896523987,485733.5560080638,9495465.106194098
1628234935962668769,485696.5594738439,9494160.299971972
1628234936094699596,485738.34056777484,9495636.776798662
1628234936166587727,485705.54042837565,9494480.118283464
1628234936292649285,485735.51996507443,9495540.036004389
1628234936370620063,485697.6654494784,9494205.00426305
1628234936496752565,485718.58288725995,9494945.212355735
1628234936568633639,485680.54668625357,9493603.795148242
1628234936694505549,485616.6382029869,9491349.97257368
1628234936766656512,485660.67068641796,9492905.417537332
1628234936898528904,485586.5709536516,9490292.082151616
1628234936964530498,485550.6380040885,9489024.740079235
1628234937096711986,485570.6777684835,9489734.402808461
1628234937162657611,485532.7120548688,9488395.328569613
1628234937300628007,485550.34154950414,9489019.955381451
1628234937360678383,485512.77952438535,9487695.142708363
1628234937486805112,485529.2207777405,9488277.730348632
1628234937564674039,485482.72835000267,9486637.89184095
1628234937702695667,485384.13400197093,9483160.154801961
1628234937756746561,485454.2545765684,9485636.409456562
1628234937888795453,485352.54958776786,9482048.733378466
1628234937966613681,485298.2766264489,9480134.20764368
1628234938092595057,485298.3298676635,9480138.466656363
1628234938164615238,485244.2771556926,9478231.711025033
1628234938290739415,485234.50533437973,9477889.229114637
1628234938362684241,485177.12140040466,9475864.872138625
1628234938500819378,485150.21170271904,9474917.669656958
1628234938560813082,485095.8516558356,9472999.84785206
1628234938698687548,484979.6281516378,9468899.41587392
1628234938770891093,485008.1975403282,9469909.731983883
1628234938902895115,484892.7321961516,9465836.016369218
1628234938956718989,484847.5847972754,9464243.12089731
1628234939094785977,484805.77701004304,9462770.064602464
1628234939166739613,484744.49142086745,9460607.785599325
1628234939304941628,484693.36175990757,9458805.65821265
1628234939364949941,484637.22012691543,9456824.73279798
1628234939496854975,484581.63319369714,9454864.988630336
1628234939568850964,484508.5988514672,9452287.755427705
1628234939694848089,484371.60212365235,9447453.212667158
1628234939766729624,484393.9145432578,9448242.794264382
1628234939898764405,484255.52621278545,9443358.980941543
1628234939964907115,484178.82867617236,9440652.127661863
1628234940096862277,484122.5105901314,9438666.423547234
1628234940234993567,484040.302460064,9435766.623797474
1628234940295008840,483966.3893510342,9433157.687878724
1628234940438882601,483797.035370554,9427179.725625325
1628234940498884110,483815.06204091304,9427818.071419133
1628234940637022467,483650.48700064636,9422008.589969393
1628234940702761614,483576.4133628892,9419393.5971269
1628234940840913951,483481.92739885807,9416059.70084134
1628234940900913939,483408.9910024197,9413484.728248721
1628234941032909109,483325.7103581922,9410546.208629735
1628234941098948753,483242.15196068975,9407596.089577477
1628234941242938575,483130.3564190637,9403650.256910248
1628234941308848402,483058.19199526974,9401102.218580117
1628234941440971287,482891.4635266921,9395214.981862603
1628234941500987910,482839.33149707335,9393374.57086214
1628234941639098659,482655.82665673445,9386893.92046349
1628234941704900799,482579.1421456298,9384185.617856788
1628234941831037404,482474.1046642458,9380477.350803303
1628234941903003793,482384.2501396363,9377303.657731215
1628234942041118085,482249.9222061937,9372559.9926277
1628234942101115481,482174.8260879462,9369907.361029858
1628234942245008189,482011.47047808464,9364137.136248518
1628234942305039047,481928.19705836545,9361195.143424176
1628234942449057410,481728.1548408541,9354127.197821783
1628234942503162232,481693.206162766,9352893.425292507
1628234942635195070,481513.2014682342,9346532.89578021
1628234942700966361,481429.1205255108,9343561.651600083
1628234942845070400,481265.21924642596,9337770.506250665
1628234942905080260,481178.301945315,9334698.593258077
1628234943036984073,481046.34546881326,9330035.975432517
1628234943103257437,480948.72293972987,9326585.41613635
1628234943235139975,480817.3048765371,9321941.327446394
1628234943307136310,480719.72973099956,9318492.053780481
1628234943438992307,480540.2131690912,9312145.744680373
1628234943499007324,480509.62218105874,9311065.555862866
1628234943643017680,480321.7060078265,9304421.704493092
1628234943709019508,480230.090423072,9301182.420971759
1628234943841096287,480095.4166062012,9296421.41106461
1628234943901056169,480017.7423666957,9293674.763383415
1628234944039258837,479868.83846782654,9288409.963732846
1628234944171033441,479695.90400869754,9282293.798847094
1628234944237305652,479628.1959682001,9279899.63233904
1628234944369157759,479452.8144316723,9273696.005945537
1628234944435933734,479358.52833625005,9270360.65606618
1628234944567514542,479193.3408387053,9264516.965228243
1628234944639253434,479098.75645341596,9261170.557696931
1628234944771206616,478948.12586539553,9255841.535683677
1628234944849345584,478836.50260706805,9251891.626618026
1628234944969309588,478717.1865924581,9247670.564622253
1628234945041358908,478615.48031616356,9244071.002024306
1628234945173234168,478429.09086961485,9237473.801943356
1628234945245107214,478390.081288607,9236094.599533826
1628234945365184261,478231.66767895874,9230487.121801838
1628234945437255560,478144.23335743195,9227392.009975722
1628234945575269000,478017.82207756955,9222918.237379633
1628234945647138718,477934.3030603569,9219961.372576386
1628234945773251576,477791.7288476304,9214913.691916766
1628234945845454575,477700.52456433023,9211683.976645596
1628234945977269137,477561.8267647579,9206772.73977277
1628234946043348570,477486.2880449347,9204097.68892457
1628234946175310080,477337.3286716,9198821.874850426
1628234946247311296,477256.6051957968,9195962.514587343
1628234946373432982,477108.839458302,9190728.00617576
1628234946451209418,477037.0785753414,9188185.887078496
1628234946571255929,476865.9818348099,9182122.92870054
1628234946649207394,476772.3490840913,9178805.031199202
1628234946775455277,476603.8735469427,9172833.932222385
1628234946847460218,476521.33752399246,9169908.620145109
1628234946979374058,476358.4087599491,9164133.02940296
1628234947045489436,476276.72287724266,9161237.310788095
1628234947177509182,476126.1881138681,9155900.496149749
1628234947249522627,476022.7727611728,9152233.051269991
1628234947381364397,475868.4003822058,9146758.977357406
1628234947441380689,475799.74472594605,9144324.273895647
1628234947579414343,475596.00174919865,9137097.11513631
1628234947651283956,475510.09038439125,9134049.676956838
1628234947771282541,475364.34495156957,9128879.139021749
1628234947843303497,475277.72506907006,9125805.957937349
1628234947969477731,475135.30813489517,9120752.919625469
1628234948041439757,475049.73588896764,9117716.355224777
1628234948173322832,474897.196056967,9112303.011233712
1628234948239558984,474841.30159651744,9110319.540439947
1628234948371568402,474686.70063372643,9104832.041168243
1628234948443437801,474604.2468037293,9101905.103144152
1628234948575312659,474507.1189537164,9098457.695472507
1628234948641677324,474427.14075934753,9095618.237626757
1628234948773590941,474339.3681022487,9092502.745062398
1628234948851538394,474249.95773918554,9089327.983044377
1628234948971527268,474167.23714174697,9086391.27387596
1628234949103519869,474023.8915532849,9081300.538392128
1628234949181423094,473949.30738722323,9078651.58094094
1628234949313575332,473856.09651367256,9075341.69243337
1628234949373578982,473793.7242167646,9073126.163434714
1628234949505683694,473714.90956078394,9070327.17273883
1628234949583670625,473631.2340585623,9067354.518337842
1628234949709424006,473507.2693430807,9062950.186737385
1628234949781700995,473489.93398328807,9062334.907391515
1628234949907554431,473361.7849687611,9057781.394376118
1628234949979455823,473342.2247357409,9057086.945264813
1628234950117714873,473203.7124942344,9052164.510064907
1628234950177713497,473145.65081992507,9050100.959503695
1628234950309599893,473052.8497646217,9046802.815475224
1628234950375804183,472984.53463889885,9044374.488671474
1628234950507595966,472886.4440079768,9040887.79057525
1628234950579517643,472817.79762631684,9038447.33895871
1628234950711650504,472691.6426355553,9033962.082075182
1628234950777688426,472646.8959873873,9032371.22805196
1628234950909621782,472516.3412578603,9027728.813269055
1628234950981542308,472465.82001804595,9025932.270390078
1628234951107813820,472336.1880430301,9021322.004801253
1628234951179778996,472267.4201834441,9018876.146978598
1628234951311681401,472147.3055170554,9014603.643447649
1628234951383546766,472072.2367666144,9011933.159865744
1628234951503601891,471979.90137558104,9008648.47811347
1628234951581771670,471894.7792659714,9005619.930675104
1628234951719721051,471776.25651469326,9001402.998542683
1628234951785702691,471711.1095720482,8999084.74787497
1628234951911704373,471572.5821420648,8994154.881911924
1628234951983960523,471526.2635395975,8992506.701088373
1628234952115661176,471388.63647867984,8987608.134141866
1628234952181792430,471314.2495678535,8984960.241633313
1628234952313720588,471192.7640420904,8980635.449602546
1628234952373772528,471127.903443354,8978326.265477085
1628234952523906004,470972.052425683,8972776.933760785
1628234952583863785,470906.0515642603,8970426.6841845
1628234952709809501,470773.35069089715,8965700.867445642
1628234952775775295,470716.3504060337,8963671.021214763
1628234952913906667,470557.48683078407,8958012.445971942
1628234952979794465,470540.4074135813,8957404.856675025
1628234953105900864,470395.5479084271,8952244.39272682
1628234953183847345,470306.3124705398,8949065.143676285
1628234953315897631,470210.2042104914,8945641.48203755
1628234953453730350,470067.11024182854,8940542.443553742
1628234953507916795,470068.22569757374,8940583.304786721
1628234953645877402,469913.034293307,8935052.479248552
1628234953717847117,469835.91215288575,8932303.671397354
1628234953850020466,469777.98060304835,8930240.23353614
1628234953915962361,469703.3707777887,8927580.707117781
1628234954047888368,469623.28933632676,8924726.993258467
1628234954119861774,469552.1939727431,8922192.501297193
1628234954251755542,469468.39554578386,8919205.78713601
1628234954311787870,469404.1895899153,8916916.567667916
1628234954455856051,469252.48709309835,8911507.214090448
1628234954521900271,469267.38883650914,8912040.308042563
1628234954647953403,469131.8079455602,8907205.450519275
1628234954719792520,469069.69781352027,8904990.409028603
1628234954852048999,469023.6006586878,8903348.683276936
1628234954917810860,468962.92618997156,8901184.72051082
1628234955050007122,468894.7911863903,8898756.238464443
1628234955109974714,468832.6199363893,8896538.652518988
1628234955253822165,468776.4441317616,8894536.859537782
1628234955313990495,468718.56515891897,8892472.28825705
1628234955457942227,468583.8728772555,8887667.377361098
1628234955512047525,468603.0000203525,8888351.772411767
1628234955655903040,468466.9183662973,8883496.861421796
1628234955715903428,468408.0852200135,8881397.720166616
1628234955859973842,468340.1742585862,8878976.49778426
1628234955914164323,468282.1670454343,8876906.622362407
1628234956057865906,468206.6589883391,8874213.863001365
1628234956117881754,468150.98881375557,8872227.200197922
1628234956256114614,468070.95261747227,8869372.501098355
1628234956316175652,468015.2177290765,8867383.289467914
1628234956459890772,467884.30467333185,8862710.48543907
1628234956526030167,467868.51781822194,8862148.572022557
1628234956657963427,467750.7576927901,8857944.804154929
1628234956711948391,467703.82033482596,8856269.066514323
1628234956856074408,467622.84993205644,8853380.022638729
1628234956928047965,467560.866907503,8851166.956422426
1628234957054358838,467503.39090991224,8849116.583390974
1628234957119992569,467451.0000177607,8847245.818053966
1628234957258244020,467400.46677463135,8845444.005230863
1628234957324012133,467347.0714989442,8843537.173118573
1628234957456018068,467233.2124583128,8839470.810199812
1628234957588142583,467198.21269353986,8838223.783563858
1628234957660113591,467139.5842853377,8836129.798169577
1628234957780140885,467141.970082633,8836218.75286915
1628234957858252094,467078.8190773758,8833963.252248645
1628234957990224088,467064.8653511588,8833468.168653069
1628234958050293894,467018.15528449055,8831799.794086402
1628234958194147160,466908.9730660066,8827899.761382984
1628234958248433611,466957.28113405546,8829628.996907182
1628234958398051780,466853.4698561891,8825920.916375654
1628234958458105638,466807.5173704083,8824279.361496381
1628234958578503179,466796.6409900265,8823894.299147453
1628234958650281633,466744.22587610723,8822021.856229087
1628234958794319945,466726.4899675094,8821391.859777758
1628234958854283446,466680.7971017319,8819759.459320035
1628234958986214562,466669.36243838107,8819354.607514093
1628234959058187414,466619.66133838176,8817579.100151625
1628234959184232859,466525.5504515606,8814216.844674408
1628234959262366062,466544.2682579412,8814889.191707317
1628234959394131345,466445.73281388363,8811368.191528752
1628234959460255066,466389.12529959995,8809345.31119496
1628234959586231198,466364.5645483974,8808470.917736655
1628234959664156148,466311.2016669045,8806564.016616276
1628234959784346136,466272.97562980704,8805200.71652258
1628234959856398717,466215.03475656145,8803129.856526712
1628234959988444617,466174.9722073155,8801700.910409106
1628234960060285404,466115.25856994913,8799566.427285658
1628234960186406719,466007.8893718205,8795728.27938498
1628234960258428740,466016.3278702008,8796032.903073963
1628234960390307818,465923.3838244339,8792710.692460313
1628234960462320130,465873.9973208245,8790945.318310285
1628234960588394186,465805.7854330226,8788508.250368174
1628234960660191237,465752.4792766666,8786602.327204179
1628234960792334977,465690.95021100756,8784404.023714265
1628234960858549866,465635.9042493001,8782435.54230684
1628234960990347336,465578.8794232828,8780398.224777501
1628234961062216652,465524.7400321805,8778461.986377452
1628234961188503611,465424.549303186,8774878.493053025
1628234961260488551,465407.75924194517,8774279.685706954
1628234961392363972,465297.77026400453,8770344.767896658
1628234961458201891,465247.00498811936,8768528.450215021
1628234961590501831,465168.61798562,8765725.297289688
1628234961662427749,465110.8243482413,8763657.247683778
1628234961794413262,465057.0523018151,8761735.285836065
1628234961860444438,465002.0041754451,8759765.33912199
1628234961998440022,464954.35551743297,8758062.666243777
1628234962064314772,464894.0213756588,8755903.123804439
1628234962184597268,464794.21322434157,8752330.526917212
1628234962322657062,464750.9715662385,8750785.541248363
1628234962394429692,464693.494796518,8748727.935556661
1628234962526313311,464658.18770710746,8747466.712467192
1628234962592576394,464602.1091679382,8745459.01053238
1628234962718348569,464507.1386052572,8742058.689980853
1628234962796479379,464516.295287082,8742389.69114906
1628234962934620615,464411.9553828933,8738653.803490989
1628234962988361682,464438.1487784404,8739594.559653768
1628234963126638297,464335.44671053445,8735917.08922355
1628234963192826533,464283.17409197916,8734045.16134464
1628234963336511912,464247.1441278252,8732757.88195216
1628234963390523144,464210.40947109147,8731442.299915412
1628234963528672256,464182.5887088791,8730449.525689226
1628234963588640163,464138.4212176105,8728867.637550753
1628234963720488264,464046.87650425686,8725588.852388393
1628234963786663633,464067.31068571727,8726324.046213217
1628234963918556606,463975.95465991704,8723051.755849924
1628234963990433623,463985.3359896988,8723390.626435772
1628234964128610423,463884.7833855214,8719788.517254876
1628234964188727946,463842.84587405797,8718286.115645243
1628234964320567485,463812.3754310855,8717197.380252607
1628234964398739063,463757.2170691842,8715221.205595737
1628234964530716505,463734.2240104265,8714400.693096574
1628234964590716873,463693.86482561415,8712954.685228603
1628234964722591466,463671.2631326485,8712148.111436937
1628234964800718545,463616.34229395573,8710180.13481928
1628234964932731662,463525.73408127663,8706932.983455827
1628234964992748672,463545.57538103807,8707646.996772887
1628234965124623766,463457.7558848274,8704499.54125659
1628234965196513636,463411.4791299892,8702840.860127974
1628234965334531752,463386.74284042616,8701957.474634299
1628234965394535658,463350.0789148773,8700643.298830353
1628234965526821991,463332.5303711424,8700017.387069836
1628234965592706063,463291.8795831332,8698560.219732584
1628234965724684293,463272.1293176622,8697854.832339538
1628234965796662206,463233.93621874106,8696485.654201351
1628234965922813006,463163.51425243414,8693960.832449052
1628234965995169259,463178.88575664326,8694514.292406378
1628234966126713928,463117.9781865041,8692330.57024429
1628234966198594480,463087.2216932548,8691227.804903783
1628234966324806581,463055.4639124043,8690090.144148536
1628234966396877382,463024.24947414966,8688970.676377896
1628234966528724704,462992.49956328946,8687832.80400435
1628234966594798659,462961.2034162618,8686710.145773057
1628234966726878306,462929.0269979917,8685556.528472323
1628234966798883531,462897.7742023781,8684435.14828636
1628234966930734209,462844.81989112106,8682534.974398592
1628234967062910268,462817.60503511,8681558.822406435
1628234967128788227,462788.5745721109,8680516.81347177
1628234967266935850,462756.445077218,8679363.731578335
1628234967338882738,462728.2691700015,8678352.152073955
1628234967465136016,462682.70559121965,8676716.156420784
1628234967518827871,462692.9279752037,8677083.422953885
1628234967668919225,462638.2188783758,8675118.676267812
1628234967734706220,462662.09810507344,8675976.410867669
1628234967860982263,462625.4923015501,8674661.721727598
1628234967920967152,462609.44506589277,8674085.395200022
1628234968076755727,462605.3492084234,8673938.36126847
1628234968130984253,462579.26547329203,8673001.472020939
1628234968262954899,462594.4080860577,8673545.348593343
1628234968322960595,462572.05711339624,8672742.513594797
1628234968472875033,462592.6676596457,8673482.577025034
1628234968532869528,462572.05931053613,8672742.300584527
1628234968664824096,462526.6208934455,8671110.033659896
1628234968730783429,462569.8271724549,8672661.974434173
1628234968862957976,462523.43918612157,8670995.555727271
1628234968934921576,462500.072922208,8670156.123055533
1628234969066764581,462528.0250891831,8671160.144036997
1628234969126778210,462509.2909026174,8670487.108301846
1628234969270830594,462534.57334174047,8671395.270307083
1628234969331338748,462513.45231993886,8670636.482535021
1628234969468810747,462474.7302843318,8669245.301557614
1628234969528840061,462536.5178881843,8671464.95695372
1628234969667106103,462497.9727138435,8670080.158809507
1628234969738842656,462678.13798660826,8676552.31236629
1628234969870965575,462667.9694138731,8676187.06747505
1628234969925127148,462663.40500020393,8676023.11690984
1628234970069087279,462755.13780036964,8679317.983726682
1628234970129096800,462755.2237070508,8679321.069109753
1628234970267082259,462816.3141219246,8681515.097065894
1628234970327053435,462816.52742309496,8681522.75733713
1628234970477151616,462877.8058935759,8683723.384461788
1628234970530901376,462877.95995572215,8683728.916887008
1628234970669134252,462878.49917345704,8683748.280375415
1628234970801032923,462937.50633546733,8685867.200586772
1628234970872971834,462937.81744465284,8685878.371843928
1628234970999088757,462998.5503844229,8688059.109041275
1628234971071189998,462998.8704056789,8688070.599491814
1628234971203072829,462999.6319382314,8688097.942508692
1628234971269113169,463058.4401077719,8690209.42054312
1628234971401065669,463058.56753268884,8690213.995450411
1628234971466966386,463058.65643380495,8690217.187246202
1628234971610956825,463117.22018252395,8692319.730819305
1628234971671131600,463117.51950379077,8692330.47654491
1628234971803095600,463177.21312796255,8694473.452209609
1628234971874989567,463177.53618078073,8694485.04909622
1628234972001241245,463237.05302354484,8696621.537421238
1628234972073257117,463237.201223371,8696626.85710057
1628234972205008911,463237.6339670118,8696642.390564313
1628234972277103969,463296.2094060885,8698744.94194903
1628234972403351653,463296.6570008649,8698761.007400295
1628234972475284306,463355.22749990417,8700863.242168188
1628234972595259974,463355.3964712333,8700869.306617418
1628234972673215272,463355.5861934675,8700876.115823599
1628234972805326183,463419.5951387981,8703173.37330505
1628234972877295422,463419.92124851124,8703185.076643655
1628234972997325595,463477.86271974054,8705264.442013877
1628234973075072060,463477.9605593282,8705267.953019654
1628234973207222802,463478.2511133214,8705278.379642915
1628234974599334122,463817.0179200197,8717433.098557329
1628234974671315314,463817.3085889248,8717443.525252856
1628234974809217531,463871.6730579613,8719393.637619039
1628234974881374405,463872.08239319857,8719408.320124986
1628234975001357785,463927.68395423534,8721402.695029018
1628234975073314811,463927.995425135,8721413.86651363
1628234975205301497,463928.78151885653,8721442.061213199
1628234975283444540,463984.16420502367,8723428.458770722
1628234975409379922,463984.8405861211,8723452.716879446
1628234975535376121,464039.81148154684,8725424.221346306
1628234975613512910,464039.9954214961,8725430.81785695
1628234975679254348,464040.17342793575,8725437.201576954
1628234975805520977,464096.5543833703,8727459.139688656
1628234975937408731,464097.2990923893,8727485.844948003
1628234976003540341,464152.23549840914,8729455.8643585
1628234976147502198,464152.73694806854,8729473.845210643
1628234976201347310,464153.01586102176,8729483.846394757
1628234976333757508,464208.30292138085,8731466.316315223
1628234976411425455,464208.5195378021,8731474.083200935
1628234976537424386,464263.97033797496,8733462.300710684
1628234976603736326,464264.28192943375,8733473.47227114
1628234976735577965,464321.2472344075,8735515.847528469
1628234976807481900,464321.65678146365,8735530.530167684
1628234976939466652,464322.6450371054,8735565.960014982
1628234977011347658,464376.91299071535,8737511.517260902
1628234977131354794,464377.4353448391,8737530.242966615
1628234977215356934,464377.9072445707,8737547.15993956
1628234977341498582,464431.81943790795,8739479.845403532
1628234977401511285,464432.0420458924,8739487.825116416
1628234977539668351,464486.0673050229,8741424.449337987
1628234977611625848,464486.2780535943,8741432.003474375
1628234977743686656,464540.98068453366,8743392.781771496
1628234977797808583,464541.26565814274,8743402.99582626
1628234977941526187,464542.1205795228,8743433.6379909
1628234978013546357,464595.0363288392,8745330.261376632
1628234978145560100,464595.163981086,8745334.836426917
1628234978205560017,464595.31538261194,8745340.262649361
1628234978337449147,464648.3322684687,8747240.399133265
1628234978403567951,464648.5519623544,8747248.272483967
1628234978541681656,464701.9935874646,8749163.519317945
1628234978601637770,464702.15985238244,8749169.477535632
1628234978745621405,464760.27827439323,8751252.195067946
1628234978805594255,464760.58707244135,8751263.260342177
1628234978937586612,464761.2670223684,8751287.625225095
1628234979003700242,464814.16904319427,8753183.299296847
1628234979135747755,464814.70353388786,8753202.45075349
1628234979207627088,464815.0153202742,8753213.622436626
1628234979345649371,464867.86111143185,8755107.170583561
1628234979411585046,464868.01255957945,8755112.59683535
1628234979537789691,464920.54372572614,8756994.762464207
1628234979615772701,464920.58530218573,8756996.252025068
1628234979753587443,464971.6583716378,8758826.072127666
1628234979807788397,464971.7474691622,8758829.264047015
1628234979939676102,464972.2553252214,8758847.457987422
1628234980017650129,465024.5698402863,8760721.64767802
1628234980149807870,465024.7361655285,8760727.605933683
1628234980281711268,465077.7606222292,8762627.120173091
1628234980341698108,465077.91804655246,8762632.759242378
1628234980479719018,465130.99317011266,8764533.977828167
1628234980551646215,465131.27239212784,8764543.979206799
1628234980677918736,465131.9912406942,8764569.727437148
1628234980737876121,465179.7139249871,8766279.112881366
1628234980881749912,465180.40904748166,8766304.009954171
1628234980947678314,465180.83978604927,8766319.437627658
1628234981079909132,465234.28044132073,8768233.534189044
1628234981139879471,465234.5478122975,8768243.109996457
1628234981289822919,465288.16390626784,8770163.379651833
1628234981343776554,465288.3124545821,8770168.699550433
1628234981487713709,465341.4296727229,8772070.989943666
1628234981547798087,465341.51880697435,8772074.18188614
1628234981685808229,465341.7505560693,8772082.480936602
1628234981745794901,465402.6615349101,8774263.74940046
1628234981883825624,465403.33305867563,8774287.795395907
1628234981943832906,465403.642078629,8774298.860809848
1628234982087731517,465457.67231523467,8776233.606965387
1628234982147745830,465457.7703755205,8776237.118110053
1628234982285853708,465512.5229832023,8778197.61472142
1628234982345860889,465512.76369121653,8778206.232994778
1628234982484010104,465567.7009071761,8780173.222008392
1628234982555998613,465567.9416298197,8780181.840290966
1628234982687885211,465568.6905451181,8780208.6527259
1628234982742174733,465621.8545118835,8782112.017450197
1628234982885996006,465622.5410582344,8782136.59554117
1628234982939806540,465622.8650131857,8782148.192995466
1628234983078029458,465677.69889984647,8784111.249444315
1628234983138033115,465678.06448583247,8784124.336493844
1628234983287902925,465733.1721723819,8786097.077333273
1628234983347916618,465733.3356557094,8786102.92927224
1628234983487251946,465788.20885856135,8788067.160292676
1628234983541024762,465788.4258585935,8788074.927419899
1628234983691132816,465789.29088662984,8788105.889530113
1628234983751139233,465840.83189154963,8789950.742861817
1628234983883291058,465841.610758584,8789978.61942897
1628234983949054044,465842.1518040122,8789997.984067464
1628234984087228836,465896.1099345232,8791929.235436378
1628234984213165968,465896.7372277852,8791951.685672637
1628234984279103051,465949.97907354054,8793857.190424219
1628234984423061515,465950.41315020534,8793872.724726928
1628234984483105796,466003.1497017663,8795760.037131341
1628234984609298571,466003.66408262064,8795778.444234794
1628234984813188075,466051.7351655137,8797498.71128001
1628234984885088788,466052.15144939907,8797513.607215693
1628234985016961250,466104.31993379275,8799380.388155548
1628234985083297444,466104.53998206934,8799388.26172943
1628234985215217492,466105.0871293622,8799407.83926464
1628234985287088714,466156.2832158635,8801239.722968418
1628234985413154576,466156.7233371974,8801255.470131805
1628234985485135482,466207.73792640044,8803080.758843713
1628234985623141964,466208.16915030585,8803096.186822934
1628234985683208040,466208.48141601763,8803107.358807968
1628234985815163974,466259.15088459314,8804920.200519528
1628234985893262018,466259.4542450939,8804931.05331549
1628234986013394121,466313.8915999994,8806878.599274458
1628234986086201846,466314.2514900382,8806891.473683037
1628234986218267209,466315.22111182654,8806926.160106588
1628234986290134044,466365.2509633058,8808715.91664786
1628234986416263843,466365.6435922871,8808729.961470878
1628234986488267542,466415.5869161682,8810516.527710568
1628234986608279310,466415.6345101202,8810518.23011497
1628234986686323347,466415.8486829342,8810525.890934808
1628234986818179611,466465.631098245,8812306.60684719
1628234986890328073,466465.880979909,8812315.544478765
1628234987010301483,466517.5847204109,8814164.890384352
1628234987088169587,466517.98633827997,8814179.254449183
1628234987220181168,466518.9650966223,8814214.260207627
1628234987292088882,466568.4078942031,8815982.63711201
1628234987418327251,466569.05646794976,8816005.832438927
1628234987490325351,466617.90388161765,8817752.824471498
1628234987610253942,466618.13892756717,8817761.230125275
1628234987694172478,466618.37694884173,8817769.74217977
1628234987814184116,466667.02165478794,8819509.39417507
1628234987898169671,466667.221007968,8819516.523027241
1628234988024239970,466718.51041816856,8821350.660599045
1628234988090291966,466718.78119626123,8821360.343079248
1628234988216242679,466719.41499583714,8821383.006467173
1628234988294379013,466766.9312009426,8823082.12298059
1628234988426273620,466766.9817884526,8823083.93179721
1628234988486299268,466813.9171599096,8824762.1952097
1628234988624280611,466814.03024350246,8824766.238450391
1628234988744286945,466860.97987242654,8826444.928940494
1628234988834401797,466861.2268831076,8826453.760237139
1628234988888190390,466861.42925335217,8826460.995516349
1628234989014370423,466910.36964470934,8828210.763521865
1628234989146339666,466910.96488230245,8828232.043774387
1628234989218206013,466911.3875012201,8828247.152753817
1628234989296471047,466957.13654497376,8829882.753737776
1628234989422363490,466957.5353737774,8829897.011519337
1628234989548348794,467002.810421415,8831515.589673983
1628234989620334122,467002.84018618346,8831516.653688429
1628234989758484097,467047.6976907742,8833120.230587311
1628234989818468459,467047.9566565061,8833129.487520732
1628234989950397398,467048.5519802944,8833150.767827615
1628234990016596123,467086.67245879024,8834513.452819312
1628234990160376038,467087.50296932267,8834543.138868762
1628234990220283859,467087.86017837597,8834555.907062212
1628234990346835110,467131.83459413843,8836127.778778631
1628234990430420792,467132.0727445567,8836136.290914569
1628234990562294821,467175.5579778601,8837690.607621105
1628234990628545394,467175.71278270875,8837696.140513929
1628234990748573596,467218.57780633844,8839228.220480753
1628234990820557209,467218.73559529753,8839233.859779837
1628234990964381690,467219.2268252422,8839251.416088406
1628234991012466646,467261.96581733593,8840778.921998812
1628234991156348646,467262.5731836132,8840800.627997624
1628234991222643836,467262.99000382976,8840815.52427146
1628234991366476490,467305.32596550573,8842328.560736481
1628234991414495086,467305.5820235971,8842337.711311877
1628234991552591584,467347.2826838037,8843827.978907084
1628234991624651024,467347.2886389023,8843828.191711325
1628234991756391041,467389.01789613155,8845319.418067837
1628234991822562408,467389.1548693498,8845324.31256917
1628234991954535467,467389.66703025094,8845342.61374817
1628234992026671173,467432.44619410596,8846871.29487164
1628234992152657842,467433.0566458956,8846893.107340679
1628234992224676451,467474.37869448063,8848369.652512992
1628234992356534125,467474.6199078195,8848378.271104904
1628234992428447051,467474.7926285189,8848384.442442345
1628234992554707557,467515.7054923112,8849846.305203557
1628234992620508859,467515.7352730064,8849847.369228054
1628234992758577852,467556.3133630746,8851297.209595943
1628234992824669851,467556.58437880926,8851306.892226042
1628234992962488621,467557.18001805275,8851328.172731921
1628234993034484169,467594.9213219531,8852676.612517742
1628234993148732503,467595.64505232946,8852702.468350487
1628234993226642057,467635.20195283165,8854115.708306683
1628234993358613014,467635.56532219885,8854128.689433837
1628234993490641012,467674.6085749661,8855523.522739148
1628234993562659551,467674.7932455627,8855530.119710121
1628234993694662046,467675.06131584605,8855539.695958352
1628234993760723235,467713.68615064834,8856919.527465787
1628234993892668796,467714.07337879005,8856933.359834129
1628234993952644966,467714.3057157489,8856941.65925518
1628234994102673636,467750.83482422534,8858246.584105272
1628234994162698473,467751.1863216381,8858259.13964807
1628234994294608508,467789.4924859909,8859627.481538633
1628234994360623528,467789.689094019,8859634.504135279
1628234994492846592,467827.9103808438,8860999.761291435
1628234994564725053,467828.223178672,8861010.93361206
1628234994702703055,467828.85473268724,8861033.491059607
1628234994750774900,467866.32682335615,8862371.935594376
1628234994894775221,467866.8571110521,8862390.8753511
1628234994961141251,467867.09842184023,8862399.494004503
1628234995092792439,467904.4708191843,8863734.321751492
1628234995152810641,467904.66149182117,8863741.131556334
1628234995296729393,467941.8415450695,8865069.043998806
1628234995368647911,467942.25567804463,8865083.834053693
1628234995500788339,467979.06473668,8866398.446977623
1628234995554983538,467979.24350587674,8866404.831178244
1628234995698675515,467979.83344445645,8866425.899040442
1628234995758684697,468016.0807967461,8867720.402607575
1628234995896950125,468016.76014546666,8867744.662586207
1628234995950690522,468016.9091255119,8867749.982756997
1628234996094863050,468052.7436542136,8869029.69710317
1628234996154876697,468053.23530643765,8869047.253678191
1628234996298947355,468089.13969599357,8870329.416141111
1628234996364724340,468089.3393439438,8870336.545179242
1628234996496905180,468124.94410520355,8871607.961706078
1628234996556896439,468124.87556686,8871605.514422763
1628234996695222894,468125.1169410473,8871614.133116184
1628234996760750810,468160.18062939064,8872866.184986645
1628234996898939732,468160.9315983631,8872892.998716583
1628234996970759092,468161.37562393636,8872908.852866596
1628234997090907195,468196.30934271356,8874156.223788088
1628234997162780574,468196.75636433094,8874172.184351897
1628234997301017475,468231.76600084663,8875422.216153722
1628234997366793842,468231.77196134714,8875422.428961376
1628234997492787146,468266.4371303061,8876660.118693179
1628234997631070529,468266.5414427217,8876663.842829388
1628234997691067604,468266.7619890079,8876671.716717392
1628234997823073028,468300.85314203496,8877888.871258456
1628234997901007578,468301.16012925823,8877899.830866046
1628234998026836307,468335.455210428,8879124.221624961
1628234998104963960,468335.7174999096,8879133.58517896
1628234998225099192,468369.5815400209,8880342.548099577
1628234998296906414,468369.79316720436,8880350.102789776
1628234998428914814,468370.07334974187,8880360.104774024
1628234998506867008,468403.2291657082,8881543.744244518
1628234998626865118,468403.62560753664,8881557.895996617
1628234998704935572,468403.92368420324,8881568.536411792
1628234998836989994,468436.88687303837,8882745.260320118
1628234998908927504,468437.01505027385,8882749.83570134
1628234999029037743,468471.8243437245,8883992.424554978
1628234999107134949,468472.30129906913,8884009.449239891
1628234999233170208,468504.92395521747,8885173.938075108
1628234999299054097,468505.07300867944,8885179.258292248
1628234999425112196,468505.6036391844,8885198.198265381
1628234999497048943,468537.30621716107,8886329.808825938
1628234999635188056,468537.672900597,8886342.896567632
1628234999701106549,468537.8994692911,8886350.983302375
1628234999827109082,468569.3168848216,8887472.37968049
1628234999899245150,468569.53153563465,8887480.0408019
1628235000030981841,468599.24160430796,8888540.46801665
1628235000097197381,468599.5248326032,8888550.576446086
1628235000229183390,468630.3419722323,8889650.480318751
1628235000301126623,468630.50595158484,8889656.332570577
1628235000433054502,468631.04559291597,8889675.591799436
1628235000499339322,468661.0497434017,8890746.447817702
1628235000631263500,468661.24950618274,8890753.576928336
1628235000703133373,468661.3687675634,8890757.833113799
1628235000835035114,468691.2545998945,8891824.433515402
1628235000901291572,468691.54679902835,8891834.861175315
1628235001027048154,468720.8822526592,8892881.777255496
1628235001099208143,468721.2579483386,8892895.18425381
1628235001243206426,468750.1496941817,8893926.246573357
1628235001309074237,468750.4985645925,8893938.695935339
1628235001435082957,468751.1933239751,8893963.488254724
1628235001501254639,468779.2271469555,8894963.906517435
1628235001633278943,468779.8086144843,8894984.655464703
1628235001705224340,468780.1276762962,8894996.04078458
1628235001825218030,468807.84326054127,8895985.074229183
1628235001963118098,468808.51718564617,8896009.12173914
1628235002035331723,468835.4969712279,8896971.87365066
1628235002101280951,468835.89954808145,8896986.238320617
1628235002233167173,468862.98449293285,8897952.71486806
1628235002365371972,468863.351295147,8897965.802684765
1628235002437401303,468863.65547269356,8897976.65599624
1628235002563700541,468890.2222703668,8898924.618531665
1628235002635308942,468890.63978007407,8898939.515240712
1628235002767266355,468916.43193088693,8899859.812892897
1628235002833305767,468916.5213995543,8899863.00504629
1628235002965164368,468916.8852388829,8899875.986470135
1628235003025419519,468945.95877073356,8900913.330222828
1628235003163311021,468946.6626116298,8900938.4418426
1628235003241203704,468971.4421827046,8901822.562621167
1628235003373272477,468971.8835854849,8901838.310593076
1628235003439487541,468972.19972543186,8901849.589546006
1628235003559407233,468996.4818654022,8902715.94103894
1628235003643370270,468996.92029654374,8902731.582612464
1628235003769495462,469020.77948702144,8903582.824925464
1628235003829459944,469021.0479206479,8903592.401403094
1628235003967262373,469021.6205792873,8903612.831222178
1628235004039451270,469045.51908654335,8904465.457172059
1628235004171498278,469046.4974021237,8904500.35812799
1628235004237321396,469069.33473001095,8905315.104122916
1628235004363534128,469069.70458956726,8905328.298392143
1628235004429462838,469069.84179556574,8905333.193040425
1628235004567429379,469092.78107635793,8906151.557150697
1628235004633435421,469093.25235988986,8906168.369210288
1628235004765527557,469115.61053397896,8906965.984583613
1628235004837446115,469116.00129045313,8906979.923701826
1628235004969457721,469116.6247113969,8907002.162447881
1628235005035447190,469137.9363739858,8907762.429806195
1628235005167569133,469138.79247771134,8907792.968191648
1628235005233591970,469159.91371768934,8908546.425885562
1628235005365558576,469160.0091737826,8908549.83086361
1628235005437617588,469160.2060520033,8908556.853630861
1628235005569406682,469180.86835662177,8909293.925141286
1628235005635630289,469181.07717112073,8909301.373533484
1628235005773556432,469201.44759090897,8910028.017556576
1628235005845541247,469201.6564096114,8910035.46595143
1628235005971505474,469202.06808089215,8910050.149929939
1628235006037618868,469220.0227735496,8910690.605612267
1628235006175596594,469220.86403013865,8910720.612012777
1628235006307599589,469240.0867096646,8911406.290336536
1628235006367590535,469240.35221776,8911415.760444902
1628235006439558589,469240.56104440015,8911423.208844772
1628235006577453940,469259.22027766774,8912088.776715105
1628235006703559060,469259.5991558682,8912102.290245011
1628235006769604592,469277.814230627,8912752.00387253
1628235006913475096,469278.2318992203,8912766.900681939
1628235006967676511,469278.46758371586,8912775.306738729
1628235007117494391,469296.5336449655,8913419.700292235
1628235007165515768,469296.8319851047,8913430.340873813
1628235007309686984,469314.76731630036,8914070.052768128
1628235007375533596,469314.94632355386,8914076.437119078
1628235007513840718,469332.48516555585,8914701.997231012
1628235007573724074,469332.664175898,8914708.381583914
1628235007717651561,469333.25192674034,8914729.343542745
1628235007771691110,469350.1346992452,8915331.494550927
1628235007915527292,469350.7433449905,8915353.201357476
1628235007975563666,469351.1013720675,8915365.970067317
1628235008113710375,469368.7512004953,8915995.467589883
1628235008173719249,469369.19575858774,8916011.3220762
1628235008305671355,469385.90312491986,8916607.19550335
1628235008371698856,469386.17762171855,8916616.984853482
1628235008515819614,469402.8613946574,8917212.007206716
1628235008581766298,469403.1746842145,8917223.179837847
1628235008707705027,469403.9325469649,8917250.206964834
1628235008773844799,469419.76028185425,8917814.690965327
1628235008911696243,469420.3212286175,8917834.69530121
1628235008977868345,469435.55241655046,8918377.898247652
1628235009115782219,469436.4028011266,8918408.223977908
1628235009169768955,469436.7757770387,8918421.524736935
1628235009313853554,469453.3999037877,8919014.419507885
1628235009368869370,469454.0620014219,8919038.041671805
1628235009512796473,469475.5541933974,8919804.591492534
1628235009566936691,469478.09274867026,8919895.143143972
1628235009716682595,469484.2438435368,8920114.5526828
1628235009770785549,469485.8614950279,8920172.118322223
1628235009914688026,469486.3090876271,8920188.079246618
1628235009968923137,469486.5776432796,8920197.655801315
1628235010112945079,469499.8614687773,8920671.376118185
1628235010178936343,469500.2792275262,8920686.272984527
1628235010310934568,469513.71536424686,8921165.420130983
1628235010370959549,469513.7810129193,8921167.761067672
1628235010508898982,469526.83833611803,8921633.394733226
1628235010580854313,469526.68614864274,8921627.968015147
1628235010707184919,469526.61751508276,8921625.520671703
1628235010844876470,469539.5347859897,8922086.153344357
1628235010916914659,469539.7973872631,8922095.517095268
1628235011042925885,469553.0014787566,8922566.3648702
1628235011115283381,469553.2700517357,8922575.941435842
1628235011240942402,469566.0474376429,8923031.573221121
1628235011313003588,469566.31899818894,8923041.25619521
1628235011445043557,469566.9755184842,8923064.665583303
1628235011522799003,469579.12041923736,8923497.739332875
1628235011643050496,469579.77097920625,8923520.935913429
1628235011720835704,469580.2156282269,8923536.790457165
1628235011835044054,469592.35174448224,8923969.545085376
1628235011918943319,469592.8292257461,8923986.570102453
1628235012045055388,469603.30632563966,8924360.162875118
1628235012122960065,469603.7211418593,8924374.953361465
1628235012248940579,469615.46364119434,8924793.662517847
1628235012315009482,469615.6725438774,8924801.110965744
1628235012447130876,469616.32312678784,8924824.30756079
1628235012518871850,469627.2599922235,8925214.28707377
1628235012638883696,469627.83000469714,8925234.610700045
1628235012710842663,469628.2627368884,8925250.039631119
1628235012849040794,469639.09230304474,8925636.188591365
1628235012920894274,469639.4951960036,8925650.553460984
1628235013041027425,469649.1878780383,8925996.161631986
1628235013119156632,469649.61465029116,8926011.377755763
1628235013251032002,469660.0833463004,8926384.651671963
1628235013317338969,469660.2027243893,8926388.907931143
1628235013442967650,469660.7578326822,8926408.69953644
1628235013521169516,469670.3939705501,8926752.28611041
1628235013641226443,469670.79986013717,8926766.7573942
1628235013712970259,469671.19978091435,8926781.01586509
1628235013839113981,469680.8897497482,8927126.517817188
1628235013917259119,469681.22699963854,8927138.541753657
1628235014049193357,469689.57398185704,8927436.160825528
1628235014115083809,469689.9321263311,8927448.929609507
1628235014241139012,469699.18654908764,8927778.896314796
1628235014313123638,469699.35070014064,8927784.74867507
1628235014457270521,469699.9565669782,8927806.349204954
1628235014511264224,469708.27688929846,8928103.010711271
1628235014655110561,469708.39925751433,8928107.373380514
1628235014715008143,469708.5783329781,8928113.757774543
1628235014865272264,469717.2658195849,8928423.507334448
1628235014919006295,469717.4986196785,8928431.807047945
1628235015051030939,469725.6670681763,8928723.041900681
1628235015111591003,469725.93867048225,8928732.724901149
1628235015243230152,469734.62034570996,8929042.261739006
1628235015315154450,469734.6889930305,8929044.709091142
1628235015453076718,469735.16653973307,8929061.734149553
1628235015579206350,469743.1588284015,8929346.691104341
1628235015651212418,469743.30209355504,8929351.798622588
1628235015777206299,469751.41681815154,8929641.118289247
1628235015849205771,469751.6347023086,8929648.885974338
1628235015975504714,469758.3465272982,8929888.194556292
1628235016047292541,469758.7226038568,8929901.601795174
1628235016179235166,469759.5434063398,8929930.863626363
1628235016245466155,469766.99265648023,8930196.454684684
1628235016377389527,469767.56871509226,8930216.991172692
1628235016449380029,469767.9328559332,8930229.972786976
1628235016587299929,469775.43289494986,8930497.372797221
1628235016647322953,469775.71047980594,8930507.268619264
1628235016785152570,469783.03147408395,8930768.284263065
1628235016851421543,469783.43442280556,8930782.649167895
1628235016989348118,469790.00929028494,8931017.063166393
1628235017043308867,469790.2331521658,8931025.043670012
1628235017181298073,469791.1703877605,8931058.455378821
1628235017253199268,469797.909470802,8931298.721778203
1628235017391457877,469798.3094404265,8931312.980279932
1628235017445224999,469798.42883437395,8931317.236549124
1628235017583346252,469804.83659379673,8931545.69183119
1628235017655215995,469805.03657991905,8931552.821082883
1628235017781477413,469811.2533726307,8931774.466357652
1628235017853487893,469811.2712819444,8931775.104798174
1628235017979190468,469819.7595881993,8932077.725646682
1628235018051394472,469820.0192753948,8932086.983035557
1628235018183500945,469820.64013699663,8932109.115643607
1628235018255494295,469826.7913294266,8932328.420028584
1628235018387404791,469827.10474712803,8932339.59274063
1628235018447290441,469827.41517999157,8932350.65904596
1628235018585504655,469833.5216634766,8932568.367353529
1628235018645416338,469833.92761666,8932582.838677466
1628235018777536022,469839.7773934575,8932791.396024922
1628235018855708206,469840.1087248694,8932803.207180265
1628235018987427449,469845.99154745706,8933012.93501961
1628235019059367466,469846.09005196556,8933016.446444534
1628235019179468481,469846.86316342937,8933044.005810048
1628235019257597983,469852.4563152915,8933243.412215708
1628235019389411837,469853.0801811992,8933265.651242763
1628235019449618773,469853.5279320795,8933281.612267109
1628235019581383293,469859.1419898215,8933481.76354387
1628235019647594770,469859.5001925913,8933494.53236465
1628235019779585225,469864.9769582287,8933689.78894691
1628235019917560068,469865.41874413274,8933705.537160775
1628235019977585545,469870.00004965125,8933868.871703936
1628235020121662121,469870.8000443315,8933897.388742363
1628235020181634036,469871.15825110255,8933910.157565664
1628235020319725267,469876.3455262142,8934095.092720013
1628235020379563409,469876.58134691115,8934103.498862801
1628235020523410414,469881.6522307225,8934284.284165807
1628235020589714330,469882.01342630637,8934297.159398336
1628235020721692776,469882.78954946925,8934324.82518751
1628235020781718295,469887.01565416617,8934475.497360205
1628235020919938202,469887.23655175936,8934483.371470062
1628235020985556878,469891.6417187082,8934640.428069735
1628235021123719381,469891.84769170085,8934647.770145716
1628235021189558672,469892.1103819531,8934657.1339528
1628235021321658666,469896.25593875756,8934804.933162438
1628235021393615891,469896.5037044728,8934813.764935685
1628235021525739456,469900.4253681643,8934953.583638458
1628235021585732006,469900.5149223887,8934956.775845876
1628235021729631941,469903.9440889604,8935079.03741517
1628235021795647700,469904.26350014115,8935090.422955662
1628235021927579343,469904.9829219417,8935116.067023734
1628235021987516205,469906.9374461112,8935185.763579998
1628235022125705425,469907.7732910634,8935215.557519382
1628235022185712829,469908.22703574464,8935231.73137237
1628235022329811573,469911.08903264155,8935333.775640575
1628235022383977890,469911.22635052743,8935338.670359503
1628235022527844317,469913.68832917884,8935426.456103526
1628235022587894407,469914.11222464056,8935441.565888742
1628235022725731962,469916.3264522618,8935520.51986045
1628235022785742744,469916.54735606996,8935528.39397421
1628235022929847465,469917.32649014273,8935556.166186498
1628235022989839955,469919.20337254665,8935623.09617807
1628235023127753281,469920.12281286763,8935655.869518217
1628235023181747500,469920.4959625781,8935669.170386927
1628235023331635283,469922.2027067396,8935730.035185404
1628235023391794216,469922.4355526106,8935738.334927758
1628235023523638345,469924.00796563714,8935794.411415186
1628235023589822491,469924.2318562876,8935802.391936926
1628235023721779270,469925.7027246468,8935854.850590842
1628235023793907224,469926.028112942,8935866.448949447
1628235023931911843,469927.0042784323,8935901.244025648
1628235024051903261,469926.3738081095,8935878.792173384
1628235024129850699,469926.84248700395,8935895.498066265
1628235024195743736,469927.27832871117,8935911.033482693
1628235024327695004,469928.42382488784,8935951.893779816
1628235024459745419,469928.8238445955,8935966.152313078
1628235024531868168,469929.7484107686,8935999.138496423
1628235024651879438,469929.9275242827,8936005.522914434
1628235024723830813,469930.08574124554,8936011.16248369
1628235024855962346,469931.3864098346,8936057.555946924
1628235024933987725,469931.59239070583,8936064.898027841
1628235025053935745,469932.58259694465,8936100.225167159
1628235025125879076,469932.91694311774,8936112.14274803
1628235025257910666,469934.6564078135,8936174.178039877
1628235025329875943,469934.8623893384,8936181.520121198
1628235025461842203,469935.32808684785,8936198.119609497
1628235025533891097,469936.7839322344,8936250.046241514
1628235025659786536,469937.23768962384,8936266.220102435
1628235025726013998,469939.06666910445,8936331.447609713
1628235025858174160,469939.1413004051,8936334.1077843
1628235025929935554,469939.36817959166,8936342.194715066
1628235026055982876,469942.7612637348,8936463.179491676
1628235026127940510,469943.07770161063,8936474.458632654
1628235026260061443,469945.882824748,8936574.481235076
1628235026331971702,469946.04701469326,8936580.333619846
1628235026458219408,469946.73959801707,8936605.020043056
1628235026529958400,469949.0670610639,8936688.017532071
1628235026661862638,469949.135722521,8936690.464893106
1628235026728135056,469951.9527532405,8936790.913135188
1628235026860020655,469952.400546678,8936806.874186236
1628235026932126004,469952.767737439,8936819.96224819
1628235027063972751,469954.8803730668,8936895.298437968
1628235027130136025,469955.2057705289,8936906.896802293
1628235027267883144,469958.77209249354,8937034.053217286
1628235027328379326,469958.9303138567,8937039.692789294
1628235027454040891,469959.2975069232,8937052.780852687
1628235027537934994,469962.9474194901,8937182.916673552
1628235027669949163,469963.8101774619,8937213.668304393
1628235027736046281,469967.68695377116,8937351.891070858
1628235027868062339,469968.0451939174,8937364.65991508
1628235027934051733,469968.32581545046,8937374.662176445
1628235028066043913,469973.5341745459,8937560.342492335
1628235028125988429,469973.9192848618,8937574.069001231
1628235028258118792,469978.458837368,8937735.914157532
1628235028330119152,469978.61109098524,8937741.340917304
1628235028462382924,469979.20816420653,8937762.622328311
1628235028534215928,469983.3237659542,8937909.357697465
1628235028659998894,469983.48199103976,8937914.99727181
1628235028792474295,469988.1051264382,8938079.821853625
1628235028864184702,469988.2812646064,8938086.099870857
1628235028990125056,469992.719388905,8938244.327225298
1628235029062164107,469992.8537321669,8938249.115543894
1628235029188283797,469993.43887190777,8938269.971331693
1628235029260165616,469998.44414820545,8938448.416049728
1628235029398173276,469998.7277633323,8938458.52472331
1628235029458166195,469998.9904805706,8938467.888547303
1628235029590306173,470004.3838906963,8938660.166205095
1628235029662127502,470004.70333271206,8938671.551764911
1628235029800213959,470010.1594295874,8938866.063991603
1628235029860197705,470010.1892841423,8938867.128062716
1628235029998348924,470016.80394847516,8939102.926265817
1628235030070332111,470017.0129317024,8939110.374764442
1628235030202312331,470017.55031733436,8939129.528046744
1628235030262251781,470023.4841480755,8939341.065457435
1628235030394155953,470023.95287064865,8939357.7713777
1628235030472377309,470024.40965144575,8939374.05166955
1628235030604260356,470030.6032360213,8939594.846527228
1628235030658142851,470030.79132340284,8939601.55017755
1628235030796274380,470037.30138746364,8939833.62421857
1628235030862256893,470037.6059118558,8939844.477748895
1628235031006162852,470043.20541305444,8940044.097629683
1628235031054417136,470043.42932930373,8940052.078167478
1628235031198209269,470044.11302054574,8940076.445409726
1628235031264313373,470050.3126687304,8940297.453155732
1628235031396318220,470050.90082616906,8940318.415370908
1628235031468190846,470051.30089283746,8940332.67393363
1628235031594361309,470057.7214801069,8940561.555839945
1628235031660314835,470057.99018333317,8940571.132487642
1628235031798222733,470064.16599192104,8940791.289028648
1628235031864446407,470064.3152724012,8940796.609389054
1628235031996517589,470072.7961877915,8941098.912323792
1628235032068364285,470073.0290672628,8941107.21208723
1628235032200296237,470073.6709788918,8941130.08964047
1628235032266502142,470079.52144426183,8941338.64785086
1628235032398513094,470079.9872062435,8941355.247379651
1628235032470269619,470080.3842983516,8941369.399542121
1628235032608407343,470086.44378609577,8941585.406283736
1628235032668421901,470086.70353965927,8941594.663714318
1628235032788401681,470092.5928549244,8941804.60526582
1628235032878562184,470092.8227531022,8941812.798624765
1628235033010412231,470097.9655391538,8941996.138384439
1628235033136446067,470098.24918122706,8942006.247074965
1628235033202317139,470098.586566108,8942018.271096386
1628235033340542064,470104.36847518507,8942224.382027388
1628235033406443895,470104.49088987056,8942228.744725868
1628235033538493290,470110.49079089786,8942442.62340953
1628235033592471426,470110.5654344329,8942445.283591803
1628235033742569756,470116.50566781167,8942657.034150906
1628235033802608953,470116.6012120854,8942660.439184561
1628235033934472104,470116.97741774697,8942673.846504623
1628235034000780490,470125.64370533306,8942982.746965555
1628235034144430441,470126.38119432493,8943009.029573241
1628235034204429956,470126.78128978255,8943023.288154067
1628235034342560564,470132.59918513254,8943230.676070632
1628235034396518080,470132.69473086874,8943234.081105204
1628235034546712566,470139.0411248198,8943460.303142477
1628235034600881055,470139.27401899575,8943468.602915157
1628235034744667363,470145.76673434564,8943700.038938437
1628235034804663538,470145.8563095962,8943703.231159056
1628235034936570440,470146.14593629155,8943713.552672422
1628235035008437562,470155.56776596874,8944049.374352872
1628235035140484333,470156.27243136935,8944074.486492664
1628235035200707595,470156.6128207562,8944086.616933176
1628235035338496126,470163.09662403434,8944317.733803367
1628235035410469140,470163.2668198194,8944323.79902431
1628235035536622493,470170.204473087,8944571.089846043
1628235035596742131,470170.6105570494,8944585.561252149
1628235035740558450,470177.8975385873,8944845.301773494
1628235035806669586,470177.9482994454,8944847.110699488
1628235035938637962,470178.32452705764,8944860.518033354
1628235035998644990,470184.5216025083,8945081.419880962
1628235036136793975,470184.96949534176,8945097.380994478
1628235036202536785,470185.23823113274,8945106.957662646
1628235036340671855,470191.96690053766,8945346.800058024
1628235036400673285,470192.1460589166,8945353.184504215
1628235036538796623,470199.02401039994,8945598.347301532
1628235036604657641,470199.2300439215,8945605.689415518
1628235036742679250,470206.3677631755,8945860.109692836
1628235036802684143,470206.3020708777,8945857.768728673
1628235036940848360,470206.51109183946,8945865.217251018
1628235037012820468,470213.83705571434,8946126.341228193
1628235037144670327,470214.2162822047,8946139.854977597
1628235037204759591,470214.56266242464,8946152.198244845
1628235037342721466,470221.34514589334,8946393.956096282
1628235037462732274,470221.5691001267,8946401.936657945
1628235037540855674,470228.59941144806,8946652.526362082
1628235037672797489,470229.02940658317,8946667.849042369
1628235037750778430,470236.1612831439,8946922.056633638
1628235037864774552,470236.51961498545,8946934.825535482
1628235037942920092,470236.85107204656,8946946.636769755
1628235038074902712,470246.24049906613,8947281.28848806
1628235038146771030,470246.66751526995,8947296.504765334
1628235038272848002,470254.36684337415,8947570.929866554
1628235038344677780,470254.5967769282,8947579.123247724
1628235038470693843,470255.2567163662,8947602.639315933
1628235038548814426,470262.5051583572,8947860.996915687
1628235038674707877,470262.9441258482,8947876.63882735
1628235038746841113,470270.5838004147,8948148.935853092
1628235038878714716,470271.1899983106,8948170.53659119
1628235038945142751,470271.6289694163,8948186.178505125
1628235039070867699,470280.4514125568,8948500.612972602
1628235039148858787,470281.0426849874,8948521.681676289
1628235039280837082,470288.6586017905,8948793.127523487
1628235039340808347,470288.9452815222,8948803.342653919
1628235039472738949,470289.6619811892,8948828.880480224
1628235039539030300,470296.4059699481,8949069.255340572
1628235039682790193,470297.09579825087,8949093.835501444
1628235039742789699,470303.6487497105,8949327.400301918
1628235039869030070,470304.0518988364,8949341.765332704
1628235039941165186,470304.3684456644,8949353.044542128
1628235040072951700,470310.42878850363,8949569.052106667
1628235040150936731,470310.89763903484,8949585.75810733
1628235040270930195,470317.1611272345,8949809.00141516
1628235040343075329,470317.4418420584,8949819.00373514
1628235040474964319,470318.13168412045,8949843.58390464
1628235040540985381,470323.4306133529,8950032.457562001
1628235040672948559,470323.564998899,8950037.245907167
1628235040744905192,470328.82518265647,8950224.73628041
1628235040871090033,470328.8729644268,8950226.438803287
1628235040943073616,470329.08798241994,8950234.100156251
1628235041075108428,470334.1808951544,8950415.631717889
1628235041146991393,470334.3899414791,8950423.08025615
1628235041278872875,470339.44423037686,8950603.228528881
1628235041345038485,470339.58459074853,8950608.229690725
1628235041476905667,470344.3014534746,8950776.353907753
1628235041543142283,470344.19991572766,8950772.736045707
1628235041687020242,470344.1730380904,8950771.778376346
1628235041747036032,470348.34045808285,8950920.323585644
1628235041867060639,470348.668963887,8950932.028434262
1628235042005192799,470354.5804035011,8951142.715767544
1628235042077170951,470354.89397907373,8951153.888578746
1628235042154958094,470355.26429701154,8951167.083136817
1628235042275135375,470359.2556723552,8951309.350314135
1628235042407226549,470359.5304254987,8951319.13982566
1628235042478969363,470359.7125988178,8951325.630697465
1628235042611117378,470363.17837450927,8951449.170122871
1628235042677161526,470363.2261578377,8951450.872646723
1628235042809127269,470366.8054681821,8951578.455572702
1628235042881045924,470367.34601907467,8951597.715375023
1628235043013075247,470367.795529598,8951613.782985646
1628235043079147229,470367.2575940142,8951594.629601339
1628235043211154912,470367.2855052749,8951595.693733644
1628235043283037314,470371.18070476636,8951734.555909663
1628235043415039500,470370.2328234188,8951700.931175957
1628235043475047167,470369.64186637965,8951679.968922231
1628235043601350444,470364.9335445885,8951512.483340649
1628235043685057601,470361.12369996816,8951376.920022318
1628235043811279370,470350.7509912099,8951007.685480565
1628235043889057308,470345.6174685872,8950824.983599354
1628235044003326018,470336.62482472276,8950505.015992608
1628235044081238594,470328.7682539176,8950225.37682709
1628235044219095715,470315.7028819258,8949760.375739437
1628235044405344206,470296.7645152424,8949086.496889967
1628235044489100966,470301.1182395266,8949242.171674738
1628235044615260393,470290.6903344214,8948871.341696136
1628235044675262361,470286.32290066703,8948716.093290018
1628235044807147377,470279.7747316348,8948483.699830588
1628235044873400301,470272.1833310724,8948213.74421584
1628235045017256432,470259.1172497825,8947749.382554078
1628235045077270899,470250.6414710617,8947447.930417452
1628235045209228127,470230.06261123385,8946715.954115963
1628235045275434333,470225.48319808743,8946553.470414529
1628235045419174983,470202.1703636199,8945724.344642837
1628235045473704300,470208.574307175,8945953.33411488
1628235045605354101,470184.1038929763,8945083.02897082
1628235045677370448,470170.89363798435,8944613.241017325
1628235045809461955,470168.7347547251,8944538.331803247
1628235045881336846,470157.5220630831,8944139.836999565
1628235046013354278,470146.1210712692,8943735.703527331
1628235046091227754,470131.62851376686,8943220.586652365
1628235046223200449,470107.9914008223,8942380.502757965
1628235046349531017,470095.4261450309,8941935.190270284
1628235046415382424,470084.96803879476,8941563.617032444
1628235046481372626,470077.4950929139,8941298.770580074
1628235046619521245,470052.0320166946,8940394.098701699
1628235046751522915,470029.65240949293,8939599.345823927
1628235046811510909,470018.4919183062,8939202.873852096
1628235046955418929,469990.94463732996,8938224.143759755
1628235047015295857,469984.06949405617,8937980.579136705
1628235047153588415,469952.30881759955,8936851.815862222
1628235047207440280,469941.6325627008,8936472.475853024
1628235047351491363,469906.6528089712,8935229.539232971
1628235047417451037,469891.7915519863,8934701.336515604
1628235047555376695,469861.6473011959,8933630.567097737
1628235047615451202,469846.4652689295,8933090.979308316
1628235047753519458,469788.28192597517,8931020.732297452
1628235047813506665,469766.8277966117,8930257.584799625
1628235047957371584,469716.163964471,8928455.378842136
1628235048017362487,469681.2913108867,8927213.935034737
1628235048155634620,469627.8815439926,8925313.837909555
1628235048221404310,469605.75876019854,8924526.857559195
1628235048347621120,469532.75969431904,8921928.099294297
1628235048407521276,469508.3461772094,8921059.400281657
1628235048545656486,469430.04487068317,8918271.882422078
1628235048623671596,469401.52359133755,8917256.983366793
1628235048755595663,469326.1657826495,8914574.174004931
1628235048815584236,469301.9091621397,8913711.011262242
1628235048959431772,469239.32320295536,8911483.410038272
1628235049019669009,469195.42820879247,8909919.886727814
1628235049151556990,469134.4809660052,8907750.280426603
1628235049217432603,469107.86396397813,8906802.847473335
1628235049361508058,469014.3189083453,8903470.979692983
1628235049421490843,468985.6282932216,8902449.490687864
1628235049559680146,468897.59186286276,8899313.628032945
1628235049619717200,468865.9029789573,8898185.097689198
1628235049757864410,468803.0709190058,8895948.362965357
1628235049823611941,468776.005917784,8894984.762037825
1628235049955551488,468717.76658612647,8892911.255342618
1628235050009740287,468694.49724810437,8892083.215593884
1628235050153652006,468625.19510845264,8889615.270485917
1628235050225651048,468590.1513084655,8888367.253692046
1628235050357576037,468535.26725115365,8886413.352498379
1628235050411773548,468506.988592023,8885406.343256684
1628235050555674541,468447.96086533467,8883304.862621725
1628235050627658265,468415.0430393333,8882132.609579673
1628235050753682659,468354.81130654813,8879987.71931672
1628235050885573019,468294.5772717145,8877842.618537178
1628235050951849631,468261.85060494725,8876677.072176982
1628235051083756059,468196.0112918927,8874331.829591915
1628235051155717991,468162.8454002887,8873150.537569603
1628235051282142246,468097.5436999704,8870824.345433842
1628235051353836924,468062.04959721956,8869559.847978204
1628235051485826215,467999.54381979187,8867333.25360197
1628235051552028184,467966.01312860847,8866138.77177407
1628235051683793372,467898.318173209,8863726.720516026
1628235051755758427,467851.5412374484,8862059.172699332
1628235051887875469,467784.4007706431,8859666.70460681
1628235051959785827,467749.537744034,8858424.452560134
1628235052091683076,467679.13736417075,8855915.371494533
1628235052157767266,467646.0173761911,8854735.261004008
1628235052289740898,467561.99497645657,8851739.499505067
1628235052355824984,467526.6528488888,8850479.908909425
1628235052487860571,467440.6094990446,8847411.587547526
1628235052559821134,467405.3069843252,8846153.276582252
1628235052679820562,467346.47769165953,8844056.41275044
1628235052757949987,467281.49680630164,8841738.02096046
1628235052889941624,467213.5429819162,8839315.253281992
1628235052961838414,467177.72210137075,8838038.114427406
1628235053087881966,467095.7019773655,8835112.497285044
1628235053153742156,467065.4018419422,8834032.097374922
1628235053285731084,466958.2919641132,8830209.309776347
1628235053363873428,466906.5548184537,8828363.356080912
1628235053483881833,466829.57975229644,8825617.03929633
1628235053561865518,466778.53564794257,8823795.668689318
1628235053693811815,466685.01579356426,8820457.77004617
1628235053760110960,466639.2123884946,8818823.030847784
1628235053885989841,466556.17392753303,8815859.032118287
1628235053957913972,466517.17057979206,8814467.315615414
1628235054095770653,466412.8908677756,8810744.15823739
1628235054167789659,466367.39276434644,8809119.96107901
1628235054282044794,466250.5026554798,8804944.507472817
1628235054365926140,466193.7674578239,8802918.549860382
1628235054491987335,466080.4897362369,8798871.96021939
1628235054557873428,466045.0803711638,8797607.7225534
1628235054684064781,465968.1314745778,8794860.173765434
1628235054756070016,465876.7330032659,8791593.186401116
1628235054894006048,465767.83873575606,8787702.496035982
1628235054959984021,465721.06777698535,8786031.290254345
1628235055085989132,465633.82987306063,8782914.768009325
1628235055217858825,465540.48268035863,8779579.176405897
1628235055289941861,465485.38427668635,8777609.956428804
1628235055422021259,465380.6093297624,8773864.74143195
1628235055488018039,465337.2645884421,8772316.012737677
1628235055619936423,465235.95864204195,8768694.442867372
1628235055686160537,465191.1466858161,8767092.838766493
1628235055830035681,465106.07209545234,8764052.316694377
1628235055895972596,465075.2429790836,8762950.784642933
1628235056021935854,464982.6119654167,8759638.849528221
1628235056088195007,464939.3489367668,8758092.26073423
1628235056220229279,464873.66368888464,8755744.930344582
1628235056292058402,464820.5013826886,8753843.617284933
1628235056418160307,464761.003505367,8751717.597850822
1628235056502014367,464690.88271416945,8749208.870298723
1628235056634143673,464618.8026892888,8746631.734777909
1628235056694146151,464587.2752786699,8745504.571733138
1628235056820410818,464512.22216895834,8742820.619585106
1628235056892096347,464476.32570131944,8741537.163110528
1628235057036112752,464383.17143076414,8738204.626655081
1628235057090037680,464355.8466836636,8737227.380562818
1628235057228020805,464280.85940849397,8734545.462609027
1628235057294157311,464223.00810532673,8732474.789913338
1628235057432267163,464150.48445355933,8729880.761827337
1628235057492260677,464089.4140594346,8727694.01683276
1628235057612286812,464028.09515375306,8725500.466982737
1628235057690531530,463989.70169154776,8724127.119247872
1628235057822233674,463887.0774267386,8720452.767826287
1628235057894174646,463848.4372479387,8719069.954549508
1628235058026308472,463758.52686384326,8715850.876579916
1628235058098229765,463728.11769767123,8714762.992854796
1628235058230201430,463671.62135104294,8712741.711973969
1628235058296219313,463595.5660349065,8710016.526335744
1628235058428187147,463521.8461591264,8707377.100394908
1628235058500235744,463465.65698696836,8705364.231504966
1628235058632108175,463396.87707744545,8702901.639310813
1628235058698617077,463360.0581673968,8701583.31448093
1628235058830158403,463247.7172039123,8697557.485569471
1628235058896399661,463209.2254829939,8696178.94607702
1628235059028396289,463107.3074997539,8692526.570237596
1628235059088391832,463069.9033639923,8691186.548867173
1628235059226343890,462962.2493571132,8687328.313598368
1628235059298304420,462918.50983084424,8685761.147804616
1628235059430431954,462837.1836882892,8682847.159552515
1628235059562311778,462734.11041572224,8679152.255352274
1628235059622316613,462692.6981930441,8677667.976482943
1628235059694205896,462643.57118919224,8675907.079309937
1628235059832211233,462522.5683877293,8671567.986747826
1628235059964214457,462435.6518891694,8668452.304093277
1628235060024209019,462360.70897715853,8665763.148697944
1628235060162348136,462263.66689492326,8662283.724806271
1628235060234327011,462172.0746976211,8658996.767500237
1628235060372486495,462062.3924041586,8655062.64263343
1628235060420469674,462024.19074694806,8653692.382507658
1628235060570422998,461871.5798669702,8648215.340943791
1628235060624305927,461831.50290862477,8646777.422114989
1628235060762534796,461691.15292625775,8641740.060438966
1628235060822532084,461640.50928843825,8639922.548016056
1628235060966296653,461522.52685074566,8635688.023653477
1628235061032491781,461449.02038626536,8633048.81834966
1628235061164429726,461347.62612545805,8629409.453045847
1628235061224432710,461303.19250132935,8627814.626846086
1628235061368443794,461164.7400702161,8622842.59246648
1628235061434708474,461105.5331545793,8620716.627040807
1628235061566448671,460968.75324524794,8615803.18063332
1628235061626458101,460918.80328890757,8614009.31514003
1628235061764591352,460765.6744656397,8608507.0849498
1628235061836604895,460707.163597341,8606405.288280608
1628235061968364139,460597.78387123183,8602475.81029607
1628235062028490464,460536.0222597828,8600256.463206343
1628235062172379279,460418.45585686085,8596032.201829804
1628235062226620411,460360.18360195303,8593937.974689297
1628235062370514422,460244.43285107386,8589778.359910842
1628235062430520167,460194.5143051515,8587984.310596216
1628235062574404279,460084.1571849844,8584018.281327818
1628235062628683120,460037.67819903255,8582347.80611454
1628235062772526779,459913.8174768676,8577895.02207338
1628235062832546002,459865.70708205685,8576165.509168813
1628235062970549376,459754.9265107013,8572182.860032437
1628235063030555305,459705.1991745742,8570394.894626338
1628235063174724020,459596.3858608019,8566482.474262787
1628235063228685108,459554.23347072856,8564967.127051
1628235063372590788,459449.01247626584,8561183.55220156
1628235063432584341,459402.85322371736,8559523.52684166
1628235063570727582,459300.1941245869,8555831.721742524
1628235063624561023,459263.7108676414,8554519.631686172
1628235063768884907,459159.06107523,8550756.4021331
1628235063840667842,459109.02000080934,8548956.546540983
1628235063966604838,459024.3481175467,8545910.993781285
1628235064104722914,458924.8487127692,8542331.828024086
1628235064170505553,458884.6585469566,8540886.185406595
1628235064296527333,458795.4555321877,8537677.244404636
1628235064374655555,458745.43015562143,8535877.936413586
1628235064494666707,458643.5416640248,8532210.122659031
1628235064578549429,458593.0446696058,8530393.480635423
1628235064698462842,458522.56883844174,8527858.494298203
1628235064776663925,458464.0291747949,8525751.593087878
1628235064896694152,458403.19771567103,8523564.32485505
1628235064980568866,458325.05509522854,8520749.509707343
1628235065094779590,458241.10120639217,8517727.310268732
1628235065172636431,458179.90873395244,8515523.136246055
1628235065304751119,458055.80835478957,8511052.351825131
1628235065376855325,458027.1299955432,8510021.626302581
1628235065502621732,457864.4451503932,8504155.457802739
1628235065568837084,457804.18059576914,8501983.749492263
1628235066900956926,456619.98065596394,8459274.936545188
1628235066973136331,456565.97759566124,8457326.420323068
1628235067104849604,456479.9672825302,8454224.512965502
1628235067170892494,456432.4984447528,8452512.107761338
1628235067302861467,456339.23435359355,8449146.661025256
1628235067375036719,456293.2115877933,8447486.280031957
1628235067506787242,456219.2268760328,8444818.357003596
1628235067572945936,456175.59271500784,8443244.199152814
1628235067704893454,456093.19101559673,8440271.089886814
1628235067776794776,456061.6319334355,8439133.93080105
1628235067903031845,455982.68591588794,8436285.55589867
1628235067968903030,455945.41863437474,8434940.753336014
1628235068112809621,455876.10353200964,8432441.619087225
1628235068178794788,455838.03558153356,8431068.418348992
1628235068298802475,455773.3861335297,8428736.245890617
1628235068443103460,455702.381199023,8426175.211730227
1628235068508978539,455667.75830533414,8424926.688876102
1628235068575009083,455632.1893439071,8423643.648205517
1628235068695165174,455569.20556023356,8421371.270489087
1628235068839121258,455522.45813457284,8419688.586655501
1628235068910977130,455492.95080513717,8418624.895446017
1628235069037136741,455444.0860483866,8416864.507479554
1628235069108987803,455412.09515662905,8415710.719067339
1628235069240899842,455358.38837779674,8413774.763672821
1628235069307118147,455330.69509410125,8412776.550225008
1628235069439065843,455278.1027137515,8410880.488893405
1628235069511013484,455247.0864230115,8409761.91522716
1628235069636893955,455204.3882094064,8408223.433536503
1628235069714895224,455175.6296122548,8407187.089394627
1628235069841174501,455118.91124660295,8405141.208010262
1628235069907221762,455089.65835170465,8404086.090568583
1628235070033052470,455043.8267733827,8402433.742040303
1628235070111157160,455012.6768681677,8401310.441688284
1628235070243168731,454964.9173977861,8399588.688221063
1628235070303173470,454942.5281358076,8398781.370905949
1628235070435056635,454893.09635545476,8396998.668520704
1628235070513087589,454879.82009122014,8396523.184857387
1628235070644981938,454849.4907244512,8395432.867448224
1628235070711004332,454836.24036299426,8394956.744889546
1628235070831385785,454790.46051999804,8393306.32208925
1628235070903147610,454761.72802899044,8392269.509434078
1628235071035121389,454720.0709712063,8390768.117700743
1628235071101382475,454690.08931859897,8389685.885755703
1628235071233232180,454651.2990581652,8388288.369575347
1628235071305182712,454646.00674195564,8388101.317174672
1628235071443378495,454632.08541789884,8387606.266969479
1628235071509048508,454603.14246047067,8386560.841726826
1628235071641163981,454560.14848859585,8385010.68435698
1628235071713045507,454534.9461746817,8384101.52436989
1628235071845242140,454486.97202692775,8382371.388700632
1628235071905282557,454474.2454647233,8381913.991967759
1628235072037268225,454424.90869022126,8380133.544485536
1628235072109288752,454405.43814374914,8379432.1851041755
1628235072247250453,454360.8097749228,8377823.212632922
1628235072307257846,454337.7690837845,8376991.654973963
1628235072439267342,454296.7431327467,8375512.617693245
1628235072511226197,454265.31879797275,8374377.584078431
1628235072649344341,454235.2693851748,8373297.496086523
1628235072715124491,454219.1681047689,8372717.668974637
1628235072841445785,454163.08542592276,8370692.313725794
1628235072913280935,454143.48467192036,8369986.225708448
1628235073039336764,454104.07677752443,8368566.01935535
1628235073183150187,454064.1058475499,8367125.976767101
1628235073243175445,454046.8526299336,8366504.401768811
1628235073387419586,454004.68434502196,8364984.636499293
1628235073441580902,453984.1644400311,8364244.459096394
1628235073585176416,453969.5385874974,8363724.580601207
1628235073645183408,453952.21296237444,8363100.401108006
1628235073783434151,453925.24648136826,8362132.649771142
1628235073843451622,453909.38674298633,8361561.709482459
1628235073981523380,453867.59927871166,8360055.990851092
1628235074035474530,453864.41100518627,8359944.251775699
1628235074185453081,453812.48262072494,8358071.239065008
1628235074251208480,453802.9537275619,8357730.326247095
1628235074377340807,453746.2307150086,8355681.592006219
1628235074443496709,453716.54080302385,8354609.386453267
1628235074581725661,453679.20511657314,8353265.570774691
1628235074647249669,453656.83676228125,8352458.3869204065
1628235074779388970,453641.466710109,8351911.495066429
1628235074839389005,453632.53779362765,8351592.389630732
1628235074989257405,453583.4943103348,8349824.375580457
1628235075049275594,453550.85348645423,8348644.315484412
1628235075187504051,453474.3017792083,8345876.326297642
1628235075247542190,453483.6124354128,8346219.956578385
1628235075379428135,453427.9843608956,8344210.968839659
1628235075445677327,453402.84076636314,8343303.910550278
1628235075577547686,453359.5898255041,8341744.655379184
1628235075637551463,453337.37567690364,8340943.116076973
1628235075787476333,453266.782792542,8338392.295187108
1628235075847471054,453224.8515531019,8336874.364973575
1628235075979452286,453135.6236200165,8333644.175190416
1628235076045468667,453171.43156207947,8334951.128521758
1628235076183459001,453138.3525783531,8333762.098743997
1628235076249519677,453098.81584242906,8332332.141119764
1628235076381478426,453075.8581419606,8331510.083355333
1628235076441587665,453065.79871753545,8331150.190832387
1628235076585403876,452996.01896761253,8328627.575279876
1628235076651648273,452981.42374206334,8328103.771227599
1628235076783533472,452913.56515354884,8325649.820998775
1628235076843516535,452897.2777191252,8325063.52635079
1628235076982776797,452866.45806343615,8323956.67449388
1628235077054697511,452813.5462441996,8322040.149086766
1628235077186714903,452781.71226498927,8320895.432228569
1628235077312882203,452714.22302250704,8318454.471890909
1628235077384804329,452692.5142820906,8317671.986936349
1628235077510817931,452632.886990053,8315515.882540733
1628235077582926384,452607.65291278553,8314606.132032653
1628235077720621511,452569.69724957366,8313238.636254256
1628235077786830709,452514.81745887897,8311249.796605565
1628235077918845697,452468.5067935345,8309578.255497356
1628235077984741153,452417.3537115681,8307724.772457776
1628235078122959283,452363.0927212576,8305764.771217075
1628235078188848482,452337.7016901514,8304846.99509578
1628235078320806355,452270.0372899734,8302398.298931006
1628235078380867766,452244.9680474856,8301492.118975998
1628235078518732101,452178.64203969797,8299092.730073193
1628235078585012802,452153.2737541993,8298176.501497261
1628235078705187791,452112.13699589757,8296691.328049322
1628235078788871828,452084.16752396553,8295681.71328421
1628235078926887435,452049.49581682484,8294432.674327456
1628235078986995322,451998.82096603554,8292595.1665463485
1628235079119045438,451955.3390653001,8291025.226981396
1628235079179007867,451933.5075857179,8290236.428370157
1628235079316871834,451878.38308526383,8288243.5324772615
1628235079388821194,451853.02606707206,8287327.258040574
1628235079508819851,451819.5773791215,8286121.303744003
1628235079592936612,451797.9001992941,8285339.848582638
1628235079712940857,451760.25280395127,8283980.784255516
1628235079790985226,451720.2902950562,8282533.6488007745
1628235079910855245,451675.74520892854,8280923.24854142
1628235079989062049,451667.2382282848,8280621.499224695
1628235080121076919,451625.0160917917,8279096.51235241
1628235080193061405,451604.7191096035,8278364.094352435
1628235080312865110,451588.0373436242,8277768.305072128
1628235080391258498,451575.35794937034,8277314.189788084
1628235080523150786,451551.9181684054,8276472.9667862095
1628235080583105948,451539.8896660289,8276040.601897168
1628235080715173157,451511.9736971527,8275036.217568855
1628235080780949700,451485.5318905204,8274079.799744762
1628235080918781192,451453.6558380696,8272931.08144214
1628235080985075237,451447.7881561697,8272724.04971652
1628235081117042242,451423.4141333897,8271848.527278051
1628235081183001792,451409.5473909487,8271350.059679638
1628235081314941204,451357.645142821,8269471.637775328
1628235081393147329,451336.72687208647,8268717.208534796
1628235081513162829,451313.26463292394,8267873.969365374
1628235081585281122,451296.03540343646,8267252.972921783
1628235081716962905,451265.3790307765,8266148.507639164
1628235081788931654,451266.1189192268,8266182.124060428
1628235081920964006,451241.27091119636,8265289.220175865
1628235082047184860,451232.97250140534,8264999.09626545
1628235082119079376,451220.10341702163,8264536.901455095
1628235082197118795,451206.08404396614,8264033.749917483
1628235082317210367,451184.36098869046,8263253.836461809
1628235082454931414,451158.6982649834,8262331.26799644
1628235082527062242,451147.0144488804,8261913.3476245
1628235082659944983,451114.99832452927,8260759.297841555
1628235082713951047,451103.26831744786,8260336.700346978
1628235082851879463,451086.6560480006,8259745.0288964
1628235082930119212,451071.8666290381,8259213.884768439
1628235083061968289,451049.47579977894,8258410.694766344
1628235083121980351,451041.6771362772,8258132.381933117
1628235083253900968,451023.9017916083,8257497.509486066
1628235083320216288,451017.6547751403,8257276.762920169
1628235083457911204,451005.3475162549,8256841.139068402
1628235083523983886,450986.5870643577,8256164.599663202
1628235083651260703,450965.2210179875,8255398.964244818
1628235083723076292,450952.32884334004,8254936.160260191
1628235083855107223,450933.18127150147,8254251.560347908
1628235083927093121,450921.9740393833,8253849.186321487
1628235084053331550,450891.16489880404,8252740.70036753
1628235084125219690,450870.60908097104,8251998.661599595
1628235084251157872,450858.00555108197,8251552.864183994
1628235084323108216,450841.28324609896,8250950.597227945
1628235084443441234,450814.44138370425,8249984.67358161
1628235084527230875,450811.7666887137,8249895.457247932
1628235084665146868,450784.7005592043,8248923.514958471
1628235084719243948,450768.4471124352,8248336.301212697
1628235084857134371,450693.60768425267,8245622.951931589
1628235084923378170,450641.6506704051,8243736.152341361
1628235085055243736,450614.70079453435,8242767.684240058
1628235085115516289,450581.48260101327,8241562.904961768
1628235085247185972,450575.4524167777,8241357.185034199
1628235085331168735,450591.57143014245,8241953.561475722
1628235085463060850,450614.82893445814,8242815.827068449
1628235085517400783,450586.11881069955,8241775.596792368
1628235085655418083,450568.6268411204,8241153.338029856
1628235085721210626,450558.255904246,8240781.863850722
1628235085859451093,450489.3529798874,8238284.893516172
1628235085925106860,450469.75238363346,8237576.834875036
1628235086051339640,450445.1731194229,8236695.201987127
1628235086129251170,450433.1253774935,8236264.866869127
1628235086261247664,450403.276734675,8235191.224283338
1628235086321225098,450402.7816303554,8235179.995078237
1628235086459135526,450396.97125791246,8234982.940075767
1628235086531241408,450357.02902768634,8233535.374134312
1628235086651277539,450322.76718148496,8232299.516816347
1628235086795254984,450287.6727916207,8231035.693102361
1628235086849496095,450264.7789599031,8230207.528023585
1628235086993370535,450256.2993392292,8229914.71765139
1628235087065252447,450247.73385049915,8229610.400872423
1628235087191594896,450231.34035342623,8229027.542384067
1628235087251540217,450206.4321703308,8228125.850609079
1628235087396147995,450196.2117854237,8227769.4473718405
1628235087468281663,450191.1828068959,8227594.258806594
1628235087594272996,450153.56439860986,8226237.168014239
1628235087654297130,450146.6976924251,8225993.782216301
1628235087798295989,450083.777377341,8223714.811785479
1628235087858289001,450072.4754804471,8223309.626961639
1628235087996318569,450009.9426493042,8221044.933626608
1628235088056325884,449991.298006306,8220371.8371114945
1628235088194485355,449963.7165012591,8219382.355998808
1628235088260217417,449951.37656899524,8218939.544867991
1628235088398350909,449927.4689252788,8218084.213754601
1628235088458350145,449917.36420850595,8217722.847489587
1628235088602247220,449866.48095605476,8215883.1978639085
1628235088657453054,449849.48175122746,8215270.220240021
1628235088801414885,449808.2556629123,8213783.25348685
1628235088861543826,449787.80764573254,8213044.404648917
1628235089000368186,449757.7044146548,8211963.551150445
1628235089060377416,449745.31594571896,8211518.927880816
1628235089198554735,449708.3953233329,8210188.983886098
1628235089252275720,449695.83624407125,8209737.071576377
1628235089402399660,449635.92110039707,8207569.016922723
1628235089456700932,449612.58518856415,8206724.764151639
1628235089600408995,449585.1271279901,8205740.346313584
1628235089660417654,449563.01366398466,8204940.705334809
1628235089804455781,449521.5366096412,8203444.268237876
1628235089864447792,449502.83818027185,8202769.293457338
1628235089996347459,449470.7875469807,8201616.18789483
1628235090062470001,449455.4969362046,8201066.9897944555
1628235090194352596,449428.86202633264,8200111.4383703
1628235090254348953,449408.7215279381,8199384.111103785
1628235090392589425,449373.9652430867,8198133.3866878245
1628235090524499206,449349.9544523089,8197273.991536537
1628235090596535307,449336.1481443783,8196779.117488804
1628235090723538534,449305.98774246377,8195695.016787546
1628235090801666142,449264.8301018066,8194202.660006827
1628235090927677390,449224.8247347534,8192757.617894702
1628235091005635278,449193.04475191503,8191607.740638206
1628235091125650071,449168.89967043407,8190742.034039678
1628235091197541774,449157.5293259268,8190336.223240835
1628235091335761934,449098.41380068724,8188195.914081832
1628235091395789365,449082.00997054315,8187604.86308901
1628235091533605239,449030.8763003926,8185756.161499219
1628235091599646408,449010.3850079196,8185015.740718972
1628235091737584933,448981.7410584657,8183988.645266891
1628235091797565803,448959.3571483196,8183179.047436428
1628235091929669470,448926.5117628124,8181996.911688054
1628235091995634637,448890.4137234082,8180687.568994385
1628235092128593274,448853.9235080209,8179372.184909217
1628235092194830470,448823.61526450916,8178274.313569921
1628235092333665862,448768.15241064935,8176265.652513777
1628235092399630609,448736.8993591748,8175133.145202963
1628235092525839851,448720.76652572496,8174562.089602314
1628235092603738520,448712.1557335957,8174257.262148029
1628235092729623527,448669.5448830128,8172718.186392397
1628235092801633383,448653.79567109235,8172152.436521441
1628235092933637524,448627.3658146259,8171204.824736936
1628235092999853706,448596.56993427215,8170089.172873457
1628235093131734454,448560.9744278734,8168806.417904054
1628235093203902885,448541.03289573564,8168087.372399375
1628235093330786408,448503.6374074577,8166739.085200661
1628235093402825759,448483.2773086796,8166004.752425332
1628235093528932011,448443.4829367365,8164568.618458154
1628235093606715675,448421.31732403545,8163768.227448155
1628235093732726689,448376.68809897685,8162155.39485565
1628235093798934370,448341.13543016877,8160865.389628718
1628235093936669329,448286.28555499593,8158878.273422498
1628235094002799627,448299.3436988705,8159366.540389773
1628235094134746739,448256.3761017544,8157814.109215221
1628235094206636320,448230.7504432235,8156887.108126846
1628235094326683244,448190.0724041467,8155416.970384606
1628235094398745427,448165.45209209446,8154526.656494097
1628235094536781910,448147.3883238606,8153886.887512286
1628235094602845544,448136.9315086035,8153514.710209734
1628235094734913770,448123.94971225224,8153059.318069158
1628235094806885147,448117.25295940926,8152824.73614254
1628235094932738577,448108.13854562916,8152509.158205057
1628235095004848140,448100.61495747993,8152245.9019571785
1628235095136812910,448102.1257774288,8152320.510187421
1628235095268704264,448074.88933629333,8151343.666853176
1628235095328966681,448071.5812911922,8151231.5901661655
1628235095472854672,448064.0100976625,8150975.453204228
1628235095532767999,448044.9721279371,8150288.083988518
1628235095658858094,447998.9925058448,8148625.08995166
1628235095736956720,447994.04606787517,8148456.103457656
1628235095868999284,447959.72090286505,8147219.269020065
1628235095934756729,447943.3638066738,8146629.560414927
1628235096060892797,447934.8971280973,8146339.057873991
1628235096138993416,447920.5250093664,8145824.875851949
1628235096270989358,447895.19177898846,8144917.126946407
1628235096330999079,447879.1530812602,8144338.971986633
1628235096540915275,447828.49179884046,8142515.813840178
1628235096678791035,447798.80694570247,8141448.232135879
1628235096733179416,447792.36885849194,8141221.441552034
1628235096864871290,447776.2207732051,8140649.158425199
1628235096936947361,447769.0736264827,8140397.641917249
1628235097062941213,447734.7146348398,8139158.874306485
1628235097134839187,447725.7124383379,8138839.385507985
1628235097266829037,447685.67955810967,8137392.713711763
1628235097332992175,447680.25181255076,8137203.972246496
1628235097464951735,447668.2588689714,8136783.375726661
1628235097536898701,447632.8831235708,8135498.448314879
1628235097668898582,447630.70128892135,8135436.870727145
1628235097735111220,447583.8287702123,8133730.8834237475
1628235097873201720,447575.33585767535,8133439.519959827
1628235097938993415,447571.9969039701,8133325.636449419
1628235098065217614,447527.83678206813,8131727.060312084
1628235098142911562,447527.57993387274,8131727.306797725
1628235098275094484,447484.2625980878,8130160.758841646
1628235098335071781,447482.66679166636,8130110.527039323
1628235098472952289,447470.3377981702,8129676.837864696
1628235098538936291,447402.5085767472,8127202.66771166
1628235098671073677,447353.9581704556,8125442.33861254
1628235098737147531,447323.76708735863,8124346.235961487
1628235098869089974,447278.39934424113,8122702.072787303
1628235098941016063,447251.64787417505,8121731.599550545
1628235099079229302,447201.95247293636,8119930.054811585
1628235099139231572,447185.73589882086,8119344.02765498
1628235099265229340,447149.03912316816,8118017.101945288
1628235099337331389,447136.6535407862,8117572.682595247
1628235099475017245,447102.21369156666,8116328.31339736
1628235099541210972,447068.2009821707,8115091.370620302
1628235099667450756,447021.16752385785,8113385.363631853
1628235099739175031,446998.03028981364,8112547.024663024
1628235099871142296,446960.28190880455,8111181.062384654
1628235100009215794,446892.2819852872,8108707.826749522
1628235100069225661,446872.95821128716,8108007.625044341
1628235100207181785,446838.2944229552,8106754.491618125
1628235100273188460,446797.88854394,8105283.017874611
1628235100405141307,446758.6280676144,8103861.283412867
1628235100465117067,446740.7829277539,8103215.1631783955
1628235100609247607,446692.51727661944,8101465.903872847
1628235100675199646,446683.9100644799,8101158.361007232
1628235100807080362,446643.71723116946,8099702.520084833
1628235100873368469,446625.1872617783,8099032.567589478
1628235101005322665,446585.11561786995,8097580.8899876
1628235101077353306,446570.7405950072,8097063.256889233
1628235101209231878,446526.5084885451,8095458.997796605
1628235101275402919,446487.1703157039,8094025.995973232
1628235101407386019,446442.6862339704,8092412.329058316
1628235101473146970,446423.3409609061,8091711.020136371
1628235101605369632,446373.214180397,8089891.985743736
1628235101677162078,446366.2819320833,8089645.941829872
1628235101815403609,446281.4364122521,8086554.616736351
1628235101875383845,446278.01400390104,8086437.347641809
1628235102007329504,446192.26395627466,8083309.45819124
1628235102067347377,446179.5460424444,8082851.172306443
1628235102217196739,446139.3966335586,8081397.601179558
1628235102277449685,446073.5678133245,8078991.909859528
1628235102409432147,446013.16075439914,8076793.380483464
1628235102475209427,445985.0094668854,8075768.679359456
1628235102607374752,445902.61461739626,8072764.380479956
1628235102679488659,445868.25892487983,8071513.231900201
1628235102817514442,445799.3868401249,8069003.599809498
1628235102871496326,445776.74198804336,8068180.817242824
1628235103009413567,445704.0559227322,8065532.318440762
1628235103087368981,445678.3579344452,8064598.793210165
1628235103213256920,445625.1061929406,8062662.127234371
1628235103273267929,445590.4564811164,8061398.412843989
1628235103417410157,445541.4431720782,8059618.626194817
1628235103477387020,445524.0649019088,8058989.053417234
1628235103615290970,445479.29971227905,8057365.438818045
1628235103741556910,445432.2720565648,8055657.134608848
1628235103813517616,445408.26486970036,8054785.52339175
1628235103939525504,445350.5443782801,8052684.211534092
1628235104017327150,445333.8956814247,8052082.851577237
1628235104143539156,445300.0502269768,8050858.477010563
1628235104221271846,445285.7641650631,8050343.895337407
1628235104341492184,445222.09661084105,8048023.933686463
1628235104419470930,445200.36076216376,8047235.649068925
1628235104551439689,445116.73828948295,8044182.077460103
1628235104617361498,445084.9658501238,8043024.807731588
1628235104743511208,445029.92157601577,8041021.380020408
1628235104803538145,445008.6927963502,8040250.047517952
1628235104959412652,444964.14914793614,8038635.153366061
1628235105019374549,444936.27398519195,8037619.551091895
1628235105139401160,444914.5967015483,8036840.677097815
1628235105211453777,444903.4630190706,8036441.896470264
1628235105349539336,444848.79926439014,8034453.714880144
1628235105421704178,444832.6866931504,8033871.891628598
1628235105541517456,444787.42079336575,8032225.844520187
1628235105619671096,444766.79255006963,8031479.4575173315
1628235105745565529,444749.5190007276,8030862.601400429
1628235105817615147,444733.01400120615,8030267.807207899
1628235105937622846,444709.7801237117,8029431.645929218
1628235106015599347,444706.26153026056,8029313.028360002
1628235106147658015,444690.56559102813,8028757.110032402
1628235106213511285,444685.4334021523,8028577.503687644
1628235106339749477,444730.80883996893,8030266.137825164
1628235106411637078,444734.3176692021,8030405.827248073
1628235106549658573,444745.3049490539,8030831.4014179045
1628235106621677319,444748.361460414,8030954.474818412
1628235106741684804,444749.7635375699,8031024.648417948
1628235106813640521,444757.07573308516,8031304.205695806
1628235106951776181,444773.1935666256,8031918.220098637
1628235107011769656,444750.4445641865,8031091.0370559385
1628235107143752158,444756.9485876093,8031350.076931625
1628235107209857626,444757.56169269455,8031383.3436624445
1628235107353813786,444747.849269987,8031047.927024604
1628235107419559081,444751.7268381008,8031199.68538406
1628235107545805519,444734.5482733613,8030588.254336739
1628235107611804411,444733.53942430444,8030561.91580236
1628235107749671049,444744.1174344566,8030970.872771481
1628235107815723749,444737.0198473245,8030720.6821262725
1628235107947826943,444713.31525124435,8029869.155386653
1628235108019623305,444785.0414047402,8032517.106046847
1628235108145795183,444794.3146828632,8032877.916688083
1628235108217725306,444805.74905791815,8033308.960356347
1628235108349752036,444819.28486611944,8033826.840587121
1628235108475852784,444857.11670884443,8035237.393804465
1628235108547872933,444831.63656469004,8034311.789034875
1628235108625780189,444847.0002782113,8034887.247565231
1628235108745869406,444823.5365097973,8034044.969882212
1628235108877923647,444835.906783842,8034519.568371842
1628235108949915778,444843.5477861045,8034811.116658396
1628235109087836998,444805.2653989115,8033425.319329401
1628235109147857107,444808.8653727856,8033566.762627207
1628235109279943938,444762.02853115776,8031864.940414971
1628235109351945420,444761.96817177325,8031873.322775757
1628235109489987860,444711.5384197207,8030040.835209748
1628235109543849167,444709.66454185935,8029979.48089207
1628235109681853654,444706.517042656,8029884.771433744
1628235109747942807,444652.64067613287,8027914.644841747
1628235109891966053,444632.9846714327,8027212.8513630405
1628235109939916297,444624.98058906355,8026925.997433981
1628235110071932821,444551.36805357295,8024238.575605525
1628235110150004347,444537.58503573766,8023743.533767935
1628235110281997666,444457.6584097004,8020823.575525757
1628235110341997631,444445.4015580056,8020381.597612486
1628235110480013424,444322.77913654223,8015891.83145982
1628235110552040317,444302.3033375519,8015148.803247721
1628235110689924263,444255.4362236547,8013443.524146424
1628235110744007649,444133.583636843,8008968.902753657
1628235110881952175,444052.0613404781,8005989.111866273
1628235110959918103,444011.4100596016,8004503.0607788
1628235111085949038,443890.10622650234,8000056.634274601
1628235111152059496,443845.6904062383,7998431.497767783
1628235111283945175,443737.81504332897,7994476.914545408
1628235111356011790,443684.52932880615,7992526.09522715
1628235111487976603,443576.73952607554,7988574.749617897
1628235111553906404,443534.4211589174,7987024.464065561
1628235111686093263,443451.8239794794,7984001.448742735
1628235111758073947,443414.4864792307,7982636.093503835
1628235111890007577,443361.5396746314,7980703.562704138
1628235111949995953,443339.9991135942,7979918.285968904
1628235112076140752,443233.4494583571,7976010.023280912
1628235112154045319,443200.5725975507,7974808.091931945
1628235112286072257,443089.26069922093,7970724.523243326
1628235112346060958,443056.0412189639,7969508.187568097
1628235112478272646,442957.11682247376,7965878.855465124
1628235112550141769,442915.54407814494,7964355.530911163
1628235112682190960,442845.9367919218,7961806.4097918505
1628235112748258059,442793.0567935724,7959865.98547546
1628235112880122841,442730.19370265683,7957565.036715141
1628235112952052201,442697.492817634,7956368.308275023
1628235113090177552,442608.07859339885,7953088.783907412
1628235113228100364,442543.17728938727,7950711.712193814
1628235113288051934,442486.3245029728,7948621.770855457
1628235113420218730,442417.42385695904,7946097.700645076
1628235113492246121,442354.00471528125,7943766.334909779
1628235113618004974,442305.7355024514,7942000.414475987
1628235113684257656,442276.9343513391,7940946.37674015
1628235113822184031,442183.9108408837,7937530.3890074985
1628235113894240925,442155.9566084073,7936507.245432398
1628235114026257027,442088.1382904914,7934019.593317181
1628235114086256717,442061.6354515864,7933048.422611822
1628235114230194835,442006.6616761658,7931035.586012418
1628235114296164798,441984.4868108172,7930225.514601223
1628235114428052393,441936.1281041331,7928455.149122586
1628235114488328328,441897.41580628057,7927032.676986089
1628235114626239265,441834.96042220213,7924742.054634348
1628235114686228564,441807.1460071698,7923721.446505487
1628235114824346472,441746.1812055837,7921485.565772707
1628235114884322727,441719.41590991674,7920503.346596591
1628235115028333673,441679.4508555116,7919042.424685387
1628235115088327049,441657.7738515046,7918247.91125346
1628235115220208867,441609.2235364517,7916467.567835025
1628235115286377927,441585.390359982,7915594.18478544
1628235115430381750,441535.03416191414,7913747.335048079
1628235115490386922,441516.27933130844,7913060.007742859
1628235115628303046,441473.73084075993,7911500.896195752
1628235115688306484,441455.36070556665,7910827.5261944
1628235115820398606,441390.71759238205,7908449.448671959
1628235115898158860,441370.5560378606,7907710.314745822
1628235116018316062,441311.4365690157,7905535.708805243
1628235116090348764,441283.33610708313,7904502.463768767
1628235116228202168,441236.3308236827,7902774.693782194
1628235116288421552,441221.1693636275,7902219.808591834
1628235116420427819,441183.43687457865,7900834.108560389
1628235116480346588,441148.1448943486,7899533.178623817
1628235116630444478,441106.0516725915,7897986.524052731
1628235116690434594,441090.22923058487,7897405.163490128
1628235116822451965,441020.7643192215,7894843.292683529
1628235116882485257,441001.4641959672,7894132.768563454
1628235117020407989,440936.16470864863,7891724.392696953
1628235117152473568,440890.5626806895,7890043.504449265
1628235117230262998,440868.3908023507,7889226.307671256
1628235117362273133,440822.2597321344,7887524.6349734105
1628235117434434480,440804.3751583615,7886865.977628581
1628235117554454841,440738.9360103782,7884448.204791612
1628235117626416244,440713.2612728434,7883500.226271283
1628235117758528770,440675.99087439675,7882124.380498477
1628235117836634531,440648.9604507468,7881126.003844825
1628235117962437314,440608.12789092655,7879617.461876646
1628235118028477144,440606.5073891682,7879559.088418287
1628235118154552995,440561.3742014483,7877890.975342666
1628235118232433335,440541.53449063894,7877157.865666564
1628235118358592668,440525.98543108173,7876584.383062408
1628235118424475985,440513.4116944103,7876119.886816976
1628235118556647765,440492.3332636008,7875341.323167614
1628235118628611159,440478.78233489126,7874840.516160414
1628235118760599552,440451.3956757589,7873827.578300372
1628235118826554482,440436.9218750741,7873292.26818821
1628235118952391875,440411.7735861733,7872361.922109851
1628235119030517810,440396.6883510617,7871803.565783117
1628235119156477911,440370.6033182736,7870838.13241051
1628235119228487634,440355.3397688244,7870273.131342593
1628235119360582073,440333.4529154082,7869462.618910954
1628235119432541802,440318.3577985548,7868903.70574014
1628235119558689673,440307.1068556556,7868487.1659898795
1628235119630690147,440292.8084615298,7867957.6795191
1628235119762610849,440281.64903793536,7867544.22342382
1628235119834547167,440268.4455168539,7867055.195087916
1628235119954550288,440246.1663493715,7866229.9585698955
1628235120032690635,440244.4960795773,7866167.80980131
1628235120170481754,440220.4971434396,7865278.670905862
1628235120230526949,440209.67776230356,7864877.789074501
1628235120362735005,440204.8363102637,7864698.281376065
1628235120422693963,440194.481695267,7864314.545030089
1628235120572651479,440285.47911041474,7867686.304210069
1628235120632679000,440287.1438124077,7867747.947792093
1628235120752674992,440305.44673963834,7868425.974464398
1628235120824662876,440303.98825748154,7868371.93326576
1628235120968539953,440301.94880686654,7868296.360651174
1628235121034693713,440320.5814866476,7868986.615404334
1628235121160581077,440320.844766777,7868996.371002622
1628235121226712550,440321.23230351106,7869010.72528507
1628235121358659857,440339.8946449133,7869702.043756033
1628235121436843070,440340.3303624764,7869718.179040849
1628235121556805783,440361.9002935344,7870517.208410515
1628235121628808714,440362.3111058149,7870532.413330429
1628235121760798529,440384.9014108077,7871369.216406212
1628235121838843674,440384.9954004637,7871372.698657182
1628235121964623271,440385.48092399735,7871390.668121939
1628235122090860426,440408.92187490757,7872258.971636198
1628235122156756357,440409.2311232213,7872270.428516904
1628235122288874706,440439.7005848238,7873399.0513460785
1628235122360868930,440439.9355110702,7873407.743690635
1628235122492842112,440465.85424632236,7874367.730567148
1628235122564736240,440466.0322102314,7874374.322937872
1628235122702882407,440466.5039064416,7874391.787397699
1628235122762779551,440493.14951849286,7875378.676291434
1628235122888886870,440493.4372906348,7875389.335739254
1628235122960984534,440493.6399485779,7875396.831901927
1628235123104822865,440521.47955789557,7876427.901288379
1628235123164804807,440521.66061037435,7876434.599994685
1628235123290897112,440555.173464654,7877675.723006002
1628235123362947757,440555.4343329331,7877685.372342428
1628235123500847322,440585.7604636109,7878808.39181848
1628235123566841291,440585.8867913023,7878813.070293723
1628235123692948830,440586.2802781634,7878827.637360497
1628235123770862543,440616.9767664988,7879964.321286084
1628235123902767295,440617.4885697744,7879983.274446994
1628235123956989037,440617.773715978,7879993.827604996
1628235124094940899,440649.1224209996,7881154.596284381
1628235124166887464,440649.21287174727,7881157.945654366
1628235124299007970,440681.2654114789,7882344.686465614
1628235124364940990,440681.59536358184,7882356.887743367
1628235124496948311,440714.5028724795,7883575.209669645
1628235124568964053,440714.68092608335,7883581.802094677
1628235124707052246,440715.1088293614,7883597.645180804
1628235124767043169,440747.98743679817,7884814.852023125
1628235124898898447,440748.79713879456,7884844.916768607
1628235124972070669,440749.4033871265,7884867.4587055985
1628235125098042555,440784.9196854823,7886182.3840148095
1628235125158051380,440785.53504835535,7886205.298159152
1628235125295871875,440823.42246740015,7887608.21318679
1628235125367995608,440826.17581621005,7887710.582551628
1628235125499985657,440862.38513311435,7889051.748687423
1628235125560035285,440862.22063187574,7889046.193336406
1628235125692116455,440863.3381038078,7889088.9123862
1628235125763977166,440907.81961228367,7890735.9651564825
1628235125902049285,440912.3321086569,7890904.845338215
1628235125961995995,440912.9909730963,7890930.125980606
1628235126093904670,440951.3500389521,7892351.762225253
1628235126165939690,440952.5932641048,7892399.000344752
1628235126304025900,440992.3626296666,7893873.245807187
1628235126436055204,440995.1032635907,7893977.2920395555
1628235126502157557,441022.81959173037,7895004.259302992
1628235126567926844,441020.8770760028,7894933.683373537
1628235126706063788,441016.6234355763,7894779.426684834
1628235126844049190,441053.68107063003,7896154.097322703
1628235126898067304,441056.70751011104,7896267.287165756
1628235127036197014,441086.7657725278,7897382.991139565
1628235127108092591,441090.60362902266,7897526.7250035675
1628235127240077835,441121.5911172819,7898676.562310003
1628235127294156604,441121.40485777846,7898671.193712629
1628235127438050471,441118.54655522987,7898569.038958792
1628235127504239325,441155.6451507415,7899943.314291424
1628235127636194776,441157.30711209174,7900008.2052677395
1628235127696169880,441157.9335913161,7900032.954956155
1628235127840090629,441196.87237374194,7901477.279228936
1628235127906302258,441196.3991899503,7901461.676523524
1628235128038245375,441254.6032668149,7903618.289301176
1628235128098242393,441258.0075624646,7903745.861538888
1628235128242169312,441305.75951448485,7905515.724361329
1628235128302114388,441310.66821242817,7905698.8815912595
1628235128446057138,441323.7917831527,7906187.903097436
1628235128500272497,441371.2268538629,7907943.705829118
1628235128638271920,441386.9717260837,7908529.463557016
1628235128704091667,441392.8009292683,7908746.487855815
1628235128842074294,441443.69509832707,7910631.4092466775
1628235128902235244,441451.63097473176,7910926.1891574245
1628235129040262809,441490.71036434465,7912374.115510778
1628235129112212034,441496.98478651367,7912607.595481295
1628235129232242079,441529.1579247546,7913799.528549969
1628235129304134153,441534.64534501627,7914003.820537663
1628235129442350321,441545.02422095626,7914390.260833883
1628235129514249638,441578.56532657973,7915631.480020247
1628235129640133121,441585.49820676324,7915890.0025069555
1628235129700504121,441589.8701495387,7916052.878241446
1628235129844408380,441622.6356302005,7917266.40038958
1628235129910176744,441626.13651062176,7917396.844704515
1628235130042337423,441667.17052525445,7918915.489863726
1628235130102353148,441670.0581291219,7919023.23230016
1628235130240718810,441712.7581623694,7920603.286880218
1628235130306438652,441715.1447055577,7920692.500960104
1628235130444362431,441720.13267250254,7920879.223371192
1628235130576349021,441762.42241292796,7922443.862157763
1628235130648260137,441763.5585023248,7922487.0608742675
1628235130768306141,441813.6126046612,7924338.323107651
1628235130846478052,441818.3442900045,7924514.544975292
1628235130972362608,441825.799533675,7924792.103043696
1628235131050362702,441868.95782899257,7926387.68965174
1628235131176508562,441874.0303045212,7926577.390271193
1628235131242273722,441923.771308222,7928415.685712365
1628235131380363629,441936.3605639664,7928883.21015721
1628235131434651667,441941.26411095797,7929065.413762178
1628235131572406203,441990.63989834726,7930891.432713549
1628235131638531779,441996.07411120675,7931093.441494554
1628235131782392683,442051.65977950045,7933148.826491431
1628235131842422981,442058.6063295996,7933406.554674159
1628235131974436783,442075.0957373104,7934018.190707193
1628235132040442231,442124.70681474486,7935851.20816949
1628235132172379694,442144.08202345774,7936569.525663042
1628235132244355449,442179.36588989233,7937873.639309383
1628235132370473325,442181.8809632665,7937969.874548674
1628235132442464998,442184.38060202927,7938064.088375583
1628235132574606051,442234.2831730211,7939909.634814038
1628235132640583737,442236.21754870325,7939983.193440675
1628235132772619278,442283.50934736605,7941732.643139272
1628235132844493533,442283.7111293816,7941742.454266659
1628235132976460467,442287.0291215202,7941869.5012466675
1628235133042699527,442325.12672264007,7943277.962807177
1628235133174657611,442331.9601565784,7943535.057958521
1628235133246383132,442366.6210980784,7944816.929791013
1628235133372804908,442375.6644668494,7945155.877045359
1628235133444535764,442376.1112470767,7945175.258760983
1628235133576440064,442398.42703749356,7946004.385405343
1628235133648546116,442392.99370350916,7945806.949626038
1628235133774989668,442426.5783451081,7947052.087418743
1628235133846553552,442425.07705985894,7946999.879086431
1628235133966569392,442425.08335896645,7947005.651847064
1628235134044674409,442465.556803883,7948502.777957658
1628235134176712959,442471.86730980186,7948741.6917703105
1628235134248482554,442507.88019311475,7950073.813541076
1628235134368591370,442514.1652555479,7950311.37160857
1628235134446718116,442517.37183927477,7950433.4743573805
1628235134566744838,442548.236398367,7951577.943719014
1628235134650599458,442547.57058590243,7951557.184446371
1628235134776661408,442589.6763689961,7953116.764167852
1628235134854495215,442596.704452303,7953379.256859366
1628235134974518092,442608.2549003245,7953810.7989119
1628235135052638738,442634.9056653166,7954797.733284213
1628235135172592402,442634.26972026954,7954779.633498258
1628235135310651123,442668.8842149444,7956062.504015502
1628235135382534718,442666.2675773983,7955968.930304242
1628235135454798807,442662.2914304315,7955825.165880367
1628235135580814922,442710.3656908972,7957603.5110935485
1628235135706583336,442722.1881953713,7958044.092661085
1628235135779093710,442767.3642220907,7959713.232083766
1628235135910826202,442774.0548035685,7959964.641756114
1628235135976590142,442773.85798627784,7959959.4859769475
1628235136102835810,442820.59846812545,7961687.672761251
1628235136180793739,442820.5005439891,7961686.66447523
1628235136318716604,442874.13582618773,7963668.174403628
1628235136372881291,442870.29993713,7963528.5553655885
1628235136504835689,442929.47840141534,7965713.783416069
1628235136576786721,442933.0416056671,7965847.0252045905
1628235136714791710,442945.62727134296,7966314.379432022
1628235136774767603,442991.94592614286,7968023.326353094
1628235136906683845,442994.0830821608,7968104.702901467
1628235136973050704,442993.05890726345,7968068.203535907
1628235137116914930,443059.5829530844,7970522.340226379
1628235137176885542,443058.96559371706,7970500.435315959
1628235137314848004,443115.43195836985,7972583.139019623
1628235137374854492,443114.0775459238,7972533.878544285
1628235137518687048,443170.11571107106,7974599.916931492
1628235137573205328,443169.6388508674,7974582.850066675
1628235137710820618,443175.15373579506,7974787.099406707
1628235137782719880,443213.27098389284,7976192.064031121
1628235137920769465,443214.769690295,7976248.2910265485
1628235137980715607,443212.8448819179,7976177.7093824865
1628235138112912441,443245.7061541882,7977388.688074693
1628235138179002261,443242.7410037622,7977279.665028334
1628235138322728885,443265.5936116447,7978121.943608635
1628235138370891953,443263.85250035,7978057.874875394
1628235138509008799,443290.7693237051,7979049.346315261
1628235138580995679,443294.03324301797,7979169.5351773575
1628235138724888244,443296.7802339598,7979270.662890251
1628235138778926267,443315.8837269589,7979973.958017053
1628235138910900614,443306.44720112346,7979626.391012814
1628235138983204225,443343.6451385958,7980996.109499462
1628235139114912866,443336.7104557,7980740.551433982
1628235139180983243,443337.9212285792,7980785.027413043
1628235139312981489,443367.53800891456,7981875.581976024
1628235139384810908,443362.15192070743,7981677.154168042
1628235139511086323,443396.02877612715,7982924.266455025
1628235139583044582,443392.4554707889,7982792.5393381305
1628235139708981512,443380.18283823883,7982340.360718174
1628235139786844192,443399.49792988726,7983051.393876465
1628235139918870594,443380.95573224674,7982368.433825034
1628235140045121666,443413.084911491,7983551.211970629
1628235140116923160,443408.81036326545,7983393.671064767
1628235140255137066,443430.35652504564,7984186.82498843
1628235140315137411,443426.419102109,7984041.699044753
1628235140453056386,443428.98549688695,7984135.914985312
1628235140507142587,443443.9841589364,7984688.265349501
1628235140657044757,443423.40866750956,7983930.415213199
1628235140722908349,443418.5592452212,7983751.792662678
1628235140848964725,443448.7570884322,7984864.1764866
1628235140909160758,443434.35733236687,7984333.9179481985
1628235141059045670,443443.13000886183,7984657.267916664
1628235141119078466,443444.7872776129,7984718.359622363
1628235141250951377,443461.9454566136,7985350.411404253
1628235141316964092,443454.89693849167,7985090.917994276
1628235141461036272,443432.5235280006,7984267.244153938
1628235141521102886,443441.73063628207,7984606.11922304
1628235141653010653,443423.7518320397,7983944.240127505
1628235141713066288,443415.10253441025,7983625.808808001
1628235141862970932,443432.2189449379,7984255.652949297
1628235141917467970,443427.10549131024,7984067.459969536
1628235142061142408,443486.21760273114,7986243.312204665
1628235142109192024,443485.87637085223,7986230.7642182
1628235142253345370,443576.893909112,7989580.658410419
1628235142325157839,443590.06890072505,7990065.6453315355
1628235142457166207,443594.45737538295,7990227.148145154
1628235142511371671,443728.0574671117,7995144.076049199
1628235142655061374,443732.65939283726,7995313.31572575
1628235142727169727,443733.2710369279,7995335.753368793
1628235142853276433,443836.0090547346,7999117.282958885
1628235142919099717,443866.2682817936,8000230.691334983
1628235143057084783,443919.1144682829,8002174.645408771
1628235143123319314,443959.8668479438,8003673.913310182
1628235143255346754,444021.73591908,8005949.097651603
1628235143315341971,444042.6370432369,8006717.914994813
1628235143459115588,444044.1183686212,8006772.467888794
1628235143513262685,444086.7666912574,8008341.208944634
1628235143657356529,444061.759403854,8007421.386441197
1628235143789256686,444193.7349160435,8012275.060517746
1628235143855313642,444234.25263765,8013764.930031003
1628235143987273928,444292.0048806813,8015888.730715822
1628235144059155261,444329.4271134349,8017264.606446519
1628235144185353551,444387.5734764694,8019402.264258844
1628235144257441119,444393.07859495765,8019604.579834313
1628235144389306366,444423.8170585134,8020734.623605329
1628235144449308512,444440.0360445371,8021330.857314171
1628235144587467745,444513.97306975396,8024048.034859232
1628235144659409676,444537.45938197715,8024911.24295309
1628235144779485260,444594.00296432216,8026988.2985664625
1628235144857356959,444621.0540030785,8027982.310315084
1628235144989447893,444655.0768674015,8029231.465230436
1628235145049467715,444664.44602161855,8029575.670471937
1628235145181469784,444692.74535422557,8030615.358644336
1628235145259409471,444720.49915169796,8031635.0553048095
1628235145385300722,444766.65012411325,8033330.457383988
1628235145463253988,444796.7360035014,8034435.60315855
1628235145583260084,444799.95112853753,8034552.872638435
1628235145661547485,444823.52063883154,8035418.5607376555
1628235145793375622,444831.93410622433,8035726.583691642
1628235145865364150,444857.12566878204,8036651.745210227
1628235145985422668,444850.53054129786,8036409.17543579
1628235146063546321,444869.81457037077,8037117.396661226
1628235146195420610,444899.4933350801,8038207.285554112
1628235146261471633,444884.0388992531,8037639.889287055
1628235146387442385,444886.8840552113,8037744.265447138
1628235146453582803,444902.326406615,8038311.369433115
1628235146597465866,444979.91996996634,8041160.82456321
1628235146657475141,445002.64037854754,8041995.066224063
1628235146783516504,444999.1419601287,8041866.948566403
1628235146855560907,445019.0825680786,8042599.206865116
1628235146993602939,445003.89282916696,8042041.193031338
1628235147059505278,445014.73967314843,8042439.477930535
1628235147185531049,445035.14761885366,8043188.778148354
1628235147257495730,445026.07137203205,8042855.708634532
1628235147389435535,445049.00359151774,8043697.834366366
1628235147461436162,445058.53297962545,8044047.786443026
1628235147587633928,445073.5566513137,8044598.928182674
1628235147659537250,445089.2660915474,8045175.752702475
1628235147791410841,445103.26541917596,8045689.1426431555
1628235147857630192,445125.66612552287,8046511.543410856
1628235147995562452,445128.9015039024,8046629.797990476
1628235148061565880,445143.1171024541,8047151.683255391
1628235148187607609,445167.72511782224,8048055.0796918245
1628235148265556636,445168.2697684259,8048074.7398889605
1628235148391472860,445203.15529332915,8049355.341394155
1628235148523575276,445217.5100460524,8049881.866835736
1628235148601596645,445234.4532641822,8050503.770729483
1628235148661607830,445240.17976240924,8050713.947830508
1628235148793532144,445246.8483414712,8050957.928742973
1628235148919755371,445267.88227593264,8051729.859123037
1628235148991736474,445298.0076637058,8052834.396310889
1628235149135657060,445333.31142184546,8054129.784654772
1628235149189513318,445344.75913355657,8054549.807787386
1628235149321775329,445390.2248703841,8056217.818254898
1628235149393754359,445422.75044679624,8057411.1985604055
1628235149520106284,445421.3456499888,8057359.221950099
1628235149591702932,445440.7705155419,8058071.815651115
1628235149723660043,445480.73957051756,8059538.067040778
1628235149789816623,445465.221974578,8058968.599993482
1628235149927603520,445522.2525321022,8061060.749807612
1628235149987695570,445477.58083240356,8059421.285687757
1628235150125709530,445527.9880393396,8061270.343250723
1628235150197586154,445555.7125601434,8062287.300879816
1628235150329664844,445552.3900755226,8062165.388716231
1628235150395833243,445578.8059833201,8063134.345270466
1628235150527708560,445541.2389018377,8061756.116933576
1628235150599738708,445560.49879527075,8062462.598415596
1628235150725861905,445615.8029734122,8064491.186058694
1628235150797882639,445563.82313812885,8062584.177982206
1628235150923622688,445614.49705544615,8064442.824884782
1628235150995800626,445552.22688185266,8062158.502159187
1628235151127899172,445581.76201768557,8063241.900164301
1628235151187893701,445592.92169552017,8063651.238756258
1628235151319926560,445545.34195433534,8061905.491973354
1628235151397844270,445551.6301525252,8062136.102703229
1628235151529794139,445516.4220746311,8060844.307902263
1628235151589789425,445518.84567760775,8060933.212868027
1628235151727927910,445478.133667384,8059438.857273958
1628235151793826477,445481.01046309783,8059544.365311433
1628235151931822964,445482.232614427,8059589.070219663
1628235151991853097,445435.2078915574,8057863.402047398
1628235152123978741,445447.2891759523,8058306.596493427
1628235152189959945,445456.2186628737,8058634.193619253
1628235152321971543,445395.60563411046,8056409.621031378
1628235152393874573,445404.5274483668,8056736.93846421
1628235152525847264,445334.1051940679,8054152.271706716
1628235152591969982,445334.05280920246,8054150.290986624
1628235152723977373,445347.3975552888,8054639.903685193
1628235152795901657,445278.97508605715,8052128.446647336
1628235152921935723,445297.7264088446,8052816.498152627
1628235153005840009,445186.0991278193,8048718.834571485
1628235153137921062,445193.4059903905,8048986.902602176
1628235153264212583,445091.4778029074,8045244.268889585
1628235153323961345,445090.6817589766,8045214.931079781
1628235153467810542,445095.6749349754,8045397.9892747905
1628235153534160507,445010.8487067261,8042283.328482489
1628235153671909611,445013.03335678414,8042363.352210857
1628235153726090032,445013.19104933116,8042369.041541111
1628235153869876365,444907.592545485,8038490.681001927
1628235153929883070,444905.0133506527,8038395.8489523195
1628235154073907265,444784.465201998,8033967.999214718
1628235154133996535,444779.1900042399,8033774.135381979
1628235154266034250,444658.03529693116,8029323.040337574
1628235154326050667,444650.1054182823,8029031.607719951
1628235154469979690,444632.35966525757,8028379.407190698
1628235154530146734,444538.6624571766,8024936.5650677895
1628235154674038875,444518.854896117,8024208.544715068
1628235154728242860,444409.9818935623,8020207.126367323
1628235154871987529,444387.31423830136,8019373.830388348
1628235154931948396,444377.24265996,8019003.574288696
1628235155070183224,444280.3269661029,8015440.752821949
1628235155130199980,444269.359038999,8015037.505505604
1628235155262028994,444155.17253481667,8010838.695573995
1628235155328461543,444141.6364906485,8010340.912540145
1628235155465967251,444118.4017500498,8009486.435114331
1628235155537932573,444027.95386617264,8006159.452710299
1628235155664108298,444004.27024202567,8005288.282823712
1628235155730166120,443911.35319922253,8001870.045846078
1628235155868043414,443886.64583416446,8000961.048589265
1628235155934230320,443876.85060193524,8000600.687961288
1628235156066139286,443771.3858745141,7996719.593207578
1628235156126131803,443759.3828445149,7996277.883852612
1628235156275986332,443653.09235611925,7992365.486358783
1628235156336023788,443635.8444803222,7991730.612978741
1628235156468286200,443602.0717396125,7990487.425508638
1628235156522483034,443620.1507379699,7991152.711123583
1628235156666149714,443594.0033287676,7990190.180294041
1628235156738334321,443656.8830622167,7992504.578144255
1628235156870114976,443648.24450054293,7992186.622979508
1628235156924280592,443644.54207173426,7992050.348911746
1628235157074246822,443576.56229844736,7989547.757733657
1628235157200078975,443566.63759760524,7989182.402653204
1628235157266322959,443494.32312902925,7986519.777359697
1628235157410212200,443478.14383496257,7985924.06646983
1628235157470118416,443471.4297942775,7985676.855047125
1628235157602187903,443507.5290509492,7987005.746476248
1628235157668226229,443507.63663262216,7987009.707605557
1628235157728226920,443507.80630845996,7987015.955024296
1628235157866240783,443462.2422939063,7985338.085538602
1628235157998319626,443418.20306425926,7983716.205795798
1628235158070276439,443418.2997990524,7983719.76814367
1628235158202176725,443418.6990107385,7983734.469474929
1628235158268369904,443373.1803801201,7982057.987103296
1628235158400407452,443373.4792216338,7982068.993147534
1628235158472207324,443373.77517595823,7982079.892853286
1628235158604262143,443327.7919821042,7980386.1594488565
1628235158670437899,443328.1911246413,7980400.860738104
1628235158808363603,443280.334493604,7978637.983312713
1628235158874186741,443279.4182308971,7978604.247505324
1628235159000380078,443224.2237771603,7976570.901844098
1628235159078225536,443220.9753036019,7976451.24492522
1628235159204312511,443215.09257475584,7976234.554544753
1628235159276356587,443151.6410283559,7973896.6879422385
1628235159402506175,443140.86505140853,7973499.649077816
1628235159474385246,443135.14705583575,7973288.967311632
1628235159606270702,443064.76013079955,7970695.178701635
1628235159678419775,443056.8910290436,7970405.1962311845
1628235159804496313,442980.41566056316,7967586.69686346
1628235159870255654,442971.6768937363,7967264.627917564
1628235160002404939,442988.5428682952,7967886.03616576
1628235160074507593,442988.78450582887,7967894.941914283
1628235160200290095,442989.33991192986,7967915.411843987
1628235160272745579,442947.4356770073,7966370.783752021
1628235160398436669,442947.7595177538,7966382.72009789
1628235160470420963,442948.0588362184,7966393.752578032
1628235160608568839,442906.9312294326,7964877.624830646
1628235160674331560,442907.24062097707,7964889.029476028
1628235160800471816,442870.10594011063,7963519.99420902
1628235160872472031,442870.23863003997,7963524.885706182
1628235160998480392,442835.12692828174,7962230.340966819
1628235161082353726,442834.90075143066,7962222.020127004
1628235161196720176,442834.69669095316,7962214.523403698
1628235161280504287,442801.33500717883,7960984.4733589925
1628235161400510377,442800.6731043613,7960960.122302436
1628235161478626501,442800.36931521306,7960948.956979052
1628235161598642134,442772.6383322505,7959926.317642989
1628235161736474942,442773.1314997224,7959944.501195611
1628235161808554175,442744.44434287865,7958886.612252994
1628235161874540132,442744.68370341207,7958895.438179917
1628235162006422476,442716.81289772067,7957867.590220236
1628235162132672689,442717.2591514925,7957884.045774335
1628235162216543564,442717.59870833694,7957896.5668827
1628235162342551645,442690.3652423958,7956892.166961442
1628235162402583005,442690.4704922856,7956896.048235843
1628235162534455170,442663.81884502486,7955913.049341614
1628235162606591249,442664.1252073798,7955924.347562346
1628235162744647390,442639.11471356114,7955001.828159268
1628235162804586182,442639.2235570529,7955005.842347451
1628235162936500636,442639.729571469,7955024.504335077
1628235163002754315,442616.3564000404,7954162.3313503135
1628235163134715528,442616.618045361,7954171.981345362
1628235163212634880,442616.8998728387,7954182.375692742
1628235163338510728,442595.5443194441,7953394.585343592
1628235163404752852,442595.7518973905,7953402.241532908
1628235163536919798,442575.9964610088,7952673.441555303
1628235163608672965,442576.3373660159,7952686.01577505
1628235163734689020,442560.04551947134,7952084.9521768605
1628235163806804940,442560.27542497555,7952093.432460249
1628235163938802619,442560.7727130952,7952111.775393185
1628235164010688036,442547.2442485396,7951612.634958525
1628235164136720921,442547.51018275676,7951622.444435922
1628235164208706478,442547.735037812,7951630.738628258
1628235164340690097,442537.36333302234,7951248.036061556
1628235164406836712,442537.4714342602,7951252.02365272
1628235164538954179,442530.6857536448,7951001.602872144
1628235164610732837,442530.83853473916,7951007.238666456
1628235164748867667,442527.59212064056,7950887.371624681
1628235164802635911,442527.709588405,7950891.704805723
1628235164946640048,442528.2248614314,7950910.71231785
1628235165012741148,442527.2343057478,7950874.052986733
1628235165150755346,442527.3142990697,7950877.0038032355
1628235165204782885,442527.4036609936,7950880.300210868
1628235165338130339,442530.01648781676,7950976.560545043
1628235165404026189,442530.28673702263,7950986.529520631
1628235165542043987,442536.3445158005,7951209.861087167
1628235165607889241,442536.55783510895,7951217.729933487
1628235165734033685,442546.5874641006,7951587.565675677
1628235165812059768,442546.62710191513,7951589.027792867
1628235165944041828,442546.93988041347,7951600.565226762
1628235166004052407,442560.64097988326,7952105.8197806105
1628235166136089408,442561.3458319781,7952131.818894627
1628235166214367744,442561.868345658,7952151.092266848
1628235166346061341,442580.1644910688,7952825.819906527
1628235166471763631,442580.9191006358,7952853.653331284
1628235166676084723,442605.68048065697,7953766.813246198
1628235166754066344,442630.4173862698,7954679.01685217
1628235166880105648,442630.5024412428,7954682.153766564
1628235167078164779,442659.46080060315,7955749.981072925
1628235167150116853,442660.9522318894,7955804.983463164
1628235167282201050,442686.6920068124,7956754.060773519
1628235167342115940,442686.5658522255,7956749.408561621
1628235167480240361,442686.5103442171,7956747.36158839
1628235167540370599,442717.4729570959,7957888.961650475
1628235167678367380,442717.7851183301,7957900.472563319
1628235167738212942,442749.3206357433,7959063.128388842
1628235167882260437,442749.4951107214,7959069.561746194
1628235167948080449,442749.640025934,7959074.9051546
1628235168080186097,442783.5951374008,7960326.698812537
1628235168140242261,442783.9340162843,7960339.193363242
1628235168284250413,442821.67138690135,7961730.342662755
1628235168344251190,442821.8891506119,7961738.371085918
1628235168488087114,442822.4537503285,7961759.186501199
1628235168542235247,442862.2180698577,7963224.959405121
1628235168686293453,442862.87573920883,7963249.2042112015
1628235168746259926,442905.6101674707,7964824.346615695
1628235168884312461,442912.8213826335,7965090.162598428
1628235168944346240,442915.9636547185,7965205.990223953
1628235169088257703,442980.5882524187,7967587.836147802
1628235169148286806,442987.21517879167,7967832.092888275
1628235169286317899,443066.16124879196,7970741.325164041
1628235169346319313,443076.09482923313,7971107.392272314
1628235169484313706,443156.1652137486,7974057.599444849
1628235169544294345,443168.12807389564,7974498.369971196
1628235169688332135,443196.3659975301,7975538.75389941
1628235169742327826,443185.7386475069,7975147.0046262415
1628235169886338655,443186.24447359564,7975165.640353962
1628235169946361907,443186.57351336925,7975177.762881714
1628235170090364423,443244.0087790806,7977293.517968727
1628235170288405099,443321.1048396864,7980133.228618412
1628235170348414900,443327.74006458884,7980377.620908332
1628235170486236095,443342.38794850913,7980917.12909926
1628235170618414622,443426.4278585718,7984012.035016445
1628235170678430235,443435.83479984105,7984358.460203665
1628235170750418343,443515.47329906747,7987290.756204233
1628235170882525223,443541.35664134874,7988243.74073435
1628235171020411619,443646.2324076947,7992104.469744452
1628235171080372306,443661.08027625846,7992651.028352495
1628235171206275356,443690.81184632913,7993745.422411656
1628235171284406708,443790.23627146083,7997404.442560167
1628235171422413561,443830.6190747707,7998890.491631874
1628235171482414246,443847.96140902175,7999528.638867271
1628235171614453094,443960.6737670249,8003675.461058295
1628235171680485905,443982.49657840887,8004478.279336349
1628235171812443396,444093.62880525074,8008565.9135798905
1628235171884457171,444116.26089844806,8009398.29800515
1628235172022462551,444227.26507528033,8013480.233453296
1628235172082500848,444250.25135583396,8014325.435493157
1628235172226345692,444293.29834888206,8015908.170453949
1628235172292339561,444380.2915574064,8019106.080838045
1628235172406378262,444419.55259628536,8020549.274795099
1628235172484551582,444417.7388783217,8020482.46528606
1628235172616589730,444436.9932151732,8021190.198527397
1628235172688519363,444447.51066764136,8021576.778813944
1628235172814502991,444460.87929402606,8022067.999845591
1628235172892533327,444461.11075695074,8022076.507222216
1628235173024576545,444531.53727813944,8024664.693173036
1628235173090538953,444531.64000333846,8024668.468329662
1628235173288573029,444603.3120886019,8027302.094838118
1628235173420585017,444603.718703366,8027317.035984164
1628235173486793654,444677.188316611,8030016.36169531
1628235173618564322,444678.10006969917,8030049.859715043
1628235173690583900,444678.5957456378,8030068.070940453
1628235173822565133,444752.0738649792,8032767.349721689
1628235173888611587,444752.11656408163,8032768.918283355
1628235174008594903,444825.1983793652,8035453.288522628
1628235174086613655,444825.78394333494,8035474.796476104
1628235174224469868,444827.2677609366,8035529.2974724285
1628235174290562809,444900.01190154883,8038200.912689847
1628235174422652447,444900.28481641226,8038210.9355786815
1628235174494622366,444973.97387826117,8040916.905873542
1628235174614630464,444973.9869104571,8040917.384421044
1628235174692679203,444974.15850106615,8040923.6852964945
1628235174812710146,445047.0268193504,8043599.16755206
1628235174896505921,445047.1111779943,8043602.264824772
1628235175022782905,445120.3091086922,8046289.504120896
1628235175094751559,445119.91043330304,8046274.868477623
1628235175352880971,445192.64108111913,8048944.606783483
1628235175424908590,445192.8840846958,8048953.526436934
1628235175556785859,445267.96055428626,8051709.011228456
1628235175616758589,445268.3459367092,8051723.155093015
1628235175748673802,445344.0532241414,8054501.417375798
1628235175820682103,445344.3785264742,8054513.354612485
1628235175964719794,445345.1519353601,8054541.735459651
1628235176018773656,445421.76464906515,8057352.838372849
1628235176156710235,445423.90804056806,8057431.480757378
1628235176216666842,445424.86126555386,8057466.455085208
1628235176349534101,445503.54143116355,8060353.003733101
1628235176421482763,445503.75812105613,8060360.953067366
1628235176547602475,445583.6972609915,8063293.277240713
1628235176619564843,445584.12236878084,8063308.870203611
1628235176757714552,445666.7409208189,8066339.039968092
1628235176817705467,445666.9004056162,8066344.889005534
1628235176949716649,445667.5126101883,8066367.341333612
1628235177027646792,445752.43767194817,8069481.638762711
1628235177153530183,445752.6914373051,8069490.944073703
1628235177225506430,445752.97275446606,8069501.2596756825
1628235177351720210,445842.4409954847,8072781.65210432
1628235177429674972,445842.6574564125,8072789.588226846
1628235177561650480,445938.24865769024,8076293.903140948
1628235177621657498,445938.499607353,8076303.102157132
1628235177753581126,446040.3259960749,8080035.34280556
1628235177831573265,446040.4616499357,8080040.314543455
1628235177963675990,446040.87840491894,8080055.588679515
1628235178023694885,446149.4281850894,8084033.517239548
1628235178155691531,446149.85445426445,8084049.137055605
1628235178227565706,446150.15193592507,8084060.037693312
1628235178353830009,446266.88698944176,8088337.06988667
1628235178413804856,446267.039752996,8088342.66645322
1628235178557602962,446392.85707661393,8092951.4808918955
1628235178623829046,446393.11911986815,8092961.07884032
1628235178755858889,446526.74352972565,8097854.752801815
1628235178815820185,446526.82666305016,8097857.797038612
1628235178959678125,446527.2673787848,8097873.935481847
1628235179025739517,446668.7482453637,8103054.080912283
1628235179157884139,446669.2126753732,8103071.083512052
1628235179223647910,446669.5191485529,8103082.303366913
1628235179355811825,446818.67713457486,8108542.144082045
1628235179427781582,446818.83186470234,8108547.807209264
1628235179559703585,446977.0915920306,8114339.259010978
1628235179697899821,446977.71795277135,8114362.177502011
1628235179757893647,447145.1240303562,8120486.601041172
1628235179829801336,447145.253409956,8120491.333653242
1628235179955989812,447145.63246327906,8120505.199143207
1628235180087943375,447322.3498393328,8126968.342231628
1628235180147913116,447322.58359495626,8126976.890224413
1628235180297872107,447509.14216743514,8133797.821585775
1628235180357869097,447509.3752721694,8133806.343037381
1628235180496999850,447704.0218813701,8140920.65864581
1628235180551849971,447704.2470620851,8140928.887676335
1628235180689968346,447705.09612877277,8140959.916040716
1628235180761997919,447908.6341528663,8148396.668667368
1628235180893878563,447909.2167739078,8148417.952603367
1628235180953890934,447909.61489255895,8148432.496404937
1628235181103797931,448121.33167515683,8156165.335801751
1628235181163780082,448121.5096927943,8156171.836681702
1628235181295776629,448344.7835485045,8164323.793574159
1628235181361902983,448347.9492263604,8164439.354444962
1628235181494045522,448586.0967422095,8173130.937995508
1628235181565942579,448592.4092307162,8173361.276979576
1628235181703960467,448605.20791682554,8173828.303170259
1628235181751977901,448857.70146255294,8183039.407270373
1628235181895990839,448878.8876186382,8183812.14451035
1628235181962437053,448889.55889854586,8184201.3550102925
1628235182093985107,449168.973223252,8194389.4362007715
1628235182154013501,449180.0510874829,8194793.267351
1628235182297847801,449373.7750350904,8201854.001323009
1628235182364108749,449373.97969874577,8201861.45965464
1628235182501986087,449637.6805776985,8211469.076172437
1628235182556168938,449637.83952650765,8211474.866061125
1628235182699899437,449638.4256848216,8211496.217522281
1628235182771900865,449911.24683126184,8221431.744515149
1628235182898126317,449911.61590231874,8221445.1823448595
1628235182963952764,449911.8908572074,8221455.193411749
1628235183102189791,450192.57343395636,8231672.411238721
1628235183156258838,450192.5236597971,8231670.5997931305
1628235183300154804,450482.27246907074,8242212.9878317155
1628235183360182990,450482.35406432295,8242215.95596729
1628235183498116030,450781.51468371385,8253095.651030315
1628235183558146438,450781.65523662744,8253100.761384219
1628235183701875224,450782.19651419565,8253120.441648126
1628235183828168135,451088.1105928808,8264240.3735289555
1628235183900132900,451088.29927283,8264247.230393432
1628235184032115823,451402.7461438984,8275671.723279428
1628235184103999277,451402.9105607343,8275677.695431564
1628235184236014777,451403.38676813734,8275694.992818507
1628235184302273723,451725.5678313574,8287394.629528424
1628235184422237930,451725.91862401477,8287407.365023306
1628235184494160730,452056.5287179202,8299406.990034558
1628235184632277099,452057.017785022,8299424.736455242
1628235184704305604,452057.4026084544,8299438.700252612
1628235184824264314,452396.2987536937,8311732.6944182515
1628235184902188096,452396.4803152486,8311739.27916771
1628235185034170530,452745.0820557099,8324378.699237287
1628235185106165034,452745.45417886163,8324392.187960049
1628235185232118460,452746.30388225766,8324422.987986445
1628235185298197261,453103.42760741303,8337364.431445802
1628235185430161795,453103.7735113824,8337376.962979322
1628235185508068439,453468.7064793182,8350594.203805236
1628235185628081351,453469.36727651855,8350618.130287118
1628235185706482475,453469.91258618305,8350637.875119657
1628235185826340354,453840.956791313,8364069.052827475
1628235185910170182,453841.09273603564,8364073.972462585
1628235186030230177,454219.10603853187,8377749.839891302
1628235186108448202,454219.5078542557,8377764.372900224
1628235186240194030,454604.22057233116,8391674.83084496
1628235186306281663,454604.3386478691,8391679.099043958
1628235186426293960,454604.75724604813,8391694.23054082
1628235186498283402,454996.26604090957,8405842.436174775
1628235186630403924,454996.8722171554,8405864.335842175
1628235186702315050,454997.2619810364,8405878.41704926
1628235186828343822,455394.00055731117,8420207.479297522
1628235186900487799,455394.3647681938,8420220.629865926
1628235187032245143,455799.1930083662,8434833.52440626
1628235187098403279,455799.321606747,8434838.165047705
1628235187230503776,455799.7523562238,8434853.709202116
1628235187302355209,456210.30385593243,8449664.677085232
1628235187434181940,456210.7566107799,8449681.005925283
1628235187506259758,456628.3182238195,8464736.166598681
1628235187632465172,456628.84539674997,8464755.16834902
1628235187704374669,456629.28661386215,8464771.071843542
1628235187830408610,457052.09254187107,8480006.471200377
1628235187902493265,457052.2804282893,8480013.239562515
1628235188040398179,457479.78048538737,8495408.855338572
1628235188106401210,457480.13653543126,8495421.67413541
1628235188232426653,457481.0599025385,8495454.917903647
1628235188310275256,457914.6404275665,8511060.420611097
1628235188436409299,457915.1415587941,8511078.452215651
1628235188568303483,458356.4329050922,8526952.223725613
1628235188634538955,458356.76719170145,8526964.244919227
1628235188706441208,458357.19096675573,8526979.484175876
1628235188826444831,458802.30965279264,8542981.557345223
1628235188958335084,458802.7003790765,8542995.599946065
1628235189036564124,459254.7859804428,8559238.638043756
1628235189168498166,459255.23765682103,8559254.861670725
1628235189234368348,459255.4649760173,8559263.026676495
1628235189366604138,459712.0291452364,8575657.379104769
1628235189438613749,459712.3825514971,8575670.065580135
1628235189564902600,460172.6882217122,8592189.138431199
1628235189630493047,460173.11078110774,8592204.298526265
1628235189768525903,460637.18620711495,8608848.998111974
1628235189835503501,460637.4858818434,8608859.743271956
1628235189972460097,460638.0785557113,8608880.99421975
1628235190032527548,461105.33470760396,8625630.09810148
1628235190164667960,461106.26914287114,8625663.583979318
1628235190242548976,461575.5665197853,8642476.213101653
1628235190374444797,461575.91184526804,8642488.580926022
1628235190434821033,461576.16508404835,8642497.65066395
1628235190560551163,462047.14956546365,8659361.14433465
1628235190632700590,462047.5664235761,8659376.065666106
1628235190770604963,462521.313421563,8676328.93726764
1628235190836592568,462521.5424153762,8676337.129452834
1628235190962595199,462522.3595074475,8676366.36065941
1628235191040714359,462998.02081526374,8693378.235829838
1628235191178489245,462998.48203765636,8693394.726755466
1628235191232716656,462998.84952793573,8693407.866299545
1628235191364626889,463474.80398758285,8710420.83965498
1628235191436534869,463475.0645002947,8710430.149139417
1628235191574761319,463952.24134748295,8727477.546730759
1628235191634777943,463952.5124299453,8727487.228688072
1628235191766654735,464428.5839264916,8744486.007230002
1628235191838546366,464428.8298212066,8744494.78491212
1628235191970639000,464429.53919058474,8744520.107195318
1628235192036675600,464905.8149236833,8761517.184611643
1628235192174561820,464906.5574758899,8761543.677501349
1628235192234791535,465381.28095604456,8778476.542693613
1628235192366823347,465381.8583026796,8778497.130731791
1628235192438584888,465382.261102874,8778511.494479494
1628235192564717700,465856.46802406886,8795417.276976742
1628235192636788764,465856.9352151885,8795433.928435726
1628235192768894535,466327.978975419,8812218.514439035
1628235192840861824,466328.19700860896,8812226.281642456
1628235192972744217,466328.84961510316,8812249.530052885
1628235193038715885,466797.0610893237,8828924.99095197
1628235193182613108,466797.44956008723,8828938.823079012
1628235193308796229,467263.5487112985,8845531.062749645
1628235193368670935,467263.64737097215,8845534.574011985
1628235193512655924,467725.88816236914,8861981.715062384
1628235193572677249,467726.0900619112,8861988.89725007
1628235193716660170,467726.834847247,8862015.391542643
1628235193770903744,468172.3829697981,8877861.382671732
1628235193908988973,468173.0547756832,8877885.270286595
1628235193974696741,468173.4333212921,8877898.730345875
1628235194112917310,468598.71263005584,8893017.359839777
1628235194166711895,468598.8219009384,8893021.243601415
1628235194310880446,469007.86170903814,8907556.672374614
1628235194370882735,469008.02193752356,8907562.365052043
1628235194509246237,469403.42928899254,8921607.950535407
1628235194574724370,469403.6749668842,8921616.675819872
1628235194706742229,469404.4299773535,8921643.490108946
1628235194778858390,469785.0516741513,8935158.893221019
1628235194916756248,469785.34839337744,8935169.427474057
1628235194964856352,469785.5252260872,8935175.705463268
1628235195114976474,470152.92745416734,8948217.150977543
1628235195180809432,470153.22127808235,8948227.578888195
1628235195307260540,470508.8596747895,8960847.250118788
1628235195366907073,470509.1715912126,8960858.31653809
1628235195510795435,470856.0691994527,8973163.890551291
1628235195577035966,470856.57622542,8973181.873584714
1628235195703267276,470857.4972731918,8973214.540989006
1628235195768843325,471189.3691717897,8984983.510513296
1628235195919101637,471189.9798878135,8985005.164755927
1628235195972919015,471190.2034669826,8985013.092230557
1628235196110847698,471511.1428556557,8996391.069324354
1628235196170962004,471511.3755050171,8996399.31606844
1628235196308956148,471818.6210949648,9007288.822294611
1628235196380895029,471818.9198681677,9007299.410101345
1628235196512962638,472116.95434239646,9017859.681270352
1628235196572933994,472117.3222749735,9017872.716570565
1628235196710977150,472118.63632085477,9017919.27121479
1628235196771012811,472405.21817497606,9028071.185786799
1628235196909140170,472405.6808344234,9028087.573094398
1628235196974919107,472406.1119490745,9028102.843085675
1628235197113026408,472685.71210068115,9038005.0546405
1628235197185033221,472686.04715871945,9038016.919527764
1628235197311193932,472957.70686651947,9047635.691749003
1628235197443178910,472958.26742935914,9047655.537583938
1628235197509158686,473222.32814326166,9057003.15723604
1628235197641109223,473223.13986243116,9057031.888585689
1628235197713050998,473223.63290693617,9057049.34022046
1628235197844952737,473479.9576893264,9066121.174879909
1628235197917082734,473480.32604814705,9066134.210449496
1628235198043133437,473729.4312980882,9074948.719187839
1628235198115103336,473729.817778338,9074962.393284492
1628235198235129824,473973.0567555201,9083567.618703486
1628235198313217597,473973.3741233305,9083578.845336314
1628235198445238052,473973.82986966573,9083594.966993973
1628235198511168085,474209.91989112954,9091945.680707412
1628235198649083191,474211.2873917821,9091994.045845907
1628235198721002839,474211.58827221533,9092004.687240643
1628235198841007104,474441.46247082803,9100134.034538152
1628235198919141632,474441.8882950442,9100149.092161313
1628235199045181708,474665.8841395619,9108069.148533493
1628235199123052252,474665.9187533334,9108070.37230181
1628235199249294646,474885.8449424973,9115845.19729897
1628235199315223473,474885.87504662824,9115846.261448627
1628235199447292764,474886.0270725,9115851.63540439
1628235199519200658,475100.9298043688,9123447.600256678
1628235199651077012,475101.6599519417,9123473.40596328
1628235199717087464,475102.1703027585,9123491.443354234
1628235199849346783,475311.33610789804,9130883.432292197
1628235199921209111,475311.7531876503,9130898.170851983
1628235200047248297,475517.391100599,9138164.344311798
1628235200113118099,475517.8745074555,9138181.424062893
1628235200251363709,475719.10903623054,9145290.920122042
1628235200317522630,475719.4569616342,9145303.211191555
1628235200449306547,475720.2356521544,9145330.719775917
1628235200515131850,475915.90487075184,9152242.566702768
1628235200641433295,475916.92771210946,9152278.695093999
1628235200719150499,475917.52876358177,9152299.9251798
1628235200839439627,476108.488353692,9159044.450086348
1628235200917277288,476108.75050375843,9159053.708342945
1628235201043308640,476295.58592886035,9165651.660993595
1628235201121347899,476295.9355106427,9165664.005366363
1628235201241644897,476478.14901357394,9172097.878912482
1628235201313340184,476478.44438944384,9172108.307804184
1628235201457436808,476479.25516639394,9172136.934047943
1628235201511681679,476658.0988970924,9178450.996933693
1628235201655475094,476659.0273430065,9178483.773527635
1628235201781282817,476831.1682243136,9184560.433171332
1628235201859242867,476831.44860170904,9184570.330022184
1628235201919231094,476831.7862605828,9184582.24881035
1628235202039274435,477000.15238601854,9190524.941768974
1628235202183258784,477000.57451063744,9190539.840286529
1628235202255443400,477165.5775164124,9196363.144872352
1628235202387400590,477166.1625293676,9196383.790004607
1628235202447414619,477166.5726416869,9196398.26288092
1628235202579513280,477330.38570348057,9202178.90597853
1628235202651456908,477330.87427626044,9202196.145764166
1628235202777456287,477490.72785188386,9207836.434667595
1628235202849446276,477490.9510521537,9207844.309647286
1628235202975690043,477491.69605871156,9207870.595052633
1628235203047573578,477648.4122657452,9213399.581212662
1628235203179475406,477649.0306587141,9213421.397077842
1628235203245338177,477803.1724446382,9218858.980102804
1628235203383360847,477803.38664262195,9218866.535855973
1628235203449559843,477803.6883299766,9218877.17776188
1628235203581610551,477955.2004768289,9224221.441499397
1628235203647509846,477955.6560721743,9224237.510807408
1628235203779545131,478104.64924007177,9229492.392182635
1628235203851592711,478104.70053747465,9229494.201313332
1628235203989534871,478251.0862766784,9234656.613577034
1628235204049561030,478251.1979350233,9234660.551103799
1628235204181540559,478251.4936787883,9234670.980228784
1628235204253539823,478394.0428106184,9239697.609977676
1628235204391667723,478394.3657455009,9239708.996899096
1628235204445672158,478394.5800294333,9239716.55270679
1628235204583585434,478534.40835888224,9244646.774585264
1628235204661509546,478534.77056275244,9244659.544985946
1628235204787439883,478669.7788790371,9249419.396430757
1628235204847459454,478669.9237735702,9249424.50459927
1628235204979365777,478670.3192149707,9249438.445642546
1628235205051618813,478803.78490582004,9254143.498278355
1628235205189499183,478804.3011381941,9254161.696157623
1628235205255511353,478934.90126163914,9258765.33749367
1628235205387735713,478935.30884845235,9258779.704262633
1628235205447699524,478935.4899981819,9258786.089493304
1628235205585657584,479063.3987694286,9263294.491422636
1628235205645657188,479063.8758368143,9263311.305888645
1628235205777773886,479190.3731594836,9267769.590357121
1628235205855636915,479190.6268110289,9267778.529706672
1628235205987703624,479316.001981861,9272196.912861044
1628235206047705780,479316.0503003342,9272198.615596762
1628235206179666160,479316.59388325986,9272217.771373672
1628235206257806017,479440.0643769736,9276568.689944925
1628235206395548387,479440.37545178924,9276579.651321765
1628235206521698841,479561.7836917113,9280857.571063993
1628235206581701319,479562.01928110607,9280865.871924011
1628235206725760673,479563.0129854777,9280900.88452614
1628235206791800271,479681.9809004173,9285092.50246638
1628235206923706491,479682.43399129703,9285108.465680541
1628235206983624553,479682.79646409367,9285121.23625193
1628235207121854935,479799.9940654008,9289250.177572977
1628235207193848440,479800.3988565049,9289264.43806329
1628235207319960445,479914.1096835345,9293270.25493634
1628235207380146108,479914.2546936266,9293275.36317821
1628235207523765449,480023.07294640096,9297108.568940055
1628235207589954400,480023.4838360898,9297123.042309659
1628235207727696977,480024.48991201795,9297158.480781095
1628235207781819195,480131.354745054,9300922.62339022
1628235207925788406,480131.90162738005,9300941.885765586
1628235207985802045,480234.7516668305,9304564.385055313
1628235208123906519,480235.5554233134,9304592.693329927
1628235208189808977,480235.91802035214,9304605.463980213
1628235208321839331,480333.73110649595,9308050.348765226
1628235208393955565,480334.04839788127,9308061.523096276
1628235208525960798,480428.0233622842,9311371.042404687
1628235208585978292,480428.35578178824,9311382.74885881
1628235208723718148,480429.31073273515,9311416.378309073
1628235208795865239,480517.4038256147,9314518.590191472
1628235208921846703,480517.7604403201,9314531.148036297
1628235208987851830,480603.0807141385,9317535.560607908
1628235209125914855,480603.57939598116,9317553.12032249
1628235209197927965,480603.97834156244,9317567.168094223
1628235209330027705,480686.72785251477,9320480.911403412
1628235209389868303,480686.9364026093,9320488.254563397
1628235209527997667,480768.0306381207,9323343.574409742
1628235209600015776,480768.465894201,9323358.899278762
1628235209725919494,480769.3908137452,9323391.464625673
1628235209791921981,480847.8138130436,9326152.602825115
1628235209930113825,480848.4818418711,9326176.122262258
1628235209990014545,480924.6080719618,9328856.274981186
1628235210128012787,480925.1673069556,9328875.963213895
1628235210259977667,480998.53996487515,9331459.060374893
1628235210332047499,480998.7153002074,9331465.232906735
1628235210392076452,480998.91179672186,9331472.150399327
1628235210530018052,481068.3485396109,9333916.58035001
1628235210667971436,481069.16781249654,9333945.420994297
1628235210727968649,481069.69988661027,9333964.151449762
1628235210793987430,481137.921018054,9336365.694711912
1628235210920140070,481138.4652066035,9336384.850873418
1628235211064088283,481205.7669478712,9338753.936796714
1628235211124043327,481206.0481230283,9338763.834153857
1628235211256010162,481272.2428609335,9341093.86441482
1628235211322122791,481272.49381186784,9341102.69754615
1628235211454179190,481273.20131228847,9341127.600591233
1628235211532065802,481338.80290829204,9343436.667088436
1628235211663933369,481339.5890499895,9343464.337157654
1628235211729969963,481340.1181840246,9343482.96124283
1628235211856153756,481402.1452812481,9345666.130446069
1628235211933990670,481402.44765441783,9345676.772787359
1628235212054137257,481463.5365414909,9347826.845698984
1628235212126119039,481463.86916369066,9347838.55228184
1628235212264106943,481524.06207845197,9349957.018764501
1628235212330204874,481524.18303615623,9349961.275706375
1628235212462126014,481524.76363325305,9349981.709027437
1628235212534123374,481582.6604667296,9352019.294890348
1628235212660124080,481583.449742245,9352047.071452893
1628235212732002622,481584.09083985904,9352069.63325865
1628235212858297775,481641.9925458514,9354107.326788997
1628235212930247328,481642.35544332856,9354120.097630091
1628235213062139094,481699.68142578215,9356137.465441238
1628235213128317868,481699.908244103,9356145.447221618
1628235213260294131,481756.5586369111,9358138.97728573
1628235213332311158,481756.9306309109,9358152.067413144
1628235213463975440,481757.7653494377,9358181.440382157
1628235213530204226,481814.90146342455,9360191.999437995
1628235213650285925,481815.8087957733,9360223.926597027
1628235213728189107,481816.5013931102,9360248.29766195
1628235213860258502,481871.2288634684,9362174.03804564
1628235213932235590,481871.4919981117,9362183.296927005
1628235214064197965,481925.34097342484,9364078.069002189
1628235214130329251,481925.8218892445,9364094.99041532
1628235214256322387,481978.68644883524,9365955.069290379
1628235214334278320,481979.01916777,9365966.775934666
1628235214460149617,481979.5696665062,9365986.145109847
1628235214538216262,482031.3075637142,9367806.52880108
1628235214670126521,482032.0304924318,9367831.96415987
1628235214736389174,482032.59915622894,9367851.971889926
1628235214856393721,482082.95315025124,9369623.614287527
1628235214994422270,482132.7217073435,9371374.611280372
1628235215066377403,482133.02117993875,9371385.147276457
1628235215126428357,482133.2843528663,9371394.406182138
1628235215258431425,482181.5599039483,9373092.830470724
1628235215396371595,482182.0741636858,9373110.922594026
1628235215600434126,482228.1970675573,9374733.5736018
1628235215660453072,482228.64781263546,9374749.43082308
1628235215798417363,482274.2939507825,9376355.267530564
1628235215858383208,482274.5813458313,9376365.377844036
1628235216002225608,482319.3543109916,9377940.45862897
1628235216062451569,482319.5902832616,9377948.759732138
1628235216188465256,482320.1832393562,9377969.61891455
1628235216260422129,482362.6277985042,9379462.75358362
1628235216398529664,482363.2328699446,9379484.038472645
1628235216458591416,482363.5202789485,9379494.148794975
1628235216590482940,482406.5165901948,9381006.653353844
1628235216662491942,482407.0006588828,9381023.681272391
1628235216800437153,482445.9951230342,9382395.386821415
1628235216860549523,482446.2311115598,9382403.687934907
1628235216992514504,482482.5064210483,9383679.718321124
1628235217064523790,482482.5064210483,9383679.718321124
1628235217202569191,482482.7635931183,9383688.764409566
1628235217262470375,482516.2560371968,9384866.884613685
1628235217394456510,482516.92772246315,9384890.510876033
1628235217472331326,482517.4420762099,9384908.603059016
1628235217604515477,482551.8549986748,9386119.07675075
1628235217670487708,482552.3633107768,9386136.956090601
1628235217802469887,482581.9174423397,9387176.512168618
1628235217862644010,482582.1504224765,9387184.70686843
1628235218006556210,482610.07712194644,9388167.006758265
1628235218054591099,482610.07712194644,9388167.006758265
1628235218198544383,482610.5763726979,9388184.566834114
1628235218276582247,482636.5669158197,9389098.75516916
1628235218408639802,482636.9058059892,9389110.674738845
1628235218462419025,482637.1448446279,9389119.082292484
1628235218594590076,482662.8361507424,9390022.734813064
1628235218672536057,482663.217407564,9390036.144332366
1628235218798686293,482686.4368162818,9390852.848036945
1628235218870669632,482686.62442121084,9390859.446373338
1628235218997181384,482708.83338556375,9391640.604380045
1628235219068613743,482708.9392928416,9391644.329248166
1628235219200575048,482709.2237295603,9391654.33317971
1628235219266577914,482730.3858358443,9392398.668370843
1628235219398735748,482730.78223626595,9392412.61002301
1628235219476497424,482731.05759844003,9392422.29468218
1628235219602622392,482751.5118646296,9393141.726615543
1628235219740712942,482771.5364747825,9393846.046364354
1628235219806501521,482771.6998800737,9393851.793307211
1628235219938680137,482772.3111370294,9393873.291130558
1628235220010690776,482791.2918286055,9394540.894437853
1628235220136800326,482791.80928421643,9394559.093093706
1628235220202822962,482792.14820258826,9394571.012681212
1628235220334806687,482810.54190090165,9395217.969687194
1628235220406661814,482810.92016181163,9395231.272800641
1628235220532704377,482831.13585961366,9395942.29772665
1628235220604675817,482831.4596545096,9395953.685194
1628235220742728173,482848.49779331504,9396552.964073852
1628235220796805034,482848.59765621496,9396556.476097072
1628235220934736922,482849.23919981864,9396579.03818572
1628235221000638220,482865.2121000929,9397140.85558551
1628235221132825260,482865.4209062146,9397148.198907964
1628235221204889250,482865.69628823636,9397157.88357963
1628235221342758848,482881.17895165354,9397702.460224774
1628235221396781307,482881.4119691775,9397710.654948184
1628235221540748928,482896.4768972149,9398240.545032647
1628235221606843731,482896.9157000778,9398255.976656914
1628235221738876987,482912.256080853,9398795.551497351
1628235221798855130,482912.37107842916,9398799.59564776
1628235221936801226,482913.0459327667,9398823.328425255
1628235222008897447,482927.20906020637,9399321.504017899
1628235222146795241,482927.76892139105,9399341.192647737
1628235222200930325,482928.15931117954,9399354.92147617
1628235222338833135,482941.7564536153,9399833.19566293
1628235222416722272,482942.0742151324,9399844.37029221
1628235222536929433,482954.5091666628,9400281.7773267
1628235222596937438,482954.8935094373,9400295.293308511
1628235222740865253,482966.8079550321,9400714.395286584
1628235222812835740,482966.9804564696,9400720.461515345
1628235222938978956,482967.6644096914,9400744.51358035
1628235223004691089,482977.9232696231,9401105.401098624
1628235223148713048,482978.44380346686,9401123.706211928
1628235223202985509,482978.87959935237,9401139.031423137
1628235223341428767,482987.9218429096,9401457.136096617
1628235223400967454,482988.32435091306,9401471.290633239
1628235223544939173,482998.6857510341,9401835.796688901
1628235223610907325,482999.07615582587,9401849.52552657
1628235223742929733,483005.86045756645,9402088.237141222
1628235223880834617,483006.26296953997,9402102.391680244
1628235223947041135,483006.5595573642,9402112.821340611
1628235224007052525,483011.48834972415,9402286.294388387
1628235224138936812,483012.4356179093,9402319.605448246
1628235224276953026,483016.5138617084,9402463.17305192
1628235224343075954,483016.7438699406,9402471.261360738
1628235224468866128,483017.3128377917,9402491.269282633
1628235224547057819,483019.5504809916,9402570.130435426
1628235224672976496,483020.3948550423,9402599.82304374
1628235224745114489,483021.4463069062,9402636.965546466
1628235224865080362,483021.8518490355,9402651.226512687
1628235224937076468,483022.1998889912,9402663.465401655
1628235225074920140,483021.8558452021,9402651.545932602
1628235225141011498,483022.06164279615,9402658.782840857
1628235225267145299,483020.6580044823,9402609.614589358
1628235225344945373,483020.75787681097,9402613.12661832
1628235225476956525,483021.2027627019,9402628.771111013
1628235225549058005,483019.69894152216,9402576.090839831
1628235225675054130,483020.3919949503,9402600.462192168
1628235225747170314,483016.6032283702,9402467.430957742
1628235225879151340,483017.1661443892,9402487.226029351
1628235225945066588,483017.53536896483,9402500.20989358
1628235226071093616,483013.0622594659,9402343.126597987
1628235226143064585,483013.38306056976,9402354.407659907
1628235226281225013,483008.0169133864,9402165.928970939
1628235226341231273,483008.2892910622,9402175.507230598
1628235226478971371,483009.02471098106,9402201.368531803
1628235226545112431,483003.2582878595,9401998.84175986
1628235226683205492,483004.31753240613,9402036.090545874
1628235226743252410,482996.96577755373,9401777.797018291
1628235226869128916,482997.3198667814,9401790.248754544
1628235226941156722,482997.5619791117,9401798.76276226
1628235227073201104,482989.5953955913,9401518.864972284
1628235227145284643,482990.0311962294,9401534.190185064
1628235227277253334,482981.52892554784,9401235.45517717
1628235227343204102,482981.8285373371,9401245.991260141
1628235227481102966,482982.55486914265,9401271.533279587
1628235227547180693,482973.332058748,9400947.469134057
1628235227679155164,482974.2672072481,9400980.354481468
1628235227745317646,482964.7809732341,9400647.031385724
1628235227877230387,482965.3953239269,9400668.635673653
1628235227955087489,482965.87348864257,9400685.450833807
1628235228075302072,482956.2478249898,9400347.232219452
1628235228147413622,482956.5655912904,9400358.406850215
1628235228279356676,482947.0062864757,9400022.52962434
1628235228345287245,482947.3089197242,9400033.172128892
1628235228483123199,482948.1986546677,9400064.461092647
1628235228609364655,482936.9174892013,9399668.0280459
1628235228681370154,482937.3985638727,9399684.94962965
1628235228813139436,482928.2267996081,9399362.694866052
1628235228873184747,482928.52943016135,9399373.337368699
1628235229011282197,482919.21815346193,9399046.18709131
1628235229071292222,482919.48144092393,9399055.446067814
1628235229215298173,482920.1350493253,9399078.433873655
1628235229269351760,482910.4334005393,9398737.554796955
1628235229401340933,482911.13549762627,9398762.245398937
1628235229473506935,482911.5409660817,9398776.506351672
1628235229611455982,482906.7653801851,9398608.887227366
1628235229671453824,482907.2403990056,9398625.595956128
1628235229809342283,482898.91582407017,9398333.14029264
1628235229881475035,482899.2214768396,9398343.889217297
1628235230013451919,482891.36249222275,9398067.823038237
1628235230073466691,482891.419991056,9398069.845113024
1628235230205503176,482892.0252313751,9398091.13011115
1628235230289507249,482884.28722246346,9397819.320953218
1628235230421299959,482884.7107438558,9397834.220455011
1628235230481251166,482885.12220659223,9397848.694255618
1628235230613301235,482875.92257893825,9397525.481852554
1628235230685415309,482876.627549039,9397550.278875394
1628235230817391062,482870.89675657166,9397349.029488552
1628235230883571751,482871.2598824224,9397361.800485326
1628235231003506353,482865.92848706397,9397174.599206122
1628235231087486017,482865.92848706397,9397174.599206122
1628235231219438138,482866.2551016987,9397186.09310829
1628235231279420738,482861.29342972906,9397011.875668334
1628235231405531468,482861.5839178056,9397022.09246513
1628235231483457031,482861.95601759286,9397035.18273857
1628235231615505384,482859.6935615904,9396955.896370597
1628235231675518828,482860.12620324467,9396971.115142427
1628235231807893260,482857.94337993383,9396894.595797667
1628235231879567862,482858.3185981203,9396907.792492967
1628235232011603555,482856.9284607071,9396859.156492447
1628235232077645918,482857.3733137716,9396874.800960643
1628235232215503468,482858.3930262938,9396910.666173749
1628235232281522773,482857.04838118155,9396863.626544671
1628235232413626377,482857.877431795,9396892.78698582
1628235232479443510,482858.33125707426,9396908.750732059
1628235232611558131,482861.0625516787,9397005.065528827
1628235232683618915,482861.8038511527,9397031.139647087
1628235232821681699,482862.4695446837,9397054.766162176
1628235232947438973,482863.00201413,9397073.496959165
1628235233013644018,482863.6582847335,9397096.804209447
1628235233151664322,482864.15144581633,9397114.151481243
1628235233217560650,482864.56290599296,9397128.62527897
1628235233355682312,482865.99414943147,9397179.177312607
1628235233403697802,482866.2392030062,9397187.797736611
1628235233553641397,482867.83311097044,9397244.096740559
1628235233613653369,482868.2052312206,9397257.187014244
1628235233745701655,482871.67974083754,9397379.575886901
1628235233811476501,482871.95210271847,9397389.154134061
1628235233961532844,482872.7992873557,9397418.953130042
1628235234015650493,482875.6350842061,9397518.886344032
1628235234153837931,482876.51259737986,9397549.749588965
1628235234207771031,482876.9210524657,9397564.116962902
1628235234357748242,482880.61041934823,9397694.0620198
1628235234411520143,482880.81006355246,9397701.08607084
1628235234555759901,482883.2794572528,9397788.14187662
1628235234609677988,482883.65462520195,9397801.338576693
1628235234759812197,482889.1300056154,9397994.074368935
1628235234819796708,482889.4053966532,9398003.759042665
1628235234958188422,482890.3100328058,9398035.58011995
1628235235011884443,482895.2436386132,9398209.265853316
1628235235149800747,482895.84884253633,9398230.550853318
1628235235227590185,482896.22095145425,9398243.641130986
1628235235347763680,482901.73258448817,9398437.654049145
1628235235419773462,482902.1137736146,9398451.063602537
1628235235557858225,482912.2400901348,9398807.374680262
1628235235618043915,482912.76050984365,9398825.679784937
1628235235749780395,482920.38520053274,9399093.977377178
1628235235809870071,482920.515332667,9399098.553652935
1628235235953748681,482921.15064182394,9399120.90291297
1628235236019886118,482928.33333670144,9399373.662478102
1628235236151936928,482928.9626386379,9399395.79888853
1628235236217677901,482929.4164837714,9399411.762645522
1628235236355804956,482937.5074511923,9399696.449731354
1628235236415775232,482937.734339404,9399704.431611497
1628235236553922620,482946.6452561421,9400017.959913317
1628235236613928216,482946.92055690207,9400027.64459516
1628235236763874603,482957.02191261493,9400382.99794142
1628235236823873236,482957.4333955008,9400397.47175189
1628235236961712635,482958.72543470265,9400442.91525718
1628235237021868257,482968.8933399969,9400800.609997436
1628235237153898043,482969.59840161377,9400825.407040637
1628235237273907164,482980.4558119431,9401207.366752023
1628235237357862189,482980.63128825446,9401213.539408173
1628235237489746488,482981.32713727653,9401238.01718281
1628235237561820288,482992.2120881761,9401620.934755811
1628235237687940436,482992.78998090205,9401641.261952586
1628235237759904378,483009.42921193806,9402226.493665451
1628235237886186777,483010.4035081189,9402260.762556706
1628235237958203976,483011.0177596903,9402282.366857277
1628235238090156463,483024.00078132225,9402739.037131554
1628235238161930020,483024.46068947733,9402755.21375355
1628235238288184726,483037.7218323853,9403221.675210068
1628235238360208463,483038.0395996592,9403232.849849848
1628235238485927151,483038.70219688735,9403256.15696075
1628235238558013438,483051.8667401881,9403719.212870985
1628235238690011865,483052.33874404547,9403735.815198332
1628235238761970587,483066.3728112204,9404229.41516745
1628235238888210382,483067.2745003687,9404261.12987314
1628235238954283341,483067.7283804773,9404277.093651
1628235239092013521,483082.16778169316,9404784.954675706
1628235239152044883,483082.3644084313,9404791.87231534
1628235239295883313,483097.2818471666,9405316.548598928
1628235239356348456,483097.35448603047,9405319.102803623
1628235239487930545,483097.89302770514,9405338.04649409
1628235239554062737,483113.0406610876,9405870.81116911
1628235239686026952,483113.7850509588,9405896.991775885
1628235239752340124,483135.67081700877,9406666.659076134
1628235239884292954,483136.55135364,9406697.628825832
1628235239956313509,483137.20499452844,9406720.616680123
1628235240082127868,483154.01521450223,9407311.808997763
1628235240154137882,483154.31783656916,9407322.451524405
1628235240286296633,483171.08231803647,9407912.047571845
1628235240364120511,483171.2487606552,9407917.90096246
1628235240483971790,483171.6148037063,9407930.778425563
1628235240556123349,483188.7730867101,9408534.209851075
1628235240688109771,483189.55988543865,9408561.880430363
1628235240760031797,483205.726167759,9409130.404439649
1628235240886177292,483206.8307208607,9409169.249682209
1628235240964051379,483207.46622582927,9409191.59899979
1628235241096370093,483225.69376343355,9409832.598753719
1628235241156362970,483225.875271887,9409838.984276025
1628235241288397150,483244.12987254397,9410480.941978376
1628235241420401276,483244.6473812047,9410499.140714286
1628235241498211500,483245.1315388937,9410516.168773094
1628235241558432154,483267.0849739305,9411288.178390294
1628235241684071170,483274.2433761318,9411539.874392448
1628235241822393638,483304.9963355157,9412621.262855051
1628235241888252380,483312.27301770705,9412877.10953452
1628235241972067055,483319.66170444625,9413136.893972317
1628235242092191952,483370.8905917473,9414938.144676339
1628235242224195581,483394.7041453861,9415775.393933576
1628235242290669810,483443.05977373855,9417475.54160993
1628235242422451204,483473.78853675973,9418555.867411265
1628235242488222360,483488.1192118474,9419059.68609239
1628235242620274281,483554.5415811397,9421394.877007645
1628235242692593443,483573.4805792681,9422060.675920237
1628235242830131373,483633.66220219654,9424176.418839093
1628235242890616208,483650.836895509,9424780.172026452
1628235243022567350,483714.5882344196,9427021.28600615
1628235243100169762,483735.59359951946,9427759.668300595
1628235243226264227,483774.7680768462,9429136.712277563
1628235243292613136,483678.2767682321,9425744.9216187
1628235243418172883,483682.2063006739,9425883.062273573
1628235243496592920,483684.870397231,9425976.716957582
1628235243628302202,483699.2214727177,9426481.281658089
1628235243700321401,483699.45447977213,9426489.476447053
1628235243826612597,483722.64335292054,9427304.69813887
1628235243898567384,483723.10040174203,9427320.768439684
1628235244036614678,483743.6430760354,9428042.974138256
1628235244084964391,483743.6642694403,9428043.71911907
1628235244222655889,483744.0788588078,9428058.29946351
1628235244294230970,483763.98896130174,9428758.26229672
1628235244426635559,483764.4036631455,9428772.842640761
1628235244492294671,483764.87890482583,9428789.55150227
1628235244624367527,483785.1555587392,9429502.391997768
1628235244696647716,483785.4672797765,9429513.353866221
1628235244828656865,483804.3154336765,9430175.961463569
1628235244894409721,483804.5787446124,9430185.22051882
1628235245020689107,483825.5129672661,9430921.15568814
1628235245092400519,483825.9186864817,9430935.416760053
1628235245224266394,483826.6118914347,9430959.788297825
1628235245290699498,483846.83781147416,9431670.819946462
1628235245422833486,483847.6976127513,9431701.04491329
1628235245494450034,483848.2697475019,9431721.159417616
1628235245632715481,483868.0296751121,9432415.801606402
1628235245692730904,483868.0931822482,9432418.036553552
1628235245824737616,483890.58394831524,9433208.675105238
1628235245902753804,483890.73217931826,9433213.889981672
1628235246034748572,483915.7607964571,9434093.713671196
1628235246094988287,483919.9452485153,9434240.79440314
1628235246220410950,483925.58906005515,9434439.172477655
1628235246292768458,483948.1955681001,9435233.855624948
1628235246436523689,483949.039960604,9435263.548498014
1628235246562797575,483969.7118429338,9435990.225567566
1628235246628492066,483969.53299259295,9435983.94643647
1628235246766812474,483989.53307432425,9436686.997046437
1628235246838804107,483989.49044940836,9436685.507088136
1628235246965187083,483987.21901442454,9436605.687551726
1628235247024859652,484013.9484697941,9437545.2170102
1628235247168572344,484014.84128404676,9437576.612719689
1628235247234578472,484015.3800765741,9437595.556569437
1628235247366818863,484040.85000928404,9438490.919517929
1628235247426848885,484039.66865931306,9438449.41334474
1628235247570580515,484063.1865258826,9439276.025094425
1628235247630602282,484061.92955985846,9439231.858256789
1628235247774493522,484085.75868442934,9440069.43208965
1628235247828860667,484084.3926913684,9440021.433901545
1628235247972631281,484077.31201219175,9439772.609582078
1628235248032652306,484110.9901457408,9440956.387933103
1628235248170859156,484110.3498576518,9440933.932047138
1628235248230871112,484109.6406674581,9440909.028337939
1628235248362882143,484120.0064788125,9441273.431671277
1628235248440922764,484114.95162177784,9441095.806387745
1628235248560904182,484124.78638797073,9441441.4786742
1628235248632926973,484121.8575330922,9441338.5645625
1628235248770909094,484120.67187205167,9441296.845456101
1628235248842926195,484114.67276044434,9441086.015186379
1628235248968678877,484104.93052376265,9440743.642181931
1628235249034683763,484083.5955143696,9439993.86989395
1628235249172914090,484069.2717204604,9439490.47423249
1628235249227022892,484062.6640826099,9439258.252406307
1628235249364970304,484034.51281818555,9438269.2347724
1628235249424968351,484027.5444231446,9438024.348326866
1628235249569104744,483994.41151294834,9436859.940604724
1628235249634978323,483987.9064141873,9436631.337438101
1628235249766985061,483955.7735392838,9435502.0507141
1628235249827005081,483946.33459896495,9435170.320803585
1628235249970647932,483923.81097287894,9434378.724164002
1628235250037017199,483814.4558769377,9430535.151079657
1628235250174644469,483782.61103862,9429415.87012717
1628235250234678651,483767.4777159699,9428883.95370085
1628235250367060246,483700.34230323305,9426523.961051283
1628235250438782404,483686.432937393,9426035.041028934
1628235250571082119,483580.61341832095,9422315.036188599
1628235250697141037,483538.3291042023,9420828.589139057
1628235250769123750,483510.1449532269,9419837.766636163
1628235250900812279,483484.04640289734,9418920.271628998
1628235250961193571,483467.8837801408,9418352.065514807
1628235251099161596,483297.878222438,9412375.423763482
1628235251171162805,483273.5046625437,9411518.486598875
1628235251303126101,483181.2657542739,9408275.174698759
1628235251369090187,483161.815578971,9407591.285924029
1628235251501141760,483095.4279630043,9405257.27454487
1628235251578859502,483077.7612051143,9404636.070753388
1628235251699196269,483038.13037961343,9403242.539787902
1628235251771160834,483038.59177902795,9403258.929392187
1628235251903158305,482998.50439977436,9401849.328763457
1628235251980777797,482978.4988580728,9401145.858963171
1628235252101193182,482944.0667271276,9399935.487133462
1628235252173274789,482920.04235106555,9399090.68528326
1628235252305171097,482839.66255319736,9396264.037965529
1628235252371188658,482807.88015081256,9395146.363502322
1628235252503670844,482674.2134229655,9390445.36569587
1628235252575246898,482636.9362143155,9389134.319262862
1628235252707232355,482574.9472475802,9386954.102988828
1628235252773103049,482513.05210368073,9384777.08073703
1628235252893205574,482453.2182921099,9382672.534940703
1628235252965276316,482417.37656906823,9381411.830114909
1628235253109204591,482259.13449876936,9375845.407419829
1628235253175260196,482230.84181717207,9374850.12719827
1628235253295253091,482030.24867421895,9367793.032118969
1628235253367296311,481984.7240280663,9366191.349914888
1628235253505285439,481843.84601469745,9361234.760189503
1628235253582890305,481796.3267273908,9359562.734839825
1628235253697342564,481722.51440207916,9356965.461997505
1628235253769283937,481590.4409522013,9352317.726569492
1628235253901264426,481489.53902113053,9348766.798017675
1628235253985176921,481428.50052927027,9346618.640221605
1628235254099304768,481527.63333832624,9350107.947721915
1628235254171277646,481495.65658941446,9348982.625324927
1628235254309299964,481454.5598232345,9347536.117096385
1628235254381327610,481409.97528160806,9345967.009850712
1628235254507192925,481416.6677382195,9346202.737885427
1628235254579324081,481382.25012129283,9344991.426670246
1628235254711369067,481322.8299600639,9342900.101318313
1628235254777024830,481464.12285088305,9347873.160628643
1628235254909365745,481367.5244533094,9344473.464329833
1628235255035339695,481435.88298865093,9346879.591418078
1628235255107495407,481411.4861630118,9346020.967155783
1628235255173371299,481385.4777783756,9345105.619447934
1628235255305376635,481755.6538884179,9358133.038451467
1628235255431603562,481736.05844929547,9357443.62525515
1628235255503398678,481955.69026583084,9365171.3832853
1628235255647335741,481929.3086364358,9364243.259675533
1628235255701175402,481920.6359618696,9363938.142149089
1628235255833442901,482084.96893909556,9369719.735638738
1628235255905436067,482098.7683897694,9370205.242662713
1628235256037408700,482266.07132797275,9376090.716555174
1628235256103430842,482276.38394110394,9376453.517172407
1628235256235353632,482298.06882702257,9377216.367031388
1628235256307447608,482406.33105463244,9381024.339371234
1628235256439435015,482438.5714444194,9382158.398896778
1628235256511082949,482493.0345359734,9384073.82773019
1628235256637455491,482529.7706344212,9385365.928740636
1628235256709478892,482550.93635777937,9386110.368993942
1628235256841369088,482602.031769953,9387907.242820384
1628235256907494717,482629.1962895796,9388862.617364878
1628235257039493200,482656.7702317802,9389832.146464998
1628235257117439236,482680.79468538973,9390677.052596731
1628235257249500074,482570.94333343464,9386812.55760914
1628235257309541411,482585.40237787913,9387321.054617926
1628235257441569415,482617.4131320156,9388446.814901838
1628235257507487082,482615.52767289063,9388379.979765821
1628235257639568413,482648.6682211637,9389545.43678837
1628235257699542766,482663.1489714709,9390054.679155393
1628235257843511544,482765.6766784018,9393660.24493857
1628235257909602499,482783.64789340086,9394292.19574951
1628235258041593754,482833.90815344907,9396059.59399399
1628235258101613768,482847.4672926208,9396536.377661046
1628235258233636422,482880.97440048767,9397714.608298834
1628235258311524265,482932.65487574175,9399531.708552172
1628235258449243301,482973.13985354186,9400955.249912499
1628235258503657683,483025.4974722991,9402796.617122717
1628235258641694933,483077.2728075697,9404617.125640599
1628235258707266040,483097.2951845511,9405321.128204228
1628235258851261068,483163.6099557155,9407652.904958492
1628235258905713025,483188.7089301916,9408535.383300776
1628235259037667257,483239.57038668956,9410323.754277786
1628235259115652227,483272.1254302598,9411468.358928543
1628235259247581060,483310.82841742196,9412828.900911558
1628235259373686614,483372.90498354554,9415011.367339138
1628235259433718768,483397.57644578564,9415878.734992618
1628235259517721074,483349.1171604288,9414175.28915314
1628235259649719909,483390.66475156636,9415635.978645178
1628235259775940103,483419.73717550084,9416658.30218118
1628235259835726938,483437.6945390514,9417289.61838269
1628235259985708013,483484.3382149617,9418929.423333623
1628235260045391664,483510.38725326245,9419845.641610857
1628235260177731506,483547.7257819723,9421158.295247715
1628235260237726530,483581.47052318766,9422344.94162048
1628235260381758562,483596.524865606,9422874.196558306
1628235260447374814,483601.9406623539,9423064.592126574
1628235260585389517,483659.6554795638,9425094.02466487
1628235260645656225,483672.9456369589,9425561.233752552
1628235260789745779,483740.6755954563,9427942.617779383
1628235260843776022,483756.71198625356,9428506.35546071
1628235261041806845,483883.3045034972,9432956.87455142
1628235261185781144,483931.6198370141,9434655.220571347
1628235261251826909,484010.7805068092,9437438.155830082
1628235261383784471,484057.2723088808,9439072.328844829
1628235261431853370,484076.8413906444,9439760.161032574
1628235261581840574,484208.73725077754,9444396.406718045
1628235261653798895,484239.6297764924,9445482.167779844
1628235261839835338,484458.10129254725,9453161.04687972
1628235261983884067,484526.34040370554,9455559.156233095
1628235262049508548,484873.7807961132,9467768.325153029
1628235262187891520,484953.23160313925,9470559.903474782
1628235262247853790,485155.90793082945,9477678.807578215
1628235262385911839,485271.6771725572,9481745.70977402
1628235262451792925,485324.3425445261,9483595.734885214
1628235262583892546,485575.36488945165,9492411.966520818
1628235262637878088,485620.8534619597,9494009.656464677
1628235262787879617,485767.28938663524,9499152.024821656
1628235262847918811,485828.25548156456,9501293.137087423
1628235263045912103,485986.63130428724,9506854.626962185
1628235263195606092,486093.3771719559,9510603.123751115
1628235263249931457,486122.00545820047,9511607.590061722
1628235263387948731,486229.9863308618,9515399.194101514
1628235263441927444,486268.4534813882,9516749.87264724
1628235263579936914,486276.55468284065,9517032.118132768
1628235263651969826,486333.3711580952,9519027.006563812
1628235263783611252,486233.3380335809,9515514.027652754
1628235263921957249,486330.14136306645,9518912.915049978
1628235263981957233,486373.5429025885,9520436.753218753
1628235264107638990,486242.91706276604,9515849.807704087
1628235264180019151,486303.17374993453,9517965.491501614
1628235264312033029,486111.5327008158,9511236.366538428
1628235264389720902,486152.2177121881,9512664.949102039
1628235264509995375,485974.2579163355,9506415.928005107
1628235264582074200,486005.0233846433,9507496.277083613
1628235264719704822,486063.3064577317,9509542.88529792
1628235264786283097,485886.9368102124,9503349.423782587
1628235264912025359,485929.0298746589,9504827.599208796
1628235264984038687,485950.3509377739,9505576.318823248
1628235265116039763,485798.91783061804,9500258.656444198
1628235265182121134,485812.7731742356,9500745.243867703
1628235265314241539,485703.84728642926,9496919.701730093
1628235265386100291,485711.9623604079,9497204.714882491
1628235265518093018,485587.2214349351,9492823.730756702
1628235265584238560,485599.96019494586,9493271.15203656
1628235265709862754,485622.21680043475,9494052.862256858
1628235265788142198,485508.584773887,9490061.831367023
1628235265920182153,485514.6017620328,9490273.196294704
1628235265986314973,485410.28964484145,9486609.326545935
1628235266118050134,485415.66713750706,9486798.23512922
1628235266184116253,485418.16943570046,9486886.14414418
1628235266316315557,485299.68672511587,9482724.304042058
1628235266388181435,485293.64480233245,9482512.088102167
1628235266520194163,485152.64709419274,9477559.179367628
1628235266592167205,485147.93569820543,9477393.685190117
1628235266790216093,485007.5007605319,9472460.258597605
1628235266910209891,485012.9043366558,9472650.124402467
1628235266988108529,485010.0470863834,9472549.763748985
1628235267192282951,484816.8985913365,9465764.089894073
1628235267318144968,484669.72125337267,9460592.919701451
1628235267390298087,484665.82535068016,9460456.054987164
1628235267522272841,484530.5304147436,9455702.083634041
1628235267594359993,484524.3332978567,9455484.334881
1628235267792261794,484378.3814378917,9450355.535402382
1628235267924283123,484351.95691244205,9449426.964909462
1628235267990171205,484340.72996400413,9449032.442245405
1628235268122298367,484193.8956414762,9443872.148772474
1628235268254318366,484060.2357137594,9439174.496325979
1628235268326328117,484046.60923402506,9438695.578756684
1628235268392315537,484029.8427086645,9438106.297374507
1628235268518316116,483931.77104293887,9434659.157219246
1628235268644318829,483910.2211722106,9433901.723378899
1628235268722178506,483899.1663089199,9433513.16210861
1628235268854349903,483777.3815674955,9429232.28569932
1628235268926240184,483765.77643360023,9428824.355387809
1628235269046416405,483655.18307171896,9424936.514322506
1628235269118327840,483642.21956168994,9424480.799302068
1628235269250380777,483534.8586007178,9420706.518889397
1628235269316458947,483523.0218157659,9420290.394705873
1628235269448413201,483496.80852460605,9419368.855404403
1628235269520389116,483393.3808598326,9415732.507401101
1628235269652312661,483366.64887832175,9414792.664015591
1628235269724254721,483353.40862150217,9414327.159067044
1628235269850411498,483224.16913154535,9409783.007799204
1628235269928206521,483210.4815979852,9409301.752530625
1628235270060407955,483102.10080237006,9405490.663993997
1628235270120396956,483094.84312516765,9405235.456367224
1628235270252463224,482985.1956076651,9401379.56699641
1628235270330447431,482972.03672629327,9400916.83076326
1628235270450460127,482953.69983981206,9400272.001318939
1628235270522438553,482851.82458736695,9396689.203552175
1628235270654429602,482820.91258466477,9395602.072851168
1628235270726214550,482798.05625588546,9394798.245537965
1628235270864455090,482713.23650625173,9391815.156967185
1628235270924454068,482716.23853676073,9391920.73037008
1628235271050442729,482629.02955527697,9388853.355670061
1628235271122358585,482626.03115234105,9388747.888767669
1628235271254505821,482559.1387640259,9386394.83880838
1628235271314518269,482561.0299945695,9386461.354210028
1628235271452390377,482582.05057327927,9387200.68631188
1628235271524514361,482458.741038022,9382863.45787039
1628235271656523948,482466.18414991547,9383125.262252972
1628235271855358830,482382.810524088,9380192.522060111
1628235271921299677,482386.63460869255,9380327.04258871
1628235272059194284,482297.9352928772,9377206.784893429
1628235272125422233,482294.60418275313,9377089.611664444
1628235272245459364,482181.9844386367,9373127.647252517
1628235272329348186,482167.44897451915,9372616.278745044
1628235272461204166,482161.8072267384,9372417.797544675
1628235272521236189,482091.94823241595,9369959.611106547
1628235272659502581,482091.75551781955,9369952.79993531
1628235272731335282,482085.4248857076,9369730.054161778
1628235272863175115,482029.1133833715,9367748.436668862
1628235272989380924,482033.8489952978,9367914.990327874
1628235273049373060,481997.1821501499,9366624.491618454
1628235273199449516,482014.2901731447,9367226.319639785
1628235273259439288,481911.03485047544,9363593.322833698
1628235273391413994,481923.9220401682,9364046.68889614
1628235273457327138,481929.39465722226,9364239.209852522
1628235273601560242,481824.252074506,9360539.488265743
1628235273661525964,481830.01765815273,9360742.332147527
1628235273794689988,481712.04629133706,9356591.0583489
1628235273854719895,481715.8062496622,9356723.343053034
1628235273998597076,481640.82467813435,9354084.460409379
1628235274064624302,481645.73098809324,9354257.079581933
1628235274190833383,481653.1453352747,9354517.923971409
1628235274250841087,481544.8588432968,9350707.106669495
1628235274400699279,481558.3235633133,9351180.90438206
1628235274454732822,481564.95890850376,9351414.39771608
1628235274599374670,481451.6368226952,9347426.069442928
1628235274659499385,481458.18117835873,9347656.369812297
1628235274797636593,481342.22792513086,9343575.244822958
1628235274869528547,481349.85730725277,9343843.75091696
1628235274995572226,481221.63076361007,9339330.339385426
1628235275055610323,481229.17185585084,9339595.758870507
1628235275205497415,481242.6335881703,9340069.555047585
1628235275259666029,481108.41211853566,9335344.792286059
1628235275397632096,481120.4579108545,9335768.781854955
1628235275457788918,481126.05137241306,9335965.664583087
1628235275601485639,481010.0420488695,9331881.680257289
1628235275661440868,481015.70472463535,9332081.010483362
1628235275799644600,480812.4479744289,9324925.03031205
1628235275859633264,480811.898312671,9324905.661357857
1628235276003508743,480628.9093782132,9318462.621413963
1628235276063513035,480628.7161835927,9318455.810364528
1628235276201730453,480626.03584601876,9318361.413556736
1628235276261754872,480436.62029010983,9311691.38775232
1628235276399798046,480419.9296618824,9311103.617333138
1628235276465520326,480413.52302443935,9310878.002063828
1628235276603749072,480223.6826397065,9304192.347819488
1628235276651732048,480216.61164351006,9303943.320192177
1628235276801679316,480028.5596809018,9297319.724273747
1628235276861684183,480015.9543455018,9296875.732398983
1628235277005588784,479843.17634621245,9290789.36754381
1628235277132268557,479801.1545310697,9289309.043179652
1628235277197688538,479782.9744517816,9288668.598252347
1628235277323978393,479616.15520245355,9282791.473845286
1628235277395714815,479592.0839672789,9281943.402268035
1628235277527619772,479405.1319627587,9275355.82305412
1628235277605807597,479375.58329604584,9274314.599279132
1628235277731591896,479361.17484217975,9273806.864462702
1628235277797708898,479179.05866483285,9267389.044148408
1628235277924066805,479109.4937223005,9264937.322414845
1628235277995822276,478955.7572451365,9259518.703044813
1628235278133696679,478952.4644040725,9259402.704715673
1628235278194123868,478975.67866348446,9260220.972321505
1628235278325789989,478669.0224828927,9249411.00392799
1628235278397776911,478635.9846871189,9248246.23529696
1628235278529862008,478319.09928595496,9237073.099963212
1628235278601770137,478277.97449418076,9235622.918654554
1628235278733792765,478236.5372351034,9234161.776925279
1628235278799797514,477967.1765034943,9224661.925363375
1628235278931840173,477926.4489391164,9223225.371902881
1628235279003814654,477651.6988249047,9213533.790054942
1628235279129907135,477569.5694230382,9210636.325256823
1628235279201826910,477521.0293867074,9208923.83528269
1628235279333688466,477261.0549617054,9199750.772438506
1628235279399946764,477219.7937406116,9198294.757149607
1628235279531961240,476993.0365254079,9190292.113929478
1628235279603871550,476968.71641008963,9189433.746691957
1628235279723857260,476905.5664760489,9187204.82383872
1628235279801861644,476694.9998397518,9179772.185505403
1628235279933963672,476612.66840141424,9176865.710595425
1628235280005881271,476449.4144850873,9171101.934850829
1628235280131934812,476368.19874148397,9168234.311495192
1628235280203960245,476329.44732266665,9166866.000671849
1628235280335865372,476150.408065725,9160543.558114275
1628235280402039876,476107.5709464561,9159030.737297133
1628235280527798246,475939.8389104298,9153106.683572765
1628235280605932103,475897.83966975095,9151623.237960665
1628235280737913355,475832.18134128215,9149303.999023886
1628235280804028653,475683.08091248653,9144036.767371079
1628235280936081012,475598.10963643424,9141034.823134879
1628235280996040289,475458.8792946426,9136115.268525895
1628235281134036100,475376.2774411146,9133196.550540384
1628235281206160279,475338.09201390616,9131847.199934326
1628235281338067434,475185.82716222515,9126466.08602068
1628235281409986459,475151.5108504049,9125253.269850582
1628235281536026617,475004.2027994974,9120046.530984066
1628235281596054425,474975.4779405832,9119031.171071352
1628235281728005281,474911.8496516842,9116781.982451698
1628235281860021624,474797.90218097775,9112753.964901002
1628235281938190943,474765.99704650446,9111626.021078015
1628235282070029510,474645.26392252673,9107357.674411677
1628235282130038571,474627.97645786783,9106746.428961411
1628235282262153318,474506.4752403451,9102450.316345196
1628235282328134509,474488.1197839469,9101801.241789682
1628235282471989908,474447.3232168846,9100358.582545673
1628235282532057609,474335.90902308107,9096418.755615903
1628235282663992291,474304.2143366171,9095297.842509268
1628235282735945311,474289.86039895547,9094790.194130428
1628235282874112185,474155.7619238311,9090047.589788878
1628235282933968168,474142.10903612926,9089564.683715655
1628235283060134751,474026.3401179826,9085469.829303706
1628235283132254466,474012.72774910764,9084988.307511043
1628235283264237856,473876.7579196066,9080178.415621692
1628235283336118817,473863.63105954684,9079714.0274464
1628235283546104475,473711.7875910364,9074341.911901789
1628235283678140925,473689.62332970207,9073557.700126478
1628235283744254811,473550.7889362432,9068645.19567691
1628235283864252824,473535.58440753067,9068107.17199778
1628235283936155163,473525.806544322,9067761.170479916
1628235284074308049,473372.6426329881,9062340.876706082
1628235284134299819,473364.77987655834,9062062.607661508
1628235284272196932,473194.92558632017,9056050.833656562
1628235284338181606,473186.79623658984,9055763.09465494
1628235284476217927,473177.29135931504,9055426.672050886
1628235284542144234,473078.7178177743,9051937.201247495
1628235284674110949,473064.8268909238,9051445.470633298
1628235284734177949,473057.93259047024,9051201.414371079
1628235284878238751,472966.20148691715,9047953.877510004
1628235284938241487,472965.2636852644,9047920.67696748
1628235285070189981,472806.93754777516,9042315.006084347
1628235285142258246,472807.287673432,9042327.40305208
1628235285268286058,472638.74776366237,9036359.308106162
1628235285340252315,472638.92505507387,9036365.586382773
1628235285466555930,472639.3051799704,9036379.047433529
1628235285538361226,472467.5732196679,9030297.05459216
1628235285676158270,472468.1095225901,9030316.04898951
1628235285736503052,472293.63165597594,9024135.90806226
1628235285868320442,472294.1393398586,9024153.891505152
1628235285940416281,472294.60947335727,9024170.544811865
1628235286072427171,472117.6814918685,9017902.68488442
1628235286204306049,472118.25818058715,9017923.115722446
1628235286264324052,471938.31829308637,9011547.585726595
1628235286354229145,471938.53601892234,9011555.300474567
1628235286474207885,471938.8393336045,9011566.047916617
1628235286606334855,471757.4175098117,9005137.011570524
1628235286666277588,471757.86039869214,9005152.70704774
1628235286816210955,471577.35014017846,8998754.973472701
1628235286876357564,471577.767439965,8998769.764422731
1628235287014461773,471396.898924494,8992358.3222839
1628235287074505344,471396.9829713222,8992361.301747298
1628235287206398634,471397.4512323376,8992377.901614863
1628235287278275369,471216.0296904342,8985945.834539648
1628235287404520330,471216.6734446322,8985968.659291536
1628235287470179957,471217.09511133726,8985983.609770171
1628235287614452750,471036.0496543889,8979563.851519074
1628235287674478000,471036.24469960434,8979570.768090496
1628235287806439351,470857.19857620954,8973220.885748612
1628235287866427040,470857.5300990767,8973232.64388599
1628235288010370855,470681.01942175743,8966971.68400696
1628235288076500971,470681.09141508566,8966974.237803215
1628235288208468443,470681.43788304453,8966986.527947752
1628235288268471431,470506.0354785362,8960763.892917715
1628235288406585200,470506.63532623515,8960785.174492259
1628235288484463169,470507.09720919,8960801.5613048
1628235288616416463,470333.387349855,8954638.000308271
1628235288670628116,470333.59426410694,8954645.342430567
1628235288808666448,470161.811866426,8948549.2081172
1628235288886377358,470162.2900916262,8948566.180076284
1628235289012520223,469992.0355495837,8942523.319816835
1628235289072528754,469992.1914350993,8942528.852979036
1628235289216540347,469992.70255988283,8942546.995366743
1628235289270664830,469823.28742228355,8936532.988453403
1628235289414550045,469823.5931489689,8936543.841933172
1628235289474541773,469823.8029614512,8936551.290399712
1628235289612570352,469656.9277341476,8930626.522306602
1628235289672577045,469657.3562832047,8930641.738416936
1628235289810847992,469492.92261066753,8924802.750290656
1628235289870713438,469493.2986559182,8924816.104252439
1628235290014577175,469330.0890809637,8919019.694725757
1628235290080525923,469330.3572146545,8919029.218042573
1628235290218490513,469331.2544893528,8919061.086572351
1628235290272695478,469168.79375139857,8913290.390025234
1628235290410967218,469169.02589798544,8913298.636449957
1628235290536637416,469007.8769836392,8907573.657017218
1628235290620558585,469008.2303902556,8907586.2128291
1628235290752554787,468849.0143145577,8901929.029209549
1628235290818634938,468849.43055092596,8901943.819489641
1628235290938675795,468850.26751593564,8901973.559657484
1628235291016670425,468692.7735338428,8896376.722965986
1628235291148544041,468693.3049771059,8896395.609783102
1628235291220683168,468693.6747420191,8896408.750751732
1628235291340693541,468538.3858363611,8890889.444895944
1628235291418675533,468538.7510542892,8890902.42622249
1628235291550595347,468385.38655702694,8885450.701918915
1628235291616856833,468385.79511991865,8885465.226068988
1628235291736801808,468386.6436741475,8885495.391611783
1628235291820629595,468235.18331500347,8880110.55667256
1628235291946772525,468236.2382371364,8880148.063993786
1628235292018871096,468086.7320273999,8874831.926832862
1628235292144735203,468087.06715829275,8874843.844021184
1628235292222755963,468087.43819619867,8874857.038051197
1628235292348808347,467939.6566382433,8869601.45837403
1628235292420661286,467939.90645323426,8869610.343040235
1628235292552740804,467794.2258663074,8864428.727240305
1628235292612684264,467794.4831228822,8864437.877890646
1628235292744739916,467650.1818913929,8859304.582412459
1628235292810833131,467650.47799217294,8859315.116273347
1628235292942815059,467651.32292670844,8859345.175018117
1628235293014683967,467508.8758704614,8854277.11743875
1628235293140937287,467509.1898713617,8854288.289686926
1628235293212969773,467509.52331052354,8854300.153550535
1628235293344837378,467368.53661378246,8849283.341592811
1628235293416713545,467368.65472088667,8849287.54447546
1628235293542952446,467229.2923723152,8844327.829948096
1628235293614943584,467229.51509928156,8844335.75688387
1628235293746729035,467091.93493142293,8839438.77867615
1628235293812903105,467092.2861622065,8839451.280858869
1628235293944854447,467093.07531098754,8839479.370869702
1628235294016999059,466956.93420420575,8834632.945531566
1628235294148773596,466957.47517306445,8834652.20416528
1628235294220877676,466957.8472761307,8834665.451126153
1628235294346903763,466823.131359914,8829869.09954145
1628235294418755605,466823.4989281577,8829882.186867934
1628235294545050044,466689.9986066175,8825128.460705554
1628235294676974124,466690.36612346163,8825141.547999758
1628235294754857861,466558.19443143334,8820434.490210308
1628235294820870939,466558.56936599984,8820447.843473686
1628235294947052057,466559.36703604955,8820476.252408827
1628235295072862875,466428.4174759297,8815812.085410247
1628235295150841975,466428.6743678678,8815821.23583149
1628235295222962216,466428.90288226696,8815829.375450421
1628235295349251457,466299.2586783001,8811211.078233397
1628235295474835119,466299.5797491208,8811222.51623226
1628235295552940318,466171.37634370616,8806654.92970644
1628235295679296466,466171.83772669063,8806671.368465262
1628235295745004789,466045.23428572423,8802160.184665784
1628235295882896184,466045.9613509504,8802186.092939213
1628235295949140868,466046.45402380824,8802203.64885365
1628235296086890608,465920.73793072463,8797723.491132326
1628235296153015570,465920.92153855105,8797730.034684878
1628235296284966547,465796.3791413875,8793291.117250044
1628235296351162635,465796.7075015199,8793302.821137497
1628235296489034463,465797.3925805356,8793327.239702921
1628235296543140663,465673.5756861167,8788913.602418976
1628235296681258363,465673.9995127455,8788928.711038271
1628235296759076092,465551.94209790655,8784577.220882999
1628235296885202782,465552.73144520214,8784605.363280885
1628235296956965724,465553.11492797086,8784619.035485687
1628235297077082041,465432.0760908162,8780303.305239048
1628235297155106167,465432.5296448648,8780319.477770628
1628235297287082392,465312.12582868803,8776025.835133797
1628235297346994832,465312.28246322647,8776031.42102814
1628235297478977287,465312.9090016496,8776053.764605673
1628235297557269769,465192.9252237136,8771774.548792548
1628235297695254231,465193.14448328834,8771782.369026575
1628235297749056065,465074.8333797857,8767562.266967036
1628235297887243613,465075.274824485,8767578.01379673
1628235297953114068,465075.6938988755,8767592.962645315
1628235298079175547,464958.404723939,8763408.779307332
1628235298151048726,464958.2660447449,8763403.831834938
1628235298277350069,464841.7331704266,8759246.09775123
1628235298349268203,464842.2535227933,8759264.664030103
1628235298481153720,464842.71721813653,8759281.208765877
1628235298553229851,464726.77029583097,8755143.859079082
1628235298679355293,464727.5619051725,8755172.107422523
1628235298757128008,464611.77883786656,8751040.086932933
1628235298889254225,464612.84461526637,8751078.123693531
1628235298949260091,464613.2932855741,8751094.13637201
1628235299081261471,464499.0259885333,8747015.695726689
1628235299159392039,464499.2674346276,8747024.313826606
1628235299291361233,464386.2084468006,8742988.494004402
1628235299423148533,464386.8000635334,8743009.613621864
1628235299483248328,464387.2262662612,8743024.828258276
1628235299555148071,464274.98469741584,8739017.691086086
1628235299693413839,464275.7818639479,8739046.151968654
1628235299819301725,464164.8180660914,8735084.135411715
1628235299879327594,464165.2039356839,8735097.913640425
1628235300023389934,464055.6794609991,8731186.816017777
1628235300095481835,464056.07719984313,8731201.01979783
1628235300227607375,464057.114003072,8731238.045382323
1628235300287321947,463947.5017406456,8727323.338795254
1628235300425322124,463947.8279354913,8727334.989061462
1628235300485336737,463948.14221465884,8727346.213747242
1628235300623483184,463839.4759087278,8723464.817334162
1628235300683383909,463839.66206990246,8723471.46701502
1628235300833365580,463732.2586486606,8719634.711649388
1628235300887522581,463732.54604604817,8719644.978734424
1628235301025501089,463625.84373394225,8715832.808791565
1628235301085462665,463626.1117400078,8715842.384290654
1628235301229273824,463626.7892001551,8715866.589024698
1628235301295444816,463520.4482674801,8712066.875378504
1628235301421362059,463520.9782592713,8712085.813547343
1628235301481384773,463521.2953612572,8712097.144530479
1628235301625451369,463416.7566855318,8708361.381816462
1628235301685467838,463417.170505619,8708376.170579983
1628235301829419204,463313.6178383956,8704675.206557585
1628235301889437852,463314.06063218997,8704691.032629106
1628235302027477665,463211.0777837989,8701009.998598227
1628235302099497921,463211.3129200075,8701018.403687455
1628235302225458530,463211.8412326109,8701037.288539976
1628235302279482524,463109.1489550518,8697366.209999554
1628235302429556089,463109.677948362,8697385.121410787
1628235302489609344,463109.9532333369,8697394.96279224
1628235302627468460,463008.01341683604,8693750.357224483
1628235302681781702,463008.3028034548,8693760.703952517
1628235302825397552,462907.49989448616,8690156.322526757
1628235302885459997,462907.8569358974,8690169.089671109
1628235303029555571,462808.20535609365,8686605.464116547
1628235303089542601,462808.33699962666,8686610.171991337
1628235303227425107,462808.95356763346,8686632.221868351
1628235303293534861,462709.79625390354,8683085.865793517
1628235303494431505,462710.29227650724,8683103.606731834
1628235303626593188,462612.131830215,8679592.50035053
1628235303752498872,462515.2742964983,8676127.60187788
1628235303824695750,462515.50254779274,8676135.76746404
1628235303956585024,462516.09733973193,8676157.045864645
1628235304034701722,462419.82477280026,8672712.687960885
1628235304154745030,462420.0418469489,8672720.454561528
1628235304232508931,462420.31616333406,8672730.269204175
1628235304358583948,462325.03434663295,8669320.974235035
1628235304424647747,462325.461012394,8669336.24142653
1628235304556620466,462231.09079974645,8665959.18983396
1628235304634507225,462231.20154190535,8665963.152912414
1628235304760529526,462137.4640856029,8662608.37036996
1628235304826758656,462137.7115552387,8662617.227433868
1628235304958807351,462138.4383583802,8662643.240072275
1628235305030662340,462045.1980669522,8659305.885616655
1628235305156741442,462045.4165292637,8659313.705351522
1628235305228831903,462045.7107847135,8659324.238055686
1628235305360665143,461953.32347746694,8656017.051923221
1628235305432708416,461953.4973362496,8656023.275781717
1628235305558967506,461861.7548119001,8652738.810495956
1628235305630702022,461861.7644696447,8652739.1562652
1628235305762702692,461771.32692679146,8649501.056970658
1628235305828666242,461771.53194555175,8649508.39790356
1628235305960847352,461772.13660262903,8649530.048336288
1628235306032708285,461681.83370067785,8646296.423612125
1628235306158741302,461682.3476770776,8646314.829104465
1628235306230637479,461682.69230883307,8646327.170359557
1628235306362850505,461593.12635257776,8643119.590747096
1628235306429031126,461593.47837324365,8643132.197953463
1628235306554748119,461504.40561265085,8639941.93939523
1628235306632777736,461504.6543764897,8639950.849534677
1628235306765185520,461416.2960151027,8636785.8379698
1628235306836788502,461416.5588594057,8636795.253442619
1628235306956796260,461417.3102678828,8636822.16999232
1628235307034797270,461329.27170276333,8633668.282058313
1628235307166816822,461329.836683147,8633688.522627272
1628235307232757190,461330.1811654667,8633700.86378902
1628235307364952316,461242.95304641104,8630575.680244923
1628235307436814558,461243.2752215073,8630587.223465083
1628235307556836992,461156.9390390435,8627493.669896705
1628235307634913592,461157.39627105393,8627510.053791644
1628235307766949718,461072.2902394187,8624460.258339321
1628235307839022590,461072.7585560101,8624477.041161949
1628235307970731420,461073.83843128296,8624515.740064215
1628235308036850110,460988.30261076574,8621450.231236203
1628235308162774678,460988.4933314296,8621457.066699805
1628235308288994364,460903.83405382134,8618422.655553488
1628235308367004434,460904.2080346683,8618436.060484724
1628235308432801951,460904.54862452036,8618448.268547194
1628235308558902958,460820.70325551735,8615442.720736932
1628235308690915549,460821.1855218877,8615460.008811358
1628235308769058183,460737.8652559687,8612472.977977179
1628235308900933015,460738.5099420076,8612496.090761023
1628235308960943636,460738.88607092743,8612509.575434828
1628235309092972820,460656.4593725009,8609554.280132068
1628235309159082518,460656.67968560214,8609562.179423813
1628235309291134121,460575.1656740428,8606639.311062768
1628235309362865335,460575.3355276621,8606645.401751589
1628235309488996735,460575.865115163,8606664.391934352
1628235309561085734,460494.77251229086,8603756.343208017
1628235309693100410,460495.34209462244,8603776.769586895
1628235309764881963,460415.21804862877,8600903.168874381
1628235309891024623,460415.82984298933,8600925.111235097
1628235309963134525,460416.29629016004,8600941.840623043
1628235310101124998,460336.7408666618,8598088.352068055
1628235310161128921,460336.91141046875,8598094.469321625
1628235310293090890,460258.46501893894,8595280.481886415
1628235310365041357,460258.6511155985,8595287.157660266
1628235310503122414,460180.90718196327,8592498.09617633
1628235310563153671,460181.0702784364,8592503.94744215
1628235310695188477,460181.51582852035,8592519.932036618
1628235310773067420,460104.0368670405,8589740.104351113
1628235310905198659,460104.7840722851,8589766.913741628
1628235310959094419,460105.10875097715,8589778.563060265
1628235311097195320,460028.6942217597,8587036.666812947
1628235311169095012,460029.02035121736,8587048.369305
1628235311295144454,459953.41890507436,8584335.388131054
1628235311367238490,459953.6886770046,8584345.069267312
1628235311499014291,459878.78593430686,8581656.907175088
1628235311571127562,459879.13571489917,8581669.460715467
1628235311697444565,459879.90938270057,8581697.227444954
1628235311769135805,459805.4656021183,8579025.29362074
1628235311901031474,459806.31848252664,8579055.90612358
1628235311973012999,459806.82235671004,8579073.991703292
1628235312099248539,459732.5428221873,8576407.700686
1628235312171148678,459732.6658150191,8576412.115687842
1628235312291169349,459658.86605645047,8573762.797581434
1628235312369303967,459659.0194124121,8573768.303026427
1628235312507187500,459585.9748997178,8571145.851578593
1628235312573173165,459586.1275004067,8571151.330418242
1628235312699245492,459586.703827553,8571172.022346806
1628235312777116597,459514.05501164077,8568563.538211342
1628235312903304340,459514.8601646589,8568592.448352542
1628235313035224813,459443.0758178494,8566014.766871722
1628235313095245783,459443.18172970985,8566018.57013164
1628235313233252037,459443.7201769462,8566037.90558605
1628235313305108490,459372.07135379734,8563464.85598576
1628235313431385342,459372.85265949887,8563492.914956374
1628235313503351148,459301.7761873482,8560940.188935433
1628235313635265180,459302.14644030103,8560953.48700452
1628235313701187808,459302.43227570324,8560963.753113933
1628235313833386178,459232.1590459121,8558439.648570407
1628235313893434515,459232.4922431929,8558451.616813665
1628235314043308693,459162.545363487,8555939.005775029
1628235314103340746,459162.60977573495,8555941.31963172
1628235314241175334,459162.93776002445,8555953.101683667
1628235314301310544,459093.03575675417,8553441.877615906
1628235314439320938,459093.6805609488,8553465.04274235
1628235314499307788,459024.36306856415,8550974.594092207
1628235314637311243,459025.08109790063,8551000.392183427
1628235314697343825,459025.4978513218,8551015.365714917
1628235314841209501,458957.2814369369,8548564.25631819
1628235314907392489,458957.80547789054,8548583.086236268
1628235315039348364,458890.13899381814,8546151.528617214
1628235315099372528,458890.3543643795,8546159.26802077
1628235315237458673,458891.10113082145,8546186.103272568
1628235315309486038,458823.22232366604,8543746.703594541
1628235315441424035,458823.6345257012,8543761.51748174
1628235315495741965,458756.28715213656,8541341.004604183
1628235315639553769,458756.4751054723,8541347.75993911
1628235315699494264,458756.6275401018,8541353.238675328
1628235315843422028,458690.31389956496,8538969.67104518
1628235315903407107,458690.6520379699,8538981.825310454
1628235316041419522,458624.66164430045,8536609.670866782
1628235316101423285,458624.92354918167,8536619.085753854
1628235316245334937,458625.646377534,8536645.069778647
1628235316293596676,458559.48265594913,8534266.482735675
1628235316443457541,458559.94649807725,8534283.158230953
1628235316503469118,458494.38851377205,8531926.143865783
1628235316641562267,458495.1371063014,8531953.058659853
1628235316773593300,458430.5056180496,8529629.159360187
1628235316851345507,458430.96864056436,8529645.808210097
1628235316905837888,458431.46124949737,8529663.52088448
1628235317043622865,458367.13116119505,8527350.263239086
1628235317181503255,458367.3641319345,8527358.64084292
1628235317247537841,458302.95010210114,8525042.168579223
1628235317367519871,458303.2311219636,8525052.2748799
1628235317433582887,458303.5247138806,8525062.833304627
1628235317577662065,458239.75214874797,8522769.236598274
1628235317637703788,458239.85197625565,8522772.82698928
1628235317775467778,458176.8100640734,8520505.323823052
1628235317847544538,458177.0370599952,8520513.488626197
1628235317967575275,458177.58495597506,8520533.195854818
1628235318045442668,458114.71786295995,8518271.786323188
1628235318171454983,458115.1614660976,8518287.743570106
1628235318243447679,458115.48677523405,8518299.445551286
1628235318369590875,458053.3235460299,8516063.17192645
1628235318447722914,458053.63626026723,8516074.421769371
1628235318567692046,457992.24335613387,8513865.677549226
1628235318645603589,457992.5582621654,8513877.007162075
1628235318771611606,457931.6582384297,8511685.81899821
1628235318849610762,457932.1209497054,8511702.467654519
1628235318969938375,457932.9384562793,8511731.882054124
1628235319041756485,457872.37010249257,8509552.452056928
1628235319173650359,457873.03159339755,8509576.254815234
1628235319239890514,457873.39892435784,8509589.47265995
1628235319371672941,457813.4776783492,8507433.15695948
1628235319443644897,457813.765163585,8507443.502501518
1628235319581793841,457754.82574593846,8505322.348660579
1628235319641738128,457755.03265964135,8505329.795312947
1628235319773672059,457697.02168181987,8503241.888341676
1628235319840064041,457697.3076435782,8503252.180665042
1628235319977598890,457698.144100835,8503282.286376167
1628235320043825224,457640.50476618874,8501207.59998006
1628235320175714877,457641.12023854954,8501229.753711231
1628235320241780137,457584.305482368,8499184.5906467
1628235320379613403,457584.579579166,8499194.457421392
1628235320445843903,457584.93346709776,8499207.196464818
1628235320577738933,457528.80495824164,8497186.583343197
1628235320649684705,457529.0073755107,8497193.870385548
1628235320775768931,457473.74667011015,8495204.34950691
1628235320847658160,457474.05470525386,8495215.43962626
1628235320973659525,457474.80521828355,8495242.460157193
1628235321045857068,457420.1226212911,8493273.606129363
1628235321177770104,457420.63892998995,8493292.196018053
1628235321249961790,457366.6155239303,8491346.934235606
1628235321375933126,457367.1716781939,8491366.960227598
1628235321507909112,457314.0577438849,8489454.306273978
1628235321579712874,457314.24976194295,8489461.220950454
1628235321651704203,457314.449903896,8489468.428170972
1628235321777943276,457261.96905209194,8487578.43545025
1628235321903853051,457262.6299900251,8487602.237864891
1628235321981837615,457263.14840209956,8487620.907468589
1628235322113781361,457210.97364713997,8485741.807646552
1628235322173870888,457211.3579978472,8485755.650262997
1628235322311986005,457159.7684952062,8483897.496174907
1628235322372004529,457160.1350977059,8483910.70049895
1628235322521889549,457109.012175145,8482069.223610548
1628235322569918280,457109.1609469413,8482074.582458606
1628235322701906625,457110.24997219065,8482113.809758868
1628235322780045336,457058.66363213013,8480255.513888866
1628235322912018088,457057.29414274346,8480206.180633318
1628235322977804711,457057.1789728651,8480202.03185287
1628235323103933396,457010.47200578894,8478519.383139227
1628235323182049281,457015.05710779503,8478684.562933518
1628235323314072021,456969.02790537814,8477026.236763207
1628235323374060790,456968.8817461652,8477020.97101455
1628235323505964979,456919.63900008943,8475246.7604541
1628235323584081646,456921.67291232734,8475320.042037977
1628235323715969326,456924.2939492711,8475414.466372887
1628235323775974233,456874.98603871575,8473637.81101498
1628235323913936651,456872.9464153126,8473564.303447023
1628235323979902794,456870.61445823597,8473480.277719438
1628235324117988625,456825.8742264772,8471868.085643442
1628235324177934843,456824.1414750719,8471805.628215354
1628235324304043142,456771.55423518596,8469910.55153974
1628235324376143673,456766.8583554617,8469741.303728225
1628235324520033901,456711.8664610203,8467759.185607975
1628235324580016077,456705.0099967867,8467512.016060432
1628235324706068600,456696.25227985997,8467196.312478589
1628235324784050700,456668.7164923872,8466203.752198702
1628235324909900282,456683.5058883821,8466736.652737942
1628235324981982860,456690.84314027464,8467001.002092121
1628235325107994136,456624.76663854934,8464619.225930773
1628235325180080062,456617.67222878063,8464363.413674267
1628235325311967653,456549.69868692895,8461913.161205297
1628235325378223285,456539.972800208,8461562.447229393
1628235325510221774,456473.22427852824,8459155.986921294
1628235325582131290,456463.51540810015,8458805.885293797
1628235325708575623,456449.6047452284,8458304.288985616
1628235325780245591,456393.149662446,8456268.345730891
1628235325912186974,456373.47164060746,8455558.583196472
1628235325990186397,456358.01018160273,8455000.91383758
1628235326122135277,456292.7041647249,8452645.618029675
1628235326248520192,456224.64382835646,8450190.943528583
1628235326314040968,456217.85081108543,8449945.851218322
1628235326452191791,456188.40996022744,8448883.73192526
1628235326518179001,456125.48052878055,8446613.853155699
1628235326656150252,456072.343485322,8444696.828378433
1628235326710376219,456049.93617269193,8443888.420690482
1628235326854315227,455995.1104219503,8441910.193166282
1628235326926208336,455989.5685627691,8441710.112639664
1628235327046209745,455902.675518452,8438574.769318728
1628235327118349511,455889.8720671331,8438112.538846537
1628235327256351124,455826.03120581654,8435808.476610754
1628235327316347460,455827.581432363,8435864.283917287
1628235327454273157,455845.3963769535,8436506.913459672
1628235327514290817,455747.7600923153,8432983.310332041
1628235327658244600,455747.99446005165,8432991.328055104
1628235327712534655,455754.4255791216,8433223.226736384
1628235327856312385,455664.6541612755,8429983.33485964
1628235327910274569,455672.83930638165,8430278.699387994
1628235328060206393,455650.4376408346,8429469.780868826
1628235328120152371,455686.32884246425,8430764.994186124
1628235328258435723,455597.5557069849,8427560.344179498
1628235328312294177,455587.3597830937,8427192.246079862
1628235328450287527,455583.3831147613,8427048.519785784
1628235328522163554,455552.91142784234,8425948.215094438
1628235328648426406,455615.6391797249,8428212.144377284
1628235328714217337,455632.0614700982,8428804.73430353
1628235328852313367,455521.7499987271,8424822.460628672
1628235328924322227,455496.82772004843,8423922.687881775
1628235329050359219,455446.510584631,8422105.897975082
1628235329110467968,455443.037328026,8421980.455456555
1628235329254364314,455437.7566768105,8421789.831856037
1628235329314371891,455442.23979982897,8421951.601247042
1628235329452555270,455424.51039578335,8421311.371298507
1628235329512393985,455439.1565081116,8421839.86750888
1628235329650521670,455426.35362093407,8421377.536098283
1628235329722506829,455429.0889961853,8421476.225223962
1628235329854386496,455445.5038276321,8422068.745958084
1628235329914400761,455457.54883804196,8422503.579598831
1628235330058291340,455422.4088590372,8421234.741013398
1628235330184557027,455412.51790573634,8420877.680981161
1628235330256402811,455411.62242181815,8420845.316449216
1628235330388427709,455460.3264575278,8422603.864481077
1628235330454553113,455492.4462309191,8423763.523631878
1628235330526493415,455419.21027370635,8421119.444238853
1628235330658451330,455449.1603581538,8422200.983312147
1628235330796469278,455409.48949637247,8420768.793515451
1628235330862350947,455411.429223552,8420838.947728377
1628235330988361928,455415.6379388472,8420991.156846723
1628235331054614310,455397.93818776537,8420352.150766212
1628235331186573469,455410.4685569933,8420804.815166492
1628235331258487589,455376.04810001137,8419562.133124417
1628235331378518822,455343.4852462842,8418386.561250966
1628235331462499581,455309.26638400136,8417151.074877996
1628235331588653201,455301.96108543,8416887.532418739
1628235331660524122,455287.2796643912,8416357.49545888
1628235331786540368,455283.65439987753,8416226.921169432
1628235331858667109,455276.3342211681,8415962.767176239
1628235331990652314,455249.16244301427,8414981.836641902
1628235332056796992,455236.0291514328,8414507.739990097
1628235332188592192,455218.42746647896,8413872.353675285
1628235332260583794,455185.64848196757,8412688.622137323
1628235332387024042,455178.70660340507,8412438.244350232
1628235332464583781,455179.39270034735,8412463.202509185
1628235332584607579,455115.7188578491,8410163.516128404
1628235332662602829,455069.67278800544,8408500.427335607
1628235332794471334,455028.7845820219,8407023.747200577
1628235332860678284,455047.41517402645,8407696.946730215
1628235332992729730,455108.095412905,8409889.138659077
1628235333052729353,455033.1134111975,8407180.702039814
1628235333196644573,455042.1747846009,8407508.453085113
1628235333262752931,454951.05385101493,8404216.58875408
1628235333388527832,454959.0648600388,8404506.257274978
1628235333454783482,454976.35522648576,8405131.06892783
1628235333592697450,454872.5884860034,8401382.057568068
1628235333664687682,454882.670866098,8401746.47926235
1628235333790565855,454798.3326700635,8398699.020296764
1628235333856780243,454827.2349997897,8399743.564533057
1628235333988577613,454900.64271302085,8402396.20784656
1628235334060670737,454841.5971056584,8400262.718961397
1628235334186703968,454900.64203571144,8402396.487309244
1628235334258627472,454784.85314971453,8398212.417112807
1628235334390606152,454736.8585634234,8396477.952491483
1628235334468737891,454692.82151342306,8394886.38850909
1628235334588724941,454673.4146753807,8394185.099521372
1628235334660718125,454667.9327207345,8393987.020231403
1628235334786855685,454643.69952321507,8393110.987771448
1628235334858885120,454665.58234023565,8393901.961857686
1628235334990929923,454701.19628072454,8395189.218711562
1628235335122641294,454604.6901144672,8391700.965611517
1628235335188873794,454604.3791208054,8391689.756627882
1628235335332798704,454490.5600559343,8387575.298630327
1628235335392716696,454486.3338288067,8387422.534808107
1628235335518824975,454357.75284618157,8382773.610173598
1628235335602697236,454359.29767477367,8382829.495326895
1628235335734696305,454362.8599191769,8382958.3117059395
1628235335782917165,454231.8667563559,8378221.219585889
1628235335926823501,454212.8941048227,8377535.003547454
1628235335992848233,454196.2107330661,8376931.56477334
1628235336130958675,454006.8733768466,8370082.835438715
1628235336190964870,453973.3854672054,8368871.26430208
1628235336322974261,453871.2468071633,8365175.141094406
1628235336394753057,453831.0802678622,8363721.607927632
1628235336526750627,453707.9880089848,8359266.906674095
1628235336592982714,453667.70089369675,8357808.679414471
1628235336725036852,453590.7805014779,8355024.241016881
1628235336796901576,453482.4105682089,8351100.896196047
1628235336928920020,453400.0150238531,8348117.440947857
1628235336988914129,453366.6341489352,8346908.647739394
1628235337127006169,453174.92919045244,8339964.877778069
1628235337198928962,453126.54357851064,8338212.069734538
1628235337325199325,452859.1602553959,8328522.994810127
1628235337396936309,452800.36754593236,8326392.117528922
1628235337528862943,452577.953105104,8318329.266916707
1628235337595080289,452515.2075457201,8316054.158753759
1628235337732875024,452403.92410329863,8312018.574727839
1628235337798954127,452212.88354207296,8305088.625342008
1628235337924982335,452124.97710775747,8301899.302378406
1628235337997115151,451930.2946542604,8294834.756640967
1628235338129033797,451816.0991787163,8290689.829356714
1628235338194996076,451766.8519416357,8288902.082118038
1628235338327045936,451588.49997923675,8282426.327974483
1628235338399014457,451528.405592036,8280244.0327218585
1628235338531125944,451384.2963418131,8275009.319015351
1628235338591123417,451325.3158302644,8272866.735926877
1628235338723013993,451193.2558270774,8268068.643031112
1628235338801044300,451138.2611345181,8266070.009314997
1628235338932895449,451011.32518057607,8261456.718908999
1628235338992979960,450957.25602101017,8259491.34764493
1628235339131110552,450895.9715947069,8257263.171784049
1628235339191108349,450866.04134339665,8256175.009860942
1628235339334946704,450857.96327921917,8255881.059782774
1628235339461241883,450802.3701849952,8253859.729995666
1628235339521205549,450800.3597717694,8253786.480601317
1628235339659328749,450732.79775534925,8251329.636770913
1628235339737092684,450702.91821472323,8250242.976214618
1628235339863230281,450659.6568925022,8248670.032073621
1628235339929036131,450621.5938065132,8247285.689847044
1628235340067134946,450526.3141776997,8243820.203249421
1628235340133173417,450486.7784416654,8242382.00924107
1628235340265121612,450507.10789097246,8243121.635458763
1628235340325120072,450484.4931801344,8242298.954673627
1628235340469173016,450418.5026895558,8239898.150351302
1628235340535180297,450430.29605053,8240327.554070739
1628235340667161448,450367.23747241386,8238033.2802025
1628235340727165403,450342.89192417706,8237147.412775159
1628235340865276376,450417.21987488307,8239851.875403315
1628235340925310912,450410.21818151016,8239597.12640663
1628235341069200747,450409.63042997377,8239575.774509529
1628235341129195799,450419.292797888,8239927.281863015
1628235341267347868,450380.71755180485,8238523.772319066
1628235341327324159,450388.2720479389,8238798.6033029165
1628235341471099752,450383.3441522283,8238619.262539768
1628235341531221372,450353.3005852078,8237526.146153206
1628235341669396390,450339.23149387515,8237014.129640004
1628235341729232635,450334.4172024601,8236838.900613642
1628235341873247341,450306.7920982199,8235834.073467437
1628235341927174952,450299.34248974564,8235562.987295816
1628235342071273446,450248.87654451956,8233726.409817988
1628235342131265208,450246.4446238784,8233637.8615303505
1628235342269416584,450215.0385596759,8232494.804790685
1628235342329421638,450222.5075753366,8232766.611566606
1628235342461456194,450244.2192523088,8233556.695214376
1628235342533329552,450185.0598730928,8231403.7425890155
1628235342665188173,450188.727476272,8231537.244465161
1628235342725309693,450193.66790263803,8231717.089465425
1628235342875345427,450144.1017736541,8229913.213291263
1628235342941354695,450145.9760825086,8229981.433241384
1628235343067217411,450125.79375328316,8229246.818388942
1628235343133318195,450124.252860263,8229190.696890197
1628235343277339653,450113.7930872634,8228809.971677739
1628235343397328445,450151.854053377,8230195.236644385
1628235343475357734,450164.13173126266,8230642.041702139
1628235343595365891,450109.8166747693,8228665.358907172
1628235343667251718,450111.04991382064,8228710.286009022
1628235343799395143,450091.40060153254,8227994.902956297
1628235343877401656,450094.6236304422,8228112.221157125
1628235344003393429,450081.3977708663,8227630.9298623735
1628235344075531743,450086.4254641851,8227813.958454248
1628235344195546732,450142.06864366535,8229839.336417718
1628235344273330283,450127.5157137397,8229309.747088405
1628235344411365314,450181.7141296208,8231282.386043846
1628235344471315008,450175.0066287188,8231038.306335404
1628235344597607914,450105.36551385844,8228504.197777039
1628235344675334305,450058.7504302515,8226807.516697351
1628235344813414524,450041.71899066604,8226187.941903233
1628235344873607308,450059.7975763405,8226846.125644451
1628235345071593599,450189.25821579964,8231558.797368043
1628235345197701267,450213.99940208177,8232459.518388759
1628235345269502714,450222.4719326996,8232768.03286157
1628235345401495555,450249.42891197815,8233749.332586946
1628235345467799825,450257.3103872448,8234036.2861094205
1628235345599636480,450353.14560706227,8237524.048204414
1628235345677495985,450356.7079860855,8237653.804906124
1628235345803520945,450469.56301143114,8241759.804054234
1628235345875401362,450479.62091251,8242125.815417043
1628235346007414634,450624.37142685626,8247391.05404416
1628235346073653827,450668.290475232,8248988.388638435
1628235346205565663,450749.4993167755,8251941.670621493
1628235346277490155,450801.28846957645,8253824.943117189
1628235346403558534,450878.9955362416,8256650.282229217
1628235346481453184,450917.9377325119,8258066.036878326
1628235346607580885,450978.41061754234,8260264.727252232
1628235346667465421,451015.1523808038,8261600.2435082
1628235346805585705,451040.15432215057,8262508.97113573
1628235346877595205,451078.1165631409,8263888.697044837
1628235347003725389,451095.5519073227,8264522.670886882
1628235347075714447,451126.62009640015,8265651.720361986
1628235347207770679,451185.793920757,8267801.946091015
1628235347279511150,451165.6373991644,8267069.658333121
1628235347399521163,451234.705228848,8269579.159738368
1628235347471450308,451297.5600863437,8271862.661393427
1628235347609641624,451370.31965387595,8274505.181675514
1628235347675718473,451433.2115787169,8276789.445344174
1628235347801665381,451274.41160951176,8271020.440923269
1628235347879813466,451257.9789648543,8270423.206562762
1628235347999800029,451266.54230770667,8270733.869959536
1628235348077727257,451302.8484615397,8272052.600159308
1628235348209688504,451350.12270420376,8273769.413779806
1628235348341622432,451248.0841427208,8270061.858184025
1628235348407817532,451211.3920008136,8268728.364740962
1628235348539793595,451275.61724056624,8271061.179476769
1628235348599764716,451309.71838859277,8272299.662478677
1628235348731717354,451381.93673981604,8274922.135493849
1628235348809832338,451251.5970010864,8270186.332729821
1628235348947761294,451258.81025689305,8270447.1738697495
1628235349013745008,451211.237930829,8268718.072636755
1628235349133767765,451245.87404175976,8269975.195619041
1628235349205786704,451271.82800930075,8270917.333020563
1628235349343876871,451187.15597340814,8267838.853777895
1628235349403899362,451198.46185234434,8268248.839855862
1628235349541732569,451155.493091371,8266685.6870685695
1628235349613808742,451173.32079556293,8267332.3617582815
1628235349745722476,451132.1144141681,8265833.231191705
1628235349811734935,451132.8380884876,8265858.566428604
1628235349937817080,451163.89178140665,8266984.847561383
1628235350003874411,451134.8415180134,8265928.465379609
1628235350135845023,451159.6328093771,8266827.393311347
1628235350207768593,451164.6618529723,8267009.045020735
1628235350333966083,451198.63834404387,8268241.967722355
1628235350411849847,451226.5190695352,8269253.9693573415
1628235350537869801,451254.79436825524,8270279.195097173
1628235350609829774,451279.8447383965,8271188.342530764
1628235350736038542,451311.5945463767,8272340.045820135
1628235350807996215,451339.4806748323,8273351.772377556
1628235350939901833,451391.8454860853,8275252.365310279
1628235351006131464,451379.4215518996,8274799.961905377
1628235351137915245,451423.6450643643,8276404.980645899
1628235351210094987,451438.07026487263,8276928.298800292
1628235351347947440,451434.69967612776,8276804.201802312
1628235351407964108,451439.35138038045,8276972.743967775
1628235351539921896,451449.2889838226,8277332.556741243
1628235351618054565,451469.25167204835,8278057.359370064
1628235351750116090,451454.0405473241,8277504.408477392
1628235351810115029,451460.4435023359,8277737.045266154
1628235351941958215,451473.9340233546,8278227.595651717
1628235352013848571,451442.2775538389,8277078.05830086
1628235352145876559,451462.73766354966,8277822.639935164
1628235352212126935,451476.2702735931,8278315.152596327
1628235352343996110,451459.73701597564,8277716.48601524
1628235352403980130,451472.360759328,8278176.214646177
1628235352542119853,451462.61705617537,8277825.311851188
1628235352679980785,451501.80717519904,8279252.354607648
1628235352745904298,451516.80988976493,8279799.072507425
1628235352884026393,451498.90021094,8279153.122707466
1628235352944051741,451521.1469536675,8279963.224572665
1628235353082179427,451484.7887355593,8278647.655233257
1628235353142170050,451502.9825698608,8279310.83349099
1628235353286199962,451360.93484679103,8274156.971022921
1628235353346043888,451374.99170017196,8274670.293481217
1628235353478027235,451408.08936293,8275878.693430361
1628235353544216545,451188.15407146426,8267892.13385667
1628235353676221958,451205.0076881329,8268511.196041125
1628235353747986392,451051.0800081624,8262922.372144286
1628235353879962077,451063.0039624486,8263363.005877887
1628235353940210576,451070.6592677502,8263644.677828561
1628235354078245829,450972.2165832588,8260075.637593444
1628235354150046072,450959.3074938484,8259610.698471469
1628235354276177655,450893.3185667809,8257220.456481151
1628235354348145714,450889.5032960239,8257086.328937818
1628235354480137083,450875.422331501,8256583.092165424
1628235354546244806,450805.640285665,8254051.360224613
1628235354678195356,450778.4474016646,8253071.528918725
1628235354738218728,450771.7615437088,8252832.561111065
1628235354882039614,450719.27329789574,8250934.546289325
1628235354948305689,450721.6280611891,8251025.068755833
1628235355080312641,450624.71248579724,8247510.700221012
1628235355140284075,450622.9981702772,8247452.58522966
1628235355284175553,450551.90872349,8244877.554984629
1628235355350122654,450551.6279865359,8244871.518817678
1628235355488099245,450552.9950872218,8244930.878957952
1628235355542340759,450490.35380697006,8242657.288079805
1628235355680572873,450481.6002035022,8242348.434637149
1628235355752222146,450455.3173839237,8241398.383444295
1628235355884288738,450449.2415927283,8241186.153581901
1628235355950262280,450444.93608162954,8241033.571993001
1628235356082309930,450419.8555118962,8240131.370632061
1628235356154269507,450415.2059791672,8239966.867240058
1628235356286206370,450393.3865670475,8239182.285858468
1628235356346194302,450389.19335577765,8239033.598165854
1628235356490299976,450380.6397358582,8238731.252973648
1628235356556280898,450463.3075296622,8241743.858485366
1628235356688189243,450470.62481515907,8242018.013142289
1628235356814468574,450469.0647055353,8241969.1429169
1628235356886451899,450473.66761771176,8242140.70125408
1628235357018308139,450471.9881818179,8242087.581640528
1628235357084416089,450494.9646935806,8242927.282972979
1628235357216510063,450591.57169403485,8246447.875774935
1628235357288436174,450471.0718639555,8242069.267323475
1628235357414233859,450527.29162878066,8244120.38797717
1628235357492339623,450533.20343689434,8244339.677919957
1628235357618372124,450445.2152140415,8241146.491835699
1628235357684598314,450445.073313911,8241145.062106297
1628235357816515444,450405.3467708454,8239706.922949225
1628235357888437814,450414.41504238814,8240040.369972277
1628235358020403066,450363.82626304455,8238206.72309676
1628235358080414810,450358.665830803,8238022.110000905
1628235358224330498,450348.49264185433,8237659.286245741
1628235358284579670,450310.2385388689,8236270.76191487
1628235358422429464,450241.9437929026,8233793.508246752
1628235358482309079,450199.478997282,8232251.686581477
1628235358608717333,450170.64598965837,8231209.249654879
1628235358686299414,450164.910891233,8231004.233459466
1628235358812560434,450137.9502601498,8230030.230456234
1628235358890508214,450150.23336397146,8230481.44260571
1628235359016497707,450089.3338415164,8228271.70069613
1628235359082477246,450088.33716302714,8228239.250539984
1628235359208830965,450098.3772455917,8228611.774592766
1628235359292584980,450025.8354647459,8225976.223550524
1628235359418368588,450046.88060507306,8226748.851777965
1628235359484512007,450057.36767963495,8227134.455228354
1628235359616479705,449944.68099292583,8223040.215930022
1628235359688367493,449942.98833243555,8222982.575460821
1628235359814618470,449858.51512406074,8219914.757689692
1628235359886532971,449861.1382684738,8220014.286296335
1628235360018579219,449776.70018495515,8216947.602449212
1628235360084660346,449768.929555073,8216668.80902181
1628235360216714107,449747.2672805852,8215887.831889709
1628235360288560526,449621.2676900754,8211303.702085045
1628235360426579849,449585.00603011716,8209991.68493281
1628235360486576869,449568.3365954826,8209388.283869952
1628235360618701104,449453.0620876975,8205197.029255258
1628235360684451993,449461.9637991124,8205524.986746351
1628235360816643326,449305.1867539266,8199822.1788925715
1628235360888769634,449282.5890176467,8199003.269779926
1628235361020485367,449170.8979979833,8194941.798716607
1628235361086728859,449156.3467103904,8194416.065924183
1628235361218503932,449151.5352382539,8194248.606071127
1628235361290615320,449067.9774221527,8191208.730727809
1628235361422509238,449054.15868261614,8190713.752965983
1628235361548776730,448939.71461383783,8186550.358821321
1628235361620740315,448928.9999638998,8186164.528113049
1628235361752515840,448840.00399344746,8182928.447341178
1628235361818712807,448828.8078573739,8182525.055725691
1628235361950807787,448801.6589668041,8181544.2142353505
1628235362016563835,448697.7933083054,8177761.068441131
1628235362154689008,448662.01376724534,8176466.229872476
1628235362214747787,448645.82554150437,8175880.161068784
1628235362346708202,448526.84663842525,8171549.865269724
1628235362424639468,448495.1051992463,8170397.811511328
1628235362556724847,448366.52739954484,8165716.624177387
1628235362622763948,448332.49746246554,8164480.103129065
1628235362754736853,448242.76960776595,8161215.914878856
1628235362826620518,448225.8151245345,8160602.407779366
1628235362964868777,448181.9620350591,8159012.414626501
1628235363024857543,448097.19370959315,8155923.135333853
1628235363156766762,448043.4010560307,8153969.291757512
1628235363223085170,448016.6869214396,8152999.350853114
1628235363360685890,447927.84925232903,8149766.347440356
1628235363414885016,447913.8026288569,8149258.075329642
1628235363552939016,447825.19013153325,8146032.9784169225
1628235363618779329,447810.0136668422,8145484.214579166
1628235363756785483,447719.0713850105,8142173.486902913
1628235363822813568,447703.22007962025,8141599.199546901
1628235363948946979,447673.5103029585,8140524.182280395
1628235364020800059,447616.360202687,8138442.045357661
1628235364158835423,447579.4362469703,8137104.102096354
1628235364218819747,447564.6115608317,8136567.199861495
1628235364350711965,447489.85468115116,8133846.6559298225
1628235364428980011,447472.4471124644,8133216.897800626
1628235364560878524,447416.0155181723,8131165.366239262
1628235364620851327,447410.2102441164,8130957.944073489
1628235364752821611,447323.3269481269,8127793.2619915465
1628235364830987310,447315.80176290066,8127524.543292258
1628235364963033382,447306.38671443367,8127190.647470277
1628235365028909299,447247.28056127747,8125035.815229236
1628235365148929801,447250.2345674385,8125153.2606112715
1628235365232829613,447249.3382535175,8125125.998937778
1628235365358783406,447175.3899242983,8122432.505620185
1628235365424905804,447171.54830798175,8122297.53705302
1628235365556936039,447107.5740122535,8119968.966284402
1628235365622912174,447095.61383909,8119537.1465146
1628235365761200580,447057.49162171985,8118154.636380392
1628235365893039411,447031.1121877382,8117200.22751326
1628235365953006793,447026.76946517715,8117046.155747727
1628235366096866363,446988.8547110551,8115670.3479244495
1628235366157128009,446991.0254103442,8115754.434715352
1628235366295132125,446914.6268718489,8112971.176396048
1628235366355108618,446924.0835123771,8113321.7765516015
1628235366493042151,446821.6648035118,8109586.213369889
1628235366558877911,446817.1783426659,8109426.705323632
1628235366690891037,446822.7725885954,8109641.393306767
1628235366757137011,446684.8438360534,8104600.969207371
1628235366895072244,446696.07836776687,8105022.812351441
1628235366955076928,446702.33124925435,8105256.226326804
1628235367098917230,446589.3033079852,8101131.7160891285
1628235367158896794,446592.6458003916,8101258.700440897
1628235367296954409,446494.02005610836,8097659.406344195
1628235367369068053,446502.4945931118,8097975.758885923
1628235367489074257,446526.58771042473,8098866.756808841
1628235367549081627,446414.85229391616,8094781.678500443
1628235367699195506,446432.39150144096,8095435.17267273
1628235367759217823,446377.00694453216,8093412.479949829
1628235367891097695,446385.4203066657,8093730.323008437
1628235367951129156,446386.81298746425,8093785.813696056
1628235368106982538,446354.1503543225,8092601.140158385
1628235368167150825,446357.37426003825,8092723.590343849
1628235368299147929,446328.6717735509,8091683.072387332
1628235368359192353,446335.773660024,8091947.417675193
1628235368503013518,446315.0071718794,8091197.536962945
1628235368563049123,446318.6516714261,8091335.274484408
1628235368695041447,446319.7751027893,8091385.7037972
1628235368761056827,446323.6134019221,8091530.69973392
1628235368905062705,446346.10991651594,8092364.744334745
1628235368965049511,446361.45205517823,8092930.520868254
1628235369103298764,446372.09855904954,8093330.292118154
1628235369163316118,446387.4205434286,8093895.258155802
1628235369295189405,446390.661786514,8094023.1624323
1628235369361586805,446405.319320472,8094564.426830737
1628235369493321199,446426.86868907727,8095361.874928293
1628235369553341633,446438.4884839328,8095791.2473235745
1628235369697205334,446464.4872113312,8096751.915261901
1628235369763269548,446470.1150216623,8096962.741996785
1628235369901138236,446491.30534826603,8097746.552113176
1628235369955398319,446498.2921725636,8098006.032819421
1628235370099241154,446499.0308756297,8098042.02529734
1628235370171137839,446506.4630651485,8098318.336175801
1628235370297277842,446513.7970473464,8098594.76953477
1628235370429163745,446533.7129952831,8099331.348057756
1628235370495370195,446535.1449103961,8099387.942133774
1628235370627342038,446542.29746978736,8099657.156873674
1628235370699302203,446549.70006215555,8099931.97894271
1628235370825614732,446587.4344770871,8101320.265445018
1628235370897468288,446605.74459189794,8101994.030148249
1628235371029433689,446606.9373661655,8102044.684188337
1628235371095571691,446614.6295124249,8102329.7958749365
1628235371233320240,446627.8886300543,8102821.599664087
1628235371299445713,446600.41974029713,8101820.164872282
1628235371431457155,446606.62872792955,8102053.778969418
1628235371503351748,446593.5745285603,8101579.743476255
1628235371635226288,446607.1563579036,8102082.832872478
1628235371701350757,446610.27677731327,8102200.218211953
1628235371833258533,446586.293640431,8101328.358589521
1628235371899491416,446586.2016729206,8101328.041817357
1628235372031431437,446529.3143597264,8099251.527242978
1628235372103397784,446521.16240170505,8098956.092013464
1628235372223424857,446509.10976666794,8098519.785840316
1628235372301524202,446453.08558607055,8096472.786439625
1628235372427331290,446441.18689245806,8096041.771778183
1628235372505424276,446387.40898515505,8094076.691404814
1628235372625472020,446377.32077829447,8093711.626732662
1628235372703551845,446372.95078571007,8093554.326027815
1628235372829372885,446305.4238657021,8091086.901172601
1628235372907452110,446303.9354007951,8091034.858822524
1628235373027467478,446254.03122568206,8089211.748336956
1628235373105592880,446258.15895896684,8089365.103958036
1628235373237326222,446256.2317488125,8089297.96097177
1628235373309476286,446191.2607952917,8086921.324198978
1628235373429497262,446185.726782388,8086721.591743446
1628235373507498990,446150.12468314695,8085419.949127523
1628235373639414449,446154.6222794291,8085587.448953444
1628235373705607414,446157.2267742439,8085684.253087684
1628235373837674671,446105.74636647623,8083801.727935371
1628235373897630511,446104.14664620865,8083744.207960533
1628235374041498522,446073.6049582363,8082628.171854752
1628235374101459098,446074.5992047554,8082665.553729979
1628235374233447671,446077.9365084019,8082789.888855747
1628235374299686525,446050.6373364248,8081791.087285658
1628235374437586096,446054.333930464,8081928.516300446
1628235374497598263,446028.0091371165,8080965.222060776
1628235374629559738,446041.94907976064,8081477.578560089
1628235374761724526,446015.53619794414,8080511.945712325
1628235374833581960,446016.9171309351,8080563.524914705
1628235374971602985,446019.6509609306,8080665.55330892
1628235375031595196,445989.6510565391,8079567.58455908
1628235375169487884,446001.69741766644,8080010.322654707
1628235375235476132,446013.4419832047,8080441.215895549
1628235375373605608,446001.1198097698,8079991.2880707355
1628235375427616979,446009.2514483123,8080289.592592689
1628235375565567266,445975.23349094356,8079044.985087831
1628235375631755947,445980.4576179313,8079236.91564841
1628235375763969787,445961.8126266471,8078555.031551179
1628235375835645883,445970.0607920741,8078857.52306588
1628235375961723086,445985.61286012095,8079427.571003267
1628235376039810476,445956.0224960699,8078344.292384981
1628235376177687899,445973.2513441186,8078975.35647454
1628235376231593234,445976.1751912647,8079082.328372899
1628235376363986348,445940.810653841,8077786.634359047
1628235376435685389,445945.120789359,8077943.841455642
1628235376579711066,445912.96549394197,8076764.597841502
1628235376633864052,445921.314047921,8077069.440832247
1628235376765764385,445893.5590169715,8076050.92785135
1628235376837716737,445894.60042244213,8076087.5366382105
1628235376964283620,445890.55603173515,8075935.989731642
1628235377035867787,445864.69526005,8074987.002086876
1628235377167851963,445876.40453122166,8075411.495562109
1628235377234110730,445886.8483189067,8075791.404567767
1628235377365795247,445866.35715001996,8075035.965935807
1628235377437928028,445864.37305098976,8074960.16490219
1628235377569868701,445830.85744982923,8073726.5245590685
1628235377641786424,445822.0103228354,8073398.7479603095
1628235377774907272,445796.0576129744,8072441.104492952
1628235377841013810,445793.77897423133,8072353.498400118
1628235377972900738,445787.28186659655,8072107.4595858855
1628235378044941526,445773.9805263999,8071615.7762897145
1628235378176804288,445777.82819044386,8071748.118148812
1628235378236822785,445780.29101393744,8071834.2425112035
1628235378369050186,445748.0933440684,8070644.230651438
1628235378440954154,445756.34808699007,8070941.478463213
1628235378572956818,445705.5604439744,8069070.412281194
1628235378632963127,445712.4419510121,8069317.756976937
1628235378771229800,445654.3082991855,8067175.376180934
1628235378831034824,445647.63770620397,8066925.698133153
1628235378974980347,445625.7180238813,8066109.868015714
1628235379113265297,445595.9701240851,8065006.54497728
1628235379161262623,445610.836448273,8065546.832381854
1628235379238879665,445647.21612954536,8066873.707568686
1628235379371055735,445615.0059241628,8065679.6968964
1628235379508934887,445595.41601965943,8064949.143739327
1628235379563259991,445597.84237126284,8065032.248779754
1628235379707137938,445598.3818757845,8065038.406718659
1628235379767131285,445548.0408434858,8063186.8801719
1628235379905041348,445552.94983528083,8063352.968742824
1628235379965142243,445558.8707416404,8063563.994289342
1628235380115300294,445533.3625477781,8062613.05159422
1628235380181062453,445543.97790465376,8062996.011445247
1628235380307063357,445492.8872216163,8061108.98935592
1628235380367048236,445501.04552462755,8061401.807421164
1628235380505322182,445452.289824045,8059599.012537065
1628235380577285317,445462.65176560223,8059971.495474549
1628235380709207851,445481.8855999187,8060662.811083941
1628235380769189754,445388.05192267,8057214.634216188
1628235380907327480,445397.9060361,8057560.710374021
1628235380979379418,445401.1056488446,8057670.37329604
1628235381111222868,445342.41090996715,8055503.112822674
1628235381171221227,445343.3628367824,8055531.409009512
1628235381309107289,445283.6262692796,8053324.2187504275
1628235381381123570,445282.24513337854,8053265.749813702
1628235381507389664,445248.80340621655,8052024.215322553
1628235381579146711,445251.4943478806,8052116.172010352
1628235381711149825,445258.50178720424,8052357.403574876
1628235381771132635,445218.9133016792,8050897.96201109
1628235381909396317,445215.5527365641,8050758.665104653
1628235381975060524,445212.31394833187,8050632.960527976
1628235382119044181,445164.5925431926,8048865.686474092
1628235382173291890,445162.05418345536,8048765.571181556
1628235382311453114,445123.578535144,8047337.339121475
1628235382371416039,445119.28539066453,8047172.699386945
1628235382515320703,445086.88306517445,8045967.021104459
1628235382575291133,445080.4362982574,8045723.234742533
1628235382719297406,445069.67141271225,8045311.271073621
1628235382773195689,445058.91878000373,8044909.497238663
1628235382917291736,445076.139889468,8045524.380257041
1628235382977301143,445082.9978009882,8045768.674185562
1628235383115213802,445027.52620850963,8043715.473753951
1628235383175233746,445031.8195461289,8043865.559629908
1628235383313634874,444977.43822438444,8041851.895608538
1628235383385476510,444980.5075031316,8041955.68072328
1628235383517341974,444928.4750016171,8040029.408927155
1628235383637372836,444919.9513731664,8039701.0876828125
1628235383715559780,444911.76202892547,8039390.104317224
1628235383835486821,444846.8955021532,8036993.267153631
1628235383913328825,444836.2427455502,8036592.983432708
1628235384046288760,444771.64902103477,8034202.742877955
1628235384118253470,444762.90624695964,8033872.407258553
1628235384238584478,444749.3755039793,8033359.502044666
1628235384310385645,444681.56114315125,8030859.688274341
1628235384442278423,444667.5344714225,8030326.976866928
1628235384520267037,444602.65299586375,8027932.686655063
1628235384640288478,444591.3371719517,8027500.630748769
1628235384712207064,444585.9206037816,8027292.059092223
1628235384850410984,444508.42157215613,8024425.502131276
1628235384910419807,444505.32308275846,8024303.335142161
1628235385048246320,444427.6229592666,8021430.086675229
1628235385114195115,444426.74646136485,8021388.047673064
1628235385252450314,444342.278603851,8018264.024375689
1628235385312390772,444338.497144527,8018116.4953299565
1628235385444344282,444324.80488338025,8017594.609091087
1628235385510382404,444271.4155359942,8015622.095973382
1628235385648353169,444258.3104674894,8015121.425754488
1628235385714503930,444252.67137121846,8014903.843314674
1628235385846370341,444181.82110750134,8012280.067020042
1628235385918243705,444173.4696564775,8011962.603953179
1628235386044382973,444106.733063518,8009489.306495558
1628235386116254856,444095.4632807035,8009064.359889761
1628235386242508791,444020.292531095,8006280.287381882
1628235386314441978,444006.6597483285,8005768.222182644
1628235386446403831,443986.5306038395,8005007.898028347
1628235386518276925,443925.3302792413,8002746.0529669775
1628235386644538867,443915.2496965515,8002354.944425922
1628235386716612429,443912.2569887847,8002233.841141804
1628235386842684973,443831.7447506904,7999251.060730548
1628235386926428691,443824.2878209772,7998963.906346359
1628235387046534815,443750.6128766681,7996233.612671239
1628235387118579214,443741.2196061772,7995876.568205095
1628235387250326325,443679.1157522121,7993569.804400231
1628235387322478000,443665.98692921107,7993075.02424051
1628235387442461932,443638.78353433457,7992053.777711148
1628235387520358260,443597.0633060428,7990504.561813587
1628235387658343167,443569.29160902277,7989460.240419235
1628235387724380132,443558.6386699948,7989056.142502545
1628235387850489254,443555.49581227015,7988918.28395364
1628235387982622199,443558.5279635505,7989007.353000198
1628235388048639724,443515.969415313,7987428.1809536535
1628235388120644814,443513.143575163,7987311.810334539
1628235388240615606,443505.5702720277,7987011.679242308
1628235388372557246,443449.4926080561,7984923.32451591
1628235388450670695,443438.23283794324,7984494.183462558
1628235388582678623,443416.5478146438,7983671.848186892
1628235388642666716,443414.7575273174,7983594.850787502
1628235388780612035,443395.7222223718,7982867.634291811
1628235388852581219,443398.2880129784,7982948.947078934
1628235388978456899,443401.45580003026,7983042.853950425
1628235389044717831,443367.6513086402,7981784.645601801
1628235389182470274,443361.5549429387,7981535.156965312
1628235389254606066,443339.9620290184,7980724.074957524
1628235389386492884,443339.6855355039,7980688.486027453
1628235389452774624,443340.60537696886,7980708.573839419
1628235389584752071,443307.37930884445,7979458.839159312
1628235389656639471,443303.10049846454,7979287.225338207
1628235389783692842,443255.83712606324,7977519.997108831
1628235389843659071,443250.7597592677,7977320.869990476
1628235389975656302,443250.8123492281,7977296.632203263
1628235390047649003,443206.1171235268,7975635.328107807
1628235390185911189,443207.6195453674,7975662.476707466
1628235390245883499,443204.52589490265,7975536.4307058845
1628235390377703202,443137.6109488042,7973043.9039824465
1628235390449673899,443132.1329473517,7972827.948198017
1628235390587914106,443099.272040871,7971588.10915242
1628235390653705154,443098.00818923244,7971529.428455021
1628235390780713850,443063.0909383206,7970216.0867307
1628235390846740474,443056.96586946,7969976.178900654
1628235390984690287,443039.2000662046,7969295.0148819
1628235391050811954,443013.7838069379,7968343.975978665
1628235391188643389,443002.9377620205,7967917.756537179
1628235391248786600,442974.92787025793,7966870.77581766
1628235391380762626,442966.91747029417,7966548.820348713
1628235391458666310,442961.8916668991,7966349.135124479
1628235391578894481,442938.7320560098,7965468.245048133
1628235391656784376,442925.2082040202,7964955.078257797
1628235391794652287,442927.2160819275,7964999.744817115
1628235391842794726,442922.09930067393,7964800.621021107
1628235391986666566,442918.1420612008,7964625.329428935
1628235392052933310,442913.6107216673,7964443.083238148
1628235392190859741,442922.43908697704,7964738.944174362
1628235392316691570,442908.0774925292,7964183.819654074
1628235392382937769,442923.0734970522,7964721.87392857
1628235392454968854,442943.8924326242,7965474.596429091
1628235392586843058,442909.0388717778,7964161.579415478
1628235392724832801,442940.2840770347,7965283.572411859
1628235392784888513,442840.5811421162,7961593.858166525
1628235392922948382,442820.335177471,7960816.700562656
1628235392988873992,442809.8883786689,7960418.3006782755
1628235393126880866,442759.65711717156,7958534.685603973
1628235393186879175,442758.62808082765,7958483.581281803
1628235393330780729,442691.81857585197,7955987.897678583
1628235393385041827,442696.0230497492,7956129.793679675
1628235393523258111,442612.8367723882,7953029.142895712
1628235393588911315,442602.77509948466,7952644.516004392
1628235393715148697,442559.5655456835,7951020.958985328
1628235393792927088,442476.50767582527,7947939.4735425385
1628235393919060508,442423.73579581967,7945962.384696951
1628235393984839803,442406.881711851,7945326.755709076
1628235394128957070,442317.47361658164,7941991.849550483
1628235394189033231,442303.9707360765,7941479.757267562
1628235394326837607,442177.2221550514,7936769.26882893
1628235394386843709,442157.5244159402,7936028.161123119
1628235394530975862,442031.32943023235,7931332.312790316
1628235394590978627,442014.8263784835,7930708.973358029
1628235394717406121,441982.2421581032,7929475.505794152
1628235394782874853,441849.2737559021,7924548.078768378
1628235394932983938,441804.0730966407,7922843.266083126
1628235394987011088,441792.7522255579,7922413.432616184
1628235395124989532,441655.6170963752,7917311.238087327
1628235395185015126,441631.1783817234,7916393.843487816
1628235395328999913,441492.13393777644,7911219.104173146
1628235395394928981,441464.3481240051,7910175.310685057
1628235395526950155,441338.07000200305,7905473.165076975
1628235395581076655,441314.32177317614,7904580.661580175
1628235395730943318,441260.99689407734,7902575.228601224
1628235395785191850,441159.4994935353,7898804.6912659705
1628235395929082625,441107.27097214496,7896839.169135662
1628235395989066942,441084.9922753826,7896000.6086668745
1628235396127076362,440958.00727889605,7891266.4886083575
1628235396193206336,440926.98326313845,7890101.470576395
1628235396325150842,440812.8513524661,7885844.052828671
1628235396385147147,440781.6244434139,7884673.433190092
1628235396529063130,440652.0361408172,7879839.783609991
1628235396595253028,440611.50860024604,7878321.765133905
1628235396721034707,440548.6700557043,7875965.151687396
1628235396859023826,440422.8427169913,7871268.091519007
1628235396931123545,440386.46400121175,7869903.1174797155
1628235397057276168,440254.01820447546,7864961.470251904
1628235397129313937,440214.07344267383,7863463.724052296
1628235397261102216,440094.047735874,7858980.823682179
1628235397327219515,440048.70991581155,7857282.404949816
1628235397459172531,439967.08490689076,7854223.263807917
1628235397531031351,439893.11104652775,7851461.374917488
1628235397657294515,439837.97991157754,7849384.711960423
1628235397735181441,439808.31395283435,7848267.122439455
1628235397849231925,439672.7650259053,7843205.972383713
1628235397933140820,439621.1592187763,7841270.799301451
1628235398059318395,439489.4946262456,7836349.708054127
1628235398137218485,439441.60063008574,7834554.038535295
1628235398263125612,439359.2733239389,7831464.448325743
1628235398335129434,439324.58186642756,7830158.942010729
1628235398461466365,439259.0763013592,7827694.071576441
1628235398533366105,439221.5516901296,7826282.660862036
1628235398659117471,439156.4032166627,7823832.77581833
1628235398725173146,439123.73338623066,7822601.834701
1628235398863270907,439101.47918492206,7821741.576706299
1628235398935159486,439090.8330906739,7821329.478221153
1628235399061297115,439011.2370573241,7818341.5521351015
1628235399127178328,438985.4331642933,7817365.616602352
1628235399253348322,438941.24816169194,7815691.711036698
1628235399331646482,438904.93095517094,7814322.255425038
1628235399457221104,438846.2241961768,7812110.500153316
1628235399535438051,438835.2055682705,7811682.093161613
1628235399655454882,438784.49601827626,7809767.717060965
1628235399727351234,438757.6784937826,7808753.755861095
1628235399859232534,438739.8587760418,7808060.539631775
1628235399931486729,438723.11508980667,7807421.45200406
1628235400063397086,438646.0383655681,7804520.851402599
1628235400141291055,438627.2283650173,7803804.7889202535
1628235400255427413,438537.6445757771,7800442.23416644
1628235400327490690,438516.9614692422,7799656.274709468
1628235400471524027,438481.101092529,7798289.291746909
1628235400525704192,438415.497069056,7795832.50582149
1628235400669415922,438394.88544052903,7795033.175098574
1628235400729408702,438386.01701003785,7794689.303494621
1628235400867587748,438271.65437192534,7790397.811700035
1628235400933434401,438248.97787146777,7789539.430420762
1628235401059484881,438144.5219348746,7785618.193624961
1628235401191578774,438076.37067811406,7783049.0386272045
1628235401269795620,438022.1790679142,7781010.950563332
1628235401329522433,438000.4019607444,7780185.688680186
1628235401461445651,437964.8288014896,7778830.374161589
1628235401593546008,437879.2454347739,7775609.964449838
1628235401665511427,437866.01159584866,7775100.798067171
1628235401791537646,437769.53478611144,7771473.804099169
1628235401863479899,437745.4266444551,7770558.9147755755
1628235401995420521,437683.5616869317,7768222.061433918
1628235402061618073,437602.04188465694,7765165.177411089
1628235402193629698,437553.8321231426,7763337.352378936
1628235402259480098,437455.9628984708,7759671.377573249
1628235402397486514,437410.14654395374,7757930.062732846
1628235402463658836,437378.7876578471,7756743.843673548
1628235402595637222,437199.0222343891,7750002.844199425
1628235402661572429,437140.6174601724,7747805.897936804
1628235402793594030,437041.3416916892,7744068.215303301
1628235402865567503,436997.7340123578,7742423.431995681
1628235403003591721,436942.50232022034,7740330.867228264
1628235403063623663,436879.86211866833,7737974.188825017
1628235403195630537,436830.69728515204,7736107.778298436
1628235403267600916,436736.51883164054,7732571.480045431
1628235403405574123,436664.7209513571,7729858.190872444
1628235403459596975,436628.9138405999,7728505.915218803
1628235403597745650,436528.0626727482,7724702.716670669
1628235403675589570,436489.20608078386,7723233.713457702
1628235403801604646,436373.0332372985,7718858.250498611
1628235403861575400,436329.37784083106,7717211.368437447
1628235403993532140,436243.1215573936,7713954.461242143
1628235404065693741,436192.414992075,7712038.785397664
1628235404197709341,436156.837213278,7710678.3622565
1628235404263632716,436073.87981153675,7707558.6686441535
1628235404389778392,435971.9800527859,7703713.92662238
1628235404461808546,435909.14311840787,7701344.918473356
1628235404599891884,435775.93084077013,7696322.881215565
1628235404659723881,435747.8094119402,7695256.027380892
1628235404791709851,435635.2465030331,7691008.014409885
1628235404869831960,435604.0191293818,7689819.929087237
1628235404995721950,435549.52194358944,7687750.646454807
1628235405061778016,435493.747696488,7685643.781573828
1628235405199735547,435430.31578337925,7683236.772880351
1628235405271828778,435420.8154284868,7682862.031236133
1628235405403836504,435380.0520030381,7681304.814070137
1628235405529820276,435283.7120006032,7677664.257210315
1628235405595770092,435259.2294515553,7676732.7540213065
1628235405667635332,435227.85815311363,7675540.580520862
1628235405805885390,435125.01127803064,7671652.064103714
1628235405931920327,435056.55642439297,7669054.889366488
1628235405997696940,435031.2520048592,7668092.471836061
1628235406135778799,434964.5737584163,7665559.434900431
1628235406195783527,434933.2716906726,7664371.395384417
1628235406333909789,434836.80185346055,7660719.441582784
1628235406394124743,434800.29658252106,7659335.682636725
1628235406537828088,434703.24768225284,7655661.076905725
1628235406597833224,434673.00004709384,7654512.050203876
1628235406741811472,434610.7730174261,7652144.473184941
1628235406795969378,434512.96037417534,7648455.885610142
1628235406940159125,434448.3507602889,7645997.789726626
1628235406999862545,434419.3301974408,7644894.16639626
1628235407138004609,434320.4614788717,7641147.670044914
1628235407203844703,434292.51951473794,7640084.288512684
1628235407335942022,434205.77562650386,7636792.236498509
1628235407407918478,434176.39251845353,7635672.224079241
1628235407540036154,434097.2030891182,7632665.987768196
1628235407600035850,434076.84630842105,7631887.4312478425
1628235407737837606,434038.1550254692,7630404.1999993175
1628235407804071678,433997.8450807532,7628872.717859158
1628235407941930689,433949.5250930436,7627024.707429201
1628235408001912761,433926.46940002375,7626144.289538419
1628235408140026478,433898.56545519724,7625064.993129994
1628235408211982712,433883.15830330015,7624470.346347188
1628235408343941358,433869.8168891124,7623940.615810591
1628235408397877996,433869.09974944615,7623903.136389025
1628235408542092624,433820.80481796735,7622053.326306954
1628235408602053303,433808.69271638116,7621584.678815573
1628235408739928890,433768.74331969605,7620053.094610245
1628235408800073867,433754.6969510906,7619509.556049632
1628235408944123051,433699.90295833454,7617416.614023492
1628235408998141196,433678.1133336697,7616585.424149745
1628235409142032069,433660.2463566532,7615880.7469216455
1628235409202070125,433636.65617712826,7614979.529906577
1628235409346030570,433619.20700014906,7614292.687589311
1628235409406030405,433598.9852929983,7613518.26433251
1628235409544194636,433595.8497033356,7613372.637065152
1628235409598135706,433580.7809260386,7612792.296227126
1628235409742055797,433548.1345206586,7611532.777955403
1628235409814047445,433538.68544666655,7611161.745715883
1628235409934170448,433506.155389688,7609908.529319403
1628235410066248654,433478.8161127338,7608850.644363313
1628235410144116462,433449.1797202029,7607716.815302184
1628235410270074185,433419.1936145426,7606561.083259525
1628235410336179688,433399.2711326188,7605795.354539595
1628235410468269625,433369.77268623025,7604655.914047626
1628235410546179838,433350.3530999324,7603906.6618317515
1628235410666156475,433331.82652264985,7603182.7838424295
1628235410738401701,433320.0544578825,7602724.109242544
1628235410870250902,433278.0922424188,7601114.155957549
1628235410942248442,433263.66331042553,7600555.213676886
1628235411068186456,433231.78842959995,7599325.289978807
1628235411140195513,433223.49509085185,7598997.6596981
1628235411278074542,433185.6541709641,7597542.61920563
1628235411350296418,433177.51158661477,7597218.495928903
1628235411470321636,433156.9932039431,7596419.04280689
1628235411548189069,433125.5118935356,7595216.399233026
1628235411674204983,433099.01188409893,7594189.117619776
1628235411746124004,433091.0023151894,7593872.119085695
1628235411878211209,433085.697005976,7593644.111570691
1628235411944296105,433092.49124880525,7593885.642455545
1628235412070269730,433021.1014576476,7591164.360543097
1628235412148226354,433016.2266975306,7590965.621938635
1628235412274359263,432980.190420202,7589577.9341370715
1628235412346323905,432966.6779444467,7589053.226905265
1628235412478130415,432939.88160303765,7588014.524476266
1628235412544299692,432936.2070177644,7587860.9372875625
1628235412676235477,432925.8749553116,7587443.717873955
1628235412748425627,432922.8479548694,7587314.819078817
1628235412874332344,432901.67125623696,7586488.026847463
1628235412946308544,432906.3166302772,7586648.821552429
1628235413072262507,432851.66406689683,7584560.707323848
1628235413144388970,432837.9675147949,7584027.045701302
1628235413276451131,432800.77269449795,7582595.519399415
1628235413348402070,432791.0591241149,7582214.346628725
1628235413468502681,432785.4471577372,7581977.813521453
1628235413546425418,432741.89444514335,7580316.824592531
1628235413672478908,432737.6370165744,7580131.581340696
1628235413750442490,432692.317451881,7578403.467599705
1628235413870451635,432672.4115567302,7577627.309698159
1628235413948392049,432652.40883428993,7576855.596071511
1628235414080347236,432618.4656243543,7575546.615946531
1628235414140480156,432607.00053099834,7575101.429208704
1628235414278400614,432571.4582688974,7573730.345476066
1628235414410427798,432563.67349313496,7573410.262956996
1628235414476388368,432567.4801757351,7573542.170861212
1628235414548499801,432513.52011879924,7571487.334917366
1628235414668505318,432491.73327058373,7570640.335150269
1628235414806301411,432436.3539517884,7568521.5600986695
1628235414884418963,432415.43363864487,7567715.227381404
1628235414950526253,432397.8309519202,7567036.241295627
1628235415076347762,432387.46730791545,7566620.786959439
1628235415202529525,432366.5898175152,7565806.476823981
1628235415412486588,432313.3339897125,7563752.410103272
1628235415478354529,432300.3004012256,7563248.1809200095
1628235415604550574,432279.30249088246,7562429.356064672
1628235415682459305,432269.60214106576,7562049.334494408
1628235415814526130,432239.40731848887,7560880.845284733
1628235415874508465,432231.35872306954,7560565.188477792
1628235416006642088,432204.14957471716,7559511.503014462
1628235416084558093,432199.77236092644,7559330.97391424
1628235416204562470,432194.62066171656,7559113.687506378
1628235416276568657,432176.80088565126,7558426.708875422
1628235416408538774,432164.88519803877,7557951.864541896
1628235416480495552,432156.1651652845,7557609.048680137
1628235416618653501,432126.13604503893,7556446.995985418
1628235416666738360,432116.6470153604,7556078.778379024
1628235416810547797,432109.9968943453,7555801.246706071
1628235416888685517,432108.8254292871,7555742.188726179
1628235417020671384,432101.1638566153,7555428.331700696
1628235417080657258,432103.1607037976,7555492.819342954
1628235417206615383,432102.404480459,7555440.212427124
1628235417278687742,432089.4735514237,7554938.059170301
1628235417416493965,432088.0279248529,7554859.409702782
1628235417476485684,432091.9496716478,7554996.736912131
1628235417608665120,432103.24304776744,7555398.227024525
1628235417686549478,432098.7364711935,7555214.830121572
1628235417812599317,432080.37278410164,7554496.276627012
1628235417878745019,432072.1610017407,7554172.808023871
1628235418016792302,432089.42137645686,7554801.906145695
1628235418082686783,432097.02041016717,7555076.72658375
1628235418214645680,432111.1909117664,7555589.324663092
1628235418274667548,432092.2665661082,7554862.222870985
1628235418412752463,432090.8833551403,7554784.6886535315
1628235418490533358,432084.3701754652,7554525.688820436
1628235418610866318,432081.57433525135,7554396.442680602
1628235418682723423,432079.66846146254,7554311.875265112
1628235418814805678,432092.14288283826,7554760.721979804
1628235418886825264,432101.60068946413,7555106.229759838
1628235419024767964,432089.5774373139,7554626.470302113
1628235419150587352,432113.20458950684,7555499.494573135
1628235419210710533,432125.30255307636,7555946.78282669
1628235419282816146,432109.94479863404,7555351.645694259
1628235419420674949,432126.33066249546,7555949.148997199
1628235419546785929,432101.2923161287,7554979.311144845
1628235419606792733,432100.42228778504,7554936.094476735
1628235419756870258,432076.2867174226,7553997.081253084
1628235419816914728,432071.8287403922,7553818.150901925
1628235419948880488,432070.4986770287,7553745.747744944
1628235420008820779,432043.0763301654,7552697.633361543
1628235420158884908,432050.1536112815,7552940.210154468
1628235420218910918,432049.43160639144,7552902.786855281
1628235420350929458,432005.6063948626,7551222.230514981
1628235420410905091,431999.3183710108,7550974.208429918
1628235420548855187,431975.91340627405,7550064.750705185
1628235420620946445,431969.9481967513,7549827.383990634
1628235420752965147,431949.48574416863,7549031.239980325
1628235420812961756,431945.44309482415,7548868.414639103
1628235420950890490,431937.15441235626,7548531.946278616
1628235421022861271,431920.3309405039,7547883.481470116
1628235421148967857,431915.86796218395,7547693.7026908295
1628235421214742978,431911.33435856306,7547512.488580025
1628235421353908755,431885.08660019754,7546496.420511895
1628235421425816881,431873.78340485104,7546057.385955837
1628235421552019248,431861.39176306257,7545567.615491177
1628235421612007807,431854.2218039292,7545286.750005586
1628235421755914773,431836.2396223568,7544583.910064355
1628235421822181729,431830.31541465,7544348.750808254
1628235421959855543,431819.02407652314,7543901.154205595
1628235422014036122,431816.2855194192,7543788.20911401
1628235422157920788,431810.6470646134,7543553.41480399
1628235422217942641,431810.2419354879,7543529.013750624
1628235422361864645,431806.7019967826,7543373.861264828
1628235422415972999,431813.7730317919,7543632.736941973
1628235422554186908,431798.47903509013,7543032.446960218
1628235422614095836,431800.8093348587,7543111.843247185
1628235422757986823,431784.6637307985,7542479.638740509
1628235422817953473,431780.5017560094,7542313.2277218755
1628235422961996945,431761.03556287044,7541555.51615001
1628235423016179952,431770.3217199485,7541898.603757076
1628235423166028047,431762.99350567884,7541599.52784142
1628235423220025973,431765.3184662151,7541680.493093293
1628235423358127151,431777.5869289399,7542125.270656145
1628235423483903509,431793.01447126566,7542692.874603143
1628235423555963597,431777.7311335631,7542104.258950541
1628235423688074594,431791.41286641126,7542603.327451264
1628235423760042096,431781.4416019549,7542216.008121732
1628235423886034139,431797.22368253453,7542797.749864025
1628235423951934673,431807.762446132,7543187.660495632
1628235424084069873,431808.4819876086,7543197.746576997
1628235424156094530,431816.99246087024,7543511.018674157
1628235424282109298,431822.4240992656,7543699.973263968
1628235424360209440,431827.3077824976,7543874.821831477
1628235424480169433,431832.4722143984,7544055.433555376
1628235424564101769,431842.23027830716,7544415.023450237
1628235424684111221,431849.89276662486,7544690.636974487
1628235424762226619,431857.8777376348,7544983.420728491
1628235424894235141,431864.3188870323,7545211.998174237
1628235424960072549,431867.72538439836,7545334.020388422
1628235425092189471,431885.95976455224,7546008.533316616
1628235425164251791,431893.7534665531,7546295.817900402
1628235425296302269,431897.07500960166,7546407.0725744525
1628235425356242290,431901.30555942917,7546560.744737595
1628235425488050550,431910.87516587635,7546909.224926682
1628235425554216035,431918.087129298,7547174.852318298
1628235425698051876,431924.9605246866,7547420.703956026
1628235425758092892,431931.9681147721,7547680.061071758
1628235425890140666,431946.1497687284,7548204.2491648095
1628235425962099572,431954.06975486473,7548497.381418527
1628235426088182992,431969.27541660407,7549060.899786581
1628235426160092054,431980.67923641455,7549486.264523209
1628235426292156197,431988.9606615625,7549788.056781642
1628235426358339202,431996.11843823735,7550052.941818079
1628235426490397981,432009.6634723437,7550554.703944011
1628235426556378121,432011.4013554134,7550614.703961053
1628235426688358765,432026.1137191972,7551161.297164532
1628235426760394344,432027.7653697489,7551218.347725227
1628235426892260127,432042.77663114195,7551776.820253647
1628235426964276435,432049.5292243217,7552027.303375771
1628235427090281586,432054.2841294592,7552198.035025808
1628235427162148978,432058.012645658,7552334.329841189
1628235427294172862,432071.48454892176,7552835.669619933
1628235427360367317,432077.0880213957,7553043.236334216
1628235427492295261,432089.9948648409,7553523.609844833
1628235427564207585,432099.1735343874,7553866.99712649
1628235427690460999,432111.1401427114,7554312.293617478
1628235427762467072,432119.64647901023,7554630.435936507
1628235427882451310,432131.0714636188,7555056.281271306
1628235428026235762,432141.0052505081,7555425.04514982
1628235428092484939,432148.2671685517,7555696.36442948
1628235428164410593,432156.16994027095,7555992.0257495865
1628235428290269951,432166.2778170189,7556369.188680891
1628235428416373542,432179.6891132509,7556870.957668285
1628235428488387307,432189.25962464674,7557230.185062233
1628235428626291461,432198.45339660655,7557572.589350681
1628235428686556847,432203.4867140992,7557760.759468013
1628235428824312017,432214.909181657,7558188.520945939
1628235428896395754,432224.93046737404,7558565.022215678
1628235429028283619,432234.58732179744,7558926.588130155
1628235429088300171,432240.4554938659,7559146.860521148
1628235429214588299,432252.8876077168,7559613.713926429
1628235429292334937,432264.29875225195,7560044.002850713
1628235429424795133,432278.7817928686,7560588.825805954
1628235429490341729,432284.95025784255,7560820.977635459
1628235429622377501,432310.3163983972,7561778.845947045
1628235429694701161,432316.74183328834,7562020.6710738065
1628235429826490685,432342.423286426,7562990.578832414
1628235429898481093,432350.71188009414,7563303.358039048
1628235430018646954,432373.50319537043,7564164.578460355
1628235430102524570,432381.73528362124,7564475.39166898
1628235430222396643,432395.8100961492,7565007.144219216
1628235430294380817,432416.1565732004,7565776.818044635
1628235430420560439,432432.0611796858,7566378.090182444
1628235430492413326,432443.87709044846,7566824.912299069
1628235430630658117,432470.67412709416,7567838.620746796
1628235430690562734,432478.59795346006,7568138.167856075
1628235430822551560,432496.0813480895,7568799.500030498
1628235430889075984,432497.87993415503,7568867.344537205
1628235431032645983,432518.0332905849,7569629.899635942
1628235431092693196,432521.367310185,7569755.88925649
1628235431219064351,432528.2581463941,7570016.266071385
1628235431296587585,432537.60716569825,7570370.424988961
1628235431428456242,432541.4245508967,7570514.644792372
1628235431500513059,432543.7804710544,7570603.669386207
1628235431626544461,432549.76449801354,7570830.749243977
1628235431698481539,432549.8612544897,7570834.389941447
1628235431824618465,432573.6140645731,7571732.822116285
1628235431896543599,432573.8445500498,7571741.538569726
1628235432028595701,432597.82111941115,7572648.369118395
1628235432094661097,432597.97431682196,7572654.162376287
1628235432226629186,432598.32241241453,7572667.316785952
1628235432298644843,432621.2855067354,7573535.774452124
1628235432430538343,432621.84871472884,7573557.060700331
1628235432496757043,432622.2448721514,7573572.022188131
1628235432634697914,432648.277078735,7574556.452293126
1628235432766784856,432675.3223699934,7575579.124295
1628235432826767245,432675.5353399456,7575587.176415596
1628235432970699245,432676.1257522623,7575609.4991265
1628235433036748777,432703.403028468,7576640.888711369
1628235433168850455,432703.2596331691,7576635.467475943
1628235433228715667,432703.25845180836,7576635.414320639
1628235433372723336,432734.7087413446,7577824.472720551
1628235433432707990,432734.79984530096,7577827.900847659
1628235433570730518,432763.72299599106,7578921.344731645
1628235433624735191,432763.73072920844,7578921.637053829
1628235433768857375,432793.76534081256,7580057.0171248065
1628235433828860254,432793.82650793163,7580059.329130167
1628235433972770272,432794.06774520787,7580068.444275566
1628235434020820752,432825.03119579086,7581238.8512411835
1628235434170910067,432825.0860393754,7581240.924076019
1628235434236657122,432825.1805099356,7581244.485093313
1628235434374798474,432856.2203354011,7582417.683784241
1628235434422890968,432856.3936664862,7582424.221184867
1628235434560851253,432887.09710315143,7583584.612163595
1628235434632814368,432887.2722067239,7583591.229305693
1628235434764956280,432917.5079494142,7584733.869607173
1628235434824942488,432917.5121690827,7584734.029056562
1628235434974987105,432917.683894836,7584740.51332842
1628235435034837297,432947.9676882131,7585884.882305689
1628235435166724466,432948.00285467267,7585886.211052126
1628235435226803782,432948.0873101025,7585889.400042101
1628235435364897713,432978.3595532191,7587033.23882183
1628235435430857124,432978.5766135159,7587041.423898175
1628235435568747241,433008.8350029084,7588184.652762443
1628235435628805303,433008.92082151683,7588187.894911179
1628235435772765798,433039.2866129204,7589335.111341674
1628235435833050106,433039.35977506853,7589337.875143762
1628235435964938103,433039.7115163427,7589351.162653902
1628235436030787783,433070.5560075468,7590516.371717467
1628235436169027022,433071.1047647816,7590537.100257671
1628235436234783888,433071.3968436877,7590548.128901283
1628235436372970231,433104.119930185,7591784.188512797
1628235436432822111,433104.3581622516,7591793.170880418
1628235436570821851,433134.98135195085,7592949.825573244
1628235436642834114,433134.9616499709,7592949.081470007
1628235436769103025,433165.5859859193,7594105.710926837
1628235436901097906,433166.10671927204,7594125.376535162
1628235436972979588,433166.46841822274,7594139.03616063
1628235437099029519,433197.6174755626,7595315.385760516
1628235437170994675,433197.6174755626,7595315.385760516
1628235437309111136,433231.22997064405,7596584.670247071
1628235437375010789,433231.3679160254,7596589.878988552
1628235437501044387,433231.7592507326,7596604.628211986
1628235437573016324,433263.17434547865,7597790.840105492
1628235437704889564,433263.40661806025,7597799.609935848
1628235437771184041,433295.44505563844,7599009.262625356
1628235437897101491,433295.80475375004,7599022.842591238
1628235437974914793,433296.1546113179,7599036.050503069
1628235438106915434,433328.21693002654,7600246.501928375
1628235438178916329,433328.3225247124,7600250.488224601
1628235438305193299,433362.00937204977,7601522.170692588
1628235438376970773,433362.1833068846,7601528.734800917
1628235438503106942,433395.9723105389,7602804.1394093335
1628235438575072740,433396.2997065774,7602816.496959025
1628235438695214689,433396.9073261327,7602839.431508638
1628235438779092854,433430.85959839675,7604120.923562279
1628235438905139699,433431.16378492746,7604132.404139545
1628235438965172385,433431.35178921185,7604139.499774169
1628235439109048806,433466.08584045625,7605450.385915082
1628235439169106899,433466.25414279965,7605456.737446497
1628235439307276315,433499.59946877527,7606715.112149783
1628235439379152772,433499.7727141674,7606721.6497174995
1628235439499153408,433500.3134563038,7606742.033094372
1628235439577093362,433534.85469398624,7608045.428313258
1628235439697292045,433535.2216385701,7608059.274155842
1628235439769290489,433571.1041801686,7609413.164611106
1628235439907063421,433571.35282215814,7609422.545780074
1628235439979192455,433571.6592225438,7609434.10614422
1628235440099293693,433607.8957166023,7610801.233079622
1628235440177206899,433608.135926964,7610810.29535443
1628235440303218898,433643.5782425184,7612147.340540364
1628235440369235098,433643.9748695117,7612162.302615195
1628235440501408192,433644.72475056007,7612190.579068865
1628235440579362031,433680.9085782733,7613555.477364511
1628235440705243726,433681.0149653215,7613559.490288898
1628235440771446662,433717.20697505446,7614924.576454726
1628235440903260562,433717.58182770776,7614938.714724055
1628235440987120508,433717.8918564673,7614950.408029662
1628235441101400721,433754.0807252471,7616315.256885848
1628235441239139098,433754.7924434438,7616342.09837401
1628235441305269114,433790.10003367614,7617673.596516043
1628235441371638995,433790.43196182186,7617686.113701956
1628235441503421881,433826.3331546145,7619039.857534559
1628235441641223974,433826.48609411647,7619045.624483587
1628235441707295466,433826.65101511544,7619051.8432212835
1628235441845326487,433861.5896927659,7620369.2065712605
1628235441911202161,433861.72290912934,7620374.229404412
1628235443105326617,434036.3843031536,7626958.201570486
1628235443231420311,434037.0062337482,7626981.641610691
1628235443309403166,434067.6641194387,7628137.034259145
1628235443441553098,434068.28609538334,7628160.474326502
1628235443513436490,434100.6024633556,7629378.268919493
1628235443639490337,434100.62291536666,7629379.039625586
1628235443711460066,434100.702607695,7629382.042721752
1628235443843331775,434132.1037444439,7630565.2632670095
1628235443903456867,434132.1044497374,7630565.289843114
1628235444041577377,434163.198316804,7631736.844837732
1628235444101527071,434163.3146986604,7631741.229899803
1628235444245486399,434163.728736187,7631756.830090478
1628235444311622008,434194.0454823026,7632899.0197917335
1628235444443612104,434194.61050413176,7632920.307299326
1628235444503625377,434224.01590199064,7634028.082132217
1628235444641624191,434224.19790663366,7634034.938790145
1628235444701559805,434224.3545153416,7634040.838705144
1628235444833583784,434253.2343729864,7635128.735737101
1628235444905640868,434253.3133881054,7635131.712273981
1628235445043571312,434281.6760057722,7636200.050346328
1628235445103597497,434281.7063439347,7636201.19312508
1628235445235560161,434281.94763823313,7636210.282202633
1628235445313685260,434309.65813066816,7637253.985192598
1628235445445615145,434310.14286744327,7637272.2430953635
1628235445505599171,434336.5590115681,7638267.126497394
1628235445637579393,434337.04589545843,7638285.464147188
1628235445715759564,434337.4057665132,7638299.018062462
1628235445847738809,434363.0875899096,7639266.183351513
1628235445985503601,434363.2477774375,7639272.216178398
1628235446039774996,434387.934656526,7640201.856576284
1628235446183498768,434388.2529329355,7640213.84251207
1628235446243545950,434388.39830982126,7640219.3172411
1628235446381630039,434412.6053429584,7641130.833409184
1628235446441633285,434412.9229317875,7641142.792779483
1628235446579653815,434436.75232730334,7642040.038242949
1628235446651663843,434436.7925574558,7642041.553097857
1628235446777778341,434459.5638712264,7642898.908134813
1628235446843679113,434459.68315640156,7642903.399550519
1628235446981666378,434460.2160580296,7642923.464751095
1628235447041696241,434482.4662760106,7643761.153956081
1628235447179852474,434482.87497302267,7643776.541718794
1628235447245574394,434483.1580259291,7643787.198874104
1628235447383719451,434504.86519818794,7644604.398327971
1628235447443694807,434505.1906196952,7644616.650080031
1628235447581849688,434526.7916612578,7645429.810567782
1628235447641862044,434526.9526153699,7645435.870007508
1628235447791790777,434547.6821850978,7646216.182577802
1628235447845746082,434547.79019897874,7646220.248783895
1628235447983741895,434548.22296074586,7646236.5401849365
1628235448049762917,434567.9076116915,7646977.480234769
1628235448181677437,434568.05057791533,7646982.8619821295
1628235448247648283,434568.7114001852,7647007.7376147425
1628235448385786557,434586.01472875464,7647659.00894837
1628235448445803846,434586.20288723044,7647666.091598378
1628235448589695544,434605.0398757305,7648375.061071826
1628235448655912846,434605.0871821794,7648376.841701774
1628235448787806535,434623.2065910979,7649058.769990748
1628235448847820084,434623.4286583201,7649067.128326473
1628235448991789041,434623.81559925235,7649081.69229477
1628235449045937654,434640.7911871122,7649720.540380363
1628235449183792116,434640.85756282124,7649723.038580882
1628235449243844561,434640.89039761724,7649724.274392844
1628235449387832893,434658.9647749084,7650404.449518958
1628235449447861247,434659.09329496516,7650409.28646362
1628235449579990328,434675.64130945056,7651031.9900687495
1628235449640001225,434675.8927100138,7651041.451350929
1628235449789887931,434691.1045129701,7651613.8457395565
1628235449849864121,434691.2309239111,7651618.602959968
1628235449981768454,434691.4939859035,7651628.502762291
1628235450119998477,434705.6678762169,7652161.816491099
1628235450180020682,434705.8193625611,7652167.517185643
1628235450251906164,434720.292505155,7652712.0731285075
1628235450384050126,434720.53157208534,7652721.069334294
1628235450450050329,434720.8624522338,7652733.520508458
1628235450582043608,434735.35015218315,7653278.608287267
1628235450713873105,434735.88162677945,7653298.607249233
1628235450779985612,434750.348664277,7653842.898026094
1628235450912042556,434750.9419587301,7653865.222461049
1628235450984171994,434751.2816907993,7653878.005857951
1628235451116047039,434766.32845556655,7654444.089854272
1628235451182012778,434766.84866671637,7654463.663611352
1628235451313970942,434780.39109861007,7654973.126189848
1628235451385918865,434781.0826169513,7654999.144815934
1628235451512033930,434794.62583037175,7655508.620948731
1628235451584062913,434794.8229088304,7655516.035862312
1628235451716017221,434795.5741388274,7655544.300237687
1628235451793939089,434808.7575801686,7656040.222489559
1628235451914153557,434809.21144057304,7656057.298061107
1628235451991978141,434809.5558096781,7656070.254234264
1628235452124052988,434822.62837146665,7656561.990898437
1628235452196040389,434822.7841370217,7656567.851078074
1628235452316156727,434836.0729941972,7657067.707187881
1628235452394060145,434836.16836379695,7657071.2950547235
1628235452520080507,434849.3985434798,7657568.932248679
1628235452586149549,434849.2604299883,7657563.736483439
1628235452718287124,434849.16011228797,7657559.962577247
1628235452789996977,434862.1169908811,7658047.301489375
1628235452922120757,434862.3105674237,7658054.583537183
1628235452988307242,434862.57726517343,7658064.616285616
1628235453120121895,434875.4327641277,7658548.1283744965
1628235453192083101,434875.65743281704,7658556.579806366
1628235453318238491,434888.46288130584,7659038.191880123
1628235453390272965,434888.74407883076,7659048.769463423
1628235453510280949,434902.0617094753,7659549.636701782
1628235453588491614,434901.9306448001,7659544.706695096
1628235453720286982,434901.70808223425,7659536.334985673
1628235453792271609,434914.6505663342,7660023.0768560665
1628235453912377818,434915.0529573282,7660038.21238237
1628235453984163700,434915.33558511385,7660048.843129685
1628235454128056556,434928.5170282524,7660544.554937697
1628235454194109527,434928.6890831972,7660551.026408296
1628235454314338853,434944.92115462606,7661161.45762511
1628235454386220300,434945.1440925159,7661169.842636197
1628235454524226580,434958.4964210597,7661671.946729871
1628235454584230045,434958.2907890196,7661664.212848992
1628235454716195893,434958.01237328467,7661653.741546453
1628235454854372762,434971.34987394535,7662155.274472976
1628235454926234792,434971.7123908036,7662168.908434467
1628235455052527406,434985.2432195099,7662677.697115817
1628235455118142902,434985.44815753994,7662685.404427368
1628235455250168757,434986.06862567895,7662708.738977865
1628235455322203654,435000.1550834746,7663238.4041186655
1628235455454349298,435000.9317549208,7663267.612187956
1628235455514301669,435014.2393444851,7663767.976517083
1628235455652279666,435014.5867021874,7663781.039095173
1628235455718460706,435014.8284039456,7663790.128417157
1628235455850311302,435028.2169717055,7664293.522775852
1628235455922324581,435028.9184237259,7664319.900426821
1628235456048334994,435041.6372914927,7664798.100059401
1628235456120300312,435041.8751209282,7664807.043216903
1628235456246579824,435042.42675849714,7664827.786558748
1628235456318381300,435055.17153047497,7665306.943197288
1628235456450370046,435055.8383926349,7665332.018600956
1628235456528484258,435067.7065453733,7665778.206690065
1628235456660468523,435068.3564630099,7665802.644256787
1628235456720522090,435068.6699364075,7665814.431163835
1628235456846709039,435079.9800493466,7666239.623608889
1628235456924391162,435080.0016078337,7666240.43420825
1628235457062506062,435091.3416330119,7666666.743066379
1628235457122509104,435091.6254349641,7666677.413747647
1628235457254415018,435102.29684293794,7667078.580902769
1628235457320460846,435102.44387225824,7667084.108929134
1628235457464350571,435103.046127489,7667106.752575885
1628235457524349534,435114.850768192,7667550.509634465
1628235457644562858,435115.1501369941,7667561.765020243
1628235457716329438,435115.437488823,7667572.56859608
1628235457854452084,435128.239562974,7668053.812818411
1628235457914457479,435128.50783670496,7668063.898818371
1628235458052603116,435141.7903277785,7668563.189111684
1628235458124624312,435141.6153613331,7668556.6112824315
1628235458256639562,435152.63659300416,7668970.881675428
1628235458316496749,435152.5860458857,7668968.981412889
1628235458454594067,435152.49060728634,7668965.393504608
1628235458526652819,435165.6025737148,7669458.252577391
1628235458658494339,435166.59799372253,7669495.673150391
1628235458718521797,435167.14413243544,7669516.203969605
1628235458856527184,435180.67299837,7670024.717231093
1628235458928450536,435180.6772403575,7670024.876693848
1628235459060544931,435194.3521419914,7670538.865097111
1628235459186559262,435195.042547503,7670564.817673505
1628235459258536150,435208.6085904116,7671074.700177163
1628235459330435843,435208.93170913105,7671086.845935979
1628235459468722856,435209.6461770787,7671113.702149364
1628235459594444927,435224.4988398084,7671671.928790982
1628235459648628583,435224.7919197862,7671682.945027169
1628235459798718907,435239.74548781797,7672244.945936604
1628235459858685369,435239.85720852664,7672249.14513148
1628235459996759201,435240.26131246664,7672264.333991576
1628235460050732555,435255.2005434729,7672825.77709636
1628235460200625620,435255.4522775057,7672835.238578764
1628235460254612368,435255.6127933829,7672841.271602704
1628235460392768792,435272.78645517735,7673486.672437389
1628235460452722183,435273.1375533828,7673499.868024543
1628235460602644490,435289.7516555442,7674124.220107433
1628235460662636456,435289.96875784214,7674132.37931739
1628235460794532580,435306.3745850859,7674748.878203788
1628235460854514242,435306.4898587264,7674753.210295072
1628235460998556329,435306.89720631146,7674768.518789561
1628235461064665660,435322.72685334977,7675363.344298783
1628235461202779602,435322.69785706693,7675362.254631006
1628235461256610099,435340.24529621896,7676021.610114462
1628235461394827388,435340.58937570703,7676034.539961147
1628235461460972479,435340.83443967917,7676043.748988741
1628235461598722305,435358.0465742201,7676690.48069205
1628235461652768233,435358.1257899427,7676693.457349313
1628235461796840796,435375.8358935948,7677358.873308742
1628235461868742898,435375.7358089954,7677355.112618805
1628235462000739588,435375.688772778,7677353.345227424
1628235462054894377,435392.936153343,7678001.353462486
1628235462198626876,435392.9018473937,7678000.064461952
1628235462258678745,435409.8874816596,7678638.212905552
1628235462396815115,435410.1481462511,7678648.006657943
1628235462456798962,435410.3380742799,7678655.142675686
1628235462600913360,435428.4918685609,7679337.157464405
1628235462666945864,435428.4002607577,7679333.715695661
1628235462798939840,435447.5204077221,7680052.009059178
1628235462858994716,435447.608482362,7680055.31794339
1628235462997076195,435448.048148398,7680071.835787228
1628235463062710617,435467.2285864778,7680792.362163728
1628235463200915200,435467.5239504398,7680803.458229194
1628235463266718681,435488.6027660014,7681595.265758509
1628235463398941216,435488.8970830266,7681606.321966433
1628235463464855134,435489.14187570196,7681615.517754845
1628235463602727375,435509.38499207393,7682375.898079834
1628235463740737358,435509.4175382671,7682377.120642203
1628235463800982970,435529.7655811608,7683141.408412819
1628235463926865259,435529.8954181744,7683146.285377178
1628235463992877976,435530.0432979802,7683151.840066852
1628235464131021740,435551.00189431064,7683939.024908977
1628235464203029481,435551.09529653756,7683942.533136711
1628235464322947039,435571.2424826815,7684699.207606953
1628235464394896701,435571.42681901896,7684706.131046314
1628235464526801683,435592.80769896717,7685509.10411645
1628235464610922926,435593.12119221484,7685520.8779592
1628235464730815788,435593.6894435216,7685542.219710629
1628235464802991409,435615.1578183271,7686348.435885558
1628235464928923090,435615.3818039128,7686356.847678418
1628235465000879020,435615.58455873514,7686364.462145001
1628235465127056583,435637.6940972665,7687194.718367477
1628235465198946074,435638.2082642981,7687214.026969445
1628235465336966194,435659.5279356166,7688014.583418567
1628235465408900474,435659.9766595601,7688031.433608919
1628235465528976854,435682.1762478871,7688864.9867849285
1628235465607127884,435682.4883888077,7688876.707510492
1628235465738993455,435683.1140869162,7688900.202117232
1628235465805023358,435705.55484488694,7689742.76580532
1628235465937117627,435706.1986254894,7689766.93816124
1628235465997158888,435706.57342727145,7689781.011017421
1628235466129173555,435729.2723582453,7690633.223106769
1628235466201032463,435729.5024184843,7690641.860844365
1628235466332938359,435753.12813414226,7691528.823950529
1628235466399250245,435753.50403744983,7691542.936697059
1628235466531171031,435777.0538097027,7692427.003603379
1628235466603077576,435777.30761117255,7692436.531708814
1628235466729403872,435777.99680501746,7692462.405100164
1628235466801090547,435801.5588897916,7693346.884741003
1628235466932961736,435802.38724208216,7693377.980677749
1628235466999455615,435826.3743636649,7694278.367878136
1628235467131141782,435826.09256690275,7694267.789934848
1628235467203098590,435826.1106217151,7694268.467667393
1628235467334998221,435848.9509557952,7695125.759782875
1628235467401423056,435849.1332834057,7695132.603558338
1628235467539008322,435872.7631145134,7696019.490759492
1628235467599596025,435872.68309852504,7696016.487469057
1628235467737025017,435872.8799520444,7696023.876095097
1628235467809112795,435896.53593594534,7696911.694275274
1628235467935273487,435896.63826276304,7696915.534769439
1628235468067176846,435921.01083979453,7697830.197322787
1628235468139187461,435920.97861747304,7697828.988031173
1628235468205171114,435921.0568716865,7697831.924882236
1628235468325326978,435947.333413005,7698817.989665619
1628235468463083386,435947.87131004105,7698838.175552625
1628235468535257513,435972.623025158,7699766.965941466
1628235468679153265,435972.7930087807,7699773.3446343625
1628235468733180608,435972.85923158465,7699775.829666816
1628235468865323383,435997.5663205493,7700702.89332516
1628235468937322933,435997.91091086186,7700715.823478853
1628235469069246850,436022.68700731883,7701645.426165347
1628235469129236442,436022.9342196074,7701654.701864636
1628235469261129324,436048.1548261618,7702600.929899397
1628235469333273140,436048.520352915,7702614.644126394
1628235469471276819,436049.3562485533,7702646.006119039
1628235469531283543,436072.61157213396,7703518.454574673
1628235469669292785,436073.0493781894,7703534.879767962
1628235469735300884,436073.31432898814,7703544.819933604
1628235469873180921,436096.95485929505,7704431.674419249
1628235469933427726,436097.41961080185,7704449.10959112
1628235470071421404,436119.71915043227,7705285.612770137
1628235470143247285,436119.6536143371,7705283.154302607
1628235470269386705,436144.2989743321,7706207.61820921
1628235470341473035,436144.59797718393,7706218.834146712
1628235470461454921,436145.06880080025,7706236.495261815
1628235470533476082,436165.41817830445,7706999.763995062
1628235470671404724,436165.5878810372,7707006.12944307
1628235470737345849,436165.6729095705,7707009.318811608
1628235470863374104,436185.45917573967,7707751.43194869
1628235470935253157,436185.89532079286,7707767.790763229
1628235471073628633,436204.68011801585,7708472.309703172
1628235471133433847,436204.86932304595,7708479.4060581215
1628235471265384140,436221.937788878,7709119.526679727
1628235471343328139,436222.18156806123,7709128.669554682
1628235471463547543,436222.78357565356,7709151.2476721015
1628235471535546900,436238.9625718499,7709757.986559873
1628235471673355677,436239.221242734,7709767.687581367
1628235471739305769,436239.4458967463,7709776.112852163
1628235471877502601,436255.23717249767,7710368.287270644
1628235471931386948,436255.4232096671,7710375.264036732
1628235472069460634,436270.2486579055,7710931.199458178
1628235472135509516,436270.30996362603,7710933.498469946
1628235472267611941,436284.4115780096,7711462.271282255
1628235472339397537,436284.63129334815,7711470.5105193835
1628235472471470992,436285.2638614966,7711494.231549227
1628235472549496900,436297.93979763915,7711969.529312731
1628235472681384075,436298.171214484,7711978.207094102
1628235472807656441,436310.17771207757,7712428.388669187
1628235472867625323,436310.3712144316,7712435.644520182
1628235473011531964,436321.5303047502,7712854.038740359
1628235473083509771,436321.22515887633,7712842.59681694
1628235473209682336,436320.74777080014,7712824.696386475
1628235473269664582,436331.18019687076,7713215.834788414
1628235473407772687,436331.41269409994,7713224.552447444
1628235473473535980,436331.48251417547,7713227.17040299
1628235473611579993,436340.7310176109,7713573.910009059
1628235473671546549,436340.86002794787,7713578.747248332
1628235473815560232,436349.0759655942,7713886.762464599
1628235473875595542,436349.2645226779,7713893.832277961
1628235474013580529,436357.37387518503,7714197.847561
1628235474073583584,436357.57980317494,7714205.568543678
1628235474211736719,436358.0802688382,7714224.332790972
1628235474277593603,436366.6340580514,7714544.999446745
1628235474415627845,436367.2635517122,7714568.600943948
1628235474475625566,436367.61374338745,7714581.730605911
1628235474613738783,436374.13614235853,7714826.237342729
1628235474673751670,436374.2577188262,7714830.795515949
1628235474805777088,436380.64023067284,7715070.05310065
1628235474871512796,436380.80788811843,7715076.33886285
1628235475015671060,436387.0756873831,7715311.290820827
1628235475075802065,436387.1497696322,7715314.068251269
1628235475207804897,436387.46523963346,7715325.895586735
1628235475267792006,436392.6217502239,7715519.186138432
1628235475417835145,436392.81387022056,7715526.38885423
1628235475477674450,436392.9914572278,7715533.046715188
1628235475609593558,436398.3076085466,7715732.317419033
1628235475669588896,436398.48307090515,7715738.8955464205
1628235475819661014,436403.72986321273,7715935.561614771
1628235475879649222,436403.7812618895,7715937.488541345
1628235476011735245,436408.43074165296,7716111.762429356
1628235476077871481,436408.6076258677,7716118.3937157225
1628235476215792030,436409.0631296269,7716135.470275
1628235476281763435,436413.94352415984,7716318.39543237
1628235476419857073,436414.5231020405,7716340.1231987495
1628235476539900702,436420.13303533825,7716550.397477013
1628235476617798180,436420.11247511994,7716549.626705933
1628235476743789481,436420.1000680921,7716549.161585454
1628235476809781038,436425.3772171954,7716746.957384816
1628235476947934661,436425.95610081445,7716768.658581747
1628235477007952450,436431.7579982715,7716986.122381418
1628235477139898914,436431.90972244967,7716991.810142798
1628235477211830966,436432.0961872807,7716998.800242104
1628235477349932244,436439.5207552983,7717277.088598226
1628235477409949468,436439.8160553914,7717288.158473348
1628235477542006406,436446.6944410247,7717545.9682966415
1628235477613860535,436446.6930229949,7717545.915139965
1628235477751752580,436446.84581572865,7717551.642771883
1628235477811989113,436453.0876037534,7717785.5853063455
1628235477943957049,436453.34958854923,7717795.406004632
1628235478021782210,436459.69258358923,7718033.136006218
1628235478141907802,436459.64685081167,7718031.421702605
1628235478220093303,436459.75249707996,7718035.381876848
1628235478345906465,436465.1649344943,7718238.227840873
1628235478412034043,436465.39998262725,7718247.038565859
1628235478543954178,436471.5255204235,7718476.60911112
1628235478621910223,436471.62124271883,7718480.197189975
1628235478747802301,436471.90202823596,7718490.722221349
1628235478814021541,436478.09044619126,7718722.645004361
1628235478946072152,436478.7261227778,7718746.472511599
1628235479017976248,436484.6693076333,7718969.199233162
1628235479143996887,436484.65158076765,7718968.534773804
1628235479216125503,436484.7338334302,7718971.617865224
1628235479348082991,436489.3487097137,7719144.550038653
1628235479419972657,436489.6202881995,7719154.729557756
1628235479539974471,436495.4190676035,7719372.034372571
1628235479618168048,436495.5183404298,7719375.755346406
1628235479749892358,436495.8384954439,7719387.755487112
1628235479816187198,436501.1828341789,7719588.02360166
1628235479941939230,436501.4444923757,7719597.831027594
1628235480020027097,436507.0945633575,7719809.55446953
1628235480151921027,436506.9977698678,7719805.926518544
1628235480218180702,436507.0264888131,7719807.00294356
1628235480338149554,436512.6561577626,7720017.955651528
1628235480422061239,436512.8564838197,7720025.4640497845
1628235480548102387,436518.0979251093,7720221.865125639
1628235480625978757,436518.0794878031,7720221.174087084
1628235480746019659,436518.1422455601,7720223.526276014
1628235480824063241,436523.3061903976,7720417.017050397
1628235480943982594,436523.46007279644,7720422.78456558
1628235481022112866,436528.7538251664,7720621.13922747
1628235481142110729,436528.8162298351,7720623.478128084
1628235481280216586,436535.15264552203,7720860.903103747
1628235481352174010,436535.33170693356,7720867.614155355
1628235481424109394,436535.59267577156,7720877.395014806
1628235481550037601,436541.8986393788,7721113.677176782
1628235481676063406,436542.7116972804,7721144.149345512
1628235481748020061,436543.3105882298,7721166.59482928
1628235481880518781,436549.0170509521,7721380.40498899
1628235481946165948,436549.312422745,7721391.474907329
1628235482078141855,436555.4179837729,7721620.235483064
1628235482150197007,436555.3694045489,7721618.414859836
1628235482276258065,436559.7593748346,7721782.882227016
1628235482348193136,436559.92177996936,7721788.968691034
1628235482474375386,436560.26680242585,7721801.899104887
1628235482546185188,436567.57810492837,7722075.84314012
1628235482678133049,436568.4919163404,7722110.0894771395
1628235482750120560,436569.123465007,7722133.757590414
1628235482876306784,436577.36338477785,7722442.4929155335
1628235482948353022,436577.7867894635,7722458.360257518
1628235483086279266,436586.7300993515,7722793.448230792
1628235483146278668,436587.1747898859,7722810.112932209
1628235483278245838,436597.3118351852,7723189.932603172
1628235483356338181,436597.7739128184,7723207.2484836625
1628235483482275012,436598.52926714416,7723235.554566732
1628235483548296768,436607.8471786982,7723584.662939926
1628235483680284994,436608.31281344953,7723602.111719367
1628235483758372753,436617.8022712482,7723957.6389205335
1628235483896156751,436617.99732431525,7723964.948008153
1628235483950427216,436618.11329226964,7723969.293593001
1628235484082311158,436627.9803159749,7724338.960685025
1628235484160240484,436627.9356300963,7724337.286238898
1628235484292424299,436637.8166994739,7724707.471741247
1628235484352442046,436637.907491819,7724710.873791721
1628235484484363647,436638.1390833133,7724719.551678327
1628235484550380616,436648.79606918606,7725118.800935772
1628235484682360373,436648.9287143543,7725123.77112083
1628235484748318907,436649.10285553,7725130.296149909
1628235484886381911,436660.53970160167,7725558.755378237
1628235484952439109,436660.9422583395,7725573.838700223
1628235485084372636,436672.82740991045,7726019.082463586
1628235485156379928,436672.805774125,7726018.271817737
1628235485282519992,436685.44501575583,7726491.755491691
1628235485354554503,436685.661025005,7726499.848664549
1628235485486410918,436686.3136644144,7726524.300944166
1628235485558304661,436700.052792033,7727038.981642841
1628235485684517722,436700.57740303705,7727058.636501523
1628235485756555925,436714.2968366102,7727572.559968799
1628235485888428664,436714.7753507928,7727590.487228948
1628235486020402291,436728.96601837093,7728122.045857929
1628235486080378809,436729.1341599516,7728128.344987425
1628235486224804202,436729.7801221749,7728152.544808062
1628235486290459928,436746.69643881056,7728786.192201665
1628235486428454172,436747.5843611463,7728819.455347792
1628235486482369665,436747.9884142762,7728834.591873682
1628235486626609193,436762.55045926454,7729380.025178961
1628235486686614217,436762.6629167109,7729384.23789295
1628235486818618649,436777.67643376044,7729946.562212775
1628235486878558673,436777.9428639653,7729956.542496415
1628235487022411026,436793.18323559366,7730527.345715677
1628235487082408516,436793.3120204903,7730532.169743569
1628235487220675950,436793.71114746865,7730547.120243366
1628235487280656654,436808.66893800255,7731107.318888099
1628235487436547252,436808.90097163274,7731116.010116693
1628235487484442268,436809.0077639092,7731120.010208161
1628235487622686555,436829.14770113956,7731874.300102951
1628235487688461682,436829.4620606165,7731886.074467078
1628235487820610439,436844.8566943945,7732462.593154439
1628235487892566793,436845.21541724674,7732476.028694817
1628235488024667642,436860.4881808375,7733047.962873048
1628235488084698306,436860.6485648893,7733053.969665922
1628235488234493789,436861.1712327791,7733073.544900454
1628235488294600786,436876.2330320904,7733637.558936742
1628235488426499018,436876.5644567056,7733649.971210396
1628235488486495606,436876.7546533821,7733657.094313971
1628235488624741972,436892.854649043,7734259.966805992
1628235488684639884,436893.13108288246,7734270.3192330375
1628235488834532680,436908.2456989157,7734836.27416008
1628235488888535348,436908.37487132795,7734841.11149704
1628235489026643215,436923.5060159836,7735407.664751052
1628235489086661494,436923.2920227146,7735399.651246261
1628235489224815762,436923.1298421451,7735393.577993084
1628235489284790868,436938.01549730037,7735950.921989129
1628235489428798168,436938.4112025543,7735965.739671601
1628235489488752233,436938.6589177676,7735975.015673831
1628235489626810007,436951.9154801088,7736471.348309843
1628235489686794552,436952.14332808164,7736479.880109663
1628235489830591183,436967.35462656023,7737049.384494313
1628235489890700427,436967.4451299807,7737052.773295152
1628235490022604812,436982.7520336701,7737625.839554093
1628235490160846915,436983.1161892738,7737639.47450143
1628235490232717553,436983.4661480528,7737652.577872038
1628235490352759487,436998.82684407616,7738227.637869966
1628235490430735604,436999.1888828977,7738241.193088475
1628235490568651578,437015.23164408427,7738841.782424218
1628235490628937672,437015.561750186,7738854.141601201
1628235490754673705,437031.00687893596,7739432.3252732735
1628235490820810563,437031.2219877533,7739440.3786769435
1628235490952787616,437031.59541122225,7739454.3591732355
1628235491030941394,437046.6204480243,7740016.795171652
1628235491150931704,437047.1376499879,7740036.157903809
1628235491234814845,437047.5316752138,7740050.909196221
1628235491360947798,437062.2448199358,7740601.650787637
1628235491426690914,437062.4688182342,7740610.036436692
1628235491558716546,437076.62786781316,7741140.020173892
1628235491625024166,437076.86713820614,7741148.97727427
1628235491762712256,437091.69296556147,7741703.905623148
1628235491834838394,437091.6741499144,7741703.201281058
1628235491954870851,437091.9578047517,7741713.8195703905
1628235492026713816,437106.33996111824,7742252.123075756
1628235492164892510,437106.6822040105,7742264.93413487
1628235492230880434,437106.9516672154,7742275.020850607
1628235492362900280,437121.3960718579,7742815.63701181
1628235492428753345,437121.3850657629,7742815.225037702
1628235492560837197,437134.43378094956,7743303.587187442
1628235492632843549,437134.6169844472,7743310.444566113
1628235492758923358,437149.3192593027,7743860.682855371
1628235492830789569,437149.29689070955,7743859.84561684
1628235492957035123,437149.24221193115,7743857.799033769
1628235493029043161,437163.51602165104,7744391.983882619
1628235493160812609,437163.71912063664,7744399.585480735
1628235493232820411,437163.80646743096,7744402.85469952
1628235493359074924,437178.3058390972,7744945.465375113
1628235493436878683,437178.3701085043,7744947.870777164
1628235493557335208,437192.15681516373,7745463.796376665
1628235493629020751,437192.5008978274,7745476.673922176
1628235493760993072,437207.3455363598,7746032.175991154
1628235493839124087,437207.41762209864,7746034.873765279
1628235493959110743,437207.8199530569,7746049.930800292
1628235494031066273,437222.26382299163,7746590.415994667
1628235494163005922,437222.80040013714,7746610.496481755
1628235494234884560,437223.1935116556,7746625.207997022
1628235494366912944,437237.5192547696,7747161.254777315
1628235494486932766,437237.87473559787,7747174.557608764
1628235494564909496,437251.32973558496,7747678.0054053385
1628235494636909916,437251.6355080275,7747689.447706475
1628235494763164672,437266.26963345334,7748237.003780564
1628235494895206789,437266.31438208814,7748238.67826453
1628235494967080597,437266.4486280187,7748243.701716446
1628235495105083398,437280.91559146316,7748784.985402897
1628235495165092552,437281.1226493471,7748792.733217653
1628235495291283549,437295.7257512556,7749339.093799194
1628235495363144793,437295.9981672846,7749349.28689872
1628235495501120602,437296.69856491184,7749375.493929499
1628235495566988824,437309.77964298154,7749864.895693517
1628235495699004934,437310.3550375769,7749886.424806279
1628235495765256959,437324.5224729071,7750416.453054767
1628235495897250571,437324.4169805819,7750412.506048761
1628235495963199270,437324.4400681257,7750413.369871623
1628235496089148930,437338.4814728876,7750938.667289471
1628235496167255986,437338.5354638796,7750940.687307011
1628235496299315612,437352.7680635042,7751473.121497915
1628235496365219505,437352.82347703865,7751475.194674854
1628235496497224644,437353.003926287,7751481.945789528
1628235496569196600,437368.14089553105,7752048.202293829
1628235496707200321,437368.783856585,7752072.256475406
1628235496767230599,437382.9608200346,7752602.578187243
1628235496893081916,437383.3405699667,7752616.784780277
1628235496977178283,437383.6442990911,7752628.1473969165
1628235497103157393,437397.5496131722,7753148.289539071
1628235497163106344,437397.68816054694,7753153.472489586
1628235497289357531,437411.53884749557,7753671.554996564
1628235497361290852,437411.7228724472,7753678.4390214095
1628235497505173707,437426.5686519576,7754233.732750341
1628235497565118414,437426.68624703266,7754238.131617956
1628235497691384361,437427.1253636519,7754254.55760111
1628235497763401685,437440.605957255,7754758.766264852
1628235497901134695,437441.03798151866,7754774.926463297
1628235497967132709,437441.4543737103,7754790.501917952
1628235498093374958,437454.4689519169,7755277.261532008
1628235498171174036,437454.35774501285,7755273.101873681
1628235498303337725,437467.4774377866,7755763.782156599
1628235498363373731,437467.677473827,7755771.264229193
1628235498495475647,437468.3020984712,7755794.627433117
1628235498567195764,437480.1796167665,7756238.834031914
1628235498693385433,437480.8163390777,7756262.649094383
1628235498765463534,437493.714656797,7756745.0237959875
1628235498897369229,437493.8386648914,7756749.661887884
1628235498969231965,437494.0443975916,7756757.356601988
1628235499107472574,437506.6947466097,7757230.442048797
1628235499233288155,437507.0745988488,7757244.648703571
1628235499293429527,437519.47623585374,7757708.418304778
1628235499437541613,437519.31917387375,7757702.544269076
1628235499509527956,437531.95625439065,7758175.111840704
1628235499635579696,437531.92178509803,7758173.8227418065
1628235499695849225,437532.02554833726,7758177.70332819
1628235499839544278,437544.4277530916,7758641.473338104
1628235499899436639,437544.5608366201,7758646.450325224
1628235500037479793,437557.08843562927,7759114.89186159
1628235500097450914,437557.1387209042,7759116.772352882
1628235500241460931,437557.5029783603,7759130.394286374
1628235500301428851,437569.90739458345,7759594.217866607
1628235500439597884,437570.44171299576,7759614.198926344
1628235500493362839,437570.7130481902,7759624.3456103
1628235500643476949,437583.8926424379,7760117.140957009
1628235500703487083,437584.27291378163,7760131.360939943
1628235500841594738,437597.0169016514,7760607.856694198
1628235500901617835,437597.2893187113,7760618.043256735
1628235501045502399,437609.95656750066,7761091.655359302
1628235501099636073,437610.2432087676,7761102.373515089
1628235501237496422,437611.1468496396,7761136.162618197
1628235501297481629,437623.38331032876,7761593.654518847
1628235501441435569,437623.7582828947,7761607.675175621
1628235501513585551,437636.3118606536,7762077.00842349
1628235501633580358,437636.9367141441,7762100.371765559
1628235501699556260,437637.31383034104,7762114.47216736
1628235501843668829,437649.9106815671,7762585.413698641
1628235501903672144,437650.13070178655,7762593.640044215
1628235502035619499,437662.5838179715,7763059.192795752
1628235502095631260,437662.91527922417,7763071.585478574
1628235502239543036,437663.718074034,7763101.600357621
1628235502305724857,437675.70111223904,7763549.564350827
1628235502443715273,437675.97553083964,7763559.824035032
1628235502503491830,437676.13975552074,7763565.963897909
1628235502647734962,437688.8293304529,7764040.328176961
1628235502707753334,437689.0339060802,7764047.976429507
1628235502839740411,437701.0039017368,7764495.429164194
1628235502899716597,437701.12618820963,7764500.000840982
1628235503037670607,437713.0229099298,7764944.702783855
1628235503109632489,437712.9781177968,7764943.028273635
1628235503241559172,437713.0813885545,7764946.888949981
1628235503379701458,437724.59481805307,7765377.251418241
1628235503439995847,437724.730975355,7765382.341399799
1628235503511672351,437734.74090776214,7765756.494947941
1628235503637815179,437734.87049111974,7765761.339070489
1628235503781825800,437746.37411403446,7766191.316464062
1628235503842021910,437746.59951300616,7766199.742184086
1628235503961760114,437747.2097617209,7766222.554090446
1628235504039856500,437758.5306333584,7766645.687429238
1628235504171850959,437759.08685747697,7766666.479297779
1628235504249647569,437759.53126840777,7766683.091529244
1628235504369816541,437770.50117042934,7767093.094737277
1628235504441759578,437770.7144928884,7767101.068611529
1628235504579756220,437781.5235716794,7767505.051703096
1628235504645870392,437781.6986780302,7767511.596927392
1628235504771808430,437792.6886218625,7767922.331393047
1628235504849834650,437792.85146580805,7767928.418121772
1628235504975754022,437793.26195369405,7767943.7611968415
1628235505041890037,437803.8853307442,7768340.787395632
1628235505173944995,437804.2520941322,7768354.495830473
1628235505239808126,437804.4464095109,7768361.758709496
1628235505377792344,437814.9230012808,7768753.289726848
1628235505443944388,437815.01171637553,7768756.605534695
1628235505575930771,437824.4645659805,7769109.868674736
1628235505647962699,437824.8964166551,7769126.0091556795
1628235505774188731,437835.3570878734,7769516.929121531
1628235505845889757,437835.66769338155,7769528.5377797745
1628235505983784808,437836.29975045443,7769552.160436177
1628235506043847338,437846.31565095123,7769926.44834082
1628235506187935291,437847.1927283229,7769959.227696047
1628235506247902107,437847.5568590478,7769972.836477916
1628235506367993036,437857.2801757097,7770336.1803536685
1628235506446020715,437857.52394232596,7770345.290532608
1628235506583883148,437864.0288085153,7770588.354893011
1628235506649924575,437864.209280216,7770595.09948367
1628235506769952273,437873.80005593895,7770953.459868677
1628235506841920652,437873.9154535687,7770957.772421213
1628235506968482133,437874.31072178506,7770972.544076641
1628235507052058221,437883.44139191054,7771313.720834258
1628235507171988581,437883.46575216105,7771314.631188487
1628235507243926266,437883.4666412213,7771314.664413094
1628235507382109122,437892.56370653695,7771654.578744196
1628235507442065889,437892.7233849208,7771660.545885514
1628235507574123002,437901.84602095676,7772001.410551746
1628235507700014901,437902.16402634856,7772013.291677139
1628235507777901607,437911.22218855214,7772351.7310503395
1628235507856094173,437911.4857218617,7772361.578833411
1628235507976124496,437912.0298599388,7772381.91231292
1628235508108174265,437921.3056153682,7772728.485203927
1628235508186013847,437921.6118328081,7772739.927773716
1628235508317874009,437930.7054778089,7773079.689725509
1628235508378056212,437930.83315988455,7773084.460786935
1628235508504144347,437939.3152024016,7773401.35762485
1628235508576076964,437939.5828418412,7773411.358251056
1628235508714178694,437940.36299835186,7773440.509578613
1628235508774207304,437949.1447055562,7773768.596594595
1628235508906164794,437949.753264955,7773791.335567888
1628235508978203633,437950.2240009584,7773808.924715588
1628235509116121881,437958.8159829697,7774129.921698677
1628235509176205937,437958.9315795918,7774134.240908933
1628235509308182893,437967.65688915737,7774460.215051144
1628235509380212457,437967.92988027097,7774470.415035451
1628235509511964738,437975.82783065335,7774765.477010427
1628235509578175573,437976.22460848605,7774780.301877864
1628235509710128013,437977.02322566725,7774810.131019898
1628235509788000685,437985.71330771624,7775134.7697287
1628235509908177295,437986.4780686582,7775163.342992856
1628235509986147778,437986.92358695075,7775179.988580819
1628235510100173751,437995.33066697774,7775494.055296223
1628235510184090106,437995.5718383089,7775503.065844785
1628235510322271068,438004.0315040821,7775819.092915836
1628235510388079602,438004.2700120546,7775828.003792886
1628235510514182393,438010.8047537101,7776072.112656381
1628235510580278383,438011.061762696,7776081.7146104295
1628235510712344138,438011.8085915169,7776109.610110291
1628235510772288701,438019.964394549,7776414.267840829
1628235510910232216,438020.2833054294,7776426.182241603
1628235510988112920,438020.53053710464,7776435.418726397
1628235511114343465,438028.24024600716,7776723.411006536
1628235511174344521,438028.22779528156,7776722.945859695
1628235511312244299,438036.06278791087,7777015.616268212
1628235511384296707,438036.22162629827,7777021.550214569
1628235511516238339,438044.48334911023,7777330.148664043
1628235511582158357,438044.7313051485,7777339.411736449
1628235511714310824,438045.2492511172,7777358.755207287
1628235511786298690,438052.87447335664,7777643.571440474
1628235511918277237,438052.8056349887,7777640.999840728
1628235511978265414,438052.7828667452,7777640.149285773
1628235512104393637,438060.54728561325,7777930.168604649
1628235512182270434,438060.6991950444,7777935.843402525
1628235512314349878,438068.4507475471,7778225.377719205
1628235512452486790,438069.197144748,7778253.259989328
1628235512506859200,438074.6716822457,7778457.738833983
1628235512650453567,438075.5143255202,7778489.216036641
1628235512722313924,438075.9901697161,7778506.991320378
1628235512848369822,438083.305618695,7778780.219035486
1628235512908391277,438083.5094790378,7778787.834168412
1628235512992451244,438083.75194132444,7778796.89125939
1628235513118404354,438090.7308999494,7779057.553416999
1628235513250403605,438090.94525914197,7779065.560605086
1628235513316256670,438097.8679717704,7779324.116371031
1628235513448506857,438098.14192881476,7779334.349626406
1628235513520520176,438105.6748345601,7779615.691066417
1628235513652434117,438106.0526881857,7779629.804988724
1628235513712431791,438106.36220646213,7779641.36059248
1628235513856362002,438113.4646390195,7779906.614626842
1628235513916457492,438113.71530031355,7779915.977396081
1628235514054530280,438120.8068121621,7780180.826159499
1628235514114539769,438120.83065115055,7780181.716586319
1628235514252482339,438128.0734652091,7780452.213647157
1628235514312529208,438128.0741768318,7780452.240227069
1628235514462441633,438128.58672334894,7780471.384408756
1628235514510325446,438136.4030088149,7780763.291664009
1628235514654494793,438136.6798350684,7780773.631252764
1628235514714503865,438137.12642810063,7780790.303501721
1628235514852588233,438143.80680156266,7781039.7759878365
1628235514912612808,438143.753428063,7781037.78249336
1628235515056529029,438150.6631891468,7781295.8204212105
1628235515116527537,438150.52672890434,7781290.723719126
1628235515254629420,438157.34428749734,7781545.31960938
1628235515314642284,438157.34660041635,7781545.4059941815
1628235515458654151,438157.44783511123,7781549.186990496
1628235515518662298,438164.45470060466,7781810.846560339
1628235515656524432,438164.9322369376,7781828.681703879
1628235515716673113,438165.3431981498,7781844.018324136
1628235515860656184,438172.4559196979,7782109.625087313
1628235515926563354,438172.5213952222,7782112.0704429755
1628235516058587098,438179.7518451651,7782382.076260123
1628235516118618920,438180.1883736827,7782398.376418375
1628235516262710795,438186.93041294906,7782650.108559776
1628235516322676368,438186.6992531581,7782641.456767363
1628235516448653114,438186.8462540156,7782646.859082658
1628235516592611690,438197.1734217965,7783032.348263747
1628235516658695838,438198.22610545193,7783071.560301051
1628235516778752085,438207.3500943169,7783412.096225474
1628235516850718692,438208.1670009834,7783442.490357689
1628235516988606677,438210.25870382786,7783520.369550436
1628235517054642583,438222.8924203403,7783991.9582918305
1628235517186522776,438228.99741261126,7784219.575879403
1628235517252757723,438243.7606950113,7784770.699006492
1628235517390876295,438251.7137566624,7785067.178860032
1628235517462689052,438255.837264447,7785220.864371702
1628235517582756362,438274.705663197,7785924.82297155
1628235517660585671,438281.4396938403,7786175.8313625045
1628235517792732335,438300.75044461736,7786895.8911938
1628235517852714284,438304.4629467615,7787033.98758953
1628235517990681063,438314.79866653634,7787418.593759648
1628235518056712204,438327.4886430768,7787891.831924415
1628235518188629148,438338.17289730377,7788289.090285674
1628235518254782650,438348.8435840132,7788686.668353357
1628235518386775702,438357.74131167145,7789016.8651052015
1628235518458739997,438360.7406878391,7789127.656860869
1628235518585021623,438372.54766655026,7789566.160944691
1628235518656835052,438377.3485147361,7789744.007667062
1628235518788879226,438386.9844538128,7790101.063496497
1628235518860646613,438389.4152559137,7790190.245428569
1628235518992707011,438394.859410189,7790390.39842972
1628235519058868818,438401.13441866636,7790622.827335548
1628235519190911086,438401.50964482327,7790633.430379554
1628235519256896306,438413.9420133622,7791095.458684207
1628235519388880537,438418.4858989199,7791261.336239184
1628235519460791753,438419.24931374646,7791287.735497445
1628235519592938364,438437.41770554875,7791961.826052135
1628235519658859055,438440.72399479774,7792082.963669145
1628235519790862193,438453.52638212085,7792556.413752361
1628235519862842791,438455.2185649063,7792617.094595
1628235519982843480,438458.1166823164,7792720.840636469
1628235520060978164,438477.1337685128,7793427.693037711
1628235520198836819,438480.54594572226,7793549.911911341
1628235520252910797,438492.99753877276,7794012.180397107
1628235520384857519,438498.7104024754,7794219.921047244
1628235520463002783,438502.1284756729,7794343.988510133
1628235520595016357,438512.9035565097,7794740.129743457
1628235520660934374,438512.970750093,7794739.363211884
1628235520792923471,438522.13131331746,7795074.961171938
1628235520865039502,438521.0677151794,7795031.805617243
1628235520990779665,438520.4220268223,7795001.612701548
1628235521062959182,438534.8467010192,7795535.693806333
1628235521194818504,438537.22230100736,7795617.98844871
1628235521326941811,438541.4912678049,7795769.430634033
1628235521393057522,438541.84201753547,7795778.624619173
1628235521530946317,438544.9621619802,7795887.571855691
1628235521585001753,438544.150110985,7795853.805756504
1628235521717014492,438538.4850652982,7795634.758765628
1628235521795108818,438546.56925613235,7795931.603962396
1628235521927108420,438544.7234393593,7795854.894268527
1628235521992907607,438544.14874199696,7795829.793206964
1628235522119048633,438546.2891555275,7795901.4278240595
1628235522191009378,438543.5008083527,7795792.997033548
1628235522335150301,438535.0095411003,7795467.116276561
1628235522389108319,438533.44274865417,7795404.835945827
1628235522521132082,438536.1514221123,7795497.455507133
1628235522605067784,438542.4079352089,7795725.796400849
1628235522719191815,438555.2234319381,7796196.32851377
1628235522791150109,438552.31750154577,7796083.079705205
1628235522928963251,438545.3046238823,7795812.79848517
1628235522995063231,438541.3888905249,7795662.011813791
1628235523121096555,438559.93082414655,7796345.318541951
1628235523193052085,438564.1889067848,7796499.567360498
1628235523319178442,438550.3646062956,7795974.61986117
1628235523391126682,438549.70961685927,7795945.484492672
1628235523529074568,438552.2066009316,7796029.863966315
1628235523595095871,438553.0786678642,7796057.736700198
1628235523721338229,438559.61131348246,7796292.913010321
1628235523799115986,438561.52331277536,7796359.35359896
1628235523925208682,438565.4101171277,7796495.797424635
1628235523991006044,438566.5616697018,7796534.814477793
1628235524123571263,438562.10167147644,7796358.919162272
1628235524201037274,438561.24722936435,7796322.460995938
1628235524327261324,438573.8950496564,7796785.929080408
1628235524393138698,438575.9588866197,7796859.141829589
1628235524531165278,438580.40908236534,7797016.198463746
1628235524597153647,438575.9585689395,7796845.7955887215
1628235524735034650,438572.150965239,7796695.877000633
1628235524789310075,438584.07334020385,7797136.934737961
1628235524927241730,438578.3816268791,7796916.465124105
1628235524993205034,438574.7452207742,7796777.41444305
1628235525125311002,438591.0219803044,7797376.914639948
1628235525191092841,438593.48043549556,7797465.591067805
1628235525329348597,438604.93907135876,7797885.887404639
1628235525401211974,438606.96214641427,7797958.083895304
1628235525533230982,438629.3401050789,7798787.25382519
1628235525671390796,438651.08202842623,7799592.887627949
1628235525719372047,438659.98570282524,7799923.214042355
1628235525791380645,438665.44224123,7800123.953778492
1628235525929297150,438684.5009595356,7800830.204967246
1628235526061394940,438703.4629036066,7801533.633030537
1628235526121364458,438709.6212002498,7801761.698588338
1628235526271326428,438738.69060865865,7802842.39716904
1628235526331341036,438747.67680265254,7803176.306697586
1628235526463308591,438778.7744480425,7804333.885074508
1628235526523318748,438789.38626786025,7804728.571514999
1628235526673359318,438835.6405894811,7806451.805789926
1628235526739308482,438852.32434051525,7807073.471487021
1628235526865332386,438890.5970018741,7808499.838078285
1628235526925322990,438918.57231112046,7809542.927718122
1628235527063430353,438940.3750806325,7810355.617163028
1628235527135487467,438965.56678117753,7811295.190435576
1628235527267260282,438989.6760277628,7812194.780819313
1628235527327482342,439009.7838606609,7812945.101286137
1628235527465483985,439052.905877641,7814554.65553679
1628235527531250343,439063.80068342504,7814961.700557763
1628235527663413187,439095.2112277308,7816135.396544526
1628235527729305755,439109.6722180993,7816675.821632794
1628235527873406025,439141.4997946699,7817865.893935936
1628235527927389817,439159.0650609008,7818522.398739573
1628235528065462732,439201.3253334329,7820102.335664831
1628235528125466259,439230.8679501917,7821205.633990983
1628235528269436471,439255.26186244516,7822120.530295993
1628235528335540425,439277.46902919246,7822951.163774199
1628235528467580903,439319.12433960923,7824509.577516404
1628235528533322268,439333.93616840185,7825064.6874531815
1628235528671440253,439384.31523829984,7826949.33774359
1628235528737351394,439413.91329807235,7828055.448124701
1628235528869566043,439484.07923374814,7830677.866996462
1628235528929563186,439512.91512633604,7831755.685722582
1628235529068067254,439558.49797619425,7833462.942583924
1628235529139542337,439572.3110417594,7833982.0638286825
1628235529277444718,439624.5953081186,7835938.573312927
1628235529337593117,439626.1313855509,7835999.995704388
1628235529469557524,439644.8516435033,7836707.068275678
1628235529535419479,439688.2843859917,7838329.0033145305
1628235529673532709,439721.39497092005,7839572.110534985
1628235529799624527,439818.2961455851,7843189.885065358
1628235529877470810,439845.226983604,7844197.698338326
1628235530003671283,439900.2145953794,7846254.364028717
1628235530075549865,439956.2042028671,7848343.998399544
1628235530207705780,440015.2689651642,7850552.112455686
1628235530273679453,440082.55972822744,7853062.197729716
1628235530405695221,440142.04740162945,7855285.703901528
1628235530477752877,440174.0478797972,7856481.744780309
1628235530603719881,440269.75273237156,7860052.893717045
1628235530675705239,440305.18635430705,7861376.45148464
1628235530801614380,440407.04914074397,7865174.995860744
1628235530867750700,440450.2888702677,7866788.537379571
1628235531005673985,440540.09856224875,7870139.578196852
1628235531071553004,440575.5271294677,7871461.617202953
1628235531197619636,440652.0837359597,7874318.191497686
1628235531269747445,440704.6299636578,7876277.2615066115
1628235531395683200,440782.0878377653,7879166.767661455
1628235531467686046,440825.78476607084,7880796.38021386
1628235531599665962,440884.6638992437,7882995.598557749
1628235531671709896,440925.1223436743,7884504.703631107
1628235531797768972,441003.64587327547,7887433.233513438
1628235531875818903,441049.17805682693,7889131.416980456
1628235532001835750,441110.5714736688,7891422.113465788
1628235532067803181,441136.69642109517,7892399.026166607
1628235532205678572,441205.4181683186,7894962.458451006
1628235532277908813,441257.32203106035,7896897.032314625
1628235532397768956,441316.6418681573,7899110.136428821
1628235532469753503,441352.92156622466,7900463.238926121
1628235532601816916,441419.8517795833,7902959.719474411
1628235532673879266,441450.21181753714,7904093.0126545355
1628235532805616692,441536.4897327887,7907306.8459736705
1628235532883744122,441579.134470732,7908896.574480235
1628235533009885124,441666.54032772314,7912151.528964386
1628235533075608269,441702.02746655047,7913473.491085236
1628235533195636384,441773.6284218446,7916140.391160299
1628235533273827209,441825.34705473547,7918066.26730772
1628235533411804486,441896.0738971362,7920701.212574784
1628235533472184650,441931.7057933754,7922029.000532372
1628235533604095541,442005.18713058584,7924765.852689602
1628235533681824715,442039.69797862874,7926051.816395332
1628235533801862687,442134.95802926045,7929594.9619704485
1628235533873865242,442172.5322262302,7930994.0772554055
1628235534005744093,442238.4665174362,7933448.645489955
1628235534078142264,442301.99835957994,7935810.279942752
1628235534204220481,442380.17499587004,7938718.556629253
1628235534276289705,442423.0046993701,7940312.003885123
1628235534407843499,442488.7770258441,7942760.392190054
1628235534534140210,442572.8183770088,7945885.039598649
1628235534606454919,442601.2927302948,7946946.113957184
1628235534677903345,442629.5221624808,7947998.051063427
1628235534809898861,442729.852442208,7951724.567815308
1628235534930022977,442794.0495616916,7954112.075529249
1628235535008026558,442851.04009780684,7956229.05895545
1628235535145834006,442921.91932303563,7958864.188334246
1628235535206624448,442959.5756030183,7960264.096884501
1628235535338195425,443032.6558338889,7962980.444030179
1628235535415835705,443065.36148543615,7964196.9724367475
1628235535542234088,443149.4587384445,7967319.943152684
1628235535602205133,443177.4038649323,7968359.17076909
1628235535734252039,443237.79509692953,7970604.819047377
1628235535811965587,443314.2448079712,7973439.102250272
1628235535944060431,443389.6314614462,7976238.284162949
1628235536004050639,443451.87347142416,7978544.695270356
1628235536142053216,443533.52210426354,7981575.496011052
1628235536202024602,443565.92077159043,7982778.445032098
1628235536340431963,443666.5208514802,7986508.842518758
1628235536400260546,443696.0855188188,7987606.799825914
1628235536532032957,443784.0350703435,7990868.081378491
1628235536609889183,443818.2754391595,7992139.430413629
1628235536736009790,443885.66701235506,7994640.6460000565
1628235536802294340,443948.77792927047,7996977.819735036
1628235536940049814,444024.16240448074,7999773.3825479355
1628235537012091825,444089.93174190784,8002209.038648419
1628235537144078484,444159.72741214605,8004797.661279901
1628235537210102141,444190.1275767938,8005925.397869253
1628235537336318139,444256.62102203246,8008392.135387009
1628235537414116987,444293.96928046906,8009778.020435341
1628235537546138933,444382.7306410582,8013065.510228417
1628235537606141234,444416.1099140949,8014302.66707352
1628235537738111935,444484.85659529176,8016851.07914737
1628235537816125650,444533.56907118345,8018655.789455097
1628235537948134879,444596.0413481612,8020972.35805639
1628235538008156099,444623.9684334558,8022008.416636894
1628235538140111943,444672.6287657029,8023815.504426317
1628235538206394438,444698.344439345,8024770.559448083
1628235538338372437,444784.7992948339,8027970.663725733
1628235538410388172,444816.1713830829,8029133.96834735
1628235538542144911,444881.94024080376,8031571.137611261
1628235538614032991,444913.4751498671,8032740.241472385
1628235538746048091,444969.66459290596,8034823.745742147
1628235538812469327,445003.0571108144,8036061.471322511
1628235538944045219,445044.84068113647,8037614.0598754175
1628235539010218145,445089.0311063717,8039249.381768367
1628235539142420005,445128.7746654202,8040726.643011473
1628235539280270288,445166.4846485817,8042130.34353219
1628235539340263761,445185.03462932206,8042819.71135762
1628235539472602486,445228.09866943647,8044419.033840775
1628235539550496422,445261.8144131525,8045669.159295062
1628235539670447417,445295.3374090833,8046915.992231387
1628235539736124487,445308.12451671925,8047393.072272515
1628235539886235108,445335.7594546109,8048426.661820569
1628235539946259030,445344.81489918556,8048766.358295707
1628235540084505820,445395.70690795255,8050654.85502179
1628235540138231470,445405.76515637804,8051030.376322276
1628235540282315560,445461.6219545234,8053102.495647463
1628235540342322507,445477.2945235502,8053685.6708328035
1628235540474608867,445508.9352329853,8054863.893620789
1628235540546513604,445520.9838029876,8055315.096113353
1628235540684210662,445542.56086802477,8056122.932588901
1628235540750319866,445552.8096307144,8056507.496537522
1628235540876332653,445600.50785586407,8058276.671523966
1628235540942329047,445612.5512234632,8058726.15940374
1628235541086445068,445650.52268071205,8060139.519509175
1628235541146700410,445662.7665829053,8060596.359250886
1628235541278754794,445677.7386414027,8061161.411898873
1628235541338373412,445684.0050978573,8061398.355283129
1628235541482255885,445694.74111839745,8061808.276691365
1628235541554370800,445702.9527610756,8062118.174571587
1628235541680658858,445703.8381163553,8062164.684641347
1628235541746384191,445704.7815602537,8062205.818693286
1628235541878834068,445740.5806852872,8063538.0001670895
1628235541950589517,445748.36711971724,8063831.906454637
1628235542082607631,445770.1467754729,8064647.326153447
1628235542148311572,445770.78591501084,8064677.307266865
1628235542280712874,445790.7624462876,8065427.431714416
1628235542352707699,445789.21009504533,8065377.893235682
1628235542478407738,445790.62223159627,8065442.774012616
1628235542544691884,445797.34780615824,8065698.090693812
1628235542688351916,445805.01190347486,8065995.127090237
1628235542754431131,445808.9125319845,8066146.171044815
1628235542880757756,445805.0957965666,8066020.254396787
1628235543018474103,445808.8613529554,8066173.191070738
1628235543084756847,445800.3771748055,8065868.833608394
1628235543216481595,445785.0492791329,8065319.3263610555
1628235543288493396,445785.5146181822,8065344.469886719
1628235543414777452,445776.61837171146,8065031.530040429
1628235543492382791,445772.8834203174,8064901.83320762
1628235543618523260,445762.1857014339,8064522.945786635
1628235543690886570,445754.07747278153,8064232.427057463
1628235543816795597,445726.28634063096,8063224.981425497
1628235543888797654,445710.88656817784,8062666.298261434
1628235544014813694,445683.14806736,8061660.7682022555
1628235544086856702,445665.1249453369,8061005.576912396
1628235544218548345,445631.20743172587,8059772.335130081
1628235544290827061,445622.29095620854,8059452.413242268
1628235544410829276,445595.9008372377,8058494.913159568
1628235544482581165,445578.96347047406,8057879.589906027
1628235544620594895,445530.1869821321,8056101.039590342
1628235544692931109,445505.90301074967,8055215.387690326
1628235544818852210,445496.4130349825,8054880.902580857
1628235544890957550,445479.75756271684,8054275.870095988
1628235545010954072,445432.69028258993,8052557.7541231215
1628235545088894034,445408.32400209847,8051670.058527631
1628235545208864207,445369.77764729527,8050264.945618525
1628235545280900472,445346.5482435947,8049418.193887626
1628235545418880540,445284.7541278278,8047159.5496779885
1628235545484540891,445257.9368824597,8046179.163850909
1628235545610935648,445219.2267460303,8044769.073526288
1628235545688539519,445190.4477671853,8043717.439751637
1628235545820917929,445152.76481086283,8042345.955976924
1628235545898770958,445126.4234882327,8041383.905925071
1628235546012928566,445086.586627611,8039930.737704888
1628235546090924672,445050.04360794986,8038594.040896628
1628235546222588199,444991.83084763406,8036463.665788549
1628235546282955263,444972.92266250314,8035775.255995335
1628235546414945386,444916.08046662883,8033696.064429805
1628235546480637653,444892.73317368526,8032842.690078096
1628235546624962015,444829.701967204,8030537.659131282
1628235546690602923,444804.57086292934,8029618.434088711
1628235546822719589,444738.37668060267,8027194.290457049
1628235546888730508,444701.9143876239,8025858.524246156
1628235547014991873,444638.8440456704,8023548.998903128
1628235547092763123,444600.1467032491,8022130.608730075
1628235547219000709,444531.6121541208,8019618.933902961
1628235547284998007,444489.78765161266,8018085.393578156
1628235547417142622,444419.6911057254,8015515.651418904
1628235547494650026,444382.53751650633,8014153.56545895
1628235547620996908,444314.0643297349,8011643.369907411
1628235547752714354,444238.792148315,8008881.921809698
1628235547819055210,444194.4356429288,8007254.004293036
1628235547890825253,444147.7868717139,8005541.188936121
1628235548017040513,444075.0013010722,8002870.8493696125
1628235548149132879,444009.16395262093,8000456.0649166405
1628235548221139556,443977.48187395354,7999294.660449972
1628235548352837777,443897.21339414007,7996347.345704674
1628235548419210591,443859.182008601,7994951.439132304
1628235548557101310,443761.77121465915,7991370.816219313
1628235548623160248,443714.44519071444,7989631.518830733
1628235548755147488,443627.62036073476,7986440.285977405
1628235548827167974,443588.81379054295,7985015.307671565
1628235548953179941,443513.4380735769,7982245.93323
1628235549025178932,443472.36803226115,7980736.998978504
1628235549163126956,443390.14259809506,7977715.02192494
1628235549223180407,443355.285448147,7976433.842484475
1628235549355208571,443249.0166244472,7972522.412447806
1628235549427206628,443205.2203262678,7970911.678807014
1628235549565212022,443110.0395227943,7967409.720210118
1628235549613406126,443076.4934266992,7966175.286638626
1628235549751083944,442988.95614089014,7962953.599181153
1628235549823140867,442956.6693160975,7961768.50629434
1628235549955147727,442882.7432250789,7959049.005708903
1628235550021103200,442839.34574506094,7957451.103778673
1628235550147235748,442759.3390078844,7954506.107355508
1628235550225343477,442712.1214745666,7952768.101747709
1628235550357282723,442636.02340632776,7949967.036238714
1628235550417294781,442600.37927147804,7948654.6046594465
1628235550549288150,442513.44617708126,7945452.0065738605
1628235550621151506,442465.3143177973,7943678.22536474
1628235550759253146,442373.8731316429,7940308.722430184
1628235550819259250,442336.7650658889,7938941.293448692
1628235550951269984,442259.00661678176,7936075.828912705
1628235551029292027,442210.2450782651,7934278.782301615
1628235551167175243,442131.8927850839,7931390.387686221
1628235551221291369,442097.7196079538,7930130.698777965
1628235551353329151,442032.92363323306,7927743.578504507
1628235551419341258,442002.73254615825,7926631.751037215
1628235551563313319,441932.5465742075,7924045.03064473
1628235551623314010,441907.00837039854,7923104.279732383
