1628236754586015081,377454.47428281297,5346012.354463713
1628236754718126868,377500.06902489864,5348195.920086688
1628236754790114423,377491.2453239699,5347817.525363282
1628236754916104490,377572.4217968909,5351645.113350322
1628236754982304568,377561.97901442344,5351191.458404155
1628236755120135543,377636.3467986385,5354709.554583862
1628236755192119642,377627.9968656988,5354352.991664932
1628236755312173416,377613.9004755539,5353751.583926761
1628236755390311850,377695.42744333606,5357573.0479226215
1628236755522346465,377684.31449172576,5357114.313078817
1628236755594151873,377764.2384790702,5360855.02226362
1628236755714141146,377751.23794039106,5360304.063945892
1628236755786322817,377745.2749227347,5360057.736607735
1628236755924344313,377837.9302072067,5364416.876490641
1628236755985295115,377833.0870589277,5364218.03334529
1628236756111453246,377922.61762266123,5368424.980917047
1628236756183206744,377926.6192977174,5368640.17510098
1628236756320989092,377938.0978082682,5369227.017936972
1628236756387328170,378006.3797073017,5372420.827749619
1628236756519180928,378003.54543629865,5372343.896518027
1628236756585247768,378095.38559076365,5376626.141913161
1628236756717226202,378090.7579729877,5376465.468774118
1628236756915288948,378180.4884481579,5380700.4873913
1628236756988395572,378171.063971282,5380292.816949533
1628236757120279980,378269.22886010294,5384885.922023652
1628236757192263231,378268.4817599164,5384879.3629414905
1628236757318260094,378275.2388558057,5385243.612434241
1628236757390275756,378370.4753297,5389673.493468082
1628236757522267110,378384.246456772,5390361.267973779
1628236757720275421,378466.75088753604,5394250.796341146
1628236757792251518,378464.8101444503,5394188.478730636
1628236757930419263,378547.59346671577,5398064.87275759
1628236757990460538,378545.259880818,5397980.291876141
1628236758128326907,378631.1498105291,5401994.300217852
1628236758188371454,378628.8259338663,5401913.960834867
1628236758332347532,378619.7235239609,5401547.631877695
1628236758398323766,378698.01337546983,5405181.72314998
1628236758512479338,378693.73250753165,5405029.944347067
1628236758590414195,378771.4319928254,5408642.432024946
1628236758734367305,378771.11971010605,5408681.043263604
1628236758794371656,378772.80317506794,5408781.335922565
1628236758920492107,378857.2459240118,5412720.140638134
1628236759052364469,378861.91739203635,5412980.514986028
1628236759124398995,378952.93841648434,5417201.102837551
1628236759196388508,378957.88258100173,5417454.89745356
1628236759322464701,378968.47960288625,5417987.501213059
1628236759454560158,379059.7968407765,5422241.416801562
1628236759526427228,379068.49594442354,5422667.582886363
1628236759652466252,379175.51262622,5427636.450901998
1628236759724431073,379193.6325676725,5428495.138146884
1628236759844554960,379283.2827396296,5432658.369759631
1628236759928450947,379304.2234275907,5433649.577529967
1628236760060425537,379338.9982830819,5435294.242982154
1628236760114479514,379408.0172266953,5438484.324403133
1628236760258499895,379428.9764630194,5439497.389101219
1628236760324993048,379439.46826787945,5440004.3460111385
1628236760456564264,379558.64141404966,5445517.390236729
1628236760528515071,379570.2007378655,5446072.692928921
1628236760648501559,379693.0983474362,5451747.983098828
1628236760732510280,379706.1476456541,5452374.5331309885
1628236760858613311,379814.06980832585,5457364.816236974
1628236760918634964,379820.55102152977,5457683.079802053
1628236761056792767,379835.217451318,5458404.633875198
1628236761128653054,379967.11468131916,5464464.213669413
1628236761260684624,379984.89174830576,5465323.592397851
1628236761326451980,379992.219134395,5465680.024922085
1628236761452538150,380135.78978446923,5472286.931948825
1628236761518591112,380143.2393511856,5472652.063015249
1628236761656566774,380278.2775439887,5478863.592803988
1628236761722576831,380284.7761267558,5479184.83619274
1628236761854581497,380417.44513839774,5485282.985044709
1628236761926721390,380428.06217502814,5485791.67124497
1628236762052725517,380448.25803091616,5486757.942231159
1628236762124590422,380562.7358709516,5491999.300838395
1628236762328579608,380599.9639462923,5493764.764788734
1628236762454630765,380701.18737061025,5498418.198901836
1628236762526636715,380705.937572357,5498658.663916513
1628236762652755141,380817.6902158056,5503788.37604997
1628236762724765300,380830.17361080716,5504380.195895953
1628236762862673536,380912.778229137,5508184.682517138
1628236762934693601,380919.4089172487,5508510.180082294
1628236763054653965,380927.3782094231,5508913.717987878
1628236763126653583,380998.4527810944,5512167.114427345
1628236763264735407,380996.8619381386,5512142.752559606
1628236763396677716,381078.6952992269,5515904.658686738
1628236763456682438,381078.6554083413,5515923.328596016
1628236763528717894,381079.39499171765,5515980.804440157
1628236763666840640,381149.60850699147,5519216.221631247
1628236763798786828,381154.29816182586,5519473.2431496
1628236763858727722,381215.55320057925,5522273.96672251
1628236764002615104,381214.57512059656,5522277.170534778
1628236764062610811,381215.66873874416,5522347.155994564
1628236764206626692,381287.17923846643,5525638.58340302
1628236764260778435,381285.7212332669,5525592.790876162
1628236764398763074,381357.59775858547,5528899.076880492
1628236764458771013,381356.40238959785,5528865.15887283
1628236764602783878,381429.173229808,5532210.9018899035
1628236764662787877,381425.55332213937,5532067.141745148
1628236764806603770,381414.7481867173,5531624.828318307
1628236764860800800,381474.0190697354,5534330.177294544
1628236764998888493,381457.54854936886,5533631.281116409
1628236765052794851,381450.9701753046,5533350.110262062
1628236765202821310,381487.5687114015,5535057.5673884135
1628236765262877425,381477.18475630623,5534607.392980128
1628236765400752763,381501.10609437316,5535735.526518785
1628236765460944775,381486.7592052996,5535109.350947174
1628236765604828054,381508.98695344676,5536163.2685587155
1628236765664740352,381496.14282218635,5535601.766552289
1628236765802868227,381462.8790189673,5534142.242521351
1628236765862871616,381490.08565096924,5535395.261754648
1628236766000903557,381460.36055871076,5534092.654063094
1628236766066761325,381448.96868958906,5533600.07175642
1628236766204892771,381468.43915295904,5534529.725473168
1628236766252942138,381459.5016468083,5534141.680631845
1628236766403080004,381503.83502901805,5536199.872971817
1628236766463027171,381490.5002397329,5535616.1055254275
1628236766595191611,381551.53478010074,5538422.842131695
1628236766654968234,381540.5130443537,5537943.826405205
1628236766798946963,381505.29439127573,5536395.871824834
1628236766864810887,381591.0092296847,5540296.154837699
1628236767002830575,381547.77455269883,5538385.797986837
1628236767062824870,381522.8034251893,5537275.29200049
1628236767206961318,381604.7175740609,5541033.095031311
1628236767267098963,381569.25549343775,5539448.223545404
1628236767398994627,381640.7024420423,5542723.8250380345
1628236767464978118,381613.146556728,5541496.895005467
1628236767597033236,381744.7735993328,5547496.134393095
1628236767668973536,381723.6178669942,5546562.681017256
1628236767800981539,381656.2094746657,5543557.259714656
1628236767861010790,381745.88892420585,5547631.891218976
1628236768004884256,381686.1349518992,5544976.143853975
1628236768131009261,381866.3530161514,5553164.255330592
1628236768203032281,381856.3697869353,5552736.124538424
1628236768329178243,381948.5409626134,5556941.448360387
1628236768401173100,381951.2594662149,5557087.143247841
1628236768533058423,381962.2582090709,5557626.214998295
1628236768605200028,382033.0731505806,5560845.2720668195
1628236768731175302,382026.2679523559,5560580.643521316
1628236768803207854,382014.06524427707,5560052.840685746
1628236768929312879,382082.0769081935,5563163.980221336
1628236769001105461,382073.95776242076,5562820.45501119
1628236769133098379,382182.16169879993,5567742.817006855
1628236769205089597,382179.99037242506,5567667.546504176
1628236769336986502,382282.71698530554,5572339.496685571
1628236769403155033,382284.70666751394,5572451.688764989
1628236769535111651,382290.70882546494,5572763.865185414
1628236769607134285,382382.2402922616,5576909.2854705285
1628236769733204660,382383.2868054764,5576997.9485842725
1628236769811030628,382383.7042263596,5577039.099971176
1628236769937139795,382492.71228779457,5581987.433374602
1628236770003185177,382495.2818346308,5582125.286769256
1628236770135294635,382613.01874569367,5587463.010889049
1628236770207280236,382619.2196073859,5587763.944813482
1628236770339186370,382705.9123105212,5591700.999297
1628236770405228432,382708.3547622268,5591832.704507295
1628236770525220035,382707.8491543086,5591847.5678851465
1628236770597199676,382795.8552573193,5595823.445060624
1628236770741213026,382790.00463554484,5595604.18687818
1628236770801218468,382788.4676416795,5595553.7235751385
1628236770933148744,382899.71025475074,5600590.19698391
1628236770999229390,382901.41754809866,5600688.396498398
1628236771137346590,383032.25569205784,5606602.888317486
1628236771209390496,383038.2768169279,5606894.286844594
1628236771329363092,383049.64251932583,5607440.392506065
1628236771401263511,383158.0137710384,5612320.642546231
1628236771533216519,383174.00605634344,5613076.283431059
1628236771599371758,383276.3947727191,5617684.054403827
1628236771731363902,383296.92885686544,5618642.0215751
1628236771809158371,383308.92629063583,5619199.792732373
1628236771941277294,383462.4827856882,5626112.691659847
1628236772013170149,383477.0360429813,5626783.930723316
1628236772133445987,383611.95311902754,5632850.9111988265
1628236772205294148,383628.6854502056,5633618.653319065
1628236772349251233,383753.3392029211,5639227.809394402
1628236772403446129,383766.46370189806,5639830.768682491
1628236772541459913,383793.79304342635,5641090.136428638
1628236772661454323,383906.90530459135,5646173.803649154
1628236772745358031,383922.97284307587,5646912.717862641
1628236772877353759,384053.35487846925,5652764.393196712
1628236772937265479,384064.5266975363,5653278.711553098
1628236773069251928,384087.6132165887,5654342.769147055
1628236773135520729,384207.5573431707,5659707.329978613
1628236773279267404,384240.65924397175,5661218.694224391
1628236773333438963,384340.9352549958,5665700.160538556
1628236773465513726,384370.3594463253,5667043.77225172
1628236773543358143,384385.9689672187,5667756.61930103
1628236773669426326,384503.30991931283,5673010.152691211
1628236773735497570,384518.941909885,5673723.21775018
1628236773867410966,384617.5197160278,5678138.38630236
1628236773939312339,384631.4876241536,5678776.79918758
1628236774071367761,384654.54267015273,5679833.895129961
1628236774131458046,384742.437902244,5683752.787952026
1628236774269458412,384767.50777344767,5684900.66956208
1628236774341350562,384862.9846280763,5689156.190597715
1628236774467644173,384881.85972594627,5690025.382899764
1628236774539569423,384891.8865253796,5690487.128517212
1628236774671502551,384987.0310802367,5694738.660334486
1628236774743267495,384997.45613587805,5695217.376776611
1628236774881631339,385099.85202464863,5699789.422065157
1628236774947409712,385108.6407926989,5700192.632658297
1628236775067921419,385127.9762964616,5701078.8055290645
1628236775139573118,385223.89976536477,5705343.755709718
1628236775283663787,385246.40241349564,5706370.984041123
1628236775337544281,385324.2478843105,5709828.908867566
1628236775475568510,385346.55207069276,5710846.174526927
1628236775541573321,385357.44120095053,5711342.929973453
1628236775673565350,385455.2985989205,5715699.15318045
1628236775733557921,385465.7944157373,5716175.760750286
1628236775865477017,385552.28723688866,5720026.562811699
1628236775931725033,385561.8365511046,5720462.873901882
1628236776075471896,385579.47876656294,5721270.804071608
1628236776135574691,385649.7262219815,5724386.671319502
1628236776261908751,385660.55830785236,5724890.865606617
1628236776345714957,385725.31399314915,5727766.430977141
1628236776477616419,385729.43427083176,5727973.462362501
1628236776543670463,385730.7700501125,5728045.798439574
1628236776675637302,385812.10095152026,5731660.7972718375
1628236776735639587,385813.46837582183,5731732.28415218
1628236776879519777,385892.2844292799,5735235.943990011
1628236777005814772,385891.24595102936,5735213.472175196
1628236777071434946,385891.8613726457,5735251.233444528
1628236777209656803,385980.81837130326,5739199.71011983
1628236777281699609,385980.80034814123,5739210.958275251
1628236777407693252,386069.1764206836,5743129.547780246
1628236777467801120,386069.3824631668,5743148.643167754
1628236777611959161,386144.04068492353,5746461.454813367
1628236777677736158,386144.4062841998,5746488.823411345
1628236777809715605,386146.1118735619,5746584.497730967
1628236777869718295,386211.85490602045,5749490.056518353
1628236778019838210,386208.9689953336,5749385.919590227
1628236778079865717,386208.18181384215,5749360.258246374
1628236778217617760,386276.7675356228,5752399.254458902
1628236778271848946,386275.38053473743,5752346.866161583
1628236778409884128,386324.76729639573,5754540.588324054
1628236778469887603,386320.9343067096,5754380.232099089
1628236778613748107,386381.7198974838,5757074.133928823
1628236778673764867,386376.40338439535,5756848.232558077
1628236778811958493,386364.32629006106,5756335.1291908845
1628236778871899043,386427.2314745277,5759110.061739695
1628236779015806345,386413.9594157416,5758543.714614407
1628236779075758629,386407.7850478046,5758279.419012689
1628236779213806200,386463.44864745473,5760744.458041384
1628236779273822096,386456.4602195471,5760444.101237557
1628236779423944630,386509.120041356,5762776.360882906
1628236779471965498,386503.12851833965,5762518.426353226
1628236779615956919,386560.3681175579,5765049.872931875
1628236779687724987,386550.28565296135,5764613.969681412
1628236779807857549,386533.5759021744,5763891.495102342
1628236779873912072,386604.14570657327,5766999.910708362
1628236780012144935,386582.84713329695,5766076.9802516205
1628236780083985819,386642.451413712,5768701.980256174
1628236780215952267,386622.07889796654,5767817.864676801
1628236780269888311,386613.7947709996,5767457.897362602
1628236780419781240,386664.689658781,5769705.753115386
1628236780479881739,386657.81649084773,5769408.148736137
1628236780618050342,386705.94682441675,5771531.918057575
1628236780678039117,386694.8482196931,5771048.281578546
1628236780810050329,386671.6425797344,5770036.676185161
1628236780881817146,386730.61369440623,5772630.507733731
1628236781020028903,386704.9793965339,5771511.778030245
1628236781152090775,386735.5191146926,5772858.121572398
1628236781218019422,386720.07482154533,5772182.725000156
1628236781349948938,386748.4733872553,5773434.250570318
1628236781421945278,386730.7513324568,5772658.307063137
1628236781548214350,386698.88774448715,5771262.543981013
1628236781614016873,386740.057038893,5773072.1609655665
1628236781751921717,386704.21009190683,5771500.547243293
1628236781812021617,386685.30124454806,5770671.150522868
1628236781950139416,386704.0386353586,5771495.882039787
1628236782022200440,386684.0795499465,5770619.818220506
1628236782142158222,386696.33959381864,5771159.244980345
1628236782214029121,386674.3517729255,5770193.66598015
1628236782352171584,386684.62380434404,5770644.849191802
1628236782424149357,386664.7858578751,5769773.665038691
1628236782544151744,386624.0678737117,5767985.269667563
1628236782616067898,386655.62755418615,5769371.270290179
1628236782748077868,386605.8423547453,5767184.300607893
1628236782814063741,386580.4043890033,5766066.636550386
1628236782946037541,386602.7575284042,5767048.543137139
1628236783018112277,386576.7954677411,5765907.758120157
1628236783144136983,386603.1221077181,5767064.23991359
1628236783216100197,386577.0305988907,5765917.727596289
1628236783348001148,386620.8191551271,5767841.663220648
1628236783414201248,386595.9810106709,5766750.3010283755
1628236783546257422,386550.13704249327,5764735.580826282
1628236783624147114,386616.03153103514,5767631.239088763
1628236783750020117,386576.1292132438,5765877.848801972
1628236783822095955,386552.81744799024,5764853.307485317
1628236783948252998,386606.08829244704,5767194.269856772
1628236784020157556,386584.2933214541,5766236.54462954
1628236784146185941,386642.0892657493,5768775.844984984
1628236784218154316,386622.01372148725,5767893.844855049
1628236784356177600,386681.9667215528,5770527.3332300335
1628236784422165083,386663.49500514875,5769715.967430545
1628236784542195311,386632.10943919356,5768337.178000503
1628236784626060292,386812.62243208545,5776263.9809752125
1628236784752071841,386796.3476169129,5775549.548976073
1628236784824077766,386787.7324316869,5775171.333038568
1628236784944180193,386959.70373276714,5782717.022589356
1628236785022219051,386960.46800409094,5782750.53842333
1628236785154202696,387038.8292566756,5786186.344103705
1628236785226265926,387037.95336040674,5786147.949197183
1628236785352342297,387115.51479137875,5789547.285341738
1628236785424256511,387116.3039116633,5789581.862135366
1628236785550567409,387117.8821622953,5789651.015727662
1628236785622382867,387199.88981906394,5793243.617782109
1628236785748169373,387201.3041024013,5793305.559354932
1628236785886291191,387281.15763634583,5796802.297228842
1628236785952332282,387281.501669541,5796817.358439489
1628236786024283008,387282.0104521918,5796839.632061454
1628236786156188258,387360.83208939043,5800289.718522538
1628236786276194337,387361.0744698219,5800300.325060818
1628236786360295919,387439.8858912927,5803748.519099583
1628236786486331868,387440.0556294361,5803755.943712412
1628236786546348928,387440.3417597984,5803768.459488503
1628236786678221320,387518.61427964346,5807191.638636854
1628236786756458964,387519.1819296228,5807216.458177122
1628236786888342238,387597.97735739266,5810661.079414178
1628236786948372810,387598.26858315256,5810673.807445397
1628236787080341878,387598.88986628625,5810700.960579419
1628236787146485675,387676.92733412405,5814111.020668389
1628236787290257649,387677.55373374827,5814138.386068206
1628236787344776454,387755.4052364321,5817538.916482841
1628236787476440073,387756.0707606652,5817567.979101446
1628236787548434487,387756.5808355777,5817590.253371982
1628236787680500300,387836.9877980576,5821100.899306563
1628236787752306614,387837.3279941635,5821115.748893717
1628236787884397435,387914.82745670003,5824498.068705614
1628236787950411713,387914.99762497586,5824505.4935345
1628236788088571145,387992.2128770279,5827874.040378217
1628236788154343506,387992.50471384614,5827886.768716556
1628236788280589122,387993.2245799261,5827918.165285433
1628236788364363803,388070.2820227301,5831278.454774036
1628236788496345693,388070.929195627,5831306.669392196
1628236788550614417,388071.1627623291,5831316.852111805
1628236788682586852,388148.7536133254,5834699.008110811
1628236788760523192,388149.34263879526,5834724.677172027
1628236788892493089,388226.14214495337,5838070.997316542
1628236788952514723,388226.55122201185,5838088.817244705
1628236789084648007,388303.0166596947,5841419.242419132
1628236789156520736,388302.9435807199,5841416.06027424
1628236789294547557,388302.9435807199,5841416.06027424
1628236789354530296,388378.4357232551,5844702.799295362
1628236789486442185,388378.7427770635,5844716.164365456
1628236789552687244,388379.0108403174,5844727.832283998
1628236789684616002,388455.14289475576,5848041.104644584
1628236789750562134,388455.40131394175,5848052.348327456
1628236789888449601,388530.76846878906,5851331.056311333
1628236789954694916,388530.7587132593,5851330.632019465
1628236790086709707,388606.2532479608,5854613.597967439
1628236790224636314,388606.5265110179,5854625.478194354
1628236790284634841,388606.8046541738,5854637.570568381
1628236790356708828,388682.2609109783,5857917.58161852
1628236790494626507,388682.1339885309,5857912.065773483
1628236790626676821,388757.7567538605,5861198.031996448
1628236790686667843,388757.86907575844,5861202.911420222
1628236790830501473,388833.7756093227,5864499.924542611
1628236790896772712,388833.6192735217,5864493.13574785
1628236791022630537,388833.3261442381,5864480.406757844
1628236791088678989,388908.847203522,5867759.402148302
1628236791232606020,388910.10815841495,5867814.137057497
1628236791292545195,388910.6555522614,5867837.897949613
1628236791430791559,388986.21186036384,5871117.120860815
1628236791478785888,388986.0896260893,5871111.81706591
1628236791628554092,389059.8071011464,5874310.012606998
1628236791694562083,389059.7630799801,5874308.103232321
1628236791826596323,389059.7630799801,5874308.103232321
1628236791880832221,389135.19678871206,5877579.506062767
1628236792030737399,389135.172322946,5877578.445294221
1628236792090769468,389210.76768636925,5880855.591222152
1628236792228617438,389210.01384730847,5880822.919402353
1628236792282843917,389209.8425206591,5880815.493988971
1628236792432760395,389285.0459652865,5884074.409323249
1628236792486746876,389285.0312744416,5884073.772856357
1628236792624750533,389365.00659237907,5887538.070592319
1628236792684760463,389364.80083573953,5887529.160012867
1628236792834904801,389440.4516505613,5890804.866290885
1628236792894886028,389437.5552546191,5890679.481148101
1628236793026770541,389431.2088189726,5890404.737130077
1628236793086759533,389504.72392211156,5893586.89464103
1628236793224910611,389505.4102729657,5893616.596823609
1628236793296965045,389505.79266949254,5893633.14518301
1628236793423102267,389581.38553511945,5896903.999645682
1628236793488827725,389581.3315863983,5896901.665892037
1628236793626966683,389657.60652550205,5900200.752566634
1628236793698924682,389657.59671280405,5900200.328245841
1628236793830702525,389657.70955886063,5900205.207934966
1628236793890832453,389733.0668300964,5903463.3626409955
1628236794028860898,389733.0668300964,5903463.3626409955
1628236794088845212,389809.76912590244,5906778.391621472
1628236794226900909,389810.45164134563,5906807.882187036
1628236794358898290,389888.9279846608,5910198.244576393
1628236794430890455,389889.0999103817,5910205.670293572
1628236794563047894,389889.41920140653,5910219.460911393
1628236794629036683,389970.35494600295,5913714.648578774
1628236794761000310,389970.67436944036,5913728.439263872
1628236794832920825,389970.91516591393,5913738.835318968
1628236794964863420,390051.31887635903,5917209.641069137
1628236795031045734,390051.4909444936,5917217.0668586865
1628236795163067775,390132.94081703114,5920731.595672046
1628236795234949624,390132.94081703114,5920731.595672046
1628236795360999852,390215.6741015455,5924300.032189667
1628236795426837654,390215.723304942,5924302.153864714
1628236795564848543,390216.06772906194,5924317.005590212
1628236795636964015,390299.93851469446,5927932.985634554
1628236795756984362,390300.3273879901,5927949.746952134
1628236795828990690,390300.6719599048,5927964.598752847
1628236795966853516,390385.7900274724,5931632.790844894
1628236796033135506,390386.13474850426,5931647.642721524
1628236796165137600,390471.9695226321,5935345.133124755
1628236796237017134,390472.0631304749,5935349.164369145
1628236796357014237,390558.9356921472,5939089.744644531
1628236796435134862,390559.33000373055,5939106.718393423
1628236796560964964,390560.0791978984,5939138.968517415
1628236796627146321,390647.10872370773,5942884.6606003735
1628236796765074397,390648.5781908902,5942947.888149671
1628236796831030526,390649.2340304218,5942976.107158362
1628236796957162732,390737.4568469627,5946771.467909913
1628236797029181468,390737.78737972473,5946785.683575946
1628236797167219584,390827.5055023249,5950643.656058437
1628236797239102311,390827.88554015086,5950659.993553334
1628236797359094525,390918.6613751941,5954561.695078282
1628236797430968541,390918.94776819414,5954574.001310005
1628236797562977385,390919.6736281543,5954605.19124307
1628236797629201983,391010.7234839623,5958516.886423936
1628236797766991873,391011.489198079,5958549.773947862
1628236797832995309,391011.9387477321,5958569.08210777
1628236797971265204,391103.7965087096,5962513.686456869
1628236798037016555,391104.0930516357,5962526.417181522
1628236798163135186,391196.1810191998,5966479.105961912
1628236798229179165,391196.5271453703,5966493.9585554935
1628236798373273231,391288.95930089045,5970459.612068695
1628236798433290128,391289.10770911304,5970465.977500938
1628236798565180055,391289.5677752989,5970485.710341251
1628236798631248570,391381.39936435095,5974423.802044728
1628236798763172245,391382.1021535755,5974453.931922922
1628236798835049224,391474.80766346975,5978427.6920352895
1628236798961474618,391475.0007722342,5978435.9671883285
1628236799093270108,391567.9075011472,5982416.539063534
1628236799165203612,391567.7341186762,5982409.112603311
1628236799297173327,391567.5260599073,5982400.200851147
1628236799363356319,391660.58445478603,5986385.462597693
1628236799501014058,391661.394771608,5986420.154967235
1628236799561690253,391661.92755048955,5986442.964935885
1628236799699135042,391757.52855517884,5990535.19113218
1628236799765324279,391757.9277089329,5990552.272182367
1628236799897360280,391851.8150293667,5994569.300887153
1628236799969282464,391851.76790244307,5994567.285099855
1628236800101278839,391945.5796136609,5998579.243498619
1628236800167293987,391946.09824950923,5998601.417281853
1628236800299460062,391947.12559906003,5998645.340471698
1628236800371297046,392043.62062849395,6002770.100676904
1628236800509296245,392049.9069267544,6003038.733944551
1628236800569321569,392052.6404841603,6003155.544886974
1628236800701162126,392159.3142825307,6007712.883914066
1628236800767423970,392162.46167244704,6007847.307545945
1628236800899453751,392260.79541798413,6012046.281577024
1628236800965271950,392260.7134017554,6012042.78038847
1628236801103211590,392355.0612684402,6016069.688971338
1628236801169464923,392355.1035386673,6016071.49262392
1628236801301526261,392355.3646196746,6016082.632831136
1628236801361503547,392449.77846187784,6020110.518676053
1628236801499486294,392450.24116168433,6020130.252867166
1628236801571325480,392450.4899254515,6020140.862647557
1628236801703499882,392545.8857973615,6024208.770066955
1628236801763509535,392546.1620535388,6024220.54698924
1628236801901437019,392640.8227815405,6028255.268241709
1628236801973401378,392640.9173992516,6028259.300003272
1628236802105384667,392735.5644206494,6032291.603354618
1628236802165593536,392735.79858246987,6032301.576714879
1628236802297331003,392736.2245583768,6032319.719742936
1628236802381351204,392830.92775352113,6036352.576082182
1628236802507326180,392831.740222207,6036387.164737828
1628236802567327647,392832.13648876536,6036404.034665566
1628236802693575181,392927.3899541813,6040458.452068473
1628236802777458212,392928.1703868965,6040491.661609028
1628236802903525644,393022.7418000963,6044515.226265604
1628236802969388387,393022.9413630646,6044523.714374187
1628236803095630250,393116.92710972263,6048520.563592676
1628236803167617072,393117.244059512,6048534.038539112
1628236803305448963,393118.020214183,6048567.036243644
1628236803437517314,393212.0514511022,6052564.013721159
1628236803497520237,393212.1987626674,6052570.273770311
1628236803575448687,393212.37104242656,6052577.594844812
1628236803701544599,393310.6497883962,6056753.1658277
1628236803845550530,393404.2630471415,6060728.755186418
1628236803899537724,393404.3805050302,6060733.742061008
1628236804049706430,393405.02527504007,6060761.116819992
1628236804097714034,393498.6482648549,6064735.348640482
1628236804241589938,393497.9432013205,6064705.427229553
1628236804301583049,393497.79318810836,6064699.060972067
1628236804445581756,393590.5947524888,6068636.708031746
1628236804511705593,393590.4546783264,6068630.76615946
1628236804643607606,393682.63419531507,6072540.31645654
1628236804703620682,393682.57663965115,6072537.876031674
1628236804841600486,393775.29715524375,6076468.668418315
1628236804913486782,393775.4573807039,6076475.459202286
1628236805045530068,393775.8203919624,6076490.844572453
1628236805105642319,393868.206299649,6080405.742211016
1628236805243645987,393868.30648466083,6080409.986473827
1628236805315523309,393868.4267067378,6080415.079589229
1628236805441765414,393960.82067133137,6084328.618822631
1628236805501769871,393961.1163468061,6084341.139465081
1628236805645677692,394053.8391965579,6088266.902065739
1628236805705664165,394054.34056192625,6088288.123607854
1628236805843795333,394146.57497344277,6092191.518514857
1628236805897562659,394146.56494176155,6092191.094081747
1628236806047689081,394146.7329724849,6092198.203336361
1628236806107710941,394237.35174693645,6096031.587231744
1628236806245722938,394237.5424304384,6096039.651503109
1628236806305872288,394237.6327542622,6096043.471421156
1628236806437860767,394328.32296908356,6099878.25484097
1628236806509734006,394328.76223094674,6099896.82398441
1628236806647750566,394418.9816437708,6103710.08722634
1628236806707755977,394419.5742719893,6103735.1291735275
1628236806845858265,394510.28162247856,6107567.40614315
1628236806911698057,394510.4047206595,6107572.6055577425
1628236807037829119,394510.88455302134,6107592.872663951
1628236807103797511,394600.13290437387,6111361.927578147
1628236807241666889,394600.22338184976,6111365.747575948
1628236807307950266,394600.4847614392,6111376.7831252655
1628236807439927223,394690.09739633254,6115159.651962383
1628236807499923136,394690.53237384313,6115178.009269115
1628236807643777837,394780.27850823046,6118964.929929671
1628236807709947036,394781.22177598375,6119004.721986112
1628236807841941553,394871.16410233534,6122798.347464458
1628236807973841982,394868.972295218,6122705.923307856
1628236808051981095,394867.6511823099,6122650.214149037
1628236808171869775,394955.46740063175,6126352.707169256
1628236808243811738,394955.9859906815,6126374.566491562
1628236808375866372,395044.0748338747,6130087.052947783
1628236808453864301,395044.3317168409,6130097.876550558
1628236808573889216,395045.15525547,6130132.575748764
1628236808645813155,395132.8297368393,6133826.086693895
1628236808772107108,395133.41174072254,6133850.599095474
1628236808844003681,395220.5975921822,6137522.056807746
1628236808975914668,395221.2529273745,6137549.646662296
1628236809047794322,395221.7721558964,6137571.5063170185
1628236809186014938,395308.95834355074,6141241.49695471
1628236809251823405,395309.29623071104,6141255.716412924
1628236809377857288,395396.04337749915,6144905.775606918
1628236809443991461,395396.04842261074,6144905.98783869
1628236809575929517,395396.2779753132,6144915.644384398
1628236809647824651,395481.8790610366,6148516.0592091745
1628236809768074690,395482.1945052428,6148529.323759991
1628236809845989986,395568.05396278,6152139.2006297745
1628236809983888973,395568.515956029,6152158.620027597
1628236810049863501,395568.77346088784,6152169.443954474
1628236810176103698,395654.25289579085,6155761.935365137
1628236810241911235,395654.4145309513,6155768.726881796
1628236810380016964,395739.54858012206,6159345.318108248
1628236810451962619,395739.52836784575,6159344.469164549
1628236810577955014,395739.72038454603,6159352.534129713
1628236810650151904,395823.7452730913,6162881.177156441
1628236810782022926,395824.1117619128,6162896.564334754
1628236810848375920,395908.540777403,6166440.823771909
1628236810980051062,395908.50790709915,6166439.444225157
1628236811051990322,395908.616631969,6166444.007341346
1628236811178363003,395992.75952403387,6169974.912727127
1628236811244077800,395992.9112914099,6169981.279896445
1628236811382089039,396076.8866263854,6173503.818686926
1628236811448006367,396077.07387780334,6173511.671566548
1628236811585971597,396077.7039546906,6173538.095445889
1628236811652208770,396164.7751517605,6177189.056977502
1628236811778115506,396165.2662504318,6177209.644359192
1628236811844122499,396248.58558319224,6180701.973058093
1628236811982177116,396248.65649028507,6180704.944446831
1628236812048134152,396248.74765658064,6180708.764803799
1628236812174245067,396331.5944666744,6184179.991815891
1628236812306162618,396331.68566720607,6184183.812190777
1628236812384154580,396414.31525666686,6187644.655523112
1628236812516297863,396414.59909788775,6187656.541189498
1628236812582051241,396414.8246505459,6187665.986049529
1628236812708178065,396497.629877789,6191132.894620324
1628236812786167671,396497.95946028543,6191146.690548013
1628236812918026909,396580.5217955664,6194602.154105437
1628236812984309109,396580.8515011935,6194615.95009765
1628236813116346831,396663.14021065657,6198058.694991093
1628236813182110836,396663.19349056494,6198060.923584814
1628236813320134595,396663.5360045663,6198075.250258887
1628236813380180586,396745.13708563487,6201487.9781032745
1628236813512218761,396745.51018267206,6201503.578331512
1628236813584151834,396745.8071379032,6201515.994839936
1628236813716262507,396827.9869670059,6204951.661383569
1628236813782159507,396828.2154785944,6204961.212588215
1628236813914161329,396909.48318624,6208357.522699288
1628236813992271639,396909.5212853922,6208359.114574016
1628236814118335411,396990.63572132925,6211747.799176631
1628236814178319531,396991.0117696982,6211763.505745736
1628236814310261623,396991.96967954666,6211803.515048264
1628236814388402719,397072.9512975983,6215185.423288121
1628236814520331653,397073.59183194186,6215212.167029598
1628236814574321232,397073.8917653192,6215224.689893001
1628236814712320833,397154.8470585678,6218604.2789047165
1628236814784241697,397155.4217157368,6218628.263481442
1628236814916205469,397236.15715070703,6221997.467510409
1628236814982436276,397236.1622380034,6221997.679764265
1628236815114341738,397317.1559066603,6225376.450502436
1628236815186237097,397318.1177539626,6225416.566664227
1628236815318238727,397320.24757332506,6225505.3953158865
1628236815384493460,397400.24044824415,6228841.200166554
1628236815522249080,397399.2146130088,6228798.430622936
1628236815588403678,397398.7844254279,6228780.4950086
1628236815714393809,397479.5026183751,6232145.287510861
1628236815786242078,397479.92277425155,6232162.79869266
1628236815918270804,397560.0538454574,6235502.029460746
1628236815984452638,397560.44613072416,6235518.373303986
1628236816116516577,397640.37390244845,6238847.961325713
1628236816188330255,397640.67459130136,6238860.484586412
1628236816308299171,397641.02369665663,6238875.024304603
1628236816392442176,397720.5440200032,6242186.479108358
1628236816518450131,397720.81167675625,6242197.62273763
1628236816650337188,397799.66663762723,6245480.224840569
1628236816716394265,397800.05168782576,6245496.250511508
1628236816788575489,397800.5642391026,6245517.582696538
1628236816920485215,397880.8955590348,6248860.481662135
1628236817058636865,397881.4261490407,6248882.5568585135
1628236817112430635,397961.4135553851,6252209.975718695
1628236817256464346,397961.66108136834,6252220.270447682
1628236817316379908,397961.83460489823,6252227.487371179
1628236817460501203,398042.58037385956,6255585.274787585
1628236817520522471,398042.8867006415,6255598.010592304
1628236817658663421,398124.4274234031,6258987.652794664
1628236817718664934,398124.7032163249,6258999.115071041
1628236817856538791,398205.6546953789,6262363.088583243
1628236817910755562,398205.52441368124,6262357.675817267
1628236818054435497,398205.7773135151,6262368.182951257
1628236818114467626,398286.1800787416,6265708.185512237
1628236818252697981,398286.7908302296,6265733.551333321
1628236818318450216,398287.3095869555,6265755.096361947
1628236818456415661,398367.6821709946,6269092.672956613
1628236818522697803,398367.7537488154,6269095.644697989
1628236818654729661,398448.486955407,6272447.033607575
1628236818720474807,398448.42302417237,6272444.380255192
1628236818852937596,398530.15918891464,6275836.221412008
1628236818924602370,398530.4457027617,6275848.108484541
1628236819056432389,398531.13896542025,6275876.870955469
1628236819116517728,398611.9244272864,6279228.077910743
1628236819254683831,398612.2263972441,6279240.601847376
1628236819326759559,398612.5002178018,6279251.958298573
1628236819458531066,398693.39871973544,6282606.682802735
1628236819518533686,398693.6495968825,6282617.084085064
1628236819656780354,398774.91713693214,6285985.939720272
1628236819716802340,398775.13993296336,6285995.173553288
1628236819860647403,398857.6529268089,6289414.4591794945
1628236819920818101,398857.91679115506,6289425.391238612
1628236820058825887,398858.6673972007,6289456.4892329
1628236820118802595,398939.63670281775,6292810.622507269
1628236820256757542,398940.14924229524,6292831.84990262
1628236820322717974,398940.4285767873,6292843.418833337
1628236820460727953,399021.9187703988,6296217.9456115
1628236820520853379,399022.34176528663,6296235.458291997
1628236820658793040,399105.1229846353,6299662.220146193
1628236820718792867,399105.4307273145,6299674.956699389
1628236820862614551,399186.5194971718,6303030.515354848
1628236820928884393,399186.79143156053,6303041.766027189
1628236821061065459,399187.30195075105,6303062.887572887
1628236821120872347,399268.12674647453,6306406.3614975205
1628236821264688106,399269.19690236077,6306450.621417406
1628236821384848544,399350.2785561389,6309803.556788937
1628236821462902181,399350.64053416555,6309818.522440574
1628236821588669038,399351.2232942941,6309842.616078937
1628236821660856407,399431.6966068942,6313169.243863377
1628236821786675227,399432.1177776144,6313186.650798379
1628236821852926606,399512.60859641375,6316512.86878269
1628236821984935368,399513.3047961894,6316541.632809177
1628236822056833096,399513.75694180053,6316560.313505935
1628236822182871715,399594.93887938303,6319913.9306961605
1628236822266728098,399595.79722780944,6319949.381722775
1628236822392957879,399676.6965211433,6323290.17088421
1628236822458873075,399676.9433176108,6323300.360446263
1628236822590872614,399677.7351246929,6323333.051958778
1628236822656860545,399757.71367036155,6326634.689794234
1628236822801002130,399758.091707697,6326650.292630308
1628236822855070500,399839.80444706697,6330022.317225919
1628236822998913131,399840.3138177537,6330043.333385175
1628236823058886915,399840.61738262547,6330055.85816723
1628236823197045923,399919.7917078079,6333322.073734832
1628236823257024111,399919.686196443,6333317.721884943
1628236823394936103,399999.34543194144,6336602.845023511
1628236823460923772,400000.066241196,6336632.56510361
1628236823592953673,400001.5233123253,6336692.642126235
1628236823664880943,400080.8984396537,6339964.936551682
1628236823791067738,400081.50876330346,6339990.09258837
1628236823862968216,400160.5319404297,6343246.79809977
1628236823989048574,400161.351131217,6343280.551915835
1628236824060960043,400161.80194496363,6343299.12712972
1628236824192894652,400240.5118073346,6346541.835798467
1628236824264972202,400240.7411546824,6346551.282662166
1628236824391090220,400319.13699587993,6349779.994116961
1628236824463007709,400319.1988627911,6349782.541596703
1628236824589335500,400319.42313047894,6349791.776210843
1628236824661128954,400396.99657978636,6352985.579625174
1628236824793125455,400396.5736847137,6352968.171773522
1628236824871074529,400473.4346615232,6356131.630847778
1628236824997032381,400473.5636344398,6356136.938141728
1628236825063034045,400473.74419664004,6356144.3683533175
1628236825195188723,400551.68014383013,6359351.042235074
1628236825267074178,400552.14459884295,6359370.148574565
1628236825398935097,400629.8247853309,6362565.266092458
1628236825525086945,400629.871245974,6362567.176734479
1628236825597005344,400630.0596697854,6362574.92544939
1628236825663130953,400706.9183133752,6365735.240167908
1628236825795126430,400706.9828628287,6365737.893848466
1628236825927118834,400783.33934045106,6368876.567606981
1628236825999124488,400783.5407990026,6368884.847124586
1628236826071009606,400783.8507355661,6368897.584844159
1628236826197246034,400860.38928641664,6372042.74669142
1628236826322994028,400860.6579840662,6372053.786094249
1628236826395164368,400937.3037954265,6375202.357753924
1628236826527331286,400938.3272423312,6375244.392578717
1628236826592938282,400938.91133266705,6375268.3821514845
1628236826719279044,401015.56139835936,6378416.117930058
1628236826797220869,401016.0862141164,6378437.666175954
1628236826929208779,401093.0555762946,6381597.516105805
1628236826989171494,401093.4615986493,6381614.181567577
1628236827121344994,401170.0522089892,6384757.485301311
1628236827199245316,401170.7429262203,6384785.8273191275
1628236827331211818,401172.05969225336,6384839.857610695
1628236827391188195,401247.7203714915,6387944.0051893955
1628236827523335399,401248.395783865,6387971.710423836
1628236827601312660,401324.0337862198,6391073.960049219
1628236827739116867,401324.7818924605,6391104.637618787
1628236827793365708,401325.1261774234,6391118.755670252
1628236827925173188,401400.98230558634,6394228.979445772
1628236827997163908,401401.45358056884,6394248.298963857
1628236828135272303,401477.0150200567,6397345.478852663
1628236828195277294,401477.2947652051,6397356.943228862
1628236828327220020,401478.0640660238,6397388.470264301
1628236828393292858,401552.6025965716,6400442.777466691
1628236828537278352,401552.5740951701,6400441.609794013
1628236828591171482,401552.5844593157,6400442.034402259
1628236828723348644,401627.55286508595,6403513.019762008
1628236828795296735,401627.9831099592,6403530.641075301
1628236828927206380,401703.3610253421,6406617.455641774
1628236828999207276,401703.73436581844,6406632.741662402
1628236829125382235,401778.5806946772,6409696.851946669
1628236829203202709,401778.8555993681,6409708.104201616
1628236829329203170,401779.6440069893,6409740.374820487
1628236829395491144,401853.69908663514,6412771.165275562
1628236829533340697,401854.3320810143,6412797.066797015
1628236829599369245,401928.3708090149,6415826.277055751
1628236829737396343,401928.78341868886,6415843.155573529
1628236829803422970,401929.04292198434,6415853.770993704
1628236829929518865,402004.2204800262,6418928.639844388
1628236830001407212,402004.22567168664,6418928.852153648
1628236830139394629,402077.71774220484,6421933.883334325
1628236830271295874,402076.4921465902,6421883.7781543415
1628236830331292021,402076.05591911793,6421865.944108019
1628236830409510813,402147.61111925624,6424790.945607117
1628236830541441340,402145.13326392975,6424689.673322318
1628236830667318576,402217.0257320596,6427627.636610259
1628236830727874024,402216.9192108733,6427623.284221044
1628236830871545622,402289.5497989732,6430590.55788132
1628236830943341237,402289.5887816196,6430592.1502249995
1628236831063400101,402289.7758984084,6430599.793474704
1628236831135395430,402362.64111851127,6433575.783500254
1628236831273605868,402363.2572274882,6433600.942628704
1628236831327362791,402363.4833944604,6433610.178258342
1628236831471545234,402436.41289161635,6436587.984674737
1628236831525493880,402436.67293064494,6436598.600382323
1628236831675437346,402511.0987603397,6439636.715917091
1628236831735400310,402511.8414944897,6439667.076991238
1628236831873579592,402583.75528189697,6442601.488203357
1628236831933573205,402583.9894563195,6442611.042415012
1628236832077478690,402584.7101945409,6442640.448156069
1628236832137466366,402656.59026125254,6445572.747629315
1628236832275649088,402656.88957201433,6445584.9558358835
1628236832329520525,402657.06655593886,6445592.174601597
1628236832467651223,402728.92067555763,6448522.574481521
1628236832539462796,402729.10291772266,6448530.005592274
1628236832665694318,402801.3764298004,6451476.659013669
1628236832731473205,402801.8790441726,6451497.147726481
1628236832869605115,402876.2423731717,6454528.103187338
1628236832935630803,402876.674803494,6454545.725673398
1628236833067616924,402877.7610926125,6454589.994209438
1628236833127727056,402949.47061171033,6457511.935567723
1628236833277532994,402950.6223622918,6457558.858273628
1628236833337680497,403022.3529003678,6460480.810897076
1628236833469655371,403022.5536028721,6460488.985245926
1628236833529648874,403022.68132273154,6460494.187104333
1628236833679811258,403094.4117297101,6463415.301575319
1628236833739796785,403094.69592296286,6463426.873100259
1628236833871762411,403166.6817793987,6466357.553192167
1628236833931677219,403167.0729839911,6466373.477369888
1628236834075560829,403168.04839010106,6466413.181654434
1628236834129775505,403239.02999166725,6469302.151594102
1628236834273706971,403239.1526044107,6469307.141188805
1628236834399734982,403310.1569758211,6472196.228128329
1628236834471871107,403310.4309755957,6472207.375137076
1628236834603812988,403381.6277744029,6475103.479651933
1628236834675734631,403381.66953860095,6475105.178250129
1628236834813723536,403381.89663154935,6475114.414377887
1628236834873743314,403452.6541654409,6477991.845146216
1628236835005687797,403453.2338078252,6478015.4132846715
1628236835077627288,403453.55235060427,6478028.365144851
1628236835203817480,403524.62514546816,6480917.803208284
1628236835275775131,403524.93855498236,6480930.542790738
1628236835395765563,403595.63698663685,6483803.961004387
1628236835473877795,403595.62653672,6483803.536350057
1628236835611829939,403666.3735871278,6486678.133043284
1628236835677790673,403666.38926639175,6486678.770027146
1628236835804038717,403666.67933295085,6486690.554228721
1628236835869727260,403738.154885152,6489593.932191192
1628236836007948021,403738.21500605415,6489596.373971875
1628236836079731341,403738.4215083921,6489604.76095776
1628236836205914668,403809.4778915106,6492490.314175528
1628236836277844817,403809.92500352836,6492508.468352202
1628236836409764812,403880.65358094865,6495379.912424543
1628236836481872048,403880.77912121144,6495385.008352758
1628236836601863127,403951.1507590455,6498241.175246714
1628236836679859619,403951.1429106034,6498240.856750024
1628236836806217119,403951.1559913403,6498241.387577838
1628236836883784209,404020.91125905706,6501071.766672258
1628236837003811841,404021.1493938848,6501081.427773822
1628236837075762092,404021.26976981654,6501086.311407623
1628236837219802192,404091.3269983666,6503928.16685208
1628236837273926303,404091.49975927547,6503935.173830657
1628236837405809467,404161.6417974528,6506779.693880352
1628236837471929649,404161.8983920115,6506790.098220146
1628236837610091711,404232.42395162303,6509649.385962164
1628236837682049543,404233.6915684032,6509700.77085206
1628236837802096551,404235.9780087862,6509793.454763303
1628236837873947085,404308.6880614318,6512740.447953281
1628236838005953668,404310.7367671287,6512823.4709794475
1628236838077836527,404311.897358325,6512870.5032092035
1628236838204086080,404381.66488071467,6515697.4321173085
1628236838282020380,404381.759221059,6515701.254163555
1628236838402004550,404451.4777000975,6518525.432990268
1628236838485928960,404451.50653416145,6518526.600841978
1628236838606147692,404521.20730717643,6521349.30356851
1628236838678022772,404521.68450990896,6521368.626276305
1628236838804161267,404522.4344017084,6521398.990532376
1628236838876035347,404592.054765632,6524217.669256023
1628236839007891617,404593.00418966974,6524256.102476318
1628236839134182609,404663.4070447441,6527105.686875553
1628236839211946078,404663.8346659506,6527122.99250557
1628236839349949078,404734.4143815092,6529978.957590457
1628236839409892632,404734.3356566052,6529975.772493468
1628236839536179237,404734.31991162733,6529975.135474072
1628236839620098579,404804.0895059332,6532797.561204653
1628236839746344404,404804.19712573435,6532801.914186305
1628236839806222856,404804.3021207055,6532806.160997699
1628236839938232645,404874.5238165457,6535646.115142903
1628236840016119474,404874.76537079545,6535655.882844779
1628236840148151055,404945.0271469403,6538496.696740282
1628236840202133994,404945.035025853,6538497.015253459
1628236840340293877,404945.253009202,6538505.827451491
1628236840412030840,405015.2687150295,6541335.928406853
1628236840544035252,405015.45523327705,6541343.466579578
1628236840610287637,405085.67644147866,6544181.116026295
1628236840742164916,405085.7053465103,6544182.283916462
1628236840808384100,405085.83673305815,6544187.592508151
1628236840940258552,405156.284641015,6547033.639896668
1628236841012390213,405156.50543046254,6547042.55836329
1628236841144189678,405227.36947051587,6549904.648218404
1628236841210467720,405227.8584953814,6549924.396324338
1628236841342305915,405299.09171401104,6552800.617743392
1628236841414301315,405299.3547029405,6552811.235043918
1628236841540571110,405300.001656837,6552837.353603819
1628236841612307499,405370.66272225126,6555689.696723143
1628236841744218766,405371.63604983984,6555728.980880912
1628236841810742626,405372.22794001416,6555752.869896737
1628236841943527341,405443.7059143791,6558637.394304902
1628236842021280296,405444.3216501903,6558662.238973715
1628236842147441828,405515.3585940339,6561528.193624525
1628236842207431343,405515.5928481985,6561537.643127378
1628236842345355902,405586.530722426,6564398.830444713
1628236842417376667,405586.8887813059,6564413.270187432
1628236842555571657,405587.93926569796,6564455.63384591
1628236842603610590,405658.4753069483,6567299.8438260155
1628236842747352879,405658.6833540927,6567308.231648758
1628236842807392531,405658.89666842483,6567316.83182154
1628236842945716273,405729.25435571396,6570153.089028793
1628236843005860360,405729.54938826227,6570164.980668896
1628236843137624552,405800.32900622627,6573017.493069439
1628236843216401559,405800.32373636524,6573017.2807179475
1628236843348430350,405870.9721867119,6575863.7514487505
1628236843480400743,405871.3411763378,6575878.616107095
1628236843546359413,405871.56520600594,6575887.641078374
1628236843612380871,405942.3487466813,6578738.793985112
1628236843750375098,405942.9261085677,6578762.046643076
1628236843888503633,406014.1955839622,6581632.003297462
1628236843942231642,406014.4592912088,6581642.620988518
1628236844086398092,406015.27942243026,6581675.642008621
1628236844152412518,406085.76112776017,6584513.119054207
1628236844284305537,406085.43404249847,6584499.953069233
1628236844344299359,406085.3575468103,6584496.873927619
1628236844482529073,406156.37253495096,6587355.065801741
1628236844554298079,406156.602083733,6587364.303260199
1628236844686315000,406227.0791776869,6590200.101985492
1628236844740783661,406226.92346520117,6590193.837479579
1628236844884600875,406297.40102746204,6593028.903146458
1628236844944635579,406297.5911000237,6593036.547994776
1628236845088458710,406297.98444506316,6593052.368583891
1628236845142513812,406369.15662171494,6595914.626332617
1628236845286599951,406370.4505235711,6595966.653964667
1628236845346594263,406442.0727031598,6598846.229516449
1628236845484538160,406446.1271821396,6599009.214655141
1628236845538504587,406447.7146529631,6599073.0283896355
1628236845688376059,406519.03780104045,6601939.767557213
1628236845748406602,406518.39312983037,6601913.859723249
1628236845886624133,406591.76562288747,6604862.155468908
1628236845946579204,406591.62291067105,6604856.42174663
1628236846090407166,406591.09840397094,6604835.398129235
1628236846150685370,406661.15014462743,6607649.598963572
1628236846288690057,406659.8497574313,6607597.67693316
1628236846348658162,406731.0569392615,6610457.6515934905
1628236846486602630,406732.1497513788,6610502.035477569
1628236846552574722,406732.3993359922,6610512.335187279
1628236846678698014,406801.85965492873,6613301.816346775
1628236846744500975,406801.92566357116,6613304.789620236
1628236846888654656,406869.41053852893,6616014.644710268
1628236846948629078,406868.62090501905,6615983.321385019
1628236847080611756,406867.3178949091,6615931.823837086
1628236847152523561,406932.4330248399,6618545.380614868
1628236847284563847,406930.6293704918,6618473.920779149
1628236847350724242,406987.31830045674,6620748.764698421
1628236847482728429,406981.0600729769,6620498.812586948
1628236847620528298,407039.2896666215,6622836.20452237
1628236847692630227,407035.2247150255,6622674.064490366
1628236847812670514,407029.3037867116,6622438.02187415
1628236847890545446,407092.7497383079,6624983.537285698
1628236848016661482,407085.8922210049,6624710.223998351
1628236848088685308,407082.4645484759,6624573.673613284
1628236848214693963,407142.83097006206,6626996.130334178
1628236848292817246,407138.9332516119,6626840.891428412
1628236848430558772,407200.16966434603,6629298.289750465
1628236848490699053,407197.12144625257,6629176.922734512
1628236848616711919,407252.03522666416,6631380.018298145
1628236848688603897,407247.59233868064,6631202.904662159
1628236848832694245,407238.9580128939,6630858.658705869
1628236848886814677,407300.37131804036,6633320.740642158
1628236849018745819,407291.7902505995,6632978.511144249
1628236849084973070,407287.2246175122,6632796.4064519135
1628236849216756184,407349.8759734249,6635308.6139096115
1628236849288858152,407345.74689709116,6635144.029053778
1628236849420754476,407419.49462156126,6638100.307500065
1628236849486798069,407417.02231079433,6638002.087344185
1628236849618756672,407476.84482939943,6640399.73781572
1628236849696932798,407472.9339615996,6640243.965240102
1628236849822659763,407466.8125339828,6639999.953338018
1628236849888899505,407524.93382438726,6642327.632995779
1628236850020788099,407516.90980516234,6642007.167032037
1628236850092690465,407580.31208964717,6644546.267880036
1628236850224699495,407572.032580009,6644215.394707718
1628236850290931189,407567.64039167884,6644039.764332007
1628236850422823703,407625.44970242097,6646354.395180581
1628236850494726046,407620.34475421265,6646150.094115211
1628236850620943990,407710.9844312734,6649777.401787516
1628236850692986157,407713.326474127,6649871.164119993
1628236850824767546,407711.2168299694,6649786.852442044
1628236850890912513,407782.4007221674,6652634.767839725
1628236851022866415,407782.54956711386,6652640.820528711
1628236851095058221,407782.1606741825,6652625.31734102
1628236851221017449,407853.61695515644,6655483.330606474
1628236851292927790,407853.561194847,6655481.10068316
1628236851418922387,407925.0929484371,6658341.460361117
1628236851484922874,407925.44884576846,6658355.689446812
1628236851623031481,407998.08611820184,6661259.490169821
1628236851695024141,407998.0967448338,6661259.9149202
1628236851820808869,407998.0967448338,6661259.9149202
1628236851892981694,408069.20434552926,6664101.818627854
1628236852025039280,408069.69861277775,6664121.569591124
1628236852097062384,408142.30777788855,6667022.736607738
1628236852217084949,408142.82609957515,6667043.443338629
1628236852355025419,408216.08468886407,6669969.78771703
1628236852426957335,408216.43830579653,6669983.910821478
1628236852498842581,408216.9142270486,6670002.918609063
1628236852625079281,408290.29619845323,6672933.415216861
1628236852751003531,408289.30686978117,6672893.912854604
1628236852823005126,408288.8786936907,6672876.816402727
1628236852960925192,408373.15385971277,6676241.320245194
1628236853020992152,408373.0767112727,6676238.240747144
1628236853152959682,408447.67917827604,6679215.802388739
1628236853231045452,408448.58392352087,6679251.906983878
1628236853362932150,408523.872226885,6682256.027445426
1628236853428926295,408523.9999907233,6682261.124584017
1628236853549193704,408524.41256185493,6682277.584094271
1628236853621161821,408598.93345886434,6685250.283444607
1628236853759133945,408600.1022853423,6685296.901200269
1628236853825088122,408600.568219826,6685315.4845888205
1628236853951094123,408676.7822607781,6688354.883286506
1628236854029092438,408677.3415372365,6688377.183437985
1628236854155125205,408752.0606704467,6691356.170741764
1628236854221151666,408752.1272690119,6691358.825531613
1628236854353128264,408826.7308186815,6694332.408124023
1628236854425081816,408826.7894411946,6694334.744347768
1628236854551318800,408827.13318254374,6694348.443114393
1628236854623412519,408901.70884512365,6697320.125332898
1628236854755131012,408902.09265992267,6697335.4170363
1628236854827040095,408902.46314832167,6697350.177778052
1628236854965249487,408978.8241044542,6700392.170736517
1628236855025297578,408979.13337427855,6700404.489100278
1628236855157033812,409054.1550172895,6703392.335112632
1628236855235185766,409054.4857054967,6703405.503067928
1628236855367272737,409129.78112992196,6706403.448632729
1628236855427343117,409129.7437840573,6706401.961922541
1628236855559063913,409129.866491917,6706406.846827456
1628236855637212390,409204.9714643801,6709396.414264211
1628236855763399223,409205.5584866238,6709419.77694024
1628236855817365433,409205.8199787475,6709430.183950689
1628236855961099417,409283.1179468093,6712506.204857662
1628236856033098073,409283.53698416066,6712522.8773772195
1628236856171138965,409359.7323418794,6715554.202101892
1628236856219255525,409360.13280554774,6715570.131321029
1628236856357390353,409436.37569891004,6718602.52947207
1628236856429351075,409436.43712008354,6718604.971961562
1628236856561146496,409436.57598539494,6718610.494111747
1628236856699387108,409512.4576691549,6721627.717738631
1628236856759370374,409512.69006443396,6721636.956755354
1628236856825210699,409512.90109019866,6721645.346207411
1628236856957458701,409588.03654472576,6724632.102946133
1628236857101323008,409664.69665481313,6727678.659315599
1628236857161322039,409664.5630221298,6727673.349496079
1628236857305239072,409664.4347348133,6727668.252069374
1628236857359401909,409740.7334157251,6730699.633759706
1628236857497251155,409740.94461242703,6730708.023306018
1628236857557331114,409741.0649144165,6730712.802161554
1628236857695231798,409817.6597163048,6733755.133594736
1628236857761491146,409817.63832347945,6733754.2840172155
1628236857899403437,409892.59824793495,6736730.89059761
1628236857953422803,409892.79885890346,6736738.855416232
1628236858097508920,409970.5049221848,6739823.688733208
1628236858163472950,409970.6467262599,6739829.317226555
1628236858295478684,409971.1631077368,6739849.813438514
1628236858355539691,410048.5695131243,6742921.914813997
1628236858499414342,410048.72206138336,6742927.9681224795
1628236858565435346,410048.87193343695,6742933.915232609
1628236858697556842,410126.62349966867,6746018.878369815
1628236858757529562,410126.9367112048,6746031.303629547
1628236858895482247,410204.5463009601,6749109.800415698
1628236858967598194,410204.80604319816,6749120.101738705
1628236859099320887,410283.5429466321,6752242.470704921
1628236859159308408,410283.3822368763,6752236.098727982
1628236859297506273,410283.3661659057,6752235.46153029
1628236859369476096,410361.49791632587,6755332.991687814
1628236859501391112,410361.2567858244,6755323.433686
1628236859561489246,410361.30501190835,6755325.345286351
1628236859705514478,410436.9663085381,6758324.120839048
1628236859765539075,410436.1998475825,6758293.747521708
1628236859897545033,410510.1347541135,6761223.2910833135
1628236859963368352,410508.8357590962,6761171.783673204
1628236860107527022,410575.0076674582,6763793.03563591
1628236860167571729,410570.44821879955,6763612.387505703
1628236860299554983,410562.4098418277,6763293.8903973615
1628236860359589872,410650.88876594,6766798.533295905
1628236860503524576,410648.64935486385,6766709.855031411
1628236860569442284,410647.8152792777,6766676.826362916
1628236860701634073,410726.48669988534,6769791.828713641
1628236860833573744,410728.1284840688,6769856.824285796
1628236860905507716,410807.8041049567,6773010.708863442
1628236860965504682,410808.3837210469,6773033.648567285
1628236861103721664,410888.49192239286,6776203.794481925
1628236861235607490,410888.1993493994,6776192.21838252
1628236861301805261,410888.29061066825,6776195.829275894
1628236861433705830,410967.5404290339,6779331.152861085
1628236861505730662,410967.68272841244,6779336.78162833
1628236861631684746,411046.9140779516,6782470.524242795
1628236861703649134,411046.63208678656,6782459.372868633
1628236861829626158,411046.08153340034,6782437.601138567
1628236861907753580,411123.6394480418,6785504.340963329
1628236862033738540,411123.81406046695,6785511.244220702
1628236862093685429,411203.848479405,6788675.066394705
1628236862237670392,411205.14365893125,6788726.256903444
1628236862303873101,411205.8906738211,6788755.781721151
1628236862441677442,411286.43173173047,6791938.733325709
1628236862507777371,411286.73008365755,6791950.522058148
1628236862627758356,411367.88504407567,6795156.8512554765
1628236862699712887,411368.43352058716,6795178.517119453
1628236862837838712,411450.06341086415,6798402.701514799
1628236862909821625,411450.4372332009,6798417.464098286
1628236863029809388,411451.2252199867,6798448.582350684
1628236863107776591,411532.02778595046,6801639.218530518
1628236863233659927,411531.35256547714,6801612.560810984
1628236863312016497,411530.9947799638,6801598.435406163
1628236863431898011,411612.52458453976,6804816.909953299
1628236863503748166,411613.19999294006,6804843.567777141
1628236863635770717,411694.898006285,6808067.790248451
1628236863701791602,411694.8172575191,6808064.604041785
1628236863833662439,411694.9733718199,6808070.76404135
1628236863905799445,411776.08584361436,6811270.996353066
1628236864031834687,411776.2958487818,6811279.280522819
1628236864103786859,411857.8124145927,6814494.60687067
1628236864235947025,411860.9235299452,6814617.595612223
1628236864301906542,411864.40718308726,6814755.347296875
1628236864445707359,411952.5177498221,6818230.898100256
1628236864505818932,411953.01264284406,6818251.184366254
1628236864637903327,412032.61332747666,6821391.024932567
1628236864703950717,412033.0340464408,6821408.975068529
1628236864841737685,412032.23731959506,6821380.619328318
1628236864901905879,412106.9330603442,6824326.00293718
1628236865033920813,412102.6087396509,6824159.576017447
1628236865105884857,412174.70377117675,6827002.371714315
1628236865238001298,412169.27884587843,6826793.673622795
1628236865303936576,412166.5822778791,6826690.440110457
1628236865435951113,412218.3174416318,6828734.019354866
1628236865567895394,412207.1539910947,6828301.11368885
1628236865639795992,412240.88137971854,6829632.559049665
1628236865766017719,412225.16023843235,6829021.22144415
1628236865838009503,412216.25399619335,6828674.981165684
1628236865969936944,412226.73746329563,6829095.788601541
1628236866041828232,412214.65991936007,6828625.177250797
1628236866168082907,412174.7103659342,6827060.0803810535
1628236866228074403,412155.6208896927,6826312.901107295
1628236866366018133,412119.0578734087,6824883.651765684
1628236866438022398,412090.78982181195,6823776.108453714
1628236866575883233,412040.36735644226,6821801.376295764
1628236866642123551,411992.366252766,6819915.647601839
1628236866768037244,411929.6745919642,6817457.678423753
1628236866840269208,411966.3355236679,6818910.717754984
1628236866972013509,411895.97935506474,6816151.546604326
1628236867043878575,411860.59857443447,6814764.583617073
1628236867170145050,411850.19630155165,6814370.138243991
1628236867242073824,411812.9186122825,6812908.727164157
1628236867379924049,411828.50628365454,6813541.098258787
1628236867440036576,411795.2001783418,6812235.494458562
1628236867565934629,411724.6552059048,6809470.506399756
1628236867644102459,411745.52358941844,6810305.514342484
1628236867782134368,411662.0138947514,6807031.060478996
1628236867835989931,411631.6790332571,6805841.444286035
1628236867962527021,411640.0801656217,6806192.7885017255
1628236868034214518,411599.8885798789,6804617.5400756495
1628236868172129209,411581.8094905015,6803926.575766099
1628236868232148134,411544.17930886534,6802451.058581818
1628236868364126196,411544.74439407745,6802495.360658148
1628236868442195298,411505.8226445784,6800972.58690327
1628236868573998240,411439.9567198744,6798393.073995395
1628236868634477608,411465.3173383435,6799406.81528938
1628236868766170629,411385.31772756786,6796271.536274072
1628236868838126660,411408.62668896955,6797205.196491565
1628236868976241771,411317.451509003,6793630.66365407
1628236869036309435,411278.27671805455,6792094.629437453
1628236869174174176,411281.2036008725,6792236.323353743
1628236869240151099,411237.61658554454,6790528.135583966
1628236869378283889,411223.3992830847,6789995.219512511
1628236869444159727,411191.88720651064,6788762.299853098
1628236869576144501,411132.8864390049,6786457.472999052
1628236869648222691,411161.156802154,6787592.5943277115
1628236869780203491,411131.7285665248,6786457.289749886
1628236869912319916,411170.0773169911,6788001.516765041
1628236869972356964,411172.12361797766,6788095.515957293
1628236870044221697,411175.3538825639,6788238.583007915
1628236870182245487,411197.20524909685,6789133.481083228
1628236870314360652,411176.09599166043,6788328.470611677
1628236870368498869,411229.55316710717,6790454.79900544
1628236870518241078,411180.89728199935,6788563.9548980715
1628236870578235734,411157.4696421316,6787651.774985156
1628236870710398304,411214.29386811936,6789929.879792445
1628236870770378089,411196.4129700157,6789237.116773065
1628236870914415614,411267.47610321327,6792078.111726777
1628236870974399250,411249.55706894206,6791384.178767336
1628236871112388781,411312.5037316072,6793903.698232792
1628236871178180213,411299.76496090717,6793414.526917797
1628236871304398748,411275.16372394236,6792473.145994867
1628236871382368988,411357.39482817636,6795740.2386277905
1628236871508313220,411338.2243522682,6795011.370195048
1628236871580340246,411326.1668709881,6794551.618615041
1628236871712433716,411394.90906221274,6797299.596023448
1628236871784345344,411389.0368845301,6797081.777613216
1628236871916406802,411454.60867844964,6799703.909598407
1628236871976376431,411448.49068114324,6799476.425821032
1628236872114519539,411508.87497094984,6801892.950288857
1628236872180317040,411501.9282737631,6801632.75441249
1628236872306495039,411488.69659564714,6801140.721350967
1628236872378438606,411559.6472439285,6803957.744423092
1628236872510404256,411553.3503924521,6803739.403553613
1628236872582273695,411554.44254643033,6803798.677061608
1628236872720528485,411637.13786636136,6807093.755594491
1628236872768555439,411639.3314786922,6807191.791815337
1628236872918518116,411709.719829837,6810003.005774683
1628236872978475655,411714.66084453394,6810211.605419646
1628236873110526139,411792.141699123,6813296.62948157
1628236873170534959,411796.4563298954,6813480.377331792
1628236873314363264,411802.16071985237,6813737.101540501
1628236873380486063,411882.88788531045,6816935.241460164
1628236873518352325,411877.6269317458,6816757.362009145
1628236873572738038,411874.4606743208,6816646.170996591
1628236873710532239,411951.9040216197,6819730.158561697
1628236873788343423,411947.6897393806,6819579.990153954
1628236873914504158,412047.33052184596,6823534.899283324
1628236873974489443,412050.1860893422,6823660.977981589
1628236874112633998,412147.6000663821,6827529.241441346
1628236874190384465,412154.47875886736,6827816.017096188
1628236874316531450,412165.60581892414,6828283.7826368855
1628236874376543320,412239.3261549835,6831199.459175012
1628236874520454237,412253.8857142025,6831804.4513240205
1628236874646627926,412321.6835667162,6834502.525970247
1628236874712721617,412325.70313429646,6834676.721192452
1628236874850563490,412415.0623851952,6838222.472974523
1628236874916568069,412427.2635725675,6838718.487744549
1628236875048683872,412451.06543291244,6839684.601267141
1628236875114628386,412534.8560537477,6842996.169614517
1628236875258472544,412561.9497912871,6844091.547675758
1628236875318582071,412581.27148106194,6844867.4336480545
1628236875444733623,412677.2175282505,6848669.519339619
1628236875522396018,412697.4584249712,6849481.415673751
1628236875648662454,412809.3595897212,6853908.903234739
1628236875720624046,412828.48621412745,6854676.832691691
1628236875852772574,412930.3772570223,6858709.76551666
1628236875918766779,412947.7783036923,6859409.82914479
1628236876050767460,412976.92678801395,6860585.633513774
1628236876122631236,413076.3461760093,6864505.574207127
1628236877520684328,413815.95674583054,6893824.005991241
1628236877652889064,413928.0249109598,6898241.586050335
1628236877724854778,413941.9714284097,6898802.32310579
1628236877850661139,414042.6546809097,6902767.486104379
1628236877922800359,414060.32385327574,6903475.181319143
1628236878054922973,414086.4097691742,6904521.775871686
1628236878114840124,414172.9437039234,6907918.469471831
1628236878252908169,414194.23631283303,6908776.263272955
1628236878324791032,414204.50227985776,6909190.900907216
1628236878456911465,414321.4037600385,6913787.540777428
1628236878522698512,414333.5322187963,6914272.337902055
1628236878648839529,414444.4401881533,6918629.846991535
1628236878780752252,414471.4128827511,6919705.615483744
1628236878852807519,414567.8464235118,6923484.024454487
1628236878918895516,414582.00891985616,6924048.387582318
1628236879056728625,414604.88243350264,6924961.9080602685
1628236879182752874,414704.7419046842,6928880.612608375
1628236879254754518,414713.523560932,6929233.596122805
1628236879386915259,414830.58752460143,6933822.108960925
1628236879446939493,414840.06466403545,6934200.002473221
1628236879584856468,414866.0718431379,6935231.545580821
1628236879651000841,414967.536443201,6939198.622524975
1628236879788949400,414993.1226198986,6940213.069566054
1628236879848788368,415077.8886561964,6943524.07391355
1628236879980970896,415086.91988595005,6943891.300861781
1628236880052931123,415096.6976027154,6944279.608217138
1628236880184888920,415213.19189019455,6948832.772064286
1628236880251152815,415232.7459515045,6949601.047606591
1628236880382999145,415316.206830233,6952864.078480689
1628236880454949596,415331.42859629134,6953462.502693267
1628236880593100893,415431.7456242066,6957380.005367573
1628236880653098199,415439.7090784191,6957694.118048295
1628236880785038733,415460.6981602085,6958519.393018089
1628236880863112680,415539.8389827118,6961604.949336898
1628236881000903259,415569.3825252376,6962761.388369741
1628236881055079086,415582.94288593077,6963291.832660951
1628236881187154926,415655.2611937095,6966111.467541612
1628236881253169904,415664.95873059414,6966491.124413097
1628236881391009800,415755.3090491502,6970009.957888496
1628236881457032210,415767.2421797619,6970475.71342764
1628236881582919551,415786.8410902209,6971240.181639108
1628236881649142593,415857.464120126,6973987.551798676
1628236881787100473,415879.4511625417,6974843.697361517
1628236881853068397,415946.25803883304,6977441.40299736
1628236881985152437,415985.9946632418,6978987.028317387
1628236882057202629,416002.07033544226,6979612.44979254
1628236882189105816,416069.65255540656,6982239.91452797
1628236882254991121,416071.93739058793,6982329.147189437
1628236882387202674,416141.17028365505,6985019.879694227
1628236882459192014,416149.6234104467,6985348.766140575
1628236882597055235,416165.33126134705,6985959.851492162
1628236882657322885,416212.9919897545,6987810.635985702
1628236882789162495,416224.382577161,6988253.773753501
1628236882861123440,416270.4591915128,6990042.52480479
1628236882993232734,416280.11082839087,6990417.888867146
1628236883125160657,416313.9466188592,6991730.46714616
1628236883185273355,416315.7268575949,6991799.676169592
1628236883257153280,416317.98277692497,6991887.369263405
1628236883395052028,416350.4792682503,6993147.896992309
1628236883527128086,416349.87461405864,6993124.420082065
1628236883587055777,416349.72550268087,6993118.630527376
1628236883725324182,416411.56077405147,6995519.440165525
1628236883791289319,416411.8809468967,6995531.869152804
1628236883923311299,416476.46318322374,6998038.810298416
1628236883983307538,416476.38243951654,6998035.676484713
1628236884133248887,416538.2560888566,7000437.031100224
1628236884193280665,416539.43052335246,7000482.604316851
1628236884331114719,416542.0997087003,7000586.179818226
1628236884385324100,416603.1631266716,7002955.619011933
1628236884523343372,416603.56289828464,7002971.1288233865
1628236884589128159,416603.9407650626,7002985.788782416
1628236884727272357,416664.44637391646,7005333.138392983
1628236884787261650,416664.6367125126,7005340.521508647
1628236884925345315,416724.4992558362,7007662.488087267
1628236885003288449,416724.94848446443,7007679.91016312
1628236885117328394,416785.0276980704,7010009.850523334
1628236885189293773,416785.2427656633,7010018.189771484
1628236885333230513,416785.7071477723,7010036.196173813
1628236885399347963,416844.528974668,7012316.957181745
1628236885531320535,416843.346571467,7012271.117753054
1628236885591327372,416842.83141221997,7012251.145998096
1628236885735342827,416902.0557887556,7014547.104218624
1628236885801469233,416902.2421571677,7014554.328064181
1628236885927394368,416962.1819998025,7016877.594411706
1628236885987372567,416962.39444465144,7016885.827493355
1628236886131368979,417021.0347667764,7019158.320500134
1628236886191505167,417020.88260115916,7019152.424535718
1628236886329244399,417020.8620382434,7019151.627783773
1628236886389385751,417079.28412327473,7021415.256258318
1628236886533396782,417080.2918901228,7021454.297207427
1628236886593391710,417138.74941879674,7023718.88785883
1628236886731506018,417141.0519431863,7023808.071438767
1628236886791543953,417142.03521797847,7023846.156389068
1628236886935421233,417204.67820455995,7026272.389069487
1628236886995408905,417205.36676918145,7026299.053922679
1628236887133525131,417264.1528168006,7028575.502515104
1628236887181602301,417264.15556058695,7028575.608749861
1628236887331309159,417263.97447073396,7028568.597255877
1628236887403490865,417321.6021988102,7030799.795726677
1628236887529594650,417321.8025307845,7030807.550884071
1628236887667599421,417379.1673688339,7033028.184747696
1628236887727560834,417379.0671851198,7033024.307158987
1628236887854116355,417439.16444147035,7035350.279314185
1628236887925508374,417438.64009594277,7035329.988316022
1628236888057501698,417437.89750333107,7035301.251589073
1628236888135594525,417495.03302940086,7037512.229573568
1628236888255618608,417494.9822332423,7037510.264210155
1628236888333444097,417495.0124363627,7037511.432804617
1628236888459509480,417552.40927825245,7039732.137064046
1628236888537613728,417552.3818160277,7039731.074702711
1628236888663454785,417610.4933733517,7041979.034314306
1628236888729652930,417610.96168812015,7041997.1476224745
1628236888867681741,417671.9780223835,7044357.033493125
1628236888933434561,417672.45466713863,7044375.465561311
1628236889059715081,417673.46977168845,7044414.720024836
1628236889131714137,417731.305956675,7046651.218244563
1628236889269630820,417730.8786850615,7046634.698393502
1628236889335471379,417730.7619067435,7046630.1833217265
1628236889467679050,417789.82456156897,7048913.697258636
1628236889521718003,417790.34122755483,7048933.669864397
1628236889671658241,417847.9962758792,7051162.371315383
1628236889731655308,417847.2664942508,7051134.165249035
1628236889863540795,417900.6528944876,7053197.513224884
1628236889929737394,417900.27626092563,7053182.958647817
1628236890061776761,417899.588974519,7053156.399201241
1628236890133775987,417956.97039468616,7055373.797179634
1628236890265642992,417957.37046520977,7055389.254817046
1628236890337526725,417957.64955249615,7055400.037980077
1628236890463757561,418014.8541261,7057610.217498804
1628236890535793495,418014.6409927313,7057601.984028171
1628236890661728048,418072.10311922524,7059821.730638078
1628236890733737605,418071.9545875015,7059815.993753567
1628236890865775130,418129.49440753565,7062038.348879918
1628236890937742394,418129.0721188556,7062022.041212899
1628236891057856465,418128.2839398041,7061991.603776577
1628236891135763284,418186.4429120358,7064237.496453515
1628236891273667566,418188.94957812055,7064334.280318625
1628236891333839904,418190.3074781935,7064386.709343364
1628236891465818525,418247.85668162955,7066608.651231598
1628236891543633387,418247.90759468224,7066610.616661125
1628236891669741161,418304.89989957225,7068810.6788612
1628236891735848167,418304.7512628501,7068804.941917244
1628236891867904772,418360.1842431064,7070944.452892636
1628236891987856540,418360.06311142485,7070939.7783342255
1628236892071784744,418360.13193623844,7070942.434333319
1628236892137954655,418417.23579080345,7073146.066553658
1628236892257915085,418417.478096107,7073155.415694239
1628236892389926908,418474.9169880445,7075371.589898997
1628236892468278187,418475.1799902068,7075381.735867299
1628236892539872118,418475.5035795412,7075394.219126896
1628236892659875520,418533.60124335496,7077635.418738414
1628236892791953625,418535.4398345223,7077706.334463025
1628236892863966526,418601.1001025635,7080238.746813871
1628236893007729482,418602.2902632073,7080284.642969976
1628236893067985935,418602.8812126119,7080307.431687274
1628236893193863677,418659.599898105,7082494.620209765
1628236893271938841,418659.39461476647,7082486.705227406
1628236893404003771,418715.541513852,7084651.4822326135
1628236893463937939,418715.3306840777,7084643.354747395
1628236893595917281,418771.6524149858,7086814.511621778
1628236893662284350,418771.1438576603,7086794.9099912895
1628236893805986679,418770.49059004005,7086769.730661715
1628236893866067278,418826.6524429183,7088934.358927423
1628236893992529766,418826.23477805447,7088918.2632404845
1628236894069904264,418826.1217467291,7088913.907312056
1628236894201889869,418882.04172851774,7091068.8728445405
1628236894268226083,418881.6239942682,7091052.777118245
1628236894393998810,418937.8236466183,7093218.159709422
1628236894471839774,418937.91603240673,7093221.718839215
1628236894604283148,418994.5664492789,7095404.105678399
1628236894664278838,418994.83399990044,7095414.41124422
1628236894801982572,418995.3125574737,7095432.844395761
1628236894868033861,419053.0542940545,7097656.884092348
1628236895006100290,419053.30947714625,7097666.711590229
1628236895059989706,419053.4060329614,7097670.430102968
1628236895198113721,419108.25353805296,7099782.654227236
1628236895270324889,419107.2478148345,7099743.928480395
1628236895396101118,419163.50074971817,7101909.916932641
1628236895468130300,419164.3107064383,7101941.099469748
1628236895600147495,419222.29395457334,7104173.336501195
1628236895672329955,419222.7935381862,7104192.56666735
1628236895798114582,419223.7747667273,7104230.336414804
1628236895870134336,419281.254948943,7106442.817838984
1628236896002065174,419282.2239254919,7106480.1095841285
1628236896062202564,419282.63663857395,7106495.993105693
1628236896200109607,419338.8815085699,7108660.563957055
1628236896266009239,419338.8828891129,7108660.617079332
1628236896404101937,419394.419199255,7110797.5696208365
1628236896470172855,419393.9649259349,7110780.0923491875
1628236896602393450,419448.8171313279,7112890.38253883
1628236896734180893,419447.1502758577,7112826.2636433225
1628236896794168356,419446.40178171603,7112797.471232776
1628236896872377424,419499.78684252076,7114850.9781336645
1628236897004386962,419499.2840851529,7114831.641488534
1628236897136451625,419554.70873041725,7116963.296773417
1628236897202185204,419554.4711249994,7116954.159655342
1628236897340164193,419554.12024288555,7116940.666469524
1628236897406454883,419610.37186345435,7119103.775631245
1628236897538432911,419610.715895704,7119117.003235719
1628236897604196684,419667.01421548234,7121281.552074768
1628236897748184648,419667.43292729236,7121297.648356241
1628236897808188706,419667.6291554476,7121305.19182819
1628236897934448283,419726.65864684485,7123574.345577148
1628236898006104160,419726.73742824886,7123577.373598364
1628236898150219198,419783.41028245044,7125755.586100986
1628236898210229948,419783.81807923695,7125771.257477785
1628236898348454522,419841.0811334681,7127971.787253853
1628236898408480570,419841.01615145645,7127969.290451972
1628236898546302130,419840.8460922084,7127962.756268356
1628236898606503427,419896.8452533221,7130114.364703015
1628236898738515710,419896.7138851506,7130109.317963548
1628236898798507790,419896.7249477315,7130109.742952133
1628236898942563871,419952.538376653,7132253.866182701
1628236899008639496,419952.473373326,7132251.369368692
1628236899146286136,420008.62095727114,7134407.981907062
1628236899200326165,420008.70672049007,7134411.275584656
1628236899344545451,420064.9977806526,7136573.046425162
1628236899416292626,420065.1029271594,7136577.083846309
1628236899542372888,420065.2066901914,7136581.068143513
1628236899602342718,420121.39230022393,7138738.434994358
1628236899740558601,420121.99145810655,7138761.437726754
1628236899818200241,420122.341543915,7138774.878122634
1628236899944381143,420178.7248506708,7140939.475222997
1628236900010250843,420178.89784666634,7140946.115751135
1628236900142650804,420234.84333188675,7143093.559002993
1628236900202676521,420234.8087270166,7143092.230894135
1628236900346598769,420290.25524906535,7145220.18267215
1628236900406614618,420290.487831551,7145229.107585173
1628236900544629038,420291.1468161185,7145254.394839227
1628236900610394929,420346.76865873643,7147388.7267687395
1628236900754276059,420345.766175371,7147350.264550377
1628236900880429715,420403.19101711706,7149553.3980512405
1628236900946453094,420402.93066063203,7149543.410599803
1628236901072405315,420402.74231776595,7149536.1856350005
1628236901150312661,420457.5124024757,7151637.165466354
1628236901276485073,420455.9541744953,7151577.3999930965
1628236901348486144,420510.7093322516,7153677.481534305
1628236901480769007,420510.49045346794,7153669.087786056
1628236901540454811,420510.50984778494,7153669.831535897
1628236901678666915,420566.20890220965,7155805.777485698
1628236901738692642,420566.35161211883,7155811.249372726
1628236901870502871,420621.9253258195,7157942.047327504
1628236901942521345,420622.27730830444,7157955.541139701
1628236902080717520,420623.05056242784,7157985.185027061
1628236902140708112,420678.6375553028,7160116.147576169
1628236902272708824,420679.4982531938,7160149.138434363
1628236902344397260,420735.203895471,7162284.30308837
1628236902470537358,420736.11463830626,7162319.206545286
1628236902542773350,420736.4764409214,7162333.072302524
1628236902674999928,420792.8457182943,7164493.317501869
1628236902752553014,420793.6997688347,7164526.042894342
1628236902872579653,420850.08145362546,7166686.399664457
1628236902950841611,420850.7539909589,7166712.165661884
1628236903076430396,420851.7676527917,7166751.0005996255
1628236903274917157,420907.4622896364,7168884.693577819
1628236903352869680,420962.7525598209,7171002.560113123
1628236903472809100,420963.16176192585,7171018.23229054
1628236903544824647,420963.41144480347,7171027.7949752
1628236903682889518,421017.5660524074,7173101.837531772
1628236903742885747,421016.8973531092,7173076.230727918
1628236903874816318,421073.8643934252,7175257.593095592
1628236903946887991,421073.75893817306,7175253.555498452
1628236904084518643,421073.7977901043,7175255.043034237
1628236904145281374,421128.6510986666,7177355.18048685
1628236904277117183,421128.179251015,7177337.117509938
1628236904348643019,421183.0647739756,7179438.163013271
1628236904480946727,421182.59979250625,7179420.3656268325
1628236904546960831,421182.32219192525,7179409.740321663
1628236904684697499,421236.79698470456,7181494.746455379
1628236904750661400,421236.54155239597,7181484.97115191
1628236904876975402,421291.2790104442,7183579.704326715
1628236904954585249,421291.11517495837,7183573.4353674585
1628236905069509404,421291.13322462677,7183574.12601551
1628236905152693882,421344.50717339874,7185616.374716188
1628236905279006568,421340.49261353636,7185462.784877137
1628236905350967143,421394.51317872724,7187529.476309873
1628236905470990651,421394.86594616034,7187542.970570063
1628236905609306112,421450.5922349704,7189674.588169005
1628236905681026929,421450.66863384773,7189677.510161465
1628236905753008069,421450.6505759298,7189676.8195087
1628236905878768010,421505.5162573624,7191775.184518584
1628236906011034784,421506.026126594,7191794.682223294
1628236906088708688,421506.25397030544,7191803.395094203
1628236906221032834,421562.85395273217,7193967.749307859
1628236906274786638,421563.27914486756,7193984.006289421
1628236906407058210,421619.12544019625,7196119.198760396
1628236906490795498,421619.13238889136,7196119.4643979855
1628236906616815419,421675.27391338156,7198265.606249088
1628236906676800650,421676.2107486064,7198301.414282471
1628236906815113188,421678.4333098269,7198386.365394092
1628236906875082928,421735.0013795943,7200548.451001991
1628236907019198763,421735.59499452624,7200571.136564362
1628236907078830213,421735.8424502271,7200580.593309501
1628236907217100613,421792.00968479546,7202727.0114665665
1628236907277096503,421792.3016737696,7202738.168327521
1628236907415134618,421848.4040922406,7204881.775858121
1628236907480875868,421848.4027015947,7204881.722730083
1628236907612829908,421904.6768878753,7207031.551366272
1628236907679113997,421904.9953967802,7207043.717715783
1628236907811189007,421905.9300621267,7207079.419842806
1628236907882781613,421962.4540293457,7209238.444929828
1628236908009164132,421962.36639032303,7209235.097847325
1628236908080899064,421962.5374951018,7209241.632627462
1628236908219134480,422020.45945510623,7211453.685059243
1628236908279190025,422020.80311236903,7211466.807780207
1628236908411180233,422077.56812312035,7213634.3439610675
1628236908488953805,422077.3746978548,7213626.9590922
1628236908621187099,422133.61998290627,7215774.31157112
1628236908681178381,422133.6673030717,7215776.117946224
1628236908818850171,422133.49750721327,7215769.636247344
1628236908891242733,422190.07047739887,7217929.160328044
1628236909028983956,422190.6147464064,7217949.933691588
1628236909082989281,422190.80127357313,7217957.052951842
1628236909215224790,422253.7661055885,7220360.125323653
1628236909281241080,422253.54195481224,7220351.571562813
1628236909413240015,422310.97522775066,7222543.196572762
1628236909485368060,422311.6088001824,7222567.370303615
1628236909605238185,422369.84795907745,7224789.390603251
1628236909683641421,422370.11396417284,7224799.5382824605
1628236909821042067,422370.2783024987,7224805.807529357
1628236909887010591,422427.4963739484,7226988.517620855
1628236910013264501,422427.08546220034,7226972.844465833
1628236910090924202,422426.7177314109,7226958.818320553
1628236910223041877,422484.11759627843,7229148.1216655215
1628236910355330842,422541.4975136755,7231336.314586688
1628236910415272881,422541.87650987925,7231350.765836621
1628236910559397983,422542.5077066561,7231374.833543818
1628236910625402292,422601.03844006377,7233606.545093642
1628236910751096055,422601.65162463585,7233629.922174332
1628236910817032789,422601.7868041036,7233635.075758112
1628236910961378618,422658.7534657889,7235806.809271729
1628236911021410850,422657.60774329107,7235763.1365301525
1628236911159434770,422717.54122389783,7238047.563813261
1628236911219413247,422717.09930896026,7238030.721607041
1628236911351129101,422774.6226610373,7240222.973874607
1628236911429411718,422774.7732429345,7240228.711927154
1628236911549459129,422775.08416686696,7240240.55994318
1628236911621358646,422833.6989046157,7242474.0466242125
1628236911759354796,422834.0949446326,7242489.13561472
1628236911813421094,422834.2497350398,7242495.033072344
1628236911957058064,422893.51157279883,7244752.805883838
1628236912017435339,422893.74170477095,7244761.57239677
1628236912161459984,422957.01260584174,7247171.622875226
1628236912215430727,422956.8814772484,7247166.628606112
1628236912353464312,423015.8316178452,7249411.767927891
1628236913217524058,423192.1660384962,7256125.38228338
1628236913355536383,423250.995399237,7258364.48675233
1628236913427688035,423249.8952556044,7258322.619386626
1628236913559536972,423248.81605704513,7258281.548990413
1628236913619519890,423309.88495474297,7260605.509439039
1628236913757531499,423315.89489869174,7260834.1866110945
1628236913835205920,423319.067474402,7260954.900977826
1628236913955574413,423379.81831462745,7263266.3292205995
1628236914093248401,423379.94959698524,7263271.3235779945
1628236914159572634,423439.5430385348,7265538.339668941
1628236914279598081,423439.7190417653,7265545.034249771
1628236914357602120,423499.69945682876,7267826.401551919
1628236914489651782,423499.6603385274,7267824.9138635695
1628236914567249527,423499.71482473396,7267826.986000911
1628236914687626799,423560.32978536567,7270132.108939874
1628236914759660350,423560.9515912668,7270155.752618214
1628236914891660674,423621.08343204285,7272442.12583265
1628236914963616132,423621.2483428456,7272448.39540807
1628236915095407338,423621.50968469447,7272458.33109124
1628236915161665226,423680.22745021974,7274690.568414687
1628236915293639615,423681.2030990892,7274727.654638985
1628236915365631928,423740.32727188896,7276974.987062421
1628236915491933781,423739.783447822,7276954.318614315
1628236915563703329,423739.5164291039,7276944.170353334
1628236915695686347,423797.7511235189,7279157.344086331
1628236915761683223,423797.64346010453,7279153.252892736
1628236915881717620,423856.16149421665,7281376.845931952
1628236915965693966,423855.77971757896,7281362.340756004
1628236916091382074,423855.1741898832,7281339.334378504
1628236916163685027,423917.2741906321,7283698.633474391
1628236916283725683,423915.76501408673,7283641.303349537
1628236916361708188,423974.57496243116,7285875.268149247
1628236916487718060,423977.528057663,7285987.431440838
1628236916685901725,424037.3299031581,7288258.701255548
1628236916757765307,424036.25816186855,7288218.001446409
1628236916889724768,424093.94694308686,7290408.673950055
1628236916967816374,424094.569657931,7290432.318151171
1628236917093633816,424095.6373714584,7290472.858659218
1628236917159739389,424154.32527467806,7292701.101675756
1628236917297884663,424154.8753131894,7292721.983010994
1628236917369798259,424213.5149437123,7294948.053017473
1628236917489823694,424213.77810871316,7294958.042077485
1628236917561932731,424213.90689165454,7294962.9303409355
1628236917699859203,424271.7747136716,7297159.357313319
1628236917759850724,424271.47370629467,7297147.933626968
1628236917897894624,424329.77771588764,7299360.571539838
1628236917963874797,424330.15018397284,7299374.705064808
1628236918095892272,424331.16537145316,7299413.226891483
1628236918161894219,424390.0236108861,7301646.539243881
1628236918293981411,424391.082378253,7301686.708309724
1628236918365804355,424449.59716466395,7303906.636445627
1628236918491920692,424449.25539162185,7303893.671795113
1628236918563972485,424449.1741505354,7303890.590033951
1628236918695941609,424506.8128142369,7306076.942818387
1628236918827537652,424506.29587268084,7306057.336395165
1628236918893983391,424564.31891514733,7308257.934238431
1628236919025938934,424564.1689927401,7308252.248893569
1628236919091957370,424621.859235565,7310439.887219053
1628236919223985192,424621.828405605,7310438.71826688
1628236919296020775,424621.6476299819,7310431.863956446
1628236919427956893,424680.47789657634,7312662.386831103
1628236919488215690,424681.12542864936,7312686.934886035
1628236919625994955,424740.3604058563,7314932.447111363
1628236919697971989,424740.808985131,7314949.4501347635
1628236919829614658,424741.54213304876,7314977.239451805
1628236919896008644,424799.66097339126,7317180.090163741
1628236920028012373,424799.83482552564,7317186.678851259
1628236920105892235,424857.75240879034,7319381.564611573
1628236920238051019,424857.7692358133,7319382.202228006
1628236920298106461,424857.85897994845,7319385.602848994
1628236920430023381,424915.9693154584,7321587.454477784
1628236920502057788,424915.63833244576,7321574.914658184
1628236920640076087,424972.77101202426,7323739.3910403075
1628236920688072638,424973.11747528776,7323752.5153736435
1628236920832046709,424974.4717710087,7323803.817172323
1628236920898099855,425032.77698869386,7326012.3743064925
1628236921036069889,425032.9404277539,7326018.564543624
1628236921090213854,425033.10667270806,7326024.861050958
1628236921222136167,425092.2447760087,7328264.6138322735
1628236921294127782,425092.44121472194,7328272.052761878
1628236921432105682,425151.0652218509,7330491.9914778
1628236921492129595,425151.24555286777,7330498.819368831
1628236921629830528,425209.6676255312,7332710.766509987
1628236921702140453,425210.0199226291,7332724.103511874
1628236921827780522,425210.47889185493,7332741.478809434
1628236921899881273,425268.35155200906,7334932.283313602
1628236922026124935,425269.7356945493,7334984.675008882
1628236922104183632,425329.91889939824,7337262.574234104
1628236922230034343,425331.43033353286,7337319.774843846
1628236922296146749,425332.36471596704,7337355.13667169
1628236922428182970,425389.87421683304,7339531.499074098
1628236922505856276,425389.56528255553,7339519.80918621
1628236922638158328,425445.9944986695,7341654.969688182
1628236922698314230,425445.62723340775,7341641.074630735
1628236922824256140,425444.94115757826,7341615.117707528
1628236922896172259,425501.7375381836,7343763.859277796
1628236923039832893,425501.70944489224,7343762.796555887
1628236923166191525,425558.4680538604,7345909.7895734785
1628236923226219654,425558.58957565215,7345914.385856306
1628236923430216469,425616.2335211128,7348094.540895802
1628236923580215450,425617.10186834645,7348127.379155584
1628236923628261681,425674.000769959,7350279.031643176
1628236923772224969,425673.62063492526,7350264.65822926
1628236923838251907,425673.54264053854,7350261.709155453
1628236923970274713,425730.1879415031,7352403.456578859
1628236924030280807,425730.063553483,7352398.75399096
1628236924168242104,425786.7046960104,7354540.028073873
1628236924233971381,425786.8529999612,7354545.633996566
1628236924372314862,425843.6220487182,7356691.429621503
1628236924432296531,425843.6023656222,7356690.685705885
1628236924564399990,425843.6164249764,7356691.217074182
1628236924642317290,425900.48965212004,7358840.630923643
1628236924762295919,425899.9138356952,7358818.871342168
1628236924834357830,425899.638934633,7358808.483068407
1628236924972333806,425955.72388879285,7360927.799620204
1628236925032309883,425955.407460026,7360915.843779537
1628236925164349273,426013.9489798659,7363127.650368736
1628236925236352294,426013.16482012445,7363098.026383256
1628236925374406104,426069.802505031,7365237.597938454
1628236925434439599,426070.1345034624,7365250.13834462
1628236925572167113,426071.1804410905,7365289.645938881
1628236925632371940,426128.8165421848,7367466.604675051
1628236925776437239,426127.9864188279,7367435.2535859905
1628236925836427038,426127.8647144537,7367430.657197597
1628236925974205557,426186.4333359277,7369642.505698672
1628236926034333831,426186.73166303424,7369653.770862081
1628236926178433199,426245.76351618546,7371882.76148785
1628236926238397736,426246.60093283595,7371914.378413614
1628236926376426686,426305.32559776824,7374131.444964657
1628236926430455606,426304.62177807966,7374104.876056838
1628236926640520071,426360.85452003777,7376227.548213435
1628236926778510114,426362.80650197214,7376301.223962666
1628236926838378708,426363.4484830584,7376325.454863058
1628236926970487557,426421.10836897505,7378501.668621473
1628236927042497690,426421.220310263,7378505.893097473
1628236927168672749,426479.71912936383,7380713.436847277
1628236927228895330,426479.6754726408,7380711.78956347
1628236927372512800,426537.0233097313,7382875.579075427
1628236927438565783,426536.69161009346,7382863.06500371
1628236927576707054,426535.9922952346,7382836.6818339415
1628236927708308497,426594.25439528207,7385034.644224195
1628236927774538085,426594.70377127366,7385051.595383711
1628236927900550102,426654.0159581007,7387288.832319823
1628236927972557919,426655.62917501136,7387349.675969943
1628236928104554079,426722.16034119803,7389858.749305985
1628236928182576561,426723.2954287288,7389901.552531207
1628236928308579904,426725.1985221477,7389973.316353875
1628236928374601744,426783.4835924321,7392171.082780388
1628236928506616641,426783.8028201483,7392183.118725816
1628236928578480370,426784.1009071945,7392194.357588903
1628236928704632293,426841.51249087125,7394358.8641843675
1628236928776640077,426841.5336349482,7394359.661268682
1628236928908763736,426899.24699602893,7396535.225739071
1628236928974645494,426899.2096359173,7396533.817553549
1628236929106666585,426960.9467490696,7398860.67430204
1628236929178781000,426960.3940136513,7398839.843733254
1628236929304691765,426959.51062564715,7398806.552021597
1628236929376639749,427017.2480206993,7400982.365818382
1628236929502536738,427017.55756965105,7400994.029900397
1628236929568622879,427017.80718333647,7401003.435561167
1628236929706666218,427075.58217730164,7403180.343752228
1628236929778679085,427075.54197927,7403178.8292779485
1628236929898703250,427133.1894409825,7405350.614486098
1628236929976745917,427133.16263831843,7405349.60483427
1628236930108729580,427191.3210137658,7407540.312730382
1628236930180681355,427191.1919184927,7407535.450448552
1628236930300728179,427191.0282567874,7407529.286244307
1628236930378739116,427248.98923842446,7409712.24074898
1628236930504584108,427249.97911694384,7409749.518328912
1628236930582597478,427250.721351098,7409777.469872345
1628236930702719113,427307.2628654372,7411906.651920042
1628236930780760226,427306.01386897627,7411859.623077811
1628236930912782567,427363.88116106053,7414038.416017533
1628236930984745239,427364.08512323786,7414046.094755502
1628236931104758749,427423.83146362985,7416295.303433614
1628236931170750530,427423.9394601737,7416299.36865745
1628236931320693107,427424.5069719146,7416320.731010448
1628236931374788663,427483.720312561,7418549.539177408
1628236931512855756,427484.2730857572,7418570.343607567
1628236931578618252,427484.65430910623,7418584.6914907
1628236931716790520,427542.85503809707,7420775.057844319
1628236931776725562,427542.3325433042,7420755.395885334
1628236931914838998,427600.77989063936,7422954.721399625
1628236932034827065,427600.13444363314,7422930.436167898
1628236932112697671,427658.03624860774,7425108.908967818
1628236932184850660,427658.23612647323,7425116.428372831
1628236932436873236,427718.4093904238,7427380.037717447
1628236932508852050,427718.489212575,7427383.040172507
1628236932580437157,427718.6622783571,7427389.549920239
1628236932706916534,427778.82148694276,7429652.287817542
1628236932838934344,427779.018600277,7429659.700976416
1628236932910911477,427839.03014810255,7431916.545583176
1628236933037191624,427838.7630506193,7431906.501924922
1628236933108842290,427901.70080349105,7434273.008630071
1628236933240851398,427901.7248319633,7434273.91203013
1628236933307324998,427901.6195307282,7434269.95301223
1628236933439818897,427963.98014833505,7436614.411920691
1628236933511578394,427965.18034979363,7436659.528893633
1628236933643619031,428026.7838907994,7438975.164411635
1628236933709828018,428026.37669139286,7438959.85967694
1628236933847726383,428025.53189535125,7438928.107667363
1628236933913714583,428086.5927310528,7441222.996873102
1628236934039775605,428087.4708890431,7441255.99778536
1628236934117594949,428148.82055893436,7443561.388037397
1628236934243847523,428149.5001421142,7443586.922621708
1628236934303875899,428149.880596058,7443601.217737882
1628236934441823530,428210.4399530318,7445876.561913956
1628236934513764034,428210.15845892025,7445865.986691451
1628236934645662867,428270.8289477354,7448145.162441957
1628236934705678719,428270.9951819671,7448151.406620773
1628236934843930780,428332.14406693977,7450448.2043779325
1628236934915792174,428332.86712112627,7450475.359978258
1628236935042041669,428334.2297493228,7450526.535798564
1628236935107739133,428399.95934958174,7452994.961969591
1628236935245960245,428400.5884148644,7453018.583684297
1628236935312026597,428400.88419618463,7453029.690407498
1628236935443873041,428461.73942516366,7455314.728763153
1628236935515858602,428461.94820239535,7455322.567258699
1628236935648050544,428522.7413017282,7457604.927348564
1628236935707953751,428522.9472796023,7457612.659577771
1628236935851747267,428583.7701517452,7459895.795649723
1628236935911867687,428583.38220310287,7459881.234578918
1628236936037865243,428582.63887190307,7459853.334717585
1628236936115965318,428642.9653281628,7462117.504132899
1628236936253775320,428642.1992288312,7462088.753923576
1628236936319892757,428641.9039765233,7462077.673667534
1628236936439921695,428702.65364564536,7464357.392571739
1628236936518010772,428703.2591112755,7464380.111136014
1628236936650055904,428764.4274106543,7466675.193783604
1628236936781941126,428764.9656853154,7466695.388111286
1628236936847993660,428826.02508282533,7468986.038798864
1628236936980037210,428826.0038318911,7468985.241652457
1628236937052157496,428826.2375922295,7468994.010262967
1628236937183969166,428887.4368252477,7471289.555556564
1628236937243948824,428887.4120286974,7471288.625550214
1628236937381981999,428948.6600928846,7473585.664294098
1628236937453896087,428949.3424568179,7473611.25281548
1628236937585899735,428950.6193236956,7473659.13497257
1628236937646004695,429011.0570058602,7475925.435829001
1628236937784020403,429009.65380060056,7475872.823791185
1628236937844016747,429009.0840156186,7475851.46011604
1628236937982115500,429070.6809408576,7478160.892113902
1628236938042136636,429070.97934395116,7478172.07884098
1628236938191999739,429132.6801634247,7480485.05040747
1628236938246040907,429133.1104687929,7480501.179527631
1628236938384150677,429194.5560402201,7482804.245313352
1628236938444164513,429194.50640928897,7482802.385278601
1628236938587925261,429194.46032342984,7482800.658103483
1628236938654123781,429255.876287609,7485102.267870057
1628236938792083725,429257.34913445613,7485157.457890142
1628236938846396304,429318.42639168625,7487446.026349852
1628236938990071818,429317.89021374163,7487425.9378790045
1628236939050134166,429317.7327647975,7487420.038883677
1628236939188119522,429378.3467460752,7489690.915628308
1628236939248114257,429378.1403295065,7489683.183143503
1628236939386373765,429438.1475531536,7491931.000510485
1628236939446255324,429438.29724503576,7491936.607239186
1628236940593397389,429739.85738666076,7503227.827207885
1628236940653399255,429740.6475798364,7503257.402379552
1628236940785409940,429742.54390770436,7503328.377480695
1628236940845317200,429801.9274623765,7505550.876011959
1628236940983297533,429802.1688876576,7505559.910676916
1628236941055432371,429802.3222637927,7505565.650346466
1628236941181771177,429861.0029404868,7507761.528200462
1628236941331450928,429861.3644206159,7507775.053655887
1628236941391570117,429919.1429643086,7509936.87030268
1628236941511564238,429918.8254703242,7509924.992322522
1628236941589225473,429918.56692954333,7509915.319873464
1628236941721488322,429976.64986058313,7512088.222056383
1628236941793479957,429976.8828644163,7512096.937908885
1628236941913591242,430034.5377694757,7514253.529232865
1628236941991247623,430034.549847595,7514253.980970115
1628236942117475758,430091.2715724581,7516375.36801134
1628236942195360284,430091.5366173019,7516385.2796795275
1628236942315521005,430092.107920978,7516406.644240784
1628236942387554281,430149.1422447387,7518539.435703108
1628236942519483082,430149.4648916769,7518551.499797636
1628236942591639819,430149.6844907289,7518559.710822412
1628236942717417627,430206.5612479375,7520686.3154506385
1628236942795525334,430206.8157054509,7520695.828567938
1628236942915799712,430263.90014112164,7522829.904823721
1628236942987699910,430264.29823068937,7522844.785710014
1628236943119445726,430321.0643788229,7524966.669578006
1628236943191461719,430321.5855219329,7524986.1476375
1628236943323383384,430322.43158104335,7525017.769590295
1628236943389661965,430377.8466994909,7527088.876893193
1628236943521556877,430376.8817783585,7527052.817162163
1628236943588787512,430376.41745086416,7527035.464911809
1628236943732349853,430432.9707076603,7529148.827802341
1628236943786762422,430433.5282614236,7529169.661176648
1628236943912572269,430489.0294642841,7531243.434511692
1628236943990471892,430489.167449017,7531248.589719795
1628236944122453740,430543.5963324135,7533282.0291571235
1628236944194332717,430543.8296569509,7533290.745197059
1628236944326454934,430544.37882375845,7533311.259779163
1628236944392604782,430598.8383532485,7535345.580380608
1628236944524498045,430598.31045777677,7535325.862956735
1628236944596489742,430652.25491191854,7537340.682819918
1628236944722584324,430654.1155969462,7537410.172266915
1628236944794640935,430655.10322206,7537447.056151281
1628236944926427411,430709.4762606968,7539477.611820209
1628236944992550052,430709.4328506938,7539475.99083923
1628236945118534291,430763.8266911316,7541507.055558092
1628236945196662562,430763.53559267335,7541496.186991296
1628236945328556410,430763.3170910304,7541488.028922899
1628236945394597855,430816.2888774868,7543465.751331953
1628236945520464819,430815.9863532037,7543454.457566647
1628236945658431640,430868.02900355426,7545397.252875676
1628236945724654213,430867.5409892122,7545379.036661188
1628236945856672908,430919.23238221405,7547308.482465687
1628236945916639015,430919.29681802413,7547310.887382682
1628236946048578063,430919.3359779136,7547312.348934451
1628236946126844815,430977.121383888,7549468.963958834
1628236946258740465,430976.7389882232,7549454.693867965
1628236946324473119,430976.5869557795,7549449.020377516
1628236946462635550,431028.6998754838,7551393.700860198
1628236946522501914,431029.00647097686,7551405.140871537
1628236946660776717,431080.42148579075,7553323.543660987
1628236946720734404,431080.5187109867,7553327.170988678
1628236946852656198,431131.61058725923,7555233.287062913
1628236946918659092,431131.73774344166,7555238.030500531
1628236947062551360,431132.47076218657,7555265.375023713
1628236947122534235,431183.20182038937,7557157.795942485
1628236947260597658,431183.89503199625,7557183.652378154
1628236947326693597,431184.38555292576,7557201.948530621
1628236947464556018,431234.6574644133,7559077.0203196425
1628236947530578189,431234.5958301879,7559074.721670146
1628236947650854955,431285.5158537352,7560973.740183345
1628236947734720345,431286.83919247007,7561023.088164165
1628236947866594794,431338.5355734553,7562950.8236861
1628236947926607838,431338.53878065274,7562950.943269485
1628236948052866657,431338.611833491,7562953.667113283
1628236948130893187,431388.19480559725,7564802.374879372
1628236948262797801,431388.3819142282,7564809.350589851
1628236948316679758,431388.4749339784,7564812.818514507
1628236948454906191,431437.8295131112,7566652.800103387
1628236948526862807,431437.93181120156,7566656.613498838
1628236948670788221,431486.75458121696,7568476.561510299
1628236948724945531,431486.34961939923,7568461.467346218
1628236948856772541,431534.82084360416,7570268.104924597
1628236948940673875,431534.7994523307,7570267.307696188
1628236949054909727,431534.8162088282,7570267.932191776
1628236949126945201,431583.25386856793,7572073.098143537
1628236949258827870,431584.3980778832,7572115.736654084
1628236949325178530,431585.0541544245,7572140.1850373885
1628236949456925694,431633.755547989,7573954.987590891
1628236949528969763,431633.7391441744,7573954.376380193
1628236949660856994,431681.92790909664,7575749.875899379
1628236949726902199,431681.6943065218,7575741.172774991
1628236949864872286,431729.7969175221,7577533.260672372
1628236949930998602,431730.08262273675,7577543.903748859
1628236950062755079,431730.8773194022,7577573.507712507
1628236950134891131,431779.54072054976,7579386.273856895
1628236950260870601,431780.2613104558,7579413.114124519
1628236950392772929,431828.28517098987,7581201.860183478
1628236950452892508,431827.54059613217,7581174.129619974
1628236950602921549,431874.19936293503,7582911.842263222
1628236950662952541,431874.2782172634,7582914.7787582185
1628236950801046020,431874.5875690008,7582926.298854056
1628236950861034217,431922.533596276,7584711.755908837
1628236951004933491,431922.622451296,7584715.064454373
1628236951059065523,431922.68525646185,7584717.403024716
1628236951196832937,431970.94684087124,7586514.409970921
1628236951256832022,431971.06604148506,7586518.847947587
1628236951406964494,432019.68111559184,7588328.8133053295
1628236951466990300,432020.06802662264,7588343.21682449
1628236951598868663,432069.1021178588,7590168.57227317
1628236951664999626,432069.75965745817,7590193.047670668
1628236951803085788,432071.1886137279,7590246.2371494705
1628236951857111247,432119.6358563403,7592049.53891687
1628236951995040800,432120.47804952925,7592080.883960654
1628236952055168038,432120.87290625466,7592095.579856887
1628236952205113637,432169.5575195792,7593907.495191755
1628236952265121043,432169.6578518071,7593911.228965983
1628236952397190160,432218.07555348444,7595713.02251452
1628236952457172832,432218.2380315813,7595719.068316359
1628236952600951641,432266.84087066987,7597527.5487045515
1628236952667191645,432267.3226464925,7597545.473542758
1628236952799179769,432268.3658412161,7597584.286332876
1628236952859183574,432316.545344956,7599376.811744933
1628236953003086195,432315.09342394175,7599322.797958365
1628236953069208645,432314.43872168264,7599298.441927135
1628236953201206425,432363.9618999675,7601140.73222578
1628236953261209747,432362.97562710405,7601104.045306664
1628236953399172021,432409.9250982342,7602850.429224475
1628236953459136865,432409.9390311587,7602850.947439722
1628236953602978319,432458.1716227587,7604644.864096456
1628236953663103377,432458.113026452,7604642.684931057
1628236953801247963,432458.28381327057,7604649.036400961
1628236953861190373,432506.3756806161,7606437.521608111
1628236954005063255,432505.9029271748,7606419.942090379
1628236954131273198,432554.52268265234,7608227.856952549
1628236954209118055,432554.43798488524,7608224.707781654
1628236954329135073,432554.4322668931,7608224.495179401
1628236954401211478,432602.1059540659,7609997.041500555
1628236954533340136,432600.3421193765,7609931.466880302
1628236954605370180,432647.9447479644,7611701.185907362
1628236954737231795,432646.14676801313,7611634.348846834
1628236954797196737,432645.3889735375,7611606.178953855
1628236954935229790,432693.5817840148,7613397.652880119
1628236955007113075,432693.6650791499,7613400.748916236
1628236955127151015,432742.87035811506,7615229.657552781
1628236955199254022,432743.0323195046,7615235.676895666
1628236955337258731,432743.36732592655,7615248.1275012605
1628236955403502555,432792.1280816424,7617060.310177405
1628236955529182236,432791.7873163152,7617047.64694551
1628236955607377300,432840.5968013373,7618861.440650502
1628236955733707129,432840.3514800232,7618852.325233419
1628236955805339076,432840.2241704747,7618847.594783769
1628236955931184188,432888.56099164125,7620643.625903178
1628236956003301635,432888.05527352093,7620624.836949436
1628236956129400883,432936.9664879231,7622442.0121375155
1628236956201227029,432936.77905796067,7622435.0493162945
1628236956327551474,432936.6420624477,7622429.960078674
1628236956411214140,432985.92757610534,7624260.838260965
1628236956531469321,432986.1164582119,7624267.854246066
1628236956609385214,433035.5764286667,7626105.0076074125
1628236956729412234,433036.1671107328,7626126.945888546
1628236956801359534,433036.612537776,7626143.489292863
1628236956939467366,433086.197406788,7627985.070903326
1628236957005257228,433086.291869613,7627988.578908681
1628236957137507467,433136.20482737967,7629842.1229699645
1628236957203373322,433135.8323007068,7629828.290241985
1628236957341481550,433135.8992194997,7629830.775083597
1628236957401430869,433185.6046130454,7631676.416168347
1628236957533572616,433186.68581623066,7631716.559057274
1628236957605313032,433236.755929788,7633575.531386059
1628236957737426551,433236.308508378,7633558.92142148
1628236957803414571,433236.00104065076,7633547.507053978
1628236957935545539,433285.95766190044,7635402.0578077035
1628236958013432245,433286.1004950026,7635407.359717922
1628236958133485606,433336.5745929377,7637280.902419519
1628236958205474091,433337.0077962562,7637296.980923718
1628236958337404786,433337.836254045,7637327.729402707
1628236958403596615,433387.42103545164,7639168.055510851
1628236958535509027,433386.84061944205,7639146.5155911315
1628236958607477829,433437.1719742217,7641014.337976678
1628236958739378706,433439.33204702707,7641094.491607948
1628236958865606760,433491.3823583684,7643025.87449862
1628236958937625234,433492.6663124103,7643073.512318119
1628236959009524560,433494.0075738525,7643123.276235133
1628236959135543587,433548.74314198864,7645154.004915451
1628236959267661879,433550.13687103486,7645205.708999259
1628236959339670830,433550.9542695668,7645236.032495525
1628236959477594606,433600.93614161294,7647090.205755155
1628236959537605563,433601.0561503556,7647094.65728441
1628236959669561359,433650.69299652573,7648935.824778785
1628236959747439675,433650.52389050665,7648929.552762152
1628236959879680250,433700.60280236753,7650786.908562876
1628236959939656599,433701.1198528772,7650806.083428141
1628236960071810801,433702.32702306146,7650850.851358213
1628236960143504615,433753.1662261173,7652736.182329568
1628236960281660408,433754.58102928696,7652788.644223346
1628236960335575556,433755.20099259214,7652811.632845323
1628236960467661013,433805.52670949395,7654677.706099166
1628236960539671906,433805.7175582951,7654684.782089666
1628236960671761570,433856.23222876067,7656557.64904217
1628236960731742431,433856.48313863965,7656566.950830704
1628236960869708112,433907.02837823215,7658440.73809506
1628236960941714843,433907.4130314901,7658454.996434134
1628236961073671931,433908.12067964347,7658481.227526291
1628236961133648938,433961.1434019811,7660446.607994315
1628236961271682704,433962.6420499516,7660502.153170833
1628236961343718810,434012.6809293483,7662356.73263708
1628236961475682078,434013.400937155,7662383.415632118
1628236961541676690,434013.81114132865,7662398.617498125
1628236961667730882,434063.0046659012,7664221.660427549
1628236961745839155,434062.71616422344,7664210.96993558
1628236961883744505,434111.2054015487,7666007.718334865
1628236961937723489,434110.84442149475,7665994.343569492
1628236962063967143,434109.9644778036,7665961.740503303
1628236962147822876,434160.32432446454,7667827.591689563
1628236962273790087,434160.4556045255,7667832.455249207
1628236962339655929,434160.5384616331,7667835.524872929
1628236962465793627,434208.9724020048,7669629.834495126
1628236962537875475,434208.8635281059,7669625.801454373
1628236962675681668,434257.8753779526,7671441.3225608235
1628236962736071197,434258.3241960686,7671457.946425268
1628236962867827910,434307.348640854,7673273.736512853
1628236962939776958,434307.2065532493,7673268.474273131
1628236963071727552,434307.01369451487,7673261.331712944
1628236963137916478,434355.03926616267,7675039.937072315
1628236963275815756,434355.0597203574,7675040.694517204
1628236963341824596,434355.21922722406,7675046.601258502
1628236963473707773,434403.2314087366,7676824.518673232
1628236963611964997,434451.4346760409,7678609.3226035265
1628236963671995734,434451.52530410234,7678612.677963041
1628236963821781524,434451.9156330921,7678627.129264045
1628236963881985645,434498.895247307,7680366.4428545665
1628236964007769749,434498.2839370181,7680343.81241161
1628236964079761359,434498.15489070746,7680339.035169021
1628236964211936482,434546.7570012005,7682138.21674579
1628236964283881203,434547.00794188865,7682147.505475578
1628236964415896126,434594.45452287537,7683903.73472214
1628236964470065511,434595.20365560416,7683931.461428531
1628236964613946896,434642.5552831541,7685683.992800389
1628236964685924755,434642.7197400757,7685690.078998862
1628236964812117571,434643.1971322889,7685707.746249872
1628236964877810344,434688.6972616938,7687391.578211259
1628236965016179403,434688.91811630083,7687399.750740084
1628236965081912993,434689.05583626113,7687404.846943048
1628236965219840123,434733.7526345473,7689058.7821005415
1628236965267954711,434733.8864176096,7689063.732136072
1628236965418145671,434778.56789327494,7690716.9390473245
1628236965478149398,434778.57992596924,7690717.384219012
1628236965616011215,434823.10209096066,7692364.534089718
1628236965676029813,434823.7149214509,7692387.204660065
1628236965825871697,434825.3466854826,7692447.568710405
1628236965880106342,434869.56053578417,7694083.146811098
1628236966018015251,434870.4123360942,7694114.654437707
1628236966072174565,434870.798898048,7694128.953133186
1628236966210005939,434914.5204662066,7695746.155492216
1628236966281900777,434914.7493361039,7695754.620439446
1628236966408154026,434958.5557543107,7697374.808650346
1628236966473998246,434958.6333692454,7697377.679029379
1628236966612055474,435001.7071461865,7698970.621046536
1628236966683919487,435001.45469396,7698961.285656084
1628236966810239463,435000.90936169587,7698941.119884111
1628236966870193735,435043.0639617629,7700499.925271001
1628236967020127578,435042.78057843854,7700489.44702741
1628236967080062542,435042.6939641668,7700486.24441905
1628236967212185799,435093.8389227351,7702377.260121453
1628236967350150047,435094.7671669031,7702411.578590922
1628236967410170042,435135.7874799499,7703928.130518804
1628236967542203388,435135.44742221874,7703915.559243123
1628236967620009281,435176.2423172615,7705423.641675284
1628236967746064049,435175.5849696477,7705399.342932946
1628236967818009911,435175.42049808044,7705393.26326412
1628236967944267850,435215.89751486207,7706889.4675351195
1628236968016151493,435215.8552697707,7706887.9060879
1628236968160100958,435258.48533057916,7708463.547077717
1628236968220150142,435258.64767485386,7708469.547030746
1628236968352213331,435298.7096927162,7709950.141166971
1628236968556270913,435296.85722600954,7709881.683136656
1628236968616295326,435337.487019199,7711383.126327698
1628236968748325254,435343.0747880672,7711589.603710229
1628236968814457637,435345.99834686995,7711697.633091602
1628236968946290899,435385.4721999965,7713156.211914512
1628236969018224132,435385.3480250331,7713151.623890094
1628236969150365140,435424.1291279568,7714584.477200731
1628236969216261593,435424.57506299455,7714600.952250852
1628236969354141022,435462.735794114,7716010.774333351
1628236969420244328,435462.72491234704,7716010.372340257
1628236969546346989,435463.1947171342,7716027.727810811
1628236969624114151,435500.603781655,7717409.664740446
1628236969756129586,435501.39309072844,7717438.820906773
1628236969822273891,435502.22242435074,7717469.455480304
1628236969942293550,435539.7121596918,7718854.254772069
1628236970020373947,435540.29492751276,7718875.779733325
1628236970152429136,435580.5270901213,7720361.724058176
1628236970224283437,435580.4875098514,7720360.262259074
1628236970350350392,435616.35852441547,7721685.048451295
1628236970428234252,435617.1789805243,7721715.347598484
1628236970554461420,435618.2492641313,7721754.872704404
1628236970620387015,435653.7070677186,7723064.291783834
1628236970758345668,435654.50752754725,7723093.850102349
1628236970812441041,435654.74162879784,7723102.494673121
1628236970950489074,435689.6576944598,7724391.808966196
1628236971022493065,435689.9673041079,7724403.240943388
1628236971148365156,435728.4272057681,7725823.278863351
1628236971214385349,435729.2569511,7725853.913680409
1628236971352465532,435763.54401408054,7727119.799206415
1628236971418390204,435762.9700510747,7727098.609628475
1628236971544512585,435762.2451740806,7727071.848567572
1628236971622431709,435794.00322075974,7728244.282696794
1628236971748415537,435793.8083770936,7728237.089927062
1628236971814528765,435793.76292858284,7728235.412167848
1628236971946546438,435825.9114569876,7729422.179985319
1628236972084399876,435826.7905205238,7729454.628882103
1628236972156462951,435857.9574428892,7730605.07532487
1628236972216504317,435858.1656351982,7730612.759811538
1628236972348449296,435889.09373529826,7731754.320347725
1628236972480590908,435888.5836164931,7731735.492836833
1628236972558517219,435888.45156359655,7731730.619013265
1628236972690478947,435918.07314811635,7732823.887657412
1628236972750484525,435917.9945594486,7732820.987280891
1628236972882453378,435948.1558840398,7733934.10122532
1628236972960623574,435949.2115450688,7733973.0586725
1628236973092484287,435951.07430743944,7734041.800662993
1628236973158394462,435982.58412934025,7735204.571225358
1628236973278642554,435983.3731880124,7735233.688014956
1628236973362622595,436011.85424928257,7736284.650517816
1628236973489145960,436012.05764905567,7736292.1556403665
1628236973548590270,436012.18937724346,7736297.016195637
1628236973680635656,436039.8011212894,7737315.8395899255
1628236973758758125,436039.59032557794,7737308.062029567
1628236973884678945,436066.288418865,7738293.116600686
1628236973950613762,436065.6940869614,7738271.189242588
1628236974082834410,436064.7836800292,7738237.600517658
1628236974154594929,436097.94241434336,7739460.908534931
1628236974280715436,436098.4915342942,7739481.166446413
1628236974352517383,436124.9046375495,7740455.583259651
1628236974484643702,436125.9375572065,7740493.687106533
1628236974556615552,436126.6893951999,7740521.42195034
1628236974682705836,436151.50955506176,7741437.022727298
1628236974760555014,436150.93578384956,7741415.8577805655
1628236974892517575,436175.47229276726,7742320.945782472
1628236974953229434,436175.7515599323,7742331.246696514
1628236975090527333,436175.9775948729,7742339.584107905
1628236975162574560,436201.426834899,7743278.286695942
1628236975288745358,436202.4183550208,7743314.857382879
1628236975354719213,436226.4225218188,7744200.215593875
1628236975492660747,436226.0156687003,7744185.210220558
1628236975546793071,436225.77375498734,7744176.2880619
1628236975690848842,436247.0610562254,7744961.406767971
1628236975756618068,436246.0584500709,7744924.430697983
1628236975888751080,436266.69422583655,7745685.484509935
1628236975948746188,436266.7161626006,7745686.293502192
1628236976080660688,436266.7409371814,7745687.207148478
1628236976158819828,436288.4645223815,7746488.342367479
1628236976290777542,436288.6208798679,7746494.108310498
1628236976356600463,436309.7897339959,7747274.753513744
1628236976488835978,436309.6873379098,7747270.977657189
1628236976560898602,436309.6803553355,7747270.72017467
1628236976692860895,436330.4090515873,7748035.101346962
1628236976824775007,436330.4667167169,7748037.227655741
1628236976890809355,436350.9880698066,7748793.928080815
1628236977034906340,436352.91066029266,7748864.817274917
1628236977088652925,436353.49783725134,7748886.467434424
1628236977226672418,436372.8654856808,7749600.595712179
1628236977292817748,436373.6212839384,7749628.462026737
1628236977424791015,436390.92623667145,7750266.516963895
1628236977496683098,436390.97809699766,7750268.428984623
1628236977622870148,436406.0199664054,7750823.026463722
1628236977682858726,436405.97175411484,7750821.24899783
1628236977826987268,436405.86577720963,7750817.34189524
1628236977892977616,436419.6543050677,7751325.720543832
1628236978024946804,436420.1489239051,7751343.955359244
1628236978090741707,436420.44176626165,7751354.751393407
1628236978228876442,436432.94731957803,7751815.806461756
1628236978295004312,436432.75711785664,7751808.794601471
1628236978427016683,436445.36008737114,7752273.441358018
1628236978486984580,436446.5510333616,7752317.344826236
1628236978624909581,436458.1892985349,7752746.422492426
1628236978690775188,436458.68120952277,7752764.555999779
1628236978828920061,436459.9196414491,7752810.208717249
1628236978889049417,436467.9953979537,7753107.953159382
1628236979027560045,436468.4996443999,7753126.541007431
1628236979092829632,436468.75804303185,7753136.066251825
1628236979230922578,436475.2350279108,7753374.8702046955
1628236979296930991,436475.5584364901,7753386.791713651
1628236979429063610,436480.1985872088,7753557.887388582
1628236979489073779,436480.42465789936,7753566.220734899
1628236979632967086,436483.02661492286,7753662.185910261
1628236979692979413,436482.5522988168,7753644.701911958
1628236979824902007,436481.82789174514,7753617.999154246
1628236979903084590,436482.15522531804,7753630.120048765
1628236980029021851,436481.2009846838,7753594.945235665
1628236980089011550,436480.93065929646,7753584.980603117
1628236980233142614,436477.1985437733,7753447.45343379
1628236980293132517,436477.1330190874,7753445.03806765
1628236980430904317,436474.45010174636,7753346.199971718
1628236980563057831,436474.96945200727,7753365.344321574
1628236980635021362,436470.8266502474,7753212.692917262
1628236980695041729,436471.05111662473,7753220.967288751
1628236980832971682,436471.6940978045,7753244.669102474
1628236980965085298,436466.838399268,7753065.740237439
1628236981031066496,436467.853537386,7753103.160957415
1628236981157076978,436460.74806245044,7752841.264142921
1628236981235186234,436461.4613286415,7752867.557398777
1628236981367204072,436451.78316603886,7752510.858460481
1628236981439091100,436450.93152743747,7752479.463712243
1628236981559085780,436449.63334372645,7752431.607446253
1628236981637235221,436437.37104612915,7751979.6347123245
1628236981762986211,436437.9816267956,7752002.143767696
1628236981834974601,436438.49212692166,7752020.963331774
1628236981967174617,436424.7488572209,7751514.383495029
1628236982039141075,436424.66887563444,7751511.434893155
1628236982171273730,436411.5897811615,7751029.324528282
1628236982231336847,436411.7591120825,7751035.567255518
1628236982357197545,436396.7194471395,7750481.16410231
1628236982429181738,436397.27987065335,7750501.825891018
1628236982567390004,436398.37080152874,7750542.046444358
1628236982639275536,436381.39380269125,7749916.199444397
1628236982759051421,436381.7464549927,7749929.201513372
1628236982837195336,436382.06103530905,7749940.799883966
1628236982963187276,436363.6261817528,7749261.179157132
1628236983035055292,436363.67894014413,7749263.1243996695
1628236983161308275,436344.88360431435,7748570.186429179
1628236983233406369,436345.06219172373,7748576.771345003
1628236983365239534,436324.5066323215,7747818.900016797
1628236983431340609,436324.4710425558,7747817.587685866
1628236983563370474,436324.35774097795,7747813.409822217
1628236983635345469,436301.78610048234,7746981.1631544065
1628236983767141721,436300.6394016655,7746938.877892478
1628236983839236135,436300.0705806408,7746917.902210432
1628236983965273800,436275.55445805605,7746013.900096528
1628236984031365597,436275.1975169668,7746000.73694133
1628236984163309214,436250.25214179634,7745080.8265199065
1628236984235337456,436250.72847311944,7745098.393436382
1628236984367317712,436225.88397584384,7744182.1915590605
1628236984433399345,436225.81983780593,7744179.826049112
1628236984565465976,436225.6982277866,7744175.340882795
1628236984637433330,436199.69130875566,7743216.215135163
1628236984763317668,436199.4764765267,7743208.291348529
1628236984835216289,436199.3196085282,7743202.505489268
1628236984967470414,436172.85195423476,7742226.335360212
1628236985039460951,436172.74729150516,7742222.474801927
1628236985165409819,436146.60300257045,7741258.172954791
1628236985297393716,436146.1315518245,7741240.7821855955
1628236985357484583,436119.5333319388,7740259.685177712
1628236985441483714,436119.4342650403,7740256.030611229
1628236985561513683,436119.0573607164,7740242.126647048
1628236985699530606,436094.29253192904,7739328.613403961
1628236985765382745,436095.3119209239,7739366.220521984
1628236985897564919,436069.74719648255,7738423.150947069
1628236985957523986,436069.6325163872,7738418.919963106
1628236986095414515,436069.76444127364,7738423.787172772
1628236986173430326,436041.97295412683,7737398.510844005
1628236986299899182,436042.21094500297,7737407.29174694
1628236986371565467,436015.34918804246,7736416.259563388
1628236986491538757,436015.4847890822,7736421.262979031
1628236986569895566,436015.71358216216,7736429.7049971195
1628236986701607249,435988.5430520392,7735427.225020638
1628236986767343727,435988.55736765004,7735427.753269207
1628236986893603987,435960.3460436958,7734386.808479849
1628236986971510666,435958.46973685396,7734317.568119839
1628236987097400092,435955.89319225616,7734222.48680371
1628236987163558043,435933.13715471316,7733382.755631578
1628236987295514379,435931.47899709694,7733321.561975461
1628236987367625448,435903.8061197893,7732300.363734016
1628236987511527580,435904.0993108901,7732311.184491987
1628236987571513500,435904.39952364773,7732322.264390116
1628236987697546371,435878.0156837394,7731348.5860448005
1628236987763885272,435878.65118081874,7731372.041520097
1628236987895652088,435851.9392413968,7730386.20110186
1628236987967585048,435852.4995451954,7730406.882433411
1628236988099567176,435825.2430132119,7729400.876552863
1628236988165662341,435826.07941522036,7729431.750679129
1628236988303507153,435827.89199981187,7729498.658465376
1628236988369720263,435800.1423791128,7728474.404080404
1628236988495763044,435796.8784170019,7728353.914370287
1628236988573486351,435795.28986843745,7728295.27252803
1628236988699693908,435767.98007957847,7727287.182260285
1628236988771739984,435768.18670159316,7727294.810243865
1628236988903621195,435741.4371569927,7726307.352352466
1628236988969650116,435741.8094331319,7726321.096663832
1628236989101616838,435715.9014841534,7725364.653223895
1628236989173618691,435716.3377167921,7725380.759668688
1628236989299743401,435717.51846241526,7725424.35471295
1628236989371707949,435690.836318427,7724439.277324432
1628236989509796517,435690.15825210407,7724414.240596041
1628236989641801667,435663.5264263169,7723430.96150228
1628236989701759715,435663.7167164176,7723437.988125257
1628236989773788915,435664.0344965635,7723449.722419624
1628236989911724195,435637.17159762816,7722457.856138394
1628236990043819859,435637.0672365172,7722454.00229674
1628236990097827277,435637.15594346,7722457.278062144
1628236990241793513,435611.30865268526,7721502.8580646515
1628236990301739882,435611.47427166085,7721508.974371631
1628236990445728044,435585.04893102753,7720533.153160867
1628236990505735241,435585.4878277494,7720549.362522325
1628236990644281296,435559.0259107278,7719572.136881066
1628236990703797880,435559.35441235965,7719584.269804605
1628236990841759525,435560.1072144981,7719612.073867868
1628236990895807938,435532.8213402212,7718604.363992422
1628236991045857956,435532.2554904645,7718583.463622573
1628236991111636480,435504.369962095,7717553.542087448
1628236991243802963,435503.9434650518,7717537.787921942
1628236991297814395,435503.85577327985,7717534.548716706
1628236991435876994,435476.0184363712,7716506.342491378
1628236991513964734,435476.03075743734,7716506.797640797
1628236991639899842,435447.7042551923,7715460.45955082
1628236991699956955,435447.8382497349,7715465.409711126
1628236991838321282,435448.21064685495,7715479.167170187
1628236991909834235,435419.94693866384,7714435.089235518
1628236992041962998,435420.58701628534,7714458.737025465
1628236992107851114,435391.67639117996,7713390.690075435
1628236992239875761,435392.0404699683,7713404.14186048
1628236992311840956,435392.27146997274,7713412.676717515
1628236992437996660,435362.08730490407,7712297.5114275785
1628236992503759762,435361.617063689,7712280.136085123
1628236992647804916,435331.47656504496,7711166.513519038
1628236992701940967,435331.19659697113,7711156.168058549
1628236992845785055,435330.8065839299,7711141.7561744535
1628236992900151178,435301.66759817966,7710065.068134712
1628236993049956932,435301.84955661185,7710071.79234481
1628236993109857385,435302.0850957972,7710080.496608934
1628236993248042880,435273.2334902862,7709014.364398677
1628236993302321687,435273.3737261553,7709019.547085066
1628236993446073044,435243.6475026532,7707921.017546817
1628236993511826082,435243.8085836332,7707926.970985495
1628236993644003922,435216.79989473236,7706928.820394172
1628236993704111279,435217.7929299751,7706965.524372566
1628236993842281793,435220.1993057052,7707054.46707426
1628236993914009503,435190.6397439213,7705961.979404458
1628236994046004404,435188.1925404651,7705871.521860841
1628236994178001962,435159.4362881099,7704808.649702865
1628236994244090521,435159.84988042485,7704823.938566491
1628236994376081182,435131.6420986818,7703781.273199188
1628236994442011550,435131.69296326535,7703783.153574737
1628236994573958047,435132.3356907917,7703806.91408019
1628236994651874341,435104.75841556507,7702787.498587501
1628236994778144306,435104.0957779252,7702763.00057342
1628236994843969515,435103.93870041694,7702757.193341525
1628236994981913855,435077.4324367293,7701777.313191567
1628236995048099005,435077.8051595832,7701791.093726722
1628236995180044971,435050.9023579838,7700796.497096387
1628236995240208473,435050.37475474796,7700776.98908642
1628236995378116745,435024.5274024013,7699821.34959523
1628236995450128559,435024.3106950969,7699813.33643507
1628236995581965284,435024.13729339,7699806.924578104
1628236995648221205,434998.23057294614,7698849.040167467
1628236995780212871,434998.88730588625,7698873.325468976
1628236995845988547,434999.2831429182,7698887.963094208
1628236995984113621,434974.1531244863,7697958.750108984
1628236996044104912,434974.2722463738,7697963.155345932
1628236996182228599,434949.176342009,7697035.152461429
1628236996242433830,434949.117952165,7697032.993033466
1628236996374296721,434931.77127140464,7696391.516931976
1628236996446062384,434932.1911233466,7696407.04487069
1628236996578070017,434932.92483217065,7696434.180558751
1628236996644279474,434909.89597059437,7695582.536288382
1628236996776272954,434912.6222781461,7695683.37147242
1628236996842256600,434914.13310802024,7695739.250752956
1628236996974231674,434889.9323223524,7694844.225893094
1628236997052194465,434890.1414204561,7694851.959951216
1628236997172466802,434865.7952254202,7693951.500747073
1628236997244253641,434865.3849554955,7693936.324996683
1628236997376265930,434841.196245137,7693041.633887305
1628236997454314186,434840.7186408729,7693023.966512053
1628236997580132037,434840.16972888785,7693003.661322963
1628236997646506234,434816.5365421313,7692129.46886898
1628236997778350233,434816.1347586137,7692114.605430112
1628236997850265399,434793.3500530691,7691271.755151267
1628236997976367868,434794.0131331562,7691296.286117847
1628236998048356134,434794.3633519062,7691309.242614509
1628236998186149422,434774.2052126834,7690563.526771088
1628236998246810363,434775.66798693145,7690617.645024054
1628236998378309358,434755.4351812047,7689869.092506586
1628236998516281690,434757.1412314762,7689932.2138157375
1628236998588189903,434758.01311545545,7689964.472128362
1628236998648380529,434737.834882398,7689217.946631508
1628236998768344172,434739.0236828823,7689261.93218959
1628236998912313047,434719.8559666001,7688552.768318974
1628236998978578912,434719.8446537093,7688552.349725571
1628236999056243112,434719.7338592218,7688548.250167959
1628236999182392478,434701.85091507685,7687886.593778481
1628236999314343020,434703.81587190507,7687959.3027443215
1628236999380611331,434685.4179973708,7687278.5309590325
1628236999512607614,434686.2425190129,7687309.04173026
1628236999572743309,434686.6641173362,7687324.642621466
1628236999710851228,434667.9529257714,7686632.28356763
1628236999782499351,434667.68880932394,7686622.509761932
1628236999914427382,434649.82846468565,7685961.605397568
1628236999980413394,434649.97838204575,7685967.153407466
1628237000112456625,434632.65973324765,7685326.268791049
1628237000184458750,434632.512155622,7685320.807160712
1628237000316448380,434632.08504254837,7685305.000325634
1628237000376434733,434614.36853234156,7684649.365737808
1628237000508675972,434614.26297016174,7684645.458880688
1628237000592325728,434614.1401733716,7684640.9141693665
1628237000718459101,434598.4179577891,7684059.058422307
1628237000790330322,434599.0215083213,7684081.396596365
1628237000916701014,434583.4430753838,7683504.843319568
1628237000988730860,434583.8728348897,7683520.749791919
1628237001120480081,434568.53983211564,7682953.259654999
1628237001180470082,434568.52331726975,7682952.64837903
1628237001306733812,434568.497288438,7682951.684954951
1628237001390763821,434552.4514034954,7682357.777382559
1628237001516562198,434552.40563029563,7682356.083086008
1628237001582520329,434552.4070663175,7682356.136240409
1628237001714431803,434537.22915623226,7681794.340896029
1628237001780769232,434537.23095119884,7681794.407338994
1628237001918558841,434522.8869574501,7681263.461750325
1628237001984506035,434523.1929895548,7681274.790270315
1628237002110792171,434508.92639942444,7680746.688699478
1628237002182563002,434508.45686609007,7680729.3072372265
1628237002314564007,434507.7854127394,7680704.450949392
1628237002380632374,434493.6154154814,7680179.904359322
1628237002512696564,434493.3575039812,7680170.356519978
1628237002584633237,434493.2349197921,7680165.818472495
1628237002722814176,434480.8827876155,7679708.552163088
1628237002782809319,434481.42282541486,7679728.544811641
1628237002914837657,434469.0909402927,7679272.016209812
1628237002992837005,434469.47249227046,7679286.141950206
1628237003130642796,434457.16204152285,7678830.390920374
1628237003184835007,434457.36645169556,7678837.958752649
1628237003316912123,434457.7865786038,7678853.513006871
1628237003455044318,434451.0765924698,7678605.090134568
1628237003526669216,434451.53332377505,7678621.9998176675
1628237003658851695,434441.0814811291,7678235.03723901
1628237003724526721,434440.9093808454,7678228.665380413
1628237003856701864,434430.9516168411,7677859.987983909
1628237003928686966,434430.62913806125,7677848.04822819
1628237004055121313,434430.1347428322,7677829.74326073
1628237004114981882,434421.87812721985,7677524.0403861655
1628237004258899208,434422.1797834257,7677535.209402911
1628237004324690441,434422.41827321734,7677544.039636937
1628237004457007669,434415.88652529486,7677302.194901632
1628237004516921244,434416.0770990932,7677309.25111414
1628237004661028395,434410.15166486154,7677089.850764126
1628237004721011669,434410.11721129244,7677088.575064956
1628237004864734564,434405.28839068755,7676909.771218523
1628237004919031402,434405.2428119838,7676908.083575124
1628237005068671018,434404.94852440164,7676897.186980002
1628237005123035266,434399.61809504055,7676699.805802718
1628237005261061585,434398.7713116577,7676668.45152128
1628237005308794999,434398.5385766036,7676659.833911143
1628237005452799253,434397.471263466,7676620.293883678
1628237005530987939,434397.4883103217,7676620.925088713
1628237005651067360,434394.3650776858,7676505.261743515
1628237005711069299,434394.5802254977,7676513.228214611
1628237005861072621,434392.28676303884,7676428.287949024
1628237005921078720,434392.21498764603,7676425.630244115
1628237006058694897,434392.20404189965,7676425.224944116
1628237006113125193,434390.6097617509,7676366.170727524
1628237006256844184,434391.63632670336,7676404.182550458
1628237006316860978,434392.21788639587,7676425.716604238
1628237006455127597,434390.5267460053,7676363.067836118
1628237006515109628,434390.8850834056,7676376.336427145
1628237006659165126,434390.23027102137,7676352.0649203295
1628237006713352407,434389.7106198496,7676332.8231383525
1628237006857136849,434388.5863571129,7676291.163596672
1628237006917169571,434388.77350994386,7676298.093561343
1628237007060907898,434389.32366435725,7676318.464867143
1628237007127173755,434390.3603387844,7676356.822168833
1628237007259186882,434390.3671574175,7676357.074650784
1628237007318950582,434390.32337461755,7676355.4534509005
1628237007457191750,434390.55812543724,7676364.110898601
1628237007529206911,434390.4732513718,7676360.968162742
1628237007660926701,434393.2511551252,7676463.794739492
1628237007792850331,434393.9757298564,7676490.624271851
1628237007859232774,434396.98350061633,7676601.95551419
1628237007991228673,434396.46743043116,7676582.846612848
1628237008062938080,434396.1613056309,7676571.511499767
1628237008189236626,434400.7457361433,7676741.225902334
1628237008261243910,434401.50334036583,7676769.277986527
1628237008381248937,434405.8489678687,7676930.142255389
1628237008459261576,434406.4684087017,7676953.078260133
1628237008584999470,434407.56319890247,7676993.614925604
1628237008669060714,434412.2593617701,7677167.46213127
1628237008783274211,434412.1473871748,7677163.316108661
1628237008861278745,434418.17841755674,7677386.583407872
1628237008993440888,434418.7822633898,7677408.941371335
1628237009065030592,434419.11155262025,7677421.1336042145
1628237009191281081,434427.07776204485,7677716.046124022
1628237009263300000,434427.79682852456,7677742.669716359
1628237009400925854,434434.0370817856,7677973.637823944
1628237009467072605,434434.1544455157,7677977.983177955
1628237009593071882,434434.4754911063,7677989.869780992
1628237009665341742,434443.32711816137,7678317.552021596
1628237009797461139,434444.25079431693,7678351.750102364
1628237009863100340,434453.6854564608,7678701.013069525
1628237009995345972,434453.96685469244,7678711.431295641
1628237010061444066,434454.0980423214,7678716.288262065
1628237010199394413,434464.20447807666,7679090.414244731
1628237010265363001,434464.64201961557,7679106.6129978355
1628237010391147822,434473.5282255844,7679435.544709169
1628237010457448922,434473.5748880615,7679437.272222367
1628237010601467206,434473.94908540923,7679451.125549464
1628237010661417834,434485.0950332239,7679863.715555504
1628237010787695698,434485.002962203,7679860.307037682
1628237010859406372,434495.7546608853,7680258.293064473
1628237010991160818,434496.0759301374,7680270.186337891
1628237011069489562,434496.4072505128,7680282.451691512
1628237011189419594,434507.8922650913,7680707.573157873
1628237011261419514,434508.0044431231,7680711.725838919
1628237011393550141,434519.5065460929,7681137.472046537
1628237011471499831,434519.5724187375,7681139.9105018545
1628237011597099458,434519.8897562999,7681151.657610924
1628237011663540616,434531.84020891186,7681593.988159002
1628237011801534056,434531.819208065,7681593.210776448
1628237011867124882,434544.37017049326,7682057.760047086
1628237011993469375,434543.2425564301,7682016.020566072
1628237012125525457,434557.1074057208,7682529.186373458
1628237012197577646,434559.01985116873,7682599.974761928
1628237012263574515,434561.03623880725,7682674.610206202
1628237012389285858,434578.51565147954,7683321.506257962
1628237012521557040,434581.5241217544,7683432.858194246
1628237012599167124,434583.09092541586,7683490.849708001
1628237012731439089,434598.11677321646,7684046.951787744
1628237012791192166,434598.6594653882,7684067.037540074
1628237012923544200,434613.00653091376,7684597.997840599
1628237012995580029,434613.1023982945,7684601.545904554
1628237013127596335,434627.50226830115,7685134.446620778
1628237013193530000,434627.04266480025,7685117.437166998
1628237013319325033,434626.52399563364,7685098.241732966
1628237013391741721,434642.0683862098,7685673.486965649
1628237013529630602,434641.7965649504,7685663.427463133
1628237013595245082,434641.7644275732,7685662.238129618
1628237013721325892,434657.1656562459,7686232.168215392
1628237013799624679,434657.1909720312,7686233.10506521
1628237013937661056,434671.99618189345,7686780.963006261
1628237013997678073,434671.59847771237,7686766.245818862
1628237014129684197,434687.1291305275,7687340.933854847
1628237014207555133,434687.2767260342,7687346.395495778
1628237014333809177,434687.5144590448,7687355.192591451
1628237014399664835,434703.7598563682,7687956.312123252
1628237014531688738,434704.0475166961,7687966.95634948
1628237014609674818,434720.8020266531,7688586.893005518
1628237014735359274,434721.75500566023,7688622.154518281
1628237014789723616,434722.2542115995,7688640.625784159
1628237014921698171,434736.92805056024,7689183.554895275
1628237015005638805,434734.84712357156,7689106.56024259
1628237015131760422,434748.6042785306,7689615.556917439
1628237015191764817,434748.9711628737,7689629.131317459
1628237015329351204,434749.9360539626,7689664.831392368
1628237015401761881,434766.1390800163,7690264.3111087745
1628237015533766820,434766.9962548487,7690296.024594912
1628237015599622145,434767.43965893844,7690312.429497293
1628237015725788370,434782.6558222025,7690875.378926207
1628237015803772057,434782.3158495735,7690862.801163135
1628237015923780973,434798.6569967346,7691467.351215645
1628237015995869932,434798.7597285637,7691471.151788607
1628237016127756976,434816.0220351607,7692109.7611976415
1628237016193756016,434816.7271767439,7692135.8469647635
1628237016331518985,434818.3053975285,7692194.230980299
1628237016397796861,434835.75615631836,7692839.757598343
1628237016523823800,434836.1662195427,7692854.92668843
1628237016607823461,434852.79462605785,7693470.042452867
1628237016739802172,434852.64266530843,7693464.421314964
1628237016866092685,434868.065264836,7694034.913818052
1628237016925854790,434868.13172747917,7694037.37223668
1628237017069854776,434868.2693231444,7694042.461827691
1628237017135932093,434884.1054575542,7694628.236721178
1628237017267869961,434884.56622193335,7694645.279551994
1628237017333741910,434884.86998537404,7694656.515196163
1628237017471870613,434900.3066944814,7695227.493393206
1628237017537880947,434900.4962164069,7695234.503216496
1628237017669810176,434917.37190286233,7695858.683328821
1628237017735859688,434918.37685709656,7695895.852026202
1628237017873863105,434935.16933263774,7696516.936251942
1628237017933883568,434935.7320139514,7696537.746483015
1628237018071913694,434937.0476345875,7696586.40335632
1628237018131904303,434951.4047354613,7697117.396647474
1628237018275624110,434951.8350260181,7697133.309971844
1628237018329664128,434952.0490036459,7697141.223445558
1628237018473899506,434964.764240385,7697611.480580121
1628237018533918105,434964.8968348415,7697616.3841454135
1628237018671961524,434976.1290875799,7698031.785324539
1628237018732052750,434976.1727478247,7698033.399913756
1628237018875942798,434986.3865178424,7698411.127495792
1628237018929873323,434986.09454466164,7698400.330341819
1628237019074046070,434985.1631063609,7698365.958902166
1628237019139716769,434996.94609482295,7698801.732142466
1628237019266090068,435001.2934685086,7698962.64646609
1628237019476036483,435022.08952961717,7699732.228857114
1628237019536081765,435026.4528251717,7699893.854371868
1628237019674112381,435039.9460875285,7700393.707629173
1628237019728136303,435041.17638236564,7700439.614197735
1628237019878107288,435046.5365284741,7700639.246728424
1628237019938120094,435047.00509408396,7700657.286842231
1628237020075963200,435048.6550958027,7700720.131079239
1628237020130064707,435049.1707883008,7700740.098210375
1628237020280103199,435045.8718309033,7700620.85285845
1628237020333765783,435044.9020690486,7700586.01692964
1628237020472107822,435040.59757618705,7700429.901961851
1628237020682139280,435033.0657834139,7700156.893626728
1628237020802126809,435032.09914132004,7700124.783831643
1628237020868253305,435024.77428766945,7699856.231644098
1628237021012027742,435016.1604617444,7699542.605744556
1628237021077776416,435012.9790305153,7699427.2072831
1628237021209794215,435009.4864555713,7699303.246343537
1628237021270482163,435007.4860892185,7699232.206475074
1628237021414167450,435007.0228532182,7699221.566876901
1628237021474168135,435003.8885076217,7699108.494422175
1628237021672231558,435005.57641911966,7699181.125257238
1628237021816241424,434996.59056699,7698856.505096799
1628237021876166458,435015.49573199905,7699559.160454136
1628237022007859015,435017.40735950886,7699637.536890391
1628237022224249489,435036.2306446763,7700347.6887438875
1628237022272262086,435033.6659709227,7700256.2241942175
1628237022404300426,435042.5348193738,7700593.355262265
1628237022476255862,435040.75835234555,7700532.682117346
1628237022619922987,435058.64471093187,7701204.619934249
1628237022674277425,435061.0379091981,7701297.711633207
1628237022806313006,435067.08873951907,7701531.715746216
1628237022878246994,435071.4221397232,7701697.850575861
1628237023010263612,435066.56672407873,7701529.269631069
1628237023088263509,435064.19242597476,7701447.567620206
1628237023208319936,435087.9005890858,7702335.856042957
1628237023280267458,435087.88522926165,7702341.734429754
1628237023406271034,435087.7497615576,7702349.125454109
1628237023478303220,435081.23793530953,7702115.186813136
1628237023610318997,435074.2659837398,7701870.841242186
1628237023670340335,435070.7376141168,7701746.54185457
1628237023813948428,435086.585217203,7702347.035832233
1628237023880321897,435093.5082000567,7702610.778825008
1628237024012336350,435117.4673943402,7703510.717709916
1628237024077988372,435124.4308356237,7703774.872171735
1628237024222324617,435124.18617892754,7703783.42313971
1628237024282337567,435132.5608972426,7704100.082270348
1628237024414374127,435145.705579442,7704601.84211583
1628237024480387970,435153.1932037454,7704887.160725937
1628237024630067159,435174.1615784719,7705679.862675796
1628237024672493397,435172.283325104,7705616.80487474
1628237024810390812,435171.74488227855,7705615.0307784965
1628237024876384521,435203.5651862343,7706799.230824579
1628237025014068016,435220.68671919795,7707449.323921373
1628237025086374631,435233.48378202657,7707931.718712269
1628237025206390694,435257.6929409715,7708844.50213097
1628237025284434570,435260.8029863314,7708970.668882982
1628237025416410258,435275.01312505984,7709514.466053239
1628237025482436601,435279.33973774244,7709684.405816409
1628237025608528084,435302.6071083234,7710561.971462326
1628237025746531903,435284.9642275251,7709930.6981186075
1628237025818407786,435265.82901671325,7709234.059352179
1628237025944466974,435286.0488092933,7710001.105246362
1628237026010337344,435269.57725110627,7709401.487973553
1628237026136473885,435292.7114475898,7710276.320774652
1628237026220436578,435278.85680179263,7709776.485657861
1628237026346867587,435306.8849468897,7710832.204838961
1628237026406562869,435286.39307372225,7710084.299156319
1628237026538589731,435240.38324716187,7708404.266099472
1628237026628535047,435270.6575919343,7709537.271482697
1628237026760605855,435244.1618579651,7708578.26995139
1628237026808938784,435235.80945566436,7708277.334463581
1628237026940607064,435272.5789955288,7709656.462091886
1628237027024711873,435274.8905286889,7709754.1913813725
1628237027150561654,435278.1948600861,7709896.677126718
1628237027210618287,435281.70273375866,7710035.500244325
1628237027348603019,435306.1917503512,7710960.160403324
1628237027420635175,435307.7662340638,7711031.192683431
1628237027552998105,435328.0002957189,7711798.621912598
1628237027618591085,435325.9967216561,7711734.107587691
1628237027744596768,435328.60389696126,7711850.350858394
1628237027948143472,435341.27593622624,7712349.294765547
1628237028014644568,435343.6035716831,7712445.880193699
1628237028146646917,435346.78732828965,7712583.375919137
1628237028212686536,435345.68368475133,7712553.15785559
1628237028344683037,435341.5907833349,7712421.498288748
1628237028416674269,435356.88342396816,7712997.244825664
1628237028542803699,435361.14419105963,7713173.979293511
1628237028626701206,435380.1793700579,7713889.407979946
1628237028746688383,435379.5765241964,7713885.005796511
1628237028818660583,435381.3889176401,7713962.342097399
1628237028944687980,435410.2955370879,7715049.373780845
1628237029034687375,435411.1098131079,7715091.222867811
1628237029154750639,435448.20300560736,7716480.478125932
1628237029214740487,435450.71184674976,7716581.886502956
1628237029340487255,435453.65911974834,7716708.194955738
1628237029424730571,435491.9698399501,7718136.152226324
1628237029556797321,435485.0248202024,7717898.501300521
1628237029622492820,435530.3266420286,7719580.135352149
1628237029748760855,435520.96576479066,7719253.138261641
1628237029820787297,435521.4434675128,7719280.733662951
1628237029958735331,435592.0712423833,7721908.289088568
1628237030084606457,435592.58822385786,7721944.371492201
1628237030150781413,435661.47474949446,7724497.104979256
1628237030282783417,435665.32720709225,7724657.611271427
1628237030349009320,435731.5207530765,7727110.553007311
1628237030480795993,435735.2374380159,7727265.880140323
1628237030552827758,435740.59867006453,7727473.457439157
1628237030630819341,435816.88988144166,7730299.962890754
1628237030756666214,435822.72371100844,7730531.94491342
1628237030882792492,435898.1468520292,7733332.665746348
1628237030942820439,435896.0754427669,7733264.637629219
1628237031086368994,435881.46043879294,7732745.19902936
1628237031164816641,435962.7769764313,7735755.914312281
1628237031344962918,435960.82018283266,7735709.094897156
1628237031482875539,436074.37671353633,7739916.76715879
1628237031566923594,436076.7565310956,7740015.958784776
1628237031692749209,436168.4243410761,7743412.904619398
1628237031747022962,436175.9367278262,7743698.451330985
1628237031884869660,436266.383188128,7747052.6873589875
1628237031944905722,436279.5744288427,7747547.54177586
1628237032089807781,436323.8598248935,7749199.949486344
1628237032149816836,436399.97089738504,7752013.392316128
1628237032281695944,436450.6248121723,7753898.721059342
1628237032347742260,436522.66256068926,7756563.011631438
1628237032479686624,436566.56074257195,7758199.263318422
1628237032551576049,436590.4020711188,7759087.825790488
1628237032689814632,436686.80298613897,7762659.027818953
1628237032749849639,436706.7936694779,7763404.171614655
1628237032881703644,436800.67946383706,7766880.61686673
1628237032947925432,436824.0402975252,7767751.276390795
1628237033085645901,436868.5153028998,7769408.389942036
1628237033151868816,436951.14306688425,7772460.292565264
1628237033289801390,437003.8209066676,7774420.563248889
1628237033349782919,437076.8150797993,7777115.845167799
1628237033493966898,437132.85088899755,7779199.356357185
1628237033565778260,437163.3635946881,7780332.849849542
1628237033685769849,437259.1083154544,7783873.608350362
1628237033745774232,437286.2604692068,7784881.733892478
1628237033895687355,437396.1617006968,7788947.001315709
1628237033961892596,437427.8532567725,7790123.453350396
1628237034087808058,437478.35800357343,7791999.636046967
1628237034153841816,437560.3407729421,7795024.5121937385
1628237034297720530,437608.87527411047,7796831.380280398
1628237034357836917,437699.4964286707,7800171.226705842
1628237034495926563,437758.71036327584,7802370.098139596
1628237034615981867,437872.0214633214,7806552.540925587
1628237034687862831,437906.0917173234,7807815.675901747
1628237034819800064,437968.5179844348,7810130.296149706
1628237034885990387,438057.32967020496,7813403.172185712
1628237035029862296,438116.50385782466,7815599.705237218
1628237035089901489,438139.7771207793,7816464.453860017
1628237035217241387,438263.8744019523,7821041.681547767
1628237035289124982,438291.5052237337,7822067.933358484
1628237035427023245,438413.6540005646,7826574.22854931
1628237035487231052,438443.49387932813,7827679.499047361
1628237035619278286,438563.5479103937,7832106.04018309
1628237035691181999,438611.90167347377,7833891.683541554
1628237035829319270,438718.95455672883,7837841.7722054925
1628237035889049763,438788.26969179296,7840393.697150977
1628237036027288185,438883.0097196298,7843891.383949989
1628237036087568276,438921.1814705569,7845301.153323485
1628237036219132682,439034.7333783054,7849485.735964067
1628237036291083683,439074.84064077307,7850967.888308451
1628237036423116636,439215.2979761774,7856136.532057007
1628237036489348021,439256.96295685286,7857675.272137966
1628237036633230649,439396.93625295034,7862826.072280457
1628237036699004802,439429.6525384854,7864034.895093119
1628237036825082053,439499.7385093911,7866624.549881795
1628237036891319305,439623.5200182771,7871167.474692346
1628237037023377712,439701.87958586804,7874058.917293988
1628237037089046040,439740.27630213223,7875474.898831229
1628237037221208862,439930.74926757993,7882467.661297705
1628237037293165606,439989.961354251,7884645.931477948
1628237037431386099,440152.2576405306,7890605.529635451
1628237037497259359,440202.0077664149,7892435.173306448
1628237037623561431,440352.306021461,7897951.933697494
1628237037695169576,440401.7837529127,7899772.831794612
1628237037839365395,440500.0389092588,7903388.5060833
1628237037893601689,440607.74704051233,7907333.593419467
1628237038025411477,440713.03412608104,7911202.531298689
1628237038091067695,440764.2464146139,7913083.473265225
1628237038235440386,440942.17694032734,7919606.117181599
1628237038295463110,440996.69396578573,7921606.736525531
1628237038433982045,441152.16693426785,7927303.300871409
1628237038488277588,441204.86983486457,7929236.877512054
1628237038639339337,441387.44731450337,7935923.008160328
1628237038699326117,441438.1355450954,7937782.218945702
1628237038819265276,441535.7356356538,7941362.415354511
1628237038957477102,441707.83118762233,7947660.094994708
1628237039035259783,441763.9054198185,7949716.151684183
1628237039161382801,441937.24628529506,7956054.415791742
1628237039227320527,441994.91772905685,7958167.642701368
1628237039359291255,442157.5250194606,7964112.2037710445
1628237039437541808,442216.8275640585,7966285.712808159
1628237039563411910,442300.03971911967,7969336.53419981
1628237039629194308,442423.7708875171,7973850.165343536
1628237039761304798,442516.43422640185,7977247.203475508
1628237039839406647,442560.47431005945,7978862.12571831
1628237039959525095,442753.5958474734,7985909.18074917
1628237040037173874,442799.7249089884,7987599.228899333
1628237040151427959,442983.76752313133,7994311.338535806
1628237040241541651,443044.1535190205,7996522.351194739
1628237040367187314,443201.00596245285,8002243.370312966
1628237040433487130,443244.50166414154,8003836.199192964
1628237040553555983,443321.904672138,8006669.496561003
1628237040643373368,443472.47362678,8012153.577481231
1628237040769373876,443566.73401980556,8015597.403133759
1628237040823530894,443616.40468429925,8017411.266321086
1628237040955594369,443786.04506595095,8023591.509776403
1628237041027484438,443848.7552604215,8025879.430763539
1628237041165386868,444014.2319088801,8031907.646758065
1628237041225395123,444059.4562225681,8033558.594956447
1628237041357385520,444219.8972067921,8039399.784352521
1628237041435683881,444272.91059105744,8041335.940797101
1628237041567420437,444357.5427269789,8044426.775141083
1628237041627421045,444471.78440813516,8048577.880335516
1628237041759418012,444567.56205713213,8052071.151821462
1628237041843308386,444623.13925707206,8054098.67804938
1628237041963374516,444752.05308312946,8058789.516183389
1628237042029539928,444792.3209970317,8060260.138451428
1628237042155537054,444942.87166821386,8065734.459386184
1628237042239497767,444990.90605904773,8067487.384906703
1628237042377462923,445122.45115912723,8072271.667348113
1628237042431530078,445158.09351601655,8073572.004935834
1628237042563758221,445228.2360356408,8076132.8058087705
1628237042641475079,445316.48844919744,8079340.02495919
1628237042767647984,445369.3275471234,8081274.024768455
1628237042833651219,445392.49277178344,8082122.345684405
1628237042960521582,445512.63674736046,8086490.675988123
1628237043032445307,445548.86519544973,8087812.870947267
1628237043170565484,445656.1575028256,8091716.617216803
1628237043302565245,445727.6615900992,8094323.929658887
1628237043368742564,445771.8545095411,8095931.928139066
1628237043500499990,445823.63078815356,8097827.264432731
1628237043560516891,445844.46488995594,8098590.465086908
1628237043698332829,445930.7871218906,8101732.258385007
1628237043764603456,445952.76374438347,8102538.228027959
1628237043836492091,445972.6466870128,8103268.5047164615
1628237043968370385,446035.05282989936,8105545.336491456
1628237044094504010,446065.4124487453,8106663.9813611675
1628237044166400956,446129.12025863316,8108977.182843708
1628237044298531138,446164.38797032356,8110272.808743506
1628237044376522500,446202.15646764403,8111650.464756203
1628237044496552382,446225.85458995367,8112526.331790709
1628237044568559067,446241.8189552191,8113114.505021973
1628237044700443684,446301.3260543251,8115285.257828429
1628237044778569843,446323.9643073259,8116115.950309981
1628237044898436267,446352.4039169286,8117162.830622232
1628237044958579704,446361.31779045984,8117494.58249313
1628237045102470262,446371.0659440445,8117869.642162636
1628237045180584801,446395.42267512786,8118762.231877997
1628237045300619483,446379.69136477105,8118214.014325677
1628237045361504065,446407.667817028,8119234.141834705
1628237045499750833,446379.38511614746,8118236.080687717
1628237045565718811,446370.6791040346,8117933.2588429535
1628237045698202183,446430.2692990885,8120105.933941044
1628237045763654543,446448.32490387245,8120767.5173454145
1628237045901759131,446447.7808032639,8120770.991442433
1628237045967727128,446445.80713839823,8120711.231614485
1628237046099694322,446416.8242963248,8119686.314691323
1628237046159692980,446434.17907520576,8120322.759541074
1628237046309570015,446394.3323093809,8118907.1683278205
1628237046369948671,446436.68141995504,8120447.494422476
1628237046501720197,446442.9530505952,8120694.986751743
1628237046561723419,446452.01390802045,8121031.777735519
1628237046705633786,446461.92979812284,8121412.315108296
1628237046771965458,446468.1704610191,8121648.859347633
1628237046903842300,446463.46533027187,8121500.1850464335
1628237046963859096,446454.84873661946,8121198.849934655
1628237047101979309,446459.8410939845,8121401.7963408185
1628237047173986897,446448.22425428266,8120993.753632646
1628237047305856445,446430.0712945157,8120359.392643117
1628237047371785700,446444.5360727212,8120891.229214802
1628237047503771116,446428.2334794417,8120325.2125379015
1628237047575751628,446418.2802257703,8119977.151439506
1628237047707885062,446411.32814657723,8119747.066342803
1628237047839899301,446382.2584177025,8118718.507376215
1628237047905768887,446386.53495105036,8118884.142396889
1628237048037770433,446351.15815985634,8117627.8497131495
1628237048103813855,446333.99887985684,8117017.968764131
1628237048247925829,446321.7977382483,8116601.482469066
1628237048307952167,446309.10928664426,8116152.9341485035
1628237048434822516,446288.9715540314,8115445.060269335
1628237048500828487,446268.57450069627,8114719.77922917
1628237048651974565,446234.7667778382,8113522.955629395
1628237048705808134,446223.4362887047,8113121.719262349
1628237048838133887,446190.61367841007,8111958.5553046595
1628237048910067197,446178.55689156346,8111534.310648115
1628237049053853518,446125.68444463063,8109647.044730139
1628237049101877567,446103.937753514,8108869.560580617
1628237049233873129,446073.77214393637,8107800.504735543
1628237049305887705,446046.25887431466,8106817.744530029
1628237049443981162,446024.6649787142,8106059.601688059
1628237049504007006,446005.6768280694,8105383.0589645365
1628237049630202200,445981.9075022963,8104544.59600905
1628237049701897799,445965.5152009881,8103963.19717306
1628237049839750283,445942.25013764104,8103142.561570901
1628237049906018954,445935.5447672567,8102910.982882354
1628237050038918640,445925.41069435846,8102564.368699975
1628237050104941799,445900.90462808614,8101689.821848849
1628237050243033397,445884.6310716591,8101122.762531093
1628237050303059749,445877.1745205844,8100862.282772149
1628237050440855304,445848.5060411666,8099845.941875051
1628237050506955782,445831.5991066187,8099245.482107482
1628237050645083711,445787.6235748144,8097677.463843581
1628237050705044167,445761.34200038103,8096736.770747867
1628237050842867616,445710.1390904143,8094905.73004099
1628237050908983196,445728.29081095755,8095571.686903861
1628237051047012965,445735.7443035826,8095860.781731239
1628237051107131278,445709.5943692107,8094924.609679674
1628237051239172377,445704.59846288944,8094762.390361045
1628237051299129475,445698.2333215592,8094540.848143312
1628237051449037948,445640.2420378295,8092466.569240266
1628237051509019594,445612.26433062885,8091463.972390395
1628237051640942193,445587.39259777305,8090583.271035968
1628237051707160311,445551.8301981558,8089307.749988183
1628237051845074995,445484.8080896026,8086903.270106791
1628237051904955048,445529.4805621601,8088525.712856854
1628237052042997872,445487.99270197423,8087044.944573871
1628237052169172838,445509.3363609956,8087833.2878355095
1628237052241201305,445508.30338242854,8087804.953238614
1628237052372962314,445511.6724361719,8087943.283519171
1628237052444974307,445508.77104707813,8087847.245607176
1628237052571198517,445491.71095308196,8087246.955844038
1628237052650308764,445477.2045982629,8086732.603128695
1628237052776022254,445454.1396505052,8085913.643589809
1628237052848048561,445442.16239020566,8085489.186590761
1628237052974184694,445434.46940359485,8085226.734608589
1628237053052141360,445425.61430660024,8084916.089570418
1628237053184335831,445416.22030560864,8084591.650473435
1628237053244303212,445410.7441594049,8084400.597189525
1628237053369984486,445404.7988292744,8084199.293257684
1628237053454199975,445397.4492819197,8083943.630155301
1628237053574175638,445397.62231177057,8083962.882200631
1628237053646297158,445395.65675815934,8083899.339151503
1628237053766237850,445395.64475436776,8083911.39246477
1628237053862160359,445400.6222056275,8084100.4373343
1628237053988194970,445401.2060199051,8084134.557996087
1628237054036219054,445398.4441008168,8084039.620727615
1628237054174394057,445392.62663934374,8083842.796602408
1628237054246415312,445380.3363126129,8083405.1519372435
1628237054438262275,445391.32810154825,8083819.491524867
1628237054576425196,445377.68455879984,8083338.461671669
1628237054648407356,445392.78672420833,8083890.1327168895
1628237054780306986,445376.04593822104,8083295.769504689
1628237054840338790,445370.2560122911,8083091.315183765
1628237054978272071,445395.11476822954,8084000.440884925
1628237055050279227,445391.2464237073,8083865.916386528
1628237055182332380,445405.5621403987,8084392.625438216
1628237055242347309,445402.83088462264,8084298.186182025
1628237055374200318,445418.85117148154,8084885.944687763
1628237055452329712,445416.14050670544,8084793.347359847
1628237055578500573,445411.8102234195,8084645.292569493
1628237055638468328,445422.0756688593,8085019.755427162
1628237055771465524,445416.2144556594,8084815.894784415
1628237055855238851,445415.19120298105,8084783.65540738
1628237055993479794,445421.9717566747,8085036.261326148
1628237056041488354,445419.8638110183,8084962.844292555
1628237056173453739,445430.001707492,8085335.9538222
1628237056263365228,445431.25103057746,8085385.807482935
1628237056383359495,445448.76280544477,8086024.511064518
1628237056443378860,445448.74277385906,8086026.8796485765
1628237056581374197,445444.5777680762,8085883.077259684
1628237056647358377,445457.83146085223,8086365.143321858
1628237056785397948,445460.87059931783,8086482.010648376
1628237057991503413,445438.4612869156,8085726.989869777
1628237058117553379,445434.19807155535,8085578.839980394
1628237058177558287,445432.5469871922,8085521.919951382
1628237058321422756,445428.00707592425,8085364.239114682
1628237058381430017,445433.0783707082,8085549.982349092
1628237058513421785,445435.2067130602,8085632.717980163
1628237058573548964,445435.1322805613,8085632.713388447
1628237058711545257,445434.6925662997,8085622.668087177
1628237058783464588,445436.4930204884,8085690.798866158
1628237058915573901,445429.28051298496,8085435.630526131
1628237058981657713,445429.134609919,8085433.426178094
1628237059119596056,445416.20174663665,8084972.045252346
1628237059185714783,445415.5243371049,8084950.226263362
1628237059311726418,445415.971123933,8084972.124804524
1628237059377541836,445402.7052714704,8084495.287933918
1628237059515518544,445401.63062714844,8084462.604320164
1628237059581661497,445398.5806990111,8084355.4756690115
1628237059713626028,445380.82922801486,8083719.580017742
1628237059773625545,445376.54708682455,8083567.519673947
1628237059923676876,445366.4950168978,8083210.685169111
1628237059983682630,445367.3696637026,8083244.944096578
1628237060115639140,445357.02437025,8082876.630231495
1628237060175656428,445355.99071754003,8082841.896789151
1628237060313750069,445348.7134057395,8082585.008060035
1628237060391707961,445340.14760059176,8082278.759169966
1628237060517662857,445340.5055946489,8082296.908532526
1628237060577664179,445341.5716412174,8082338.066650226
1628237060715774448,445325.7802463445,8081773.318119976
1628237060787830095,445324.6711076973,8081736.345161548
1628237060919589523,445310.24140239554,8081220.476141477
1628237061057700030,445296.79492021067,8080740.85871977
1628237061117707367,445302.3121232279,8080942.7393035665
1628237061249822376,445313.7093539346,8081360.465844758
1628237061321598377,445328.76080433483,8081907.534359461
1628237061375885042,445318.7189763093,8081547.267777582
1628237061519748183,445329.08544179087,8081928.325382177
1628237061651639373,445319.4178674634,8081584.79752582
1628237061717891207,445314.7218310836,8081418.354542991
1628237061861778041,445325.3844015886,8081810.026747217
1628237061921791364,445329.2361096149,8081952.008077153
1628237062041783307,445348.97620762937,8082670.90812778
1628237062119911410,445336.01125930063,8082206.063617136
1628237062263804168,445345.0172452078,8082537.9893604275
1628237062317845231,445345.7210681414,8082566.1932525905
1628237062455729763,445333.0172984388,8082113.015370062
1628237062521929519,445329.17256904417,8081977.299771488
1628237062660059752,445328.4112678926,8081956.18159304
1628237062719868738,445327.074350907,8081910.647484721
1628237062857829645,445330.8118133801,8082051.680789172
1628237062923815928,445334.07050028857,8082172.6124785775
1628237063055732552,445328.51531157,8081977.843448671
1628237063121900002,445337.27022310195,8082297.237532199
1628237063259929725,445332.2644202194,8082122.302088459
1628237063313930668,445330.2143663578,8082050.972283087
1628237063464005932,445337.69633808977,8082328.056589354
1628237063517763597,445341.09536144417,8082453.16172166
1628237063656028694,445349.92662320065,8082778.580308146
1628237063716014150,445344.2607337354,8082576.610396576
1628237063866309976,445357.5386160737,8083063.131106297
1628237063919836308,445353.08743612113,8082904.60337147
1628237064058012020,445344.09883855877,8082586.259913598
1628237064123799450,445362.19607311423,8083242.86559416
1628237064261948768,445355.43827550096,8083005.112790579
1628237064327958893,445351.3962935459,8082862.265218712
1628237064453967436,445364.08878902515,8083326.272759795
1628237064520123187,445358.0011706004,8083109.507624619
1628237064670139609,445375.1154565605,8083734.598177465
1628237064723961395,445373.4059855521,8083675.138882994
1628237064849986749,445367.79549149174,8083478.4953386
1628237064928074343,445390.30914381717,8084295.41970841
1628237065054141730,445381.71066198626,8083990.481669242
1628237065120041019,445401.8011234754,8084719.483957974
1628237065252000142,445393.9038582804,8084440.441657438
1628237065378577725,445413.47476048063,8085153.793702522
1628237065462157552,445406.3852824759,8084901.655275902
1628237065522130540,445399.7728725246,8084665.793862946
1628237065660068066,445409.5336436395,8085025.483832215
1628237065792157464,445390.5117901393,8084345.036227031
1628237065864201043,445406.86929434165,8084939.623447027
1628237065990124173,445384.36311623035,8084133.421053945
1628237066062129205,445371.06641257915,8083656.771623253
1628237066187948718,445369.74220346427,8083615.301319748
1628237066254064594,445355.30851572985,8083097.602344847
1628237066386202165,445362.1193073333,8083350.772466981
1628237066446182254,445352.4216133604,8083003.679685044
1628237066590109016,445328.147585977,8082134.349260142
1628237066656120102,445355.26991959417,8083118.137373779
1628237066788198430,445343.63672626653,8082705.039696936
1628237066854211576,445338.86177530716,8082536.410312158
1628237066986270303,445354.0058646202,8083090.966692471
1628237067058147486,445347.70552275574,8082867.2431042055
1628237067184234877,445372.6152730018,8083774.564615463
1628237067244268640,445365.1822580188,8083509.371946816
1628237067382114427,445395.3385237956,8084606.170483775
1628237067454213730,445383.6199399313,8084187.334176606
1628237067592051529,445360.2701163428,8083351.103024831
1628237067658165929,445403.3208751916,8084910.427304742
1628237067790300284,445371.2173059016,8083757.980571222
1628237067856332245,445427.7534952114,8085804.519938909
1628237067988233572,445396.7963751268,8084693.693923974
1628237068048260609,445382.6670252385,8084186.721985291
1628237068180276141,445424.49753940996,8085705.372337739
1628237068264132684,445401.35321805644,8084873.943636421
1628237068390279959,445456.64955168805,8086879.052114768
1628237068450268075,445446.0471665644,8086499.575892245
1628237068582238956,445423.203351383,8085681.993940741
1628237068660359736,445493.865705299,8088239.1820209995
1628237068780393989,445477.6732759799,8087661.3510367265
1628237068852554926,445467.7445355787,8087306.826684338
1628237068990313639,445506.7964520821,8088725.668139887
1628237069050371727,445489.8918997793,8088118.608742804
1628237069194425928,445520.58952979837,8089235.578142132
1628237069254401062,445509.5673972035,8088840.979962467
1628237069392491714,445562.85234526725,8090773.526593089
1628237069452344934,445557.43443214183,8090581.319925317
1628237069596209328,445535.1098623881,8089783.0841163965
1628237069650457799,445589.17386881495,8091739.011774059
1628237069782374563,445551.15456188767,8090373.425614375
1628237069866367878,445610.86436408875,8092534.286462323
1628237069992704540,445599.2554461267,8092122.5018510865
1628237070124471927,445621.52176828496,8092934.017879741
1628237070184489136,445603.1370971143,8092273.5101083545
1628237070322393124,445558.07029939746,8090653.806912704
1628237070394471332,445621.9328446869,8092963.886432695
1628237070532281857,445572.9654669042,8091202.713353683
1628237070586545727,445550.60428713186,8090398.438303077
1628237070724452755,445600.69556666893,8092214.775746055
1628237070802280839,445590.68897795974,8091857.065957819
1628237070928418531,445642.24970881635,8093725.568413228
1628237070988424788,445631.30220809806,8093333.321398358
1628237071126485570,445689.924966318,8095456.9409711305
1628237071186699687,445678.9639879224,8095064.13499856
1628237071330424012,445656.656931858,8094265.523154092
1628237071390437942,445734.20840457163,8097068.277871439
1628237071528597904,445725.90275390673,8096775.175317027
1628237071594341470,445722.631652947,8096659.936430825
1628237071732501973,445762.97160685586,8098122.675629585
1628237071792481448,445749.973486036,8097656.20951162
1628237071930609199,445817.5870855423,8100103.227056413
1628237071996372944,445813.00970457325,8099940.676144683
1628237072128531054,445871.8166698669,8102069.437779725
1628237072188554186,445861.4231122425,8101696.862151552
1628237072326636731,445833.7510052892,8100703.468404207
1628237072392654742,445907.5608757322,8103370.178274381
1628237072524652897,445886.9152774658,8102630.131028005
1628237072590387365,445878.93146600353,8102344.228797201
1628237072734547349,445934.4789432482,8104354.096278945
1628237072800656893,445921.69954027823,8103895.284595976
1628237072932707953,445991.462274469,8106416.716796347
1628237072992584924,445981.89805751306,8106073.385124053
1628237073124616159,446051.2301208015,8108578.82942863
1628237073196591712,446034.8317504679,8107989.034053393
1628237073322673572,446004.99078908795,8106915.526491239
1628237073394721530,446091.3197724201,8110031.958375187
1628237073532665179,446075.73361142236,8109472.51237916
1628237073592510841,446073.0863060466,8109377.915791328
1628237073730460539,446142.76630446303,8111893.840880391
1628237073856733177,446190.8159315435,8113628.848374824
1628237073934675647,446168.66126597626,8112830.578952588
1628237074060519318,446131.3954900045,8111487.364449346
1628237074126678383,446219.7997332335,8114676.642780479
1628237074264560852,446200.9476117374,8113997.350733462
1628237074336660569,446191.9159906474,8113671.842583317
1628237074456709541,446259.00939330383,8116091.967325714
1628237074528697380,446254.1683291748,8115917.501240077
1628237074672609195,446337.95033975,8118939.010756286
1628237074726808293,446330.7787377674,8118680.528064755
1628237074858799224,446409.509125545,8121519.37499196
1628237074930890665,446401.9218040199,8121245.909710895
1628237075062708935,446391.0854420048,8120855.379998728
1628237075128835874,446500.16276000644,8124787.523857063
1628237075254687285,446497.2972246102,8124684.257897971
1628237075338617163,446495.3600381915,8124614.452352103
1628237075458787503,446596.3827323255,8128255.859432957
1628237075530866056,446597.33114639076,8128290.037801681
1628237075668648811,446683.4462796581,8131393.746435524
1628237075734849258,446683.5436612994,8131397.256008954
1628237075860787100,446768.97855023807,8134476.006467111
1628237075932857991,446769.2829127529,8134486.973911112
1628237076064735423,446769.77585587255,8134504.734522
1628237076130868612,446855.6931470542,8137600.415757113
1628237076262921648,446857.04226705246,8137649.018269609
1628237076346784138,446857.70139091386,8137672.761180877
1628237076466817370,446943.507984028,8140763.99676484
1628237076532937341,446943.86305534176,8140776.785531686
1628237076670819812,447029.6703351998,8143867.590045759
1628237076736908933,447030.6415995736,8143902.566478408
1628237076868821621,447116.0493429996,8146978.542570418
1628237076928842227,447115.97256111656,8146975.777417642
1628237077066997774,447115.9086992696,8146973.477555003
1628237077138984327,447199.4282641239,8149981.03675046
1628237077264764470,447199.55416004267,8149985.570016536
1628237077325584020,447199.65088947664,8149989.053053825
1628237077468890368,447282.1923658117,8152960.978043673
1628237077534771041,447282.5597949204,8152974.2056394145
1628237077660978851,447364.67232797446,8155930.277790098
1628237077738968577,447365.27110375033,8155951.827519195
1628237077865079878,447447.5209755222,8158912.42662204
1628237077937031335,447448.0657913761,8158932.035462266
1628237078069048636,447449.34114658315,8158977.926788325
1628237078135074707,447531.6689185685,8161940.925917139
1628237078266986410,447531.64566220425,8161940.088384549
1628237078332942447,447531.75477089494,8161944.010158315
1628237078459116479,447612.72250084754,8164857.668173716
1628237078596839455,447613.2997134923,8164878.433697636
1628237078668854781,447693.89086972084,8167778.152803322
1628237078741012137,447694.1314876621,8167786.807339979
1628237078861081913,447769.95411180827,8170514.585213283
1628237078998804959,447770.5125174991,8170534.672825827
1628237079071039867,447770.9135098675,8170549.097087316
1628237079203019118,447842.9821799918,8173141.5052352585
1628237079275124764,447843.6557757613,8173165.727404805
1628237079395014542,447911.5037365587,8175606.027438206
1628237079473072446,447911.4460725667,8175603.95352684
1628237079605062029,447911.54217922327,8175607.410045789
1628237079671018550,447972.765003835,8177809.201218658
1628237079797023745,447973.2741958462,8177827.507502469
1628237079869013138,448032.5465915428,8179958.935501891
1628237080000941471,448033.18176389096,8179981.775193498
1628237080070853035,448033.5113036625,8179993.620455227
1628237080199196483,448088.7718893727,8181980.595430546
1628237080265228740,448089.1523629748,8181994.27533722
1628237080397210261,448140.4931208607,8183840.1467618495
1628237080469236717,448140.9634845726,8183857.057224963
1628237080601053630,448141.94088540936,8183892.194294662
1628237080673089268,448190.96908774367,8185654.778986719
1628237080799249693,448192.052881883,8185693.731595954
1628237080871209293,448237.01815544674,8187310.119955918
1628237081003133492,448237.62617625995,8187331.975990933
1628237081069159472,448238.0729833136,8187348.035655767
1628237081207237195,448279.8862720452,8188851.011217184
1628237081267273584,448280.09598754835,8188858.549165258
1628237081399245226,448318.5696111229,8190241.384489163
1628237081471209711,448319.1052154719,8190260.634860697
1628237081609043298,448320.1547553919,8190298.351227451
1628237081663223482,448357.6230179703,8191644.973969402
1628237081801268635,448358.50110512873,8191676.521739142
1628237081879065075,448390.86148417764,8192839.495930278
1628237082005094322,448390.8067335402,8192837.528346915
1628237082065247721,448390.87887120544,8192840.1207709415
1628237082209211787,448419.24048190995,8193859.342659412
1628237082275304819,448418.4491504465,8193830.905739802
1628237082401273695,448445.3613770769,8194798.000667289
1628237082461270884,448445.7272777166,8194811.148930225
1628237082599265603,448446.8453980185,8194851.324915584
1628237082671374284,448476.0077755553,8195899.224657441
1628237082803401880,448476.6061799719,8195920.7218826655
1628237082875305407,448500.4984673527,8196779.21541414
1628237083001275045,448500.5136375167,8196779.760489574
1628237083067323968,448500.6727392597,8196785.477134397
1628237083205400151,448523.06658041285,8197590.101801829
1628237083343056620,448524.05093932647,8197625.465252092
1628237083403490666,448543.9138872045,8198339.129204836
1628237083535410798,448544.5903403747,8198363.431621072
1628237083607359330,448562.7620006383,8199016.300015151
1628237083739447784,448564.2633318394,8199070.235986779
1628237083799526349,448565.0387252575,8199098.088057492
1628237083943339531,448582.42515842966,8199722.732492114
1628237084009321047,448582.7763399105,8199735.349023057
1628237084141505914,448597.81555307197,8200275.653083087
1628237084201461957,448598.3784199965,8200295.874107136
1628237084345366190,448599.697043325,8200343.242619309
1628237084411373639,448612.6438759366,8200808.366171286
1628237084543503869,448613.6031049206,8200842.825682275
1628237084597926779,448614.0790192473,8200859.922492466
1628237084741447671,448627.4653025066,8201340.81358348
1628237084801431115,448628.22412825807,8201368.067447293
1628237084939488977,448637.4359093441,8201698.995936385
1628237085005338738,448636.46109895146,8201663.978030531
1628237085143500351,448643.7529354374,8201925.934335442
1628237085209448414,448644.407268308,8201949.439145248
1628237085347421985,448645.85899188253,8202001.580467101
1628237085407399648,448653.8237841978,8202287.706385379
1628237085545580806,448654.6898819822,8202318.815699747
1628237085605543935,448655.2518492328,8202338.996867591
1628237085743479272,448662.04068240884,8202582.872673716
1628237085803511722,448662.53603789053,8202600.660820798
1628237085947358685,448667.88227112347,8202792.714384433
1628237086013517414,448668.3071533762,8202807.976567674
1628237086145529352,448672.0914864838,8202943.927009645
1628237086205541646,448671.8723820343,8202936.056614652
1628237086349639256,448671.6569787506,8202928.319165565
1628237086415615525,448674.22813652025,8203020.689962622
1628237086535660058,448674.8247545226,8203042.120836993
1628237086607657099,448679.7611679501,8203219.444056991
1628237086745659822,448679.94844547025,8203226.171119047
1628237086805654492,448680.1046334858,8203231.78143565
1628237086949681967,448680.7884307755,8203256.349841431
1628237087003481196,448680.97570861346,8203263.076903678
1628237087147579078,448681.16277626815,8203269.803971813
1628237087279566559,448682.03995346866,8203301.312149225
1628237087351467230,448682.6418238485,8203322.92915074
1628237087477572968,448681.3706807752,8203277.275533928
1628237087549631363,448681.23817976116,8203272.5160708595
1628237087669617599,448684.5739771838,8203392.300298854
1628237087747608761,448685.31510864024,8203418.916065483
1628237087879730007,448683.86742288596,8203366.907620467
1628237087951709730,448683.9340437907,8203369.300646762
1628237088083620721,448684.2205242762,8203379.590659595
1628237088143645919,448681.4846410282,8203281.317048933
1628237088287568540,448682.46766637,8203316.627479507
1628237088341793827,448683.02737551124,8203336.728897116
1628237088473785246,448679.9207224452,8203225.134109196
1628237088539709791,448680.2797328476,8203238.029860658
1628237088671715233,448678.5722976668,8203176.688620084
1628237088743802719,448678.7766525746,8203184.027231533
1628237088875740451,448675.30459871195,8203059.297397509
1628237088942263111,448675.1417499443,8203053.44777908
1628237089073842229,448674.9426303743,8203046.295291132
1628237089145708605,448671.1595917614,8202910.39802144
1628237089271802365,448671.6888469382,8202929.409279324
1628237089349633110,448672.09892749065,8202944.139680728
1628237089481721630,448669.01993921655,8202833.52871978
1628237089547731849,448669.4078115242,8202847.461444986
1628237089673866187,448667.6294886141,8202783.5676587215
1628237089751676739,448668.12117384694,8202801.222861981
1628237089877852333,448664.68571429094,8202677.795926679
1628237089955806789,448664.7612155913,8202680.508021705
1628237090082190287,448664.967051528,8202687.899808529
1628237090147906685,448660.9889085147,8202544.9830302
1628237090285831211,448661.817937852,8202574.762894413
1628237090351913817,448662.22960779816,8202589.546466896
1628237090477840699,448658.3714532245,8202450.937142089
1628237090549806846,448658.5232102341,8202456.38791992
1628237090681898992,448653.80147044733,8202286.749055029
1628237090747834356,448654.12363961764,8202298.315334064
1628237090879863681,448650.1363347391,8202155.052928868
1628237090945785087,448650.2799318043,8202160.2112251725
1628237091078158713,448651.0580046746,8202188.156425054
1628237091149956194,448646.6397892894,8202029.419148518
1628237091275849395,448646.80042034097,8202035.188994566
1628237091347866933,448646.9952473085,8202042.181937618
1628237091485751426,448643.6126662004,8201920.642898692
1628237091551967560,448644.37149097817,8201947.896775304
1628237091684164487,448643.9454412114,8201932.554805898
1628237091749920726,448644.4259939769,8201949.811160565
1628237091881945440,448640.5470089321,8201810.430804413
1628237091953976267,448640.04072657623,8201792.243826566
1628237092074043927,448639.4026929816,8201769.323980579
1628237092211943963,448636.2600550917,8201656.39984817
1628237092283965618,448637.11432163324,8201687.083720001
1628237092415911227,448634.0777295928,8201577.961837123
1628237092482040746,448634.51598478766,8201593.702608603
1628237092613994365,448630.6504445427,8201454.800893727
1628237092685992371,448631.0531165978,8201469.26538635
1628237092817965587,448631.9697761572,8201502.182735438
1628237092877971368,448628.4912529605,8201377.18715355
1628237093009921065,448629.46531008446,8201412.178462512
1628237093076263846,448629.97165721253,8201430.365432969
1628237093214036023,448627.0505246347,8201325.391478596
1628237093286002126,448627.4709687151,8201340.49410883
1628237093406263589,448623.891983649,8201211.882415113
1628237093478303307,448623.02451823023,8201180.719947166
1628237093616041821,448615.4080421817,8200907.064554014
1628237093676061806,448614.9032612165,8200888.930767122
1628237093808088322,448614.3061622792,8200867.473333697
1628237093880411112,448610.83819797455,8200742.85005825
1628237094017916974,448611.3215640128,8200760.212756933
1628237094084045439,448611.66295439715,8200772.470339644
1628237094210116640,448608.6538288863,8200664.332332835
1628237094288153570,448609.0313109597,8200677.892786639
1628237094426115192,448606.10590780864,8200572.75935665
1628237094480365997,448606.5921937546,8200590.22841057
1628237094612114632,448605.4453769307,8200548.975343408
1628237094684076016,448605.9610451146,8200567.494663288
1628237094822431933,448607.02721138595,8200605.782991511
1628237094882355801,448603.6166339179,8200483.220398639
1628237095020069919,448605.00151538826,8200532.968644031
1628237095080851265,448605.70889952726,8200558.37454603
1628237095224363911,448602.55847034405,8200445.158034095
1628237095272379887,448602.71093766205,8200450.63539304
1628237095416410816,448599.4751341014,8200334.347844677
1628237095482219613,448599.67940966564,8200341.6864414755
1628237095614213451,448597.1091478825,8200249.302514626
1628237095686159000,448597.51993364503,8200264.059474212
1628237095812421186,448597.90433308465,8200277.859218554
1628237095884218746,448593.88917511184,8200133.573348581
1628237096016229313,448594.3195771853,8200149.034918248
1628237096082104214,448594.33303627715,8200149.513518508
1628237096214528384,448591.2430286729,8200038.464053855
1628237096418488326,448588.68224036717,8199946.425812226
1628237096556460739,448589.09374470013,8199961.209357907
1628237096616453575,448585.7842419067,8199842.276240883
1628237096748310252,448586.24075275584,8199858.668420018
1628237096820544744,448586.55289453437,8199869.875724374
1628237096958279861,448582.5048619516,8199724.406685114
1628237097018285656,448582.57702247234,8199726.999122973
1628237097156506534,448579.3009867049,8199609.262533637
1628237097222510824,448579.6133106417,8199620.483135513
1628237097354264760,448580.6246903536,8199656.817146024
1628237097420334248,448576.5574393442,8199510.65681452
1628237097558542481,448576.0219768319,8199491.419599488
1628237097624298342,448573.2272830149,8199390.979244139
1628237097750535007,448572.97620993527,8199381.952239658
1628237097822679692,448572.862789536,8199377.870807805
1628237097960550294,448568.859989551,8199234.023758898
1628237098020589411,448568.86850059876,8199234.329533503
1628237098152546297,448565.0689757456,8199097.781204022
1628237098212550518,448565.14113417786,8199100.373640625
1628237098362399718,448561.44671402196,8198967.60097645
1628237098422405027,448561.8630418942,8198982.557339152
1628237098554583468,448562.6310887023,8199010.143515465
1628237098614569014,448558.8144222868,8198872.970360205
1628237098752401756,448560.0158715824,8198916.124443552
1628237098824737059,448560.72468319174,8198941.583491963
1628237098956385107,448555.53042703215,8198754.928062392
1628237099016403159,448554.9183855641,8198732.93888822
1628237099154445419,448549.4673603205,8198537.057077797
1628237099226442139,448549.36930141586,8198533.534024463
1628237099352426477,448549.43757730024,8198535.980214706
1628237099418744409,448545.17070501816,8198382.640959088
1628237099556731628,448545.85381950677,8198407.182677869
1628237099634307283,448543.275288826,8198314.493114516
1628237099760443334,448543.893581503,8198336.694984656
1628237099820445295,448544.1275987361,8198345.09712883
1628237099964500831,448539.80897624226,8198189.896660188
1628237100030748284,448540.0069990641,8198197.009236066
1628237100156507994,448535.2774138135,8198027.038553073
1628237100216530051,448535.0272770292,8198018.051447002
1628237100360517848,448530.0302368762,8197838.468838757
1628237100492786648,448529.30351472576,8197812.358374801
1628237100558954789,448529.06568600464,8197803.809987181
1628237100690541188,448522.1609698667,8197555.680803707
1628237100762502302,448522.07383042685,8197552.543289306
1628237100888787260,448517.3828467069,8197383.955322691
1628237100960734534,448517.3980383695,8197384.500397796
1628237101086552242,448517.58965196885,8197391.373660527
1628237101164557768,448513.05796722096,8197228.515662129
1628237101290824790,448513.1846587362,8197233.06238641
1628237101362745205,448508.7504407751,8197073.7008648915
1628237101494843281,448508.03928463924,8197048.148786469
1628237101560882284,448507.5487331024,8197030.520243465
1628237101686568926,448501.8805161843,8196826.80820821
1628237101764878546,448501.76600998745,8196822.686900562
1628237101896872924,448497.41106197843,8196666.170457157
1628237101956872457,448497.56387267774,8196671.661094611
1628237102083339354,448497.79301456944,8196679.890400492
1628237102154997205,448493.29030221084,8196518.069465403
1628237102299024426,448493.05796918913,8196509.720506059
1628237102364891750,448488.7130162341,8196353.563054196
1628237102484908502,448489.31549712975,8196375.2065268615
1628237102556911879,448489.84255726484,8196394.137916426
1628237102688660775,448486.64008148975,8196279.03395093
1628237102760578880,448487.0416739472,8196293.458498564
1628237102886938631,448483.78677963594,8196176.466717748
1628237102958928027,448484.2274417737,8196192.300487126
1628237103090666266,448485.0504873422,8196221.8674877705
1628237103168954197,448480.4316406679,8196055.872133717
1628237103288937723,448479.60719468194,8196026.238651963
1628237103360947199,448474.9877554286,8195860.216731101
1628237103492680169,448475.30594506656,8195871.650012633
1628237103570699255,448475.61397573136,8195882.711042306
1628237103690966277,448470.8665364644,8195712.0892392425
1628237103768707037,448471.1538298543,8195722.405775318
1628237103888978715,448467.65010273334,8195596.480143151
1628237103972718913,448467.7200042581,8195599.019415983
1628237104093120470,448467.8933143458,8195605.360985859
1628237104170988697,448465.87620078237,8195532.91922892
1628237104290999883,448467.8332762621,8195603.460069267
1628237104363133151,448461.53985119186,8195377.440206304
1628237104494800560,448460.3081729692,8195333.5952380905
1628237104561031701,448458.3932590144,8195265.075569972
1628237104693019810,448445.7273143528,8194810.550213277
1628237104765025519,448441.8819711758,8194672.779606901
1628237104896832465,448428.14194077265,8194179.833510829
1628237104963218193,448421.2736463752,8193933.540103461
1628237105088694089,448409.26935477805,8193503.131702993
1628237105167050007,448401.5837613285,8193227.68378957
1628237105292839953,448402.921160071,8193276.847653483
1628237105425132991,448390.99263177166,8192849.630520424
1628237105496853717,448392.41322429775,8192901.386485747
1628237105629099216,448381.67409181764,8192516.84470596
1628237105695092275,448379.5098114251,8192439.817079301
1628237105833143194,448372.29189115966,8192181.852161131
1628237105898869732,448360.6793874578,8191765.270425577
1628237106025115496,448349.5689377208,8191367.474486746
1628237106091212269,448344.0326227234,8191169.214667722
1628237106229134778,448343.3202830107,8191145.498801103
1628237106300918356,448339.5687771662,8191011.571067902
1628237106439153897,448328.41308585985,8190612.472765717
1628237106499173587,448324.95729275665,8190489.074224499
1628237106631159285,448318.0891391728,8190243.965673601
1628237106697254592,448319.8851450376,8190309.481497958
1628237106834810141,448326.4904198423,8190548.703371696
1628237106889173460,448306.1123575289,8189817.15007743
1628237107027190853,448302.0166383897,8189671.763379194
1628237107098832993,448296.1850722872,8189463.12104723
1628237107231255737,448275.1763582097,8188710.058891195
1628237107297144026,448268.68502101314,8188477.5930066565
1628237107429208909,448278.62618985446,8188836.996478386
1628237107495285848,448278.32682306704,8188827.159306198
1628237107633315667,448267.0958447242,8188425.57582312
1628237107693323864,448269.30658531084,8188505.981306856
1628237107824989849,448272.3485450981,8188617.323773619
1628237107903309785,448248.13085169654,8187748.134684554
1628237108035218814,448240.5748237121,8187478.338958668
1628237108101208754,448237.35324453574,8187363.3161862
1628237108227311834,448230.5845051179,8187121.890897629
1628237108293237678,448228.8554145734,8187060.577670389
1628237108437324180,448207.6329014785,8186299.446979049
1628237108497254900,448205.6197849774,8186227.724112427
1628237108623257730,448191.0365009932,8185704.882594971
1628237108707364282,448187.0950355261,8185563.962469235
1628237108827371894,448182.70398997026,8185407.195672203
1628237108899278999,448169.83487430896,8184945.162459757
1628237109030965606,448165.38038782025,8184786.055881796
1628237109103229521,448162.74498026725,8184691.825582511
1628237109235370868,448142.7750090279,8183974.872958205
1628237109301000688,448139.9940980832,8183875.271679649
1628237109427400932,448135.647049308,8183719.661381101
1628237109499416025,448133.7500317806,8183651.820400295
1628237109643035291,448123.5614629331,8183286.0390868895
1628237109769401170,448120.634252004,8183181.279722586
1628237109829430770,448119.43676178757,8183138.41878338
1628237109973303277,448106.29774002626,8182666.3089990495
1628237110039436819,448104.3803862904,8182597.51070656
1628237110177543537,448095.44526546757,8182276.465015475
1628237110231447510,448094.1974885107,8182231.663026675
1628237110369483902,448097.0136489608,8182332.553743126
1628237110429468392,448099.1784860309,8182410.379000541
1628237110573470974,448102.62117159483,8182534.1629301
1628237110633460894,448098.4974660558,8182385.837542515
1628237110771642562,448098.2826328163,8182378.100206641
1628237110831967792,448098.67607198685,8182392.245420204
1628237110975450772,448096.3502667957,8182308.570591708
1628237111035446177,448096.97385431663,8182330.984900338
1628237111173465430,448096.2808343156,8182306.018028625
1628237111233540142,448095.7184185488,8182285.7972874995
1628237111365568790,448095.0235086979,8182260.763945987
1628237111437488052,448094.8541556687,8182254.6751233945
1628237111575544090,448094.24591153493,8182232.805880333
1628237111641481820,448095.7023937844,8182285.119195682
1628237111767568975,448095.7678182927,8182287.4589956775
1628237111827572987,448095.61406437255,8182281.928534692
1628237111965620541,448097.29563744506,8182342.338128203
1628237112037526649,448097.3945515229,8182345.887720716
1628237112169547476,448100.76265871595,8182466.932958237
1628237112235194424,448100.9253575378,8182472.78248309
1628237112379555924,448106.00537786266,8182655.380699034
1628237112439541331,448106.05899498315,8182657.308383641
1628237112565767046,448106.41551497503,8182670.124161134
1628237112631571292,448109.8376725692,8182793.097103446
1628237112769617677,448111.33884330327,8182847.058978019
1628237112835488269,448112.0926077219,8182874.15291742
1628237112973314472,448119.03851852857,8183123.834640824
1628237113039629854,448118.54005361017,8183105.913814755
1628237113177631104,448127.1943215498,8183417.015641702
1628237113243617861,448127.49236936425,8183427.730915645
1628237113375594874,448138.42614601145,8183820.779430409
1628237113429674914,448138.53079749725,8183824.54174241
1628237113573749402,448138.8181269357,8183834.87148248
1628237113639315366,448150.3762744461,8184250.361059007
1628237113771705341,448150.72888566257,8184263.030610401
1628237113837523240,448150.95906110224,8184271.299718603
1628237113975667725,448164.20927398413,8184747.611308301
1628237114101390611,448164.27894143714,8184750.110651191
1628237114173689584,448180.31994915206,8185326.728688707
1628237114305669850,448184.21561050887,8185466.758646959
1628237114371707778,448201.03135497164,8186071.2155109225
1628237114503688940,448201.9741789387,8186105.102964114
1628237114575810402,448202.4898952305,8186123.635370315
1628237114707744642,448220.762171884,8186780.432672707
1628237114773801461,448221.3666350518,8186802.155750225
1628237114905782919,448239.404616813,8187450.511439082
1628237114977825588,448239.38908288593,8187449.953073178
1628237115103450718,448239.6871917131,8187460.668380632
1628237115175802250,448258.25368636334,8188128.008857998
1628237115301432884,448258.460811925,8188135.453740644
1628237115385420687,448278.13753361336,8188842.677889303
1628237115499808499,448278.059858977,8188839.88605677
1628237115583493040,448278.2056019928,8188845.12406609
1628237115697860982,448299.93852308794,8189626.225852792
1628237115775842223,448299.85455746175,8189623.208012931
1628237115907874505,448321.18929547025,8190389.978853421
1628237115979842658,448320.985107549,8190382.640313376
1628237116105737833,448320.66033052735,8190370.9677805705
1628237116177850168,448343.3995954106,8191188.191561234
1628237116309920493,448343.47690856317,8191190.970104397
1628237116381880505,448367.1669876822,8192042.334614539
1628237116501921343,448367.1414622391,8192041.417295853
1628237116573897936,448367.0704349249,8192038.864756908
1628237116711892613,448391.3176489737,8192910.211429854
1628237116783911264,448391.70313573803,8192924.064280854
1628237116909901189,448417.5616264232,8193853.282481054
1628237116981952574,448416.4916888928,8193814.834809667
1628237117179928735,448442.4062848853,8194746.03453495
1628237117311926849,448443.3900628643,8194781.38461514
1628237117383949714,448471.6270981259,8195795.994808508
1628237117504081244,448471.5641984611,8195793.734741402
1628237117575949037,448471.6885178048,8195798.201697567
1628237117701947744,448499.9431466375,8196813.3976496365
1628237117774053975,448500.2743474276,8196825.2962466385
1628237117917969358,448529.95070662297,8197891.517420917
1628237117978278096,448530.32962131815,8197905.131023781
1628237118115974718,448560.97749604326,8199006.211393551
1628237118175962738,448562.16721680795,8199048.953357861
1628237118319900199,448564.72942380444,8199140.991493346
1628237118374256358,448595.5448129867,8200248.0288784765
1628237118499992653,448594.9415928533,8200226.358748772
1628237118631687387,448623.1245414396,8201238.779617188
1628237118710010676,448622.99887371855,8201234.2594594015
1628237118776042886,448622.82657461276,8201228.064186027
1628237118913678162,448653.662516761,8202335.741501572
1628237119039924111,448654.7387958164,8202374.4021398015
1628237119112049510,448686.7141070576,8203522.94801161
1628237119238100917,448687.686808323,8203557.886199455
1628237119310101352,448688.50479651534,8203587.267248562
1628237119442055618,448721.26145588787,8204763.812631676
1628237119514061026,448721.2399871517,8204763.041544611
1628237119640085844,448754.52550449764,8205958.519529956
1628237119712112499,448754.7498281074,8205966.576067777
1628237119910138673,448788.3488668549,8207173.2492406
1628237120042115561,448788.881202472,8207192.366917633
1628237120113784332,448789.2669424802,8207206.219921612
1628237120240135491,448821.7142552213,8208371.468144706
1628237120312142197,448821.75571894564,8208372.9571445575
1628237120444098134,448855.2384098602,8209575.325088744
1628237120504127496,448855.6390012342,8209589.709904304
1628237120642120494,448891.6732000569,8210883.6260475665
1628237120714157672,448891.9138654284,8210892.267581302
1628237120906137337,448925.5854823677,8212101.285197541
1628237121044182725,448925.09746019164,8212083.762809832
1628237121116194844,448957.9103599577,8213261.884669298
1628237121236196123,448959.98253182264,8213336.281765307
1628237121313852205,448960.93345221685,8213370.422535595
1628237121446201456,448995.1739511284,8214599.730174741
1628237121506205298,448995.55315601465,8214613.343952938
1628237121644077925,449028.91500016826,8215811.037924321
1628237121710262681,449029.19127208285,8215820.955783659
1628237121842119022,449029.83714149636,8215844.141771467
1628237121908297929,449062.5229292107,8217017.507522642
1628237122046300426,449063.3043849976,8217045.559402954
1628237122106444555,449063.7584446004,8217061.858742216
1628237122238332618,449096.9690092203,8218253.997765355
1628237122322314314,449097.8275478846,8218284.814978748
1628237122448454438,449130.9762105114,8219474.668422278
1628237122514183822,449131.22956373077,8219483.762034656
1628237122640353504,449164.7511787257,8220686.937927703
1628237122718526270,449165.1512322156,8220701.296276388
1628237122850209555,449166.01060726144,8220732.140137065
1628237122976271008,449199.27842631895,8221926.143784044
1628237123048337222,449199.53773481306,8221935.450129961
1628237123180378561,449232.617690827,8223122.64794238
1628237123258200655,449232.5473032892,8223120.121931902
1628237123384353535,449265.21405812097,8224292.430640037
1628237123444364555,449265.2792626754,8224294.770525521
1628237123588414485,449265.5734242173,8224305.326599863
1628237123642607196,449300.3458626495,8225553.124330051
1628237123786371817,449301.56259101524,8225596.784508751
1628237123846259960,449302.0827764711,8225615.450432122
1628237124044406701,449331.8038401491,8226681.934538894
1628237124182532544,449362.7210135311,8227791.282073315
1628237124248420866,449362.6839596201,8227789.952589377
1628237124386450720,449394.3081894772,8228924.614457898
1628237124446369835,449394.2288900451,8228921.769359816
1628237124578723631,449394.44455487956,8228929.506963025
1628237124644470880,449426.01257364574,8230062.095819268
1628237124788457547,449426.2927300513,8230072.146735273
1628237124848442129,449426.59956816526,8230083.1548814615
1628237124986475010,449458.0225338539,8231210.479961167
1628237125052251305,449458.33012893924,8231221.514706644
1628237125190467971,449489.05651781487,8232323.793197804
1628237125250477447,449488.7429775863,8232312.545724905
1628237125388482987,449519.5428187017,8233417.404339873
1628237125448495551,449520.266295338,8233443.355977778
1628237125580658108,449521.7888606146,8233497.9714141395
1628237125658514190,449555.35639560653,8234702.0376282055
1628237125790536655,449556.30601384985,8234736.09918632
1628237125844847907,449556.7722984388,8234752.824182783
1628237125988549978,449588.6453307882,8235896.053988632
1628237126048578566,449589.0486249969,8235910.51886317
1628237126192553562,449620.79656768846,8237049.20280627
1628237126246515736,449621.1435373176,8237061.646863632
1628237126390582278,449652.95909629366,8238202.698302117
1628237126450575077,449652.9472334721,8238202.272863889
1628237126588369479,449652.9791148057,8238203.416229131
1628237126642598703,449686.15750948654,8239393.261128738
1628237126792577876,449687.77983927686,8239451.43986034
1628237126846730487,449688.3893365502,8239473.296769938
1628237126984618700,449719.40239452827,8240585.447030971
1628237127044622667,449719.680459241,8240595.418257507
1628237127182603097,449750.1656237216,8241688.5842325855
1628237127314623154,449750.3309877104,8241694.5137935765
1628237127392777028,449780.160637881,8242764.121954254
1628237127524656708,449780.4698760796,8242775.209976458
1628237127590494794,449780.6537875991,8242781.804291865
1628237127716774408,449810.4352556868,8243849.631800972
1628237127788630036,449810.6466158027,8243857.209951858
1628237127914663647,449839.91778102925,8244906.691212603
1628237127986866986,449840.03644495027,8244910.945616494
1628237128118640918,449868.95888598874,8245947.87721265
1628237128190675545,449867.899020441,8245909.880038595
1628237128317077147,449866.1189843882,8245846.063933467
1628237128388702583,449893.6490424319,8246833.033530497
1628237128520671899,449893.5934139305,8246831.039275774
1628237128587076323,449893.5637453984,8246829.9756732555
1628237128718685742,449921.54675929126,8247833.13936354
1628237128796483159,449921.8820288251,8247845.15808114
1628237128922699884,449950.1162877048,8248857.283405117
1628237128988730417,449950.7690548927,8248880.682696503
1628237129192784301,449978.9037180085,8249889.192554652
1628237129318818484,449978.54393798433,8249876.2963444255
1628237129396691637,450005.35648420046,8250837.370140702
1628237129522816317,450005.82384741347,8250854.121931093
1628237129582701201,450006.1220698367,8250864.811168883
1628237129714681583,450033.527086803,8251847.078041004
1628237129792944416,450033.9410557052,8251861.915352341
1628237129924824511,450061.11653619003,8252835.913415718
1628237129990761965,450061.3420775437,8252843.996831476
1628237130116737024,450062.01573443925,8252868.140718316
1628237130194988949,450088.71092668734,8253824.8824771475
1628237130320772053,450089.13012569986,8253839.9059419995
1628237130392794384,450115.3412361124,8254779.25839454
1628237130524760555,450116.00307944504,8254802.976872974
1628237130590775261,450116.3058062247,8254813.825683878
1628237130722989863,450143.2351095849,8255778.864990497
1628237130794811037,450144.29766800674,8255816.942217881
1628237130926790285,450170.7582152522,8256765.150623122
1628237130998824183,450171.00976753805,8256774.1647219425
1628237131118778994,450196.4614899443,8257686.1844368335
1628237131197165043,450197.01359203213,8257705.967605532
1628237131317026347,450198.0888567656,8257744.496922831
1628237131388925159,450222.9049565835,8258633.702825214
1628237131527049363,450223.0014300602,8258637.15956412
1628237131592723316,450223.1980875777,8258644.205993451
1628237131719061727,450247.50836341374,8259515.2513081115
1628237131850964962,450247.76439923234,8259524.424967444
1628237131928839553,450271.2681230166,8260366.540574701
1628237131988839698,450270.8636455689,8260352.048842859
1628237132121063293,450293.8487468906,8261175.551726426
1628237132252989088,450291.2110186673,8261081.049626135
1628237132325037572,450289.8001280579,8261030.501375465
1628237132462911793,450313.1066115515,8261865.491713353
1628237132522883224,450313.63135425805,8261884.291100606
1628237132654905452,450338.61862549634,8262779.455999447
1628237132721114895,450338.97786979796,8262792.325744339
1628237132852890288,450339.76093401643,8262820.37859779
1628237132924994588,450362.5540959017,8263636.916319315
1628237133051173947,450362.3076628848,8263628.088306892
1628237133123142611,450384.9190811618,8264438.085278817
1628237133255029846,450385.25311381655,8264450.050965576
1628237133320975759,450385.5448358131,8264460.500998767
1628237133452912011,450409.151087341,8265306.103062615
1628237133525169546,450409.8347672848,8265330.592850868
1628237133657059203,450434.3240700688,8266207.7849130295
1628237133723062195,450435.4110530123,8266246.713327582
1628237133854951531,450437.87802188564,8266335.073395356
1628237133933214930,450459.98955375934,8267127.070260132
1628237134071145473,450459.1922350838,8267098.512097405
1628237134125995298,450481.1820459158,8267886.121983408
1628237134257867550,450481.5703252824,8267900.028806326
1628237134329794350,450482.0001797732,8267915.424696492
1628237134468011992,450504.71245090064,8268728.881028489
1628237134527998856,450504.89731733274,8268735.502063052
1628237134648032156,450527.53250266163,8269546.166887513
1628237134725949382,450528.17696012446,8269569.247455958
1628237134869979968,450550.8522690821,8270381.322084821
1628237134918044213,450551.1314451901,8270391.320125257
1628237135062108948,450552.2125112801,8270430.03594213
1628237135129298871,450573.9947053982,8271210.096070172
1628237135261179033,450574.0125257971,8271210.734243359
1628237135327131674,450574.0897475317,8271213.499660501
1628237135459045630,450595.5363474569,8271981.514717712
1628237135519061537,450595.7672780141,8271989.784383364
1628237135663176505,450617.31712094485,8272761.469384056
1628237135729150876,450617.8124135636,8272779.205301148
1628237135861143808,450618.6611692804,8272809.598335027
1628237135933073275,450639.73574179667,8273564.239236181
1628237136077145288,450640.1679314159,8273579.714963182
1628237136125029277,450660.96104326716,8274324.251864356
1628237136263309398,450660.1337668799,8274294.629923892
1628237136335116829,450659.6191331901,8274276.20263092
1628237136461340368,450681.1890182777,8275048.527119365
1628237136599035023,450683.08055572095,8275116.253443401
1628237136665218775,450705.2426953464,8275909.744557765
1628237136743141124,450705.9587206821,8275935.377934836
1628237136863154264,450707.40173211426,8275987.043555181
1628237137001174704,450727.9786914327,8276723.764136539
1628237137055422774,450728.32478820987,8276736.1553834975
1628237137145151972,450748.5979643846,8277461.974197617
1628237137271290178,450748.9752666729,8277475.482259666
1628237137397170954,450768.67199327465,8278180.640508238
1628237137463386288,450769.06119137944,8278194.574028503
1628237137607281330,450769.7058941071,8278217.654745592
1628237137679206058,450791.3124066164,8278991.151482673
1628237137799200693,450793.3172939175,8279062.9197889725
1628237137865226014,450794.234770406,8279095.759305596
1628237137997448481,450815.46306042094,8279855.69528594
1628237138069344515,450816.9122625453,8279907.573782572
1628237138207511810,450836.71954704117,8280616.615552063
1628237138261360695,450836.9357087398,8280624.353456113
1628237138399399521,450856.271927751,8281316.510476273
1628237138465248412,450856.34026961937,8281318.95682521
1628237138603381774,450857.35722719954,8281355.359561546
1628237138657361971,450875.8494324547,8282017.283258743
1628237138801294972,450876.5893305566,8282043.767659062
1628237138867634866,450895.2366094385,8282711.222575844
1628237139005192849,450895.64074265806,8282725.687958497
1628237139059340857,450895.88886869536,8282734.569278069
1628237139203282521,450913.4402110183,8283362.776529428
1628237139275178552,450912.849595545,8283341.636851836
1628237139401529995,450929.93487245624,8283953.145361646
1628237139461564344,450930.5515063706,8283975.215726874
1628237139605576346,450932.12578288256,8284031.561636842
1628237139672278818,450950.0518922839,8284673.144670115
1628237139804419243,450951.4375057026,8284722.736541822
1628237139864375492,450969.4236649838,8285366.447167813
1628237140002433079,450970.1763020973,8285393.383677948
1628237140074305195,450970.73725136113,8285413.45975446
1628237140200596881,450989.2053272312,8286074.401578253
1628237140260739174,450989.8287053157,8286096.7112957295
1628237140404363790,451008.4348565688,8286762.572760301
1628237140470214782,451008.328011756,8286758.743672755
1628237140608211625,451007.6283603215,8286733.69507847
1628237140668234194,451024.6941329123,8287344.407390503
1628237140800346194,451025.62523557123,8287377.725746557
1628237140866482001,451042.9507211533,8287997.718569473
1628237140998369786,451042.53251204157,8287982.747899857
1628237141070372047,451042.5622445816,8287983.811534799
1628237141208512501,451058.91903806396,8288569.130116535
1628237141340400039,451059.0899569236,8288575.246021447
1628237141400337387,451075.3848718564,8289158.331219723
1628237141550262060,451075.6375262047,8289167.372126994
1628237141610322066,451075.8247877271,8289174.073034775
1628237141742416090,451092.13155004714,8289757.557347023
1628237141802428928,451092.5418577572,8289772.235529474
1628237141952383634,451110.0295891471,8290397.973091933
1628237142000447597,451110.4212245751,8290411.986511056
1628237142138580439,451127.6909335012,8291029.906633108
1628237142210589243,451127.0726234724,8291007.782970879
1628237142354445544,451126.4186423595,8290984.382943918
1628237142402475873,451142.66401217674,8291565.634403103
1628237142540605494,451142.74353231076,8291568.479634853
1628237142606357776,451142.9545951442,8291576.031464946
1628237142744472137,451159.8209535936,8292179.486631739
1628237142810364302,451160.0676955844,8292188.314831466
1628237142930516666,451176.19793904887,8292765.418615823
1628237143002516908,451176.3473257965,8292770.763401696
1628237143146519424,451191.8373032024,8293324.946004422
1628237143206523176,451191.0398118526,8293296.413877382
1628237143338401523,451189.4686155738,8293240.200536583
1628237143404676511,451204.6423341422,8293783.055566025
1628237143542667168,451203.777934463,8293752.130239906
1628237143608431244,451203.47468876326,8293741.28111449
1628237143734867732,451220.42824521766,8294347.795206443
1628237143806569961,451220.43865097914,8294348.16748052
1628237143950588943,451236.37424013996,8294918.252153459
1628237144004668100,451236.8031169325,8294933.595170136
1628237144136722719,451252.9791739471,8295512.268991667
1628237144208596579,451252.87139454886,8295508.413292576
1628237144346605682,451252.91153308126,8295509.849208097
1628237144406718465,451268.24584799935,8296058.39562657
1628237144544491453,451269.21514306124,8296093.070341795
1628237144610623066,451269.8729860164,8296116.603412062
1628237144748612845,451285.83529620164,8296687.592916723
1628237144808616691,451286.6121661552,8296715.38056348
1628237144940576613,451302.37771475466,8297279.323693196
1628237145012535986,451302.9530781568,8297299.905175983
1628237145138692895,451318.4944898967,8297855.8180447435
1628237145210666755,451318.8200912139,8297867.4649352515
1628237145342543396,451319.58874885726,8297894.960106388
1628237145468823783,451334.790113622,8298438.694500345
1628237145540786060,451335.1305911833,8298450.8732175585
1628237145672697978,451350.82682993734,8299012.2909091525
1628237145738883228,451351.1368357611,8299023.379396524
1628237145870788725,451366.46239362616,8299571.528364195
1628237145948591663,451367.00733322557,8299591.019646231
1628237146080852193,451368.34404554445,8299638.830459007
1628237146140774860,451383.5429302622,8300182.432591674
1628237146272718005,451385.6967279886,8300259.467067243
1628237146339067789,451386.9070956459,8300302.75741262
1628237146482766652,451402.2944322228,8300853.087369255
1628237146536739273,451402.64386711945,8300865.585201665
1628237146674761345,451418.2339684682,8301423.1481723385
1628237146734776639,451418.4830398882,8301432.056205538
1628237146878654220,451433.2570496041,8301960.422322964
1628237146950662856,451433.7120802737,8301976.696109478
1628237147076773334,451434.81917420443,8302016.290339238
1628237147136809773,451449.2345301284,8302531.813147418
1628237147280686468,451451.30229666515,8302605.763180462
1628237147334966347,451452.10010982916,8302634.295502803
1628237147478975820,451466.0577032346,8303133.438382781
1628237147544872049,451466.16997953516,8303137.453650538
1628237147676827527,451481.44417626434,8303683.663111272
1628237147748999893,451481.7772953797,8303695.575963496
1628237147868937554,451495.9363311158,8304201.898854324
1628237147952864528,451495.8984082359,8304200.542703225
1628237148078907356,451496.20104775036,8304211.365320836
1628237148138871497,451509.5216453361,8304687.69351989
1628237148270860332,451509.3223601673,8304680.567076311
1628237148348988199,451509.337975794,8304681.125491666
1628237148480932535,451522.44732959307,8305149.875346292
1628237148540925380,451522.3961690159,8305148.040548193
1628237148673021880,451535.72930677334,8305624.794530803
1628237148744771877,451535.87208404497,8305629.900046146
1628237148888793521,451549.53635713266,8306118.487298454
1628237148949062622,451549.94908155536,8306133.245434132
1628237149074943594,451550.8094826832,8306164.0114940675
1628237149146799322,451564.47185410955,8306652.519163272
1628237149285041099,451565.7926035907,8306699.745216459
1628237149338823053,451566.2871416731,8306717.428395579
1628237149476953000,451579.824880319,8307201.468932126
1628237149543419894,451579.9646925659,8307206.468088337
1628237149674954057,451593.3510911721,8307685.084177356
1628237149812832372,451594.1208285339,8307712.6061374545
1628237149878989043,451607.24573647056,8308181.862274544
1628237149957007631,451607.51867937675,8308191.621272674
1628237150083288906,451607.9314406655,8308206.379430738
1628237150215128182,451620.67730575363,8308662.07418252
1628237150280889173,451620.7650657649,8308665.211954129
1628237150359185502,451620.8833434538,8308669.439967734
1628237150490913977,451633.9953694932,8309138.217790822
1628237150610959945,451634.9473626366,8309172.254647629
1628237150670925863,451649.68578650337,8309699.161227324
1628237150821051919,451650.042792383,8309711.92505376
1628237150880919291,451662.0739396519,8310142.03946396
1628237151012948488,451662.86011158256,8310170.146482674
1628237151079221755,451663.55108088575,8310194.849813697
1628237151211225864,451675.4887303668,8310621.6138697835
1628237151289134884,451675.889634135,8310635.946592884
1628237151421094707,451688.2276872636,8311077.016922563
1628237151481107717,451688.67173966183,8311092.891947688
1628237151607510866,451702.90616527013,8311601.743749759
1628237151679249724,451703.3003915155,8311615.837161038
1628237151811171592,451704.08140648046,8311643.758070604
1628237151877123947,451715.0673655374,8312036.485658313
1628237152015009208,451710.9528711494,8311889.408917177
1628237152081304900,451709.07154944213,8311822.159405888
1628237152213271524,451723.0694256203,8312322.528828109
1628237152279043282,451723.12967714184,8312324.682727936
1628237152417142696,451733.88562325155,8312709.167180787
1628237152483294243,451733.92132844904,8312710.443566227
1628237152609062976,451734.0113353096,8312713.661121206
1628237152675302668,451744.23112541763,8313078.9733049935
1628237152813221971,451744.79722066975,8313099.20933786
1628237152885194200,451754.45028234256,8313444.258996124
1628237153017205981,451751.27763448964,8313330.846775153
1628237153077354977,451749.8992298158,8313281.572957338
1628237153215257823,451748.7146727682,8313239.186274014
1628237153287232439,451745.0609412018,8313108.569447936
1628237153419117766,451766.60816572333,8313878.815323351
1628237153479121841,451766.79934691824,8313885.649309586
1628237153617380941,451776.9897756312,8314249.898153178
1628237153683299537,451777.20030146907,8314257.423517493
1628237153821137130,451778.0186004244,8314286.674050556
1628237153881138057,451788.08507829177,8314646.4822336165
1628237154019404342,451787.9258794126,8314640.791673826
1628237154079420365,451787.9682828486,8314642.307383674
1628237154217332971,451797.2924117099,8314975.577436878
1628237154283290790,451797.0662568517,8314967.493649075
1628237154409436173,451806.4552631422,8315303.077233543
1628237154547359310,451807.3495006121,8315335.040112599
1628237154613202117,451807.73340937146,8315348.761281474
1628237154757696073,451818.1655773604,8315721.626132396
1628237154823216751,451818.6789060796,8315739.974213547
1628237154949465088,451828.58897446026,8316094.171987711
1628237155015350148,451828.8084445406,8316102.016459286
1628237155165302556,451838.78708782216,8316458.660739633
1628237155225232611,451838.87941013917,8316461.958075776
1628237155351602747,451839.372677584,8316479.588197759
1628237155423521709,451848.6446230688,8316810.970707119
1628237155549420470,451848.60965558235,8316809.720909305
1628237155627262913,451858.19727673574,8317152.3782703485
1628237155747278138,451858.5030607944,8317163.30735613
1628237155825549217,451858.7299907914,8317171.417748031
1628237155951729381,451867.15402878274,8317472.486164735
1628237156023461381,451866.62875781744,8317453.712597158
1628237156143463597,451875.4212413359,8317767.943847514
1628237156221710582,451876.3661468775,8317801.715003891
1628237156353316108,451877.93826440163,8317857.902764338
1628237156419566059,451887.05818558316,8318183.834356078
1628237156557503184,451887.3446382811,8318194.072071848
1628237156623471233,451896.01827447827,8318504.048857544
1628237156767352222,451896.2110210591,8318510.936048646
1628237156821643869,451896.56086926896,8318523.434038176
1628237156959628102,451905.8440717076,8318855.189320254
1628237157019538215,451906.00850770343,8318861.066037879
1628237157163469288,451915.5328325473,8319201.437046331
1628237157223379512,451915.93611601344,8319215.849633506
1628237157355309429,451917.1051525557,8319257.624860938
1628237157421622009,451927.0054376308,8319611.424672348
1628237157559575032,451929.638952478,8319705.531977515
1628237157625520808,451941.7072329061,8320136.7929550605
1628237157751669980,451944.13702736143,8320223.614219819
1628237157823751790,451945.4646712853,8320271.053467631
1628237157961608270,451954.89581197675,8320608.074293819
1628237158021701676,451954.8906032072,8320607.888153205
1628237158153580015,451963.5665385092,8320917.91866813
1628237158231466423,451964.12165210815,8320937.755943894
1628237158357466410,451965.17986599536,8320975.5690875705
1628237158423628803,451973.21671904833,8321262.75756202
1628237158555595568,451972.882604426,8321250.81796558
1628237158687482738,451985.76375900576,8321711.09078837
1628237158771530979,451985.0627944663,8321686.041559635
1628237158891672404,451992.80319532397,8321962.620150564
1628237158957623241,451993.38140244596,8321983.281779203
1628237159083871656,451994.6919074793,8322030.109485576
1628237159167746518,452003.70786109404,8322352.2660631295
1628237159227732555,452004.4104715414,8322377.368483226
1628237159359625405,452006.1513144238,8322439.566114538
1628237159485702435,452014.5785791157,8322740.688871345
1628237159569540422,452014.8219498382,8322749.384309978
1628237159695906798,452023.1006407408,8323045.1888175355
1628237159749787882,452023.3619733955,8323054.52245286
1628237159887746212,452031.9854089787,8323362.638920446
1628237159959689593,452031.7063350004,8323352.667081934
1628237160091633299,452031.34019994666,8323339.584029642
1628237160151668182,452039.44342717703,8323629.113053327
1628237160283614986,452039.93162642344,8323646.557126376
1628237160350010371,452040.37446379056,8323662.379112593
1628237160493622305,452049.1497612576,8323975.920403677
1628237160553662747,452049.4906126857,8323988.09934796
1628237160679881333,452058.40448772244,8324306.586747571
1628237160763760591,452058.536886562,8324311.320052246
1628237160889923487,452066.21677260986,8324585.718669181
1628237160961880659,452066.8059576191,8324606.77921804
1628237161081939646,452068.2317433725,8324657.755329318
1628237161159660949,452077.2319849907,8324979.327515375
1628237161291845376,452079.8632069807,8325073.435268212
1628237161357804444,452080.7715479005,8325105.956850989
1628237161489736654,452087.5958913832,8325349.88172371
1628237161555685495,452087.5021277646,8325346.637630521
1628237161693865679,452094.569291177,8325599.417695245
1628237161759821002,452094.48153214925,8325596.439557817
1628237161885820473,452101.39627854613,8325843.901446623
1628237161957723463,452100.6907104011,8325818.958718
1628237162084003153,452099.7801230372,8325786.996041924
1628237162155983757,452108.1861329382,8326087.66774637
1628237162287877868,452109.0684038327,8326119.950571742
1628237162359697143,452109.9509636903,8326151.967265265
1628237162485957887,452110.75716664945,8326181.697425537
1628237162558021116,452109.0598624936,8326121.680620372
1628237162684139068,452117.0381682598,8326407.967031081
1628237162755913853,452115.7256276697,8326361.8577626115
1628237162900011044,452117.1239546451,8326413.606471647
1628237163025939929,452111.1349033423,8326201.4865203295
1628237163091880755,452108.2873705241,8326100.678402921
1628237163229931525,452108.8835961857,8326124.18712476
1628237163296024531,452104.73352282704,8325977.163028487
1628237163428036066,452109.0884561496,8326135.252172126
1628237163493880046,452105.8982322012,8326022.504660138
1628237163631966775,452098.3975098885,8325757.601373193
1628237163691971620,452106.6362970018,8326053.354447735
1628237163830070815,452097.7433727857,8325739.150643727
1628237163890089150,452102.5659061475,8325912.981241686
1628237164028020343,452087.6921166663,8325385.513086473
1628237164094011375,452079.22005415225,8325084.603878559
1628237164232085774,452070.25359444786,8324768.512880882
1628237164292115889,452064.7788595801,8324574.847820184
1628237164430044293,452058.35619748314,8324350.09940147
1628237164490070619,452050.26658346155,8324063.177854396
1628237164628030291,452030.0156834068,8323344.384717379
1628237164687909023,452026.9494692776,8323237.249188384
1628237164832175878,452004.6325827867,8322445.862525974
1628237164892088381,452004.4355140722,8322441.264099741
1628237165036061417,451981.8639431587,8321640.783614979
1628237165084178775,451972.9727021806,8321325.303421707
1628237165228003662,451953.08801885764,8320621.138316364
1628237165294210441,451941.3709501113,8320205.728300071
1628237165426179279,451930.9124418932,8319838.345051482
1628237165486209052,451926.04195238237,8319667.310890457
1628237165630032460,451917.9580935715,8319385.712664715
1628237165696216642,451907.8176405632,8319027.049581345
1628237165834125426,451900.4398178551,8318770.633584926
1628237165888242908,451887.2764395884,8318303.556939818
1628237166026177107,451874.4536536414,8317853.582627552
1628237166092118404,451870.5332401204,8317717.144714702
1628237166230231840,451834.1030658719,8316423.849908231
1628237166290281873,451823.4751849802,8316047.929924163
1628237166428458320,451754.6570986721,8313597.592648846
1628237166488191386,451732.514753479,8312810.305179382
1628237166632029765,451677.0098270161,8310836.331217311
1628237166686313014,451646.174025494,8309738.5389301665
1628237166830325022,451583.1292465873,8307495.439768594
1628237166890236550,451574.1702199891,8307179.938259488
1628237167028695070,451530.84660709003,8305642.415183687
1628237167094048096,451512.74445040483,8305000.241240444
1628237167232455465,451458.28999372193,8303065.422509863
1628237167298405462,451432.3917948834,8302145.639056997
1628237167430279268,451375.6926969527,8300130.040349755
1628237167568107947,451323.60779892246,8298279.761721594
1628237167634343826,451301.18119094806,8297484.694161169
1628237167754338160,451251.5493093031,8295721.637461658
1628237167964263818,451174.7044781951,8292995.173001687
1628237168030357903,451146.30871633685,8291986.982466581
1628237168162339696,451104.6922853396,8290512.685635693
1628237168234320906,451074.849987422,8289452.964025717
1628237168360300289,451017.2852018138,8287407.231616387
1628237168438442720,450988.5888892181,8286390.1389393825
1628237168564421303,450927.43694926676,8284217.521207871
1628237168636403623,450894.46860951063,8283046.256680936
1628237168762202604,450843.12644819857,8281223.870547505
1628237168834534578,450806.7070853043,8279930.452032859
1628237168966443701,450726.57998722023,8277079.038907666
1628237169032276486,450698.9853740661,8276098.99326855
1628237169164393823,450607.6819295011,8272848.890564826
1628237169236405545,450572.4214746427,8271595.7642172435
1628237169362520747,450510.8788765029,8269408.333289504
1628237169440492838,450445.69730549544,8267085.263980492
1628237169566423146,450361.35944578424,8264082.819109103
1628237169632384849,450321.85058579815,8262676.114212981
1628237169764375406,450214.7660080133,8258859.218870317
1628237169830411486,450168.84209858364,8257223.97736496
1628237169968511495,450068.78451165056,8253659.51955969
1628237170040459282,450029.8803012319,8252275.614820625
1628237170160471149,449944.13740308216,8249220.767539699
1628237170232427348,449898.0676353427,8247579.9542450085
1628237170382501065,449769.1953681864,8242983.247358098
1628237170430524747,449726.20556807524,8241449.597111251
1628237170568491189,449599.9569969878,8236944.193339758
1628237170640499613,449557.68314541853,8235439.243207166
1628237170784549863,449438.845438109,8231198.667393221
1628237170832607502,449398.8644559354,8229772.267277118
1628237170970505394,449309.28057942895,8226580.458605105
1628237171030535932,449269.76484390255,8225172.012711152
1628237171180588050,449190.22018268984,8222341.382495934
1628237171372521690,449086.5122434652,8218648.065860281
1628237171432565924,449055.85853381676,8217558.729872739
1628237171576512863,448983.49607418105,8214983.240243619
1628237171642512252,448926.56819431303,8212949.557982508
1628237171768398753,448818.4971769059,8209090.424592477
1628237171894677191,448743.86198654276,8206431.168102119
1628237171972589981,448693.5368117837,8204636.56485964
1628237172038625097,448661.472523847,8203494.433361508
1628237172164668910,448584.68019203166,8200757.042914889
1628237172296693725,448520.37389390194,8198467.471140097
1628237172374616698,448469.5425817552,8196653.974074124
1628237172512639217,448395.80157004885,8194024.974504655
1628237172566632905,448361.02225532284,8192784.712497533
1628237172698681715,448306.4070496849,8190842.565652309
1628237172782610919,448274.5817247732,8189711.163880598
1628237172908640626,448224.5044185519,8187931.6921974635
1628237172968648396,448203.9844014319,8187203.33751794
1628237173106498822,448146.14368340146,8185144.354278135
1628237173178744983,448115.70008709136,8184062.359497069
1628237173310685959,448042.30936329666,8181444.220374699
1628237173358785250,448011.96871078684,8180361.201534855
1628237173502693157,447971.9647109504,8178944.107244682
1628237173568749157,447939.9670912082,8177804.272801589
1628237173712794235,447905.38671253447,8176581.716755842
1628237173766527224,447890.4368503983,8176051.572007987
1628237173898710380,447841.14359306835,8174299.984716594
1628237173976774641,447817.32206306735,8173453.705190259
1628237174108590151,447744.3047542297,8170847.419415845
1628237174174864407,447748.87104651297,8171021.435462383
1628237174300820529,447717.6649281204,8169917.721480552
1628237174384731093,447702.5733526716,8169386.505901308
1628237174504735359,447685.0583105624,8168773.428778543
1628237174570610660,447676.01657867647,8168456.633810138
1628237174702793481,447625.56740735105,8166662.102769246
1628237174774763262,447609.1907500193,8166082.80204137
1628237174906756826,447571.820277545,8164756.9330177605
1628237174972855717,447553.4251912906,8164104.913939124
1628237175098649595,447521.72381372843,8162981.037152883
1628237175182806697,447485.9026470243,8161705.153089781
1628237175314907013,447446.1652991359,8160293.328302268
1628237175380696818,447417.8270434183,8159282.196175045
1628237175506885250,447374.3589147753,8157735.850843001
1628237175716854359,447308.6021677996,8155397.8655534005
1628237175770828245,447290.4092130085,8154749.863798648
1628237175908931102,447268.61935371597,8153984.1923271725
1628237175986820068,447251.16953636904,8153365.3603849765
1628237176118892624,447230.6532207006,8152645.181797991
1628237176166905511,447222.82744411647,8152369.959859923
1628237176310842837,447203.6138520199,8151696.350677034
1628237176376965432,447181.89828193036,8150923.561267262
1628237176502995559,447165.9043980189,8150363.029787075
1628237176640910589,447116.41660228453,8148599.577603092
1628237176700939505,447104.96486131474,8148194.873692593
1628237176778999501,447089.6633218429,8147654.054470882
1628237176904878687,447041.38412167045,8145931.190538343
1628237177043028846,447009.8852250487,8144814.522591877
1628237177108865586,446997.7589066288,8144385.318993825
1628237177246801432,446928.0005555529,8141891.239442758
1628237177313019374,446915.06026587356,8141433.761469582
1628237177450808242,446867.79789391166,8139748.156501997
1628237177505094666,446852.17725614784,8139192.914909733
1628237177643002968,446798.09578633186,8137262.905662751
1628237177720892884,446773.1188865495,8136371.915678212
1628237177840864651,446735.72651552624,8135039.6273669815
1628237177907097741,446723.92384920415,8134622.924143651
1628237178050965888,446692.47231857106,8133506.491557897
1628237178116992440,446657.20885425335,8132244.871864931
1628237178248914190,446644.7825331731,8131811.955945712
1628237178303106577,446636.00709288474,8131502.613558442
1628237178447135725,446561.42464000516,8128832.442623958
1628237178507053335,446536.61841739784,8127945.658250123
1628237178644983204,446501.9942549975,8126712.9363286905
1628237178705159906,446483.3078442795,8126047.375817718
1628237178837187431,446445.360596027,8124694.280334581
1628237178914913013,446433.7143817421,8124282.126339389
1628237179047116381,446388.3685412158,8122663.1319615785
1628237179100921474,446372.7315074347,8122104.918660223
1628237179245047055,446334.3111206967,8120735.0777946515
1628237179311207652,446311.88508283143,8119934.057156394
1628237179449116290,446283.84379679407,8118937.319002829
1628237179497130230,446273.916354566,8118584.388321925
1628237179647219354,446233.5889528632,8117145.277714481
1628237179719217097,446224.986315215,8116841.655016325
1628237179839648405,446206.58440395596,8116189.2762964945
1628237179899147370,446162.0338835683,8114589.361935906
1628237180043124818,446101.6185122684,8112424.38250043
1628237180121211475,446051.3860676544,8110620.909113725
1628237180247007889,446030.6357328989,8109882.802543781
1628237180313224726,446024.00868020125,8109649.4642429175
1628237180451277003,445931.17940668523,8106314.711959293
1628237180517017220,445910.43611775443,8105571.5125293145
1628237180643225833,445842.3767851548,8103127.648796883
1628237180709168563,445825.8802722969,8102537.167027146
1628237180847043703,445791.88868853083,8101321.19003392
1628237180979103789,445717.3693781991,8098642.916740893
1628237181045315205,445696.6290379041,8097899.389468087
1628237181111058576,445677.0716680243,8097197.776379753
1628237181255074130,445582.95640291675,8093812.141982184
1628237181375261364,445517.7228922099,8091466.604554504
1628237181447204165,445497.2607595251,8090732.173774983
1628237181591096065,445443.40635323507,8088796.529787658
1628237181645341147,445389.0930593239,8086840.03507484
1628237181777291583,445416.6546527009,8087840.464487827
1628237181849107260,445461.37769376265,8089456.435147516
1628237181987366281,445508.7993993133,8091173.094791823
1628237182047373480,445490.5415031526,8090516.961330635
1628237182173183394,445369.1670482467,8086143.1881802175
1628237182251134683,445287.04537279153,8083183.537921934
1628237182389394085,445217.2104725716,8080668.489843324
1628237182449374513,445221.15363234986,8080812.8431910025
1628237182581455712,445227.00745470216,8081028.270744014
1628237182647329016,445136.3598263624,8077759.178464091
1628237182779353451,445023.9479560015,8073705.876729852
1628237182845322333,444928.6916107609,8070268.871187563
1628237182989207484,444670.8808246339,8060962.674391095
1628237183043463886,444549.73048491875,8056587.895233865
1628237183181392347,444540.1674679219,8056246.254344422
1628237183247350390,444585.5270228429,8057886.634790707
1628237183379439814,444512.97935798543,8055268.842983581
1628237183451492897,444436.7702309361,8052516.836476007
1628237183590107616,444198.4469879273,8043906.298912333
1628237183655377327,444180.6521267758,8043264.220713182
1628237183781507948,444122.1714414975,8041152.944545764
1628237183847264692,444133.5902170118,8041567.124223434
1628237183985518678,443906.4805949063,8033356.513929575
1628237184051480721,443861.82030156895,8031742.355885011
1628237184171454858,443766.3213607347,8028289.249368224
1628237184249424990,443696.04733159597,8025747.763935658
1628237184375508998,443686.1639592885,8025391.880448216
1628237184453304848,443654.19350774883,8024235.954119892
1628237184579442074,443597.962643936,8022202.498837931
1628237184645470258,443489.40736915945,8018274.129076263
1628237184795594998,443401.6109319706,8015096.901616741
1628237184849351873,443371.5761887238,8014009.743768169
1628237184975513469,443319.41716140445,8012121.964926306
1628237185053480697,443275.7992626063,8010542.644523173
1628237185185609209,443216.4530173253,8008393.384100165
1628237185251370391,443183.1619355497,8007187.433895668
1628237185377612033,443130.31251229753,8005272.546569073
1628237185515544336,443068.0491951122,8003015.921995176
1628237185581386246,443039.6767439482,8001987.462249442
1628237185719636428,442979.4348877552,7999803.082622202
1628237185779810513,442950.6834807966,7998760.590489315
1628237185917306242,442921.82385636156,7997712.844499924
1628237185989567513,442883.2378938931,7996313.446001336
1628237186121537809,442859.27857404563,7995442.6876389375
1628237186181558420,442833.9770555369,7994524.801493221
1628237186313847415,442779.68211733334,7992554.8769298
1628237186391608741,442776.07292173436,7992422.060361988
1628237186529838727,442722.5099230539,7990478.08723831
1628237186577589289,442709.0356471345,7989988.920010272
1628237186709699901,442696.6022077802,7989534.985582993
1628237186787460574,442686.6942980505,7989174.421754849
1628237186931653923,442643.1232205378,7987591.420035901
1628237186985609711,442632.2660661446,7987196.749997558
1628237187111899604,442608.21498569445,7986321.760284939
1628237187183883771,442590.47364041815,7985676.996204424
1628237187315724177,442553.62682698254,7984338.088235215
1628237187387907765,442559.23496466083,7984539.590553984
1628237187519655573,442518.74705534795,7983068.38441566
1628237187585632313,442497.3802191542,7982291.84071516
1628237187724645197,442504.04699903924,7982530.13589956
1628237187790540731,442484.4779318649,7981818.644823944
1628237187916780629,442497.669648175,7982293.464343749
1628237187994958281,442485.951287799,7981866.257990729
1628237188120677274,442497.69971378846,7982288.69962972
1628237188186729405,442480.78237540333,7981673.109103102
1628237188312704420,442455.5337955291,7980753.760378585
1628237188402587357,442478.54828985437,7981585.517356998
1628237188528801049,442453.4039515095,7980669.417197833
1628237188594727135,442440.33076155913,7980193.291893177
1628237188720871854,442446.01043189055,7980394.643297119
1628237188792729681,442416.38691062364,7979317.80981868
1628237188918978865,442448.58897559904,7980481.136951704
1628237188984619026,442431.4180996703,7979856.291669893
1628237189110868687,442468.84308487724,7981208.80277587
1628237189188632158,442455.1888123641,7980711.117594359
1628237189320814721,442434.88561696827,7979969.788901071
1628237189380813561,442477.3205187032,7981506.38514411
1628237189518803045,442458.57307996956,7980821.851580667
1628237189584949063,442447.6818376545,7980424.378091604
1628237189716780783,442474.3043735727,7981384.800200934
1628237189854819504,442455.6001356085,7980701.478314654
1628237189914820993,442463.7364413821,7980994.018620671
1628237190058690550,442442.48109071783,7980218.123022584
1628237190124944234,442425.8771384979,7979612.954387751
1628237190256825867,442396.57426638575,7978545.4326098235
1628237190316835682,442383.25462025235,7978060.15015034
1628237190394993754,442395.72858540714,7978509.775342684
1628237190526983857,442378.77852599346,7977890.383907258
1628237190658733100,442374.34981003427,7977725.116360075
1628237190713185031,442360.74866971315,7977229.636762534
1628237190856890629,442321.0357883316,7975784.059874834
1628237190929014942,442362.8036946953,7977296.617860384
1628237191060884123,442325.39834822057,7975935.112135162
1628237191120764324,442378.42675601115,7977856.593545408
1628237191259224296,442347.5498252989,7976731.659610187
1628237191330800829,442327.7396776892,7976010.545785925
1628237191457050156,442357.30736142397,7977078.530274175
1628237191522794892,442338.6231880839,7976398.583001869
1628237191660947444,442386.4615969377,7978128.831352273
1628237191732890542,442374.3081570247,7977685.432230094
1628237191859097813,442411.3944976465,7979025.963534263
1628237191919050824,442400.4035253369,7978625.105726193
1628237192062883036,442369.9913954885,7977516.790013799
1628237192122990324,442428.4972360257,7979636.707542471
1628237192254843636,442415.74348056474,7979169.273030343
1628237192321120005,442411.05933529633,7978996.722466532
1628237192464986817,442451.9696659721,7980475.205288727
1628237192524893093,442446.8999266903,7980288.996239446
1628237192662993706,442465.6803819076,7980964.688159211
1628237192723018552,442443.5457474276,7980159.468071551
1628237192854882064,442381.40923857177,7977900.376660395
1628237192927036770,442451.7564464135,7980449.257393606
1628237193053094284,442401.2582745235,7978612.296309541
1628237193125026594,442477.18111193605,7981363.122543889
1628237193262938750,442457.08242217096,7980628.741755937
1628237193323196283,442451.73513906763,7980431.856530032
1628237193455200557,442519.89299560507,7982898.409638744
1628237193521012997,442514.20385179727,7982689.521254056
1628237193665207598,442589.3756948281,7985409.243802768
1628237193737209404,442587.14181889634,7985325.220525118
1628237193863212023,442593.28336571914,7985542.714760872
1628237193917246375,442663.5419045746,7988087.5762892235
1628237194055154226,442692.04770561797,7989114.899740565
1628237194187225317,442739.7058877325,7990836.870774128
1628237194265009653,442720.4018826717,7990133.870255398
1628237194391117766,442789.49304631987,7992632.571761999
1628237194457374210,442760.6747317725,7991584.707307925
1628237194589152741,442729.64845615654,7990453.946832963
1628237194661046072,442882.27727334516,7995983.263698487
1628237194799297181,442887.3906552164,7996162.0524139935
1628237194865067743,442892.13299679145,7996331.115651188
1628237194991173299,442997.1537046721,8000131.167368024
1628237195057512094,443004.385529143,8000389.964471936
1628237195201325566,443119.7711001496,8004563.8153026
1628237195267052762,443134.69402200624,8005101.61052685
1628237195399254458,443209.47724805487,8007803.83855677
1628237195459262155,443215.0327104008,8008002.220000023
1628237195597209700,443234.47334971244,8008700.280154998
1628237195663358599,443323.08567024,8011906.137670994
1628237195795230418,443355.9691077086,8013090.90965852
1628237195867246821,443446.54161243996,8016367.246471556
1628237196005109186,443474.1238535395,8017359.353153747
1628237196065145772,443480.0174615482,8017569.932182997
1628237196197156774,443569.2205486453,8020793.168539833
1628237196269276173,443576.87795136,8021067.1137905875
1628237196395292514,443700.84493584436,8025548.095581101
1628237196467442387,443724.8547291979,8026413.769068377
1628237196599230773,443768.3383647744,8027981.312259844
1628237196665424701,443837.06741297035,8030465.104154585
1628237196803353208,443875.70654724055,8031856.6330831945
1628237196863441944,443963.1659198753,8035017.896490275
1628237196995433569,443991.6205488044,8036041.197361074
1628237197061226489,444005.5866937672,8036543.616454207
1628237197205375433,444108.51310840336,8040259.419779033
1628237197265368775,444114.1429461258,8040460.252569542
1628237197397370141,444219.703946101,8044271.511634383
1628237197469232253,444225.3180212241,8044471.281317847
1628237197607548651,444237.46397838707,8044904.026449663
1628237197667414534,444356.3648674109,8049199.889435452
1628237197799365123,444379.5341321856,8050031.4782082215
1628237197859386866,444393.6900333339,8050540.430006439
1628237198015262734,444526.34555276495,8055328.151181691
1628237198069524317,444547.051634164,8056073.667691366
1628237198207403411,444656.8118070853,8060033.905050048
1628237198261397355,444663.8426586333,8060285.181672331
1628237198399531402,444762.76926803694,8063852.747494342
1628237198477430569,444748.92554501607,8063349.448390613
1628237198597319389,444724.036796463,8062444.842713757
1628237198729473220,444905.80163568835,8069004.082984148
1628237198801540052,444923.05506064225,8069623.987167413
1628237198933612902,445074.7893295622,8075097.256192305
1628237198993583671,445109.802143543,8076358.608932428
1628237199131520167,445237.77206035657,8080971.884945919
1628237199203461946,445278.8157125263,8082450.117023969
1628237199329706805,445343.76986341056,8084788.446904488
1628237199401597358,445422.1176340104,8087612.496030939
1628237199533606588,445451.93022817426,8088682.3483137535
1628237199605494890,445461.8474492428,8089037.013111076
1628237199743638160,445602.6625041829,8094110.794645606
1628237199803639860,445612.71042516956,8094470.526150219
1628237199923651246,445777.8815493836,8100422.326309685
1628237200007539596,445804.5674668634,8101381.037788066
1628237200145537280,445912.1789880722,8105254.860792757
1628237200193607684,445901.4007090905,8104864.068638138
1628237200325651043,445900.2752555379,8104817.762810695
1628237200409537774,446061.2933016309,8110618.651951369
1628237200541699145,446128.05751097586,8113019.169837114
1628237200595826961,446157.46516373666,8114076.2780279685
1628237200727585801,446277.96292023873,8118412.774988053
1628237200799480618,446290.2066168752,8118850.759916884
1628237200937646690,446416.389125716,8123390.494564135
1628237200997656164,446435.11314065853,8124062.305422767
1628237201135492861,446562.7296400753,8128652.828276506
1628237201207743138,446594.20090666343,8129782.599756977
1628237201327766261,446644.557403742,8131590.542271931
1628237201405509285,446714.91444493755,8134120.877402762
1628237201531639238,446753.8731436963,8135517.712733623
1628237201609791234,446851.2098125722,8139018.4841686385
1628237201735649054,446874.8064261343,8139862.537394933
1628237201801792688,446891.3434391249,8140454.68626062
1628237201933669590,446997.7097476192,8144277.1436418025
1628237202011646547,447024.3879868273,8145233.655513304
1628237202143547517,447129.1560201576,8148997.779977244
1628237202203574240,447139.3848591429,8149363.124139946
1628237202335574839,447145.748479331,8149586.273114674
1628237202413706825,447258.1326263666,8153626.291061592
1628237202545777338,447252.8790720418,8153431.595068526
1628237202599601092,447250.24901401123,8153334.786000603
1628237202731830719,447390.76673584897,8158383.172087522
1628237202803863901,447395.50861879915,8158550.649006683
1628237202935740962,447530.5736212687,8163402.302577792
1628237203067624547,447543.8048881306,8163872.406698252
1628237203133814961,447687.44330409536,8169033.612022683
1628237203217747534,447703.2671374201,8169598.986396368
1628237203337644401,447727.0826790916,8170449.893398631
1628237203469781590,447877.57045041677,8175853.132780396
1628237203535784351,447894.54033859144,8176459.962163308
1628237203607918133,447910.86073677137,8177043.433727854
1628237203745803578,448036.785051266,8181562.439639632
1628237203865874694,448161.3461248832,8186031.580904181
1628237203937818669,448183.48728073447,8186823.872146424
1628237204069940565,448234.39895594795,8188646.918639243
1628237204147951712,448335.94654711976,8192290.539415694
1628237204267872042,448387.66116585175,8194142.443058766
1628237204339832731,448416.81362986023,8195186.231339185
1628237204471775158,448512.0277411807,8198599.168789385
1628237204537993320,448535.5374460177,8199440.178992369
1628237204669953162,448622.6162948771,8202560.447563314
1628237204729975958,448644.62018029613,8203347.6973846285
1628237204879853660,448744.7453889945,8206934.735410202
1628237204939987065,448768.7986950552,8207795.374234492
1628237205071995309,448815.4421576854,8209463.63422267
1628237205132024346,448862.10049373,8211135.328723467
1628237205269952436,448898.0022395313,8212417.541822215
1628237205341891248,448917.13223597326,8213100.939242641
1628237205461926065,448999.21403100796,8216040.6590207275
1628237205671954527,449094.760519405,8219459.365740479
1628237205743942211,449112.7027714266,8220100.010968499
1628237205875855200,449197.16664995375,8223123.795795934
1628237205935828785,449212.96069019695,8223687.705598476
1628237206074018876,449239.12929294544,8224620.304414724
1628237206145970731,449303.95044589974,8226941.762531644
1628237206273173117,449318.82910773344,8227469.85545219
1628237206333309832,449324.16075379745,8227658.53375186
1628237206477180148,449422.38729495514,8231174.485159335
1628237206543210405,449442.6577417266,8231898.282274478
1628237206680882840,449499.16891987296,8233918.488863897
1628237206741120793,449509.33175926935,8234280.294252087
1628237206879223442,449566.4740932095,8236322.680244647
1628237206950884260,449567.3685540639,8236351.847048057
1628237207077355102,449566.93172699236,8236330.836911345
1628237207137310756,449650.0444034032,8239307.411502091
1628237207269292043,449662.78745542414,8239758.824198605
1628237207335455679,449671.75457314326,8240077.342541085
1628237207467328433,449744.86523825815,8242692.166799565
1628237207611341672,449766.8022514534,8243472.604794731
1628237207677359339,449842.8228553281,8246193.6914218925
1628237207809358635,449872.25699921924,8247243.037059814
1628237207874957699,449933.5932109835,8249437.96661822
1628237208019366366,449960.43811493844,8250394.036377992
1628237208079495789,449982.47285301477,8251180.570278355
1628237208211405397,450064.5857729749,8254116.386562369
1628237208271353529,450086.6813083201,8254905.395888184
1628237208421506639,450138.4099800956,8256751.9232109245
1628237208475271353,450143.0803183668,8256917.233291164
1628237208607275361,450136.5368245798,8256677.863930131
1628237208673393375,450216.9418959028,8259554.424580363
1628237208811428764,450229.841793432,8260010.949424121
1628237208871447914,450299.55566143384,8262504.696023868
1628237209003441817,450347.10244936065,8264201.982799803
1628237209225414269,450426.02667858556,8267019.072511833
1628237209285431100,450433.81997934903,8267295.771040999
1628237209405324101,450491.7629750959,8269365.251430963
1628237209477456949,450500.67418710905,8269681.570016236
1628237209609091200,450519.4580798403,8270348.98810923
1628237209675498077,450568.9137342495,8272116.352768961
1628237209807461588,450588.34665626416,8272806.932462787
1628237209873485784,450625.02093936165,8274116.729314958
1628237210017485642,450624.7214264173,8274100.717646136
1628237210077522868,450620.6637960527,8273953.244443056
1628237210215125605,450673.6979980151,8275846.226291757
1628237210275815200,450674.61643038364,8275876.457783702
1628237210419508486,450708.69750466285,8277090.608944081
1628237210479451342,450713.93589525885,8277275.784511615
1628237210611383210,450719.29455637006,8277462.633264635
1628237210677531094,450727.99382723286,8277771.481953496
1628237210821596827,450719.0650808905,8277446.779264791
1628237210881550653,450751.58551449416,8278608.071949244
1628237211013436831,450750.8643958825,8278577.382483763
1628237211085173570,450750.2611580667,8278553.156307941
1628237211223221087,450749.1911201506,8278509.729709193
1628237211277534503,450746.8954668209,8278425.32911801
1628237211409194939,450756.22831339756,8278754.837433398
1628237211481587595,450749.6205275026,8278515.412558842
1628237211613571505,450733.9286413907,8277949.053893923
1628237211679624365,450785.00645841745,8279774.130578227
1628237211811662497,450770.76445390657,8279259.703035599
1628237211943582365,450809.03868639754,8280624.228201941
1628237212015592113,450807.1266046441,8280553.202334167
1628237212141638884,450858.94654368097,8282402.398627003
1628237212219256072,450861.73903316085,8282499.692187336
1628237212333670282,450863.9571476602,8282574.568281309
1628237212423663939,450909.4273649766,8284197.906233306
1628237212549305696,450905.78304804995,8284063.060816178
1628237212615645358,450933.97786907083,8285068.8025490735
1628237212747666416,450928.1344498241,8284854.875647637
1628237212825679016,450926.10075087176,8284779.116083783
1628237212957654092,450949.65192506235,8285616.802832303
1628237213017644213,450946.46553427394,8285500.572587391
1628237213137644785,450966.1009328536,8286198.471990908
1628237213221424349,450959.6507369354,8285964.736213682
1628237213348010802,450950.2448671251,8285623.385934026
1628237213419818005,450979.83143383707,8286679.146443841
1628237213539694937,450971.82892160397,8286388.372046543
1628237213617689061,451005.1310614398,8287576.661745687
1628237213749726222,450994.34237678105,8287185.878662136
1628237213809697728,450989.5853676051,8287013.461799426
1628237213941707484,451019.90776609123,8288093.233198633
1628237214013405392,451013.9010869751,8287875.744399362
1628237214151740222,451071.24960723706,8289921.643302612
1628237214211795268,451070.6989846773,8289899.677436224
1628237214344048168,451071.57755494484,8289926.158121512
1628237214421817797,451097.5271971587,8290851.09417911
1628237214553728296,451093.2855604166,8290694.416552013
1628237214613807415,451091.75422779226,8290637.35063294
1628237214739856586,451131.26947441197,8292045.363308741
1628237214823845085,451130.3168059177,8292008.186731959
1628237214949857064,451175.46633179043,8293617.973480166
1628237215015727915,451176.0999025079,8293638.31377174
1628237215141884795,451222.21389343345,8295282.298359333
1628237215225929320,451220.34047664254,8295212.255241358
1628237215357776924,451211.4765833488,8294890.367206769
1628237215411886376,451258.6444213114,8296574.614229518
1628237215549753350,451246.72405688476,8296143.48993534
1628237215633886064,451313.41236159444,8298524.609971181
1628237215753968709,451307.96189689136,8298325.253164727
1628237215813915595,451305.9763968857,8298252.019592423
1628237215945879018,451375.1414829808,8300719.988758872
1628237216023943608,451376.29131243005,8300758.118099999
1628237216155929770,451438.6740148608,8302983.3676161505
1628237216203948384,451443.55318344577,8303155.916242906
1628237216347833699,451464.16370283376,8303887.807983966
1628237216413944934,451525.2660033202,8306069.029122574
1628237216557806074,451555.20813328656,8307134.376637678
1628237216678137637,451605.6922983424,8308933.723860488
1628237216749952125,451616.1061292627,8309303.287506973
1628237216828015101,451625.9582261464,8309652.402258384
1628237216948005624,451684.76173147495,8311749.44324106
1628237217080022983,451698.18198833073,8312224.2012919765
1628237217151980587,451755.8130915681,8314280.961697534
1628237217290006524,451769.9595626552,8314781.274687688
1628237217355881947,451776.78790837113,8315023.041949627
1628237217481980167,451855.2025719844,8317819.764946292
1628237217548180296,451865.5539536401,8318186.990962463
1628237217691986106,451945.83616197226,8321049.826727625
1628237217751991864,451954.91715418844,8321372.007864847
1628237217890174070,452029.64519033,8324036.583844198
1628237217944012616,452030.93245148694,8324080.3784594275
1628237218087787405,452031.4424592839,8324093.51071589
1628237218154020176,452105.491710455,8326735.756720103
1628237218292030302,452119.6486901881,8327236.287047822
1628237218345946250,452127.19826450094,8327504.090030214
1628237218484078084,452233.50750911864,8331295.447949475
1628237218555961702,452250.15101834957,8331887.564099814
1628237218688189165,452433.9845901228,8338445.813553918
1628237218754064679,452461.9487671231,8339441.517267487
1628237218891982550,452587.83798135415,8343929.82966949
1628237218957988961,452616.4707817105,8344949.177577628
1628237219089901496,452667.09288960777,8346751.047449412
1628237219156114054,452788.9318879227,8351095.708003934
1628237219288108600,452841.8913646676,8352980.526659603
1628237219353989425,452867.61730011756,8353896.172085112
1628237219486149455,453011.7491178555,8359032.317680811
1628237219557730241,453042.672714326,8360133.128994889
1628237219684155734,453181.7897756121,8365089.240567247
1628237219767983840,453218.42110563273,8366392.982828607
1628237219894020750,453333.90518417966,8370505.816410348
1628237219948202501,453363.34454332123,8371553.265616543
1628237220097969765,453433.61501376145,8374053.435891505
1628237220170145516,453520.7968440566,8377157.875165912
1628237220290178798,453584.2495067244,8379415.211970315
1628237220356054239,453616.14555225545,8380549.865073285
1628237220488159621,453709.2139059409,8383861.394508194
1628237220554059496,453737.7720644087,8384876.9423317965
1628237220680199740,453823.16865231434,8387915.108355277
1628237220830360336,453885.6735488487,8390136.880338125
1628237220890062882,453948.2776812307,8392365.439669857
1628237221022324005,454007.56459233316,8394472.630048485
1628237221082266736,454030.7452186126,8395296.317522068
1628237221238183062,454129.6551387329,8398814.163094139
1628237221292433172,454153.5018689425,8399661.467676578
1628237221424362624,454249.0177276572,8403058.432289036
1628237221490222272,454281.10417620663,8404198.661976678
1628237221634215864,454373.1205390906,8407470.170586519
1628237221694225003,454401.4914956054,8408478.262558363
1628237221826335643,454465.5536675265,8410754.583120832
1628237221892244265,454512.4612191628,8412422.429017173
1628237222036261157,454576.17063860205,8414685.29914977
1628237222084230332,454596.3950263198,8415403.529472748
1628237222222424682,454662.5903412889,8417754.853896875
1628237222294456402,454689.0628700337,8418694.714256084
1628237222432466640,454768.2880283821,8421509.513957411
1628237222498257174,454788.2698407762,8422218.625874558
1628237222624466225,454866.1975262672,8424987.159966152
1628237222684542832,454886.8450696546,8425719.86199658
1628237222828409690,454929.6032618079,8427236.645345978
1628237222888383260,454985.30507405405,8429216.106598753
1628237223032406217,455029.81641566585,8430795.016148616
1628237223086283087,455050.68431403424,8431535.380034767
1628237223230414188,455129.0136766349,8434316.909234472
1628237223302400229,455150.4942361238,8435078.655956503
1628237223428328060,455234.3022887504,8438054.964449646
1628237223488333041,455251.4298877678,8438662.150666598
1628237223638566947,455342.6182828315,8441899.616629332
1628237223698542515,455358.4695966019,8442461.32904668
1628237223830425073,455389.3572925891,8443555.447911445
1628237223896301347,455458.6857219274,8446018.088193454
1628237224040614846,455500.3298886692,8447493.831344718
1628237224094231208,455511.5231393953,8447890.185363796
1628237224226377608,455589.3090088646,8450651.055681208
1628237224292494247,455602.8556706742,8451130.436386535
1628237224418418718,455688.3947653275,8454166.241272015
1628237224496383646,455703.42073176324,8454698.119678346
1628237224634483232,455782.00727248704,8457486.553976519
1628237224694511049,455793.44191026513,8457891.101453332
1628237224832395952,455824.9684343176,8459007.198365431
1628237224892403089,455891.7375287134,8461377.52954376
1628237225024409025,455921.0613764703,8462415.60213828
1628237225108338964,455940.94517224765,8463119.707107771
1628237225223468305,456020.3626586155,8465937.038690083
1628237225295298960,456041.9973107329,8466703.535596682
1628237225421726371,456095.4744899857,8468599.010239862
1628237225553459165,456133.13110708626,8469932.763032705
1628237225637236919,456171.23344866233,8471284.07067267
1628237225757339385,456197.87609730347,8472226.996022435
1628237225829232539,456212.38078948524,8472740.211811267
1628237225961362972,456273.7561519977,8474916.424768176
1628237226039356780,456290.3682254903,8475504.211946657
1628237226165419025,456350.1519197528,8477623.623181175
1628237226231267031,456366.4372262269,8478200.295380162
1628237226357396655,456400.2304261034,8479396.776448976
1628237226435506563,456445.9106310324,8481016.324209722
1628237226567431378,456474.030501464,8482011.327658588
1628237226627450086,456515.71081882826,8483489.50236674
1628237226759426062,456542.1180746799,8484423.712406771
1628237226843365631,456555.00339920394,8484879.168965206
1628237226957524218,456598.22797327494,8486410.48122572
1628237227029564251,456610.06520986516,8486828.972131206
1628237227161450117,456664.40704469883,8488754.524666846
1628237227233364057,456674.176470295,8489099.615091601
1628237227359553534,456683.91046298377,8489442.045022916
1628237227431601813,456741.52144230163,8491484.990942694
1628237227563472219,456764.70937859226,8492304.902173752
1628237227647494797,456820.4827280276,8494281.949877685
1628237227761492888,456847.15424018184,8495225.581430933
1628237227833654922,456864.81748972036,8495850.715900507
1628237227953641511,456928.8578599709,8498120.150622828
1628237228043523046,456954.6069102766,8499031.65863007
1628237228163524816,457004.09873662534,8500784.839408932
1628237228230641486,457022.687638172,8501442.741038352
1628237228362619287,457057.4563803637,8502673.282231651
1628237228440825951,457092.2838748113,8503907.016725644
1628237228572635332,457115.4629048211,8504726.669030908
1628237228632680530,457161.59789790586,8506361.563040933
1628237228764648093,457185.04533751786,8507190.5247779
1628237228842984931,457197.78731367143,8507640.828976529
1628237228974875233,457260.1572616385,8509850.123417161
1628237229022869827,457267.5732648379,8510112.136396365
1628237229154793503,457333.9780928795,8512464.302853387
1628237229244888191,457349.8466596031,8513025.243823165
1628237229364877486,457415.6788747144,8515357.096286552
1628237229436924623,457424.5959562637,8515671.927752696
1628237229568806831,457442.13483934494,8516291.325343419
1628237229634751317,457500.03744435764,8518342.924194098
1628237229766693001,457525.2997409322,8519236.09323971
1628237229898936015,457580.8204853369,8521201.899058226
1628237229958983938,457588.56326505356,8521475.296631748
1628237230037001497,457601.0415114098,8521916.190447053
1628237230168720248,457659.7712914178,8523995.614512224
1628237230289650721,457674.99160939007,8524532.996018115
1628237230361674550,457683.31555506686,8524826.819210464
1628237230439795048,457736.78560943244,8526720.559748488
1628237230577603252,457753.06600379373,8527295.33506338
1628237230703630458,457814.12256227917,8529456.999207364
1628237230763664978,457821.79617597733,8529727.951536015
1628237230901828349,457886.83679978305,8532030.414747879
1628237230973726836,457894.381235303,8532296.633445133
1628237231105738215,457910.02329475404,8532848.858088752
1628237231159776513,457971.29515688453,8535018.881831432
1628237231303846975,457999.28379827033,8536008.389335284
1628237231371029270,458048.8778598798,8537764.272789836
1628237231502998864,458068.37629553885,8538453.093766322
1628237231563029888,458076.2555601691,8538731.33489058
1628237231700849835,458136.5072212587,8540863.706720999
1628237231772718158,458145.37135563255,8541176.84161557
1628237231904819859,458207.61427858844,8543379.695101108
1628237231965044219,458215.4285294312,8543655.649934648
1628237232097064584,458231.8774778963,8544236.495633634
1628237232174819272,458286.20100682555,8546159.40871335
1628237232294845163,458303.02937113884,8546753.819242783
1628237232366861978,458338.44344463263,8548007.057364127
1628237232505056904,458350.90782011324,8548446.681800429
1628237232576998367,458357.65549931786,8548684.765286472
1628237232697837135,458402.557525596,8550273.269428667
1628237232769710242,458408.23420360533,8550473.42777197
1628237232896026912,458453.59936330654,8552078.210270537
1628237232979851804,458459.4033198875,8552282.783666998
1628237233099748982,458467.2579592091,8552559.537500082
1628237233165909682,458503.6441097092,8553847.142088056
1628237233311000290,458511.2375413959,8554114.481184775
1628237233376946422,458544.2732705829,8555283.416796606
1628237233496945206,458547.5477396713,8555398.09669727
1628237233562908714,458550.60291936557,8555505.649450883
1628237233700913875,458586.31127026386,8556768.575118788
1628237233767444834,458587.0574843174,8556794.319296425
1628237233899165046,458625.60949969845,8558158.097466914
1628237234042949532,458625.47957306093,8558152.245391598
1628237234169150732,458683.2224696392,8560195.335491214
1628237234301165174,458689.41366176255,8560413.420515198
1628237234366833958,458693.3626888651,8560552.729153061
1628237234499021004,458751.5321829008,8562610.875715692
1628237234632062438,458826.4556578251,8565261.581772167
1628237234709991597,458833.1270878176,8565497.1680445
1628237234847997071,458847.7168850328,8566012.489964107
1628237234902049249,458912.2422662646,8568295.539421268
1628237235034160389,458931.11857926653,8568962.565782644
1628237235105925829,458940.3249333408,8569287.834282558
1628237235249896057,459008.51071492984,8571699.77248802
1628237235304190142,459017.37999739137,8572013.179791499
1628237235436042570,459091.68600089825,8574641.561090486
1628237235508006321,459104.9194257077,8575109.279406456
1628237235634175156,459182.9756278796,8577869.954871057
1628237235706148776,459194.4610351023,8578275.758297864
1628237235838052015,459215.59963858855,8579022.577269234
1628237235904416176,459292.3257808189,8581736.237717295
1628237236036192483,459316.9691898869,8582606.89021238
1628237236102003888,459327.4467818573,8582977.002730733
1628237236240096812,459410.6131693384,8585917.482318971
1628237236306142004,459424.7424133306,8586416.587430352
1628237236444407583,459499.5283143491,8589060.311520511
1628237236509988048,459510.26051295514,8589439.308662942
1628237236636250842,459592.40708368714,8592342.990579737
1628237236702149872,459604.0905874847,8592755.553096697
1628237236852005048,459634.348121037,8593823.982003674
1628237236912058854,459697.2600058739,8596047.707669737
1628237237044186044,459723.6583629201,8596979.69906088
1628237237104022470,459736.2948976599,8597425.82743346
1628237237254029599,459819.1633942512,8600353.779295022
1628237237314169182,459831.5328062697,8600790.387021475
1628237237440252759,459913.5341815815,8603687.599510793
1628237237500304004,459926.88832405384,8604158.943227256
1628237237650231547,460014.69444469246,8607260.636192271
1628237237710258113,460028.7100798352,8607755.279564565
1628237237842185716,460060.03658260044,8608860.84715098
1628237237908419319,460121.8481466282,8611044.272545125
1628237238046234806,460156.08227773046,8612252.399159411
1628237238106160316,460171.1013869145,8612782.36442043
1628237238238396719,460237.1950990594,8615116.012800174
1628237238364241780,460263.89208794816,8616057.58961012
1628237238442304755,460330.06484504824,8618394.48801917
1628237238508261628,460339.0547724763,8618711.308455698
1628237238646259035,460423.08738780895,8621677.916709432
1628237238766261476,460455.506443369,8622821.473915815
1628237238850171169,460476.04515554744,8623545.86546752
1628237238976371431,460539.61815606477,8625789.631502463
1628237239036403135,460546.29539416934,8626024.641194386
1628237239174343072,460619.1624827332,8628596.084800996
1628237239258226299,460636.52937111,8629208.292833919
1628237239378464555,460692.70576960495,8631190.351951139
1628237239438448056,460703.69980214507,8631577.710021136
1628237239570333737,460724.792957599,8632320.616241006
1628237239642213582,460787.4622155778,8634532.478204474
1628237239786430399,460815.9445536048,8635535.877164895
1628237239852225269,460831.2581929404,8636075.63745753
1628237239972295123,460894.0976211801,8638292.344367594
1628237240050347319,460914.42477190215,8639008.710183796
1628237240170370996,460986.82023811777,8641562.566654906
1628237240242345534,461002.4878178189,8642114.510237632
1628237240368592977,461077.99273714056,8644777.632629786
1628237240440497552,461098.8408922077,8645512.353403851
1628237240578439200,461143.68064677215,8647092.653240362
1628237240638443127,461186.835878219,8648614.707555776
1628237240770498101,461219.84143921116,8649777.326407973
1628237240842640627,461238.96878243773,8650451.141486928
1628237240980487476,461322.0089174019,8653379.02679649
1628237241040460792,461336.02989098587,8653872.726094991
1628237241172427850,461433.0365671557,8657293.254741708
1628237241244350587,461455.1688464401,8658072.877345268
1628237241376262923,461551.6597973548,8661474.583333319
1628237241436527687,461568.321883036,8662061.269771537
1628237241574453662,461611.9971248463,8663599.348005412
1628237241646352862,461694.642902215,8666513.21344978
1628237241772597292,461738.6086789646,8668061.456096105
1628237241832587294,461757.55909139395,8668728.682283185
1628237241964576048,461867.0445896149,8672587.410354678
1628237242048418249,461896.7119109619,8673632.058886012
1628237242174597668,462009.3070686673,8677599.848731626
1628237242234605601,462031.46828097507,8678380.065839827
1628237242366663868,462084.0638540842,8680231.906115519
1628237242444578280,462191.0605927706,8684002.355971122
1628237242582545773,462247.28854067397,8685981.871994894
1628237242708688580,462392.34009594884,8691091.698812174
1628237242768671745,462423.0091647654,8692171.361738
1628237242840487915,462458.88997474645,8693434.444795351
1628237242978586742,462589.26602012006,8698025.791043509
1628237243110470214,462651.48191847856,8700215.288200067
1628237243176498581,462746.45685013465,8703560.105188468
1628237243308719515,462814.0435421838,8705938.190083358
1628237243380579245,462907.18159604666,8709217.53305812
1628237243512525758,462969.0101614354,8711392.574727852
1628237243572551439,462998.9651200846,8712446.343446122
1628237243716724203,463143.1390953109,8717520.552324476
1628237243776964948,463176.44585023454,8718692.155435402
1628237243908711547,463307.6564972611,8723309.368309444
1628237243974531880,463340.058262389,8724448.897521263
1628237244118705244,463485.15654978517,8729553.729049852
1628237244178694822,463518.32810333185,8730720.126776693
1628237244316693344,463590.0768287998,8733242.838162778
1628237244370869443,463677.24846340355,8736309.549169045
1628237244514562633,463753.6812527912,8738996.435178509
1628237244586553246,463791.3364396984,8740320.037066922
1628237244712738482,463916.16221269075,8744709.51415553
1628237244772737066,463952.3770335992,8745982.423169797
1628237244916599413,464075.79607670876,8750321.376029264
1628237244982826676,464115.0268496018,8751699.939439211
1628237245114848279,464181.9490264818,8754051.223773198
1628237245174833766,464248.46824600466,8756389.638461847
1628237245318614862,464323.1842504209,8759014.472321773
1628237245384825823,464387.7394129427,8761283.257057156
1628237245510624190,464430.91026228823,8762798.866018293
1628237245576867257,464458.1197807655,8763754.195141934
1628237245714834695,464598.7621522229,8768696.457819631
1628237245780688046,464625.0683469213,8769620.084058242
1628237245918656798,464738.17768366,8773593.567358652
1628237245978902007,464759.3259263757,8774335.736448865
1628237246116820406,464876.64432151505,8778456.642903125
1628237246176822295,464893.30324819055,8779040.920822833
1628237246308812246,464922.0266942556,8780047.75353448
1628237246380954370,465026.5913693666,8783721.166944776
1628237246524701292,465053.9824857803,8784680.814807508
1628237246578928309,465060.22063750605,8784898.768674811
1628237246722711153,465183.2989894381,8789220.843219915
1628237246782726439,465189.4650873727,8789436.24408256
1628237246908980506,465291.53082634334,8793019.609279769
1628237246986900754,465300.92765265086,8793348.05788683
1628237247112732510,465314.7947923971,8793832.697858684
1628237247250861419,465446.22969113284,8798447.068476336
1628237247323020673,465467.5106089042,8799193.130818315
1628237247443019773,465560.5016063097,8802457.000687826
1628237247520759638,465583.3676850548,8803258.657764753
1628237247652908094,465694.603973998,8807162.415218912
1628237247724817018,465721.980663012,8808122.342231488
1628237247845002489,465768.58695000905,8809756.411032984
1628237247922974315,465841.1192857305,8812301.734903317
1628237248042954059,465883.4484263533,8813785.41236528
1628237248114942796,465949.74014443305,8816111.453204079
1628237248246832224,465987.39382877556,8817430.587144323
1628237248313059701,466007.02637941827,8818118.29694092
1628237248451003803,466084.6997192984,8820842.009272633
1628237248516983727,466102.5266350641,8821466.466026261
1628237248648836262,466170.4120936862,8823846.512805989
1628237248715229096,466185.5332462135,8824375.689544786
1628237248852891502,466211.9542698996,8825300.086529247
1628237248931009093,466279.14798397705,8827656.837528767
1628237249045024759,466306.59128477605,8828617.252595855
1628237249117036828,466358.9492164035,8830453.233486546
1628237249249067717,466397.2045154305,8831792.75271904
1628237249315333502,466420.05728803645,8832593.091967119
1628237249447039962,466486.93375009904,8834936.923205942
1628237249519038606,466516.90660063794,8835987.038163448
1628237249657406273,466585.1354304275,8838377.795800239
1628237249717156765,466610.9671564846,8839282.729499448
1628237249855038734,466663.81660173397,8841133.881331628
1628237249921062935,466703.28923982603,8842517.033238348
1628237250059200063,466728.674531139,8843404.19833927
1628237250125063472,466784.8978324781,8845375.215862257
1628237250251210189,466810.2394179781,8846261.052476538
1628237250317134035,466824.7070877774,8846766.880294124
1628237250461112402,466902.3190743526,8849486.004320432
1628237250527005373,466912.8452199822,8849853.777949607
1628237250653231818,466969.67072606744,8851843.68662906
1628237250719159110,466979.552822421,8852188.584258024
1628237250857115924,467001.75537653366,8852964.139188204
1628237250923142242,467060.48297464964,8855022.202309145
1628237251049321086,467099.4733092323,8856386.47663152
1628237251121300429,467147.8829973584,8858082.565833874
1628237251253188666,467182.7461267553,8859301.976680541
1628237251319041465,467196.11745803984,8859769.397100035
1628237251457098354,467248.25789268827,8861594.340036558
1628237251583250167,467265.70882521913,8862203.00768123
1628237251655319188,467328.32738832047,8864397.115140442
1628237251721222730,467338.6751003286,8864758.188001165
1628237251847178972,467360.7877777514,8865530.502756752
1628237251985334300,467425.80006027984,8867806.48865789
1628237252063239443,467439.07931996236,8868270.02696744
1628237252189205155,467505.9405679014,8870611.134441389
1628237252255309914,467522.03781969263,8871173.680747977
1628237252387218585,467586.91353028454,8873444.61906082
1628237252465993410,467608.9843527703,8874216.24634971
1628237252585296265,467645.8587723961,8875505.733104035
1628237252645298665,467678.35217469104,8876643.17295383
1628237252783149728,467716.9672879566,8877993.310439356
1628237252873123550,467762.97849383357,8879603.710297836
1628237253005288797,467796.2602126089,8880766.793982299
1628237253059444606,467810.9473108616,8881279.972491391
1628237253185270127,467858.89615903934,8882957.301606318
1628237253263197175,467873.2017922226,8883456.541475408
1628237253389692403,467926.28430358786,8885313.267242242
1628237253449434423,467939.0247423412,8885758.13624704
1628237253593263543,467973.06586516136,8886947.291914025
1628237253659356876,468029.72400118463,8888930.961178936
1628237253791441993,468074.7343915109,8890504.659745704
1628237253857264411,468094.7405920625,8891204.046198558
1628237253989396172,468150.49434021505,8893153.775338845
1628237254061400479,468163.5984148264,8893610.988596698
1628237254187368575,468192.83365049644,8894631.925531061
1628237254253491732,468193.09583932254,8894639.159368305
1628237254385495129,468258.0318621473,8896910.549511854
1628237254469393763,468275.677976458,8897526.517333483
1628237254595397778,468318.67421473213,8899029.144844295
1628237254661490470,468356.82727841317,8900363.870009556
1628237254781539660,468393.61596789985,8901649.223484153
1628237254871278358,468417.8833282874,8902497.046460835
1628237255009209757,468476.0518246489,8904530.738983653
1628237255057845836,468491.27469032817,8905062.544317223
1628237255183726700,468550.34430078464,8907127.841507373
1628237255267524609,468566.14274259156,8907678.905933794
1628237255405492888,468608.64863026515,8909163.558262164
1628237255453888409,468611.14758232905,8909249.637993343
1628237255585594087,468621.1559817192,8909596.405885627
1628237255657469791,468680.0269839405,8911656.175962837
1628237255795509300,468703.9448701018,8912489.743428031
1628237255861389633,468713.8661817053,8912835.449464707
1628237255993533086,468747.42077905085,8914006.744963067
1628237256065579900,468752.9624400436,8914198.483687017
1628237256197654000,468780.59053959354,8915162.184959536
1628237256323538678,468786.475479437,8915364.776092047
1628237256389603467,468828.6719431021,8916840.391263673
1628237256467613175,468839.6619246066,8917222.913521217
1628237256593810490,468855.22195673006,8917764.296856526
1628237256731657374,468879.81130695296,8918621.169317296
1628237256791638465,468885.07590519096,8918803.758141471
1628237256875526597,468892.5026612971,8919061.468146067
1628237257001693019,468928.3472243011,8920312.889972435
1628237257133661961,468964.6408202467,8921579.847521298
1628237257193709235,468969.24306206056,8921739.240380505
1628237257331719022,468978.7862315408,8922069.304567767
1628237257403589601,468990.9132233568,8922491.8361842
1628237257529686122,468996.58273034263,8922686.553838028
1628237257595545099,469000.29773512785,8922814.876582507
1628237257733656411,469024.0230908172,8923641.425774312
1628237257805620995,469030.1415029981,8923853.595347976
1628237257931734836,469060.34656018583,8924907.319663284
1628237257985639981,469063.42173868156,8925013.5105499
1628237258123769869,469098.6233016918,8926241.845754534
1628237258195751940,469109.7179984287,8926628.20052668
1628237258327641418,469137.38231086795,8927592.865195217
1628237258393786806,469140.8281879667,8927711.505182434
1628237258531537961,469144.9870975348,8927853.233543728
1628237258603666250,469146.35378822597,8927898.986007148
1628237258723734275,469176.18348204775,8928939.518172126
1628237258795735120,469183.2373025106,8929184.354610594
1628237258933821587,469206.9574151878,8930010.587101772
1628237258999845450,469210.98804023024,8930149.869973814
1628237259125759558,469229.8361532842,8930805.748295425
1628237259191610945,469223.27758141083,8930574.315506028
1628237259329725395,469203.2334835272,8929868.313703528
1628237259413729281,469253.6861905985,8931632.084232941
1628237259527915455,469247.6367383653,8931416.61061363
1628237259587870463,469245.5012700643,8931339.997335494
1628237259731734807,469271.37194171315,8932241.246208314
1628237259798131603,469270.7747220338,8932218.154482692
1628237259929892695,469301.777274511,8933299.335380107
1628237259989937669,469306.00445658405,8933445.42836309
1628237260127831054,469342.5155632675,8934719.096998814
1628237260199817183,469345.2355012658,8934812.093513642
1628237260337670073,469355.27481760696,8935159.397420546
1628237260391916833,469398.8198007971,8936681.738778831
1628237260529942574,469410.15784856846,8937074.158665454
1628237260595797694,469413.5076528103,8937189.500691608
1628237260733818324,469442.21173011785,8938189.602685325
1628237260793844394,469441.2453185862,8938153.84884076
1628237260937973286,469499.95002579194,8940204.175212722
1628237261063869505,469518.4185447415,8940846.436592542
1628237261135855783,469567.80413973157,8942572.655274034
1628237261273979447,469603.80363996385,8943828.134005295
1628237261334029591,469619.1843807112,8944364.52445855
1628237261466126175,469663.4587649423,8945909.854330234
1628237261532077532,469676.00596112583,8946346.75546518
1628237261664023638,469725.18554194015,8948063.71980556
1628237261736028216,469736.67510619015,8948463.606794572
1628237261856075895,469761.1586666516,8949316.643716134
1628237261933959181,469818.39349531085,8951316.891470117
1628237262071886972,469864.1310951235,8952913.257843645
1628237262137900325,469902.7775559286,8954263.31734596
1628237262257938315,469940.2797814615,8955571.76861982
1628237262330041723,469961.4254009058,8956309.45543711
1628237262467968319,470011.2402490591,8958047.939112851
1628237262527993618,470026.4711366999,8958578.969629683
1628237262672102923,470088.57698641287,8960747.346478095
1628237262726279166,470109.5191289115,8961478.143831277
1628237262876067286,470166.34818817955,8963461.577534001
1628237262930109019,470195.4081114807,8964476.64622142
1628237263069987695,470253.72659646854,8966512.35869085
1628237263128113498,470283.09056235943,8967537.648592826
1628237263278047977,470347.7436209363,8969794.477728011
1628237263332248683,470371.09917702887,8970609.844667146
1628237263470045005,470426.81544003694,8972554.257125687
1628237263530059680,470449.6058196724,8973349.502228605
1628237263680077137,470520.8726676584,8975837.36625235
1628237263740058459,470541.5279174735,8976557.886239614
1628237263866114112,470584.147955779,8978044.682168834
1628237263932101165,470664.13355205324,8980839.519658385
1628237264064066317,470725.8486058444,8982993.541519294
1628237264136058485,470790.66339379095,8985257.699181126
1628237264267945442,470862.6454723,8987770.469996259
1628237264339957435,470902.4039244548,8989158.35844795
1628237264472195397,470994.64150880405,8992378.611709082
1628237264532206240,471028.5043765797,8993560.55334321
1628237264664234200,471115.67155065533,8996603.593324453
1628237264736225706,471155.9474733776,8998009.27412644
1628237264874159427,471238.5007948575,9000890.455754193
1628237264934221641,471292.7878237132,9002786.055286847
1628237265066288739,471358.24329572404,9005069.727667723
1628237265198273785,471461.8393019205,9008686.138297517
1628237265276186968,471510.5799012155,9010386.95204306
1628237265342023848,471550.82891952235,9011791.584295372
1628237265468164991,471671.32717452117,9015997.885773486
1628237265606174541,471778.1453928726,9019725.977344623
1628237265678203441,471863.412161096,9022702.364936326
1628237265738252988,471916.81243875093,9024566.009866355
1628237265876193848,472030.6953682179,9028540.141807346
1628237265996319269,472144.002792096,9032493.756701285
1628237266080377750,472216.1909407108,9035012.543543741
1628237266212206006,472355.8955185752,9039887.51772862
1628237266266217711,472399.5692076376,9041411.115290396
1628237266398323922,472560.3977290467,9047022.704599107
1628237266476384430,472625.6586549295,9049299.183211258
1628237266614158047,472759.78083186503,9053977.50597908
1628237266668292661,472853.23996172956,9057238.208867915
1628237266800290577,472976.33179510286,9061531.052175125
1628237266872230744,473042.42792798055,9063836.003210817
1628237267004374139,473206.55303674703,9069559.976697793
1628237267070485460,473274.8371141861,9071940.873647137
1628237267202311289,473452.44671635586,9078134.503332041
1628237267286265412,473542.336131351,9081268.461690847
1628237267412406086,473707.3969335019,9087023.030236766
1628237267472436683,473778.8261943873,9089513.017512685
1628237267598204008,473916.55825462483,9094313.800351767
1628237267682407779,474044.8202365611,9098784.632852955
1628237267814414369,474176.75197373424,9103381.958010202
1628237267868211182,474225.21059655887,9105070.390113445
1628237268006447148,474423.6182075757,9111984.46989134
1628237268084469768,474532.0798314163,9115763.657847794
1628237268216482622,474751.09708431107,9123394.82521092
1628237268264768634,474836.40264825587,9126366.825529953
1628237268396463298,475017.4299809587,9132672.4854915
1628237268486418293,475136.0023080394,9136802.127348578
1628237268618372878,475327.0274451665,9143454.858545996
1628237268678374134,475395.16281918297,9145827.206395201
1628237268810555323,475544.9451303854,9151042.010939438
1628237268888435780,475698.7063473253,9156396.204570489
1628237269008454111,475853.136494715,9161772.077063795
1628237269068491978,475930.9413033313,9164480.342803728
1628237269206637344,476158.16127851873,9172389.55825595
1628237269278549483,476255.3465003111,9175771.83491874
1628237269410567281,476481.7687021641,9183651.96555755
1628237269542440860,476673.89353197033,9190336.951542936
1628237269602433435,476763.24244821287,9193445.572944254
1628237269680542885,476914.94978848763,9198723.908650372
1628237269812573989,477117.2234542681,9205760.18822242
1628237269944381699,477384.9017211532,9215071.270121774
1628237269998540347,477480.1717450529,9218384.480716279
1628237270082466742,477604.12078525225,9222694.725050298
1628237270220499567,477853.5578489703,9231368.389632134
1628237270346488500,478048.83060646034,9238157.060537912
1628237270400563190,478216.4401872894,9243984.493909169
1628237270544505855,478429.8372186375,9251401.598336382
1628237270616432101,478535.98112843075,9255090.509855283
1628237270742662232,478815.04271476454,9264789.143253684
1628237270802585534,478911.26177000994,9268132.446913747
1628237270946550505,479248.01883695845,9279833.62738167
1628237271018417913,479370.3643227052,9284083.75374286
1628237271144666028,479666.1848942684,9294359.78359778
1628237271204669751,479772.46996035666,9298051.141413018
1628237271348559555,480018.9503840887,9306610.725648789
1628237271414633278,480219.9719681813,9313591.708104664
1628237271546686503,480460.31240273133,9321936.149572356
1628237271600489433,480552.4277963403,9325134.035673074
1628237271744591027,480874.45755290485,9336312.946714073
1628237271816644075,481024.8722305038,9341533.530537061
1628237271948622027,481324.76319122326,9351941.4125706
1628237272014494642,481442.27202519303,9356019.015734255
1628237272146658902,481754.13482240855,9366839.88877708
1628237272218682118,481891.66466826695,9371611.147828877
1628237272344653080,482132.21073746,9379955.545508742
1628237272410637679,482295.6808234211,9385625.887268784
1628237272554538807,482579.30881091324,9395462.723367909
1628237272620773050,482747.18152629636,9401284.53045871
1628237272740711339,482993.2484027989,9409816.91451449
1628237272800698152,483115.32074781426,9414049.403936114
1628237272950774468,483438.8231138994,9425264.832033213
1628237273016573034,483552.81178589776,9429216.164546318
1628237273142813108,483852.4178603539,9439601.256005425
1628237273208560087,483967.80978623836,9443600.494237004
1628237273346597731,484224.26307765837,9452487.793236386
1628237273412847159,484403.36407032516,9458694.30761504
1628237273544875327,484629.1468583977,9466517.22329088
1628237273610602217,484735.861999356,9470214.45167697
1628237273748715693,485067.6089749932,9481707.755528133
1628237273874742559,485360.65324505966,9491858.788504083
1628237273940843725,485488.2632195553,9496278.620706601
1628237274078791231,485727.55716397124,9504566.104065672
1628237274144817246,485907.0703047054,9510783.07063327
1628237274270788859,486126.2567388879,9518372.952271422
1628237274348892110,486274.2269990549,9523496.452752259
1628237274474900422,486585.5524039618,9534275.766978774
1628237274546927674,486724.2036361139,9539075.85204016
1628237274672955945,487008.4486904109,9548915.81801238
1628237274744941917,487143.6321077816,9553595.12209085
1628237274876937709,487431.35586493294,9563553.996939309
1628237274948921089,487571.174623765,9568393.063118285
1628237275074880784,487834.6300881118,9577510.545394633
1628237275146893879,488009.77882330905,9583571.740960605
1628237275278863600,488257.65771049634,9592148.858723886
1628237275356735111,488389.7278675935,9596718.473941253
1628237275476913510,488700.74796317413,9607479.371094067
1628237275548901770,488841.935290318,9612363.81552802
1628237275680913229,489149.1265781809,9622990.748108726
1628237275747019841,489291.43764781463,9627913.413691446
1628237275878986457,489586.710019831,9638126.683364179
1628237275951010921,489722.94080342574,9642838.418170806
1628237276088785758,489972.19874466903,9651458.887384243
1628237276149043267,490177.10741155106,9658545.50391291
1628237276281018185,490430.2318261914,9667298.65901813
1628237276346798593,490544.33731801686,9671244.279680485
1628237276478985104,490885.21158425545,9683030.973963028
1628237276550971435,491021.7689749927,9687752.426134162
1628237276676871507,491334.20021994115,9698554.454906039
1628237276743065040,491477.1688193893,9703497.07956091
1628237276881014406,491806.4816759323,9714881.4658313
1628237276953054198,491948.94360169,9719806.06110081
1628237277073057598,492199.3721323087,9728462.491771387
1628237277144984724,492407.0715917841,9735641.831819488
1628237277276855085,492696.0740755821,9745630.741021158
1628237277348988671,492849.5189420406,9750934.089284273
1628237277475258138,493152.406003509,9761402.06232341
1628237277552933941,493292.7098484462,9766250.799017062
1628237277685127886,493627.9310778544,9777835.359844672
1628237277757132335,493770.2218621037,9782752.380458228
1628237277877180148,494067.8635136748,9793037.538585352
1628237277949040510,494216.8660155083,9798186.161323847
1628237278092955138,494516.49000382493,9808539.024504175
1628237278147189754,494678.8868423155,9814150.206353636
1628237278285096646,494971.7129472759,9824267.55015792
1628237278405091497,495261.05324142013,9834264.208486447
1628237278489084519,495422.6840871928,9839848.31479701
1628237278549082487,495544.9306418353,9844071.691495202
1628237278681183192,495857.84109431563,9854881.983398883
1628237278807139092,496126.9715999511,9864179.45782724
1628237278879153754,496305.1417764483,9870334.530232588
1628237279022970510,496574.0770869943,9879624.882289078
1628237279077712688,496685.93362179596,9883488.90127801
1628237279209180638,496982.5819731477,9893736.404784283
1628237279287004841,497114.97387378116,9898309.690907024
1628237279413126482,497428.0825698215,9909125.549939739
1628237279479233362,497568.7254990476,9913983.758405231
1628237279617166883,497832.25977201265,9923086.914889645
1628237279683297730,498016.1977211857,9929440.606967738
1628237279809196055,498276.6023287384,9938435.5263822
1628237279875190364,498441.6271228403,9944135.832797533
1628237280019055676,498728.1260187319,9954032.025516184
1628237280085510074,498873.7128640978,9959060.851668546
1628237280211594668,499191.033743088,9970021.691170499
1628237280283254125,499338.51253844035,9975115.868130349
1628237280415205667,499642.44806967356,9985614.36708891
1628237280487632668,499782.8114344378,9990462.792143729
1628237280619095878,inf,inf
1628237280685264004,inf,inf
1628237280811233268,inf,inf
1628237280883332755,inf,inf
1628237281021183123,inf,inf
1628237281081136159,inf,inf
1628237281219283116,inf,inf
1628237281285367787,inf,inf
1628237281417402228,inf,inf
1628237281477373958,inf,inf
1628237281615170501,inf,inf
1628237281687347035,inf,inf
1628237281825209612,inf,inf
1628237281879578695,inf,inf
1628237282017360326,inf,inf
1628237282077378966,inf,inf
1628237282221686022,inf,inf
1628237282281543788,inf,inf
1628237282419615306,inf,inf
1628237282497385912,inf,inf
1628237282623374551,inf,inf
1628237282749642675,inf,inf
1628237282815327693,inf,inf
1628237282893659300,inf,inf
1628237283019765691,inf,inf
1628237283157359042,inf,inf
1628237283211675045,inf,inf
1628237283361315971,inf,inf
1628237283421471761,inf,inf
1628237283553463885,inf,inf
1628237283619414770,inf,inf
1628237283757693479,inf,inf
1628237283823316075,inf,inf
1628237283961768773,inf,inf
1628237284021457560,inf,inf
1628237284159401036,inf,inf
1628237284213738291,inf,inf
1628237284363436775,inf,inf
1628237284417538726,inf,inf
1628237284555831592,inf,inf
1628237284621401016,inf,inf
1628237284759772628,inf,inf
1628237284825406326,inf,inf
1628237284957581465,inf,inf
1628237285029574079,inf,inf
1628237285221558302,inf,inf
1628237285353501821,inf,inf
1628237285425423614,inf,inf
1628237285557629372,inf,inf
1628237285617456927,inf,inf
1628237285755936464,inf,inf
1628237285827493023,inf,inf
1628237285953823263,inf,inf
1628237286019466421,inf,inf
1628237286163609582,inf,inf
1628237286223613802,inf,inf
1628237286361530281,inf,inf
1628237286421661523,inf,inf
1628237286553707130,inf,inf
1628237286625528004,inf,inf
1628237286769522568,inf,inf
1628237286817545433,inf,inf
1628237286961717851,inf,inf
1628237287087677401,inf,inf
1628237287165600952,inf,inf
1628237287297918087,inf,inf
1628237287363674860,inf,inf
1628237287495702707,inf,inf
1628237287555751713,inf,inf
1628237287705699908,inf,inf
1628237287765753653,inf,inf
1628237287885762566,inf,inf
1628237287957789242,inf,inf
1628237288090144837,inf,inf
1628237288161675769,inf,inf
1628237288287795292,inf,inf
1628237288360249845,inf,inf
1628237288491772430,inf,inf
1628237288558003346,inf,inf
1628237288689997287,inf,inf
1628237288762091586,inf,inf
1628237288888092155,inf,inf
1628237288960373929,inf,inf
1628237289092135466,inf,inf
1628237289164033508,inf,inf
1628237289301867361,inf,inf
1628237289367831294,inf,inf
1628237289499708210,inf,inf
1628237289566284664,inf,inf
1628237289703895854,inf,inf
1628237289751900504,inf,inf
1628237289883917848,inf,inf
1628237289962147687,inf,inf
1628237290100247235,inf,inf
1628237290166172958,inf,inf
1628237290286179224,inf,inf
1628237290357910292,inf,inf
1628237290496219253,inf,inf
1628237290568213002,inf,inf
1628237290693816936,inf,inf
1628237290772001705,inf,inf
1628237290898213549,inf,inf
1628237290963837831,inf,inf
1628237291090282022,inf,inf
1628237291168260653,inf,inf
1628237291293969911,inf,inf
1628237291366232451,inf,inf
1628237291492149112,inf,inf
1628237291630285803,inf,inf
1628237291701995885,inf,inf
1628237291762021722,inf,inf
1628237291900297041,inf,inf
1628237292020262348,inf,inf
1628237292092339159,inf,inf
1628237292230304405,inf,inf
1628237292290306806,inf,inf
1628237292427965048,inf,inf
1628237292494343753,inf,inf
1628237292632357078,inf,inf
1628237292692349824,inf,inf
1628237292824362070,inf,inf
1628237292896337618,inf,inf
1628237293028117790,inf,inf
1628237293100115997,inf,inf
1628237293226122772,inf,inf
1628237293298039820,inf,inf
1628237293436371555,inf,inf
1628237293496381000,inf,inf
1628237293628127458,inf,inf
1628237293694383026,inf,inf
1628237293826420557,inf,inf
1628237293898427486,inf,inf
1628237294024418732,inf,inf
1628237294102155127,inf,inf
1628237294240430414,inf,inf
1628237295230486001,inf,inf
1628237295290480066,inf,inf
1628237295434282652,inf,inf
1628237295500514976,inf,inf
1628237295632537795,inf,inf
1628237295704536164,inf,inf
1628237295890580893,inf,inf
1628237296034519897,inf,inf
1628237296112203125,inf,inf
1628237296232802253,inf,inf
1628237296364645665,inf,inf
1628237296436604665,inf,inf
1628237296574637712,inf,inf
1628237296641253524,inf,inf
1628237296773279340,inf,inf
1628237296827460886,inf,inf
1628237296971392869,inf,inf
1628237297037437054,inf,inf
1628237297169379221,inf,inf
1628237297229405164,inf,inf
1628237297373270491,inf,inf
1628237297439404640,inf,inf
1628237297571429521,inf,inf
1628237297631413696,inf,inf
1628237297769550333,inf,inf
1628237297829556148,inf,inf
1628237297979364692,inf,inf
1628237298033601261,inf,inf
1628237298171583596,inf,inf
1628237298231596693,inf,inf
1628237298375470288,inf,inf
1628237298435477602,inf,inf
1628237298579488971,inf,inf
1628237298645371517,inf,inf
1628237298771476677,inf,inf
1628237298837529668,inf,inf
1628237298975509409,inf,inf
1628237299035535942,inf,inf
1628237299173488151,inf,inf
1628237299233675507,inf,inf
1628237299377560018,inf,inf
1628237299443476289,inf,inf
1628237299575675844,inf,inf
1628237299635662845,inf,inf
1628237299773897513,inf,inf
1628237299839595129,inf,inf
1628237299977667850,inf,inf
1628237300097879077,inf,inf
1628237300181615665,inf,inf
1628237300301603748,inf,inf
1628237300379634181,inf,inf
1628237300511544046,inf,inf
1628237300583567481,inf,inf
1628237300709700998,inf,inf
1628237300781663425,inf,inf
1628237300913592871,inf,inf
1628237300979801650,inf,inf
1628237301105590139,inf,inf
1628237301171796805,inf,inf
1628237301309730775,inf,inf
1628237301376924068,inf,inf
1628237301502936129,inf,inf
1628237301574955219,inf,inf
1628237301706913759,inf,inf
1628237301773045637,inf,inf
1628237301904992065,inf,inf
1628237301976935404,inf,inf
1628237302102632811,inf,inf
1628237302175389418,inf,inf
1628237302307001449,inf,inf
1628237302378941396,inf,inf
1628237302504962055,inf,inf
1628237302577019104,inf,inf
1628237302697024501,inf,inf
1628237302781002753,inf,inf
1628237302907010646,inf,inf
1628237302984770919,inf,inf
1628237303104714853,inf,inf
1628237303177060147,inf,inf
1628237303309050469,inf,inf
1628237303381040867,inf,inf
1628237303501073181,inf,inf
1628237303573131614,inf,inf
1628237303711161415,inf,inf
1628237303783134700,inf,inf
1628237303909150988,inf,inf
1628237303975178836,inf,inf
1628237304101634733,inf,inf
1628237304179060877,inf,inf
1628237304305172130,inf,inf
1628237304383153827,inf,inf
1628237304509178898,inf,inf
1628237304587220973,inf,inf
1628237304707202157,inf,inf
1628237304833404883,inf,inf
1628237304905202951,inf,inf
1628237304977219356,inf,inf
1628237305103527555,inf,inf
1628237305235212630,inf,inf
1628237305307264654,inf,inf
1628237305445270442,inf,inf
1628237305505277067,inf,inf
1628237305642942290,inf,inf
1628237305715237368,inf,inf
1628237305841348195,inf,inf
1628237305901291135,inf,inf
1628237306039306070,inf,inf
1628237306111276795,inf,inf
1628237306249302402,inf,inf
1628237306309290711,inf,inf
1628237306441324422,inf,inf
1628237306513285962,inf,inf
1628237306639318524,inf,inf
1628237306711343349,inf,inf
1628237306848970175,inf,inf
1628237306909353145,inf,inf
1628237307041375291,inf,inf
1628237307118997901,inf,inf
1628237307245353747,inf,inf
1628237307311397462,inf,inf
1628237307443377597,inf,inf
1628237307515351237,inf,inf
1628237307641372107,inf,inf
1628237307713364680,inf,inf
1628237307917364049,inf,inf
1628237308043401115,inf,inf
1628237308253426495,inf,inf
1628237308307438554,inf,inf
1628237308445428516,inf,inf
1628237308505428803,inf,inf
1628237308649463152,inf,inf
1628237308709471007,inf,inf
1628237308841056851,inf,inf
1628237308919459269,inf,inf
1628237309051476984,inf,inf
1628237309105212139,inf,inf
1628237309249484483,inf,inf
1628237309309523172,inf,inf
1628237309447709290,inf,inf
1628237309591507054,inf,inf
1628237309639519410,inf,inf
1628237309789531257,inf,inf
1628237309843486893,inf,inf
1628237309987203871,inf,inf
1628237310047494266,inf,inf
1628237310179540745,inf,inf
1628237310257231901,inf,inf
1628237310383521736,inf,inf
1628237310443549467,inf,inf
1628237310587446787,inf,inf
1628237310653631807,inf,inf
1628237310785578537,inf,inf
1628237310845573156,inf,inf
1628237310983604083,inf,inf
1628237311043615077,inf,inf
1628237311187603474,inf,inf
1628237311247580602,inf,inf
1628237311385641059,inf,inf
1628237311451562331,inf,inf
1628237311589477109,inf,inf
1628237311649686513,inf,inf
1628237311787690202,inf,inf
1628237311853842842,inf,inf
1628237311985761272,inf,inf
1628237312051594884,inf,inf
1628237312189733312,inf,inf
1628237312387775791,inf,inf
1628237312447784270,inf,inf
1628237312579787222,inf,inf
1628237312657734741,inf,inf
1628237312789788123,inf,inf
1628237312855886198,inf,inf
1628237312993730741,inf,inf
1628237313059926474,inf,inf
1628237313191804002,inf,inf
1628237313251787051,inf,inf
1628237313389832964,inf,inf
1628237313515615003,inf,inf
1628237313713826163,inf,inf
1628237313791833353,inf,inf
1628237313911864208,inf,inf
1628237313995812083,inf,inf
1628237314121877773,inf,inf
1628237314193861106,inf,inf
1628237314313864736,inf,inf
1628237314385982096,inf,inf
1628237314523909242,inf,inf
1628237314583876078,inf,inf
1628237314727884117,inf,inf
1628237314787909020,inf,inf
1628237314931779067,inf,inf
1628237314986136756,inf,inf
1628237315117918128,inf,inf
1628237315189910035,inf,inf
1628237315316413453,inf,inf
1628237315387977010,inf,inf
1628237315519914361,inf,inf
1628237315591949119,inf,inf
1628237315717961201,inf,inf
1628237315795697959,inf,inf
1628237315921930281,inf,inf
1628237315987979773,inf,inf
1628237316125953269,inf,inf
1628237316191978958,inf,inf
1628237316323967926,inf,inf
1628237316396063953,inf,inf
1628237316521976121,inf,inf
1628237316599923593,inf,inf
1628237316720133596,inf,inf
1628237316780373332,inf,inf
1628237316924023979,inf,inf
1628237316989982990,inf,inf
1628237317116078865,inf,inf
1628237317194101727,inf,inf
1628237317319982707,inf,inf
1628237317392033390,inf,inf
1628237317517922586,inf,inf
1628237317589956834,inf,inf
1628237317728064511,inf,inf
1628237317799925141,inf,inf
1628237317926862353,inf,inf
1628237318058769472,inf,inf
1628237318118757143,inf,inf
1628237318197026130,inf,inf
1628237318316963242,inf,inf
1628237318448909414,inf,inf
1628237318527033585,inf,inf
1628237318659042663,inf,inf
1628237318719032338,inf,inf
1628237318850912191,inf,inf
1628237318929046539,inf,inf
1628237319061058198,inf,inf
1628237319132931774,inf,inf
1628237319252972591,inf,inf
1628237319325076238,inf,inf
1628237319462842901,inf,inf
1628237319522889209,inf,inf
1628237319654867601,inf,inf
1628237319721177148,inf,inf
1628237319864883626,inf,inf
1628237319925157106,inf,inf
1628237320051103918,inf,inf
1628237320128958706,inf,inf
1628237320255042990,inf,inf
1628237320326928103,inf,inf
1628237320458916277,inf,inf
1628237320525318934,inf,inf
1628237320657072465,inf,inf
1628237320723230750,inf,inf
1628237320855068143,inf,inf
1628237320927187842,inf,inf
1628237321067198338,inf,inf
1628237321128227591,inf,inf
1628237321255214043,inf,inf
1628237321327265065,inf,inf
1628237321459124776,inf,inf
1628237321520135072,inf,inf
1628237321658242842,inf,inf
1628237321730256567,inf,inf
1628237321868418833,inf,inf
1628237321916493537,inf,inf
1628237322060400150,inf,inf
1628237322126651280,inf,inf
1628237322258632536,inf,inf
1628237322330567693,inf,inf
1628237322462407193,inf,inf
1628237322534228062,inf,inf
1628237322660338689,inf,inf
1628237322798447739,inf,inf
1628237322864347387,inf,inf
1628237323002336343,inf,inf
1628237323062355124,inf,inf
1628237323200574732,inf,inf
1628237323260568491,inf,inf
1628237323398231849,inf,inf
1628237323465377656,inf,inf
1628237323591522966,inf,inf
1628237323657164516,inf,inf
1628237323801153752,inf,inf
1628237323867158075,inf,inf
1628237323999406215,inf,inf
1628237324065294601,inf,inf
1628237324203357210,inf,inf
1628237324269315064,inf,inf
1628237324395350688,inf,inf
1628237324461315784,inf,inf
1628237324593603756,inf,inf
1628237324665519860,inf,inf
1628237324797494096,inf,inf
1628237324863238977,inf,inf
1628237325001228848,inf,inf
1628237325067498310,inf,inf
1628237325199524394,inf,inf
1628237325259522745,inf,inf
1628237325403255503,inf,inf
1628237325464508841,inf,inf
1628237325602633828,inf,inf
1628237325662520535,inf,inf
1628237325800717541,inf,inf
1628237325866360699,inf,inf
1628237326004622843,inf,inf
1628237326058611936,inf,inf
1628237326202558788,inf,inf
1628237326274442619,inf,inf
1628237326400583374,inf,inf
1628237326466666790,inf,inf
1628237326604788327,inf,inf
1628237326730812636,inf,inf
1628237326802787417,inf,inf
1628237326934684439,inf,inf
1628237327006568203,inf,inf
1628237327132705676,inf,inf
1628237327204845331,inf,inf
1628237327336765925,inf,inf
1628237327402646254,inf,inf
1628237327534652363,inf,inf
1628237327612742533,inf,inf
1628237327744543578,inf,inf
1628237327804692161,inf,inf
1628237327936629748,inf,inf
1628237327996650981,inf,inf
1628237328134884050,inf,inf
1628237328206887885,inf,inf
1628237328338676730,inf,inf
1628237328398667036,inf,inf
1628237328536886959,inf,inf
1628237328602633318,inf,inf
1628237328728925040,inf,inf
1628237328806736116,inf,inf
1628237328932679581,inf,inf
1628237329010822785,inf,inf
1628237329136605722,inf,inf
1628237329208589772,inf,inf
1628237329340836903,inf,inf
1628237329412719271,inf,inf
1628237329538855363,inf,inf
1628237329598998608,inf,inf
1628237329742740293,inf,inf
1628237329808851071,inf,inf
1628237329934757380,inf,inf
1628237330013021628,inf,inf
1628237330144895286,inf,inf
1628237330204899354,inf,inf
1628237330330824455,inf,inf
1628237330403194614,inf,inf
1628237330547772258,inf,inf
1628237330607759846,inf,inf
1628237330733822904,inf,inf
1628237330805780381,inf,inf
1628237330937710828,inf,inf
1628237331004109223,inf,inf
1628237331135847182,inf,inf
1628237331207801225,inf,inf
1628237331339691026,inf,inf
1628237331406861909,inf,inf
1628237331527800845,inf,inf
1628237331665922279,inf,inf
1628237331737881608,inf,inf
1628237331870014451,inf,inf
1628237331941726208,inf,inf
1628237332067948647,inf,inf
1628237332140026805,inf,inf
1628237332271881525,inf,inf
1628237332337933233,inf,inf
1628237332469982121,inf,inf
1628237332541983095,inf,inf
1628237332673915706,inf,inf
1628237332740128817,inf,inf
1628237332871925538,inf,inf
1628237332955921905,inf,inf
1628237333075942352,inf,inf
1628237333135803265,inf,inf
1628237333273912435,inf,inf
1628237333339947681,inf,inf
1628237333484064558,inf,inf
1628237333532125967,inf,inf
1628237333664110483,inf,inf
1628237333735989951,inf,inf
1628237333867867022,inf,inf
1628237333934173545,inf,inf
1628237334066143635,inf,inf
1628237334137890388,inf,inf
1628237334276007092,inf,inf
1628237334342234889,inf,inf
1628237334475006869,inf,inf
1628237334547276455,inf,inf
1628237334679163100,inf,inf
1628237334739165550,inf,inf
1628237334877071470,inf,inf
1628237334949073778,inf,inf
1628237335081174771,inf,inf
1628237335134949612,inf,inf
1628237335273200258,inf,inf
1628237335345080369,inf,inf
1628237335478269327,inf,inf
1628237335538223385,inf,inf
1628237335670276442,inf,inf
1628237335742137973,inf,inf
1628237335874005750,inf,inf
1628237336012274492,inf,inf
1628237336072265360,inf,inf
1628237336210204443,inf,inf
1628237336270470377,inf,inf
1628237336414305408,inf,inf
1628237336474301437,inf,inf
1628237336618193514,inf,inf
1628237336672238081,inf,inf
1628237336810370005,inf,inf
1628237336876104645,inf,inf
1628237337014327892,inf,inf
1628237337080192017,inf,inf
1628237337218112850,inf,inf
1628237337278166584,inf,inf
1628237337416361079,inf,inf
1628237337476381217,inf,inf
1628237337608225295,inf,inf
1628237337680272626,inf,inf
1628237337818428002,inf,inf
1628237337878400112,inf,inf
1628237338010189159,inf,inf
1628237338076335653,inf,inf
1628237338220303797,inf,inf
1628237338280232676,inf,inf
1628237338418361132,inf,inf
1628237338472325116,inf,inf
1628237338622184427,inf,inf
1628237338682204958,inf,inf
1628237338820466645,inf,inf
1628237338874362217,inf,inf
1628237339024371804,inf,inf
1628237339084328103,inf,inf
1628237339222483335,inf,inf
1628237339276326277,inf,inf
1628237339414370977,inf,inf
1628237339480460598,inf,inf
1628237339612375417,inf,inf
1628237339672394043,inf,inf
1628237339816427216,inf,inf
1628237339882445123,inf,inf
1628237340014553809,inf,inf
1628237340074423162,inf,inf
1628237340212580174,inf,inf
1628237340290434384,inf,inf
1628237340416470749,inf,inf
1628237340548377959,inf,inf
1628237340614608711,inf,inf
1628237340746583596,inf,inf
1628237340818466274,inf,inf
1628237340944547017,inf,inf
1628237341016481742,inf,inf
1628237341154511291,inf,inf
1628237341220422786,inf,inf
1628237341352528463,inf,inf
1628237341424435650,inf,inf
1628237341550409049,inf,inf
1628237341616648520,inf,inf
1628237341748607020,inf,inf
1628237341820556819,inf,inf
1628237341952487679,inf,inf
1628237342012557517,inf,inf
1628237342150669395,inf,inf
1628237342222464531,inf,inf
1628237342348824739,inf,inf
1628237342420684892,inf,inf
1628237342552694185,inf,inf
1628237342618478590,inf,inf
1628237342750640281,inf,inf
1628237342822625535,inf,inf
1628237342948997694,inf,inf
1628237343026513146,inf,inf
1628237343146542010,inf,inf
1628237343218650704,inf,inf
1628237343356590170,inf,inf
1628237343422776785,inf,inf
1628237343554761415,inf,inf
1628237343626573024,inf,inf
1628237343758666375,inf,inf
1628237343818570844,inf,inf
1628237343956834575,inf,inf
1628237344022578042,inf,inf
1628237344154762689,inf,inf
1628237344226709194,inf,inf
1628237344346707625,inf,inf
1628237344424766126,inf,inf
1628237344556779070,inf,inf
1628237344622667869,inf,inf
1628237344748743843,inf,inf
1628237344880640412,inf,inf
1628237344952654124,inf,inf
1628237345090685379,inf,inf
1628237345150773966,inf,inf
1628237345282922080,inf,inf
1628237345354679176,inf,inf
1628237345480890109,inf,inf
1628237345552840222,inf,inf
1628237345678866601,inf,inf
1628237345751159348,inf,inf
1628237345888883025,inf,inf
1628237345948930379,inf,inf
1628237346080904151,inf,inf
1628237346152868077,inf,inf
1628237346290957950,inf,inf
1628237346356748295,inf,inf
1628237346482931574,inf,inf
1628237346554970525,inf,inf
1628237346692790653,inf,inf
1628237346753004684,inf,inf
1628237346885021308,inf,inf
1628237346963035103,inf,inf
1628237347088804681,inf,inf
1628237347155062789,inf,inf
1628237347292932562,inf,inf
1628237347358932642,inf,inf
1628237347484984545,inf,inf
1628237347544997591,inf,inf
1628237347689081404,inf,inf
1628237347755000389,inf,inf
1628237347887028217,inf,inf
1628237347958987197,inf,inf
1628237348090866534,inf,inf
1628237348157132873,inf,inf
1628237348289097582,inf,inf
1628237348361021249,inf,inf
1628237348487029735,inf,inf
1628237348559118149,inf,inf
1628237348691127289,inf,inf
1628237348757325820,inf,inf
1628237348889072310,inf,inf
1628237348961174540,inf,inf
1628237349093228240,inf,inf
1628237349231105617,inf,inf
1628237349279102285,inf,inf
1628237349423065695,inf,inf
1628237349494960003,inf,inf
1628237349633146387,inf,inf
1628237349681444670,inf,inf
1628237349825129255,inf,inf
1628237349885133653,inf,inf
1628237350023214106,inf,inf
1628237350083258706,inf,inf
1628237350233166829,inf,inf
1628237350287126118,inf,inf
1628237350431052187,inf,inf
1628237350491031399,inf,inf
1628237350623215518,inf,inf
1628237350695223898,inf,inf
1628237350827196656,inf,inf
1628237350887196462,inf,inf
1628237351031083843,inf,inf
1628237351091197422,inf,inf
1628237351229200226,inf,inf
1628237351289229233,inf,inf
1628237351433126495,inf,inf
1628237351631249932,inf,inf
1628237351691259078,inf,inf
1628237351829371072,inf,inf
1628237351889345010,inf,inf
1628237352027365207,inf,inf
1628237352093273447,inf,inf
1628237352231395325,inf,inf
1628237352291402827,inf,inf
1628237352435300997,inf,inf
1628237352489353916,inf,inf
1628237352633324663,inf,inf
1628237352693306355,inf,inf
1628237352831426653,inf,inf
1628237352891405501,inf,inf
1628237353035329957,inf,inf
1628237353101365823,inf,inf
1628237353233449710,inf,inf
1628237353293452855,inf,inf
1628237353431254160,inf,inf
1628237353557391472,inf,inf
1628237353623523891,inf,inf
1628237353761379723,inf,inf
1628237353833450275,inf,inf
1628237353953444313,inf,inf
1628237354025692349,inf,inf
1628237354163512838,inf,inf
1628237354235488967,inf,inf
1628237354361320390,inf,inf
1628237354433448612,inf,inf
1628237354565325963,inf,inf
1628237354637576366,inf,inf
1628237354763386985,inf,inf
1628237354835595617,inf,inf
1628237354961474295,inf,inf
1628237355039583234,inf,inf
1628237355165633767,inf,inf
1628237355237547530,inf,inf
1628237355363417359,inf,inf
1628237355435518509,inf,inf
1628237355561605524,inf,inf
1628237355633637625,inf,inf
1628237355765542722,inf,inf
1628237355831568529,inf,inf
1628237355963539074,inf,inf
1628237356029662237,inf,inf
1628237356161699433,inf,inf
1628237356233593450,inf,inf
1628237356359563529,inf,inf
1628237356437464198,inf,inf
1628237356563735195,inf,inf
1628237356635710438,inf,inf
1628237356761483926,inf,inf
1628237356833667019,inf,inf
1628237356965713502,inf,inf
1628237357037756203,inf,inf
1628237357169642522,inf,inf
1628237357235669541,inf,inf
1628237357367639225,inf,inf
1628237357439653853,inf,inf
1628237357565727994,inf,inf
1628237357637692126,inf,inf
1628237357769780666,inf,inf
1628237357835803803,inf,inf
1628237357967829091,inf,inf
1628237358093565703,inf,inf
1628237358165752525,inf,inf
1628237358237907847,inf,inf
1628237358363721027,inf,inf
1628237358501838659,inf,inf
1628237358567754443,inf,inf
1628237358699827809,inf,inf
1628237358765758786,inf,inf
1628237358891874624,inf,inf
1628237358969810648,inf,inf
1628237359095646638,inf,inf
1628237359161825992,inf,inf
1628237359299898420,inf,inf
1628237359371911034,inf,inf
1628237359509806249,inf,inf
1628237359563944681,inf,inf
1628237359695972121,inf,inf
1628237359767690373,inf,inf
1628237359905846647,inf,inf
1628237359971976554,inf,inf
1628237360092083108,inf,inf
1628237360175982262,inf,inf
1628237360307868480,inf,inf
1628237360367849040,inf,inf
1628237360493997358,inf,inf
1628237360577966642,inf,inf
1628237360704142937,inf,inf
1628237360763846684,inf,inf
1628237360895990472,inf,inf
1628237360973778349,inf,inf
1628237361105817758,inf,inf
1628237361165987257,inf,inf
1628237361303934985,inf,inf
1628237361369945581,inf,inf
1628237361502065299,inf,inf
1628237361573949731,inf,inf
1628237361700005287,inf,inf
1628237361771950150,inf,inf
1628237361910091276,inf,inf
1628237361970117507,inf,inf
1628237362107853256,inf,inf
1628237362174000788,inf,inf
1628237362312094177,inf,inf
1628237362437889174,inf,inf
1628237362498015384,inf,inf
1628237362570068834,inf,inf
1628237362707956081,inf,inf
1628237362846165059,inf,inf
1628237362906050638,inf,inf
1628237363044185232,inf,inf
1628237363109936505,inf,inf
1628237363242116371,inf,inf
1628237363296199902,inf,inf
1628237363446192576,inf,inf
1628237363506195569,inf,inf
1628237363644145321,inf,inf
1628237363704147474,inf,inf
1628237363854052048,inf,inf
1628237363908118506,inf,inf
1628237364046260334,inf,inf
1628237364106120050,inf,inf
1628237364238181508,inf,inf
1628237364310135001,inf,inf
1628237364436301008,inf,inf
1628237364502142628,inf,inf
1628237364646216896,inf,inf
1628237364712182803,inf,inf
1628237364838353778,inf,inf
1628237364898323921,inf,inf
1628237365048144063,inf,inf
1628237365108397377,inf,inf
1628237365240242541,inf,inf
1628237365300268550,inf,inf
1628237365444358621,inf,inf
1628237365504337270,inf,inf
1628237365648241047,inf,inf
1628237365702268981,inf,inf
1628237365840446752,inf,inf
1628237365900384103,inf,inf
1628237366044372954,inf,inf
1628237366110154236,inf,inf
1628237366248398383,inf,inf
1628237366308095771,inf,inf
1628237366446288605,inf,inf
1628237366506287456,inf,inf
1628237366644460734,inf,inf
1628237366716357835,inf,inf
1628237366842202812,inf,inf
1628237366974468881,inf,inf
1628237367046488761,inf,inf
1628237367172328644,inf,inf
1628237367244397923,inf,inf
1628237367382223689,inf,inf
1628237367448459451,inf,inf
1628237367568457484,inf,inf
1628237367640506820,inf,inf
1628237367778443774,inf,inf
1628237367850403337,inf,inf
1628237367970503907,inf,inf
1628237368048435402,inf,inf
1628237368180463041,inf,inf
1628237368258601339,inf,inf
1628237368378546026,inf,inf
1628237368450535783,inf,inf
1628237368582578881,inf,inf
1628237368654443292,inf,inf
1628237368780572845,inf,inf
1628237368852563193,inf,inf
1628237368984593603,inf,inf
1628237369050522094,inf,inf
1628237369176500022,inf,inf
1628237369242588377,inf,inf
1628237369374596903,inf,inf
1628237369452513610,inf,inf
1628237369572564893,inf,inf
1628237369644549874,inf,inf
1628237369776664588,inf,inf
1628237369842710879,inf,inf
1628237369974593098,inf,inf
1628237370046662500,inf,inf
1628237370178561917,inf,inf
1628237370244634445,inf,inf
1628237370376707961,inf,inf
1628237370448660636,inf,inf
1628237370580653833,inf,inf
1628237370658706796,inf,inf
1628237370778687005,inf,inf
1628237370850748277,inf,inf
1628237370988664418,inf,inf
1628237371048650916,inf,inf
1628237371186532609,inf,inf
1628237371312757890,inf,inf
1628237371390680178,inf,inf
1628237371456586948,inf,inf
1628237371582635755,inf,inf
1628237371708776159,inf,inf
1628237371774548939,inf,inf
1628237371924691379,inf,inf
1628237371972725378,inf,inf
1628237372111142915,inf,inf
1628237372182809952,inf,inf
1628237372314849311,inf,inf
1628237372380648529,inf,inf
1628237372506712774,inf,inf
1628237372584882078,inf,inf
1628237372716845999,inf,inf
1628237372782772500,inf,inf
1628237372920649689,inf,inf
1628237372986781001,inf,inf
1628237373118651590,inf,inf
1628237373178855141,inf,inf
1628237373316823458,inf,inf
1628237373388791376,inf,inf
1628237373520790155,inf,inf
1628237373586910620,inf,inf
1628237373706940284,inf,inf
1628237373778937787,inf,inf
1628237373917180923,inf,inf
1628237373976914492,inf,inf
1628237374114616411,inf,inf
1628237374180903347,inf,inf
1628237374318900616,inf,inf
1628237374378876023,inf,inf
1628237374510989832,inf,inf
1628237374714886305,inf,inf
1628237374780963167,inf,inf
1628237374912901793,inf,inf
1628237374984778512,inf,inf
1628237375122969362,inf,inf
1628237375182965281,inf,inf
1628237375315056981,inf,inf
1628237375393081812,inf,inf
1628237375530814514,inf,inf
1628237375590921105,inf,inf
1628237375717054537,inf,inf
1628237375783063636,inf,inf
1628237375927080110,inf,inf
1628237376053100138,inf,inf
1628237376112862653,inf,inf
1628237376185015845,inf,inf
1628237376323101827,inf,inf
1628237376455543005,inf,inf
1628237376521014988,inf,inf
1628237376659001440,inf,inf
1628237376724915736,inf,inf
1628237376862904439,inf,inf
1628237376917181876,inf,inf
1628237377061043516,inf,inf
1628237377121542184,inf,inf
1628237377259118964,inf,inf
1628237377325049514,inf,inf
1628237377457111116,inf,inf
1628237377523065987,inf,inf
1628237377661211959,inf,inf
1628237377721224196,inf,inf
1628237377858988272,inf,inf
1628237377919546298,inf,inf
1628237378051173878,inf,inf
1628237378117118636,inf,inf
1628237378261265314,inf,inf
1628237378321159913,inf,inf
1628237378459033676,inf,inf
1628237378519151436,inf,inf
1628237378663271446,inf,inf
1628237378723247418,inf,inf
1628237378861070539,inf,inf
1628237378915216609,inf,inf
1628237379059158721,inf,inf
1628237379125296314,inf,inf
1628237379257328315,inf,inf
1628237379317298693,inf,inf
1628237379467210522,inf,inf
1628237379521227177,inf,inf
1628237379659307241,inf,inf
1628237379719529833,inf,inf
1628237379863243267,inf,inf
1628237379929661419,inf,inf
1628237380055364116,inf,inf
1628237380121262442,inf,inf
1628237380259331434,inf,inf
1628237380391287454,inf,inf
1628237380457391094,inf,inf
1628237380589613048,inf,inf
1628237380661559087,inf,inf
1628237380793195897,inf,inf
1628237380865196054,inf,inf
1628237380991441899,inf,inf
1628237381069209167,inf,inf
1628237381189362485,inf,inf
1628237381261394809,inf,inf
1628237381393356756,inf,inf
1628237381459625499,inf,inf
1628237381591399491,inf,inf
1628237381663407468,inf,inf
1628237381795379071,inf,inf
1628237381867306967,inf,inf
1628237381993655436,inf,inf
1628237382071273874,inf,inf
1628237382197416722,inf,inf
1628237382263293779,inf,inf
1628237382395508845,inf,inf
1628237382455669455,inf,inf
1628237382594043752,inf,inf
1628237382665473250,inf,inf
1628237382785698385,inf,inf
1628237382863830134,inf,inf
1628237382989739908,inf,inf
1628237383073431765,inf,inf
1628237383187557008,inf,inf
1628237383259490517,inf,inf
1628237383385749474,inf,inf
1628237383469512244,inf,inf
1628237383589537956,inf,inf
1628237383661493907,inf,inf
1628237383799753259,inf,inf
1628237383865403263,inf,inf
1628237383991911598,inf,inf
1628237384063549731,inf,inf
1628237384201790821,inf,inf
1628237384273858931,inf,inf
1628237384393801441,inf,inf
1628237384459595445,inf,inf
1628237384597486642,inf,inf
1628237384663582100,inf,inf
1628237384795838705,inf,inf
1628237384921924351,inf,inf
1628237384993660594,inf,inf
1628237385065617339,inf,inf
1628237385197989871,inf,inf
1628237385323876379,inf,inf
1628237385401616579,inf,inf
1628237385527626340,inf,inf
1628237385593971844,inf,inf
1628237385725875216,inf,inf
1628237385797902874,inf,inf
1628237385935716227,inf,inf
1628237385995886569,inf,inf
1628237386127941071,inf,inf
1628237386199897085,inf,inf
1628237386331621036,inf,inf
1628237386403712931,inf,inf
1628237386529718839,inf,inf
1628237386607586749,inf,inf
1628237386733714333,inf,inf
1628237386788036352,inf,inf
1628237386931742684,inf,inf
1628237386998021244,inf,inf
1628237387130039428,inf,inf
1628237387190118784,inf,inf
1628237387333768554,inf,inf
1628237387393774536,inf,inf
1628237387531675040,inf,inf
1628237387592104989,inf,inf
1628237387724093294,inf,inf
1628237387802179457,inf,inf
1628237387934139151,inf,inf
1628237387994106669,inf,inf
1628237388132122261,inf,inf
1628237388204121065,inf,inf
1628237388335844972,inf,inf
1628237388401843517,inf,inf
1628237388534122646,inf,inf
1628237388605781054,inf,inf
1628237388737875459,inf,inf
1628237388804143437,inf,inf
1628237388924157177,inf,inf
1628237389008156921,inf,inf
1628237389134176881,inf,inf
1628237389271801328,inf,inf
1628237389326406502,inf,inf
1628237389403802412,inf,inf
1628237389536199004,inf,inf
1628237389668192663,inf,inf
1628237389733918357,inf,inf
1628237389872202747,inf,inf
1628237389932191593,inf,inf
1628237390075949184,inf,inf
1628237390135973813,inf,inf
1628237390274338674,inf,inf
1628237390340289898,inf,inf
1628237390472236269,inf,inf
1628237390532260441,inf,inf
1628237390675860199,inf,inf
1628237390742017205,inf,inf
1628237390874262741,inf,inf
1628237390934267583,inf,inf
1628237391072316096,inf,inf
1628237391144026803,inf,inf
1628237391264321304,inf,inf
1628237391329972808,inf,inf
1628237391474308994,inf,inf
1628237391534373157,inf,inf
1628237391672311549,inf,inf
1628237391738415250,inf,inf
1628237391876318017,inf,inf
1628237391936337923,inf,inf
1628237392074350543,inf,inf
1628237392128113715,inf,inf
1628237392278351994,inf,inf
1628237392338368361,inf,inf
1628237392476378026,inf,inf
1628237392536360041,inf,inf
1628237392668373782,inf,inf
1628237392734073623,inf,inf
1628237392878396754,inf,inf
1628237392938401936,inf,inf
1628237393142413388,inf,inf
1628237393274189028,inf,inf
1628237393340564349,inf,inf
1628237393472210419,inf,inf
1628237393592211562,inf,inf
1628237393670440276,inf,inf
1628237393814244989,inf,inf
1628237393874220225,inf,inf
1628237394000447519,inf,inf
1628237394072470464,inf,inf
1628237394210268708,inf,inf
1628237394276277082,inf,inf
1628237394408190966,inf,inf
1628237394480280845,inf,inf
1628237394612195713,inf,inf
1628237394672500452,inf,inf
1628237394804616402,inf,inf
1628237394876571217,inf,inf
1628237395008591699,inf,inf
1628237395080558692,inf,inf
1628237395206536347,inf,inf
1628237395278318766,inf,inf
1628237395416549793,inf,inf
1628237395476529226,inf,inf
1628237395614212508,inf,inf
1628237395674514002,inf,inf
1628237395806747002,inf,inf
1628237395878569317,inf,inf
1628237396004772995,inf,inf
1628237396076606157,inf,inf
1628237396214282013,inf,inf
1628237396280382395,inf,inf
1628237396406299106,inf,inf
1628237396472654492,inf,inf
1628237396598952351,inf,inf
1628237396682659386,inf,inf
1628237396802685031,inf,inf
1628237396880714992,inf,inf
1628237397012733161,inf,inf
1628237397072773179,inf,inf
1628237397204710679,inf,inf
1628237397282741945,inf,inf
1628237397408367802,inf,inf
1628237397480763003,inf,inf
1628237397606874687,inf,inf
1628237397678371216,inf,inf
1628237397816769977,inf,inf
1628237397876747959,inf,inf
1628237398008654095,inf,inf
1628237398134813065,inf,inf
1628237398206810236,inf,inf
1628237398284874768,inf,inf
1628237398404845601,inf,inf
1628237398536829005,inf,inf
1628237398608488089,inf,inf
1628237398746799263,inf,inf
1628237398806925038,inf,inf
1628237398938846333,inf,inf
1628237399010809874,inf,inf
1628237399142438058,inf,inf
1628237399208846263,inf,inf
1628237399340938889,inf,inf
1628237399406873044,inf,inf
1628237399616609857,inf,inf
1628237399736647037,inf,inf
1628237399820928164,inf,inf
1628237399952875490,inf,inf
1628237400018530785,inf,inf
1628237400144912763,inf,inf
1628237400210907000,inf,inf
1628237400354904224,inf,inf
1628237400402940298,inf,inf
1628237400540979047,inf,inf
1628237400618932824,inf,inf
1628237400756933133,inf,inf
1628237400804960021,inf,inf
1628237400943196022,inf,inf
1628237401014938481,inf,inf
1628237401146950250,inf,inf
1628237401212718057,inf,inf
1628237401345095388,inf,inf
1628237401417040179,inf,inf
1628237401548966469,499699.7510920902,9987548.313668298
1628237401614695942,499555.2341599603,9982534.474291483
1628237401752672256,499149.4637073113,9968456.547096886
1628237401812890727,498993.7581790378,9963054.335148895
1628237401945000093,498593.5369221382,9949168.363241693
1628237402010997198,498433.00715140067,9943598.521495901
1628237402149097660,498052.02260075626,9930379.30364167
1628237402221011890,497880.7543939251,9924436.524309417
1628237402353202337,497571.8729106278,9913718.42945585
1628237402479127067,497193.3732853664,9900584.211267829
1628237402539125993,497037.8700891937,9895187.91691388
1628237402617147789,496855.4777522678,9888858.369676685
1628237402749131910,496449.1952925047,9874758.717085958
1628237402946746806,495933.7225359003,9856868.37842643
1628237403091306641,495576.3697787926,9844464.804266369
1628237403151186505,495370.3782411209,9837314.78959334
1628237403283168037,495054.92269387975,9826364.404115485
1628237403343215914,494908.2100823218,9821271.359367827
1628237403493442508,494483.0652769942,9806512.104990285
1628237403547058133,494358.12857741636,9802174.522652697
1628237403685175949,493962.4982320523,9788438.36867053
1628237403745171756,493819.9228579278,9783487.799560359
1628237403955222435,493252.33823403413,9763778.621972168
1628237404092854387,492954.5861835928,9753437.949002083
1628237404147215704,492741.7177309222,9746045.223661374
1628237404285226338,492420.34830453654,9734882.86881338
1628237404345239147,492278.9510420862,9729971.335153427
1628237404483266209,491876.7515723647,9716000.075171258
1628237404549239081,491720.32507640315,9710565.76442669
1628237404687241880,491347.7547473147,9697621.595444446
1628237404759251125,491170.0470541427,9691446.966350073
1628237404885291858,490833.80644810695,9679763.07405755
1628237404945301301,490690.21847680694,9674773.136898113
1628237405089262050,490347.9892132184,9662879.179380799
1628237405155278237,490137.43039113353,9655561.04342784
1628237405287293600,489840.94484305644,9645255.107992124
1628237405341331253,489704.11729716335,9640498.491144532
1628237405491289851,489337.96738965,9627768.858610824
1628237405556968256,489208.65857672016,9623272.741569115
1628237405689303436,488842.27224052476,9610532.769068902
1628237405749362748,488691.223096779,9605279.953854103
1628237405893314828,488373.52632784133,9594230.485661335
1628237405953307838,488233.9410193881,9589375.357224165
1628237406091273450,487907.1976416533,9578009.349210197
1628237406151348901,487762.27942698216,9572967.932376377
1628237406289356564,487432.3575937862,9561489.199043732
1628237406361352143,487289.5911394575,9556521.553015277
1628237406481555299,486951.59191915754,9544759.75884073
1628237406553333969,486790.3200150704,9539146.96384738
1628237406685351530,486424.0361667314,9526398.415466154
1628237406811396602,486100.1730704541,9515124.131907277
1628237406883425559,485883.3344469711,9507575.14355519
1628237407027015288,485535.7548802411,9495472.160590397
1628237407093462797,485367.35659819515,9489607.619908435
1628237407213431519,485024.60127423547,9477670.17984477
1628237407291070775,484864.7296354368,9472101.102526858
1628237407417398833,484498.2757757716,9459334.972731598
1628237407495421713,484300.54478826234,9452445.38894684
1628237407621410502,483998.5271598774,9441920.852874907
1628237407687450978,483788.09171472344,9434587.079963302
1628237407819440654,483466.7696211559,9423386.686022786
1628237407891553118,483246.1066731497,9415694.50945372
1628237408023100090,482928.6480463493,9404625.498273594
1628237408089509283,482759.6596494842,9398732.46142792
1628237408215610603,482370.2008981434,9385150.08743509
1628237408299470271,482170.5950479835,9378187.204423567
1628237408419490298,481831.0657008175,9366341.948580574
1628237408491508309,481669.998930838,9360721.523751788
1628237408629504226,481281.13002611336,9347150.788124558
1628237408689526080,481141.8872895495,9342290.358195785
1628237408821477517,480836.42944660614,9331626.617951155
1628237408887483602,480601.20045458357,9323414.342424987
1628237409025172245,480292.0746696866,9312619.019282613
1628237409091652825,480123.3857755261,9306727.203109512
1628237409223503518,479732.8139731311,9293084.428811774
1628237409289540686,479567.39201523113,9287304.60334902
1628237409421540538,479212.3857771387,9274899.368666261
1628237409493521327,479053.5918211068,9269349.125255404
1628237409619208899,478784.7901718608,9259952.45011712
1628237409691587538,478522.1165525549,9250769.815084564
1628237409823690119,478218.7366588367,9240160.658252953
1628237409901600292,478001.9359840896,9232578.730128104
1628237410015589479,477727.03686590045,9222962.098103784
1628237410099453661,477550.4525979856,9216783.658197306
1628237410225742911,477190.72443850036,9204196.212272888
1628237410291677830,477031.2188208678,9198613.326248772
1628237410424538065,476682.34595170507,9186401.082248699
1628237410502320356,476527.73486734345,9180987.434930462
1628237410622281652,476266.08583101863,9171824.420709107
1628237410694484284,476039.58176198584,9163891.716401862
1628237410814471995,475769.4965164318,9154429.944767516
1628237410898299212,475560.06357323134,9147092.155068198
1628237411024579049,475285.5987892941,9137473.055371355
1628237411090451330,475161.6627043513,9133128.765204944
1628237411216493437,474844.65534427995,9122015.976617677
1628237411348467812,474583.6947165635,9112864.767030759
1628237411426587450,474378.2692211541,9105660.645134596
1628237411498587289,474238.18287444493,9100746.564006174
1628237411624346156,473999.6113551268,9092376.399004823
1628237411750593462,473712.24006067263,9082292.589553643
1628237411822380255,473577.962142111,9077579.568346007
1628237411948637305,473304.71417594067,9067987.763563206
1628237412026504773,473173.3212469162,9063374.371831963
1628237412152504945,472886.1735186298,9053291.428129714
1628237412230514971,472726.4238981215,9047680.565017257
1628237412362421458,472460.9802909067,9038355.865469316
1628237412422640406,472327.6905381585,9033672.939319545
1628237412554547026,472083.1206987454,9025078.16357666
1628237412620767762,471959.39273842936,9020729.178668067
1628237412764453462,471706.20846669184,9011828.416787682
1628237412824527904,471610.4799705063,9008462.255083082
1628237412950710871,471372.3821448984,9000089.437050931
1628237413028474837,471263.20735632826,8996249.24086837
1628237413160788458,471005.14297957276,8987171.512010772
1628237413226486778,470910.54530761455,8983843.055914452
1628237413358476759,470714.4681041486,8976942.909848172
1628237413424649596,470594.2812330493,8972713.088464417
1628237413562668783,470421.8030850583,8966640.720635517
1628237413622678265,470356.4466163758,8964339.232854895
1628237413760625290,470180.92577231734,8958158.992086606
1628237413826734228,470109.6527732255,8955648.529888343
1628237413958649145,469893.2791817013,8948029.590996321
1628237414018662260,469826.1910338654,8945666.301182782
1628237414156669525,469668.31082990055,8940104.22762858
1628237414228605094,469599.8758326356,8937692.850950036
1628237414354837925,469430.32327930414,8931719.540871251
1628237414426707036,469343.5215294063,8928661.015057953
1628237414558704119,469188.3216232988,8923192.09197369
1628237414630558548,469118.12903584214,8920717.955819644
1628237414756797092,469016.44610073115,8917133.272474816
1628237414828823838,468957.71605705156,8915062.950368129
1628237414955003291,468815.3085624479,8910043.516741993
1628237415026779662,468757.5295317597,8908006.612995416
1628237415158831024,468621.89161069895,8903225.223254869
1628237415230894500,468567.68133486493,8901313.989817988
1628237415362741893,468452.8795386757,8897266.803493127
1628237415428777014,468380.88063277426,8894728.537946325
1628237415560776207,468259.4808618132,8890448.660482144
1628237415698884458,468149.1895344927,8886560.03743492
1628237415752877592,468107.4867374093,8885089.755679183
1628237415830830879,468044.01590295666,8882851.988545746
1628237415962799645,467945.11230719305,8879365.052274285
1628237416094806456,467840.81812534714,8875687.980425388
1628237416160918007,467796.42750459403,8874123.00860372
1628237416304803753,467684.2494346867,8870167.91700162
1628237416364850316,467640.12128928123,8868612.100226069
1628237416496753940,467535.3992141244,8864919.939939326
1628237416556715013,467486.8611233182,8863208.567494862
1628237416706848980,467360.1972144192,8858742.663084414
1628237416766853763,467305.72514308424,8856821.89740963
1628237416892947665,467214.52226324944,8853606.545632455
1628237416958745413,467174.05617947923,8852179.913925165
1628237417108860567,467086.4295026057,8849091.081593089
1628237417168865747,467043.60995060735,8847581.673315197
1628237417306894283,466963.68964754255,8844764.809896944
1628237417360897987,466928.9379423072,8843539.708455034
1628237417498752622,466838.5868272304,8840354.916919392
1628237417565017017,466798.3369960648,8838936.382151479
