1628235929424888017,352154.41372474376,4025881.4973942596
1628235929496928680,352154.3615783069,4025881.108629275
1628235929623120212,352154.2546424554,4025880.3335858355
1628235929694824311,352154.20964897145,4025879.932125381
1628235929826869075,352154.0981047445,4025879.129328094
1628235929898912226,352154.0468810347,4025878.7132642213
1628235930030686217,352153.9340462382,4025877.8947416316
1628235930102789880,352153.8811413073,4025877.4650953873
1628235930228865598,352153.78804246604,4025876.654170804
1628235930300719256,352153.7188896596,4025876.1682823016
1628235930438711226,352153.61713162996,4025875.3309547314
1628235930504849754,352153.5591264061,4025874.8742344268
1628235930630864070,352153.432507414,4025873.9757455387
1628235930708721455,352153.3783801823,4025873.5075453217
1628235930829006534,352153.2495977259,4025872.5949329645
1628235930900988943,352153.1895599884,4025872.118349562
1628235931033020341,352153.0731516705,4025871.1941123526
1628235931104799226,352153.01462039637,4025870.708347833
1628235931231016923,352152.9073945594,4025869.8018375565
1628235931308918756,352152.83661355317,4025869.2616546904
1628235931434910843,352152.7288297482,4025868.3456933373
1628235931506902155,352152.67029900145,4025867.8510175385
1628235931626822642,352152.54735694116,4025866.9498413806
1628235931693044894,352152.48814521125,4025866.448341156
1628235931836950844,352152.36677959363,4025865.4034590833
1628235931903151666,352152.3081592091,4025864.8981645308
1628235932034936673,352152.17356838845,4025863.9143000576
1628235932106835210,352152.114591231,4025863.4068753277
1628235932233113895,352152.00614198507,4025862.464435663
1628235932305084187,352151.9127993381,4025861.904862003
1628235932437018624,352151.79928519693,4025860.9606776615
1628235932503436635,352151.7389265088,4025860.451872675
1628235932635112891,352151.595097835,4025859.464930895
1628235932712964785,352151.5342080202,4025858.955402535
1628235932827114837,352151.4111314905,4025858.0463550305
1628235932905050976,352151.3425108572,4025857.4664618447
1628235933043024869,352151.207789873,4025856.483026861
1628235933097150511,352151.15674314054,4025856.0469401428
1628235933241042057,352151.0396594213,4025855.027681247
1628235933301029235,352150.96102160006,4025854.549278915
1628235933439057726,352150.8363721275,4025853.5301490966
1628235933499042037,352150.78287200525,4025853.095141848
1628235933630938113,352150.6428056834,4025852.115887486
1628235933763082032,352150.5289044824,4025851.1731746336
1628235933841088720,352150.4476918109,4025850.558156363
1628235933966962507,352150.3440957478,4025849.684665776
1628235934032972177,352150.25091226486,4025849.139799121
1628235934159226087,352150.13617246604,4025848.2007017136
1628235934237026626,352150.07442982425,4025847.6975356713
1628235934363125317,352149.9472627853,4025846.7284984333
1628235934434988481,352149.8879405445,4025846.2232158734
1628235934561270696,352149.7643689421,4025845.2636999716
1628235934633243296,352149.7012850018,4025844.760617852
1628235934765091710,352149.5870850445,4025843.831704274
1628235934837302650,352149.5256911863,4025843.289957459
1628235934963145585,352149.4206537018,4025842.361497932
1628235935035270560,352149.337837536,4025841.8322627754
1628235935173214247,352149.2184159148,4025840.834284363
1628235935233219022,352149.16794536164,4025840.4078315347
1628235935365183958,352149.0217019147,4025839.459139605
1628235935443311239,352148.95458231337,4025838.8903294047
1628235935575298195,352148.82557844464,4025837.9442120665
1628235935635299605,352148.7721448831,4025837.518481186
1628235935767225781,352148.6597157186,4025836.598570757
1628235935839092322,352148.5796545151,4025836.0725235213
1628235935977353350,352148.4561106514,4025835.0833436125
1628235936031214318,352148.4127323616,4025834.73007417
1628235936169235924,352148.2740216618,4025833.721194203
1628235936235348937,352148.2172589199,4025833.226427239
1628235936367393544,352148.0896897962,4025832.28034647
1628235936433248070,352148.0397041992,4025831.8563878555
1628235936571262692,352147.9006193774,4025830.84794153
1628235936637320622,352147.8462229844,4025830.3532562708
1628235936769298143,352147.7492479695,4025829.4368054066
1628235936841283131,352147.6814797737,4025828.920314235
1628235936967426183,352147.5908883533,4025828.0050972607
1628235937039352226,352147.52099189325,4025827.4863840663
1628235937171315934,352147.4427224867,4025826.5690037217
1628235937243194657,352147.39829977363,4025826.07402624
1628235937369424774,352147.31184664555,4025825.1447003637
1628235937441468794,352147.2760373615,4025824.6528718853
1628235937573352447,352147.17848880566,4025823.7108566817
1628235937639421412,352147.14111324213,4025823.2184445644
1628235937765402642,352147.0780769719,4025822.3729490363
1628235937843478025,352147.01420520537,4025821.7861388256
1628235937975376691,352146.9475499103,4025820.8689265666
1628235938107359166,352146.8844289215,4025819.929925156
1628235938173398489,352146.85784382874,4025819.437695168
1628235938245366539,352146.83495461685,4025818.9465618157
1628235938383536046,352146.78396593424,4025817.934354229
1628235938509400018,352146.7506798552,4025817.0851162453
1628235938563517527,352146.70365320926,4025816.6530503933
1628235938713533404,352146.6724371663,4025815.5915545174
1628235938767315647,352146.66386732657,4025815.2376912455
1628235938911441881,352146.64115212567,4025814.2264051414
1628235938965539339,352146.6300629346,4025813.8017829545
1628235939109441998,352146.5924546701,4025812.786844621
1628235939169382450,352146.5860587247,4025812.362752729
1628235939307594681,352146.5415632792,4025811.356415915
1628235939367599853,352146.53576706466,4025810.9317034306
1628235939517467503,352146.5171179096,4025809.8725566845
1628235939577487913,352146.5137368533,4025809.4194822395
1628235939709451218,352146.49448381324,4025808.512752981
1628235939775424736,352146.4900203607,4025808.097295251
1628235939907533600,352146.48810906336,4025807.093588931
1628235939979500411,352146.49134754186,4025806.608174489
1628235940105898044,352146.471986413,4025805.662017747
1628235940171427466,352146.4586107702,4025805.249153507
1628235940309559731,352146.4584213847,4025804.287349628
1628235940375894734,352146.4704430132,4025803.815030181
1628235940513462328,352146.4972973998,4025802.9332105294
1628235940573569985,352146.46657727996,4025802.5330935614
1628235940711571633,352146.47672470956,4025801.5761793335
1628235940771573403,352146.4838207542,4025801.163942421
1628235940915455109,352146.4906812649,4025800.198600253
1628235940975590117,352146.5126680457,4025799.7943491805
1628235941113577003,352146.52718853764,4025798.82277272
1628235941173579089,352146.54345591937,4025798.417764716
1628235941311756980,352146.5366712718,4025797.4414246962
1628235941371747172,352146.55586549867,4025797.0291034626
1628235941515608429,352146.6039707069,4025796.065682211
1628235941581677794,352146.59628959,4025795.569833783
1628235941713638619,352146.645810029,4025794.6777396076
1628235941773628859,352146.67318190937,4025794.264485396
1628235941917628832,352146.7219741064,4025793.268886396
1628235941977655817,352146.75693911436,4025792.8526339494
1628235942109654702,352146.82338412816,4025791.937484574
1628235942175650238,352146.88389194635,4025791.4542059614
1628235942313785177,352146.9754851124,4025790.4614168764
1628235942385818643,352147.0467890464,4025789.9795410247
1628235942511666830,352147.1838936044,4025789.152909286
1628235942649559834,352147.3363172434,4025788.1465089982
1628235942715838024,352147.43641066813,4025787.6662782663
1628235942835846667,352147.6222843429,4025786.8291708315
1628235942919717900,352147.76574005926,4025786.2898498196
1628235943045782142,352148.0009390554,4025785.385432581
1628235943117719287,352148.13974777854,4025784.918945903
1628235943237959038,352148.38821023284,4025784.1274633603
1628235943309865984,352148.5365140477,4025783.640672789
1628235943447801664,352148.88530219265,4025782.73315808
1628235943513765174,352149.04028483306,4025782.343606181
1628235943639790628,352149.36117934383,4025781.4958944614
1628235943717926281,352149.58829297987,4025780.9805983654
1628235943849937640,352149.96151557117,4025780.1423090724
1628235943921797373,352150.1787482693,4025779.7078713016
1628235944041801902,352150.53784998704,4025778.962170575
1628235944119921600,352150.79151408887,4025778.471995708
1628235944251978616,352151.2188344509,4025777.674410224
1628235944311924463,352151.3834281992,4025777.3133813916
1628235944437743856,352151.7863850828,4025776.57682043
1628235944515821508,352152.05706959346,4025776.087087683
1628235944653960008,352152.5484820026,4025775.2398851947
1628235944719750411,352152.75775891467,4025774.881084895
1628235944845860133,352153.1670437224,4025774.0888121664
1628235944911918169,352153.41474497213,4025773.665878837
1628235945043973644,352153.83528890775,4025772.8806773704
1628235945115771663,352154.08715546154,4025772.4550484554
1628235945242047954,352154.5538908251,4025771.6621009265
1628235945319689599,352154.7901914783,4025771.2595650824
1628235945445910298,352155.26861752826,4025770.4694699706
1628235945517792213,352155.5289933423,4025770.0453439215
1628235945644181294,352156.0517900946,4025769.26956786
1628235945716099425,352156.3141957977,4025768.848153836
1628235945847940076,352156.8159275882,4025768.0342844254
1628235945925935037,352157.1205736286,4025767.555081097
1628235946046065511,352157.58941664884,4025766.8114149836
1628235946118127848,352157.85687461786,4025766.3927835254
1628235946244325330,352158.3521802627,4025765.616316906
1628235946315991955,352158.6233323702,4025765.1915188488
1628235946447980257,352159.11955452873,4025764.423154448
1628235946514373785,352159.3866449165,4025764.010693965
1628235946651991598,352159.88378248963,4025763.221744833
1628235946718047387,352160.15171574487,4025762.8112841896
1628235946850046247,352160.6244810226,4025762.00413485
1628235946981935240,352161.1180664728,4025761.2403932707
1628235947054001868,352161.38633356,4025760.819978093
1628235947120194831,352161.65293160937,4025760.411737581
1628235947252013389,352162.1471521269,4025759.6565913297
1628235947383957972,352162.6483399024,4025758.8814284923
1628235947450146045,352162.9140249751,4025758.4760112613
1628235947582191958,352163.38941859955,4025757.697687343
1628235947642146814,352163.6163024226,4025757.3521980704
1628235947773987441,352164.1078665082,4025756.605886463
1628235947852077081,352164.4171007427,4025756.1138486275
1628235947978346370,352164.90877174796,4025755.3675352493
1628235948044174666,352165.1357562954,4025755.0011089207
1628235948182142735,352165.66765613033,4025754.201618328
1628235948254108283,352165.93289368774,4025753.8030448835
1628235948386045928,352166.42202844564,4025753.037731607
1628235948446002030,352166.64786389505,4025752.6969600883
1628235948584247416,352167.17430738104,4025751.871866477
1628235948656135969,352167.4380422938,4025751.47643156
1628235948794032552,352167.9275698201,4025750.7421790604
1628235948848012792,352168.1337850789,4025750.3782433593
1628235948986312697,352168.6559847044,4025749.5932619283
1628235949046287861,352168.877704659,4025749.22857349
1628235949184196438,352169.39716712816,4025748.4468126763
1628235949244214774,352169.61949838756,4025748.1134863924
1628235949376285771,352170.0978101734,4025747.3648377177
1628235949448294526,352170.35709351447,4025746.9803432617
1628235949586242762,352170.8627993068,4025746.1801401554
1628235949646242944,352171.08231959405,4025745.85375894
1628235949778209083,352171.55853481917,4025745.149458333
1628235949850152352,352171.80688857497,4025744.754835253
1628235949988377484,352172.3160446886,4025744.0057216487
1628235950048257036,352172.5217344597,4025743.64673896
1628235950180280005,352172.990072606,4025742.9547189875
1628235950252107012,352173.2418134672,4025742.5851240214
1628235950390454182,352173.7258198273,4025741.8214246067
1628235950450375043,352173.93864274904,4025741.5076090777
1628235950582280835,352174.3830279317,4025740.8085513487
1628235950660270075,352174.6635656203,4025740.398974897
1628235950786180493,352175.0799452286,4025739.7889582715
1628235950858278345,352175.3007873504,4025739.404082052
1628235950984269584,352175.74433331954,4025738.750632686
1628235951062297190,352176.01392889634,4025738.3275097976
1628235951194188788,352176.4544212494,4025737.684671802
1628235951320431352,352176.8876983959,4025737.0177866044
1628235951386331329,352177.08589080535,4025736.729123437
1628235951458231958,352177.31564985344,4025736.397379704
1628235951596248852,352177.7573673345,4025735.7064854815
1628235951728487357,352178.16496686905,4025735.1148380614
1628235951788218444,352178.35180061165,4025734.8436723975
1628235951926403279,352178.7911122654,4025734.17631817
1628235951986371474,352178.9797132602,4025733.9085709187
1628235952124528946,352179.3914338291,4025733.2668952323
1628235952184501961,352179.5749050091,4025733.004332005
1628235952322684419,352179.983854824,4025732.3737511425
1628235952388378446,352180.15985635214,4025732.1205317844
1628235952526898411,352180.5788463737,4025731.526645512
1628235952592304315,352180.7519837328,4025731.2602607026
1628235952730423653,352181.17767268466,4025730.6556704454
1628235952790349635,352181.3583543078,4025730.395046959
1628235952928399955,352181.7633973183,4025729.7760381335
1628235952988431015,352181.94654616644,4025729.52230018
1628235953120371787,352182.3269799599,4025728.9427742152
1628235953193015514,352182.53469427326,4025728.6478756987
1628235953318584021,352182.9157198472,4025728.0770983524
1628235953390465296,352183.123903039,4025727.778377101
1628235953528603151,352183.5484636234,4025727.1791773993
1628235953588603592,352183.7139729676,4025726.9003188084
1628235953720747326,352184.1120645768,4025726.3398096953
1628235953786368524,352184.2953164505,4025726.078684674
1628235953930500657,352184.7502883023,4025725.4080119035
1628235953990544183,352184.93799264834,4025725.1386626414
1628235954122627982,352185.34504706226,4025724.5194671154
1628235954182647479,352185.5361604378,4025724.2469163677
1628235954326444975,352185.9744603827,4025723.56133003
1628235954386519844,352186.163528763,4025723.288753138
1628235954524426865,352186.6062513396,4025722.651340442
1628235954584473399,352186.7927120972,4025722.3323290553
1628235954734566564,352187.2769520499,4025721.6296016085
1628235954788566320,352187.4411500732,4025721.391934309
1628235954926595891,352187.88950755243,4025720.7073667585
1628235954986435361,352188.0875728075,4025720.419255379
1628235955136574577,352188.572419969,4025719.6796518615
1628235955184726080,352188.73690805153,4025719.44109462
1628235955328643008,352189.1992405943,4025718.7430134546
1628235955388483994,352189.39663025865,4025718.4537539454
1628235955526933067,352189.85827375605,4025717.7761011473
1628235955598629999,352190.0881737906,4025717.4015691043
1628235955724648588,352190.51985022274,4025716.7695331
1628235955856639492,352190.9561944917,4025716.1168483477
1628235955928545687,352191.1873950169,4025715.778305455
1628235956060584055,352191.62315810664,4025715.1174823362
1628235956126714032,352191.8539912279,4025714.780654741
1628235956258668375,352192.28246976784,4025714.157920345
1628235956330553843,352192.4908274655,4025713.8040807894
1628235956450826959,352192.8793457112,4025713.2350682933
1628235956528785557,352193.1376456269,4025712.8580988487
1628235956666713475,352193.56055766216,4025712.2220925554
1628235956732603269,352193.7851664906,4025711.896052486
1628235956858837432,352194.2044531393,4025711.2648688746
1628235956936598202,352194.42555593455,4025710.940811255
1628235957062732659,352194.8540074476,4025710.3155749897
1628235957128926653,352195.0765939276,4025709.995306842
1628235957260805061,352195.4890521694,4025709.4047982367
1628235957332919361,352195.6888583569,4025709.0720094717
1628235957464759851,352196.0800093085,4025708.4989848975
1628235957530881513,352196.290525964,4025708.190305856
1628235957662780380,352196.7098400524,4025707.5803929954
1628235957734662518,352196.9288776214,4025707.2640612177
1628235957861437799,352197.3185026478,4025706.6695475117
1628235957932882802,352197.53972204204,4025706.3505234746
1628235958052831121,352197.90960877825,4025705.787657926
1628235958130694645,352198.1312742155,4025705.4688399257
1628235958268689545,352198.5658862799,4025704.834404437
1628235958334920080,352198.7887791955,4025704.480195109
1628235958460858074,352199.166344074,4025703.933617392
1628235958532873809,352199.4178451273,4025703.548035952
1628235958664825451,352199.83608418156,4025702.945740594
1628235958730845245,352200.0310227556,4025702.660337925
1628235958856957945,352200.45864927757,4025702.0296228053
1628235958928888890,352200.6903984764,4025701.6892092507
1628235959066845602,352201.15809014987,4025700.988534963
1628235959138754067,352201.38766746415,4025700.646022207
1628235959258781132,352201.78100310627,4025700.0561147197
1628235959338021315,352202.05242341314,4025699.618160416
1628235959463927518,352202.4476153316,4025699.0172042935
1628235959530131189,352202.6832978454,4025698.6497457786
1628235959656498247,352203.11326512386,4025697.9925317504
1628235959728094541,352203.34379687224,4025697.6352930833
1628235959866272129,352203.8130747569,4025696.881765182
1628235959938242570,352204.04246128246,4025696.5199988764
1628235960058143741,352204.4387201784,4025695.87422418
1628235960130055877,352204.66619827005,4025695.5079127327
1628235960268188701,352205.08633303235,4025694.8225762695
1628235960328307988,352205.3064797704,4025694.4262990723
1628235960466012604,352205.7217408236,4025693.7325312244
1628235960592221230,352206.1429388835,4025693.01021934
1628235960670115220,352206.3965291012,4025692.5780014624
1628235960736027551,352206.58595548384,4025692.252073453
1628235960862351978,352207.00860608084,4025691.50666521
1628235960994260351,352207.4185987933,4025690.7893663333
1628235961060293079,352207.6454517151,4025690.3756406032
1628235961193014098,352208.05138609966,4025689.649408145
1628235961264924707,352208.26920243644,4025689.2560394737
1628235961397018937,352208.68632498203,4025688.5005020555
1628235961463052172,352208.902880479,4025688.102088911
1628235961595049470,352209.31993509294,4025687.3336130357
1628235961661374394,352209.5339676813,4025686.9313061065
1628235961793193402,352209.941202381,4025686.153354021
1628235961865181016,352210.151575482,4025685.7467149114
1628235961991459116,352210.53921959776,4025684.9893914214
1628235962069000994,352210.76322974963,4025684.553893869
1628235962189043297,352211.11431196687,4025683.849166094
1628235962272973579,352211.3468125399,4025683.378275443
1628235962399116595,352211.72651206434,4025682.5943842055
1628235962470990451,352211.92488248285,4025682.1809001532
1628235962597123521,352212.2960563111,4025681.3748456407
1628235962669049299,352212.48914272094,4025680.958399904
1628235962801129688,352212.8470126623,4025680.161361474
1628235962867182096,352213.0356574968,4025679.743038336
1628235962999279878,352213.382451363,4025678.9648658438
1628235963071147895,352213.5649564792,4025678.5291910963
1628235963197282925,352213.8991884358,4025677.7498595207
1628235963263069932,352214.0521824218,4025677.3892435743
1628235963395075414,352214.38161169697,4025676.573433307
1628235963461191627,352214.554994905,4025676.1504265256
1628235963599318309,352214.90355879103,4025675.2899167757
1628235963659263021,352215.0472078392,4025674.927995335
1628235963791375792,352215.35404232424,4025674.1150118373
1628235963869248343,352215.5376426528,4025673.6325953486
1628235964001370326,352215.8329551135,4025672.8490141057
1628235964061378468,352215.95460540976,4025672.4720867053
1628235964193330062,352216.23830099864,4025671.6908703484
1628235964265261812,352216.3890410458,4025671.2705385685
1628235964403229705,352216.68068357545,4025670.4354749746
1628235964464464574,352216.80627927266,4025670.0787442927
1628235964602339510,352217.07831754035,4025669.202663055
1628235964674312899,352217.2197197771,4025668.785023516
1628235964812356034,352217.4577946743,4025667.9823984937
1628235964932437928,352217.7059109566,4025667.2067022827
1628235965004349794,352217.8389467336,4025666.789663185
1628235965064374352,352217.94746037945,4025666.408290559
1628235965208264260,352218.20727482135,4025665.574135964
1628235965334629210,352218.45270042174,4025664.783806487
1628235965394427353,352218.56109468534,4025664.4276438095
1628235965538389047,352218.82089495653,4025663.580122581
1628235965604586453,352218.9453625644,4025663.165274315
1628235965742281639,352219.17521898635,4025662.3942841114
1628235965796772133,352219.2477814942,4025662.0199027862
1628235965934431901,352219.4819624134,4025661.192014273
1628235966000408229,352219.5804620907,4025660.83721053
1628235966138634995,352219.79789288994,4025659.989831946
1628235966198633209,352219.89511995134,4025659.6364537384
1628235966337675043,352220.09720186365,4025658.7918088404
1628235966403394212,352220.18775351066,4025658.4388801595
1628235966541275832,352220.39905476046,4025657.6069566864
1628235966607269601,352220.4869987716,4025657.2612747285
1628235966745335070,352220.6904001421,4025656.451947245
1628235966799453028,352220.7544247933,4025656.1030109725
1628235966943296630,352220.94904828205,4025655.2835791074
1628235966997615609,352221.03386353224,4025654.9306872142
1628235967147319324,352221.20438917447,4025654.1118493564
1628235967207852315,352221.29389989504,4025653.70949922
1628235967339475530,352221.45093369513,4025652.936088631
1628235967405454194,352221.5258848595,4025652.592611901
1628235967543585635,352221.7059973532,4025651.7847801973
1628235967603572243,352221.78090779827,4025651.439808781
1628235967735454885,352221.93968754227,4025650.6909354585
1628235967801756047,352222.0302087031,4025650.2834105585
1628235967945364572,352222.19573222444,4025649.4736608462
1628235968017470408,352222.2759440939,4025649.0682343673
1628235968143652058,352222.4232073361,4025648.297187702
1628235968197517754,352222.47890840156,4025648.005950394
1628235968347363610,352222.6558806989,4025647.1356408116
1628235968401928748,352222.71961153584,4025646.7864654297
1628235968545639647,352222.8444084539,4025645.9363023583
1628235968605581195,352222.9064657046,4025645.5838290495
1628235968743609663,352223.0494395008,4025644.7607612545
1628235968809428995,352223.0842168461,4025644.407501847
1628235968941546247,352223.2090183458,4025643.6444066665
1628235968995782736,352223.26664161775,4025643.2913986053
1628235969139580507,352223.3704665714,4025642.4757122966
1628235969217462992,352223.43770325626,4025642.065471596
1628235969337572829,352223.5349576459,4025641.3073933045
1628235969469717395,352223.65578668984,4025640.548455288
1628235969541471941,352223.6715555907,4025640.1434867373
1628235969667655440,352223.7824878945,4025639.3884711866
1628235969739622434,352223.8428202119,4025638.982254524
1628235969877711890,352223.95774914336,4025638.152004911
1628235969949750533,352224.0171924222,4025637.7451014966
1628235970075545691,352224.10227590805,4025637.0441468763
1628235970147729825,352224.1695206998,4025636.5806825953
1628235970273530950,352224.2707012242,4025635.886411635
1628235970351790188,352224.33202577167,4025635.415785006
1628235970471800457,352224.43226129055,4025634.723361241
1628235970543660441,352224.4899826385,4025634.3103225497
1628235970675610451,352224.60108259815,4025633.561102593
1628235970747860169,352224.67155609536,4025633.101306471
1628235970873825207,352224.7579910395,4025632.397277022
1628235970951603009,352224.8171096031,4025631.995933438
1628235971078723424,352224.92865310004,4025631.227082832
1628235971150748394,352224.9973029491,4025630.7690573363
1628235971276853906,352225.1035593988,4025630.0820852173
1628235971342735965,352225.1524006452,4025629.6681603286
1628235971480976629,352225.2730594404,4025628.8687888687
1628235971547012946,352225.32277412293,4025628.510117254
1628235971672783745,352225.43477132334,4025627.76652786
1628235971744773206,352225.4966755307,4025627.365686116
1628235971876752959,352225.5996966893,4025626.6137962737
1628235971942982316,352225.6603277484,4025626.2143495507
1628235972075016016,352225.76316276845,4025625.4609369845
1628235972146877324,352225.8234083434,4025625.0625954866
1628235972278793372,352225.93750448606,4025624.3266608655
1628235972345087743,352225.99368033215,4025623.912458344
1628235972470822221,352226.0983747181,4025623.2340884525
1628235972548920276,352226.1469642003,4025622.7865980347
1628235972674855339,352226.2535700954,4025622.0556740165
1628235972747259056,352226.3133520667,4025621.6614603642
1628235972878839228,352226.4061649629,4025620.918930525
1628235972950956028,352226.46657928545,4025620.5228750133
1628235973076906524,352226.56809084443,4025619.7678980976
1628235973148929562,352226.6274368814,4025619.369144698
1628235973268873146,352226.73385053186,4025618.682871857
1628235973347095327,352226.79245846276,4025618.210399471
1628235973479123024,352226.90491601534,4025617.465154297
1628235973539108755,352226.93924869143,4025617.1036931654
1628235973682881614,352227.0564386857,4025616.30444194
1628235973809064630,352227.14708109177,4025615.546018714
1628235973881147486,352227.2052484489,4025615.1403273065
1628235973953002295,352227.2635454496,4025614.7306053094
1628235974079960074,352227.3826759097,4025613.9699873608
1628235974205872107,352227.48445378634,4025613.257914289
1628235974284069840,352227.55509614333,4025612.7614631816
1628235974415846075,352227.6692992601,4025611.9906141567
1628235974481874353,352227.7226326577,4025611.6338645485
1628235974613959397,352227.86400154454,4025610.7832665048
1628235974673966689,352227.91760622745,4025610.4245286025
1628235974812077615,352228.0335255761,4025609.569084854
1628235974872111818,352228.0885388228,4025609.2079425324
1628235975009975601,352228.2080527599,4025608.4219270675
1628235975076121418,352228.25650181575,4025607.990796739
1628235975214141016,352228.38517404336,4025607.1391944657
1628235975274129792,352228.4409342222,4025606.772637723
1628235975406274543,352228.54978346825,4025605.978167494
1628235975478035647,352228.6111690925,4025605.548678209
1628235975609944896,352228.71129029413,4025604.7389757056
1628235975676179263,352228.77390837757,4025604.3079395075
1628235975808183756,352228.8743006678,4025603.4877341855
1628235975880057035,352228.93764610216,4025603.0559531567
1628235976018038660,352229.0561730076,4025602.186976013
1628235976079965832,352229.1051365503,4025601.809731775
1628235976212008507,352229.21883107454,4025601.0005302983
1628235976278249945,352229.27203904826,4025600.5549753746
1628235976422109670,352229.3981820635,4025599.6838847185
1628235976482043557,352229.45084923995,4025599.3104226138
1628235976608151366,352229.55172248126,4025598.516179956
1628235976680118658,352229.6102233042,4025598.080361603
1628235976812102311,352229.7103857292,4025597.25292745
1628235976878251591,352229.77104187536,4025596.8155464507
1628235977016059702,352229.87793362624,4025596.0006625555
1628235977088007302,352229.92845922284,4025595.550362043
1628235977214157319,352230.0360072778,4025594.7350397105
1628235977280189957,352230.0820140414,4025594.27386027
1628235977406168455,352230.17610221234,4025593.517484122
1628235977484058237,352230.23750363546,4025593.011943655
1628235977616068336,352230.329022942,4025592.182306994
1628235977676187731,352230.37612061424,4025591.8039043834
1628235977814190755,352230.4844472079,4025590.904918863
1628235977886192180,352230.5387870978,4025590.463098378
1628235978024323846,352230.6426180358,4025589.575176005
1628235978084309109,352230.69439933216,4025589.1837539007
1628235978216202970,352230.7986034814,4025588.364704368
1628235978282409277,352230.85044430045,4025587.90830836
1628235978414376683,352230.9453200109,4025587.088929586
1628235978552109924,352231.04367719823,4025586.2509059785
1628235978612244013,352231.0894703994,4025585.874295663
1628235978756259324,352231.20662192686,4025584.9362492175
1628235978816289392,352231.2321186755,4025584.5451531825
1628235978948238225,352231.32264143566,4025583.7362552853
1628235979008279682,352231.36207880185,4025583.359600748
1628235979152198611,352231.47342914,4025582.478203133
1628235979218417717,352231.5358083748,4025582.045217903
1628235979356335352,352231.6369348045,4025581.164666
1628235979410195140,352231.6704132372,4025580.855100142
1628235979560222336,352231.7811850045,4025579.9258906436
1628235979620200459,352231.82727091556,4025579.5552568855
1628235979752434180,352231.93754977325,4025578.7501726346
1628235979818364538,352231.9900230494,4025578.2852208135
1628235979962200702,352232.09544903727,4025577.4241576805
1628235980022451029,352232.13688859757,4025577.0548543795
1628235980160480461,352232.2421993919,4025576.162420679
1628235980214244532,352232.2786203285,4025575.8527131076
1628235980352380977,352232.3870607013,4025574.9733488094
1628235980424305018,352232.44490459684,4025574.5379079212
1628235980550466485,352232.5259767291,4025573.719710595
1628235980616276784,352232.56548270193,4025573.3452827204
1628235980754254496,352232.65788900206,4025572.4696403337
1628235980820443909,352232.746798609,4025572.020302915
1628235980952521437,352232.8518347969,4025571.2057254137
1628235981018339141,352232.89999758237,4025570.827579343
1628235981156267519,352232.99148847524,4025569.93403849
1628235981222462809,352233.04240364686,4025569.4895603317
1628235981354424880,352233.13553461566,4025568.6523888437
1628235981414449071,352233.18172393995,4025568.2712551383
1628235981552567205,352233.2772575127,4025567.367818563
1628235981624496111,352233.32725869026,4025566.9211892127
1628235981762474602,352233.41851576243,4025566.088657903
1628235981816460756,352233.4346062501,4025565.7047414067
1628235981960450648,352233.5344971946,4025564.809867157
1628235982020432692,352233.5779486401,4025564.4252095255
1628235982152509762,352233.6978533597,4025563.5313673783
1628235982290375596,352233.77010731713,4025562.687715801
1628235982356657716,352233.81532019464,4025562.239459085
1628235982488637439,352233.91097435914,4025561.408867017
1628235982554564656,352233.9521727965,4025560.9457554254
1628235982686549087,352234.0512480667,4025560.1193775604
1628235982758525351,352234.09656048333,4025559.6733774855
1628235982878755397,352234.12827869586,4025558.8877909034
1628235982956543541,352234.17480555223,4025558.4409766574
1628235983088607917,352234.2548807529,4025557.506553201
1628235983160549682,352234.3035065998,4025557.057109139
1628235983280737638,352234.4117523556,4025556.2656401605
1628235983358717748,352234.4646426748,4025555.7521881224
1628235983478723775,352234.54681133176,4025554.98127511
1628235983562579984,352234.61605238734,4025554.467452762
1628235983682608919,352234.7014351974,4025553.704724825
1628235983766481840,352234.7589506651,4025553.198091016
1628235983892736182,352234.8143867272,4025552.3730370123
1628235983964605352,352234.86164399656,4025551.9359455756
1628235984078673697,352234.9048533696,4025551.1705796635
1628235984162613565,352234.95313643885,4025550.675517002
1628235984294729715,352235.0320125942,4025549.8560143975
1628235984366658899,352235.0791992098,4025549.4282016507
1628235984492708402,352235.15947609255,4025548.634920677
1628235984564664271,352235.18208557274,4025548.205116016
1628235984696598546,352235.26045715006,4025547.4195580697
1628235984768599108,352235.3070461415,4025546.9978591236
1628235984894720583,352235.38064614515,4025546.2465627235
1628235984966565545,352235.4152064157,4025545.894375298
1628235985098584173,352235.4960450443,4025545.064676747
1628235985158581933,352235.52969475347,4025544.708751128
1628235985290696804,352235.5916605949,4025543.935100258
1628235985356837970,352235.6367289241,4025543.516387491
1628235985500573108,352235.72946137894,4025542.679070294
1628235985560874130,352235.73629177455,4025542.3203059593
1628235985686867827,352235.80630136817,4025541.541879221
1628235985764624628,352235.8470405374,4025541.1243083943
1628235985884853201,352235.9189935733,4025540.3699272503
1628235985962762778,352235.9676735264,4025539.9563104645
1628235986088778643,352236.02593500435,4025539.184645394
1628235986160863850,352236.064211703,4025538.763149209
1628235986286838426,352236.1521434835,4025537.9901543236
1628235986358839958,352236.1977507666,4025537.5605374416
1628235986490790985,352236.2840062719,4025536.761264597
1628235986562682768,352236.31242401054,4025536.3284617146
1628235986688902263,352236.3909197522,4025535.527795265
1628235986766688615,352236.43103004876,4025535.0916802073
1628235986892813748,352236.48740967235,4025534.2731715403
1628235987024837338,352236.5653423703,4025533.4506637864
1628235987090939197,352236.5739952715,4025533.021585368
1628235987162980076,352236.62234917877,4025532.5834681755
1628235987294716154,352236.7099782638,4025531.7564615565
1628235987420886017,352236.7740957112,4025530.9308933886
1628235987492951480,352236.8162788358,4025530.4821085352
1628235987630943077,352236.92859584733,4025529.579454097
1628235987690921250,352236.97002206126,4025529.1963569494
1628235987822941641,352237.0523374141,4025528.356592843
1628235987894901356,352237.0909516511,4025527.9092421485
1628235988033019910,352237.1466781586,4025527.0045312047
1628235988092953397,352237.17930540896,4025526.6177082774
1628235988224968500,352237.2547755642,4025525.776046687
1628235988296933377,352237.26304924826,4025525.292500061
1628235988428812747,352237.3251078183,4025524.4463978596
1628235988494841921,352237.3522722224,4025524.0546325915
1628235988627095808,352237.4479795518,4025523.1170130186
1628235988825087618,352237.55053768354,4025521.805705468
1628235988897083205,352237.59034870216,4025521.34441816
1628235989022853110,352237.6624809289,4025520.5521916607
1628235989095030260,352237.67928889825,4025519.9982165266
1628235989227018436,352237.7497741806,4025519.1366811474
1628235989287049570,352237.76058760716,4025518.723343732
1628235989419140834,352237.8295296513,4025517.860339282
1628235989497061239,352237.87388290593,4025517.3285084153
1628235989635008297,352237.8839616464,4025516.46260117
1628235989689074484,352237.91099974106,4025516.066107771
1628235989827174026,352237.99739212746,4025515.1459507477
1628235989905050962,352238.03183536074,4025514.6861893055
1628235990031143882,352238.12342389824,4025513.8287192844
1628235990091097349,352238.1541604576,4025513.438388515
1628235990223065976,352238.2216741764,4025512.596313278
1628235990289177283,352238.28594437975,4025512.149776463
1628235990433181865,352238.36465583974,4025511.2561179716
1628235990493162729,352238.39772892406,4025510.8739567227
1628235990631111370,352238.45064353646,4025509.98150097
1628235990691120785,352238.48359721416,4025509.6035227277
1628235990829124309,352238.5117654394,4025508.7747832458
1628235990895198249,352238.5465282869,4025508.3382405844
1628235991027001811,352238.62898467435,4025507.5456550047
1628235991099131473,352238.6572359577,4025507.110230449
1628235991231220282,352238.741944941,4025506.2577911364
1628235991291296134,352238.73184392275,4025505.902916607
1628235991423297940,352238.80654519296,4025505.099812451
1628235991507159936,352238.8647804676,4025504.605373675
1628235991639132725,352238.95880314463,4025503.803404999
1628235991771081932,352239.0454533128,4025503.015600304
1628235991825271139,352239.10285785707,4025502.5999732404
1628235991969189048,352239.218464406,4025501.73315202
1628235992035327512,352239.26330660953,4025501.2827959815
1628235992167296332,352239.38192278,4025500.4810794475
1628235992227312003,352239.43944034376,4025500.1110138786
1628235992365235873,352239.50186702923,4025499.231427195
1628235992437268189,352239.57346566115,4025498.7905028607
1628235992569229029,352239.6581666435,4025497.9711452555
1628235992629355055,352239.721931102,4025497.588460803
1628235992767102318,352239.86479282944,4025496.7612146162
1628235992833194300,352239.952054852,4025496.3171850876
1628235992971237520,352240.1103582749,4025495.4268390452
1628235993025260320,352240.16825481073,4025495.1076405765
1628235993169378412,352240.3709518867,4025494.162185127
1628235993229396787,352240.4457971241,4025493.7769924137
1628235993361325995,352240.63366548484,4025492.933719979
1628235993433290578,352240.72124427627,4025492.4827574724
1628235993571406640,352240.9020408498,4025491.570146578
1628235993631405907,352240.9775805423,4025491.1818291964
1628235993769187234,352241.1440048752,4025490.337762665
1628235993829358022,352241.23551094375,4025489.878188171
1628235993967203173,352241.393996427,4025489.0284890826
1628235994033478058,352241.5007028915,4025488.5677399216
1628235994165448749,352241.66397648404,4025487.716067096
1628235994231387854,352241.7510034529,4025487.2551041036
1628235994375360827,352241.92729594756,4025486.3284401847
1628235994435340310,352241.99740525766,4025485.9308158415
1628235994567244530,352242.1534900647,4025485.057536752
1628235994627523119,352242.2214863562,4025484.6590328924
1628235994771371288,352242.3745987662,4025483.7246158407
1628235994843321300,352242.45571450726,4025483.2641808856
1628235994975527833,352242.601211696,4025482.326109425
1628235995029275861,352242.650961147,4025481.9908448025
1628235995173410812,352242.78838441696,4025481.038323374
1628235995239423016,352242.8519588184,4025480.5670483788
1628235995365516675,352242.97434866504,4025479.678749019
1628235995425544954,352243.0259496235,4025479.271735479
1628235995575494058,352243.1448118347,4025478.23960377
1628235995695511450,352243.2320645709,4025477.4244447565
1628235995773356087,352243.2807908667,4025476.948601043
1628235995899577573,352243.3764425671,4025476.046566628
1628235995971575082,352243.41965988337,4025475.5675514014
1628235996098122737,352243.4820244218,4025474.6650315737
1628235996169522622,352243.5148390383,4025474.183096105
1628235996307598094,352243.5750128897,4025473.1972688986
1628235996367827997,352243.60087803076,4025472.784300567
1628235996499661220,352243.64757672965,4025471.886976465
1628235996571560580,352243.66858526453,4025471.3981163036
1628235996703507084,352243.70463433303,4025470.4950227356
1628235996775434320,352243.72409215866,4025470.0064941905
1628235996907412791,352243.74392658984,4025469.09162242
1628235996973648550,352243.76074849116,4025468.602421639
1628235997111597135,352243.7653975531,4025467.619341548
1628235997177429717,352243.7757926823,4025467.199785646
1628235997303668298,352243.777369741,4025466.2799607553
1628235997381426055,352243.78952041914,4025465.788398166
1628235997507484609,352243.81241291645,4025464.8716584477
1628235997573618114,352243.8113671667,4025464.3614301626
1628235997705605530,352243.83093088836,4025463.4418632407
1628235997777711710,352243.8441720734,4025462.9457959128
1628235997903653315,352243.86040805385,4025462.020777218
1628235997975629201,352243.8744187155,4025461.5237507164
1628235998101529132,352243.9088939765,4025460.6688566976
1628235998173729953,352243.9249387587,4025460.099605135
1628235998305758090,352243.9471670687,4025459.179702875
1628235998371380123,352243.9624262277,4025458.7545708166
1628235998509652509,352243.9870564962,4025457.760300965
1628235998569659704,352244.0299436215,4025457.3276940463
1628235998713592247,352244.07355615677,4025456.333009052
1628235998773627530,352244.09544352803,4025455.9064364717
1628235998899790313,352244.12959890754,4025454.9817531956
1628235998971684792,352244.14876796014,4025454.4856763785
1628235999109698585,352244.20608328725,4025453.487889104
1628235999175809405,352244.231113586,4025452.9878976196
1628235999301811503,352244.2697034252,4025452.1273181587
1628235999373721912,352244.30133238516,4025451.6317613744
1628235999505594996,352244.33474897256,4025450.7116226284
1628235999577843544,352244.35008806986,4025450.1390108643
1628235999703642254,352244.39963513415,4025449.2798620784
1628235999775617383,352244.43180554884,4025448.7780246115
1628235999901799467,352244.5144385928,4025447.8252013214
1628235999979831466,352244.5442854919,4025447.256431664
1628236000105625386,352244.58482013224,4025446.3805905697
1628236000171858184,352244.6164884055,4025445.879280475
1628236000309787714,352244.6673236551,4025444.8822140507
1628236000375750911,352244.6984667652,4025444.452584487
1628236000507718892,352244.76229084644,4025443.521078245
1628236000633889904,352244.8151250873,4025442.5898051243
1628236000711787554,352244.84320779436,4025442.0849245125
1628236000843864871,352244.8871558411,4025441.079918743
1628236000903878230,352244.91199934436,4025440.6459409427
1628236001035888939,352244.98004369036,4025439.700629657
1628236001113848430,352245.01431767637,4025439.1230258723
1628236001251733372,352245.0703879508,4025438.1797345327
1628236001306048779,352245.1275982027,4025437.749523285
1628236001437855592,352245.19703395694,4025436.80527168
1628236001509813382,352245.23709637736,4025436.29556338
1628236001647995321,352245.3035968779,4025435.2654993567
1628236001701780576,352245.33257271594,4025434.9007270304
1628236001839862012,352245.37773037504,4025433.8731325823
1628236001906345491,352245.4189387985,4025433.3617262603
1628236002043833398,352245.4715511381,4025432.399969443
1628236002110009521,352245.51245952136,4025431.887072855
1628236002235938128,352245.5912381585,4025430.9327894184
1628236002307958321,352245.59388664353,4025430.406979778
1628236002445851488,352245.67053760856,4025429.452747876
1628236002506055178,352245.7069445098,4025429.0114470124
1628236002637968472,352245.73914433375,4025427.9706760556
1628236002703925875,352245.77388307947,4025427.5290831905
1628236002841974921,352245.79895690747,4025426.5124666556
1628236002908061386,352245.83556783234,4025425.9985446827
1628236003033894927,352245.9094358781,4025425.104831693
1628236003112028464,352245.95458733157,4025424.5177039914
1628236003243962279,352246.02797905495,4025423.563375074
1628236003316131026,352246.06782067707,4025423.0335439225
1628236003442119038,352246.14470643335,4025422.0778584327
1628236003519924639,352246.187051093,4025421.562831632
1628236003652038466,352246.2632134568,4025420.5092108864
1628236003700558703,352246.29441090394,4025420.140936911
1628236003844132190,352246.36932247307,4025419.098079835
1628236003909920057,352246.4075433571,4025418.65711428
1628236004047915390,352246.4915501197,4025417.608944623
1628236004102088585,352246.5323708249,4025417.1678737146
1628236004240052862,352246.62220973405,4025416.211646997
1628236004312178805,352246.64963327325,4025415.6058698194
1628236004444127692,352246.74038626684,4025414.6504515116
1628236004510248234,352246.7832849634,4025414.209543554
1628236004636139556,352246.8772692047,4025413.2516745054
1628236004708092973,352246.9301853521,4025412.7409536615
1628236004846196244,352246.9852332447,4025411.702295747
1628236004984245553,352247.0885570516,4025410.6822853987
1628236005044031409,352247.0769128653,4025410.3048844114
1628236005188240881,352247.17895474064,4025409.216382962
1628236005248273071,352247.2196570772,4025408.7813413944
1628236005386277425,352247.32994571887,4025407.7415892445
1628236005440269755,352247.3655586254,4025407.3799082036
1628236005578187665,352247.45529457135,4025406.3567572557
1628236005650254692,352247.50244697917,4025405.8534284835
1628236005782296632,352247.5920884242,4025404.909320824
1628236005842275660,352247.6355831304,4025404.4796486134
1628236005980206481,352247.7398642957,4025403.4781921874
1628236006052153456,352247.800644769,4025402.9696108974
1628236006178340002,352247.89779557753,4025402.0457612807
1628236006244077597,352247.9434104089,4025401.6200660546
1628236006382335119,352248.0476147793,4025400.6123089795
1628236006442238723,352248.0933659677,4025400.1887934688
1628236006580361597,352248.229942276,4025399.1859930824
1628236006640353273,352248.27909328137,4025398.7640981106
1628236006790163328,352248.3571275022,4025397.7634095605
1628236006844393241,352248.4026465401,4025397.343728025
1628236006982303529,352248.5105817026,4025396.3659523632
1628236007048240911,352248.52047440584,4025395.936135779
1628236007186381816,352248.62424268463,4025394.964550014
1628236007246389230,352248.6680942818,4025394.5490931342
1628236007390470645,352248.73136753106,4025393.569988312
1628236007444329823,352248.77235749847,4025393.158074526
1628236007582421025,352248.82523492054,4025392.1943601514
1628236007642381624,352248.86538132536,4025391.7844291585
1628236007780300643,352248.94928648765,4025390.897198107
1628236007846335513,352248.9592507761,4025390.416079518
1628236007984497991,352249.04244146886,4025389.466344485
1628236008050171156,352249.0416297284,4025389.055295852
1628236008188469980,352249.1222710869,4025388.1086255633
1628236008248414614,352249.1557243767,4025387.702592903
1628236008386477774,352249.2262911856,4025386.7583832024
1628236008446438354,352249.2594612488,4025386.354979921
1628236008584366215,352249.327929722,4025385.469385332
1628236008638494955,352249.3600762029,4025385.0659079463
1628236008782267009,352249.43267510063,4025384.124089796
1628236008908851681,352249.5271691005,4025383.2471001744
1628236008980516760,352249.562459923,4025382.776994133
1628236009112509950,352249.6027919386,4025381.8932219604
1628236009190456785,352249.63560736587,4025381.358459917
1628236009310462919,352249.7087271102,4025380.5581907313
1628236009382420399,352249.7367901163,4025380.091946359
1628236009508949445,352249.78690739255,4025379.2249906706
1628236009592569453,352249.77199979185,4025378.7058128365
1628236009718322769,352249.8008923468,4025377.9118213146
1628236009790567324,352249.8039801447,4025377.392062071
1628236009922588945,352249.8283364262,4025376.545443257
1628236009982550308,352249.83771023416,4025376.156789086
1628236010114606665,352249.82730881823,4025375.3120597675
1628236010180518349,352249.8310269634,4025374.8641902343
1628236010318495866,352249.82587529643,4025374.0280080303
1628236010384614292,352249.82693339477,4025373.5856618257
1628236010522371936,352249.8283611246,4025372.7679987215
1628236010588373606,352249.7962610407,4025372.331863562
1628236010714559305,352249.784307804,4025371.5254455567
1628236010786512567,352249.7742470704,4025371.07532368
1628236010918644282,352249.76730124524,4025370.275320658
1628236010984581251,352249.7662534873,4025369.8450497095
1628236011116564360,352249.7266021578,4025369.050960095
1628236011188650045,352249.7211414866,4025368.621847759
1628236011314690272,352249.68438059575,4025367.837093168
1628236011386687391,352249.6755908455,4025367.4131951253
1628236011524490437,352249.6640677898,4025366.62619451
1628236011590576802,352249.6503932845,4025366.2102381233
1628236011716707059,352249.64008685574,4025365.427474036
1628236011788673214,352249.58804522175,4025365.0196333076
1628236011920704951,352249.5726249546,4025364.2380855577
1628236011986632483,352249.5651433541,4025363.8170796903
1628236012118626435,352249.52342332865,4025363.0345611563
1628236012190623827,352249.5182104634,4025362.613272471
1628236012328558048,352249.4922894259,4025361.845438459
1628236012388682656,352249.4898707059,4025361.4269403243
1628236012514628065,352249.48959977354,4025360.7101377225
1628236012580662737,352249.4715073183,4025360.2928070403
1628236012718774094,352249.4793321132,4025359.459241835
1628236012790809451,352249.4602600192,4025359.0645569637
1628236012910688270,352249.4730200304,4025358.35401732
1628236012994680697,352249.4847437838,4025357.8794301427
1628236013120792137,352249.4980658415,4025357.119060255
1628236013198704837,352249.5132725743,4025356.7078148904
1628236013312814737,352249.5386467286,4025355.995198631
1628236013391373113,352249.56471928855,4025355.527202904
1628236013522588522,352249.612840024,4025354.822392999
1628236013594831105,352249.60016908206,4025354.3543099975
1628236013714844921,352249.6222947956,4025353.662379296
1628236013852745118,352249.7006421757,4025352.898429045
1628236013924808976,352249.74313078285,4025352.4356619976
1628236014056733145,352249.83911527076,4025351.7069493425
1628236014122788783,352249.8690916727,4025351.3601046447
1628236014248922497,352249.9257572278,4025350.608288681
1628236014332669337,352249.9954059415,4025350.1660779575
1628236014458763757,352250.0847485155,4025349.4294980653
1628236014518773521,352250.1282184131,4025349.0887482204
1628236014644878103,352250.25422670995,4025348.345386329
1628236014728904541,352250.3101940373,4025347.8865018385
1628236014860814469,352250.4251389785,4025347.1395137827
1628236014920815754,352250.47214492655,4025346.7944998113
1628236015047291508,352250.5879900898,4025346.0613821144
1628236015118910047,352250.6481266875,4025345.658656008
1628236015250961696,352250.76207873604,4025344.9075725838
1628236015317392517,352250.7950195229,4025344.511734095
1628236015448924876,352250.90637979185,4025343.7580931922
1628236015526647545,352250.96716725273,4025343.350579928
1628236015652947102,352251.06166576274,4025342.5888339938
1628236015718995626,352251.1218725792,4025342.1803769427
1628236015856890131,352251.206033261,4025341.427581158
1628236015922887011,352251.2669879926,4025341.019584389
1628236016060927590,352251.386620115,4025340.2123196768
1628236016126915627,352251.4381528447,4025339.862078642
1628236016258799854,352251.5540461851,4025339.102233999
1628236016324945433,352251.6122424741,4025338.706071839
1628236016457015541,352251.7326677423,4025337.9439908015
1628236016528913867,352251.7972297595,4025337.534116731
1628236016655038975,352251.92872476357,4025336.8006483885
1628236016727043009,352251.9978054757,4025336.3922384577
1628236016865057743,352252.101317783,4025335.568021119
1628236016925258285,352252.1548518918,4025335.2179214573
1628236017050834399,352252.2753078842,4025334.5225370377
1628236017134994820,352252.3581972949,4025333.998167419
1628236017260984944,352252.46393896104,4025333.298021234
1628236017320902788,352252.55151528807,4025332.9376136973
1628236017447280103,352252.6637963859,4025332.1788911587
1628236017524915560,352252.7226643759,4025331.7693125266
1628236017657087453,352252.8561702875,4025330.945674976
1628236017717052293,352252.90396123764,4025330.5947805657
1628236017849026497,352253.03802978643,4025329.816681571
1628236017927108636,352253.1006845416,4025329.3521975214
1628236018059078428,352253.20131326653,4025328.5969161564
1628236018197325940,352253.3019535388,4025327.796208531
1628236018251111475,352253.3384429837,4025327.511418051
1628236018329318472,352253.4004141474,4025327.041292198
1628236018467086283,352253.4982233879,4025326.3081386853
1628236018599226821,352253.59367390134,4025325.482258242
1628236018659124874,352253.64080768626,4025325.1460694694
1628236018791351236,352253.73694965814,4025324.3880569404
1628236018863450976,352253.79764154134,4025323.9995351876
1628236018989122817,352253.914301313,4025323.2823875146
1628236019054984368,352253.9638799083,4025322.9199878746
1628236019199209869,352254.09788327967,4025322.097318462
1628236019265056887,352254.1521508376,4025321.772780426
1628236019391864136,352254.269295355,4025321.0639254
1628236019451156634,352254.3274877707,4025320.749429557
1628236019595135145,352254.47087981773,4025320.022358031
1628236019661628866,352254.54014530627,4025319.667740626
1628236019793405349,352254.646452106,4025319.0096768416
1628236019853423908,352254.7052896584,4025318.7142285076
1628236019997176492,352254.846856614,4025318.040319967
1628236020063419071,352254.93395462364,4025317.698384026
1628236020201052883,352255.073717376,4025317.100351143
1628236020255521140,352255.13963880285,4025316.828845526
1628236020405222189,352255.3144280701,4025316.152470977
1628236020453252713,352255.37169270706,4025315.935724905
1628236020597198628,352255.5393508155,4025315.3319979766
1628236020657497623,352255.6101063973,4025315.0822532373
1628236020795543956,352255.7607149583,4025314.4996912475
1628236020867250979,352255.84506679705,4025314.2231259416
1628236020999237908,352256.00481062673,4025313.7230891795
1628236021059231813,352256.04744637385,4025313.478843959
1628236021197481559,352256.2131887325,4025312.966825821
1628236021263270757,352256.2829473441,4025312.7530330447
1628236021395250125,352256.4168173841,4025312.2989549297
1628236021461279663,352256.4962779123,4025312.065755179
1628236021599550675,352256.66393118654,4025311.5919893337
1628236021665219062,352256.7330927219,4025311.4053830313
1628236021797312574,352256.89126536914,4025310.996232835
1628236021857329317,352256.9568737558,4025310.824076341
1628236022001593039,352257.10546005203,4025310.436635265
1628236022061532812,352257.1596157496,4025310.2809858606
1628236022199350233,352257.2997936561,4025309.9248317415
1628236022331417833,352257.43698481255,4025309.5984530794
1628236022403343411,352257.5018558457,4025309.437196462
1628236022523339969,352257.6080415462,4025309.173961618
1628236022601402696,352257.67569249414,4025309.0003359704
1628236022733405072,352257.78055934206,4025308.7479040986
1628236022805364134,352257.85056261753,4025308.6151553867
1628236022931610231,352257.9394768365,4025308.396771235
1628236023003646508,352257.98266850295,4025308.2885353444
1628236023135601193,352258.07316752884,4025308.0959882005
1628236023195635874,352258.1033841217,4025308.017446236
1628236023333650210,352258.18416108494,4025307.8471522154
1628236023399260150,352258.2076895599,4025307.783998515
1628236023537630261,352258.27060860035,4025307.6487688944
1628236023603460621,352258.2918550167,4025307.5927266404
1628236023729339705,352258.3200126175,4025307.5097641437
1628236023795487962,352258.35633749666,4025307.47626184
1628236023939474936,352258.3781112806,4025307.41266502
1628236024005431474,352258.38527329237,4025307.3915084046
1628236024125636750,352258.39673968626,4025307.3802807033
1628236024197766762,352258.3998567102,4025307.3688901323
1628236024329470001,352258.3954722363,4025307.3636623584
1628236024407697209,352258.39744600374,4025307.3514443994
1628236024527369899,352258.40180141496,4025307.331243533
1628236024599520789,352258.3950446431,4025307.3533469285
1628236024731510564,352258.3984485159,4025307.335062027
1628236024797784554,352258.3965838592,4025307.362186176
1628236024929809939,352258.39883536985,4025307.3492539376
1628236025001867680,352258.40005165705,4025307.341832589
1628236025133526463,352258.4026002652,4025307.3508072235
1628236025200027247,352258.4037235944,4025307.344646326
1628236025331813724,352258.40228282457,4025307.352773417
1628236025403809832,352258.40299891913,4025307.3477867735
1628236025541853743,352258.39417925774,4025307.353155682
1628236025601844907,352258.3938919407,4025307.3497273023
1628236025739504640,352258.3935420915,4025307.341287405
1628236025805842547,352258.39945745765,4025307.3588946583
1628236025931875879,352258.3994467157,4025307.3533405624
1628236026009565211,352258.39963861194,4025307.3498277194
1628236026135615317,352258.39661463466,4025307.3541441546
1628236026201869336,352258.39629685,4025307.3511664355
1628236026339614531,352258.39813440037,4025307.354232694
1628236026405938684,352258.3980860389,4025307.351395343
1628236026531640445,352258.3979695535,4025307.345904085
1628236026610025882,352258.4016593832,4025307.3560342095
1628236026735916298,352258.4023454899,4025307.3510785983
1628236026807890755,352258.40779824764,4025307.3598969188
1628236026933537020,352258.4086543595,4025307.356410901
1628236027065927480,352258.4095316612,4025307.360882097
1628236027137930631,352258.41003332415,4025307.3589814287
1628236027263605141,352258.41119292425,4025307.3549485463
1628236027335953816,352258.40678867395,4025307.3713888996
1628236027461704870,352258.406755653,4025307.3694515685
1628236027539706219,352258.408853741,4025307.370346607
1628236027665990586,352258.4094412123,4025307.368108779
1628236027737994222,352258.4098798197,4025307.3665372543
1628236027869967129,352258.4066753032,4025307.3727946603
1628236027941711184,352258.40666282276,4025307.3720624396
1628236028073736675,352258.4055090359,4025307.3706172425
1628236028128086660,352258.4052646178,4025307.369705867
1628236028265642375,352258.4048277019,4025307.367348168
1628236028332002862,352258.40315985866,4025307.365286112
1628236028470016192,352258.40324479935,4025307.364002908
1628236028530019797,352258.4032295889,4025307.3631105158
1628236028661959893,352258.4018366692,4025307.3606165196
1628236028872092417,352258.40068422677,4025307.357012149
1628236028932036499,352258.4006744764,4025307.356440102
1628236029064023332,352258.3992166853,4025307.3528256775
1628236029136046346,352258.3990168626,4025307.351844877
1628236029267793240,352258.39864794014,4025307.349447871
1628236029334062056,352258.39754888625,4025307.347185383
1628236029466202185,352258.39752756566,4025307.3459345074
1628236029537821106,352258.3964681671,4025307.343312756
1628236029664142413,352258.3964526966,4025307.3424051087
1628236029736096924,352258.3965767254,4025307.3416247866
1628236029867863394,352258.39519230055,4025307.3387339115
1628236029946108556,352258.3951791702,4025307.3379635564
1628236030083858234,352258.3941159588,4025307.334670474
1628236030138139207,352258.3941012683,4025307.3338085897
1628236030263815686,352258.39421056176,4025307.331716243
1628236030336143295,352258.39276928117,4025307.329070484
1628236030480137077,352258.39289933484,4025307.327748362
1628236030533834997,352258.39288789453,4025307.3270771615
1628236030666204714,352258.39154286485,4025307.32381177
1628236030738152045,352258.39144401357,4025307.322936063
1628236030876170114,352258.38996390474,4025307.319802676
1628236030942178525,352258.38995480444,4025307.3192687645
1628236031068194146,352258.388864418,4025307.315724373
1628236031140178904,352258.3888553177,4025307.315190462
1628236031277854113,352258.3889971165,4025307.3136621444
1628236031410310623,352258.3878441539,4025307.3100272645
1628236031470246403,352258.3880020281,4025307.30899459
1628236031535946471,352258.38798252755,4025307.307850497
1628236031673976111,352258.3868190328,4025307.3049405986
1628236031817875044,352258.3857502289,4025307.3013195433
1628236031878303386,352258.3857435987,4025307.300930551
1628236032016172001,352258.3859031226,4025307.2995468923
1628236032070240401,352258.384822659,4025307.2970323125
1628236032214239342,352258.3848013384,4025307.2957814382
1628236032267908895,352258.38497490267,4025307.2952215243
1628236032406234426,352258.3840125327,4025307.2920259074
1628236032484264188,352258.3841883495,4025307.290703007
1628236032604407701,352258.3833572438,4025307.288046846
1628236032676037635,352258.3833480135,4025307.2875053096
1628236032814335150,352258.38287421945,4025307.2847743924
1628236032874348048,352258.3828681093,4025307.2844159105
1628236033018000207,352258.38304496603,4025307.283154028
1628236033066417257,352258.382387685,4025307.281296003
1628236033216342451,352258.38236961444,4025307.2802358083
1628236033269980894,352258.3825659269,4025307.279667881
1628236033414399780,352258.38204545964,4025307.2768843533
1628236033468385375,352258.38203245925,4025307.2761216243
1628236033612355597,352258.38154796016,4025307.273657923
1628236033684087856,352258.3815388599,4025307.273124013
1628236033810408143,352258.3810432658,4025307.2709046453
1628236033870419242,352258.38103780564,4025307.2705842988
1628236034014314273,352258.3812293953,4025307.269291647
1628236034080386106,352258.38055651175,4025307.267861141
1628236034218017029,352258.38053948124,4025307.2668619654
1628236034272441765,352258.38074897096,4025307.2661717404
1628236034410460639,352258.3799598159,4025307.264186261
1628236034482557575,352258.38017082075,4025307.263137422
1628236034608434544,352258.37953681237,4025307.2613018895
1628236034674112998,352258.37952901213,4025307.2608442507
1628236034812500126,352258.37906019855,4025307.258853311
1628236034884479413,352258.37905109825,4025307.258319402
1628236035016103623,352258.379257293,4025307.256988353
1628236035076454156,352258.3786502378,4025307.2558390154
1628236035214486643,352258.3786342473,4025307.254900859
1628236035280319227,352258.3788588621,4025307.254202746
1628236035412502612,352258.3777789612,4025307.2521688174
1628236035544504051,352258.3775483703,4025307.2498304895
1628236035622508632,352258.3775438202,4025307.249563534
1628236035742578954,352258.37776917004,4025307.2484610444
1628236035814557360,352258.3770753562,4025307.2471453366
1628236035946541009,352258.3770611858,4025307.246313963
1628236036012173173,352258.3772960259,4025307.2457682644
1628236036144554113,352258.3764392652,4025307.2438449734
1628236036216680148,352258.3764293849,4025307.2432652996
1628236036348556626,352258.37492946885,4025307.241208011
1628236036414597324,352258.3750066968,4025307.24036745
1628236036546542471,352258.3749237504,4025307.238186825
1628236036618590076,352258.37491920026,4025307.23791987
1628236036750568414,352258.3751598053,4025307.2368171196
1628236036816220699,352258.37466343143,4025307.2358947815
1628236036936808136,352258.3746491311,4025307.23505578
1628236037008898105,352258.37489623623,4025307.2343343943
1628236037146992105,352258.374329744,4025307.2328791874
1628236037218638128,352258.3743206437,4025307.232345276
1628236037344280662,352258.37359423726,4025307.23090805
1628236037416611067,352258.37358058686,4025307.230107186
1628236037548651637,352258.3735241655,4025307.228139736
1628236037626283836,352258.3735163653,4025307.227682099
1628236037740674414,352258.3737713154,4025307.226525698
1628236037818642855,352258.37336906546,4025307.2257543444
1628236037944668053,352258.37335671514,4025307.2250297517
1628236038010915648,352258.3736123579,4025307.2243616283
1628236038142702113,352258.37316599465,4025307.22324007
1628236038214667732,352258.3731566343,4025307.222690905
1628236038352677430,352258.37242221035,4025307.2212309283
1628236038424658348,352258.37240856,4025307.2204300645
1628236038550363256,352258.37253328576,4025307.2187952236
1628236038616675044,352258.3725287356,4025307.2185282684
1628236038754746001,352258.37279932864,4025307.2173944903
1628236038820412977,352258.3723717709,4025307.216928748
1628236038952737245,352258.37243452156,4025307.2161342115
1628236039018599506,352258.37293696706,4025307.2156220987
1628236039156782169,352258.37262390327,4025307.2147118947
1628236039216808029,352258.3726161031,4025307.2142542577
1628236039342422378,352258.37289501855,4025307.2136086263
1628236039420705053,352258.37318827456,4025307.2129093423
1628236039546853151,352258.37352218304,4025307.211461674
1628236039618816805,352258.373516463,4025307.2111260733
1628236039750979085,352258.37379416346,4025307.209961657
1628236039816882324,352258.3735100947,4025307.2094095442
1628236039948884263,352258.3734956643,4025307.2085629157
1628236040020821544,352258.3738648036,4025307.2078394503
1628236040146833664,352258.37362493796,4025307.2071950315
1628236040278868160,352258.37420113955,4025307.206086562
1628236040350839940,352258.37391581124,4025307.205908316
1628236040422856435,352258.374171844,4025307.2052630736
1628236040548875950,352258.3745091327,4025307.204013717
1628236040680898891,352258.37449899234,4025307.2034187876
1628236040752946186,352258.3749163671,4025307.202839461
1628236040884506091,352258.3747985333,4025307.2021929626
1628236040950925297,352258.374789433,4025307.2016590512
1628236041082889913,352258.37510865135,4025307.200692293
1628236041160908659,352258.37510202115,4025307.2003033003
1628236041292974160,352258.3751697142,4025307.1997986003
1628236041352961036,352258.3751619139,4025307.199340963
1628236041484926601,352258.37583154684,4025307.1978952023
1628236041550923529,352258.3757565332,4025307.197522635
1628236041683059488,352258.3757431428,4025307.196737025
1628236041743037669,352258.37606253155,4025307.196228034
1628236041886954465,352258.3759306172,4025307.19565044
1628236041952954123,352258.37597490754,4025307.19511562
1628236042084989448,352258.3763332119,4025307.1946517425
1628236042144975371,352258.37642084016,4025307.194421364
1628236042282983897,352258.3772217397,4025307.19351506
1628236042348988433,352258.3775753664,4025307.1941193934
1628236042486994456,352258.37825379916,4025307.19274215
1628236042546997331,352258.378061297,4025307.192638617
1628236042685136653,352258.37804946664,4025307.1919445335
1628236042745047239,352258.3783828128,4025307.1913590105
1628236042888988773,352258.3786064279,4025307.1910500186
1628236042955156813,352258.37882926536,4025307.1906952634
1628236043081041593,352258.3792092824,4025307.1901623504
1628236043164723259,352258.37939991953,4025307.1897089607
1628236043291057191,352258.3798990254,4025307.1894486793
1628236043357034806,352258.380050097,4025307.188912038
1628236043477058977,352258.38082109595,4025307.1875942517
1628236043561125984,352258.3807450826,4025307.1876108074
1628236043693043683,352258.3808568487,4025307.1870061704
1628236043753047195,352258.38142018026,4025307.1864853925
1628236043879090269,352258.38154906186,4025307.186437419
1628236043951088687,352258.38180925476,4025307.1860362506
1628236044089225348,352258.38229128555,4025307.185669448
1628236044149462687,352258.3825009479,4025307.1854369887
1628236044281137759,352258.38332408003,4025307.18449216
1628236044358807800,352258.3834605019,4025307.184886569
1628236044485132579,352258.3842785662,4025307.1836442747
1628236044551160546,352258.3842868415,4025307.1836822815
1628236044689013701,352258.384436873,4025307.1830846225
1628236044755131094,352258.38504466764,4025307.1824867907
1628236044887137587,352258.3852587501,4025307.1825136608
1628236045018791276,352258.38608006225,4025307.181462049
1628236045085220529,352258.386061732,4025307.1817293935
1628236045228857042,352258.3867762629,4025307.180679602
1628236045283228838,352258.3861995859,4025307.18086491
1628236045427198126,352258.3867133393,4025307.1796735805
1628236045487302173,352258.38728026825,4025307.178916226
1628236045625165018,352258.3873333966,4025307.1789000616
1628236045697192011,352258.3873646442,4025307.1784951664
1628236045817160610,352258.38816250884,4025307.1783060874
1628236045883184960,352258.3883874264,4025307.178073369
1628236046020915288,352258.3892568416,4025307.1771582677
1628236046099200577,352258.38925168646,4025307.1773033175
1628236046219224914,352258.38957931014,4025307.176382193
1628236046291208805,352258.3897769676,4025307.1763406764
1628236046429251869,352258.3902908509,4025307.1751569733
1628236046489308291,352258.39086540515,4025307.174399489
1628236046627331923,352258.3911472234,4025307.174371798
1628236046681318029,352258.391332573,4025307.1740558282
1628236046831351047,352258.3921503327,4025307.173690933
1628236046891390138,352258.39237524796,4025307.1734582144
1628236047023510815,352258.39321311517,4025307.1724826153
1628236047089313399,352258.39343109773,4025307.1727383025
1628236047221353943,352258.39425526996,4025307.1718544923
1628236047293364448,352258.39417384146,4025307.1720008403
1628236047431477439,352258.39469006495,4025307.170954429
1628236047485386331,352258.39523632126,4025307.17032713
1628236047623374831,352258.3955528949,4025307.1701004775
1628236047695380319,352258.3958121778,4025307.1696459176
1628236047821399223,352258.39664532023,4025307.169288388
1628236047887132095,352258.39664025017,4025307.1689909236
1628236048025552014,352258.39715465356,4025307.167837732
1628236048097469377,352258.3974094717,4025307.1680164956
1628236048223982981,352258.3982667542,4025307.1672847103
1628236048283454575,352258.3985101746,4025307.1672424143
1628236048427392360,352258.3988504533,4025307.166168483
1628236048493685526,352258.3994840757,4025307.1652955506
1628236048625444065,352258.4002064517,4025307.165153537
1628236048685438440,352258.40042967687,4025307.1648216625
1628236048829433933,352258.40147261176,4025307.164239302
1628236048955458706,352258.4019150343,4025307.1633391106
1628236049033447426,352258.4030108844,4025307.1618326786
1628236049159464565,352258.4059640484,4025307.1564950976
1628236049225524859,352258.4093925725,4025307.149951581
1628236049357606672,352258.418414493,4025307.131830326
1628236049429500559,352258.4251431774,4025307.118821778
1628236049561493083,352258.44135730795,4025307.087134748
1628236049627621044,352258.4525658181,4025307.063910234
1628236049747548032,352258.4778574723,4025307.0128879095
1628236049831709151,352258.4940048689,4025306.978180734
1628236049969550977,352258.53513202746,4025306.894295264
1628236050023512207,352258.55234394013,4025306.86027186
1628236050161546048,352258.5922737601,4025306.776414426
1628236050227421940,352258.61523317656,4025306.7295594146
1628236050359548478,352258.6627965204,4025306.608790036
1628236050431511549,352258.69183865184,4025306.5450464413
1628236050551538763,352258.73955804267,4025306.435222739
1628236050629579313,352258.7755963829,4025306.3549183197
1628236050767134551,352258.83361902647,4025306.227844175
1628236050833582767,352258.8690220148,4025306.1411494305
1628236050953676775,352258.9332949568,4025306.0016471073
1628236051025568453,352258.9732853702,4025305.915972821
1628236051163614387,352259.0338645611,4025305.7414911445
1628236051235590917,352259.077331475,4025305.6467166427
1628236051355585078,352259.1160469125,4025305.479077444
1628236051433636476,352259.1661486151,4025305.361308976
1628236051565639622,352259.26535819727,4025305.16415012
1628236051637608869,352259.3151594015,4025305.052475118
1628236051835628837,352259.4612239942,4025304.720291793
1628236051967631178,352259.56367509905,4025304.491293181
1628236052033674661,352259.6216174222,4025304.363533759
1628236052165674677,352259.72330864274,4025304.1235234695
1628236052231583616,352259.775984502,4025304.0072751786
1628236052369693980,352259.8993124384,4025303.7300913795
1628236052429647243,352259.9549694643,4025303.6079099304
1628236052561547986,352260.0916508981,4025303.3227851074
1628236052627670403,352260.16165384115,4025303.172107092
1628236052765644061,352260.2964547911,4025302.884977248
1628236052831697196,352260.3639487899,4025302.719594166
1628236052951664876,352260.49283089774,4025302.4419571273
1628236053029659461,352260.57063850365,4025302.2769399546
1628236053161689079,352260.7237163803,4025301.943515584
1628236053239734183,352260.81596616097,4025301.7480394254
1628236053359710988,352260.9652488149,4025301.463653528
1628236053491784331,352261.12247176014,4025301.1366283367
1628236053563706350,352261.2002823629,4025300.9485089835
1628236053629727892,352261.2866939079,4025300.767254549
1628236053767647294,352261.45067751216,4025300.4259614055
1628236053893805128,352261.66098819394,4025300.0932400613
1628236053965726879,352261.75414924556,4025299.905568623
1628236054103811188,352261.9081590307,4025299.5028219875
1628236054163841667,352261.9862696597,4025299.3358846605
1628236054301867485,352262.1653341685,4025298.983698966
1628236054373904211,352262.2726370229,4025298.757791575
1628236054505849127,352262.45024919964,4025298.387090947
1628236054571774276,352262.5165444219,4025298.2194089517
1628236054691793374,352262.69294763217,4025297.8417860884
1628236054763785707,352262.7895572557,4025297.6362104793
1628236054908627452,352262.9500051596,4025297.2007151213
1628236054956751678,352263.0182158492,4025297.050517823
1628236055094697647,352263.211253816,4025296.6399190277
1628236055166774931,352263.3079293501,4025296.4270179803
1628236055304769277,352263.4814147169,4025295.976674668
1628236055365795909,352263.5643757492,4025295.788582002
1628236055498084918,352263.7467757526,4025295.375593394
1628236055569905923,352263.8225332347,4025295.1551904893
1628236055695841679,352264.00621677714,4025294.7320098844
1628236055761921257,352264.09358451806,4025294.5338856163
1628236055900669937,352264.3125563937,4025294.079944145
1628236055966795490,352264.4172606276,4025293.842568156
1628236056099825296,352264.6281298796,4025293.41233996
1628236056160062464,352264.7204633772,4025293.2047544047
1628236056292704484,352264.9245223715,4025292.747832215
1628236056370738592,352265.05078657786,4025292.4660894303
1628236056502625618,352265.25879838225,4025292.002942872
1628236056562622607,352265.3433573995,4025291.7881883965
1628236056700878564,352265.56522438925,4025291.2780444785
1628236056772643721,352265.67803833645,4025291.019602565
1628236056906200643,352265.9057378139,4025290.534734979
1628236056971903293,352266.0230907727,4025290.269547525
1628236057091922312,352266.21523430204,4025289.8230138426
1628236057175928110,352266.3509334834,4025289.5138042863
1628236057302187773,352266.57501942146,4025289.007162672
1628236057362199290,352266.6783559602,4025288.7687647888
1628236057500031924,352266.92631612584,4025288.208950643
1628236057565949904,352267.01305817347,4025287.9723157156
1628236057704919832,352267.26182156976,4025287.3987471587
1628236057770702312,352267.37041909416,4025287.148960327
1628236057896847632,352267.5828979769,4025286.6045521633
1628236057968863855,352267.71145970747,4025286.310326552
1628236058101210363,352267.9442088519,4025285.730034703
1628236058238877267,352268.19123489445,4025285.1767292325
1628236058298863060,352268.3145159163,4025284.92585673
1628236058436891088,352268.5791762931,4025284.3221210768
1628236058496900439,352268.6952115102,4025284.0628689923
1628236058640777988,352268.9318104723,4025283.435834267
1628236058695025942,352269.0480237668,4025283.173599833
1628236058844956014,352269.3622523017,4025282.518355696
1628236058898914828,352269.4588094586,4025282.2975945515
1628236059049052891,352269.7419141251,4025281.6273777327
1628236059097063047,352269.8400346113,4025281.4043354318
1628236059240931385,352270.1172466632,4025280.7769328286
1628236059306968199,352270.2679733615,4025280.4559199833
1628236059438951087,352270.52806926763,4025279.8668192914
1628236059498935692,352270.64733094466,4025279.5918450677
1628236059642970255,352270.939571403,4025278.953596621
1628236059702961119,352271.05933012295,4025278.6836112575
1628236059840971563,352271.35131076165,4025278.0422010114
1628236059900990745,352271.47584547393,4025277.765496592
1628236060039113485,352271.73577559553,4025277.0981658516
1628236060104881004,352271.85623308027,4025276.8127722577
1628236060242994284,352272.15548868664,4025276.1416012584
1628236060303022991,352272.26694170653,4025275.8458095314
1628236060441109376,352272.5721554498,4025275.190722996
1628236060501188542,352272.6989927724,4025274.911240365
1628236060644975125,352273.0073353227,4025274.219036402
1628236060705049260,352273.13563561323,4025273.930487887
1628236060843055000,352273.4261911657,4025273.2784092706
1628236060903059333,352273.5639325577,4025272.9900622605
1628236061047052439,352273.88419854763,4025272.3353715776
1628236061107055109,352274.01760079927,4025272.041769322
1628236061233113343,352274.3002521999,4025271.403558554
1628236061305090011,352274.4707082878,4025271.053404378
1628236061437139877,352274.7604837512,4025270.4173191055
1628236061503234357,352274.9206591331,4025270.0749963545
1628236061647097195,352275.26996362885,4025269.3755711773
1628236061707121282,352275.40588720416,4025269.0794883543
1628236061840227290,352275.70861573477,4025268.4209080385
1628236061900379645,352275.84482175193,4025268.1221462693
1628236062044443204,352276.2030656037,4025267.3961592712
1628236062116453909,352276.3660667205,4025267.045937638
1628236062236262949,352276.65126477834,4025266.4447705788
1628236062368243480,352276.94311345497,4025265.7803446143
1628236062446326955,352277.10692950716,4025265.4264545795
1628236062566439985,352277.3926138171,4025264.7606955264
1628236062638460360,352277.5554836609,4025264.4045556667
1628236062771081409,352277.86305819574,4025263.7420018152
1628236062849207983,352278.053018895,4025263.3289228925
1628236062969311727,352278.3389394352,4025262.7141745207
1628236063041319084,352278.51035223564,4025262.3498514122
1628236063173222029,352278.8218904992,4025261.679467037
1628236063239267679,352278.9912616335,4025261.3180054654
1628236063371234855,352279.30433539615,4025260.6539999116
1628236063443116156,352279.47421142267,4025260.292167346
1628236063581391095,352279.831623178,4025259.5602932973
1628236063641300224,352279.97862128424,4025259.2474238523
1628236063773237460,352280.3004012926,4025258.568247483
1628236063845198479,352280.4871568733,4025258.2106248764
1628236063971382176,352280.81380040303,4025257.5303089637
1628236064043382205,352281.0018833892,4025257.1610363885
1628236064163392375,352281.3031429122,4025256.527902859
1628236064247186101,352281.5061187082,4025256.104908951
1628236064373449954,352281.8172815471,4025255.3907530257
1628236064451184404,352281.99416980153,4025255.0173109933
1628236064577300865,352282.30663459405,4025254.3220197354
1628236064649329870,352282.48158331215,4025253.9500451162
1628236064781212275,352282.80719724804,4025253.262121157
1628236064847259516,352282.98895053833,4025252.8856131085
1628236064979351682,352283.306764372,4025252.201102783
1628236065045418610,352283.470606961,4025251.831501396
1628236065177363097,352283.78527091583,4025251.157571576
1628236065249230127,352283.9531961429,4025250.796748944
1628236065375251649,352284.23434456374,4025250.1665103287
1628236065447489093,352284.41680934466,4025249.755411384
1628236065579368603,352284.71947335394,4025249.0849019364
1628236065645645212,352284.876334753,4025248.7275924226
1628236065778432534,352285.16433914687,4025248.0640429575
1628236065838421926,352285.3167309178,4025247.7838103687
1628236065976994125,352285.62323798344,4025247.082271138
1628236066048674903,352285.8144815925,4025246.7406246676
1628236066168667041,352286.0744219348,4025246.1465203646
1628236066246478684,352286.2217229432,4025245.7996869786
1628236066378704382,352286.55891589395,4025245.117844959
1628236066450657544,352286.70519842324,4025244.775042058
1628236066570736899,352286.9632321092,4025244.219699538
1628236066702581035,352287.2261160256,4025243.5923720454
1628236066768765802,352287.36486571666,4025243.25501338
1628236066852507766,352287.54388131667,4025242.8711686563
1628236066972727748,352287.7722574021,4025242.29422317
1628236067110696672,352288.03031227924,4025241.65460104
1628236067182503977,352288.1542521985,4025241.3216604698
1628236067302521477,352288.36013955594,4025240.76301802
1628236067374548493,352288.4749545186,4025240.4296225933
1628236067500753868,352288.67953283427,4025239.8134111683
1628236067584665719,352288.78054249135,4025239.513384016
1628236067710554531,352288.9496947505,4025238.961503604
1628236067782649968,352289.0461307541,4025238.638654445
1628236067902781939,352289.2275478875,4025238.0341923274
1628236067980553342,352289.3135296133,4025237.7063065562
1628236068112620165,352289.4941958496,4025237.062701687
1628236068184556304,352289.5669245261,4025236.7414934565
1628236068305716310,352289.6661344175,4025236.1903347564
1628236068384869856,352289.7468808812,4025235.8337082267
1628236068522585063,352289.87153318664,4025235.2540041264
1628236068576890222,352289.9059035419,4025234.996084892
1628236068708735866,352289.98619586695,4025234.406852146
1628236068780757712,352290.0202611232,4025234.08491229
1628236068918634599,352290.12233200774,4025233.4744217154
1628236068978600070,352290.16069758777,4025233.210974541
1628236069110619613,352290.1897026161,4025232.646031653
1628236069182645074,352290.21939327026,4025232.342500992
1628236069314535458,352290.27639062866,4025231.7932117744
1628236069380766984,352290.286927009,4025231.4927894194
1628236069506947731,352290.3068706145,4025230.937613161
1628236069578689697,352290.3056573279,4025230.679038566
1628236069716573176,352290.33275044814,4025230.1366619933
1628236069776567636,352290.3410112541,4025229.8864919776
1628236069908726068,352290.3273261845,4025229.3363653813
1628236069980698669,352290.3221818883,4025229.050596133
1628236070112717404,352290.3337392927,4025228.542125153
1628236070178950753,352290.32852609514,4025228.2632818054
1628236070316505371,352290.3116067762,4025227.7532652044
1628236070382729825,352290.30177245435,4025227.475455246
1628236070521018913,352290.27336468676,4025226.918967137
1628236070580918216,352290.2484184595,4025226.687398173
1628236070718628699,352290.20374543744,4025226.1634194907
1628236070784838624,352290.17931449285,4025225.8745584963
1628236070922785933,352290.1196413632,4025225.313388402
1628236070976853178,352290.09663290984,4025225.106213934
1628236071114979085,352290.00826972234,4025224.531204052
1628236071174999721,352289.97132413427,4025224.2809391427
1628236071318906432,352289.87021231384,4025223.703482854
1628236071444787828,352289.7732670361,4025223.147791201
1628236071516986351,352289.7180276916,4025222.8454711563
1628236071655039293,352289.5893765386,4025222.241786265
1628236071720715110,352289.53390399483,4025221.979285345
1628236071858841258,352289.39925291995,4025221.3588518845
1628236071918841133,352289.3370303194,4025221.0919946693
1628236072057051278,352289.1753241278,4025220.470390413
1628236072117047029,352289.1018798913,4025220.198688905
1628236072248965217,352288.9344880706,4025219.6031815074
1628236072314866737,352288.84901278256,4025219.326819304
1628236072459056216,352288.6369687508,4025218.6314392122
1628236072524771329,352288.547974071,4025218.348905111
1628236072656832136,352288.3271141808,4025217.7368065366
1628236072716937512,352288.2073646529,4025217.406796229
1628236072848907809,352287.98208320525,4025216.8005053843
1628236072926846734,352287.84690291283,4025216.46758106
1628236073047077456,352287.60344318463,4025215.8746669465
1628236073119104592,352287.4600951744,4025215.5428440804
1628236073257014262,352287.1787332799,4025214.922246088
1628236073322921935,352287.0304847884,4025214.598122886
1628236073449100057,352286.7246413451,4025213.978514302
1628236073509168964,352286.5768763307,4025213.6908237496
1628236073659001015,352286.1945755167,4025212.9967762027
1628236073718971600,352286.0641162102,4025212.7553187907
1628236073851326185,352285.70701204217,4025212.08815026
1628236073911176979,352285.5415899862,4025211.795176296
1628236074055052004,352285.15210132644,4025211.1290708235
1628236074121197487,352284.936626957,4025210.790943917
1628236074252999457,352284.5285925333,4025210.1538137738
1628236074312985189,352284.335670262,4025209.877654666
1628236074451377999,352283.8484946854,4025209.2080573426
1628236074516897801,352283.6266306543,4025208.9241124876
1628236074655018365,352283.1161309788,4025208.2692561294
1628236074721002759,352282.8838144971,4025207.986208493
1628236074853236818,352282.3131262502,4025207.369005193
1628236074925229225,352282.01774851675,4025207.047710725
1628236075057132525,352281.47774345044,4025206.462589267
1628236075117120719,352281.20676446625,4025206.195221114
1628236075260994494,352280.5521968578,4025205.579571317
1628236075327267954,352280.2283103667,4025205.279487322
1628236075459141046,352279.5866296721,4025204.7227571076
1628236075585217631,352278.9377337425,4025204.190117975
1628236075657109302,352278.5698906828,4025203.90620998
1628236075789121212,352277.91104131844,4025203.413156454
1628236075861143068,352277.52556913067,4025203.144184224
1628236075987139184,352276.84561257856,4025202.696571294
1628236076059105963,352276.49519167043,4025202.4737896854
1628236076185180020,352275.79088491714,4025202.0577106373
1628236076257355342,352275.3112183433,4025201.7900690944
1628236076389278103,352274.6070393722,4025201.460735394
1628236076461168553,352274.17216717196,4025201.2576505
1628236076587266377,352273.3193400504,4025200.9340126137
1628236076659342689,352272.8658249997,4025200.7450262853
1628236076791301777,352271.97794292215,4025200.444384252
1628236076863216894,352271.50533716124,4025200.2714210437
1628236076989266208,352270.61182239855,4025199.967975931
1628236077061185962,352270.00140044163,4025199.8247667137
1628236077193216664,352269.0819658063,4025199.510891456
1628236077259420709,352268.58005864505,4025199.34307033
1628236077391246171,352267.5633888743,4025199.1041451967
1628236077451266898,352267.1175855226,4025198.966551662
1628236077583228115,352266.03484835103,4025198.628949266
1628236077661369022,352265.41794425424,4025198.4407108906
1628236077782011937,352264.4769640733,4025198.15462374
1628236077853396960,352263.90022670216,4025197.986374942
1628236077985358709,352262.8446032024,4025197.6728644692
1628236078063392793,352262.15443654906,4025197.468292777
1628236078183421404,352261.1462202233,4025197.16045197
1628236078255474392,352260.54947789456,4025196.974733271
1628236078387298401,352259.40087649866,4025196.635906269
1628236078471155552,352258.70247499505,4025196.4110491145
1628236078585281709,352257.5956570734,4025196.1212698054
1628236078663420646,352256.88472215796,4025195.8871295885
1628236078789219621,352255.81138514105,4025195.52902033
1628236078867330444,352255.01818733336,4025195.34404687
1628236078987370834,352253.92751475296,4025194.979605182
1628236079059332611,352253.21943299123,4025194.8179751034
1628236079197439710,352251.93125899625,4025194.3906720835
1628236079257488282,352251.3783200857,4025194.2064561783
1628236079395399971,352250.12527821,4025193.843512186
1628236079461367714,352249.47354470275,4025193.629768047
1628236079599516909,352248.0440263499,4025193.320673481
1628236079665342715,352247.4778074865,4025193.1411226396
1628236079785328371,352246.3425705023,4025192.7825189196
1628236079917444788,352244.8188455943,4025192.5864042277
1628236079995426185,352244.1479838327,4025192.3887281013
1628236080061422896,352243.275538506,4025192.3895649984
1628236080193427493,352242.0180741225,4025192.0456129764
1628236080319440284,352240.5463357561,4025191.864669162
1628236080391441674,352239.8647055238,4025191.6950131594
1628236080529453628,352238.6032658858,4025191.3864196516
1628236080589755367,352237.8681988538,4025191.0896821544
1628236080721591294,352236.61322985054,4025190.7869639723
1628236080793451879,352235.8142297729,4025190.57452002
1628236080925454940,352234.5619066289,4025190.281564752
1628236080991579167,352233.88963386446,4025190.127804075
1628236081129385453,352232.56806337344,4025189.8817512365
1628236081189869346,352231.8989488424,4025189.7373707546
1628236081321518835,352230.5858790806,4025189.4887242294
1628236081393510589,352229.91891435586,4025189.3523029685
1628236081531430640,352228.68627762713,4025189.10694338
1628236081597531707,352227.97852502496,4025188.9499160163
1628236081729532537,352226.75745057967,4025188.7159602507
1628236081795522580,352226.0824604191,4025188.580938776
1628236081927549530,352224.872239657,4025188.3539661597
1628236081999459879,352224.2235257978,4025188.235518298
1628236082137549742,352222.89135191665,4025188.002579679
1628236082185617311,352222.431684902,4025187.9209639747
1628236082323516813,352221.22425786674,4025187.711087725
1628236082395660937,352220.49476871535,4025187.5867462917
1628236082533518406,352219.3169001183,4025187.3903970406
1628236082587659020,352218.77417184634,4025187.2847074186
1628236082725616503,352217.5211678194,4025187.080770052
1628236082797581529,352216.86589646945,4025186.979570391
1628236082929716499,352215.712835746,4025186.799144893
1628236082989725889,352215.1837504194,4025186.7181522986
1628236083127647062,352213.91564107477,4025186.525482349
1628236083193528405,352213.3901326762,4025186.4484419976
1628236083331662954,352212.16264584387,4025186.237150389
1628236083391652046,352211.64326872036,4025186.161733691
1628236083523790537,352210.5237794807,4025186.002892582
1628236083601662153,352209.8144745983,4025185.891792235
1628236083721685724,352208.79023056885,4025185.7516372055
1628236083793797104,352208.17334241606,4025185.6875345604
1628236083931790669,352206.9860132066,4025185.5377623476
1628236084003602851,352206.39503048616,4025185.465344496
1628236084129735000,352205.29001752485,4025185.343836359
1628236084201691817,352204.70255283173,4025185.2763902983
1628236084321834244,352203.6890048657,4025185.143374003
1628236084405724125,352203.0210119268,4025185.0684127044
1628236084531807094,352201.9395834363,4025184.9510309766
1628236084663765007,352200.85569519224,4025184.8173641847
1628236084723745129,352200.36024223355,4025184.765107773
1628236084801844085,352199.68022933416,4025184.692186572
1628236084934045969,352198.60736481927,4025184.5857639792
1628236085065749335,352197.5242113748,4025184.481775286
1628236085125772827,352197.03072438674,4025184.435642553
1628236085264369688,352195.8799037677,4025184.3329528132
1628236085335908649,352195.2970945225,4025184.2709708386
1628236085467781843,352194.226227781,4025184.1797012454
1628236085527801889,352193.7304908685,4025184.1385395364
1628236085665920339,352192.58185170894,4025184.038506251
1628236085725895261,352192.0855066244,4025184.0001588482
1628236085869804190,352190.9133769622,4025183.9158387454
1628236085929811180,352190.41437226173,4025183.880806032
1628236086073853170,352189.2389081528,4025183.8094445053
1628236086139843315,352188.65505221294,4025183.7710979525
1628236086271717946,352187.56994969747,4025183.7022661525
1628236086331828993,352187.06151390995,4025183.668073477
1628236086469846687,352185.8934522223,4025183.59771534
1628236086541874232,352185.2837578537,4025183.5805656835
1628236086667989957,352184.19675522624,4025183.5255875546
1628236086728171886,352183.6950727084,4025183.5008587576
1628236086871897000,352182.5080903415,4025183.4502255507
1628236086931873230,352182.0073137437,4025183.4276176644
1628236087070037033,352180.81547613407,4025183.3848724677
1628236087129994829,352180.32032053615,4025183.365281663
1628236087268220172,352179.17300232936,4025183.322151353
1628236087333927686,352178.6474722653,4025183.313672187
1628236087471911460,352177.5088719921,4025183.275310644
1628236087525945597,352177.10467826616,4025183.2621302223
1628236087670070361,352175.8687202434,4025183.2181200925
1628236087735928829,352175.3887889214,4025183.203648744
1628236087873964284,352174.2471405445,4025183.1699821632
1628236087933945959,352173.77155717,4025183.157248764
1628236088077881445,352172.6483786091,4025183.122164952
1628236088137990404,352172.1790660862,4025183.11028983
1628236088275996043,352171.09480061394,4025183.082507806
1628236088335974316,352170.6097126842,4025183.082410912
1628236088474134404,352169.5411967647,4025183.0610210462
1628236088534143033,352169.08751154057,4025183.052843111
1628236088666143687,352168.0899544469,4025183.0263255304
1628236088731939581,352167.64311852446,4025183.0171343917
1628236088876030358,352166.5148584507,4025182.97398972
1628236088996051143,352165.6384901912,4025182.9582804013
1628236089068160366,352165.10026689374,4025182.967837245
1628236089206116202,352164.0947989675,4025182.9534600647
1628236089277961503,352163.6688016766,4025182.948434217
1628236089398100657,352162.73232080264,4025182.9376795944
1628236089469954254,352162.2443691114,4025182.9334014463
1628236089602094913,352161.3315506334,4025182.9197027907
1628236089668256389,352160.8529169556,4025182.916009679
1628236089800093732,352159.9682074484,4025182.901518952
1628236089872108662,352159.5002049202,4025182.898460957
1628236089998239356,352158.64127040387,4025182.8921635523
1628236090070247072,352158.17657810287,4025182.8863635827
1628236090202046720,352157.3367986935,4025182.88214672
1628236090274121848,352156.8898541026,4025182.8817967703
1628236090400139745,352156.05269360053,4025182.8656180743
1628236090472283700,352155.61582667334,4025182.862975308
1628236090604177156,352154.80232943036,4025182.8671644703
1628236090670183359,352154.3753713784,4025182.8675418957
1628236090814048858,352153.5250748077,4025182.857744502
1628236090874061104,352153.16838857555,4025182.8574460545
1628236091000279842,352152.4048478008,4025182.8561637173
1628236091072334464,352151.97455265647,4025182.852340913
1628236091204207284,352151.22898614267,4025182.8527930025
1628236091276074457,352150.8331768366,4025182.8543559597
1628236091402339660,352150.0981964589,4025182.8286491153
1628236091474322906,352149.71323636465,4025182.827528414
1628236091612122171,352148.9812159642,4025182.831327885
1628236091672254957,352148.60533501545,4025182.831101431
1628236091804370913,352147.90074110567,4025182.8307748446
1628236091882177191,352147.5349292945,4025182.8331233137
1628236092008237549,352146.8663533921,4025182.8367601703
1628236092074284271,352146.4951532829,4025182.8273710385
1628236092194285881,352145.89852018945,4025182.8298914833
1628236092278219515,352145.5087540208,4025182.832381591
1628236092410155250,352144.8706034317,4025182.8305747937
1628236092482278633,352144.5446559796,4025182.832476124
1628236092608294958,352143.92767149536,4025182.8209317
1628236092680209116,352143.6162552492,4025182.8231001976
1628236092806430119,352143.0325557842,4025182.8190028877
1628236092878419606,352142.7377656057,4025182.8225892037
1628236093010187099,352142.20810580964,4025182.82786239
1628236093076199793,352141.9541915199,4025182.8339444487
1628236093208426528,352141.42045053333,4025182.842384877
1628236093274224481,352141.200551738,4025182.846852945
1628236093406333571,352140.7206319835,4025182.85185763
1628236093538383160,352140.2379758562,4025182.8512021457
1628236093610356480,352140.0135172539,4025182.858509905
1628236093676723608,352139.79626580514,4025182.8661029125
1628236093802509857,352139.4351093173,4025182.8524266453
1628236093934394455,352139.06726006896,4025182.862359622
1628236094000588750,352138.8775637229,4025182.8679986903
1628236094144264519,352138.5149281801,4025182.857964077
1628236094204389430,352138.3675347633,4025182.86209191
1628236094342530568,352138.0232814649,4025182.87323608
1628236094402479280,352137.88916938554,4025182.8786060517
1628236094540621702,352137.5813178746,4025182.8795351996
1628236094606319232,352137.4604739578,4025182.884480487
1628236094732574094,352137.21245368756,4025182.8961652033
1628236094804501006,352137.0795215806,4025182.8919896195
1628236094936454430,352136.8576117732,4025182.902012051
1628236095002615233,352136.74553358887,4025182.907368591
1628236095140483836,352136.5421799402,4025182.9102994995
1628236095218481813,352136.4300112362,4025182.916611275
1628236095344514708,352136.2605530602,4025182.9180484638
1628236095410467831,352136.1884231578,4025182.922509948
1628236095536482480,352136.0430076769,4025182.9325627275
1628236095608525106,352135.96329748083,4025182.9255986298
1628236095746579862,352135.82440998196,4025182.93458637
1628236095806563913,352135.7725410855,4025182.941551868
1628236095938541638,352135.6507708991,4025182.949446526
1628236096010683035,352135.5845534903,4025182.953437128
1628236096148665922,352135.47367375385,4025182.9574876707
1628236096208654529,352135.416200612,4025182.960631015
1628236096334802899,352135.30457736633,4025182.964926941
1628236096412477719,352135.2374667648,4025182.9675442143
1628236096538694512,352135.1196475973,4025182.975375295
1628236096604549393,352135.0610131159,4025182.977527544
1628236096742586634,352134.92230545206,4025182.981850603
1628236096808650351,352134.8584036314,4025182.989196842
1628236096940597208,352134.7270059382,4025182.9935706886
1628236097006785112,352134.6555071665,4025182.9956715317
1628236097132719192,352134.53459553514,4025183.0038033333
1628236097216629770,352134.45133458526,4025183.006055227
1628236097342650786,352134.3044627578,4025183.0121350163
1628236097420547473,352134.22917166224,4025183.0137626734
1628236097540766571,352134.0861181454,4025183.011999051
1628236097618511588,352134.0037845409,4025183.012259089
1628236097750646910,352133.834799681,4025183.011029365
1628236097876635123,352133.65648561646,4025183.021082608
1628236097936561907,352133.5633953675,4025183.0205076
1628236098020793566,352133.43363603204,4025183.0198447467
1628236098152709489,352133.2089116714,4025183.0393033917
1628236098278694762,352132.9869201227,4025183.0382721606
1628236098344723321,352132.8609606334,4025183.0465740184
1628236098488724701,352132.57429122226,4025183.0440711365
1628236098548716993,352132.4535303474,4025183.04941181
1628236098686726975,352132.13908657583,4025183.045849197
1628236098746734687,352131.99781654926,4025183.04397889
1628236098884868636,352131.64647629193,4025183.068145704
1628236098950625813,352131.49151207984,4025183.068561343
1628236099088728426,352131.1010718477,4025183.0923651806
1628236099148747963,352130.931080765,4025183.092976133
1628236099280692391,352130.5476803212,4025183.0938362363
1628236099346913511,352130.3299685848,4025183.115593885
1628236099484674228,352129.91618992295,4025183.1192915966
1628236099539035089,352129.70086354506,4025183.1458113454
1628236099676826535,352129.2196114914,4025183.1541162687
1628236099754698886,352128.97013806156,4025183.1584368316
1628236099880904319,352128.4973223049,4025183.184515781
1628236099946691511,352128.2723157072,4025183.1901127393
1628236100078927195,352127.713874539,4025183.2220622585
1628236100150813130,352127.4358206373,4025183.2317380444
1628236100282720756,352126.90683218115,4025183.2513213004
1628236100342726316,352126.6415207711,4025183.2709040935
1628236100480881733,352126.04467066843,4025183.2964859805
1628236100552869551,352125.7159088473,4025183.328408551
1628236100679204960,352125.13149562443,4025183.360293937
1628236100744746624,352124.8556050641,4025183.376028878
1628236100882983276,352124.1759619517,4025183.4491818054
1628236100948787842,352123.88686012686,4025183.469571083
1628236101080920221,352123.17082204315,4025183.548864914
1628236101146755967,352122.86974331795,4025183.5747076464
1628236101290760101,352122.1595013327,4025183.637762459
1628236101345026198,352121.82265095104,4025183.6821333766
1628236101482955713,352121.0947130155,4025183.7526123086
1628236101542955274,352120.75039240136,4025183.8054268733
1628236101686793089,352120.0060486578,4025183.8829264482
1628236101746818391,352119.68538075173,4025183.91702291
1628236101884996534,352118.88787533756,4025184.0169409104
1628236101951627002,352118.56110942224,4025184.0531556355
1628236102088948075,352117.7867448013,4025184.135653709
1628236102155060637,352117.4034829126,4025184.178623102
1628236102280889561,352116.7464975766,4025184.2543388763
1628236102418876400,352115.94247749564,4025184.350732833
1628236102490870987,352115.5586989239,4025184.3974038037
1628236102610881223,352114.8636839816,4025184.5006129467
1628236102689098845,352114.4246547327,4025184.5554784173
1628236102821024865,352113.68334889086,4025184.672405602
1628236102887053891,352113.3000778533,4025184.7228865842
1628236103013092811,352112.64610318234,4025184.8113917736
1628236103090907732,352112.175098812,4025184.8855028017
1628236103211129379,352111.5211991989,4025184.973934314
1628236103295060058,352111.0629855907,4025185.0384199987
1628236103421060425,352110.3554579691,4025185.1353502735
1628236103493010895,352109.97501429106,4025185.189666587
1628236103619207121,352109.2438028777,4025185.2927574846
1628236103691205359,352108.86180109245,4025185.346974547
1628236103811124008,352108.18376925646,4025185.4501615134
1628236103883085661,352107.80087867763,4025185.5041572694
1628236104026959762,352107.0353018335,4025185.6142854244
1628236104081239242,352106.6860703642,4025185.684236291
1628236104218975472,352105.9747710807,4025185.79531535
1628236104285074068,352105.59208380035,4025185.8549650167
1628236104423118174,352104.8114358224,4025185.9689516355
1628236104483213595,352104.4820571323,4025186.018372377
1628236104609075452,352103.8077134668,4025186.1221834207
1628236104687166518,352103.3680436406,4025186.191369533
1628236104825153494,352102.5790670818,4025186.30909958
1628236104885167687,352102.248030434,4025186.3579345224
1628236105023077978,352101.53220135404,4025186.466451427
1628236105083316852,352101.11582612246,4025186.5513804276
1628236105221166508,352100.3993614778,4025186.6673623025
1628236105293068500,352099.997658969,4025186.7331274576
1628236105419069597,352099.28757475363,4025186.847444142
1628236105485315874,352098.90791145863,4025186.9081411613
1628236105623343920,352098.1834442296,4025187.03892368
1628236105689203480,352097.80750790646,4025187.10162857
1628236105821105634,352097.08792335173,4025187.210038261
1628236105893228625,352096.71370785043,4025187.2716457057
1628236106025173604,352096.0217615001,4025187.382971412
1628236106091238798,352095.619955062,4025187.455162592
1628236106223140063,352094.9319081531,4025187.5696605775
1628236106289244757,352094.54815904726,4025187.631461304
1628236106421176689,352093.8653404766,4025187.7474227706
1628236106487149205,352093.55142680433,4025187.7999637434
1628236106619392817,352092.80782069155,4025187.9242448737
1628236106751281470,352092.13482256467,4025188.0380399805
1628236106823211874,352091.7645922835,4025188.091747951
1628236106889426102,352091.4055584882,4025188.1506055463
1628236107015188450,352090.79294418375,4025188.2511975393
1628236107153313404,352090.0682898564,4025188.367426836
1628236107225205345,352089.71564273746,4025188.4267744413
1628236107357341625,352089.03585029766,4025188.549272738
1628236107423445691,352088.6860568408,4025188.6068436094
1628236107555327180,352088.02508791746,4025188.7146696863
1628236107615221088,352087.72899991646,4025188.765598244
1628236107753355889,352087.0431315729,4025188.8852477577
1628236107825578575,352086.6834044537,4025188.9401347786
1628236107951144309,352086.1006732463,4025189.035696708
1628236108029390675,352085.7129587688,4025189.099396579
1628236108155399556,352085.0607505826,4025189.215385743
1628236108215401841,352084.7699372958,4025189.2651295606
1628236108353507184,352084.07704902603,4025189.3954621567
1628236108425493386,352083.73730677867,4025189.4536589985
1628236108557428160,352083.087263679,4025189.5677574
1628236108617408104,352082.79422069597,4025189.617390558
1628236108755568466,352082.10854305024,4025189.733901486
1628236108827575959,352081.7451347308,4025189.8019781034
1628236108959446904,352081.10245662485,4025189.9130899096
1628236109031436441,352080.7538811703,4025189.9722844805
1628236109157544920,352080.08981639176,4025190.081991268
1628236109223376449,352079.78638949274,4025190.1329575954
1628236109367355021,352079.0565955235,4025190.2537998324
1628236109421641014,352078.7461040837,4025190.3056840347
1628236109559496222,352078.008730146,4025190.431218157
1628236109619477502,352077.69387608353,4025190.4831882874
1628236109757640235,352076.95355016366,4025190.6056295177
1628236109817613359,352076.6108405818,4025190.670560733
1628236109949564410,352075.9114005343,4025190.787139163
1628236110021784785,352075.5323103565,4025190.850108666
1628236110159644003,352074.7588176528,4025190.981867124
1628236110219639953,352074.43012765644,4025191.03675526
1628236110351682976,352073.69907351467,4025191.167797226
1628236110423549188,352073.31209377665,4025191.2334115733
1628236110555433684,352072.57117428875,4025191.3621958066
1628236110621656159,352072.1797640822,4025191.427496707
1628236110753732777,352071.4500779654,4025191.549283812
1628236110831503052,352071.0345240929,4025191.634032415
1628236110963613523,352070.24189131847,4025191.772633522
1628236111023697942,352069.9013060382,4025191.831493811
1628236111155599705,352069.13986333006,4025191.9611817244
1628236112301645342,352062.48480338976,4025193.1255779546
1628236112355709040,352062.13612064923,4025193.187414926
1628236112499607072,352061.3229026762,4025193.3322200147
1628236112559697662,352060.95244578435,4025193.4110762402
1628236112697761123,352060.1408542931,4025193.5617722753
1628236112751725011,352059.85185327823,4025193.6157642603
1628236112896004221,352058.9683126492,4025193.7832945143
1628236112961602231,352058.6237734556,4025193.848299642
1628236113099865989,352057.78949597897,4025194.0055000414
1628236113165618166,352057.44544976496,4025194.070779093
1628236113291673679,352056.68441738136,4025194.224490259
1628236113363715525,352056.28461274225,4025194.30218243
1628236113495773772,352055.5432245822,4025194.4481845023
1628236113561905517,352055.12276724173,4025194.529925714
1628236113693763485,352054.3790296265,4025194.677739941
1628236113765794580,352053.978060583,4025194.7569417567
1628236113891807126,352053.2266038584,4025194.897717997
1628236113963661578,352052.82655092294,4025194.9769519153
1628236114101843602,352052.0067177407,4025195.1293172
1628236114161860979,352051.6627217889,4025195.1975368047
1628236114293814721,352050.90075740067,4025195.3395454655
1628236114359741880,352050.5551332466,4025195.40713486
1628236114504001785,352049.6898968738,4025195.5778346253
1628236114563973547,352049.33444003237,4025195.636140836
1628236114695835433,352048.5831447986,4025195.782795176
1628236114755843699,352048.2356390593,4025195.851000436
1628236114905982085,352047.35100974987,4025196.0262448397
1628236114959886110,352047.0605300192,4025196.0829938636
1628236115097861887,352046.22503314447,4025196.25634309
1628236115157890715,352045.8755784114,4025196.3265787372
1628236115307758943,352045.003143308,4025196.5028416933
1628236115367999452,352044.6402297724,4025196.5873625814
1628236115505919407,352043.885608915,4025196.7429987215
1628236115565961528,352043.44535583106,4025196.841437974
1628236115697938402,352042.6892256664,4025197.001620468
1628236115829784169,352041.91498052294,4025197.16612726
1628236115896072196,352041.50970019074,4025197.251987521
1628236116033829461,352040.7608607175,4025197.4137700107
1628236116099961812,352040.32733288466,4025197.493198241
1628236116231857044,352039.58202130423,4025197.6524753575
1628236116303842088,352039.1829696228,4025197.738505981
1628236116430112071,352038.4230984603,4025197.8976388
1628236116501989437,352038.0265446845,4025197.983399861
1628236116628013636,352037.27589249774,4025198.1480403338
1628236116700005170,352036.88185127435,4025198.234389904
1628236116832118475,352036.1372520431,4025198.39784758
1628236116904022007,352035.7424639618,4025198.485138844
1628236117030060253,352035.0083750575,4025198.6493022353
1628236117102036299,352034.60143815866,4025198.7471675286
1628236117239922929,352033.866132168,4025198.913329746
1628236117300161966,352033.47007649485,4025199.0032367855
1628236117432100508,352032.7197733751,4025199.197256769
1628236117510014138,352032.32113024394,4025199.291123879
1628236117636025512,352031.5613277658,4025199.4721452096
1628236117702189488,352031.15788961493,4025199.567583887
1628236117834187054,352030.38972638454,4025199.746886441
1628236117906105962,352029.98019015347,4025199.84264862
1628236118044071789,352029.15455617,4025200.0162870246
1628236118098111146,352028.85803068837,4025200.0853528166
1628236118224211549,352028.0771119334,4025200.2665003147
1628236118302052122,352027.65067419753,4025200.36437267
1628236118434042126,352026.85563889827,4025200.5373611674
1628236118506140694,352026.35775685194,4025200.6512429984
1628236118626140574,352025.5986669138,4025200.820360197
1628236118704295721,352025.09053041873,4025200.9377951217
1628236118830159260,352024.3063721007,4025201.1240261192
1628236118908138544,352023.7857843974,4025201.24504592
1628236119034043793,352022.9961162531,4025201.4267285406
1628236119106278167,352022.4504757469,4025201.560411932
1628236119238307257,352021.5771938486,4025201.7674672944
1628236119304564656,352021.07443146745,4025201.879704665
1628236119430180228,352020.2482237844,4025202.073348773
1628236119502099647,352019.7614493765,4025202.1871653493
1628236119640310995,352018.75794730464,4025202.435371735
1628236119712218803,352018.2601970694,4025202.555176107
1628236119832202710,352017.3749384802,4025202.78466495
1628236119910209663,352016.7930434139,4025202.927335305
1628236120042125002,352015.8131401035,4025203.1706530126
1628236120102357407,352015.3667597596,4025203.2801886406
1628236120240277680,352014.3154081245,4025203.539275769
1628236120360363215,352013.395135659,4025203.7985819154
1628236120432246818,352012.85814414837,4025203.934761894
1628236120570383952,352011.7690126023,4025204.1975060795
1628236120630400730,352011.3019563114,4025204.3150854586
1628236120768337395,352010.2851445854,4025204.571985025
1628236120834268518,352009.71638240246,4025204.7080838983
1628236120972453710,352008.60876596125,4025204.9892260223
1628236121038287326,352008.13249513356,4025205.1104896376
1628236121164448255,352007.06979132525,4025205.3856752003
1628236121236321811,352006.50927139673,4025205.529057086
1628236121374336572,352005.3541213613,4025205.8395875217
1628236121434451043,352004.8690370185,4025205.9665732468
1628236121566471370,352003.78499591094,4025206.259322348
1628236121638346336,352003.21404679294,4025206.4103174745
1628236121770345679,352002.1516590324,4025206.6914855195
1628236121836380836,352001.54836263193,4025206.8711897605
1628236121962576394,352000.48038134427,4025207.1625664374
1628236122034511513,351999.90519967896,4025207.319472537
1628236122166430559,351998.8124232897,4025207.606426124
1628236122238373827,351998.2367087918,4025207.764295124
1628236122370275074,351997.13799490593,4025208.064547455
1628236122436495199,351996.56178075715,4025208.223535195
1628236122580415958,351995.38188585744,4025208.5557891866
1628236122628535989,351994.96903660905,4025208.6701722317
1628236122760424863,351993.89443153964,4025208.9668089454
1628236122838543956,351993.2163336305,4025209.151764051
1628236122982423467,351992.0541194468,4025209.4739088756
1628236123036321536,351991.6374446722,4025209.5894446103
1628236123168468977,351990.4410971359,4025209.9018211355
1628236123240480992,351989.8518164073,4025210.064088063
1628236123372447658,351988.7419565302,4025210.385354656
1628236123432587704,351988.2344062901,4025210.526345533
1628236123570532208,351987.02909742354,4025210.857225493
1628236123630506337,351986.51842901064,4025210.999688807
1628236123774374577,351985.3226295182,4025211.3334174305
1628236123834377192,351984.7871271409,4025211.490631223
1628236123972678483,351983.5830475135,4025211.830932208
1628236124038393786,351983.066924292,4025211.9774285667
1628236124176400513,351981.83966234647,4025212.305882193
1628236124236443081,351981.32126388117,4025212.4513856196
1628236124374661523,351980.08664313646,4025212.790325086
1628236124446547249,351979.47709766997,4025212.961465718
1628236124572613502,351978.3228884051,4025213.285881899
1628236124704563638,351977.18449606263,4025213.6090067388
1628236124770447254,351976.65787492634,4025213.7590845656
1628236124842968426,351975.94026100554,4025213.951438413
1628236124974615331,351974.7921932135,4025214.2816316015
1628236125112459794,351973.6176973323,4025214.6118547283
1628236125166749395,351973.08376641595,4025214.768140237
1628236125316757556,351971.7262292253,4025215.1648449046
1628236125382507139,351971.18655154185,4025215.3241526843
1628236125508748385,351970.0133255896,4025215.6697519394
1628236125568624362,351969.4509603514,4025215.8390404335
1628236125712796336,351968.185209404,4025216.233226422
1628236125772565039,351967.640905226,4025216.40396711
1628236125910655957,351966.3325794885,4025216.828403813
1628236125970653522,351965.78172626963,4025217.0070118676
1628236126108784299,351964.48002029874,4025217.4223482385
1628236126168802388,351963.9274069424,4025217.6051064106
1628236126306998224,351962.6177715814,4025218.0207444313
1628236126372685257,351962.06234564504,4025218.2067847205
1628236126510696760,351960.76366757165,4025218.649293021
1628236126576564914,351960.1918808846,4025218.845871687
1628236126708831750,351958.8870561419,4025219.29835737
1628236126774709843,351958.3265392741,4025219.4936507614
1628236126912728848,351957.001029517,4025219.957213293
1628236126984647110,351956.3455898588,4025220.1893510777
1628236127104621719,351955.20418269164,4025220.6092549902
1628236127176743821,351954.54753105575,4025220.8472602074
1628236127314733409,351953.2203443325,4025221.30910339
1628236127380803462,351952.56219295214,4025221.5486345314
1628236127512913632,351951.3384016366,4025221.9943933915
1628236127572895631,351950.7578225241,4025222.19076047
1628236127722676459,351949.43447865377,4025222.6720944964
1628236127776756666,351948.86552976235,4025222.879343505
1628236127914796810,351947.5325143653,4025223.3733320623
1628236127974800727,351946.9614547441,4025223.5802844143
1628236128118794260,351945.6021839685,4025224.0987000964
1628236128178794614,351945.02502723876,4025224.3096017577
1628236128316824358,351943.65749908274,4025224.794819239
1628236128370825313,351943.17200855596,4025224.9693907285
1628236128520742307,351941.7124139258,4025225.4942881153
1628236128574964565,351941.1058639913,4025225.715647904
1628236128718855592,351939.73310924054,4025226.2075197855
1628236128850718448,351938.4484184247,4025226.6790736998
1628236128922770115,351937.755900339,4025226.9272973575
1628236129048995106,351936.4450110132,4025227.406952914
1628236129120884738,351935.7493385401,4025227.661671342
1628236129252892526,351934.4527724131,4025228.132980441
1628236129318878741,351933.71890974394,4025228.39591726
1628236129439035841,351932.51031058445,4025228.834083828
1628236129511196197,351931.8036161593,4025229.088501157
1628236129648947969,351930.37201389135,4025229.601245506
1628236129708939253,351929.7661568481,4025229.818472792
1628236129840927264,351928.41310446925,4025230.3095555394
1628236129912866332,351927.696983499,4025230.5641667866
1628236130039027734,351926.34437982226,4025231.0296947667
1628236130110996228,351925.6265546377,4025231.282793902
1628236130242956230,351924.2912828478,4025231.7481713397
1628236130314842225,351923.5264263076,4025232.0046592904
1628236130441095650,351922.1768314239,4025232.476577764
1628236130518875570,351921.4495052056,4025232.7308697863
1628236130650887686,351920.06519008696,4025233.1836699145
1628236130711038077,351919.3325053961,4025233.436912569
1628236130843100632,351917.9440950751,4025233.9018672095
1628236130920908458,351917.21069755236,4025234.15267792
1628236131046992606,351915.8067754152,4025234.6028229375
1628236131113059161,351915.0648507816,4025234.85467741
1628236131251053478,351913.6811049788,4025235.3229029016
1628236131323138571,351912.78762195795,4025235.6280024913
1628236131449041188,351911.5060058002,4025236.0650135935
1628236131520977716,351910.7580471698,4025236.3209293443
1628236131647037887,351909.3423618815,4025236.7827397566
1628236131718960739,351908.591381501,4025237.038621493
1628236131845354976,351907.1600431741,4025237.509509884
1628236131922959562,351906.404498548,4025237.7661726647
1628236132049063076,351905.00601231353,4025238.261129189
1628236132115348358,351904.24903834297,4025238.519864155
1628236132241008558,351902.95124037727,4025238.9653361654
1628236132319247223,351902.0807822793,4025239.2712341934
1628236132445464362,351900.6746233993,4025239.7582810167
1628236132523122352,351899.9162726933,4025240.022160257
1628236132649128756,351898.49153498496,4025240.4970801803
1628236132715457453,351897.73041880643,4025240.761635351
1628236132853127148,351896.30100247846,4025241.2467113137
1628236132925115623,351895.53864729917,4025241.513761724
1628236133051169953,351894.1345860185,4025242.0681653414
1628236133123043696,351893.37402041565,4025242.3434958244
1628236133255036172,351891.9618999562,4025242.858448891
1628236133321287408,351891.16556236095,4025243.0781183247
1628236133453176225,351889.75004039134,4025243.590451923
1628236133573144363,351888.4165148535,4025244.0524461046
1628236133651349520,351887.5457134276,4025244.368558851
1628236133789172312,351886.1330907848,4025244.884448466
1628236133855102574,351885.3671089094,4025245.180330781
1628236133981262744,351883.95861937664,4025245.7059073416
1628236134053228833,351883.16647197946,4025245.9868157925
1628236134185343291,351881.7576161298,4025246.5177301113
1628236134251141178,351881.10729976103,4025246.763721077
1628236134377250902,351879.6926250576,4025247.26306504
1628236134455264449,351878.82893005986,4025247.5913951453
1628236134587147194,351877.40810543933,4025248.114803183
1628236134647119977,351876.76231102383,4025248.3628763673
1628236134779434165,351875.3631512603,4025248.903958352
1628236134845320417,351874.59693826194,4025249.1862765024
1628236134977287915,351873.19929457374,4025249.730340878
1628236135049168415,351872.4368791493,4025249.9687856305
1628236135175415832,351871.04460109095,4025250.508940101
1628236135253256864,351870.29627338087,4025250.802059679
1628236135385365198,351868.79806661094,4025251.285010407
1628236135451210298,351868.1577845248,4025251.5341745396
1628236135583219381,351866.7490863644,4025252.1081477944
1628236135649446235,351866.0040857379,4025252.403074407
1628236135787379314,351864.5145620442,4025252.995862761
1628236135847388372,351863.8594373408,4025253.2818777785
1628236135979362329,351862.4773958832,4025253.840596837
1628236136057467557,351861.6171332034,4025254.166121529
1628236136189268339,351860.3442171706,4025254.6833501663
1628236136255264718,351859.60167696205,4025254.9847203973
1628236136381398259,351858.2185885927,4025255.5767933344
1628236136459537839,351857.3722119848,4025255.923750891
1628236136591545186,351855.9709220667,4025256.5007713293
1628236136651544750,351855.3356443207,4025256.758786994
1628236136783440414,351853.96224899555,4025257.3180043916
1628236136855382640,351853.1966877262,4025257.6365917344
1628236136993552409,351851.7136767104,4025258.249647609
1628236137041566650,351851.1603166292,4025258.4705859786
1628236137185474422,351849.6810558152,4025259.0887776376
1628236137257448934,351848.94492949196,4025259.3993338593
1628236137383621502,351847.54520150187,4025259.9873288805
1628236137455353706,351846.80673557066,4025260.3020490333
1628236137581392791,351845.5319878798,4025260.842358117
1628236137653609555,351844.69076783245,4025261.199915877
1628236137785491558,351843.3292573373,4025261.7794781923
1628236137929657024,351841.84680927463,4025262.3932548226
1628236137983627953,351841.21720596973,4025262.658254771
1628236138055642479,351840.47049941495,4025262.9496937096
1628236138187559205,351839.107636373,4025263.5197276743
1628236138325625678,351837.6384932059,4025264.103064734
1628236138385651799,351837.0134616152,4025264.3623448266
1628236138523867207,351835.559285146,4025264.966060467
1628236138589555426,351834.8991011995,4025265.220230884
1628236138721568522,351833.5495744316,4025265.77950906
1628236138781556570,351832.9281726714,4025266.0386701897
1628236138919699840,351831.4600335113,4025266.646775678
1628236138991578989,351830.73927617684,4025266.951199881
1628236139129558918,351829.25879131944,4025267.572609049
1628236139189592998,351828.64255267463,4025267.835653408
1628236139321514524,351827.2991809057,4025268.412176915
1628236139393616552,351826.58423054236,4025268.720656489
1628236139525592706,351825.26077817165,4025269.294863777
1628236139585604277,351824.6258514181,4025269.5643849163
1628236139729779695,351823.10477425944,4025270.2283904133
1628236139789751918,351822.4977366638,4025270.494085604
1628236139921765201,351821.16213836987,4025271.0682761036
1628236139987537758,351820.5569455117,4025271.3347638887
1628236140131649030,351819.040064472,4025272.0085481117
1628236140191782470,351818.43988388847,4025272.275457731
1628236140323768939,351817.1345241726,4025272.826136565
1628236140383772538,351816.53716506506,4025273.090278162
1628236140533553580,351815.1467915271,4025273.7057433124
1628236140593662795,351814.43967463967,4025273.997545396
1628236140725573799,351813.15678416204,4025274.5665178006
1628236140785594175,351812.56708128145,4025274.828640487
1628236140923766472,351811.1875050684,4025275.4365821127
1628236140995715226,351810.5054019462,4025275.742010475
1628236141127725477,351809.2123495199,4025276.305629631
1628236141187592742,351808.62959718384,4025276.5672980715
1628236141325852427,351807.26051758026,4025277.203679234
1628236141403596449,351806.585658664,4025277.5115475887
1628236141529727907,351805.3376620981,4025278.0829459317
1628236141589635749,351804.7455432879,4025278.3750945022
1628236141727901542,351803.4087605662,4025278.9941162933
1628236141799773405,351802.7433407734,4025279.293576068
1628236141925828420,351801.5126475431,4025279.8667124193
1628236142057797266,351800.2550247849,4025280.4141057795
1628236142129662719,351799.5955795101,4025280.7202844517
1628236142261809919,351798.37603814964,4025281.288794034
1628236142327853028,351797.7137488016,4025281.589265008
1628236142459797185,351796.50245702337,4025282.1547613046
1628236142531725150,351795.8518296829,4025282.4590385333
1628236142658110547,351794.63540942024,4025283.020865249
1628236142729960942,351793.9890029916,4025283.32211783
1628236142867710352,351792.781469094,4025283.914604706
1628236142933722975,351792.139568161,4025284.2187673547
1628236143059967538,351790.929279752,4025284.764372403
1628236143137722612,351790.2957485439,4025285.0618459545
1628236143263726365,351789.12997024175,4025285.6118859183
1628236143329899134,351788.4787709216,4025285.8933917508
1628236143467875133,351787.32152397034,4025286.435481091
1628236143533731939,351786.7017332139,4025286.7262348784
1628236143661134534,351785.5014467462,4025287.221364434
1628236143738760743,351784.8874010128,4025287.5054205856
1628236143853149242,351783.8301714681,4025287.992759763
1628236143931130076,351783.1382110204,4025288.314140599
1628236144051131107,351782.0832019792,4025288.802826789
1628236144135122543,351781.3989976939,4025289.120901266
1628236144255298870,351780.37926070945,4025289.594911882
1628236144327189791,351779.7653319712,4025289.864374947
1628236144453205539,351778.6728698091,4025290.372222676
1628236144531064103,351778.0888341066,4025290.6444019913
1628236144663080434,351776.99595463776,4025291.1278349725
1628236144729600507,351776.4206288599,4025291.3953754893
1628236144867258986,351775.25934310874,4025291.915356553
1628236144933110351,351774.77406337514,4025292.141130714
1628236145059260254,351773.7168583224,4025292.6084241895
1628236145137314588,351773.08398290665,4025292.901352092
1628236145263171903,351772.14697403973,4025293.337495168
1628236145335328920,351771.51357048616,4025293.6102406858
1628236145455271057,351770.60072295537,4025294.035152097
1628236145533420872,351770.0760443425,4025294.2805253197
1628236145671279990,351768.9802518094,4025294.7077757632
1628236145731317390,351768.54222463863,4025294.90918607
1628236145857418597,351767.5808031519,4025295.323987739
1628236145929318125,351767.0862191663,4025295.551741105
1628236146061308278,351766.17801587004,4025295.9698138232
1628236146139336443,351765.63492762065,4025296.223665744
1628236146259452220,351764.83733197,4025296.599540296
1628236146331335571,351764.3620179901,4025296.854827303
1628236146463336424,351763.534625335,4025297.2585710264
1628236146529741424,351763.101194169,4025297.4753146623
1628236146661382261,351762.2801329894,4025297.84241244
1628236146793348888,351761.5045134777,4025298.2220314248
1628236146865364582,351761.1071801705,4025298.4331375975
1628236146997125693,351760.3937649495,4025298.8275470315
1628236147063393139,351760.0012527162,4025299.049313179
1628236147195400509,351759.33672874083,4025299.450950974
1628236147267259567,351758.99325871747,4025299.6673617675
1628236147393422772,351758.3525669547,4025300.0313904984
1628236147471283528,351758.03505056835,4025300.248585823
1628236147597542140,351757.45445180766,4025300.625297155
1628236147663436665,351757.16318086756,4025300.8460644167
1628236147795446991,351756.63607993664,4025301.2174204867
1628236147867475545,351756.36778777966,4025301.4434711505
1628236147993499556,351755.89322853193,4025301.8784744614
1628236148065490704,351755.65356801206,4025302.0905922544
1628236148197458886,351755.2275393988,4025302.5545665333
1628236148257495197,351755.03979980876,4025302.7726247897
1628236148395490483,351754.6352628166,4025303.2334391326
1628236148473342950,351754.44272667274,4025303.492229545
1628236148665484244,351753.95425825956,4025304.2166985236
1628236148797535541,351753.6949714752,4025304.676646202
1628236148869521713,351753.5526689383,4025304.9604873736
1628236149001491619,351753.29583114636,4025305.495818669
1628236149061600119,351753.21389128687,4025305.7046210817
1628236149199511199,351752.9778312236,4025306.3056839774
1628236149259513728,351752.89246837096,4025306.5712933466
1628236149397551825,351752.7616283776,4025307.086387766
1628236149463524267,351752.70111508516,4025307.35603541
1628236149589508395,351752.6034942055,4025307.868478831
1628236149673557049,351752.51830712473,4025308.2193069956
1628236149799581283,351752.5063199784,4025308.6354355756
1628236149859587582,351752.46879473084,4025308.900203899
1628236149991591699,351752.39718135766,4025309.4772518533
1628236150069563224,351752.4205536687,4025309.708965163
1628236150201724357,351752.3396334177,4025310.273583577
1628236150262073904,351752.30260477215,4025310.5352687105
1628236150393620837,351752.2260962811,4025311.079478987
1628236150477730989,351752.1918976494,4025311.4388270522
1628236150603622156,351752.0755995198,4025312.019050185
1628236150663624933,351752.03606678505,4025312.2913450403
1628236150801690665,351751.99019306805,4025312.9244723013
1628236150873607711,351751.931082219,4025313.2939588265
1628236151005651140,351751.84382044117,4025313.894620775
1628236151137628621,351751.7677358242,4025314.5599654154
1628236151197634813,351751.72992478847,4025314.8330014115
1628236151269380992,351751.6839959208,4025315.1488558105
1628236151395724752,351751.6279268489,4025315.813957312
1628236151539640372,351751.5397641824,4025316.4404529906
1628236151599666258,351751.5192337455,4025316.7317713294
1628236151797676520,351751.4491359374,4025317.632956657
1628236151941796141,351751.36989060347,4025318.2419655435
1628236151995845483,351751.33917155094,4025318.49428053
1628236152139771576,351751.29778374423,4025319.1220361916
1628236152199783197,351751.27238338446,4025319.3712846977
1628236152337757999,351751.25640106126,4025319.935662264
1628236152397800067,351751.22839951224,4025320.1862751674
1628236152541834962,351751.15929738426,4025320.7673925147
1628236152607961751,351751.1472213375,4025321.046275097
1628236152739927870,351751.0894345653,4025321.5930949394
1628236152805809589,351751.0953708727,4025321.8295544754
1628236152943715374,351751.03399174014,4025322.4304146525
1628236153009983590,351751.0000679821,4025322.738022216
1628236153141950202,351750.9934998329,4025323.267570212
1628236153201953426,351750.9617511189,4025323.538190786
1628236153345679404,351750.9978934347,4025324.070464472
1628236153405838354,351750.97332205204,4025324.3467683615
1628236153543938606,351750.9055223211,4025325.007599611
1628236153604708667,351750.9563767383,4025325.197429826
1628236153742661573,351750.87510483176,4025325.8663727976
1628236153802661198,351751.04140649387,4025325.954411415
1628236153946615383,351750.98657047655,4025326.634499123
1628236154006526686,351750.9640447496,4025326.9233491137
1628236154144687379,351750.89359725476,4025327.5649763606
1628236154204691430,351750.8655125017,4025327.8499769648
1628236154348527849,351750.728117508,4025328.527784014
1628236154396634085,351750.7057393574,4025328.771731726
1628236154540540005,351750.64700864395,4025329.4596300223
1628236154606796051,351750.4801990419,4025329.891460715
1628236154738685560,351750.4117749497,4025330.5300549595
1628236154798672908,351750.34031046974,4025330.912372039
1628236154938707059,351750.26966066903,4025331.6171065634
1628236155010567080,351750.2338384503,4025331.9707297604
1628236155142714938,351750.0771763128,4025332.7531924956
1628236155196853616,351750.0473676723,4025333.0587307564
1628236155346776740,351749.9013525067,4025333.8962873095
1628236155412613132,351749.8710228647,4025334.199911843
1628236155544598710,351749.7919701082,4025334.8558466914
1628236155670867212,351749.710188482,4025335.616306939
1628236155742756916,351749.6716215386,4025335.980742347
1628236155868795716,351749.5374882405,4025336.670807703
1628236155940772675,351749.4978797763,4025337.042150388
1628236156078869082,351749.39840572956,4025337.763811926
1628236156144647509,351749.35285330546,4025338.083818013
1628236156276738063,351749.25963010406,4025338.781972888
1628236156342802340,351749.17046032683,4025339.1604194585
1628236156474679487,351749.08370495995,4025339.8655973217
1628236156540932796,351749.0356776538,4025340.247879784
1628236156672943467,351748.9981974466,4025340.9577691676
1628236156744809268,351748.9475355076,4025341.3465970485
1628236156876798981,351748.91687773715,4025342.0485571125
1628236156942933888,351748.8690127387,4025342.440327932
1628236157075024275,351748.83050959336,4025343.161778288
1628236157134931143,351748.7933235924,4025343.4998911144
1628236157278846516,351748.70539055485,4025344.2932254146
1628236157344968520,351748.75265742594,4025344.6444356726
1628236157470734999,351748.6843725758,4025345.330406934
1628236157542763685,351748.6464002586,4025345.7331705536
1628236157674911658,351748.66353304,4025346.481509483
1628236157752894425,351748.626743419,4025346.88561856
1628236157878776249,351748.6005139506,4025347.6430763598
1628236157945026161,351748.5647757617,4025348.051562062
1628236158077025487,351748.59401958424,4025348.7693054513
1628236158148925615,351748.5625766333,4025349.179121524
1628236158268936997,351748.50761524355,4025349.883969246
1628236158346808401,351748.55478340836,4025350.261525947
1628236158479080698,351748.4924716804,4025351.089746751
1628236158550819721,351748.5659860148,4025351.4446585462
1628236158677009542,351748.5099687739,4025352.2091033002
1628236158748971778,351748.4767916633,4025352.617446019
1628236158886829385,351748.63222891116,4025353.2265152354
1628236158946980926,351748.6195855953,4025353.5792766158
1628236159080300123,351748.7851713665,4025354.157204013
1628236159140301336,351748.7614495761,4025354.508148309
1628236159284099136,351748.70320533676,4025355.3243822292
1628236159350098903,351748.9143299155,4025355.542264004
1628236159476028641,351748.9005580558,4025356.228722003
1628236159542334568,351748.7908310638,4025356.7612856654
1628236159680151985,351748.74500371935,4025357.571943657
1628236159740181169,351748.72348506475,4025357.9196611317
1628236159872128454,351748.62143149145,4025358.8259250685
1628236160010424245,351748.57998456294,4025359.6393234404
1628236160082401237,351748.454300442,4025360.227405436
1628236160214140255,351748.40601687843,4025360.9908023877
1628236160274161439,351748.3821362208,4025361.34316087
1628236160412272243,351748.20126852713,4025362.337604468
1628236160484356018,351748.1655076946,4025362.816129624
1628236160616284674,351748.0161084344,4025363.7127127703
1628236160682064298,351747.9788134425,4025364.0729912533
1628236160814407938,351747.8001537287,4025365.043074179
1628236160874423944,351747.75507514225,4025365.4050422153
1628236161018309292,351747.64620925975,4025366.2484409637
1628236161078259329,351747.4819442352,4025366.696952178
1628236161204246375,351747.36620474403,4025367.4810497486
1628236161288227414,351747.2938713995,4025367.9624130065
1628236161414458894,351747.08646876144,4025368.8542508646
1628236161486396268,351747.018929151,4025369.2768763383
1628236161606580316,351746.8567361477,4025370.0784771214
1628236161690236382,351746.77806260914,4025370.567410506
1628236161822236769,351746.6341697483,4025371.429063104
1628236161876220456,351746.58390352555,4025371.7446560706
1628236162008504482,351746.44263989455,4025372.627992595
1628236162080342476,351746.4610551478,4025373.112289868
1628236162224131560,351746.3326957809,4025373.979292126
1628236162278370549,351746.2878798903,4025374.2888103244
1628236162416132945,351746.2588670933,4025375.2189490763
1628236162482387208,351746.19477896276,4025375.664938177
1628236162608310462,351745.98580682266,4025376.447151378
1628236162680275158,351745.9184691821,4025376.8958511385
1628236162812305138,351745.7323656931,4025377.7411508625
1628236162884206552,351745.66955980065,4025378.190734435
1628236163016440497,351745.5530189302,4025379.0314415935
1628236163082325840,351745.4342540833,4025379.4459404154
1628236163220408543,351745.3176692802,4025380.294781406
1628236163280412279,351745.2693119712,4025380.689856664
1628236163412534480,351745.0644118629,4025381.6530336575
1628236163484460615,351745.01258360315,4025382.11994687
1628236163610347687,351744.8760735985,4025382.892223053
1628236163682578250,351744.817395477,4025383.429689218
1628236163814579130,351744.72385871795,4025384.2843006672
1628236163886442829,351744.680998286,4025384.75809492
1628236164018337938,351744.6108364303,4025385.6411614306
1628236164084348979,351744.5765628587,4025386.074585953
1628236164216379578,351744.4984544056,4025386.978357592
1628236164348476671,351744.45676564996,4025387.8025559597
1628236164414426258,351744.43668430345,4025388.280675647
1628236164486400278,351744.41497446387,4025388.7527958625
1628236164624620058,351744.3534044491,4025389.592211867
1628236164750293917,351744.3007469501,4025390.413866484
1628236164816644040,351744.2864089387,4025390.7817175738
1628236164960410179,351744.2477863856,4025391.7673348063
1628236165158658475,351744.1852055078,4025392.708225552
1628236165206656140,351744.16501786996,4025393.0445294217
1628236165356484972,351744.16480225243,4025393.781285974
1628236165416487407,351744.1481468135,4025394.188499285
1628236165548473062,351744.06329780875,4025394.858754875
1628236165608479967,351744.0434988922,4025395.2606049906
1628236165752595315,351743.9913561991,4025396.2015613527
1628236165818545388,351743.9467702843,4025396.5352154733
1628236165950495819,351743.8987263002,4025397.4124867395
1628236166010606263,351743.87642052065,4025397.8176451726
1628236166148737372,351743.7099251357,4025398.8279719767
1628236166220772930,351743.67939579196,4025399.298305158
1628236166352496994,351743.529091015,4025400.345266689
1628236166412502684,351743.4956009036,4025400.753118912
1628236166556401432,351743.41173886653,4025401.8200625116
1628236166622749682,351743.3768677694,4025402.297046613
1628236166754667800,351743.3053365281,4025403.178534395
1628236166820540573,351743.34160208656,4025403.707281175
1628236166952547731,351743.26995557407,4025404.6569636427
1628236167012845176,351743.2402928856,4025405.0637738267
1628236167156695289,351743.2812300968,4025405.9941047663
1628236167216674877,351743.2533934929,4025406.4006243143
1628236167360683703,351743.33233254094,4025407.322477358
1628236167414581196,351743.3062341288,4025407.7271360885
1628236167553116168,351743.4239366001,4025408.6101021743
1628236167612805423,351743.4052280436,4025409.0150312404
1628236167756661854,351743.3578535457,4025409.956409625
1628236167816607785,351743.5733101403,4025410.4133493924
1628236167954863266,351743.53386696154,4025411.343834485
1628236168015170135,351743.5168717732,4025411.741882931
1628236168158738886,351743.68424998864,4025412.702964945
1628236168224638725,351743.6709873165,4025413.1051305295
1628236168356799679,351743.70589375275,4025414.0147360256
1628236168416859780,351743.69063079136,4025414.4141434175
1628236168554644670,351743.61222939665,4025415.2579367943
1628236168626704880,351743.5883892282,4025415.787482776
1628236168758704425,351743.5561239476,4025416.645181488
1628236168890669260,351743.41676952736,4025417.640059722
1628236168956907444,351743.3891411167,4025418.0979987276
1628236169082806202,351743.4525309621,4025418.9493462546
1628236169160706590,351743.4267061519,4025419.4734787066
1628236169292697133,351743.3896710823,4025420.323507411
1628236169364573902,351743.39605930145,4025420.746943702
1628236169490928524,351743.35380950687,4025421.58470177
1628236169556597299,351743.4270968267,4025421.95489937
1628236169682727906,351743.39543939417,4025422.7839006735
1628236169761059670,351743.3768572134,4025423.292558638
1628236169881253171,351743.39428057487,4025424.0649791113
1628236169952960248,351743.37617431337,4025424.505115784
1628236170090794226,351743.4531213525,4025425.328353137
1628236170162774703,351743.4412684528,4025425.7594105233
1628236170288735655,351743.4196840591,4025426.492199052
1628236170366841982,351743.4070913677,4025427.133355751
1628236170492844214,351743.38090133754,4025427.9215981653
1628236170558738862,351743.2865069321,4025428.408435409
1628236170696789782,351743.25767660583,4025429.252845789
1628236170756826679,351743.24367456895,4025429.611779874
1628236170894996033,351743.2394128693,4025430.5651469175
1628236170955032893,351743.22536622075,4025430.92147247
1628236171086843196,351743.1018555838,4025431.7863930394
1628236171158838806,351743.0853318505,4025432.1977240755
1628236171285392172,351743.05405603873,4025432.9562525577
1628236171357020483,351742.94437887194,4025433.44881396
1628236171488928627,351742.9063329987,4025434.2004848584
1628236171560922767,351742.88491376274,4025434.603934406
1628236171686888323,351742.8537100297,4025435.3452647068
1628236171759073517,351742.83699554997,4025435.741874021
1628236171890955320,351742.77114940976,4025436.441864992
1628236171956927011,351742.75624970836,4025436.830386485
1628236172088892625,351742.635355111,4025437.5520713627
1628236172160900387,351742.61837241973,4025437.93299896
1628236172287442089,351742.59140216873,4025438.632798003
1628236172359124905,351742.4956896673,4025438.917673714
1628236172490945802,351742.47157968255,4025439.595572869
1628236172562927728,351742.34320040594,4025439.8975176383
1628236172689098080,351742.31978222186,4025440.551631356
1628236172761140062,351742.3102818314,4025440.8989831246
1628236172898863526,351742.31743149995,4025441.548911811
1628236172958997332,351742.3159940901,4025441.885932618
1628236173090962433,351742.16062409733,4025442.565329266
1628236173228871072,351742.1670525797,4025443.173094264
1628236173295056077,351742.17512373324,4025443.4950901084
1628236173361065236,351742.06290776306,4025443.9141463246
1628236173493013719,351742.08709609124,4025444.500427976
1628236173625017088,351742.1151369893,4025445.0550269685
1628236173691213900,351742.1378428137,4025445.354814709
1628236173823709547,351742.0740943983,4025445.8955415874
1628236173889041145,351742.09848225844,4025446.1402306287
1628236174015029956,351742.16098813014,4025446.65799985
1628236174092980048,351742.0903041087,4025446.964527316
1628236174225219291,351742.1742064295,4025447.495007563
1628236174297097537,351742.05235599494,4025447.764720362
1628236174423470139,351742.1412239148,4025448.228677748
1628236174495238058,351742.1952294138,4025448.470723917
1628236174633008215,351742.16562989115,4025448.9918233827
1628236174693095931,351742.21975872165,4025449.187556213
1628236174825115723,351742.19467640773,4025449.6516011027
1628236174897079979,351742.2650898789,4025449.8644964835
1628236175035125316,351742.4070842547,4025450.2479234017
1628236175095318526,351742.3879361312,4025450.4737034626
1628236175221186224,351742.53012110956,4025450.8111821082
1628236175299141030,351742.5701736296,4025451.036788797
1628236175431202274,351742.74272807775,4025451.37989738
1628236175491157568,351742.82829231373,4025451.532962265
1628236175629314208,351742.99318222905,4025451.8418995966
1628236175701181223,351743.103112146,4025452.0099898768
1628236175833193483,351743.2007412317,4025452.32245811
1628236175893181955,351743.2991446083,4025452.458960939
1628236176025123258,351743.52440851496,4025452.743549761
1628236176097102983,351743.5568599218,4025452.917283611
1628236176229244740,351743.8246607754,4025453.1944919075
1628236176289221575,351743.9455920919,4025453.3063780298
1628236176427107722,351744.1499353142,4025453.5703892866
1628236176493227653,351744.3022610765,4025453.6836000266
1628236176631257921,351744.5333036857,4025453.8885445786
1628236176697273193,351744.66749017884,4025453.9725088
1628236176823245471,351744.8901732848,4025454.113355727
1628236176895251141,351745.04751326994,4025454.195001283
1628236177027392856,351745.33943679347,4025454.3302998017
1628236177093386879,351745.46719123085,4025454.3914854727
1628236177225283791,351745.75863699184,4025454.4988528485
1628236177303411924,351745.9102329854,4025454.5515586883
1628236177435374037,351746.20101984113,4025454.6382460683
1628236177495368496,351746.3371025018,4025454.6724944036
1628236177621661386,351746.54636232293,4025454.7350936495
1628236177705303055,351746.7275365974,4025454.7650153646
1628236177837307041,351746.97324880207,4025454.8106334195
1628236177969332355,351747.2695292556,4025454.850961418
1628236178029255695,351747.40791939513,4025454.8666763264
1628236178095392862,351747.4889555204,4025454.8763378137
1628236178227321617,351747.7927447546,4025454.89891319
1628236178365471554,351748.0628540646,4025454.9007324902
1628236178425382373,351748.2076529731,4025454.9093186283
1628236178629366195,351748.66290549794,4025454.8912015134
1628236178773296083,351749.01928689214,4025454.9019213873
1628236178827477644,351749.11496297107,4025454.8718420523
1628236178971369362,351749.4834351922,4025454.8936163224
1628236179031403662,351749.6438950936,4025454.9043150307
1628236179169414793,351749.92493795766,4025454.863801872
1628236179229399812,351750.0880544187,4025454.8728071707
1628236179373418124,351750.3559406625,4025454.7624952593
1628236179433420186,351750.5190153783,4025454.7690598327
1628236179577422405,351750.8186339984,4025454.708376955
1628236179631424006,351750.9816873195,4025454.7136906604
1628236179763434280,351751.3350447859,4025454.7296046517
1628236179829579821,351751.4815575107,4025454.6242832104
1628236179973447398,351751.8672621791,4025454.6365616317
1628236180027448079,351752.0062188315,4025454.6425774256
1628236180171594394,351752.4252890531,4025454.6358217373
1628236180243584536,351752.6219670849,4025454.644390388
1628236180363619108,351752.9326843522,4025454.618827207
1628236180435502209,351753.1322455653,4025454.6282468406
1628236180633525981,351753.68474738847,4025454.611365893
1628236180771502023,351754.0591913433,4025454.62543921
1628236180825649452,351754.2190868022,4025454.5674513956
1628236180975539442,351754.65753816813,4025454.5840463825
1628236181029545135,351754.8041310449,4025454.5904656798
1628236181173632425,351755.2212609561,4025454.580889872
1628236181233685072,351755.40079558396,4025454.5863185087
1628236181377550660,351755.76641246735,4025454.5767540084
1628236181437574856,351755.9459831016,4025454.5842877915
1628236181569582630,351756.30297550396,4025454.6021845276
1628236181629592588,351756.484326023,4025454.606727623
1628236181773515871,351756.90753984725,4025454.620989295
1628236181839583722,351757.091704912,4025454.593821729
1628236181971549433,351757.488709703,4025454.6101796664
1628236182031596961,351757.67362449656,4025454.6161419554
1628236182169751183,351758.04461292934,4025454.660136513
1628236182301612871,351758.3630731651,4025454.8089436335
1628236182367663228,351758.57919994276,4025454.823405478
1628236182499626732,351758.98433700623,4025454.8513280917
1628236182571652665,351759.16701481596,4025454.862104754
1628236182697744684,351759.5723727541,4025454.8922361783
1628236182775442276,351759.7888186987,4025454.9075165847
1628236182901655658,351760.166215554,4025454.90867628
1628236182973679879,351760.3757152373,4025454.924640087
1628236183105670808,351760.73148616246,4025454.906805933
1628236183171808787,351760.931441205,4025454.928548324
1628236183303684750,351761.28177462786,4025454.9139658143
1628236183375695009,351761.472513005,4025454.9356827387
1628236183501803130,351761.817671478,4025454.97895953
1628236183573862603,351761.9798169603,4025454.9989986955
1628236183705662990,351762.3102352284,4025455.047608868
1628236183777741712,351762.483735892,4025455.074946035
1628236183903750097,351762.74346836476,4025455.1587928226
1628236183975896266,351762.90521887725,4025455.187856861
1628236184113843101,351763.1929627382,4025455.24294957
1628236184173811599,351763.32422779244,4025455.270307171
1628236184305771480,351763.5742476793,4025455.2716007656
1628236184365776628,351763.70281413465,4025455.2946251794
1628236184503910593,351764.00376366265,4025455.347447351
1628236184575889600,351764.1145719221,4025455.374208764
1628236184695997861,351764.3774479339,4025455.4170312807
1628236184767677221,351764.5305546021,4025455.4403074062
1628236184905937935,351764.78502419824,4025455.4626739826
1628236184977933505,351764.9413569267,4025455.4854371725
1628236185097963825,351765.1330630548,4025455.4602465574
1628236185175884544,351765.3127589382,4025455.4822439705
1628236185307829874,351765.55572490406,4025455.488632712
1628236185367843624,351765.69324741577,4025455.500013919
1628236185499859859,351765.9951262472,4025455.5215239483
1628236185577887256,351766.11721208424,4025455.5688906056
1628236185709850567,351766.4190413408,4025455.5875022784
1628236185769862958,351766.5594707099,4025455.593981405
1628236185901886769,351766.78410409286,4025455.641898408
1628236185973817368,351766.9502077175,4025455.650700347
1628236186111890356,351767.209268025,4025455.688110203
1628236186177927062,351767.3760209165,4025455.6956192846
1628236186309799539,351767.57638782554,4025455.737878211
1628236186382007907,351767.7685374848,4025455.7421910767
1628236186513907596,351768.0827501425,4025455.746140704
1628236186579805682,351768.1783523954,4025455.7688439083
1628236186711949745,351768.52245677006,4025455.7754714866
1628236186831959889,351768.75535049697,4025455.8103228547
1628236186910066238,351768.9549342863,4025455.8139287634
1628236187042012358,351769.2820606653,4025455.827087681
1628236187102006616,351769.36753778276,4025455.8501776834
1628236187234120583,351769.6984285326,4025455.8764560586
1628236187312107298,351769.8630529899,4025455.834455446
1628236187449977303,351770.19740018254,4025455.845141012
1628236187504115610,351770.353529601,4025455.8488797382
1628236187636014003,351770.64678776154,4025455.8302687174
1628236187707882975,351770.83328271285,4025455.8394086617
1628236187846141351,351771.15891645383,4025455.8116836557
1628236187906137746,351771.3201874841,4025455.8198511465
1628236188037931575,351771.6725818635,4025455.8365606437
1628236188104095490,351771.80611258815,4025455.832232352
1628236188236038182,351772.16504436906,4025455.8493336155
1628236188313950639,351772.2865448991,4025455.8803221444
1628236188440072562,351772.6475416218,4025455.90039415
1628236188506120309,351772.84229287336,4025455.9105068543
1628236188643988323,351773.14596893423,4025455.951456947
1628236188709968557,351773.34273611405,4025455.965243136
1628236188836185534,351773.633777268,4025456.0061499174
1628236188913968391,351773.8310336492,4025456.023559405
1628236189052016375,351774.1599295702,4025456.115211325
1628236189111992607,351774.3305106674,4025456.132436126
1628236189244129434,351774.69852078264,4025456.170027742
1628236189310232719,351774.83506517974,4025456.2170099295
1628236189442134035,351775.19514052593,4025456.2581552872
1628236189502131052,351775.3599195754,4025456.2787295077
1628236189640249530,351775.7193672628,4025456.283172342
1628236189712263438,351775.9119913401,4025456.3045216342
1628236189856172327,351776.23795061326,4025456.327954853
1628236189910213710,351776.4031937913,4025456.347117324
1628236190042168865,351776.71164025983,4025456.3779302463
1628236190108486189,351776.9103391642,4025456.4011746114
1628236190240296923,351777.2925215976,4025456.4430559166
1628236190306417198,351777.43688185903,4025456.4545492614
1628236190444211673,351777.86813378055,4025456.499863994
1628236190516112372,351778.0871562108,4025456.5230507595
1628236190642269951,351778.413925759,4025456.636696975
1628236190708213081,351778.60292585706,4025456.6602750854
1628236190846268446,351778.9841992132,4025456.7667788337
1628236190912289301,351779.20471892843,4025456.7954332805
1628236191044350365,351779.4873828498,4025456.9639271107
1628236191116385633,351779.7071594285,4025456.9955240167
1628236191236391763,351780.08727908565,4025457.052409846
1628236191314296207,351780.3160065471,4025457.000676611
1628236191446261239,351780.7296238943,4025457.060529738
1628236191578177607,351781.1122484984,4025457.024765592
1628236191650312814,351781.33699398243,4025457.050692756
1628236191782308441,351781.7555596011,4025457.100100419
1628236191848289154,351781.9308474532,4025457.064204417
1628236191980183415,351782.3522247928,4025457.1138539487
1628236192040258833,351782.5475784336,4025457.137781269
1628236192178457683,351782.970368514,4025457.1058623027
1628236192250356091,351783.2012407036,4025457.1331496146
1628236192382224135,351783.5970351321,4025457.1144336164
1628236192442347714,351783.7964703443,4025457.1343390746
1628236192580481874,351784.2300520711,4025457.06605642
1628236192640474905,351784.4369881463,4025457.0820188634
1628236192784368632,351784.9317500432,4025457.1221890114
1628236192838414887,351785.0897400585,4025457.027719447
1628236192988399740,351785.6045923317,4025457.0613356545
1628236193042667461,351785.8296720262,4025457.078254378
1628236193186391514,351786.3097288153,4025457.025870509
1628236193240452732,351786.54497250204,4025457.044675422
1628236193384330216,351787.07697009086,4025457.017298029
1628236193450565417,351787.364756498,4025457.0356317475
1628236193582564555,351787.8159513125,4025457.065774155
1628236193642482336,351788.07146376907,4025457.084888657
1628236193786318513,351788.68173509603,4025457.1340703643
1628236193846334445,351788.92695108976,4025457.1078584674
1628236193984586957,351789.56962384464,4025457.1530071213
1628236194044565092,351789.8517922616,4025457.1711775823
1628236194182647445,351790.49086813047,4025457.0345304455
1628236194254467267,351790.83302644297,4025457.0522855115
1628236194386591545,351791.447945518,4025456.884266907
1628236194452371795,351791.7523659859,4025456.8973724097
1628236194584571397,351792.40786154347,4025456.73938716
1628236194644566537,351792.72310644045,4025456.7430301034
1628236194782754319,351793.4755710895,4025456.755508943
1628236194848459527,351793.76402525476,4025456.673686307
1628236194992424598,351794.5462139471,4025456.689746413
1628236195046593730,351794.8151407607,4025456.7223648876
1628236195190431039,351795.6156109732,4025456.7331685624
1628236195322633548,351796.31214142835,4025456.833336497
1628236195388698602,351796.7198024412,4025456.837550918
1628236195520457133,351797.48166859604,4025456.850159271
1628236195592572685,351797.8714622168,4025456.8195986957
1628236195724509079,351798.64190406096,4025456.8268724433
1628236195784495755,351798.99897956016,4025456.8282286967
1628236195916685734,351799.7213890981,4025456.86417158
1628236195988625601,351800.19744280947,4025456.863234153
1628236196120609767,351800.97972524026,4025456.749133539
1628236196192765471,351801.39657990343,4025456.7413194445
1628236196312731910,351802.11080100026,4025456.6767385826
1628236196384628758,351802.53399595834,4025456.6756369323
1628236196522529210,351803.3247323401,4025456.674019031
1628236196582642151,351803.7098974922,4025456.7475740584
1628236196714508116,351804.5024291574,4025456.7438655975
1628236196786675958,351804.9276436727,4025456.7466511093
1628236196924660040,351805.7406244877,4025456.7930700644
1628236196984793845,351806.1088162651,4025456.8020339226
1628236197116865810,351806.8427887317,4025456.9181185947
1628236197188696433,351807.2696178522,4025456.9260952105
1628236197314671720,351808.0306499021,4025457.0398557284
1628236197392814220,351808.5109594223,4025457.052228179
1628236197512863129,351809.22912658704,4025457.0756556704
1628236197584823918,351809.6332404878,4025457.0044906028
1628236197716717497,351810.4103260889,4025457.0255222805
1628236197788588774,351810.8292292853,4025457.0375714144
1628236197914846867,351811.5520990109,4025456.9397923667
1628236197986854072,351811.966710942,4025456.947169358
1628236198124803246,351812.76386207243,4025457.0173127665
1628236198190808069,351813.1174129296,4025457.0267103417
1628236198316885201,351813.83154636365,4025457.024831378
1628236198388900971,351814.23966156057,4025457.0306257983
1628236198526652946,351814.99610464857,4025457.036629681
1628236198586824299,351815.3424161447,4025457.1330971736
1628236198718778221,351816.0915541938,4025457.1509297336
1628236198790645003,351816.4936422916,4025457.1611913876
1628236198917548078,351817.2236996207,4025457.105404907
1628236198988858942,351817.6252721681,4025457.1033613756
1628236199108869492,351818.21259594185,4025457.138365077
1628236199192693828,351818.6615795526,4025457.142713316
1628236199318967358,351819.3490087517,4025457.142527328
1628236199396761273,351819.73785488517,4025457.145797988
1628236199517152264,351820.45981719426,4025457.1413137615
1628236199588905945,351820.7902951235,4025457.164885023
1628236199714739285,351821.44805947074,4025457.157439492
1628236199792980991,351821.8831291541,4025457.154762462
1628236199924890725,351822.55689969973,4025457.148203063
1628236200050939213,351823.17846811516,4025457.1584665924
1628236200122889426,351823.5501706142,4025457.1585819586
1628236200194776961,351823.921913795,4025457.1610770565
1628236200320892788,351824.4641804221,4025457.1203120714
1628236200452964931,351825.20504569536,4025457.1397822304
1628236200524930291,351825.5777794963,4025457.1502409466
1628236200656837211,351826.23292917624,4025457.1076683733
1628236200723064319,351826.610417586,4025457.1177711897
1628236200848872669,351827.2279234012,4025457.118887994
1628236200921338268,351827.665160498,4025457.1323182723
1628236201058839168,351828.3443555522,4025457.146739339
1628236201118854894,351828.67410252645,4025457.15611722
1628236201257060705,351829.4457514888,4025457.1697513447
1628236201328975923,351829.78684105433,4025457.1785538946
1628236201460986788,351830.5117908167,4025457.1881645718
1628236201515349843,351830.84872028284,4025457.1928267796
1628236201647134598,351831.5052707677,4025457.171501771
1628236201724874183,351831.898887908,4025457.1753780735
1628236201857038283,351832.6541978598,4025457.12224354
1628236201917062178,351832.9935322638,4025457.1212036135
1628236202054923693,351833.68126591825,4025457.0567119326
1628236202120927479,351834.07852971496,4025457.052545516
1628236202259183073,351834.87619627744,4025457.045746019
1628236202324912986,351835.1603658026,4025457.0238897786
1628236202451066567,351835.9030758451,4025457.0191742457
1628236202522931750,351836.3055320601,4025457.0152701284
1628236202673073723,351837.1085081361,4025457.049503207
1628236202726957858,351837.39534389426,4025457.0479417723
1628236202859120885,351838.1843426821,4025457.0464483052
1628236202931076052,351838.58915977005,4025457.046761211
1628236203063458602,351839.32119760197,4025457.01756978
1628236203123224383,351839.66966886306,4025457.015458388
1628236203255005493,351840.42508888553,4025457.011609374
1628236203333122474,351840.86307690816,4025456.98327873
1628236203465027348,351841.6161720322,4025456.984459266
1628236203525008910,351841.9650239946,4025456.984981277
1628236203651274333,351842.6767513287,4025457.0137402033
1628236203741015795,351843.13988919253,4025457.014185595
1628236203867020253,351843.85785561556,4025457.015173321
1628236203927027722,351844.20209350623,4025457.015347037
1628236204053372400,351844.86794460117,4025457.0043165106
1628236204137166634,351845.31843191525,4025457.0073739253
1628236204269099586,351846.04813935666,4025457.0096717887
1628236204335430340,351846.40270812006,4025456.9911445244
1628236204455328700,351847.06629350333,4025456.986821098
1628236204539122758,351847.5059360085,4025456.982083513
1628236204677198879,351848.26311192964,4025456.975626387
1628236204725242073,351848.5354947915,4025456.976570701
1628236204857226182,351849.2153338304,4025456.96797175
1628236204935389442,351849.6463093463,4025456.9668004424
1628236205067281527,351850.3284474558,4025456.962373779
1628236205205125534,351851.01749348664,4025456.9657332813
1628236205265257450,351851.33123733965,4025456.9672677442
1628236205397384638,351852.0491375276,4025456.948313707
1628236205457429464,351852.3511414003,4025456.9468139503
1628236205589373027,351852.99239283823,4025456.9302687445
1628236205661286662,351853.3292925395,4025456.929622187
1628236207869426533,351861.2039237475,4025457.0607831236
1628236207995483206,351861.6044127648,4025457.0614152183
1628236208067454394,351861.78236962296,4025457.0566799752
1628236208205573282,351862.20163560496,4025457.0649716617
1628236208265622842,351862.3816086093,4025457.0657104873
1628236208397520575,351862.729323855,4025457.0818627616
1628236208463487405,351862.9173187361,4025457.0805723756
1628236208601384888,351863.28248094744,4025457.058706128
1628236208667595130,351863.5006629471,4025457.055953766
1628236208799641858,351863.8549344328,4025457.0432459926
1628236208859634992,351864.0488424769,4025457.0361782047
1628236208997559800,351864.5164113343,4025457.0226937956
1628236209081646620,351864.7168660242,4025456.9701337367
1628236209201647928,351865.13879124215,4025456.95724634
1628236209261700197,351865.3563286611,4025456.952490846
1628236209399631129,351865.7883412344,4025456.9262930444
1628236209531555032,351866.2922807254,4025456.9231736413
1628236209603538968,351866.4897974473,4025456.887982852
1628236209735428001,351867.0143699526,4025456.8939867276
1628236209801693126,351867.2507389734,4025456.850090433
1628236209933702830,351867.80465586,4025456.846391644
1628236209993709755,351868.06738032534,4025456.8446787125
1628236210149916951,351868.70545789343,4025456.8084894856
1628236210203598407,351868.9804605121,4025456.816302015
1628236210335491202,351869.5523057738,4025456.767038612
1628236210395757062,351869.8412567092,4025456.774963746
1628236210545632686,351870.5809512363,4025456.781304488
1628236210605620380,351870.8450204832,4025456.760067601
1628236210737522689,351871.51167692547,4025456.7711662306
1628236210803764837,351871.8357480264,4025456.7537868344
1628236210947655142,351872.5966486607,4025456.7777862693
1628236211007653487,351872.93014934496,4025456.788963283
1628236211139713491,351873.6403579688,4025456.780655965
1628236211205792795,351874.0410081032,4025456.7853600485
1628236211343870977,351874.8100562135,4025456.8253950207
1628236211409670157,351875.1629276177,4025456.8361190115
1628236211541695956,351875.939196838,4025456.8683401207
1628236211607663825,351876.29196489055,4025456.8998029632
1628236211751716106,351877.1497110547,4025456.913923129
1628236211811714448,351877.4936240413,4025456.900446875
1628236211931721426,351878.23939928436,4025456.917960786
1628236212009710970,351878.74583776365,4025456.928929276
1628236212141656999,351879.5560706495,4025456.8860298716
1628236212201663423,351879.9420582219,4025456.8934720196
1628236212339875498,351880.82131654315,4025456.8217285085
1628236212399862031,351881.2066744299,4025456.8208958143
1628236212549869766,351882.14519100054,4025456.7934286185
1628236212603742733,351882.46053609217,4025456.795806609
1628236212741878874,351883.3409288694,4025456.7993778624
1628236212807660948,351883.69899728685,4025456.7713469747
1628236212951799443,351884.63853667886,4025456.7680176375
1628236212999951912,351884.9503107527,4025456.765009262
1628236213137816540,351885.71413140243,4025456.806309475
1628236213263980276,351886.49789457733,4025456.8020411683
1628236213353975271,351887.0142171552,4025456.873526451
1628236213407834162,351887.3148553818,4025456.876049118
1628236213545712897,351888.1586222057,4025456.8757453146
1628236213665712458,351888.83185254515,4025456.964386204
1628236213755856144,351889.36470006005,4025456.965321358
1628236213803893798,351889.64077345317,4025456.9893671246
1628236213935875491,351890.3957222753,4025457.0008200714
1628236214062320118,351891.1423077626,4025456.9443148887
1628236214146043379,351891.6039646468,4025456.949182778
1628236214277825184,351892.34772841574,4025456.952571881
1628236214332200358,351892.6807894944,4025456.9040943105
1628236214463932224,351893.4114959102,4025456.913077808
1628236214541691605,351893.8012085777,4025456.922425334
1628236214679922705,351894.5486166137,4025456.847977018
1628236214739911666,351894.8775902919,4025456.85318965
1628236214871861094,351895.59174597013,4025456.791913586
1628236214949817056,351896.02547024516,4025456.794451338
1628236215076049830,351896.7058802725,4025456.8585709464
1628236215141810981,351897.02471969626,4025456.863636384
1628236215273948215,351897.7074035401,4025456.880444707
1628236215351845633,351898.11123544245,4025456.908838603
1628236215478118226,351898.77974641987,4025456.9302532673
1628236215543858225,351899.08598090685,4025456.9388148533
1628236215670139988,351899.69565817504,4025457.003304048
1628236215748034836,351900.09418669017,4025457.012440189
1628236215880120455,351900.6992113242,4025457.0332460194
1628236215940153937,351900.98644586117,4025457.044314361
1628236216072167511,351901.56087892153,4025457.0321951415
1628236216150044142,351901.91828136554,4025457.0437735994
1628236216276006153,351902.4376836704,4025457.0597558157
1628236216335949162,351902.6814497113,4025457.1183511564
1628236216473958559,351903.2468701197,4025457.12886261
1628236216545970934,351903.5183558542,4025457.1344627263
1628236216672109039,351903.9931038017,4025457.225015996
1628236216744064707,351904.2456141006,4025457.2327714385
1628236216864075899,351904.61858483206,4025457.291051332
1628236216942205241,351904.8818601335,4025457.3001487646
1628236217074215173,351905.25108410267,4025457.353472476
1628236217134217355,351905.4333975166,4025457.3643805054
1628236217266138944,351905.8133700434,4025457.3859343757
1628236217344224889,351905.9950833783,4025457.4420957263
1628236217482130945,351906.33545861894,4025457.469834694
1628236217608129411,351906.61515778623,4025457.5542753683
1628236217668114002,351906.7600170935,4025457.5664184657
1628236217734179961,351906.92915791087,4025457.579748894
1628236217878047532,351907.22090729396,4025457.637158303
1628236218010132794,351907.5388927177,4025457.672619467
1628236218070034176,351907.6248867769,4025457.7224205616
1628236218208149847,351907.965262765,4025457.751990665
1628236218268176522,351908.1122913306,4025457.758923907
1628236218406299717,351908.40459814284,4025457.8221680443
1628236218472099834,351908.55368821527,4025457.831873736
1628236218610196674,351908.82042155525,4025457.9165512677
1628236218676190783,351908.97159272083,4025457.924817579
1628236218808353982,351909.2172072886,4025458.0023027267
1628236218868336517,351909.37687052,4025458.0039083404
1628236219012219279,351909.761649691,4025458.001362527
1628236219078269941,351909.8362072575,4025458.053388493
1628236219210212707,351910.2120693574,4025458.054062121
1628236219270384341,351910.3926383952,4025458.0521824635
1628236219414293362,351910.6417456342,4025458.080458607
1628236219474261211,351910.8275798458,4025458.0777413067
1628236219612258460,351911.19911611517,4025458.098508747
1628236219672253985,351911.39600444195,4025458.1051242347
1628236219816288621,351911.7830522702,4025458.122834275
1628236219882386440,351912.0250962908,4025458.136017874
1628236220014421131,351912.48862954584,4025458.1596234306
1628236220074285082,351912.619791636,4025458.1702763755
1628236220212441930,351913.1439702524,4025458.1961112577
1628236220278193792,351913.37802943203,4025458.208134298
1628236220410224112,351913.75849024183,4025458.2654168447
1628236220470665168,351914.0433765837,4025458.27837208
1628236220614489456,351914.48088521895,4025458.35595109
1628236220680231524,351914.7343529165,4025458.367947751
1628236220818350906,351915.2683882223,4025458.374113306
1628236220878364864,351915.5358819419,4025458.3854125836
1628236221016514075,351916.17773225816,4025458.4128688863
1628236221076368920,351916.4250369747,4025458.3981607575
1628236221214494858,351917.09983520117,4025458.43213441
1628236221268534141,351917.3455232766,4025458.4424787536
1628236221418396877,351918.08857564384,4025458.4542594226
1628236221478382179,351918.38804155414,4025458.4685526537
1628236221616505451,351919.14881453896,4025458.426166252
1628236221676539263,351919.4597205571,4025458.440233551
1628236221808547161,351920.14828314073,4025458.4564091307
1628236221880333065,351920.52166890795,4025458.474688664
1628236222012338666,351921.2194868309,4025458.5074453717
1628236222138520188,351921.95148674346,4025458.442112901
1628236222210571719,351922.32475780277,4025458.4572511115
1628236222342464424,351923.03215958935,4025458.4811618375
1628236222420578316,351923.4548752317,4025458.502047286
1628236222540449404,351924.08875867195,4025458.525825518
1628236222612593411,351924.4472148629,4025458.600879761
1628236222750363712,351925.124394209,4025458.636690218
1628236222810520893,351925.4635838057,4025458.7558060554
1628236222942487023,351926.12655579497,4025458.8013504306
1628236223020367108,351926.4815165471,4025458.8218523692
1628236223140635290,351927.19251692796,4025458.743802093
1628236223212661645,351927.54103780934,4025458.7642614995
1628236223344550667,351928.22666312224,4025458.733551092
1628236223416442221,351928.56880650757,4025458.7486872734
1628236223542696427,351929.19537935825,4025458.773262163
1628236223614696594,351929.5307500154,4025458.877840497
1628236223752583797,351930.18732646684,4025458.918794654
1628236223812595260,351930.45125562523,4025458.9786790283
1628236223944691942,351931.04928346595,4025459.0150944185
1628236224016733084,351931.37000265124,4025459.031954756
1628236224148580009,351931.95519961056,4025459.0586405075
1628236224214844326,351932.2720262873,4025459.070943886
1628236224346619357,351932.8289435443,4025459.1982426103
1628236224418476408,351933.1422723405,4025459.2201579325
1628236224544693408,351933.72448792204,4025459.2598954337
1628236224616669622,351934.03691915644,4025459.1881814008
1628236224748584122,351934.6257643394,4025459.212272008
1628236224820507990,351934.9115860652,4025459.1870948677
1628236224946755574,351935.49710723275,4025459.2023920747
1628236225024516484,351935.81178449607,4025459.21392357
1628236225150659402,351936.3390757943,4025459.1933191987
1628236225222656984,351936.6516690684,4025459.207907614
1628236225354655278,351937.20370106254,4025459.235022927
1628236225420791593,351937.5124923517,4025459.241421182
1628236225552690950,351938.0868645058,4025459.24718901
1628236225624698444,351938.3964260201,4025459.257587264
1628236225750675466,351938.97256745026,4025459.2811780013
1628236225822573792,351939.2720406384,4025459.288757846
1628236225948610620,351939.81124752184,4025459.302908597
1628236226009065817,351940.128456521,4025459.3072252544
1628236226152717096,351940.7570425841,4025459.3514049686
1628236226224847837,351941.0800113018,4025459.3641835926
1628236226344660185,351941.63125982345,4025459.3347167983
1628236226476670648,351942.25087075797,4025459.350134055
1628236226549008079,351942.5738871455,4025459.38892858
1628236226614761806,351942.86646002415,4025459.390950057
1628236226746646015,351943.50989907276,4025459.400665492
1628236226884887590,351944.20197347435,4025459.4670157386
1628236226944897531,351944.5132486416,4025459.477690119
1628236227088659909,351945.204919775,4025459.5543777016
1628236227148966473,351945.52473186527,4025459.5592299323
1628236227280766664,351946.22985159943,4025459.5781918187
1628236227346917757,351946.550750457,4025459.6520268926
1628236227490800985,351947.3314843181,4025459.681263626
1628236227544861217,351947.6711682083,4025459.6917733033
1628236227676832430,351948.3241858395,4025459.781664309
1628236227754974076,351948.7888758285,4025459.8015440917
1628236227886941643,351949.52797088213,4025459.735314546
1628236227946893016,351949.88107580843,4025459.7472277805
1628236228078870816,351950.6025358222,4025459.8402376836
1628236228150831731,351951.0140930528,4025459.859987527
1628236228289039626,351951.8382286317,4025459.898523772
1628236228349008298,351952.1819501064,4025459.9846189637
1628236228480824168,351952.93851474766,4025460.0156728583
1628236228558880139,351953.40432279196,4025460.1385322884
1628236228690996085,351954.1468027909,4025460.1847196803
1628236228751034698,351954.48666926957,4025460.2077083965
1628236228882910021,351955.2298776411,4025460.266166966
1628236228948971994,351955.62171627907,4025460.2856587237
1628236229080923403,351956.3535486451,4025460.28734971
1628236229152845893,351956.7419290588,4025460.3134161956
1628236229284820674,351957.4598122288,4025460.3613973036
1628236229350982024,351957.83112527314,4025460.3994895495
1628236229483086232,351958.53663149185,4025460.4428755473
1628236229554827086,351958.9413940838,4025460.391787298
1628236229681078756,351959.6353411336,4025460.446296285
1628236229753129761,351960.0056738461,4025460.475234687
1628236229885003774,351960.68882007536,4025460.4780627713
1628236229956877356,351961.04657349316,4025460.50306561
1628236230083112717,351961.6782613648,4025460.6127314144
1628236230160916874,351962.01796936785,4025460.646099274
1628236230293128213,351962.73681790824,4025460.5915846387
1628236230353373123,351963.01538317336,4025460.6150408387
1628236230485041152,351963.60869424464,4025460.6611979906
1628236230556957602,351964.0038149184,4025460.5172860906
1628236230689059155,351964.57606590266,4025460.5596830626
1628236230821072771,351965.18629000196,4025460.4454078767
1628236230875105728,351965.4412852321,4025460.4593025628
1628236230958948866,351965.7772623398,4025460.47434715
1628236231097204414,351966.3842961408,4025460.412709176
1628236231223434804,351966.9025498234,4025460.429370992
1628236231283077592,351967.0976427162,4025460.434507758
1628236231421005005,351967.6585634933,4025460.3066702704
1628236231493085755,351967.91768719413,4025460.3067766465
1628236231619220036,351968.4664864325,4025460.2035912094
1628236231679244035,351968.68237444956,4025460.196974357
1628236231829135556,351969.17232144275,4025460.101843768
1628236231889143767,351969.38373018097,4025460.097409181
1628236232026990017,351969.84453030967,4025460.086090757
1628236232087021735,351969.99727638054,4025459.982879232
1628236232231167783,351970.52158866427,4025459.9504562886
1628236232291183274,351970.7301247786,4025459.9386396417
1628236232429298392,351971.17175779,4025459.8449904434
1628236232483057143,351971.34201239643,4025459.837779694
1628236232627051262,351971.78769003786,4025459.7754645473
1628236232693175449,351972.021102989,4025459.762170201
1628236232825112170,351972.3946149283,4025459.7128065014
1628236232885135476,351972.58752426674,4025459.7008753032
1628236233029174434,351973.0341062336,4025459.671855251
1628236233095224001,351973.2146418933,4025459.664453698
1628236233233106344,351973.6252027254,4025459.6473100223
1628236233281403254,351973.81491303525,4025459.641048812
1628236233425422934,351974.23282410216,4025459.6701060673
1628236233497170437,351974.46013067116,4025459.6584267165
1628236233623314940,351974.8004140191,4025459.6647309805
1628236233683305764,351974.9991563867,4025459.6566217938
1628236233827247271,351975.4184608635,4025459.672563057
1628236233893385279,351975.65942831384,4025459.6656096242
1628236234031268799,351976.1166461599,4025459.657175635
1628236234091172259,351976.2520336173,4025459.7026090138
1628236234229184286,351976.7600646111,4025459.68892793
1628236234289184466,351976.9819768771,4025459.6812470844
1628236234427429659,351977.4091506974,4025459.745196305
1628236234493352934,351977.6369351536,4025459.738269696
1628236234637435791,351978.17863271665,4025459.7588958996
1628236234691314264,351978.375646731,4025459.7550125415
1628236234829447365,351978.7866443436,4025459.9171247925
1628236234889480374,351979.0295383584,4025459.9193397476
1628236235033343092,351979.61056462245,4025459.9180538207
1628236235099375246,351979.8379908341,4025459.9902209654
1628236235219374204,351980.35111745325,4025459.994367179
1628236235291500275,351980.6514931993,4025460.004771217
1628236235429418157,351981.0812787378,4025460.146603906
1628236235561526162,351981.58810707857,4025460.246562415
1628236235633321801,351981.9025535843,4025460.246380579
1628236235759520076,351982.4933208671,4025460.243661996
1628236235825367756,351982.7650596666,4025460.1926187263
1628236235951555868,351983.37033866486,4025460.226579245
1628236236035340293,351983.7494642599,4025460.250394054
1628236236161406207,351984.3407144714,4025460.2151961243
1628236236233574484,351984.7285853682,4025460.2167970682
1628236236353558583,351985.2292256532,4025460.2867859043
1628236236431604938,351985.6271435425,4025460.2977216956
1628236236563471646,351986.2421685221,4025460.360920142
1628236236635348247,351986.60170213174,4025460.377592717
1628236236761479049,351987.2271469332,4025460.405837956
1628236236833506000,351987.5739364077,4025460.437514205
1628236236965498039,351988.26811176364,4025460.4660964753
1628236237031502928,351988.59291419876,4025460.477258608
1628236237163619530,351989.3366632967,4025460.5173694924
1628236237229445394,351989.6682771324,4025460.53067369
1628236237367519130,351990.42725336784,4025460.6100455406
1628236237427526097,351990.7597858631,4025460.6217471506
1628236237559497188,351991.46755362314,4025460.7064491813
1628236237625696501,351991.8555277126,4025460.724818358
1628236237769476992,351992.6369428645,4025460.761814369
1628236237829492526,351992.9728215536,4025460.85152414
1628236237955876652,351993.703696635,4025460.8740174226
1628236238027568254,351994.0971051927,4025460.887166866
1628236238159619611,351994.811440198,4025460.9900983823
1628236238237639636,351995.26000693796,4025461.00761615
1628236238357609424,351995.98281248595,4025460.9382049297
1628236238429599858,351996.38017552055,4025460.943459067
1628236238561525329,351997.1639660268,4025460.955145964
1628236238639724186,351997.6188934671,4025460.9662837787
1628236238759655376,351998.3039021421,4025460.9799016723
1628236238831760866,351998.7355675737,4025460.9655574346
1628236238963633644,351999.4824855323,4025460.9750054544
1628236239041570995,351999.8874088592,4025460.9815802667
1628236239161627108,352000.6680208178,4025460.932224586
1628236239233601447,352001.0724040091,4025460.944698663
1628236239365649786,352001.89923996234,4025460.8268647445
1628236239431685748,352002.30675802927,4025460.835272225
1628236239563680941,352003.03391885606,4025460.913693033
1628236239695584951,352003.79512719996,4025460.9236298515
1628236239761873991,352004.20441753534,4025460.9357456234
1628236239833821543,352004.5878189448,4025461.0241103317
1628236239965622844,352005.3407689014,4025461.061547741
1628236240097633094,352006.082078879,4025461.160784676
1628236240163805525,352006.48805173696,4025461.1662737415
1628236240235890838,352006.8944925353,4025461.177721119
1628236240355819647,352007.60060894606,4025461.24794131
1628236240493781875,352008.4037258668,4025461.3066327525
1628236240565733422,352008.8124971366,4025461.2579656187
1628236240697637183,352009.5508810355,4025461.280560912
1628236240764073342,352009.9479113767,4025461.2949309903
1628236240895805798,352010.6130856634,4025461.3604945554
1628236240967779010,352011.0066437084,4025461.3788302816
1628236241099776669,352011.7155714993,4025461.4099549414
1628236241165915966,352012.1046422393,4025461.4264294365
1628236241297881925,352012.83722764987,4025461.438290098
1628236241357944753,352013.1715164313,4025461.4527702387
1628236241501763734,352013.9531418015,4025461.4877961595
1628236241567947183,352014.3538539274,4025461.517622012
1628236241699926427,352015.076571295,4025461.5431403285
1628236241771699258,352015.4645784276,4025461.5580919706
1628236241897888623,352016.20111561555,4025461.6441206336
1628236241975858408,352016.58941093844,4025461.6688026683
1628236242089864466,352017.280619708,4025461.604083145
1628236242173874956,352017.729945675,4025461.6196054327
1628236242299914766,352018.4364623543,4025461.770478908
1628236242359925898,352018.7685462475,4025461.793450412
1628236242491892279,352019.48898686725,4025461.84648948
1628236242563765350,352019.8636722147,4025461.876576834
1628236242702026270,352020.64553240675,4025461.925362989
1628236242762028465,352020.9832035862,4025461.9431274114
1628236242894107647,352021.7247937713,4025461.9819351225
1628236242965892574,352022.11981695704,4025462.0110192113
1628236243092016421,352022.83555377857,4025462.001256398
1628236243169929544,352023.2309399693,4025462.028365924
1628236243295806219,352023.97188327636,4025462.063248041
1628236243373932688,352024.4547567511,4025462.0471305517
1628236243506100722,352025.20302509604,4025462.0856414377
1628236243566071684,352025.5681994423,4025462.0877385004
1628236243697957087,352026.32277212915,4025462.1344427657
1628236243764252333,352026.7301051733,4025462.155260141
1628236243907860567,352027.5547985126,4025462.212226934
1628236243967863940,352027.9075822127,4025462.2303745016
1628236244094116854,352028.64835252566,4025462.328417098
1628236244178003409,352029.1194315357,4025462.359697402
1628236244303931875,352029.8185350129,4025462.398117221
1628236244436124082,352030.64694555756,4025462.445804394
1628236244496111143,352031.00288666075,4025462.4665685133
1628236244568077059,352031.4021186171,4025462.4955048785
1628236244706058127,352032.2318531553,4025462.5474573844
1628236244838049156,352033.06031007925,4025462.5478104837
1628236244904044229,352033.4165236581,4025462.56844798
1628236245041988410,352034.2461706683,4025462.6152751385
1628236245102103791,352034.64660939836,4025462.5379271638
1628236245240061738,352035.477690428,4025462.5901011396
1628236245300083835,352035.87156074273,4025462.478364685
1628236245443969295,352036.70510619314,4025462.5175875686
1628236245504079815,352037.06212771835,4025462.5319247
1628236245642133603,352037.95440353244,4025462.3503693137
1628236245702123946,352038.3098920514,4025462.3660754617
1628236245840307232,352039.2149335016,4025462.1922217216
1628236245900216741,352039.57122060825,4025462.201078245
1628236246044130834,352040.4036130385,4025462.215662574
1628236246098348524,352040.82523173036,4025462.077588614
1628236246243365734,352041.6611430354,4025462.092723356
1628236246303341167,352041.9994220907,4025462.0817454658
1628236246435334161,352042.7713196282,4025462.0975458026
1628236246639211396,352043.977544841,4025462.008259106
1628236246711424856,352044.4532466068,4025462.010011405
1628236246843471783,352045.2425941831,4025461.9450227087
1628236246897486911,352045.53978287487,4025461.9493034827
1628236247041233321,352046.37136266974,4025461.95740191
1628236247107476632,352046.7990380549,4025461.9274266344
1628236247240225390,352047.5686234011,4025461.9239794547
1628236247306230763,352047.96757813357,4025461.995677109
1628236247444315691,352048.7963738405,4025462.0033655227
1628236247510156340,352049.1520068416,4025462.006084214
1628236247636297746,352049.90377550194,4025462.0816169158
1628236247696268196,352050.2572559017,4025462.086951173
1628236247846381007,352051.144639518,4025462.192670844
1628236247906356470,352051.49660386913,4025462.1985803545
1628236248044154061,352052.2590774759,4025462.211154889
1628236248098320518,352052.59513083805,4025462.2807525545
1628236248248425075,352053.4733792258,4025462.307189888
1628236248308422698,352053.7400609194,4025462.4801309034
1628236248440435229,352054.48543055705,4025462.502595509
1628236248500434926,352054.8280148966,4025462.513212451
1628236248638363413,352055.6107830625,4025462.5973414155
1628236248710315526,352056.0062876588,4025462.615310251
1628236248842438902,352056.8075274966,4025462.506860278
1628236248980232275,352057.54246456723,4025462.5295795114
1628236249046360727,352057.93437347864,4025462.542498035
1628236249172333604,352058.63495362515,4025462.6012962833
1628236249244277635,352059.01802526775,4025462.6149607967
1628236249382484673,352059.77085807704,4025462.631271155
1628236249442515971,352060.0867853679,4025462.644555854
1628236249568254351,352060.6671575981,4025462.6800760273
1628236249646258376,352061.08671713906,4025462.694903154
1628236249778264302,352061.76626841736,4025462.712433948
1628236249844541749,352062.1257419196,4025462.6165448204
1628236249976396002,352062.7885580516,4025462.640541241
1628236250048417027,352063.13856937725,4025462.6536105215
1628236250174540551,352063.81776643964,4025462.573505007
1628236250246599164,352064.1572348697,4025462.578575437
1628236250378446028,352064.78151008347,4025462.604496319
1628236250444708705,352065.1126238273,4025462.613554654
1628236250576457356,352065.69762079837,4025462.5874718307
1628236250648373879,352066.01607415266,4025462.5949914963
1628236250780404278,352066.5963249131,4025462.6073051565
1628236250846517513,352066.8958344165,4025462.615254994
1628236250984425087,352067.45869582985,4025462.622524845
1628236251050384182,352067.7532853385,4025462.603260283
1628236251176582730,352068.29389784986,4025462.610421632
1628236251248565241,352068.5780864461,4025462.6182973157
1628236251380537953,352069.13536954194,4025462.545476295
1628236251446546528,352069.40933723433,4025462.557066543
1628236251572465593,352069.93093868956,4025462.492773996
1628236251650642819,352070.2356117187,4025462.4885659325
1628236251782526339,352070.7275773666,4025462.4830687144
1628236251842532056,352070.9137883084,4025462.504228787
1628236251974558421,352071.38894751726,4025462.5189009565
1628236252040570375,352071.6389836159,4025462.53192207
1628236252178480833,352072.04023840453,4025462.5953569524
1628236252250611710,352072.3109569167,4025462.59359006
1628236252370621337,352072.7161953853,4025462.681234094
1628236252442591077,352072.9405751623,4025462.689398236
1628236252580853558,352073.45590319124,4025462.6616362664
1628236252652689719,352073.66902253276,4025462.6698247567
1628236252778598656,352074.0262630859,4025462.6791241895
1628236252844621509,352074.22184847237,4025462.756048674
1628236252976599995,352074.58468240756,4025462.767648336
1628236253048643235,352074.7736149897,4025462.7730452446
1628236253174745390,352075.15265671164,4025462.8599310177
1628236253306653084,352075.4762135994,4025462.9805248715
1628236253384639415,352075.6700213915,4025462.9997853464
1628236253444649227,352075.8119026087,4025463.014484557
1628236253576794587,352076.1339099923,4025463.051439637
1628236253702991347,352076.41728944477,4025463.0780674703
1628236253780720290,352076.563269754,4025463.0915523088
1628236253913879393,352076.8942928554,4025462.970132705
1628236253974068791,352077.00971772615,4025462.98137714
1628236254105769142,352077.2765734622,4025462.8909603446
1628236254178013704,352077.39922047406,4025462.90159324
1628236254315820359,352077.65057407814,4025462.7253801147
1628236254375819782,352077.7446339977,4025462.7275133217
1628236254513910553,352077.9410609468,4025462.732156778
1628236254580642175,352078.0762763695,4025462.5315123345
1628236254706875671,352078.263660462,4025462.532007079
1628236254784654516,352078.36388701614,4025462.532478634
1628236254910766817,352078.5989477236,4025462.4583823355
1628236254982670559,352078.7003985672,4025462.4572765795
1628236255114888074,352078.8781497904,4025462.4887894844
1628236255180896842,352078.9785403914,4025462.4881443377
1628236255312807380,352079.2074058341,4025462.3854210395
1628236255384829352,352079.30886422575,4025462.384757672
1628236255522957642,352079.5102934415,4025462.3820982757
1628236255583852116,352079.6226509937,4025462.310172363
1628236255710230938,352079.8085875483,4025462.304527199
1628236255787759320,352079.9079414356,4025462.3021449656
1628236255914007781,352080.0997930176,4025462.1710154456
1628236255980003938,352080.196933386,4025462.167679155
1628236256111914598,352080.38659778284,4025462.0264091957
1628236256183914570,352080.48131252266,4025462.016842845
1628236256321954281,352080.69229030976,4025461.96749575
1628236256376026133,352080.7588239028,4025461.9606991946
1628236256514031230,352080.9441099325,4025461.94375822
1628236256586020134,352081.08277159213,4025461.89318857
1628236256712166722,352081.252529357,4025461.8783284295
1628236256777861650,352081.3305286141,4025461.871015768
1628236256915964460,352081.51423172187,4025461.868613151
1628236256987973704,352081.6038168542,4025461.8606755165
1628236257120014044,352081.8118971116,4025461.755987634
1628236257186147710,352081.90147911897,4025461.7478669467
1628236257318048639,352082.1116333048,4025461.6663526567
1628236257378116088,352082.18930665427,4025461.6578248423
1628236257516013702,352082.3725226993,4025461.635822708
1628236257576013107,352082.46643168497,4025461.5897705397
1628236257708137827,352082.6346413328,4025461.5664528282
1628236257792117478,352082.73817542853,4025461.553302713
1628236257918032576,352082.9011579276,4025461.5133808344
1628236258050023846,352083.1081677652,4025461.4943906832
1628236258110013368,352083.1840238954,4025461.4866720997
1628236258248235150,352083.35709129774,4025461.4672541074
1628236258320030850,352083.4804972138,4025461.4275803873
1628236258452041714,352083.6297857277,4025461.4131764285
1628236258512071498,352083.6947644431,4025461.4064674648
1628236258650261430,352083.8929613733,4025461.328849961
1628236258722183362,352083.9588076998,4025461.3193337917
1628236258854058377,352084.1324516396,4025461.299722869
1628236258914368582,352084.18123490945,4025461.2917643925
1628236259052543587,352084.32537794474,4025461.240506153
1628236259112323650,352084.3655928022,4025461.2329533044
1628236259250138964,352084.4485446056,4025461.2154241577
1628236259310133182,352084.5216304781,4025461.217045609
1628236259460176389,352084.5822641977,4025461.202506628
1628236259514181320,352084.6030241151,4025461.195835113
1628236259652195011,352084.6744673657,4025461.136967301
1628236259712167610,352084.6852416926,4025461.1299168705
1628236259856131270,352084.73840985366,4025461.092784604
1628236259922376978,352084.74254721135,4025461.0848708595
1628236260054382507,352084.688922522,4025461.175722687
1628236260114399643,352084.6923465348,4025461.1742909434
1628236260252214076,352084.7008159744,4025461.1698738807
1628236260324130904,352084.66885531513,4025461.158608819
1628236260462133445,352084.66956929106,4025461.1575285024
1628236260516422702,352084.6697445327,4025461.157067741
1628236260655197062,352084.69781365537,4025461.1137566436
1628236260727165002,352084.697804544,4025461.113222732
1628236260859046279,352084.7261325718,4025461.0707769813
1628236260919174999,352084.72612476203,4025461.0703193424
1628236261057227503,352084.75487574044,4025461.0276222304
1628236261123183186,352084.75486793066,4025461.0271645905
1628236261261081417,352084.75488021754,4025461.02609625
1628236261321132146,352084.78298682807,4025460.9849818125
1628236261465146014,352084.785085964,4025460.982809727
1628236261519441476,352084.78598481376,4025460.981833068
1628236261657296237,352084.8113226667,4025460.9429936996
1628236261723099464,352084.81131485687,4025460.942536061
1628236261861372023,352084.8375849284,4025460.9028873127
1628236261981371160,352084.8386013869,4025460.901649245
1628236262059402328,352084.8659650745,4025460.861707173
1628236262191275912,352084.86594997556,4025460.8608224057
1628236262263166179,352084.8659408642,4025460.8602884966
1628236262323183572,352084.89243985433,4025460.8215361247
1628236262455280776,352084.89242293313,4025460.820544577
1628236262593293870,352084.91852323525,4025460.781676937
1628236262659210469,352084.9185154254,4025460.781219299
1628236262785255546,352084.91871206084,4025460.7802241063
1628236262863452806,352084.9441841845,4025460.7420996204
1628236262989335133,352084.9453870764,4025460.741056738
1628236263055325756,352084.97132281074,4025460.7032752964
1628236263187222425,352084.9713058895,4025460.70228375
1628236263259370164,352084.97129677807,4025460.701749839
1628236263385483937,352084.9961232302,4025460.665131755
1628236263463402742,352084.9961128172,4025460.6645215717
1628236263583601268,352085.0203134315,4025460.6287839343
1628236263655388705,352085.0203043201,4025460.6282500234
1628236263793286551,352085.02028739895,4025460.627258476
1628236263865423081,352085.0439213726,4025460.5922934595
1628236263985448316,352085.0447904937,4025460.591363086
1628236264057397491,352085.06895169825,4025460.5568926195
1628236264195558080,352085.06893842167,4025460.556114635
1628236264255580696,352085.06893061195,4025460.5556569984
1628236264393356663,352085.09175804403,4025460.521712841
1628236264459451076,352085.0917489326,4025460.5211789296
1628236264591362595,352085.11413357605,4025460.4881120934
1628236264657497706,352085.11412993155,4025460.48789853
1628236264783409197,352085.114114312,4025460.486983255
1628236264861445886,352085.1362055891,4025460.454608081
1628236264993376131,352085.1362191776,4025460.453616013
1628236265059597981,352085.15887053614,4025460.4218721604
1628236265191614270,352085.15885830077,4025460.4211551943
1628236265269372178,352085.1588491894,4025460.4206212843
1628236265389539842,352085.1804087567,4025460.3892775388
1628236265461523181,352085.18039964524,4025460.3887436287
1628236265593429170,352085.2015967589,4025460.357619696
1628236265659637286,352085.20158920955,4025460.3571773143
1628236265797533404,352085.2015722884,4025460.356185764
1628236265863524488,352085.22261842235,4025460.3251559623
1628236265995409098,352085.2226625161,4025460.324163374
1628236266061677606,352085.2443871235,4025460.2935492457
1628236266193636012,352085.2444966599,4025460.2928149435
1628236266265566965,352085.24555534055,4025460.2922628103
1628236266391621925,352085.2669834531,4025460.262157291
1628236266517688078,352085.2697805892,4025460.2615449717
1628236266595719002,352085.29325562506,4025460.2315723696
1628236266667460361,352085.2971210716,4025460.230972339
1628236266787721757,352085.3079359076,4025460.2298722374
1628236266925613821,352085.34659758396,4025460.199258994
1628236267003431541,352085.3583951933,4025460.1985235973
1628236267129498796,352085.40417468094,4025460.1683382117
1628236267189507316,352085.4176502516,4025460.167574179
1628236267327781120,352085.47132645117,4025460.13696411
1628236267387628246,352085.4876405968,4025460.136227933
1628236267531523968,352085.5319168216,4025460.1341905845
1628236267585747832,352085.570445172,4025460.106494091
1628236267717809574,352085.62195681693,4025460.1046231906
1628236267789532517,352085.65273060836,4025460.1035639583
1628236267927785354,352085.73993489286,4025460.074136511
1628236267987812534,352085.77351102483,4025460.072770056
1628236268125564297,352085.86821588024,4025460.044740513
1628236268197898844,352085.923903262,4025460.042569466
1628236268329687474,352086.0368159163,4025460.0121082
1628236268389693739,352086.08684176556,4025460.0107967234
1628236268527705571,352086.2055937706,4025460.00777835
1628236268599746777,352086.29189825774,4025459.9667541455
1628236268731722509,352086.4297647664,4025459.9589997223
1628236268797758474,352086.49817859987,4025459.955085597
1628236268923681645,352086.6579397257,4025459.944561874
1628236269001831208,352086.7613243846,4025459.942324562
1628236269133680128,352086.9427739195,4025459.936618794
1628236269193778965,352087.02977190906,4025459.936232807
1628236269325663125,352087.2430708237,4025459.9120236575
1628236269403913874,352087.3713355463,4025459.913863183
1628236269535776498,352087.5897927858,4025459.914743405
1628236269595723430,352087.6519601491,4025459.8863535975
1628236269727793620,352087.87352538115,4025459.8851665985
1628236269793788815,352087.99313026917,4025459.8838427053
1628236269931920064,352088.2341708611,4025459.897277212
1628236269992126443,352088.33488739654,4025459.897847335
1628236270123944305,352088.5677125852,4025459.8769366494
1628236270195824733,352088.68627440894,4025459.8770801737
1628236270327758441,352088.93139732315,4025459.8650692743
1628236270394048706,352089.05317210243,4025459.8675078633
1628236270531855550,352089.28239867697,4025459.871774964
1628236270597855982,352089.41009927366,4025459.9049356673
1628236270736089397,352089.66408783384,4025459.911725208
1628236270801802495,352089.77572707704,4025459.913940034
1628236270928011370,352090.03117597813,4025459.9258316983
1628236270999849517,352090.1670189492,4025459.9300444233
1628236271137898113,352090.47402721725,4025459.894577257
1628236271270070986,352090.7471472033,4025459.8976223334
1628236271330052610,352090.90053931356,4025459.84471099
1628236271467975368,352091.21553718863,4025459.8428757316
1628236271533913215,352091.3550322018,4025459.841136171
1628236271671943855,352091.6985594496,4025459.742483861
1628236271725833845,352091.8224775664,4025459.7381872027
1628236271870002474,352092.1844411973,4025459.7577981846
1628236271930013575,352092.34155097173,4025459.7564294487
1628236272073859082,352092.7185767612,4025459.783306124
1628236272133890340,352092.8806036849,4025459.7830589516
1628236272272007127,352093.2633814851,4025459.782188143
1628236272332133477,352093.4687403352,4025459.77016927
1628236272475912098,352093.86859462806,4025459.767633774
1628236272524017557,352094.0138746138,4025459.766009166
1628236272674167583,352094.4796229914,4025459.70846964
1628236272734150584,352094.6579991013,4025459.704174533
1628236272872058266,352095.12003603665,4025459.655365502
1628236272932127098,352095.30401568196,4025459.649494663
1628236273064050291,352095.7202825208,4025459.6341057494
1628236273136047279,352095.941588068,4025459.632007845
1628236273267939506,352096.35993410344,4025459.6275852406
1628236273334109097,352096.5654553856,4025459.638497983
1628236273466102909,352096.9927352082,4025459.6273615807
1628236273537931629,352097.2283353127,4025459.621525471
1628236273664206809,352097.64884797385,4025459.5813293196
1628236273730011046,352097.85642097023,4025459.5801371955
1628236273868098977,352098.36196825176,4025459.5577316834
1628236273940001649,352098.6101539752,4025459.5597833944
1628236274066199638,352099.09331531986,4025459.5551704634
1628236274126226670,352099.3137187332,4025459.5547512756
1628236274269993026,352099.8370460619,4025459.546874227
1628236274336179910,352100.0631762493,4025459.535111436
1628236274468278304,352100.5540062691,4025459.534594481
1628236274534029226,352100.7830229697,4025459.5372937866
1628236274678191594,352101.3561319054,4025459.4905418884
1628236274732148691,352101.5457169615,4025459.490358704
1628236274876094006,352102.11033080495,4025459.4813958257
1628236274930320198,352102.3397484405,4025459.478976558
1628236275080270139,352102.9401915572,4025459.470134797
1628236275128230756,352103.1352701921,4025459.469979981
1628236275272176932,352103.6852954731,4025459.4689872
1628236275404116557,352104.2422857799,4025459.4549969938
1628236275476212781,352104.5223495823,4025459.451850929
1628236275536236709,352104.76315817214,4025459.4490084746
1628236275668285045,352105.34830286715,4025459.48075752
1628236275812225460,352105.9188306304,4025459.47589021
1628236275872369865,352106.16453285643,4025459.496936221
1628236276004344236,352106.69303179526,4025459.4952580617
1628236276070517950,352107.0258168754,4025459.50747862
1628236276202287618,352107.54534411733,4025459.5111874407
1628236276274256873,352107.82209926826,4025459.5099747977
1628236276406165095,352108.3922021672,4025459.554432066
1628236276478267613,352108.6689823093,4025459.5502129956
1628236276610221827,352109.2134513068,4025459.607223366
1628236276676305704,352109.48845517257,4025459.6160505763
1628236276796286521,352109.98159560637,4025459.6230632076
1628236276874354548,352110.2916758029,4025459.6406457345
1628236277006445023,352110.79329076456,4025459.6560588675
1628236277072393615,352111.10409414757,4025459.6739953
1628236277198323949,352111.56512357364,4025459.6797095705
1628236277282218840,352111.870865351,4025459.688058174
1628236277408482735,352112.36773548264,4025459.7491158
1628236277468479481,352112.5950401797,4025459.764158658
1628236277606403396,352113.1178045605,4025459.833289049
1628236277666379668,352113.34809876373,4025459.845580073
1628236277810535497,352113.88591749815,4025459.8624966745
1628236277876411106,352114.15785795846,4025459.9180383957
1628236277996437459,352114.6170275548,4025459.943529735
1628236278074266593,352114.8835799515,4025460.0016506296
1628236278212310885,352115.42069622,4025460.030160909
1628236278284293946,352115.68971635925,4025460.0397465485
1628236278404425595,352116.15480366506,4025460.0892310003
1628236278476434079,352116.426475366,4025460.1004041354
1628236278602431632,352116.93320546515,4025460.1947263107
1628236278674435276,352117.21122126444,4025460.2119558756
1628236278806311243,352117.73446424044,4025460.2384904423
1628236278878469548,352118.0104219088,4025460.4677792704
1628236279004465177,352118.5005742961,4025460.502675822
1628236279076347759,352118.81911894615,4025460.5683174864
1628236279202595087,352119.36298533704,4025460.6204253635
1628236279274728699,352119.66067207314,4025460.649435055
1628236279412544062,352120.30063994334,4025460.557719788
1628236279478503429,352120.56370684097,4025460.5770050725
1628236279604492276,352121.13158947113,4025460.525323431
1628236279682600637,352121.4855775633,4025460.5470096013
1628236279808421058,352122.01532227907,4025460.5816886276
1628236279874564026,352122.3758545455,4025460.574652515
1628236280006544684,352122.94082348386,4025460.6160244457
1628236280138403547,352123.578682696,4025460.6511326153
1628236280216650466,352123.9238356479,4025460.6719014887
1628236280342588238,352124.5458614086,4025460.70372451
1628236280396586706,352124.7608119957,4025460.7190852705
1628236280540523111,352125.3594853118,4025460.7594550806
1628236280606704730,352125.7143002427,4025460.733015618
1628236280744989751,352126.3091642099,4025460.7647528416
1628236280810614871,352126.5613470739,4025460.779295331
1628236280936647934,352127.16068724927,4025460.6655682814
1628236281014611077,352127.45200878906,4025460.6828153143
1628236281140747137,352128.0387538542,4025460.723419328
1628236281206663770,352128.3276813836,4025460.7371823997
1628236281338656602,352128.8735049584,4025460.8387272265
1628236281410636668,352129.15910143347,4025460.85758263
1628236281542502036,352129.68637264264,4025460.897538166
1628236281608735367,352130.0196282463,4025460.8318084893
1628236281740697816,352130.53835143626,4025460.874259798
1628236281812664228,352130.7951305163,4025460.914938997
1628236281938758338,352131.303395908,4025460.9561649314
1628236282010779419,352131.5739567502,4025460.978252433
1628236282142715124,352132.10866224905,4025460.942381278
1628236282209001938,352132.37462410214,4025460.9623194467
1628236282352795665,352132.94166149455,4025460.926385051
1628236282412743812,352133.1674150578,4025460.943530136
1628236282538597968,352133.6161481282,4025460.9744191077
1628236282610780436,352133.955451864,4025460.90365774
1628236282748736684,352134.43363761215,4025460.929390297
1628236282802935365,352134.6531000343,4025460.9400050705
1628236282940825052,352135.1865072873,4025460.9219482727
1628236283006832806,352135.40366424574,4025460.9324803236
1628236283144809901,352135.9464613532,4025460.92370872
1628236283204834131,352136.1667456733,4025460.9342026976
1628236283342886002,352136.7050340149,4025460.923203947
1628236283414914099,352136.9793576146,4025460.9350954355
1628236283546917368,352137.50779278995,4025460.959207983
1628236283606894276,352137.7393102277,4025460.90278267
1628236283738781822,352138.2983195837,4025460.925763329
1628236283816940776,352138.65543864964,4025460.854606675
1628236283942687654,352139.2056258144,4025460.8720615385
1628236284008910075,352139.5369735611,4025460.885009772
1628236284146867385,352140.20643333055,4025460.8378375056
1628236284218815616,352140.5589671446,4025460.846731683
1628236284350938316,352141.2201560496,4025460.8746528984
1628236284470949118,352141.86196616676,4025460.8953973064
1628236284542970512,352142.2455455474,4025460.9084312087
1628236284620845167,352142.6933791636,4025460.92595383
1628236284752768618,352143.4327886057,4025460.946116822
1628236284879011410,352144.17404384515,4025461.0020307912
1628236284939270394,352144.5205114025,4025461.015789423
1628236285083045571,352145.27472674253,4025461.1659510033
1628236285149011768,352145.6810877554,4025461.1852798876
1628236285286766217,352146.442529839,4025461.221501256
1628236285340999212,352146.73411693145,4025461.3553996137
1628236285479050236,352147.5585750401,4025461.4031348242
1628236285550948326,352147.9609727911,4025461.493363793
1628236285683023345,352148.72953645256,4025461.54365477
1628236285743040512,352149.0843586761,4025461.5650531678
1628236285880994683,352149.9808278299,4025461.512941191
1628236285946839593,352150.3417025312,4025461.531352445
1628236286084946976,352151.1901134098,4025461.6111048334
1628236286144971577,352151.55391312763,4025461.6328232256
1628236286288977081,352152.4053734628,4025461.68113591
1628236286343008053,352152.8815013934,4025461.5415120623
1628236286486976516,352153.7414834581,4025461.578631988
1628236286540984764,352154.05090996233,4025461.5927939415
1628236286685134147,352155.03893103986,4025461.5755899046
1628236286757137081,352155.4781343847,4025461.5961596062
1628236286877156629,352156.33786417684,4025461.495937655
1628236286949031013,352156.7800392847,4025461.5145035777
1628236287093019220,352157.76607566583,4025461.4176205876
1628236287147153111,352158.1455319837,4025461.4286808083
1628236287284926873,352158.9688155027,4025461.455867977
1628236287345103376,352159.4429479073,4025461.570493795
1628236287489043274,352160.3349237966,4025461.609204923
1628236287549072211,352160.7179719785,4025461.624201852
1628236287687198930,352161.6452406995,4025461.730885166
1628236287747085955,352161.96480045305,4025461.746034248
1628236287891075921,352162.97916790354,4025461.749103485
1628236287951121945,352163.36644260783,4025461.76498976
1628236288077221012,352164.21056729805,4025461.8752582627
1628236288149202472,352164.66414848913,4025461.895186462
1628236288287122757,352165.50688524696,4025461.9330289406
1628236288353117764,352165.9900875802,4025461.9997244263
1628236288491275529,352166.90413351776,4025462.045063685
1628236288623252076,352167.7542627825,4025462.162066158
1628236288689211342,352168.2136621458,4025462.185847391
1628236288809199351,352169.0257857178,4025462.2619021195
1628236288893256034,352169.5445892222,4025462.297457301
1628236289025309095,352170.38347635174,4025462.356514909
1628236289085290516,352170.8035327272,4025462.292251364
1628236289211470353,352171.6431106735,4025462.348871127
1628236289289171121,352172.09493369085,4025462.3784428793
1628236289415217532,352172.90664172143,4025462.507972655
1628236289493252629,352173.41244959,4025462.5429104646
1628236289613254299,352174.2548867889,4025462.5587248746
1628236289685257733,352174.6941987035,4025462.5901428564
1628236289817228730,352175.57871929905,4025462.515608187
1628236289883351350,352176.0143589699,4025462.541061553
1628236290015307928,352176.8162405368,4025462.5820280933
1628236290087365917,352177.3137686803,4025462.4777314663
1628236290219260333,352178.1032880109,4025462.5149568743
1628236290297142315,352178.52540195745,4025462.5364448125
1628236290417391035,352179.3717308205,4025462.4503088887
1628236290489375702,352179.79059044376,4025462.46439073
1628236290621277926,352180.5719427294,4025462.466507315
1628236290687334166,352180.98513300484,4025462.4809910813
1628236290819382909,352181.784733273,4025462.4400865794
1628236290897470740,352182.1895894101,4025462.455292378
1628236291023194234,352182.9329092306,4025462.482884213
1628236291095316108,352183.37356559635,4025462.4634061377
1628236291221332345,352184.1090457184,4025462.4902925263
1628236291281336458,352184.4473692499,4025462.502513144
1628236291425205992,352185.2446150475,4025462.6223876006
1628236291491358425,352185.6363856982,4025462.637969308
1628236291611394468,352186.30443753034,4025462.690771177
1628236291689489032,352186.7415187813,4025462.7112870924
1628236291821469191,352187.46565969783,4025462.744318154
1628236291893485083,352187.8402584132,4025462.761337231
1628236292013503794,352188.48100022326,4025462.7910450776
1628236292085391191,352188.8868478506,4025462.6854439005
1628236292211484639,352189.5729651124,4025462.722099083
1628236292289267497,352189.94100699254,4025462.7429532656
1628236292415536191,352190.64546963456,4025462.7082954776
1628236292493470036,352191.05834848294,4025462.726889709
1628236292613467164,352191.6643081963,4025462.7990921964
1628236292691543789,352192.0718888957,4025462.827328969
1628236292817571163,352192.6760053128,4025462.81917846
1628236292883486634,352193.0320158826,4025462.838696784
1628236293027441972,352193.7429442272,4025462.8736016564
1628236293099332941,352194.1043654547,4025462.864127181
1628236293213552314,352194.7129692612,4025462.8990070103
1628236293345999671,352195.37415596127,4025462.856145798
1628236293429498994,352195.783326815,4025462.875627471
1628236293555982134,352196.4897786102,4025462.8600863027
1628236293627590452,352196.85224839224,4025462.8745201975
1628236293747618609,352197.4734182526,4025462.9018310932
1628236293825497065,352197.86762858013,4025462.8511018413
1628236293957554832,352198.5872472926,4025462.8802283425
1628236294017639666,352198.8929326695,4025462.8915564697
1628236294155544398,352199.5856463214,4025462.835431953
1628236294221666971,352199.9376504037,4025462.844596971
1628236294359595794,352200.6798483635,4025462.7509307927
1628236294431470553,352200.97941392625,4025462.7568243276
1628236294551551312,352201.6444003439,4025462.7551439214
1628236294617678813,352201.98696674686,4025462.7593734413
1628236294755695441,352202.6178472883,4025462.7691543605
1628236294821626414,352202.97242519195,4025462.7834026394
1628236294953577230,352203.5953852915,4025462.7966909315
1628236295025710816,352203.927283052,4025462.8007514887
1628236295151693650,352204.60105718666,4025462.726517435
1628236295229491227,352204.9312085055,4025462.7283799956
1628236295349815273,352205.5975205482,4025462.646948933
1628236295427618142,352205.9229948252,4025462.6492422386
1628236295565748035,352206.6507305474,4025462.560217776
1628236295625789930,352206.92722002865,4025462.552390406
1628236295757653466,352207.5227033838,4025462.5345918518
1628236295823700686,352207.897467254,4025462.529086669
1628236295961788280,352208.53349279164,4025462.528297346
1628236296015672280,352208.7590673234,4025462.526907737
1628236296159634175,352209.4323420826,4025462.5773029514
1628236296231674198,352209.74391092866,4025462.571257938
1628236296363784509,352210.3613493968,4025462.6061408157
1628236296417673327,352210.57928194746,4025462.605797098
1628236296555862891,352211.2345173403,4025462.5817003488
1628236296627841684,352211.5356213007,4025462.588330969
1628236296765722771,352212.0949024442,4025462.5968614444
1628236296825856134,352212.46821811656,4025462.456308353
1628236296957838882,352213.0215854276,4025462.435688194
1628236297017897299,352213.2761050287,4025462.4280067445
1628236297155788237,352213.92873038526,4025462.3376390245
1628236297215767657,352214.18105056044,4025462.335198427
1628236297359899026,352214.8244957264,4025462.201300745
1628236297425689686,352215.07295380195,4025462.194287281
1628236297557839148,352215.7243810871,4025462.063183299
1628236297629903685,352216.01438596274,4025462.044398691
1628236297755770577,352216.5069092221,4025462.0206199377
1628236297827878346,352216.8474280264,4025461.9620330767
1628236297959900852,352217.37259943096,4025461.93884214
1628236298097818926,352217.8723442403,4025461.898308012
1628236298151838773,352218.10512907594,4025461.8839781377
1628236298361920175,352218.890227598,4025461.8507707207
1628236298499763067,352219.3487320516,4025461.832821249
1628236298559877505,352219.60339037015,4025461.8135865475
1628236298703863022,352220.064371434,4025461.790544157
1628236298757761554,352220.22312415857,4025461.7817338416
1628236298895994749,352220.6801574776,4025461.7687839638
1628236298955983600,352220.8568480398,4025461.7582639945
1628236299099892760,352221.31601595145,4025461.6637793616
1628236299165874398,352221.5072764758,4025461.6509052482
1628236299297804522,352221.85004711495,4025461.6268418618
1628236299352035350,352222.0500104211,4025461.619205813
1628236299495937210,352222.3931481228,4025461.5969825275
1628236299555959866,352222.57609343337,4025461.5725160292
1628236299699733894,352222.8905290677,4025461.552491131
1628236299754438514,352223.018842996,4025461.5438031005
1628236299898030351,352223.3490540318,4025461.5057630246
1628236299964060637,352223.48350064596,4025461.4956581662
1628236300096049920,352223.7547667399,4025461.4119152436
1628236300156096834,352223.8573505407,4025461.4011939494
1628236300300078077,352224.0809364782,4025461.375347926
1628236300366006869,352224.2150613952,4025461.3709859536
1628236300498005882,352224.3965730184,4025461.351030084
1628236300563985109,352224.4841716562,4025461.3518712143
1628236300696094419,352224.65065526625,4025461.335147078
1628236300767886090,352224.71603991836,4025461.328081299
1628236300900045009,352224.87684725487,4025461.393242257
1628236300960114892,352224.93127077015,4025461.388987909
1628236301104034407,352225.0385856076,4025461.417249044
1628236301158198987,352225.08111045737,4025461.415410118
1628236301302157077,352225.1679235747,4025461.4117937563
1628236301362174776,352225.2005158698,4025461.445799747
1628236301500147004,352225.2621201285,4025461.447007775
1628236301560180917,352225.3009682577,4025461.4572861567
1628236301704187724,352225.3420391417,4025461.462796347
1628236301830170523,352225.4129978035,4025461.414832937
1628236301902139314,352225.42419877835,4025461.416244166
1628236302028093527,352225.4371811164,4025461.418769449
1628236302106232119,352225.4717494865,4025461.3847628445
1628236302232245504,352225.48275779636,4025461.3869555686
1628236302298125751,352225.489042858,4025461.387763953
1628236302436113571,352225.4659672902,4025461.3427465498
1628236302496134646,352225.4699372714,4025461.342907748
1628236302634268251,352225.42739492067,4025461.305683897
1628236302706169115,352225.4291586813,4025461.305318127
1628236302826176902,352225.4311102056,4025461.272111759
1628236302898269271,352225.43126889697,4025461.2715749866
1628236303030101604,352225.4317477539,4025461.270574989
1628236303096248287,352225.45518613246,4025461.235293276
1628236303234107229,352225.4555658351,4025461.2342949673
1628236303300090681,352225.4559659942,4025461.2336014896
1628236303426272629,352225.48187882616,4025461.1948900884
1628236303510312856,352225.4821735063,4025461.1942747044
1628236303630288350,352225.50834219554,4025461.1558030862
1628236303696258292,352225.5086000389,4025461.155264624
1628236303828264238,352225.5347350978,4025461.1166104726
1628236303906341305,352225.53503341903,4025461.116208651
1628236304038221027,352225.53547543916,4025461.115285574
1628236304098279520,352225.5614674046,4025461.0767406737
1628236304242254708,352225.5619830937,4025461.075663752
1628236304308125684,352225.5622038448,4025461.0751869585
1628236304500349798,352225.588200225,4025461.035558592
1628236304638803777,352225.61401000497,4025460.9966200646
1628236304704281268,352225.61423101625,4025460.9961585253
1628236304830406155,352225.64001713396,4025460.9571746234
1628236304908297287,352225.6402840824,4025460.957170073
1628236305040231375,352225.64076345717,4025460.9562005824
1628236305100359845,352225.66633177456,4025460.9174187607
1628236305232463440,352225.6668106292,4025460.916418763
1628236305304482081,352225.6921509112,4025460.877686606
1628236305436463319,352225.69224460376,4025460.87736457
1628236305502470333,352225.69250244723,4025460.876826108
1628236305634427495,352225.71757656353,4025460.8381442656
1628236305706338750,352225.71768186765,4025460.8376084063
1628236305832931617,352225.7426684437,4025460.798714432
1628236305904483832,352225.7426606413,4025460.798256793
1628236306025196880,352225.7430340193,4025460.797334886
1628236306108495714,352225.7676894263,4025460.758705962
1628236306234449444,352225.7681682832,4025460.7577059604
1628236306306439866,352225.7926013788,4025460.7194623016
1628236306432694267,352225.7925912357,4025460.7188673737
1628236306564533648,352225.8170359476,4025460.680409889
1628236306642297108,352225.8170359476,4025460.680409889
1628236306702742120,352225.81713648513,4025460.680041959
1628236306840439206,352225.8412581731,4025460.641879904
1628236306960426773,352225.8416162962,4025460.6409582584
1628236307044373359,352225.84191097406,4025460.640342873
1628236307176545751,352225.8658020304,4025460.6020779368
1628236307230541062,352225.865986205,4025460.6016933224
1628236307368577006,352225.88957356836,4025460.5644101403
1628236307440560546,352225.8897406698,4025460.5639190027
1628236307572722905,352225.91326068935,4025460.5267132665
1628236307632756668,352225.91325548774,4025460.526408173
1628236307770622597,352225.91367202497,4025460.525332941
1628236307836462026,352225.9366793038,4025460.4889294137
1628236307962777227,352225.93671830173,4025460.4885320147
1628236308040504633,352225.9369761475,4025460.487993553
1628236308166531729,352225.9600658484,4025460.451054555
1628236308232638258,352225.96032369183,4025460.450516094
1628236308370670610,352225.9830079448,4025460.4144079946
1628236308436508470,352225.98317556636,4025460.413947367
1628236308562568396,352226.0057230528,4025460.377872118
1628236308634591568,352226.0057230528,4025460.377872118
1628236308772905815,352226.00593886024,4025460.377105488
1628236308832842364,352226.02798565256,4025460.3420916465
1628236308964816725,352226.0279814913,4025460.341847575
1628236309043116741,352226.02798764344,4025460.3413134036
1628236309174648712,352226.0498001607,4025460.3059831187
1628236309234686224,352226.0500211697,4025460.30552158
1628236309366859948,352226.0716233413,4025460.2712782705
1628236309444672626,352226.0716129382,4025460.2706680875
1628236309577036492,352226.09271432355,4025460.236585907
1628236309636650096,352226.09271432355,4025460.236585907
1628236309768638915,352226.0927470796,4025460.2358223973
1628236309840678677,352226.113636819,4025460.202750921
1628236309966675095,352226.11375026836,4025460.202245438
1628236310032670312,352226.11397127964,4025460.2017838997
1628236310176587556,352226.13459285325,4025460.168198188
1628236310236903343,352226.134850699,4025460.167659727
1628236310368957675,352226.1551874755,4025460.135269073
1628236310446577223,352226.1552851521,4025460.134733341
1628236310572721732,352226.17533097713,4025460.102729125
1628236310639032297,352226.17533097713,4025460.102729125
1628236310776723263,352226.17532923946,4025460.102179829
1628236310842982108,352226.19476152153,4025460.071330499
1628236310974700789,352226.1947602211,4025460.0712542254
1628236311046739407,352226.19481213554,4025460.0707192747
1628236311172973686,352226.2141853064,4025460.039535254
1628236311311148772,352226.23351002915,4025460.00864198
1628236311370738333,352226.23351002915,4025460.00864198
1628236311514769217,352226.2335058679,4025460.008397905
1628236311574746785,352226.25219971454,4025459.978537741
1628236311712994869,352226.25219971454,4025459.978537741
1628236311773004120,352226.2523373466,4025459.978108143
1628236311905917554,352226.27081781183,4025459.9487093873
1628236311978014251,352226.2708675582,4025459.948494913
1628236312109825672,352226.2894648538,4025459.918788985
1628236312169799331,352226.28945705155,4025459.9183313465
1628236312307816827,352226.30791047344,4025459.888688907
1628236312379775447,352226.30791047344,4025459.888688907
1628236312511818882,352226.30790423165,4025459.888322798
1628236312571837325,352226.325946921,4025459.8596486803
1628236312709873082,352226.3259461408,4025459.8596029156
1628236312769862164,352226.32602986536,4025459.859143719
1628236312907990707,352226.3438886404,4025459.8308694703
1628236312967955660,352226.34404880943,4025459.830866739
1628236313117754970,352226.3618834871,4025459.802074095
1628236313172050844,352226.36201297166,4025459.801614118
1628236313309998312,352226.37983439234,4025459.773386283
1628236313370013299,352226.37983439234,4025459.773386283
1628236313513913257,352226.3798289307,4025459.773065937
1628236313579955223,352226.397297775,4025459.745637582
1628236313717926414,352226.3976413385,4025459.7452044715
1628236313771907162,352226.39786234975,4025459.7447429327
1628236313915918758,352226.41511624993,4025459.7176844603
1628236313975931528,352226.41511130845,4025459.717394623
1628236314113950753,352226.4322245409,4025459.6901401817
1628236314173932312,352226.4324455522,4025459.6896786434
1628236314312098979,352226.44982625335,4025459.6624501566
1628236314384073185,352226.4498338808,4025459.6624500267
1628236314515974915,352226.45032417896,4025459.6621212293
1628236314581876290,352226.46715105395,4025459.635970318
1628236314714129245,352226.46715105395,4025459.635970318
1628236314774153630,352226.4673115683,4025459.6355403285
1628236314912381192,352226.483871932,4025459.6098669907
1628236315050010194,352226.48406668013,4025459.609207533
1628236315116046559,352226.5006473232,4025459.58338126
1628236315248177558,352226.50112617796,4025459.58238126
1628236315320020478,352226.51740737667,4025459.5573383
1628236315452044681,352226.5174032155,4025459.557094226
1628236315518030349,352226.5173941128,4025459.556560317
1628236315649973661,352226.53330964607,4025459.5319966218
1628236315721987836,352226.5335063896,4025459.531901714
1628236315848205338,352226.5494432425,4025459.5072461003
1628236315920076223,352226.549611039,4025459.507243239
1628236316046286681,352226.5500898938,4025459.5062432396
1628236316118205703,352226.56574290013,4025459.4819434234
1628236316250219665,352226.5662217572,4025459.4809434228
1628236316321969482,352226.5816776749,4025459.457165774
1628236316442151289,352226.58186835144,4025459.457162524
1628236316520117668,352226.5821638119,4025459.4565929025
1628236316646141592,352226.59738268785,4025459.4332312886
1628236316712296884,352226.597380087,4025459.4330787417
1628236316844135176,352226.61262028257,4025459.409625211
1628236316916037364,352226.6126889249,4025459.4096240406
1628236317042138810,352226.6131709006,4025459.4088070947
1628236317120290186,352226.62831211917,4025459.38581302
1628236317246059883,352226.6287541395,4025459.3848899445
1628236317312277733,352226.6435615028,4025459.3624508865
1628236317444190404,352226.6435599423,4025459.362359359
1628236317522360827,352226.643686826,4025459.361746834
1628236317642327428,352226.6582734381,4025459.3397845696
1628236317714330226,352226.65831790224,4025459.3397075175
1628236317852256042,352226.6729484561,4025459.3176376903
1628236317924293430,352226.6729484561,4025459.3176376903
1628236318050110591,352226.67293779296,4025459.3170122523
1628236318116365677,352226.68695359083,4025459.2955785273
1628236318254285263,352226.68714131677,4025459.2945071952
1628236318314265392,352226.7013956341,4025459.273191473
1628236318446279352,352226.7013956341,4025459.273191473
1628236318518154365,352226.7013956341,4025459.273191473
1628236318656190761,352226.71558546816,4025459.252120996
1628236318716777054,352226.71585241664,4025459.2521164445
1628236318848292217,352226.7300421678,4025459.2314884798
1628236318926169549,352226.7306184438,4025459.231280289
1628236319052185379,352226.73631422257,4025459.2301913444
1628236319118464703,352226.75699461624,4025459.209452722
1628236319238435898,352226.77560468763,4025459.209135438
1628236319322164620,352226.80525929644,4025459.1880759634
1628236319448442280,352226.83712358074,4025459.18654087
1628236319526357470,352226.8579897945,4025459.1856510565
1628236319652326719,352226.9104328122,4025459.164126767
1628236319784334822,352226.96137051703,4025459.162602189
1628236319850498789,352226.99734664656,4025459.156571881
1628236319922225645,352227.0290659449,4025459.158167359
1628236320048332679,352227.0885694858,4025459.161455923
1628236320180397226,352227.18753800524,4025459.131997201
1628236320252357803,352227.23644751834,4025459.1314380052
1628236320384286957,352227.33818869654,4025459.112460735
1628236320450500719,352227.3992373127,4025459.111953982
1628236320582423768,352227.53057451756,4025459.0948830526
1628236320654409954,352227.6058414844,4025459.094667961
1628236320786290886,352227.76082019217,4025459.095397976
1628236320846332558,352227.83849544195,4025459.0596798793
1628236320978325971,352228.01707466436,4025459.0574592818
1628236321056448845,352228.1403299784,4025459.028608862
1628236321194458950,352228.3631457132,4025459.018889601
1628236321242475593,352228.44800493453,4025459.0156728015
1628236321386567995,352228.7094082433,4025458.9638064206
1628236321446594423,352228.8247899967,4025458.9600082133
1628236321584556752,352229.11062703247,4025458.937953383
1628236321644814372,352229.23611205525,4025458.9311447567
1628236321776535535,352229.5166658059,4025458.9164738213
1628236321848392712,352229.6905896995,4025458.8810527176
1628236321986551817,352230.0167400564,4025458.870639908
1628236322052508888,352230.15825946245,4025458.865480568
1628236322184444817,352230.4806591432,4025458.838682505
1628236322250415041,352230.64392776333,4025458.830726191
1628236322388665081,352231.0030579909,4025458.804110671
1628236322454426899,352231.1437996116,4025458.799422376
1628236322580558725,352231.4736077357,4025458.756537119
1628236322658656463,352231.6649507604,4025458.7458133474
1628236322784477364,352231.95173339825,4025458.7259703064
1628236322850732563,352232.132816814,4025458.6723910393
1628236322982560587,352232.4425315941,4025458.659618714
1628236323054733376,352232.6085952888,4025458.653613719
1628236323192474665,352232.9486676059,4025458.648929949
1628236323252598361,352233.0905915012,4025458.641093431
1628236323384478439,352233.4458401117,4025458.6253170506
1628236323450770682,352233.60972402163,4025458.6194407903
1628236323582724685,352233.9069726752,4025458.5757984333
1628236323654625440,352234.0645107663,4025458.569130086
1628236323786642104,352234.35438134294,4025458.550516238
1628236323852640297,352234.5081737188,4025458.53178084
1628236323984756643,352234.79015157523,4025458.5147206513
1628236324050584878,352234.9186910908,4025458.512102039
1628236324182708964,352235.2351762331,4025458.452079302
1628236324254659702,352235.38187493215,4025458.440148301
1628236324386553898,352235.634704244,4025458.4192362474
1628236324530567331,352235.9056994759,4025458.380008875
1628236324584748796,352236.03735103516,4025458.384508962
1628236324728612258,352236.29192863475,4025458.3466601362
1628236324794559767,352236.3953733668,4025458.3287068014
1628236324926812567,352236.64006656175,4025458.300441306
1628236324986821450,352236.7269275896,4025458.280390289
1628236325124776591,352236.94675615896,4025458.221649192
1628236325196722142,352237.0305803092,4025458.201573653
1628236325328744632,352237.2228611239,4025458.1572489315
1628236325376815255,352237.2778465279,4025458.144333224
1628236325532674791,352237.44394140644,4025458.099432567
1628236325598883698,352237.52237069746,4025458.0775111117
1628236325730766265,352237.6664652603,4025458.0296285325
1628236325784699826,352237.7229697297,4025458.008706467
1628236325922649374,352237.8927669078,4025457.9460269897
1628236325988900260,352237.9797315411,4025457.904306421
1628236326120934291,352238.143961558,4025457.80998311
1628236326180903453,352238.2229556262,4025457.765697578
1628236326330795100,352238.4132134415,4025457.61926354
1628236326390817816,352238.49401223747,4025457.5626942576
1628236326522704905,352238.6676438148,4025457.4206178216
1628236326588830111,352238.7400779058,4025457.3432862926
1628236326732838076,352238.93514167704,4025457.136405684
1628236326792822967,352239.0131336225,4025457.044971636
1628236326930966572,352239.1892873462,4025456.832447133
1628236326984728303,352239.2505834594,4025456.7475539055
1628236327128721735,352239.422244604,4025456.476465609
1628236327189207647,352239.50074365304,4025456.342724939
1628236327326744973,352239.65806399845,4025456.0735596153
1628236327386753365,352239.71671159146,4025455.9442925598
1628236327525031540,352239.83799619135,4025455.6208243766
1628236327596896136,352239.9141044313,4025455.4564843704
1628236327734776779,352240.00542492105,4025455.131894289
1628236327788786625,352240.04457954736,4025454.977110775
1628236327927043847,352240.1654395546,4025454.5781635027
1628236327998922474,352240.1984250646,4025454.379249281
1628236328124976101,352240.265300706,4025453.9915221413
1628236328184972976,352240.2903820101,4025453.811389181
1628236328335067745,352240.35330557404,4025453.335044037
1628236328455085135,352240.37997895177,4025452.944874149
1628236328532877862,352240.3937573958,4025452.710810158
1628236328658975802,352240.45247157326,4025452.256509751
1628236328730858169,352240.47311601846,4025452.0112354113
1628236328857056700,352240.50273883087,4025451.5116844224
1628236328929102319,352240.52794615226,4025451.2525686678
1628236329060994233,352240.57387526013,4025450.720939917
1628236329127073456,352240.5993555632,4025450.445614439
1628236329259125420,352240.644762759,4025449.9187248806
1628236329331142881,352240.6565047958,4025449.579973006
1628236329468890971,352240.70311734476,4025449.0177230304
1628236329535018844,352240.72940517525,4025448.7051823153
1628236329661042787,352240.78657197335,4025448.0670219413
1628236329721051398,352240.8081662732,4025447.783034556
1628236329871167651,352240.8585806051,4025447.0369860088
1628236329931278126,352240.880027717,4025446.741678946
1628236330056909640,352240.9435947911,4025446.0976568204
1628236330134968862,352240.9707909026,4025445.6853372036
1628236330261214068,352241.0131193957,4025444.999775895
1628236330333228977,352241.04913280375,4025444.596278267
1628236330453236308,352241.0839458372,4025443.9402186787
1628236330525036937,352241.10310341493,4025443.551779122
1628236330663247160,352241.1241602622,4025442.7265179707
1628236330729041152,352241.1357248372,4025442.3849614686
1628236330855372415,352241.13458628,4025441.573918616
1628236330932999035,352241.1409777113,4025441.1638610424
1628236331065153142,352241.1576467898,4025440.279469731
1628236331137060288,352241.1591730737,4025439.8605990936
1628236331263164649,352241.1586728143,4025439.139359906
1628236331335292454,352241.16908468504,4025438.611586815
1628236331467270376,352241.1610708947,4025437.822847776
1628236331533554783,352241.15546592226,4025437.3969422313
1628236331659187843,352241.1550452099,4025436.6248739227
1628236331737192977,352241.1475413044,4025436.1381478133
1628236331869087081,352241.14377233805,4025435.304825873
1628236331929289185,352241.1390748706,4025434.93931529
1628236332061220472,352241.1307738606,4025434.108664645
1628236332127331800,352241.1268151416,4025433.6848978186
1628236332265442405,352241.12385065353,4025432.8423762443
1628236332331098888,352241.11175118457,4025432.4418655997
1628236332457352583,352241.1079882589,4025431.665734339
1628236332535122500,352241.1074055085,4025431.2497988725
1628236332661269657,352241.106962298,4025430.4406057806
1628236332727551610,352241.1065926871,4025430.028222031
1628236332859364120,352241.09489009925,4025429.23791317
1628236332997184111,352241.09389024077,4025428.48244129
1628236333063273375,352241.08589943766,4025428.038311386
1628236333141292699,352241.083869269,4025427.5768524488
1628236333267175998,352241.083622133,4025426.8879122874
1628236333399173382,352241.07432995,4025426.1221903837
1628236333465332800,352241.0768372794,4025425.7264051754
1628236333603324178,352241.0917877665,4025424.9139436455
1628236333663312076,352241.0956080477,4025424.579065287
1628236333795199980,352241.1077169522,4025423.8581452314
1628236333867345146,352241.1128493312,4025423.4691055357
1628236334005356942,352241.1302891662,4025422.7095808587
1628236334065337493,352241.149615678,4025422.355211811
1628236334191594110,352241.16845914273,4025421.6637031413
1628236334263468915,352241.17995423236,4025421.2943459162
1628236334401300611,352241.1987461088,4025420.5881742174
1628236334461251769,352241.2064671223,4025420.2784830313
1628236334593423930,352241.19877971953,4025419.517387778
1628236334665503090,352241.20505175,4025419.16208159
1628236334809391917,352241.26541769376,4025418.430954604
1628236334857523694,352241.2721598025,4025418.1824382227
1628236334995435978,352241.28927585663,4025417.4925306845
1628236335067434566,352241.32814063656,4025417.134105371
1628236335199411155,352241.3454853054,4025416.50907525
1628236335265595435,352241.3559698182,4025416.1757617844
1628236335403451052,352241.41235110734,4025415.5434132772
1628236335469462759,352241.42460382916,4025415.2153645447
1628236335601465015,352241.51222325524,4025414.6051584086
1628236335667575949,352241.52886809065,4025414.282787452
1628236335799606090,352241.6275653902,4025413.6649765936
1628236335859606926,352241.64732878644,4025413.392174781
1628236336003350363,352241.69511903555,4025412.756219013
1628236336063360902,352241.7436450962,4025412.488343831
1628236336201602479,352241.7980299594,4025411.8507650048
1628236336273424081,352241.8272811489,4025411.5294456477
1628236336399571897,352241.9125326326,4025410.9311514
1628236336477437298,352241.9456646469,4025410.6087893127
1628236336603460869,352241.9782454603,4025409.990488099
1628236336675547611,352242.0093823771,4025409.66387224
1628236336801688358,352242.0365830363,4025409.039665952
1628236336861595505,352242.0637333093,4025408.75532448
1628236336993549910,352242.12482823094,4025408.1340804887
1628236337065535881,352242.1502621898,4025407.7803855506
1628236337203685479,352242.2142696293,4025407.102191061
1628236337263725522,352242.24322345643,4025406.809075431
1628236337395748554,352242.2722585228,4025406.1622392833
1628236337467429287,352242.3052967596,4025405.8164714756
1628236337593702043,352242.2923630227,4025405.152192547
1628236337737602592,352242.3476555989,4025404.4497016896
1628236337797499523,352242.37184273254,4025404.1459402354
1628236337942115548,352242.381931592,4025403.3485764842
1628236338007762954,352242.40581112413,4025403.0401967927
1628236338139632175,352242.41728038306,4025402.364088133
1628236338199653568,352242.43718505267,4025402.0507865036
1628236338337654926,352242.47617192817,4025401.3092511417
1628236338409545251,352242.49648619595,4025400.937180085
1628236338541698643,352242.53462967847,4025400.238811584
1628236338595800809,352242.5509560844,4025399.9111817116
1628236338739672721,352242.591646316,4025399.1473849383
1628236338805955295,352242.59033607214,4025398.7487351
1628236338937806252,352242.62156380166,4025398.0224079164
1628236338997829699,352242.63543001586,4025397.6829332137
1628236339136070333,352242.68635154987,4025396.8641058896
1628236339207767414,352242.70343544125,4025396.4605190097
1628236339345654216,352242.76486742275,4025395.6782256975
1628236339405706772,352242.7797627768,4025395.3279605918
1628236339543636575,352242.8115349534,4025394.5095970402
1628236339603753396,352242.8571003652,4025394.1302442383
1628236339741741649,352242.8922703634,4025393.31025109
1628236339801770156,352242.89467629493,4025392.909401645
1628236339945643101,352242.92119209596,4025392.0843374417
1628236340005906050,352242.93215922604,4025391.728752872
1628236340143788149,352242.96898450505,4025390.84966388
1628236340203777148,352242.97967168456,4025390.490635547
1628236340341906299,352242.96276527026,4025389.622396127
1628236340401933187,352242.96961374674,4025389.261510596
1628236340546017208,352242.98271411366,4025388.4183642776
1628236340600122984,352242.94968378404,4025388.031958833
1628236340743806030,352242.96387267276,4025387.189114399
1628236340803959634,352242.92266412347,4025386.7937845155
1628236340935954652,352242.93139997387,4025386.012816774
1628236341007846625,352242.9369032143,4025385.593603722
1628236341145842203,352242.9564388812,4025384.725612852
1628236341205861890,352242.96049419895,4025384.367811483
1628236341344002275,352243.0118985429,4025383.513742897
1628236341397797563,352243.01672041067,4025383.218810843
1628236341541890293,352243.03368089464,4025382.3989144983
1628236341607877256,352243.051775467,4025381.93779919
1628236341739892982,352243.0612180473,4025381.1853079824
1628236341877993879,352243.1135366565,4025380.331162782
1628236341949828594,352243.12386239227,4025379.928103113
1628236342075937143,352243.17433303915,4025379.1530768676
1628236342141784464,352243.18810739456,4025378.8131307163
1628236342268121113,352243.222338194,4025378.083486944
1628236342351936830,352243.27962973475,4025377.6016226034
1628236342471925413,352243.30994194443,4025376.9361487357
1628236342543948623,352243.32923023764,4025376.5486378088
1628236342669956396,352243.34613205306,4025375.791533302
1628236342748096639,352243.3723493709,4025375.353091757
1628236342879888054,352243.37651879597,4025374.654676825
1628236342951960782,352243.3986417318,4025374.2199672386
1628236343083859240,352243.429208072,4025373.475859364
1628236343149923224,352243.44616699626,4025373.15310161
1628236343275926330,352243.4844807956,4025372.4597809855
1628236343342145401,352243.5314299149,4025372.0474604173
1628236343479985962,352243.5811928901,4025371.3660755376
1628236343545908957,352243.60949906963,4025371.0018334733
1628236343672172086,352243.6368607065,4025370.2876878935
1628236343750027661,352243.6596916395,4025369.924942992
1628236343882061889,352243.764873547,4025369.161603328
1628236343942140773,352243.79267799587,4025368.853858673
1628236344074185889,352243.9029741278,4025368.160485948
1628236344145934193,352243.9417855536,4025367.805616948
1628236344278103647,352244.0089008582,4025367.144551203
1628236344344239882,352244.0418277448,4025366.7738826284
1628236344476092057,352244.10803923255,4025366.100075761
1628236344548014494,352244.1495381121,4025365.7341286875
1628236344674241200,352244.20622102,4025365.042448103
1628236344746218669,352244.24797862524,4025364.674223031
1628236344878150018,352244.2870773517,4025363.953987408
1628236344944441509,352244.32308503764,4025363.5809927285
1628236345076244945,352244.37317255005,4025362.877461512
1628236345148260803,352244.4081367061,4025362.500090027
1628236345274676041,352244.4770235496,4025361.793903723
1628236345346183132,352244.5005445226,4025361.4009189713
1628236345478147477,352244.57160789834,4025360.691277549
1628236345550268245,352244.6348133552,4025360.2851039316
1628236345670289586,352244.696603314,4025359.626265243
1628236345742170298,352244.7336823855,4025359.240480516
1628236345880179310,352244.8729212291,4025358.4453098895
1628236345952166060,352244.9162968884,4025358.058319179
1628236346072171806,352245.0103401444,4025357.3540539485
1628236346150304768,352245.0597478015,4025356.910502083
1628236346276083682,352245.1355908044,4025356.2498521744
1628236346354290347,352245.28253156634,4025355.7722275895
1628236346474113382,352245.36782389256,4025355.118084795
1628236346612352975,352245.45601023117,4025354.3145985217
1628236346678138833,352245.4972994686,4025353.990052735
1628236346810301298,352245.57316849334,4025353.2015776713
1628236346876240377,352245.6135472554,4025352.882250728
1628236347008280759,352245.70361838443,4025352.194700806
1628236347074398320,352245.68748475786,4025351.806359374
1628236347212333010,352245.7748584436,4025351.0746958624
1628236347278506824,352245.8107658932,4025350.763395085
1628236347416266389,352245.84974367253,4025349.9997954527
1628236347482416003,352245.8954452843,4025349.638697796
1628236347614350450,352245.9897925749,4025348.9267445
1628236347686331345,352246.036687386,4025348.574774281
1628236347806301469,352246.06382413313,4025347.9261852857
1628236347884443210,352246.1170241984,4025347.526522366
1628236348016556074,352246.2050494529,4025346.8764910907
1628236348076449486,352246.23313803755,4025346.554520222
1628236348208354666,352246.3302284832,4025345.909049456
1628236348280312269,352246.39017239976,4025345.563509733
1628236348418478823,352246.4937537614,4025344.8570677685
1628236348478459053,352246.54621612874,4025344.5640626466
1628236348610390245,352246.69612964307,4025343.899174651
1628236350212607529,352248.8011200034,4025336.2062613294
1628236350290367790,352248.8985078125,4025335.895102799
1628236350412623289,352249.06205881643,4025335.321719569
1628236350478429281,352249.1464214764,4025335.0628239163
1628236350611877670,352249.32405317586,4025334.4167432752
1628236350683852177,352249.423087899,4025334.1193966027
1628236350821681213,352249.60356946127,4025333.5183119834
1628236350953829359,352249.78201202024,4025332.982906382
1628236351013819006,352249.8656055154,4025332.738413096
1628236351157718772,352250.0355314134,4025332.1352882343
1628236351217783729,352250.12061812216,4025331.892905761
1628236351355655283,352250.2722506018,4025331.3239066894
1628236351415679659,352250.3553483621,4025331.086135824
1628236351548570871,352250.53672499256,4025330.5715698143
1628236351620579374,352250.6258578162,4025330.296212328
1628236351758602393,352250.82034678466,4025329.754635629
1628236351818606790,352250.8775051952,4025329.528537552
1628236351956716389,352251.06685919646,4025329.0048403936
1628236352016783761,352251.1472419481,4025328.784137241
1628236352148763509,352251.2740248868,4025328.315805827
1628236352208773258,352251.34814698424,4025328.10557789
1628236352352574551,352251.48027659534,4025327.575386876
1628236352418765423,352251.55838325893,4025327.342896796
1628236352550775179,352251.6984364046,4025326.925296652
1628236352610769284,352251.81256545265,4025326.6818469483
1628236352760670431,352251.9663919908,4025326.2326013693
1628236352820683152,352251.9773799217,4025325.9909936767
1628236352952811399,352252.09260031465,4025325.6293977643
1628236353012810891,352252.14313072595,4025325.470102173
1628236353162706685,352252.22532502026,4025325.0517563694
1628236353222691596,352252.26681916224,4025324.9074999667
1628236353354600001,352252.4235139416,4025324.575944016
1628236353414868401,352252.460653914,4025324.445693309
1628236353552863207,352252.6275168087,4025324.131481384
1628236353612773844,352252.66403369873,4025324.0161493486
1628236353756685970,352252.74321205134,4025323.7614849354
1628236353816626640,352252.84222282044,4025323.63683255
1628236353960881258,352252.9160904015,4025323.401820711
1628236354014870788,352252.94742821297,4025323.3044681437
1628236354152804160,352253.0377633099,4025323.075912464
1628236354218654236,352253.06727800786,4025322.985739818
1628236354356913445,352253.16510419216,4025322.7759242156
1628236354428783000,352253.19663706725,4025322.67972038
1628236354554866484,352253.27786595456,4025322.503726985
1628236354614862783,352253.302733655,4025322.4287323365
1628236354758696160,352253.3573477822,4025322.2614934975
1628236354825097306,352253.4247172295,4025322.1617796076
1628236354956864294,352253.4725115161,4025322.0205515525
1628236355094712912,352253.5361175962,4025321.890727123
1628236355160772460,352253.5600717709,4025321.82569692
1628236355280804899,352253.59680913435,4025321.720165045
1628236355364753626,352253.64816324605,4025321.6526078396
1628236355490881605,352253.68427630723,4025321.5520763015
1628236355556922981,352253.698568557,4025321.487760113
1628236355682854831,352253.7280986081,4025321.407887037
1628236355761023759,352253.7459057392,4025321.3586555026
1628236355892903418,352253.7981689655,4025321.282217319
1628236355964915779,352253.8106035564,4025321.2463298067
1628236356090916087,352253.8587138598,4025321.176905259
1628236356162798214,352253.8703489371,4025321.1482717767
1628236356295823138,352253.88800699275,4025321.10416981
1628236356367834253,352253.912440343,4025321.0533757247
1628236356494096833,352253.9281987902,4025321.015547071
1628236356560167044,352253.9534616398,4025320.9923805417
1628236356691970768,352253.96569892054,4025320.9655068386
1628236356763995133,352253.9715962213,4025320.953855248
1628236356890368694,352253.9898148754,4025320.922500258
1628236356956090852,352253.99277240876,4025320.9169718623
1628236357093994867,352254.0005333056,4025320.8848490673
1628236357160121821,352254.00099579,4025320.884230824
1628236357292575752,352253.99954445503,4025320.8899471704
1628236357352242544,352254.00698067487,4025320.8732415084
1628236357484261602,352254.00639944617,4025320.878531032
1628236357562113074,352254.00841892057,4025320.876604492
1628236357688027518,352254.00760610256,4025320.882630396
1628236357754295782,352254.0076032434,4025320.8864909736
1628236357886273844,352254.01525111444,4025320.8822025345
1628236357958183723,352254.0153188488,4025320.886176352
1628236358084419395,352254.0283452413,4025320.8742659157
1628236358156087280,352254.0289437609,4025320.878047577
1628236358294205456,352254.0308970583,4025320.885666675
1628236358360211512,352254.03675695974,4025320.877639738
1628236358486141059,352254.0387508209,4025320.886295757
1628236358558116005,352254.0410965337,4025320.8650152357
1628236358690120844,352254.0423635162,4025320.8726536613
1628236358768384754,352254.0437962155,4025320.8774816054
1628236358894031477,352254.0470281981,4025320.87059811
1628236358966224269,352254.047909832,4025320.875771144
1628236359098355110,352254.0486603775,4025320.8593778065
1628236359164051510,352254.04917651124,4025320.8628022857
1628236359296012389,352254.0508035754,4025320.870976269
1628236359422249954,352254.0613264687,4025320.8581090393
1628236359494264095,352254.0629022238,4025320.862377592
1628236359560162579,352254.0778517969,4025320.839310556
1628236359698101999,352254.0810917965,4025320.8458777405
1628236359824276353,352254.08557121805,4025320.8316105106
1628236359890221397,352254.08723208355,4025320.835053624
1628236360022310020,352254.09094007313,4025320.841773051
1628236360088152900,352254.10945744184,4025320.8194386717
1628236360226142619,352254.11490568926,4025320.8257545885
1628236360298097539,352254.1181687888,4025320.8292009113
1628236360424203908,352254.1093214137,4025320.789525705
1628236360496209534,352254.1115903765,4025320.791493589
1628236360622354173,352254.0978882456,4025320.752122389
1628236360700117435,352254.0981551983,4025320.7521178387
1628236360826354166,352254.1074384542,4025320.7336640554
1628236360892275280,352254.1077054069,4025320.733659504
1628236361024551245,352254.1087529782,4025320.734244379
1628236361096432530,352254.1174122791,4025320.714992502
1628236361234146648,352254.1182055074,4025320.7149789818
1628236361294298745,352254.11898599606,4025320.715560779
1628236361426272680,352254.1276279618,4025320.6961871246
1628236361504317452,352254.12814149767,4025320.696773474
1628236361636521170,352254.13706437114,4025320.6773187383
1628236361684491541,352254.13741522236,4025320.6773127583
1628236361822264302,352254.1466421869,4025320.6582419416
1628236361900307524,352254.14664981444,4025320.658241812
1628236362032257414,352254.1474684386,4025320.6588229598
1628236362086528411,352254.1560382509,4025320.6392445397
1628236362230425847,352254.15701600653,4025320.6397619396
1628236362290479044,352254.15773161745,4025320.640566098
1628236362428414930,352254.1664813638,4025320.620801502
1628236362488575179,352254.1673181009,4025320.6215501917
1628236362620578239,352254.1763263902,4025320.6017354126
1628236362704337265,352254.17682216014,4025320.601726962
1628236362830393160,352254.18597939634,4025320.5821461584
1628236362890375875,352254.1862082113,4025320.582142258
1628236363094493553,352254.1956083475,4025320.5624886486
1628236363232389112,352254.19594394584,4025320.5624829293
1628236363292579842,352254.19646497926,4025320.56306152
1628236363424440731,352254.20472198795,4025320.54258815
1628236363502585769,352254.20559374255,4025320.543153133
1628236363634528262,352254.2141440968,4025320.522880761
1628236363826492781,352254.2233446259,4025320.503154258
1628236363904636754,352254.22364971414,4025320.5031490577
1628236364042483644,352254.2245596042,4025320.5037133903
1628236364162676161,352254.2330477726,4025320.4833734115
1628236364222861830,352254.23329184274,4025320.4833692503
1628236364306491870,352254.2418550679,4025320.46385198
1628236364438560973,352254.24257965066,4025320.46383963
1628236364564527653,352254.2514661664,4025320.4440421844
1628236364624551354,352254.2516415909,4025320.444039195
1628236364768504768,352254.25261999655,4025320.444594731
1628236364828529470,352254.260712201,4025320.4242996494
1628236364966728654,352254.26124610414,4025320.4242905485
1628236365032554835,352254.2619119242,4025320.4248590423
1628236365170540128,352254.2703084345,4025320.4045129963
1628236365230574713,352254.2705601321,4025320.4045087053
1628236365368731202,352254.27912838256,4025320.3848387585
1628236365428751363,352254.2795021165,4025320.3848323883
1628236365572655330,352254.288350757,4025320.3650508486
1628236365638586256,352254.2886177074,4025320.365046299
1628236365770804636,352254.2894739492,4025320.3655962874
1628236365830757700,352254.29738387733,4025320.345350088
1628236365968641985,352254.29799405363,4025320.3453396875
1628236366040636290,352254.2987970326,4025320.3458982133
1628236366172744661,352254.306890015,4025320.325648895
1628236366232611153,352254.3072103584,4025320.3256434356
1628236366370788945,352254.31570701837,4025320.3062493703
1628236366442723684,352254.3162409238,4025320.30624027
1628236366574662818,352254.3247781466,4025320.2865403336
1628236366634655242,352254.3250069639,4025320.2865364323
1628236366766559464,352254.3259165916,4025320.287085512
1628236366844705526,352254.3336510977,4025320.266842305
1628236366964728630,352254.3341087301,4025320.2668345044
1628236367030693979,352254.3346751365,4025320.2673894325
1628236367174837567,352254.3427244362,4025320.247262932
1628236367234855920,352254.3432298245,4025320.247818899
1628236367372767830,352254.3509188255,4025320.227591726
1628236367432748676,352254.3512925593,4025320.227585356
1628236367582627756,352254.35965682793,4025320.2080333284
1628236367636722746,352254.3598856429,4025320.208029429
1628236367774909720,352254.360856161,4025320.208569839
1628236367828783485,352254.3682899971,4025320.18859116
1628236367978766871,352254.368862038,4025320.188581409
1628236368044783564,352254.3695959836,4025320.189118223
1628236368182770603,352254.3771137182,4025320.169138113
1628236368230558169,352254.3773044001,4025320.1691348627
1628236368374813819,352254.38527707965,4025320.1494369204
1628236368506727830,352254.3864074665,4025320.1495092064
1628236368566903181,352254.39374149917,4025320.1294940813
1628236368710790597,352254.394115233,4025320.1294877105
1628236368770867390,352254.3946281166,4025320.1300359215
1628236368896842823,352254.40230086783,4025320.11019813
1628236368968807469,352254.4025678205,4025320.1101935795
1628236369106832406,352254.4105811082,4025320.0906399046
1628236369178965216,352254.4108861941,4025320.0906347055
1628236369298875966,352254.4119557381,4025320.0911657987
1628236369376861450,352254.4192055252,4025320.0715793604
1628236369502846577,352254.42038180283,4025320.0716584944
1628236369580979344,352254.42792164255,4025320.051632232
1628236369700994911,352254.4283792748,4025320.0516244303
1628236369772923730,352254.4289757991,4025320.052155959
1628236369904876307,352254.43675571936,4025320.0323392292
1628236369971047934,352254.43702267203,4025320.032334679
1628236370103027139,352254.4451832166,4025320.012915824
1628236370174914481,352254.44544561673,4025320.0126443203
1628236370312899742,352254.45328101,4025319.9929487156
1628236370372944692,352254.453509825,4025319.992944815
1628236370504932377,352254.45475618064,4025319.99310668
1628236370571568670,352254.4622440577,4025319.9731652266
1628236370714953802,352254.4626099017,4025319.9731437317
1628236370774957959,352254.46331706666,4025319.9734521178
1628236370895086465,352254.4709194825,4025319.9535163413
1628236370978859816,352254.4712193681,4025319.953206049
1628236371110875855,352254.4793569024,4025319.9337799586
1628236371176985655,352254.47962385515,4025319.933775408
1628236371296969471,352254.4806093661,4025319.934300305
1628236371368995680,352254.4878594136,4025319.914729122
1628236371507129291,352254.4891161269,4025319.91505103
1628236371579017765,352254.4966376346,4025319.895292111
1628236371698922225,352254.49695819034,4025319.894851765
1628236371777025027,352254.4981546647,4025319.893877683
1628236371909122898,352254.50843942957,4025319.868830196
1628236371981045663,352254.5117719118,4025319.8624714226
1628236372107241435,352254.5277544138,4025319.827492386
1628236372179059083,352254.5343870909,4025319.8151187184
1628236372304980277,352254.5513463513,4025319.783731789
1628236372377170578,352254.57269870804,4025319.737041489
1628236372502939009,352254.5993743758,4025319.6866516974
1628236372574965163,352254.62088109885,4025319.6360372007
1628236372713071199,352254.65837656433,4025319.5615521185
1628236372773281924,352254.67664913624,4025319.52619835
1628236372911210210,352254.7201775506,4025319.4162400574
1628236373036972525,352254.7640846807,4025319.32581447
1628236373109196761,352254.7926985781,4025319.2432180247
1628236373175211627,352254.81728396396,4025319.189705246
1628236373301419299,352254.87713373185,4025319.0624091863
1628236373433245219,352254.95275994204,4025318.902815559
1628236373511182695,352255.0007491481,4025318.8052478423
1628236373643155654,352255.0902088169,4025318.6242465517
1628236373703141660,352255.1330320238,4025318.5369217605
1628236373841271893,352255.2309644956,4025318.300660517
1628236373907178302,352255.28332253813,4025318.200241197
1628236374045082827,352255.4055856165,4025317.968478641
1628236374105193084,352255.4468064023,4025317.8144458947
1628236374237177132,352255.5777538972,4025317.5541611924
1628236374303527576,352255.6346441315,4025317.383038307
1628236374447202798,352255.7888278414,4025317.0737881255
1628236374507226558,352255.86021079845,4025316.936049068
1628236374645239120,352256.00795224524,4025316.5809638286
1628236374705339072,352256.0975249766,4025316.407040803
1628236374837362850,352256.2723384276,4025316.042720201
1628236374915163361,352256.36896339554,4025315.856866502
1628236375041259860,352256.55565289815,4025315.5040089935
1628236375119264727,352256.6683458651,4025315.2658100603
1628236375251242534,352256.867442307,4025314.8996107085
1628236375311260467,352256.9663379651,4025314.6903109974
1628236375437328301,352257.17233207787,4025314.312511684
1628236375515322016,352257.28426520166,4025314.1080633774
1628236375647419832,352257.526652812,4025313.6613978446
1628236375707414169,352257.62528486946,4025313.4827350928
1628236375839431757,352257.85085740994,4025313.0705439853
1628236375911297575,352257.96873918467,4025312.8596923277
1628236376049235309,352258.19076704374,4025312.467817981
1628236376109239984,352258.3026765626,4025312.2498963894
1628236376241445399,352258.5474825711,4025311.8229119373
1628236376313337229,352258.6498708107,4025311.586651092
1628236376439696720,352258.8741137967,4025311.1859727097
1628236376511343768,352258.9952741582,4025310.9696253506
1628236376649242640,352259.24436231784,4025310.534251776
1628236376709772911,352259.36637703516,4025310.3134189723
1628236376841429420,352259.60052310117,4025309.873798685
1628236376913385732,352259.725665041,4025309.6479915534
1628236377033663405,352259.9445462371,4025309.257254285
1628236377111480784,352260.10893262184,4025308.9830252016
1628236377249290893,352260.35270252405,4025308.546269819
1628236377315405194,352260.48347401456,4025308.2998128682
1628236377447425113,352260.73204534093,4025307.8493264797
1628236377519375682,352260.8689316666,4025307.6039784034
1628236377645542949,352261.1193300319,4025307.1353484453
1628236377777374012,352261.37874370674,4025306.6643217653
1628236377843581460,352261.4969833798,4025306.399256443
1628236377987591713,352261.77407768654,4025305.87559766
1628236378053335427,352261.893855521,4025305.64750922
1628236378185513867,352262.1575300027,4025305.098352496
1628236378245523645,352262.2758105041,4025304.865223593
1628236378389632566,352262.5744012841,4025304.2898900434
1628236378443430441,352262.6744212186,4025304.091031301
1628236378587605149,352262.99494428234,4025303.4824331654
1628236378647618245,352263.1176371029,4025303.2396006393
1628236378791449658,352263.4038085075,4025302.665234121
1628236378851403580,352263.5307209978,4025302.407215637
1628236378983436282,352263.7955785567,4025301.8607625444
1628236379043695711,352263.91837605357,4025301.606163554
1628236379187563111,352264.2353517948,4025300.958631544
1628236379247586113,352264.3578251744,4025300.6979955197
1628236379379667897,352264.62592102366,4025300.0966769136
1628236379439674337,352264.7491611054,4025299.827307307
1628236379583548415,352265.0199486726,4025299.17710639
1628236379649613453,352265.16286704846,4025298.8518967642
1628236379781591144,352265.42709114583,4025298.2360336813
1628236379841630678,352265.5182458367,4025297.929742452
1628236379979759502,352265.79803873313,4025297.24566568
1628236380051637679,352265.9394887963,4025296.8992100395
1628236380183595759,352266.1672772441,4025296.2154474137
1628236380243606729,352266.2843915854,4025295.9089578944
1628236380381765296,352266.5269354135,4025295.159391109
1628236380453752291,352266.66158201086,4025294.7933520633
1628236380585635568,352266.92763469776,4025294.0940674064
1628236380645651149,352267.04131188686,4025293.773468496
1628236380789599398,352267.30605697667,4025293.0189456497
1628236380843768154,352267.44057750667,4025292.6696784175
1628236380987587018,352267.70502792,4025291.902785558
1628236381047676973,352267.81694854755,4025291.570886785
1628236381185667936,352268.13734474435,4025290.799012062
1628236381245675717,352268.2544023852,4025290.468147281
1628236381389699745,352268.54941661505,4025289.6672400315
1628236381449707742,352268.6728447579,4025289.3368160096
1628236381593690000,352268.9717523364,4025288.5566328177
1628236381647720649,352269.0980418646,4025288.2190645994
1628236381791592761,352269.40380708384,4025287.4267175663
1628236381917874966,352269.6887317636,4025286.6618562485
1628236381983670724,352269.81798205676,4025286.3261068114
1628236382049637605,352269.9676287215,4025285.940387474
1628236382181617945,352270.2625382289,4025285.1839010506
1628236382247885274,352270.4150914561,4025284.7977163782
1628236382391759325,352270.7116198861,4025283.9929648535
1628236382517654894,352270.97647898854,4025283.3131368663
1628236382589824913,352271.1723841533,4025282.8536148323
1628236382721667093,352271.46508480835,4025282.1224006894
1628236382788159485,352271.62362898735,4025281.7309449557
1628236382913794886,352271.8793025003,4025281.030979076
1628236382991818579,352272.05908028426,4025280.5818219422
1628236383111943671,352272.33280125214,4025279.874464509
1628236383189979249,352272.5156461899,4025279.4244158687
1628236383309964769,352272.7760504859,4025278.719547555
1628236383388265431,352272.9576531268,4025278.2686770395
1628236383513852334,352273.23182092834,4025277.5920055183
1628236383585732275,352273.4151149971,4025277.1839725506
1628236383711997278,352273.7207949796,4025276.450591783
1628236383789760150,352273.8871204948,4025276.055947873
1628236383915862936,352274.1771659602,4025275.2835111255
1628236383993867379,352274.36621998786,4025274.831136533
1628236384114007127,352274.6505075026,4025274.109415871
1628236384186022491,352274.8164998165,4025273.711779268
1628236384323936350,352275.1336699163,4025272.8951250953
1628236384384046515,352275.2757888873,4025272.5547427856
1628236384515905094,352275.58664760087,4025271.8185577453
1628236384587804287,352275.7470321444,4025271.398524963
1628236384714055198,352276.05950457556,4025270.6576393736
1628236384797892896,352276.22919501475,4025270.2571817157
1628236384917934520,352276.5683746012,4025269.526377341
1628236384989825501,352276.74228492565,4025269.1268586894
1628236385121946247,352277.0776378324,4025268.3680391717
1628236385188082125,352277.25262402155,4025267.9662858276
1628236385319962598,352277.6006538715,4025267.2090623016
1628236385392002193,352277.7753155001,4025266.806616402
1628236385518121706,352278.101921945,4025266.061034406
1628236385590130431,352278.31517039455,4025265.644083374
1628236385721858030,352278.64599024307,4025264.9008481503
1628236385794007220,352278.82341633894,4025264.5025780974
1628236385920000119,352279.16970028204,4025263.7619747575
1628236385992138353,352279.3469379096,4025263.370997918
1628236386124012983,352279.66883767,4025262.5936544808
1628236386190053449,352279.84130188124,4025262.2023813413
1628236386322055889,352280.1731734972,4025261.46846678
1628236386393987052,352280.34425881086,4025261.081787225
1628236386520168368,352280.6557965874,4025260.3656984
1628236386652203815,352280.9358223042,4025259.63558952
1628236386724062510,352281.0949644561,4025259.2540993947
1628236386862203659,352281.3768096798,4025258.4939832143
1628236386916010005,352281.4827359805,4025258.2228299314
1628236387054213600,352281.7744173412,4025257.4668415547
1628236387132080574,352281.96640125674,4025257.080015706
1628236387264142710,352282.2506217293,4025256.330109319
1628236387324117149,352282.39067393553,4025256.000485649
1628236387456132000,352282.6375294862,4025255.306785512
1628236387516226767,352282.74870879285,4025254.9872823176
1628236387654178105,352283.03843361104,4025254.2467503753
1628236387714169940,352283.14377516264,4025253.9291891973
1628236387858131128,352283.40877089486,4025253.1963724946
1628236387924277319,352283.5240430621,4025252.8291647714
1628236388056337726,352283.7305434394,4025252.147819801
1628236388116304425,352283.8436046886,4025251.835549747
1628236388248191602,352284.0356684214,4025251.1579088783
1628236388326297090,352284.1708825385,4025250.7447197447
1628236388458309708,352284.3449959679,4025250.0622596643
1628236388518306839,352284.42264524486,4025249.7435090938
1628236388656252860,352284.615927109,4025249.009970923
1628236388728224443,352284.7041030248,4025248.630210953
1628236388866154399,352284.8810323376,4025247.925619311
1628236388926392665,352284.9509060506,4025247.5873247697
1628236389052148812,352285.08294495253,4025246.8476699805
1628236389130242452,352285.13643873675,4025246.4122544476
1628236389262188868,352285.2554687584,4025245.6906934576
1628236389322180492,352285.2997069985,4025245.3431939953
1628236389448359580,352285.4034078576,4025244.6260179817
1628236389532276433,352285.44573176047,4025244.1762547847
1628236389664157077,352285.4488167878,4025243.475298968
1628236389724267278,352285.47197366407,4025243.14317934
1628236389850434936,352285.52390901407,4025242.380812821
1628236389922410985,352285.5473483719,4025242.000574834
1628236390060434660,352285.6205958971,4025241.24398116
1628236390120355653,352285.6316491942,4025240.9212975823
1628236390252430448,352285.64334810316,4025240.2241565986
1628236390330203998,352285.64483471017,4025239.83592315
1628236390456349712,352285.6334844252,4025239.151735018
1628236390522388914,352285.62705590867,4025238.7865859917
1628236390660279655,352285.5997569453,4025238.087668136
1628236390726231323,352285.5920434644,4025237.7194205415
1628236390858252868,352285.55391375057,4025237.0506826397
1628236390996386509,352285.4791930969,4025236.31031595
1628236391056388597,352285.44827508664,4025235.992916727
1628236391200310782,352285.3990817151,4025235.2558506243
1628236391266505031,352285.36615790066,4025234.887456613
1628236391398395361,352285.2590559566,4025234.1897460986
1628236391458418071,352285.2041092039,4025233.873262759
1628236391596554779,352285.09590113704,4025233.1247471697
1628236391656549267,352285.04045791517,4025232.8064412116
1628236391794282421,352284.9193632726,4025232.1156602236
1628236391854695471,352284.81779643457,4025231.734479702
1628236391998437888,352284.645658139,4025230.9884945815
1628236392058458004,352284.56583088543,4025230.6679414613
1628236392202467189,352284.37400278007,4025229.930353403
1628236392262456533,352284.2881488912,4025229.6089450056
1628236392400480431,352284.0744144865,4025228.8495269823
1628236392460487023,352283.9768166294,4025228.530454502
1628236392598619259,352283.763025012,4025227.7779793534
1628236392652353250,352283.6742667898,4025227.5133553348
1628236392802366792,352283.39847587637,4025226.7186808004
1628236392862505249,352283.2941229875,4025226.381530894
1628236392994515769,352283.03390433296,4025225.699484971
1628236393060641380,352282.89568004274,4025225.32381943
1628236393192642956,352282.61778611643,4025224.6495215977
1628236393270548201,352282.4620005838,4025224.2876223526
1628236393390595330,352282.17912062036,4025223.626078527
1628236393462557003,352282.01099205844,4025223.2734473986
1628236393594654032,352281.70448665996,4025222.6174633205
1628236393666564821,352281.52770211117,4025222.26996428
1628236393798581146,352281.18550862826,4025221.629589781
1628236393858447292,352281.02410501405,4025221.33424203
1628236393996453613,352280.61909998744,4025220.666911842
1628236394080581440,352280.40973511944,4025220.2917465125
1628236394194731636,352280.0537522618,4025219.7282174346
1628236394254626316,352279.86803669756,4025219.451197936
1628236394398464981,352279.41671245,4025218.796607961
1628236394464709437,352279.181736946,4025218.483100848
1628236394596756384,352278.73708420224,4025217.901685728
1628236394662503326,352278.52584887546,4025217.639051939
1628236394800633706,352278.0209084963,4025217.035299387
1628236394860518508,352277.7870245285,4025216.7961453726
1628236395004530512,352277.2490490917,4025216.219749218
1628236395130675914,352276.7483464891,4025215.715145705
1628236395208685575,352276.4248122247,4025215.404155206
1628236395328836606,352275.93260067794,4025214.9169825423
1628236395400565337,352275.64055629633,4025214.654963732
1628236395532571198,352275.0893435687,4025214.183784294
1628236395598858518,352274.8215669767,4025213.91585011
1628236395730712500,352274.2644148198,4025213.4744554716
1628236395802610116,352273.9642447745,4025213.243318747
1628236395940856361,352273.3494870479,4025212.8102726527
1628236396006617464,352273.08693392423,4025212.62992821
1628236396132741681,352272.4688416044,4025212.255504013
1628236396199056139,352272.15531081264,4025212.062786426
1628236396336629064,352271.5549298052,4025211.7095966227
1628236396402854306,352271.23520527594,4025211.53487199
1628236396529272649,352270.640185871,4025211.2272353196
1628236396600814379,352270.31765573984,4025211.031145385
1628236396732759866,352269.71428894205,4025210.7458547954
1628236396799085395,352269.3855141012,4025210.5965514723
1628236396924906320,352268.82452422724,4025210.3611089694
1628236396996784816,352268.48519602965,4025210.2269260106
1628236397134793986,352267.8081727376,4025209.974252888
1628236397206696491,352267.46402492747,4025209.847365802
1628236397326718075,352266.8693464113,4025209.6336103147
1628236397404946957,352266.4627805846,4025209.485628126
1628236397536843920,352265.788392004,4025209.24295926
1628236397608953163,352265.4539304993,4025209.1006691437
1628236397734981210,352264.76453414094,4025208.832456973
1628236397807050544,352264.3893143275,4025208.67889277
1628236397938732612,352263.6776521141,4025208.4015595294
1628236398004920786,352263.2864165226,4025208.2497045887
1628236398136881435,352262.53600391425,4025207.996991377
1628236398196935144,352262.1896925878,4025207.8595621083
1628236398340857568,352261.3561735286,4025207.508480121
1628236398406953999,352260.9381332726,4025207.338596803
1628236398532925427,352260.20942669787,4025207.0433703708
1628236398598902034,352259.7615404498,4025206.897254333
1628236398737054093,352258.8785933292,4025206.5383364595
1628236398802938680,352258.49257190805,4025206.381308748
1628236398929021802,352257.65163818625,4025206.0522511047
1628236399000930851,352257.18270409247,4025205.869551887
1628236399132885204,352256.324657402,4025205.460376809
1628236399211108591,352255.77241910703,4025205.236198736
1628236399336930049,352254.94401563075,4025204.8567237416
1628236399402981318,352254.44256703556,4025204.6607503816
1628236399529194201,352253.49666390964,4025204.2948617307
1628236399601073806,352252.99581592367,4025204.0293867975
1628236399733124851,352252.0229602291,4025203.6551494356
1628236399865014579,352251.0492483956,4025203.2239744416
1628236399943011993,352250.42973504437,4025202.994114983
1628236400074892675,352249.38009530935,4025202.647611466
1628236400134904107,352248.90027090465,4025202.4804259767
1628236400272957485,352247.8491941829,4025202.121690336
1628236400339026029,352247.2742446752,4025201.928086028
1628236400476927038,352246.1155184554,4025201.5534240245
1628236400542920809,352245.61363452824,4025201.39504723
1628236400668980592,352244.48961185024,4025201.0963006476
1628236400735172971,352243.8972274051,4025200.9232081124
1628236400878939610,352242.6581909249,4025200.639760524
1628236400939044488,352242.1460719445,4025200.500410892
1628236401065217325,352240.96077582997,4025200.2602699962
1628236401137230423,352240.3570633312,4025200.105641548
1628236401269102186,352239.23449244164,4025199.8209206117
1628236401335167043,352238.55654224753,4025199.742689288
1628236401467155265,352237.4202766854,4025199.475002189
1628236401545006576,352236.8070953422,4025199.332878021
1628236401671007191,352235.59511643014,4025199.1539368886
1628236401737022680,352235.06470479805,4025199.0402847594
1628236401869125779,352233.7849817688,4025198.801283365
1628236401941022605,352233.1623583484,4025198.674575599
1628236402067245238,352231.98218913295,4025198.4452014784
1628236402139299788,352231.3564297235,4025198.324748177
1628236402271175943,352230.18982418836,4025198.105132001
1628236402337445411,352229.5500852961,4025197.9850010644
1628236402469316114,352228.36993378226,4025197.7754752766
1628236402535078092,352227.8224911258,4025197.68007186
1628236402673209838,352226.55767998187,4025197.4569842205
1628236402739228957,352225.9124737526,4025197.349121533
1628236402877225132,352224.6958665091,4025197.138604083
1628236402931457724,352224.1357607035,4025197.0482386197
1628236403063336253,352222.93813790684,4025196.835169953
1628236403147239250,352222.18009412824,4025196.710044902
1628236403279449685,352220.8396635944,4025196.492163096
1628236403333236364,352220.36685130233,4025196.397120536
1628236403465186539,352219.103751248,4025196.1925292304
1628236403537191014,352218.4183405529,4025196.0835214346
1628236403675258707,352217.0365096743,4025195.891460443
1628236403735281587,352216.44155630795,4025195.801348155
1628236403867168703,352215.1324088215,4025195.626563197
1628236403945391991,352214.32898361597,4025195.5125829303
1628236404071620033,352212.99885052873,4025195.3496289426
1628236404215295163,352211.5735614223,4025195.1597974906
1628236404269230665,352211.0625312431,4025195.092419278
1628236404341329701,352210.33203110535,4025195.0027300916
1628236404479357157,352208.8898915982,4025194.8198087746
1628236404611215287,352207.52899627684,4025194.663136562
1628236404665406184,352206.90589696984,4025194.5882163914
1628236404883243606,352204.7020574186,4025194.327544989
1628236405009475017,352203.3526535279,4025194.174543744
1628236405069495997,352202.7096202564,4025194.12077704
1628236405213363828,352201.25905257557,4025193.9653181206
1628236405279394205,352200.5354477186,4025193.8889610916
1628236405411266620,352199.1663293442,4025193.750302498
1628236405471262711,352198.54847598204,4025193.68773529
1628236405609426712,352197.077856431,4025193.5357813938
1628236405681401450,352196.35911310423,4025193.467125817
1628236405807699244,352195.01591997634,4025193.314164916
1628236405873304128,352194.4015805358,4025193.2563313195
1628236406011545977,352192.97395163425,4025193.124420207
1628236406077365553,352192.33318855485,4025193.065095609
1628236406209494431,352190.91115852114,4025192.9420673833
1628236406275376901,352190.30299566634,4025192.891201304
1628236406413574862,352188.8879800672,4025192.7884817985
1628236406473554632,352188.2851077083,4025192.7436235305
1628236406617352487,352186.88058807445,4025192.6175087886
1628236406677472938,352186.28280941886,4025192.5751711805
1628236406815416168,352184.8890598279,4025192.469474678
1628236406875474893,352184.2967046354,4025192.4337834837
1628236407013551455,352182.9216174155,4025192.3594410387
1628236407073565470,352182.3196201928,4025192.2925323388
1628236407217494331,352180.9555131089,4025192.2366094175
1628236407277710672,352180.37302620325,4025192.217668637
1628236407415642259,352179.0273428436,4025192.1451008837
1628236407481439178,352178.4507176626,4025192.134345914
1628236407613581389,352177.12712113746,4025192.078295436
1628236407679477210,352176.5582162783,4025192.0764441774
1628236407817710810,352175.25068143255,4025192.030774684
1628236407871575162,352174.781530468,4025192.0355023094
1628236408015673456,352173.3814466075,4025192.0621483517
1628236408087689039,352172.7476377658,4025192.0276665227
1628236408219480029,352171.5497689948,4025192.068742167
1628236408417057602,352169.73000651016,4025192.1476821387
1628236408542492416,352168.646696168,4025192.2134200213
1628236408620858842,352167.9248995044,4025192.268176524
1628236408747015521,352166.85724225105,4025192.3444911144
1628236408818681265,352166.1553994225,4025192.383741914
1628236408938690059,352165.10595090105,4025192.454066011
1628236409017057047,352164.49977594445,4025192.494725717
1628236409148718529,352163.31526254164,4025192.5342262164
1628236409226531471,352162.72189456224,4025192.572472236
1628236409340727528,352161.72150345077,4025192.5980312834
1628236409418952691,352161.0565817946,4025192.637837284
1628236409556703004,352159.99002748705,4025192.7027697633
1628236409610951799,352159.4993815527,4025192.6916902647
1628236409742752879,352158.45390364056,4025192.7496772977
1628236409814695853,352157.87905698584,4025192.8324692594
1628236409952941239,352156.77836216183,4025192.8988389242
1628236410012966812,352156.3133772337,4025192.926846601
1628236410150628990,352155.2817936602,4025192.998755497
1628236410211300849,352154.7521461437,4025193.030654717
1628236410342983599,352153.7715338558,4025193.0510249725
1628236410420613627,352153.25619636546,4025193.077381518
1628236410552671114,352152.3146417801,4025193.125162355
1628236410612814070,352151.8006754307,4025193.10039698
1628236410750758699,352150.8876321191,4025193.139661622
1628236410823002707,352150.33548666025,4025193.1524171205
1628236410949009995,352149.52313676884,4025193.184455935
1628236411020796819,352149.05794842326,4025193.2023259504
1628236411146844436,352148.1537684059,4025193.2557736384
1628236411218815762,352147.7021801992,4025193.2738962276
1628236411345091556,352146.85777910275,4025193.309093179
1628236411417070593,352146.4196537119,4025193.32657421
1628236411554718180,352145.61963035516,4025193.3575543575
1628236411620824283,352145.1906909754,4025193.344622047
1628236411747090982,352144.41719945834,4025193.3709134697
1628236411819060625,352144.0094166526,4025193.3584214463
1628236411956880005,352143.2066509143,4025193.38159974
1628236412016895830,352142.86922134465,4025193.3911014413
1628236412148922217,352142.1260958003,4025193.361059542
1628236412214880912,352141.79966016684,4025193.367417324
1628236412353103960,352141.04773456993,4025193.3734186385
1628236412419208102,352140.6832116688,4025193.3797394796
1628236412544855910,352140.07295676565,4025193.390536124
1628236412754781160,352139.0041099623,4025193.395315394
1628236412821227063,352138.6753693228,4025193.436508886
1628236412953221537,352138.07762783597,4025193.4536249875
1628236413085346459,352137.49580653023,4025193.4844506364
1628236413151220765,352137.1952592775,4025193.496703297
1628236413288939733,352136.6555958161,4025193.5193043496
1628236413343156770,352136.4101954858,4025193.527122029
1628236413475067985,352135.90352307714,4025193.549778357
1628236413552927299,352135.63880400965,4025193.562024553
1628236413685446113,352135.1162244399,4025193.5824688682
1628236413745275263,352134.8991432084,4025193.593763234
1628236413883181583,352134.4280672943,4025193.592990675
1628236413955211194,352134.1857957255,4025193.6044248394
1628236414087288800,352133.7939294644,4025193.604536582
1628236414159019021,352133.56291434984,4025193.6156929163
1628236414285067424,352133.17040786246,4025193.6346280663
1628236414357296475,352132.93825870735,4025193.6553387404
1628236414489308489,352132.5214442471,4025193.6769411867
1628236414542958075,352132.3621455099,4025193.685340652
1628236414687337314,352131.9066135222,4025193.663697681
1628236414759047622,352131.6877675715,4025193.6726208427
1628236414891326897,352131.2755216772,4025193.643594207
1628236414951342779,352131.0898079665,4025193.649220831
1628236415077343811,352130.69706662855,4025193.6203974746
1628236415149461368,352130.477717168,4025193.624850737
1628236415281100205,352130.05969357665,4025193.633715483
1628236415347365856,352129.8544477556,4025193.609794359
1628236415479683015,352129.41954414384,4025193.6166658667
1628236415551556489,352129.1814531804,4025193.62002741
1628236415683126033,352128.7718655015,4025193.5813461803
1628236415749547983,352128.5285049523,4025193.581719128
1628236415881387326,352128.10565568676,4025193.591255669
1628236415953402232,352127.8577634085,4025193.593430211
1628236416091398489,352127.35857027373,4025193.579549533
1628236416151413777,352127.13957820204,4025193.5808019266
1628236416289142855,352126.6581200451,4025193.5832529794
1628236416361438709,352126.35239319934,4025193.6112100715
1628236416493448966,352125.85197322065,4025193.619332927
1628236416553100270,352125.65653771523,4025193.622172895
1628236416685226477,352125.10323952587,4025193.6702227904
1628236416757453704,352124.8193406956,4025193.678049049
1628236416895475023,352124.2422276611,4025193.7290497045
1628236416955448092,352123.9884161442,4025193.7402442303
1628236417087233889,352123.4329089094,4025193.7902888865
1628236417159216465,352123.1228271333,4025193.806260041
1628236417291134638,352122.530733762,4025193.8360316753
1628236417429249373,352121.8574865029,4025193.899432016
1628236417489127129,352121.61335004563,4025193.914251517
1628236417555555902,352121.21249311394,4025193.9499619943
1628236417687658581,352120.5460100992,4025193.993051733
1628236417825513842,352119.81934372074,4025194.0601979173
1628236417885519002,352119.4926691937,4025194.082964061
1628236418029483249,352118.71063625667,4025194.1380923535
1628236418089528662,352118.360212495,4025194.2043265537
1628236418233313200,352117.5371841673,4025194.272311961
1628236418281554577,352117.2366224285,4025194.297131364
1628236418431323772,352116.31573051156,4025194.376323347
1628236418491475225,352115.9386590539,4025194.409148692
1628236418623328394,352115.09449899115,4025194.4888818874
1628236418689578289,352114.6373803993,4025194.5307653816
1628236418821585650,352113.7659415703,4025194.580348789
1628236418899334417,352113.29199846776,4025194.623492155
1628236419019599708,352112.396807481,4025194.706531958
1628236419091585070,352111.9050212794,4025194.6974926135
1628236419223622343,352110.9807112899,4025194.7784677516
1628236419289307239,352110.54821772024,4025194.8174841725
1628236419421612755,352109.52439394034,4025194.9122176156
1628236419481596228,352109.07979602413,4025194.9554766337
1628236419625618841,352108.0620959484,4025195.087160391
1628236419691622896,352107.5363951083,4025195.1428831625
1628236419823708138,352106.5406118046,4025195.281998158
1628236419883634369,352106.0847685628,4025195.3351291316
1628236420027654194,352105.0159769154,4025195.4629851715
1628236420093426953,352104.52922808804,4025195.553328113
1628236420231437585,352103.44682692917,4025195.6929008686
1628236420291363640,352102.9820301604,4025195.753392748
1628236420423649361,352101.86713641084,4025195.9203339973
1628236420495689249,352101.3252066014,4025195.9970138324
1628236420633638801,352100.31039497757,4025196.1056977566
1628236420687849198,352099.84784564807,4025196.172703302
1628236420825675301,352098.72778569494,4025196.3212468047
1628236420903388704,352098.1871284606,4025196.4027517717
1628236421035382288,352097.1852177632,4025196.5565581163
1628236421089788662,352096.6913681431,4025196.627802021
1628236421233937824,352095.610841918,4025196.8048103885
1628236421305433024,352095.0714525087,4025196.895332979
1628236421431793535,352094.0430355444,4025197.074099855
1628236421558044430,352093.0194187228,4025197.2354945745
1628236421629741789,352092.4788530078,4025197.333983535
1628236421761547301,352091.47731958143,4025197.515256068
1628236421827941575,352090.89405551954,4025197.60370274
1628236421959872879,352089.88607584755,4025197.7899320996
1628236422037543062,352089.342729995,4025197.8909253986
1628236422163803802,352088.3110658557,4025198.0591261894
1628236422235471607,352087.7633263219,4025198.161960793
1628236422361765325,352086.73220570886,4025198.3459150665
1628236422433849158,352086.18089569814,4025198.4514390635
1628236422553899102,352085.2346436764,4025198.6334646787
1628236422625862923,352084.66034698806,4025198.727873808
1628236422763882213,352083.54589203856,4025198.9428510745
1628236422835893404,352082.98889242683,4025199.0207696157
1628236422955886487,352082.0272995323,4025199.206936972
1628236423021997781,352081.4648318485,4025199.3167334585
1628236423177821860,352080.2611842543,4025199.5180905014
1628236423231521538,352079.85740385135,4025199.597072062
1628236423357907550,352078.8110255436,4025199.788243865
1628236423423959762,352078.2446194905,4025199.896158432
1628236423561623551,352077.19373592024,4025200.0951493606
1628236423627928397,352076.6078541489,4025200.195606658
1628236423753940265,352075.55757700704,4025200.3925751555
1628236423831660177,352074.9692612038,4025200.480946996
1628236423957975519,352073.9270468486,4025200.676475364
1628236424030058766,352073.36991896783,4025200.7808463247
1628236424161932634,352072.2994634714,4025200.9989232854
1628236424233623661,352071.7470051494,4025201.1050972478
1628236424359946254,352070.705707273,4025201.3167677657
1628236424438008610,352070.0806250678,4025201.4377884385
1628236424558048048,352069.12399191596,4025201.6177022434
1628236424635638998,352068.585436439,4025201.7230860074
1628236424762004859,352067.600762589,4025201.9158345126
1628236424840028993,352066.97509935417,4025202.033205072
1628236424960026969,352066.09584111616,4025202.206631648
1628236425037901653,352065.5921943779,4025202.3064129776
1628236425170094683,352064.56404411595,4025202.501641433
1628236425235914829,352064.14600457775,4025202.5855535166
1628236425362067937,352063.2350081438,4025202.755436443
1628236425434038105,352062.7588705088,4025202.850569389
1628236425560065981,352061.8792471881,4025202.9990197984
1628236425637781477,352061.4124264008,4025203.092879908
1628236425764129757,352060.5550521322,4025203.2664409284
1628236425836044683,352060.09917731665,4025203.331101175
1628236425967756759,352059.2619351655,4025203.498718674
1628236426039754571,352058.81632176146,4025203.5888409214
1628236426154125556,352058.0616213087,4025203.7165417513
1628236426291794168,352057.25309947866,4025203.8807414514
1628236426364138792,352056.75810227654,4025203.9490832416
1628236426502123447,352055.96281013347,4025204.1088152616
1628236426568123890,352055.5439345363,4025204.1902242983
1628236426694138289,352054.76308504865,4025204.3503984967
1628236426772096961,352054.34651221515,4025204.436197222
1628236426898117610,352053.5680184999,4025204.575256704
1628236426958131843,352053.2158740292,4025204.6470200103
1628236427096123356,352052.4711947065,4025204.8129172027
1628236427168187734,352052.006026934,4025204.910638757
1628236427300121313,352051.24321359594,4025205.0708029917
1628236427365917667,352050.8785316687,4025205.1410980755
1628236427498176480,352050.0408665524,4025205.3161014374
1628236427570197107,352049.6466886337,4025205.3908521
1628236427708191674,352048.8029287313,4025205.568158818
1628236427762185560,352048.5000615396,4025205.6322108717
1628236427900189765,352047.6621550078,4025205.7984293913
1628236427966233172,352047.29347406037,4025205.8758063144
1628236428110305312,352046.4101805098,4025206.061305019
1628236428158306765,352046.1003789877,4025206.126749646
1628236428296168691,352045.28919431707,4025206.297624072
1628236428362366599,352044.85159780574,4025206.3782430803
1628236428494315619,352044.030471292,4025206.5513167703
1628236428560476738,352043.5828992092,4025206.6393121895
1628236428692346186,352042.7526230527,4025206.8145105885
1628236428764311688,352042.30422224826,4025206.9093791507
1628236428902364129,352041.3763913753,4025207.0816842066
1628236428967956032,352040.9871432615,4025207.160963161
1628236429099947723,352040.1429635766,4025207.30829583
1628236429166332237,352039.6862531819,4025207.397290499
1628236429297950347,352038.836108565,4025207.5616855174
1628236429364326529,352038.36128129135,4025207.6548919943
1628236429496371729,352037.50408474624,4025207.8209410524
1628236429574399185,352036.95897237025,4025207.8925808743
1628236429706395913,352036.0898554229,4025208.048613818
1628236429766439971,352035.68616423407,4025208.1202678056
1628236429898390841,352034.79946934874,4025208.2566612004
1628236429982000980,352034.32275200763,4025208.3392569968
1628236430108375799,352033.3632311056,4025208.5144060743
1628236430168388665,352032.95118958614,4025208.5849514897
1628236430300555492,352032.057027144,4025208.7397682117
1628236430366442821,352031.5917674706,4025208.823145155
1628236430516102074,352030.62682359153,4025208.9952551955
1628236430636681733,352029.7091399535,4025209.1737932805
1628236430696475778,352029.2938723275,4025209.2502152636
1628236430900476284,352027.8647611786,4025209.533932333
1628236431038898351,352026.88710553333,4025209.721173583
1628236431098478258,352026.43337042653,4025209.7967340997
1628236431242486695,352025.44759443274,4025209.990974977
1628236431308471123,352025.02513310994,4025210.0750464834
1628236431440590741,352024.0177490986,4025210.2477616025
1628236431500539000,352023.59325860493,4025210.332742353
1628236431644530079,352022.59474332177,4025210.4797216235
1628236431710202981,352022.1695525055,4025210.5647945087
1628236431842544821,352021.17864974524,4025210.7501043635
1628236431902553529,352020.7544204213,4025210.8378674765
1628236432040171497,352019.83745518327,4025211.0298652193
1628236432112504390,352019.2608569418,4025211.141333765
1628236432244541331,352018.3438870013,4025211.3384158653
1628236432292791665,352017.9919534122,4025211.415353654
1628236432442538847,352016.9326656632,4025211.629612418
1628236432514557585,352016.4409757784,4025211.73969932
1628236432634737305,352015.591028228,4025211.886993653
1628236432706639032,352015.10053297435,4025211.9955505496
1628236432850469580,352014.1143259378,4025212.202057863
1628236432904701632,352013.6974632588,4025212.2958668848
1628236433042230207,352012.7987299663,4025212.4993150216
1628236433096599293,352012.4059561271,4025212.5865615592
1628236433246622532,352011.38114903093,4025212.820188291
1628236433300820623,352011.0412904216,4025212.8983106944
1628236433438585666,352010.0699042107,4025213.1059530666
1628236433504332648,352009.6643167519,4025213.1987925326
1628236433642275594,352008.7123301013,4025213.3969112462
1628236433708663306,352008.24362957344,4025213.502165756
1628236433846625607,352007.2916046942,4025213.705192012
1628236433900646408,352006.960349951,4025213.7796047027
1628236434110634439,352005.576332604,4025214.103661537
1628236434242629220,352004.73384378117,4025214.2963434695
1628236434302924991,352004.3480227163,4025214.38505575
1628236434440659568,352003.44293049356,4025214.5985527933
1628236434512687554,352002.99913653114,4025214.702236017
1628236434638653933,352002.23620788084,4025214.826959896
1628236434698920312,352001.7984835409,4025214.9268630813
1628236434842664028,352000.9199756421,4025215.1047849907
1628236434914662184,352000.48849176266,4025215.2037643823
1628236435040961628,351999.6932762448,4025215.387543812
1628236435172747349,351998.8939854279,4025215.5935976435
1628236435244714191,351998.472563384,4025215.6956145074
1628236435370708572,351997.714687419,4025215.864235713
1628236435442706969,351997.3014494728,4025215.9647710584
1628236435574762771,351996.5424942576,4025216.10771555
1628236435646728995,351996.13797141664,4025216.2056969414
1628236435778404092,351995.39660141,4025216.388359033
1628236435844790626,351994.98452338146,4025216.463882305
1628236435976819486,351994.25675601565,4025216.6424736395
1628236436048590302,351993.87002648064,4025216.738738915
1628236436174854820,351993.1598804861,4025216.896608119
1628236436246831905,351992.78247097955,4025216.99357549
1628236436378812557,351992.0755136365,4025217.152307787
1628236436444875071,351991.7037424241,4025217.250619004
1628236436576899401,351991.0344402109,4025217.4001671937
1628236436637068550,351990.7223838733,4025217.4854375757
1628236436774917945,351990.0015085452,4025217.690533828
1628236436846938129,351989.6438209492,4025217.7646861323
1628236436972642053,351989.03780858754,4025217.9479157752
1628236437050735847,351988.68858759594,4025218.0585795506
1628236437176886025,351987.98947331693,4025218.2423203774
1628236437248901295,351987.65291499544,4025218.3599950327
1628236437368896871,351987.0959461828,4025218.5504269833
1628236437440896067,351986.77608822635,4025218.6756577445
1628236437573003430,351986.1850747112,4025218.8865369065
1628236437650912460,351985.83704378374,4025219.0382949766
1628236437770971714,351985.3293000329,4025219.2733679432
1628236437848921351,351985.03658406355,4025219.3867535023
1628236437968982594,351984.51361392415,4025219.650544605
1628236438052929919,351984.2404246826,4025219.7958152434
1628236438172959201,351983.745604389,4025220.0621040906
1628236438244974611,351983.49056762643,4025220.2141836
1628236438371013238,351983.03132032393,4025220.4887563
1628236438454974884,351982.7594501282,4025220.670164547
1628236438640983820,351982.15104837203,4025221.103056985
1628236438790844974,351981.7317899866,4025221.46222199
1628236438845018603,351981.5742564134,4025221.587368601
1628236438976992665,351981.21513574896,4025221.938597241
1628236439042893361,351981.0558288311,4025222.1046549897
1628236439187049205,351980.7013611638,4025222.4888848183
1628236439247053339,351980.56139854155,4025222.663633676
1628236439373059917,351980.2992921062,4025222.9896775014
1628236439505046264,351980.0381888633,4025223.395914246
1628236439583027053,351979.9268731215,4025223.5647383817
1628236439649032582,351979.8002272751,4025223.7937383996
1628236439907112232,351979.4072313142,4025224.6614330886
1628236439979046104,351979.3117189752,4025224.91396186
1628236440111083982,351979.1675935471,4025225.3310369146
1628236440177114310,351979.088769643,4025225.590423845
1628236440302855991,351978.9654718497,4025226.044079034
1628236440381086715,351978.9014908226,4025226.300540686
1628236440507215096,351978.7841055007,4025226.805551745
1628236440579094841,351978.73755004926,4025227.0387659855
1628236440711110974,351978.6435508145,4025227.560402066
1628236440783104173,351978.60047836765,4025227.845674253
1628236440909202587,351978.5704918987,4025228.345037115
1628236440987276225,351978.5433965313,4025228.6366153783
1628236441113128090,351978.53883873054,4025229.1399696073
1628236441191177257,351978.51910086686,4025229.485317361
1628236441323012314,351978.4932909762,4025230.01301621
1628236441377047540,351978.55109524564,4025230.240164721
1628236441515234957,351978.5444381958,4025230.874360679
1628236441586935364,351978.5728088386,4025231.1828846647
1628236441725170311,351978.5703307812,4025231.8366233143
1628236441773225683,351978.5688769336,4025232.0731716747
1628236441917190989,351978.6154630503,4025232.7067340505
1628236441983221302,351978.6202552661,4025233.048130695
1628236442115217113,351978.6663732552,4025233.656066849
1628236442175254904,351978.67602811195,4025233.9569607177
1628236442307216591,351978.69902422023,4025234.6155687827
1628236442385173487,351978.79114632576,4025234.945498078
1628236442517308374,351978.8211960241,4025235.613272243
1628236442577210333,351978.9271519087,4025235.8436557315
1628236442715244125,351978.97666492953,4025236.5699859434
1628236442787390539,351979.00348774996,4025236.936203333
1628236442919211787,351979.170460723,4025237.526481951
1628236442985401470,351979.19992216746,4025237.8416967546
1628236443111137651,351979.34106444893,4025238.447332171
1628236443189258749,351979.38657785114,4025238.869746025
1628236443315642457,351979.46193190146,4025239.559883063
1628236443387528508,351979.5619885755,4025239.8147493163
1628236443507402695,351979.6353609188,4025240.451387707
1628236443591340733,351979.7725186666,4025240.768288292
1628236443717294599,351979.8556742355,4025241.4559908602
1628236443849276507,351980.0028864136,4025242.0775293554
1628236443909280300,351980.03912542306,4025242.396470842
1628236443987263556,351980.08152487286,4025242.768781445
1628236444119348363,351980.12925216684,4025243.528155068
1628236444251416048,351980.2054814806,4025244.2177249813
1628236444311381744,351980.191366776,4025244.576042021
1628236444449515414,351980.27425702894,4025245.325057997
1628236444509550344,351980.30949417327,4025245.6478809416
1628236444653409742,351980.31596263504,4025246.4895520066
1628236444713412216,351980.345674537,4025246.8140753154
1628236444851692962,351980.35917853826,4025247.6835140246
1628236444923518251,351980.397232539,4025248.064065277
1628236445055418948,351980.4658005925,4025248.7714359774
1628236445121203217,351980.3821406441,4025249.2819668385
1628236445253356427,351980.4394878752,4025250.063184483
1628236445313358166,351980.46200207504,4025250.3986970396
1628236445457470788,351980.3199211224,4025251.4787655147
1628236445517498865,351980.3435295539,4025251.819380697
1628236445662173552,351980.1582552376,4025252.913132142
1628236445722695359,351980.1751062046,4025253.3208975433
1628236445854383654,351980.07269280823,4025254.1986730015
1628236445914402890,351980.08563480736,4025254.5544546973
1628236446058277474,351980.11595334555,4025255.386309403
1628236446118281882,351980.0100679572,4025255.9302994763
1628236446250187810,351980.03509453277,4025256.7096028067
1628236446316169552,351980.0476505383,4025257.0695873275
1628236446460305957,351980.08123498934,4025258.0962688723
1628236446520316229,351980.09296380426,4025258.4614269803
1628236446658320480,351980.2418578406,4025259.206489125
1628236446718303851,351980.2566725213,4025259.570068633
1628236446856249821,351980.3597660255,4025260.2887289263
1628236446916742454,351980.37679002585,4025260.7102016145
1628236447055427924,351980.40419580473,4025261.4930101396
1628236447121585836,351980.567514636,4025261.7996285944
1628236447259495179,351980.5988231204,4025262.639416358
1628236447319468044,351980.61220155226,4025263.001097757
1628236447457882556,351980.93227247335,4025263.8249069797
1628236447511707867,351980.949578316,4025264.1288498105
1628236447661502086,351980.97833811725,4025265.1410738025
1628236447727513317,351980.99837649515,4025265.510316766
1628236447859739038,351981.0286723326,4025266.369439759
1628236447919743920,351981.0479873173,4025266.740999189
1628236448063627599,351981.15557707776,4025267.5371062146
1628236448123629955,351981.1758590669,4025267.9098927453
1628236448255535920,351981.2220257706,4025268.7208542572
1628236448393763240,351981.25353736314,4025269.522498616
1628236448453762573,351981.27290893206,4025269.8973721066
1628236448585656695,351981.34096072376,4025270.6763851573
1628236448651837844,351981.37134497636,4025271.1189198704
1628236448783542356,351981.4185346196,4025271.941533261
1628236448855574717,351981.3498892706,4025272.41093262
1628236448988484024,351981.387089288,4025273.234731325
1628236449054528931,351981.4123043306,4025273.6783690345
1628236449192421223,351981.3962710493,4025274.524809444
1628236449258386090,351981.4126752156,4025274.9743235614
1628236449384632881,351981.42775438365,4025275.8359227846
1628236449456548810,351981.4429703304,4025276.2891269918
1628236449588519829,351981.5111914514,4025277.1316719437
1628236449660400957,351981.52680294006,4025277.586593668
1628236449792686476,351981.55369050754,4025278.4337774618
1628236449858656099,351981.55978107953,4025278.890525003
1628236449996589500,351981.5864513891,4025279.8107689316
1628236450062545798,351981.59760315705,4025280.206474034
1628236450188551542,351981.58123153093,4025281.084926046
1628236450260657202,351981.5877188615,4025281.548823299
1628236450398600101,351981.6533176155,4025282.4290265474
1628236450458650799,351981.66284026357,4025282.8258352345
1628236450590596296,351981.6881156345,4025283.6536675952
1628236450662463704,351981.69663491857,4025284.1150314864
1628236450794477222,351981.7115974343,4025284.9715857864
1628236450860712611,351981.75177362823,4025285.3942119256
1628236450986638419,351981.7710526419,4025286.183644339
1628236451064501826,351981.7836984311,4025286.709731423
1628236451190809784,351981.821839581,4025287.5671983804
1628236451262726049,351981.83288208954,4025288.0262036286
1628236451394656331,351981.82211645984,4025288.9344905075
1628236451460714075,351981.8307765727,4025289.3951653405
1628236451592789099,351981.88634870324,4025290.2404325996
1628236451664796363,351981.8974005943,4025290.6999870134
1628236451784802455,351981.91589960095,4025291.48663272
1628236451862703456,351981.9233802301,4025292.003335967
1628236451994689140,351981.94053669437,4025292.850758429
1628236452066637651,351981.97137798124,4025293.273593571
1628236452198685371,351981.9886310179,4025294.115948388
1628236452258713909,351981.9943520668,4025294.504589754
1628236452396876776,351982.0239833023,4025295.358749684
1628236452456703571,351982.03488679684,4025295.7417024868
1628236452594808603,351982.0125640881,4025296.604058681
1628236452720667217,351982.0232152003,4025297.3654016037
1628236452798611674,351982.0309919389,4025297.8744245055
1628236452858759185,351982.03895530733,4025298.2085146946
1628236452990624269,351982.0580817605,4025299.030115764
1628236453128867928,351982.0907565391,4025299.887367088
1628236453188859949,351982.0960578859,4025300.262152793
1628236453326829653,351982.17658220674,4025301.1121171922
1628236453386845773,351982.1914695978,4025301.4871054194
1628236453518931135,351982.2127610655,4025302.297881386
1628236453590908171,351982.2710828282,4025302.709054767
1628236453722813969,351982.30482455087,4025303.510836559
1628236453794789788,351982.32969665865,4025303.939755178
1628236453920808721,351982.333308395,4025304.741013867
1628236453992715984,351982.3565450355,4025305.1688770233
1628236454136839425,351982.39073585725,4025306.011255428
1628236454191145487,351982.4117150186,4025306.376617998
1628236454322847151,351982.39788912085,4025307.1700261408
1628236454394727608,351982.4225276676,4025307.5942031913
1628236454538747275,351982.4741684608,4025308.4397931932
1628236454592994213,351982.4417552977,4025308.8041753927
1628236454724850700,351982.49055083725,4025309.5885871234
1628236454802895058,351982.5214163616,4025310.0700317966
1628236454934983342,351982.5565991285,4025310.8364643306
1628236454988784969,351982.57773171976,4025311.1357526793
1628236455126898768,351982.5552004401,4025311.978741115
1628236455204904206,351982.58552861697,4025312.455525702
1628236455331334679,351982.65361224243,4025313.2256918284
1628236455396807762,351982.6813608999,4025313.5800133366
1628236455528942095,351982.73947726336,4025314.341949573
1628236455600945650,351982.7701675085,4025314.7505811467
1628236455726930078,351982.8201714618,4025315.500318989
1628236455798839632,351982.845985622,4025315.9021977833
1628236455925138156,351982.90411448415,4025316.6416343683
1628236455997098570,351982.9349681961,4025317.036606319
1628236456128968028,351982.94682545913,4025317.7756504817
1628236456188987127,351982.9685531325,4025318.1097879275
1628236456327105863,351983.0071564084,4025318.8674338944
1628236456399107074,351983.03452489874,4025319.249533334
1628236456525271656,351983.0862492034,4025319.95347234
1628236456597051442,351983.09287202137,4025320.3091388107
1628236456729018083,351983.13736935856,4025320.9919682867
1628236456807137349,351983.1679916004,4025321.4037672756
1628236456933050715,351983.17261827114,4025322.023197298
1628236456999084766,351983.18990464753,4025322.3671077006
1628236457131070874,351983.1613792324,4025323.0217036954
1628236457202927648,351983.1866327297,4025323.349646805
1628236457334927350,351983.1691254959,4025324.000743439
1628236457461176733,351983.19997006404,4025324.58282942
1628236457533064075,351983.2084530713,4025324.8901616656
1628236457671210077,351983.24917085853,4025325.4588876152
1628236457736999895,351983.2684344947,4025325.7023445717
1628236457863193274,351983.2834416457,4025326.184426276
1628236457923238408,351983.3033268743,4025326.4160316116
1628236458073095608,351983.4017726652,4025326.9090254116
1628236458133129947,351983.4136510873,4025327.122105678
1628236458265215531,351983.44538109726,4025327.566608746
1628236458325222842,351983.39795316686,4025327.7790766647
1628236458463177716,351983.43856772815,4025328.2327436553
1628236458535133425,351983.4573465799,4025328.4478118345
1628236458667030508,351983.4369970226,4025328.8556136107
1628236458727046074,351983.44753650285,4025329.020666053
1628236458877154547,351983.51378240384,4025329.411577471
1628236458937164032,351983.5306103628,4025329.560653136
1628236459075053341,351983.50683056464,4025329.8837419404
1628236459129358476,351983.5201016459,4025330.01753539
1628236459273140178,351983.5491137679,4025330.311813933
1628236459339130224,351983.50122864614,4025330.4849976525
1628236459465248288,351983.52447098785,4025330.732697345
1628236459531087203,351983.5354858936,4025330.841596064
1628236459675208464,351983.491240918,4025331.084977836
1628236459741141841,351983.5007095211,4025331.201616401
1628236459867289181,351983.4913899743,4025331.3903695415
1628236459927288705,351983.4990786902,4025331.481410957
1628236460071130650,351983.50340176723,4025331.6863193302
1628236460143136927,351983.5113015452,4025331.786146344
1628236460275152147,351983.5264493311,4025331.9708652794
1628236460329323054,351983.5385262721,4025331.9918385837
1628236460473247968,351983.5576741089,4025332.190985294
1628236460533092157,351983.56647321547,4025332.277353744
1628236460671434187,351983.57517761143,4025332.4493193473
1628236460737290282,351983.5830807324,4025332.5368322646
1628236460869741783,351983.60278285336,4025332.718398735
1628236460935186521,351983.6120070672,4025332.8082160973
1628236461073389520,351983.6495891629,4025332.952054467
1628236461139348916,351983.6604647598,4025333.0420725136
1628236461277324693,351983.6875881917,4025333.2543431274
1628236461331388109,351983.68785818806,4025333.2630056464
1628236461475294750,351983.7149581745,4025333.4739033477
1628236461535470605,351983.7265916389,4025333.565411468
1628236461667360883,351983.72135768645,4025333.737859232
1628236461739437458,351983.73496700637,4025333.8467823146
1628236461865391885,351983.7700373317,4025333.9310999485
1628236462010476217,351983.7890040108,4025334.1482325206
1628236462076380646,351983.8126129675,4025334.238689267
1628236462196574069,351983.8288706358,4025334.440151298
1628236462274418796,351983.8378632095,4025334.564656392
1628236462406407978,351983.8783072529,4025334.776012882
1628236462478429318,351983.8847098788,4025334.9132653484
1628236462610305238,351983.89634917054,4025335.126639623
1628236462676648850,351983.90129065973,4025335.2998520583
1628236462802328172,351983.9063309232,4025335.573566416
1628236462874374334,351983.93129404617,4025335.6611160813
1628236463000471011,351983.9323856554,4025335.9788133604
1628236463078646649,351983.91245196876,4025336.180428008
1628236463204536860,351983.9062200418,4025336.498166423
1628236463277013198,351983.89994251163,4025336.7167295404
1628236463397533989,351983.90920215443,4025337.0105671757
1628236463475503841,351983.9013105479,4025337.2132426887
1628236463607384097,351983.8683805206,4025337.5723693627
1628236463673519251,351983.85726346425,4025337.789893585
1628236463811534463,351983.8399517805,4025338.182582826
1628236463871533916,351983.82981121866,4025338.380444372
1628236464015463465,351983.80932816555,4025338.8572726618
1628236464069694979,351983.8067472491,4025339.0331770694
1628236464201592699,351983.78784163133,4025339.5040884386
1628236464273568808,351983.7760466222,4025339.765905949
1628236464405442452,351983.77051885304,4025340.11594334
1628236464471679283,351983.76229579153,4025340.3885642835
1628236464597511983,351983.7399795997,4025340.618647194
1628236464671027907,351983.73033719196,4025340.938610633
1628236464808489123,351983.71761880367,4025341.4733974654
1628236464874574911,351983.69466191874,4025341.5766048413
1628236465006591880,351983.68355042243,4025342.128645087
1628236465072722133,351983.7166585475,4025342.278556657
1628236465210499303,351983.7077260862,4025342.8527615843
1628236465276754894,351983.70426683774,4025343.17023903
1628236465402676679,351983.7391186971,4025343.6635253266
1628236465480548644,351983.74406330544,4025343.995973334
1628236465606783740,351983.8165859234,4025344.502471551
1628236465678687325,351983.82737744134,4025344.84669887
1628236465804871129,351983.8477021898,4025345.490061669
1628236465876673512,351983.926382536,4025345.8049386293
1628236466008660250,351983.9465581709,4025346.468163605
1628236466080807904,351984.04790338816,4025346.759238546
1628236466206735765,351984.0796726147,4025347.4437273745
1628236466338717827,351984.2488585267,4025348.0958016966
1628236466410716901,351984.270235942,4025348.4755543815
1628236466482591968,351984.29067839903,4025348.855956283
1628236466608882398,351984.4220636367,4025349.587290638
1628236466734744960,351984.4653995974,4025350.246793654
1628236466806791283,351984.4955356703,4025350.6908890717
1628236466944694168,351984.48132466344,4025351.4760334413
1628236467004750314,351984.5031466776,4025351.817485997
1628236467142774337,351984.4729658603,4025352.7647251063
1628236467202779544,351984.4961164539,4025353.105346246
1628236467340775356,351984.50797617395,4025354.0572004886
1628236467400766711,351984.52712417004,4025354.4029025696
1628236467532740845,351984.57046945253,4025355.1558822594
1628236467610938444,351984.5604621635,4025355.9781029625
1628236467742800019,351984.62288592395,4025356.754606727
1628236467802794596,351984.64725566877,4025357.1112214043
1628236467940916839,351984.756323591,4025358.051131096
1628236468012970252,351984.787408557,4025358.4721615473
1628236468144715831,351985.07023454714,4025359.191723914
1628236468210869443,351985.10891570174,4025359.6090235193
1628236468336837767,351985.1497192362,4025360.577733031
1628236468414952107,351985.1935264772,4025361.0485958573
1628236468546856260,351985.2712684191,4025361.8089228794
1628236468612904906,351985.2609160772,4025362.4840524145
1628236468738882672,351985.3216277695,4025363.192469104
1628236468816879700,351985.27519579197,4025363.9207515963
1628236468943333087,351985.3349629587,4025364.67750977
1628236469014903252,351985.36642285343,4025365.023993452
1628236469134932214,351985.41201438184,4025365.813800615
1628236469206879318,351985.4463656761,4025366.213443168
1628236469345003692,351985.49496478564,4025367.1078911917
1628236469405051297,351985.5228662231,4025367.4479352925
1628236469542790951,351985.5916216422,4025368.1770432084
1628236469609066895,351985.55225201393,4025368.6523019103
1628236469747068544,351985.623307828,4025369.4267661646
1628236469807370348,351985.6517223589,4025369.755753965
1628236469939068248,351985.66772491456,4025370.455183611
1628236470010948355,351985.703139417,4025370.8330944073
1628236470148982939,351985.8130641079,4025371.4514664263
1628236470208968815,351985.8436926946,4025371.767141062
1628236470341075203,351985.8979009066,4025372.557579301
1628236470419024900,351985.93740313355,4025372.974712302
1628236470551010610,351986.0054989867,4025373.647327292
1628236470610991986,351986.0107697089,4025374.0060229073
1628236470748891720,351986.0816057245,4025374.671114179
1628236470821117532,351986.0748237353,4025375.1335634044
1628236470953035921,351986.1375923316,4025375.7890876955
1628236471085019000,351986.1825850359,4025376.447326461
1628236471145036211,351986.2132760036,4025376.7434226978
1628236471288978329,351986.2869424438,4025377.427722537
1628236471355044009,351986.312703685,4025377.6245666547
1628236471487052058,351986.378402842,4025378.2390398867
1628236471547077358,351986.40802653885,4025378.5191018456
1628236471685208024,351986.4499602492,4025379.1340266834
1628236471745171507,351986.4802190451,4025379.4048155653
1628236471889119866,351986.50777571526,4025379.999889764
1628236471942984893,351986.5305748966,4025380.218070814
1628236472087121984,351986.5329486005,4025380.921807359
1628236472147124906,351986.5556313436,4025381.177848057
1628236472285252437,351986.6054904545,4025381.765430705
1628236472345149827,351986.53824380576,4025382.032528703
1628236472489119185,351986.57400847715,4025382.6042995313
1628236472549147527,351986.5859096841,4025382.8455247083
1628236472687265093,351986.49028596503,4025383.5131838503
1628236472747335392,351986.49655281444,4025383.7497139084
1628236472885202638,351986.4922513261,4025384.2930852044
1628236472957179888,351986.49336192396,4025384.5618540924
1628236473083165616,351986.402158863,4025385.018374817
1628236473149294499,351986.3940974114,4025385.2825852884
1628236473281197296,351986.37289281643,4025385.768978083
1628236473353187771,351986.41260435217,4025385.962471139
1628236473479209819,351986.39575407794,4025386.4375741906
1628236473539221204,351986.38924676506,4025386.655187558
1628236473689345633,351986.34137040935,4025387.1094425176
1628236473749275093,351986.32983636856,4025387.318627184
1628236473881242625,351986.41496483836,4025387.748424269
1628236473941221213,351986.40529530053,4025387.952419544
1628236474091362132,351986.49666456215,4025388.5421620505
1628236474151377390,351986.4936036683,4025388.745357818
1628236474295269835,351986.48475221824,4025389.2152887983
1628236474349312246,351986.483442154,4025389.4727615635
1628236474487153114,351986.47601585276,4025389.9064127463
1628236474547281404,351986.47299806564,4025390.1049842904
1628236474685278664,351986.43277393485,4025390.4372652075
1628236474745215600,351986.4321518023,4025390.6313707246
1628236474883311881,351986.42736732925,4025391.0445907274
1628236474955317471,351986.4311611556,4025391.2667584918
1628236475093201156,351986.44281184976,4025391.6702372422
1628236475225337349,351986.4634403647,4025392.1062170146
1628236475285340574,351986.4739568563,4025392.293158944
1628236475417347804,351986.5096935135,4025392.67564196
1628236475489258827,351986.5244937644,4025392.890053294
1628236475615443417,351986.4705041667,4025393.2293595467
1628236475687369177,351986.4888351405,4025393.4396516858
1628236475819376970,351986.4293942298,4025393.7903427114
1628236475885485647,351986.4528308769,4025393.9976026695
1628236476017487031,351986.499578783,4025394.379760322
1628236476089383716,351986.4300315925,4025394.526427556
1628236476215427236,351986.4769012886,4025394.892484848
1628236476287395259,351986.5046142986,4025395.0874645575
1628236476419580462,351986.0752791563,4025395.279567699
1628236476491295239,351986.094445531,4025395.4637221075
1628236476617490311,351985.9049677093,4025395.7285127975
1628236476689441316,351985.92107973795,4025395.9035792053
1628236476821396198,351985.754483477,4025396.191218669
1628236476887863249,351985.7685702825,4025396.362062391
1628236477019547793,351985.7902024633,4025396.6781042893
1628236477091427288,351985.3321524187,4025396.7899012454
1628236477223459699,351985.3333379475,4025397.102370729
1628236477283483471,351985.3345756137,4025397.2481191345
1628236477409622621,351984.89673571964,4025397.5801708302
1628236477493464652,351984.8847663508,4025397.7853040365
1628236477619522897,351984.74373689113,4025398.2083580988
1628236477697383217,351984.7340442186,4025398.3966980088
1628236477811617614,351984.78398618044,4025398.7800370944
1628236477883629024,351984.7791640769,4025398.9748094394
1628236478021530214,351984.76669134095,4025399.370277156
1628236478093521351,351984.79902389576,4025399.5837939954
1628236478213546776,351984.7939248637,4025399.932122718
1628236478285551683,351984.7929873241,4025400.13813567
1628236478423674592,351984.8015867841,4025400.4773039324
1628236478495572671,351984.8025535116,4025400.6858173665
1628236478621476294,351984.81245711155,4025401.095994156
1628236478693695375,351984.8210529435,4025401.342021344
1628236478825698976,351984.9930643996,4025401.884396022
1628236478891770053,351985.0086621559,4025402.109764983
1628236479017624749,351985.03406201967,4025402.503472057
1628236479095621421,351985.1665198109,4025402.7382897176
1628236479227750969,351985.20324640046,4025403.178740156
1628236479293505710,351985.2204421319,4025403.385099593
1628236479419616154,351985.2030630675,4025403.898923859
1628236479545931329,351985.2400330072,4025404.3661344857
1628236479629592553,351985.15920636046,4025404.6975676115
1628236479689636504,351985.17747896526,4025404.922311053
1628236479815922503,351985.13668753486,4025405.4411738715
1628236479947712732,351985.17245561996,4025405.955952169
1628236480019669384,351985.1918064819,4025406.2402637214
1628236480157795889,351985.3203876603,4025406.83602371
1628236480217783803,351985.33803472325,4025407.0902582863
1628236480355602977,351985.5190767859,4025407.6968261027
1628236480427749134,351985.55744159623,4025408.050928218
1628236480553633016,351985.6171158353,4025408.5949465823
1628236480625641688,351985.64114000794,4025408.922391913
1628236480751806087,351985.6749414904,4025409.525736704
1628236480823745689,351985.7700259581,4025409.8844855656
1628236480955727166,351985.82752016885,4025410.5099328416
1628236481021732560,351985.86908836756,4025410.847897236
1628236481153622692,351985.88115345465,4025411.4811546993
1628236481225761623,351985.9048691595,4025411.8227046444
1628236481363762998,351985.65164928185,4025412.5329726813
1628236481423774658,351985.66983781615,4025412.8242774634
1628236481555621398,351985.72971201455,4025413.446128743
1628236481633902111,351985.6203890232,4025413.8351477967
1628236481753920273,351985.6676579635,4025414.397932988
1628236481825717496,351985.25790617836,4025414.769956764
1628236481957680292,351985.2855267117,4025415.3741242834
1628236482023947587,351985.30719609867,4025415.695918209
1628236482167834879,351984.94877858454,4025416.4291622434
1628236482215965388,351984.9614479872,4025416.658182346
1628236482353853402,351984.5191457188,4025417.348973898
1628236482425827036,351984.5258053084,4025417.6656834823
1628236482557720057,351984.5366705546,4025418.250117279
1628236482617976164,351984.6990396081,4025418.570973377
1628236482755904453,351984.72830757115,4025419.1947664027
1628236482827871742,351984.8657844331,4025419.553737394
1628236482965795217,351984.9005249903,4025420.1245033797
1628236483026019803,351984.91477774683,4025420.428372521
1628236483157996950,351985.080211363,4025420.8911615964
1628236483218019786,351985.0895127171,4025421.14276155
1628236483361844015,351985.278722153,4025421.7540422627
1628236483428038446,351985.2910966999,4025422.040853362
1628236483553787621,351985.3113669817,4025422.5255461037
1628236483631911687,351985.50270849606,4025422.818486977
1628236483757980200,351985.52334786305,4025423.3265807726
1628236483889927912,351985.6313266532,4025423.8828512547
1628236483949944018,351985.63612644863,4025424.110311995
1628236484033898762,351985.6429638929,4025424.4088450335
1628236484160196109,351985.75517063437,4025424.930344277
1628236484292047240,351985.78127100825,4025425.3918810613
1628236484351979346,351985.7968664352,4025425.645708166
1628236484502122926,351985.8259988334,4025426.156128895
1628236484562123191,351985.841982926,4025426.3862520857
1628236484693996979,351985.8637512715,4025426.8067702707
1628236484760019893,351985.8752993075,4025426.9951442024
1628236484904124192,351985.9299679323,4025427.481935128
1628236484964143618,351985.94465197786,4025427.6609474975
1628236485096035777,351986.01356288523,4025428.03639419
1628236485156021267,351986.0259850853,4025428.2026886335
1628236485300391312,351986.052992353,4025428.6029601744
1628236485366161689,351986.16446345986,4025428.754348871
1628236485498064375,351986.1969961049,4025429.0796652385
1628236485557936503,351986.21229948464,4025429.225249748
1628236485696064870,351986.2723625663,4025429.57580746
1628236485767982078,351986.29000706895,4025429.733391371
1628236485900241061,351986.3366550313,4025430.0382179613
1628236485954204670,351986.3529822229,4025430.163337883
1628236486098114647,351986.35723899724,4025430.4590768144
1628236486170248954,351986.37538325647,4025430.592314031
1628236486302046236,351986.4079508099,4025430.826747001
1628236486356230683,351986.4052527944,4025430.963620827
1628236486500052805,351986.43999073596,4025431.1911196513
1628236486566182404,351986.41516286717,4025431.3295005485
1628236486698249615,351986.44649185333,4025431.51642278
1628236486764028588,351986.4616096189,4025431.5975257866
1628236486902182767,351986.4334456632,4025431.7960995045
1628236486962150430,351986.4447505488,4025431.8683716045
1628236487100180075,351986.403528917,4025432.0403581806
1628236487160156740,351986.41285845905,4025432.104179991
1628236487303964552,351986.434475867,4025432.244224464
1628236487364171165,351986.41178420576,4025432.3003989877
1628236487502308599,351986.4327648574,4025432.4246001984
1628236487562212446,351986.44186698523,4025432.4751047567
1628236487700355624,351986.4330600773,4025432.606299728
1628236487760383129,351986.441178964,4025432.652838467
1628236487910164837,351986.43395844847,4025432.771493942
1628236487958142159,351986.44066995784,4025432.8071007286
1628236488102359960,351986.4533456443,4025432.909608084
1628236488162343534,351986.4613355824,4025432.9485958046
1628236488300238281,351986.47939596523,4025433.0304572894
1628236488432300016,351986.4564171402,4025433.1216409397
1628236488504400630,351986.464681012,4025433.167734692
1628236488624281828,351986.44733404776,4025433.2402366656
1628236488702427384,351986.45563033014,4025433.297163778
1628236488834324828,351986.4490947711,4025433.388020855
1628236488906306673,351986.45695253566,4025433.4407134443
1628236489026311050,351986.47136240115,4025433.5339747295
1628236489104436909,351986.43942179997,4025433.5864466582
1628236489224440502,351986.452900173,4025433.684133712
1628236489302259311,351986.4613719211,4025433.7424006234
1628236489428361031,351986.4277083331,4025433.851238326
1628236489500209572,351986.43497459183,4025433.910395588
1628236489626454700,351986.4337643421,4025434.0075094844
1628236489710345932,351986.4421979084,4025434.0724757635
1628236489830369929,351986.441152976,4025434.1542515093
1628236489896421933,351986.44847513456,4025434.207746714
1628236490034606363,351986.4630647446,4025434.3115336634
1628236490100532915,351986.4354651085,4025434.3698061905
1628236490232393713,351986.44694072683,4025434.4610118372
1628236490298597777,351986.4530890649,4025434.508316661
1628236490442287011,351986.40255663724,4025434.572901309
1628236490502313954,351986.4059169103,4025434.608839986
1628236492902589918,351986.25178241107,4025435.3920784667
1628236493028724785,351986.2480330497,4025435.404838009
1628236493160621797,351986.23981456866,4025435.434672433
1628236493238584280,351986.2374679352,4025435.4402210168
1628236493376746290,351986.2239067521,4025435.4592059487
1628236493430727318,351986.22169963585,4025435.463989199
1628236493562558337,351986.21602687973,4025435.480275905
1628236493640638992,351986.217044618,4025435.4951971197
1628236493772772243,351986.20853856474,4025435.5224881954
1628236493838779538,351986.2066693242,4025435.5309736202
1628236493970788604,351986.1934987197,4025435.567469253
1628236494042780791,351986.18431346596,4025435.5907282834
1628236494174555656,351986.17674293334,4025435.6531449375
1628236494234610561,351986.1641719056,4025435.6836487902
1628236494366694714,351986.1488242084,4025435.753492071
1628236494444685462,351986.12766145833,4025435.8044829355
1628236494576669596,351986.0941162696,4025435.9131049914
1628236494636590490,351986.073281127,4025435.958261309
1628236494762851250,351986.0215921154,4025436.062340832
1628236494846703465,351985.99792285415,4025436.136324085
1628236494972772443,351985.9346146118,4025436.253373836
1628236495038742066,351985.9028416153,4025436.3102985434
1628236495164723866,351985.86693763366,4025436.434479319
1628236495248661918,351985.8225013674,4025436.5182930646
1628236495374912987,351985.7764048199,4025436.6514218426
1628236495434835923,351985.7411375033,4025436.719957311
1628236495566776639,351985.71264159423,4025436.859774163
1628236495638670120,351985.67246654903,4025436.946505912
1628236495764893424,351985.5998789512,4025437.117044451
1628236495836914436,351985.673200875,4025437.1610659035
1628236495968801706,351985.615870693,4025437.3422541036
1628236496040798450,351985.5834064884,4025437.4426941206
1628236496166985781,351985.5990079931,4025437.5682079126
1628236496232693598,351985.57399557816,4025437.6582513484
1628236496376741733,351985.5029999255,4025437.8272978356
1628236496436878562,351985.47833889665,4025437.939705014
1628236496568857212,351985.4231643714,4025438.122031351
1628236496646703949,351985.40306327713,4025438.2441264414
1628236496772858886,351985.36991383275,4025438.4831454474
1628236496838866038,351985.33149022167,4025438.5276865805
1628236496976904100,351985.30636327213,4025438.777219393
1628236497042750738,351985.2890817701,4025438.9125264357
1628236497169007486,351985.24276985484,4025439.0616351035
1628236497246879832,351985.23592972534,4025439.2007769663
1628236497378918098,351985.16233194096,4025439.3586219875
1628236497504859004,351985.1628983831,4025439.6026652986
1628236497570807750,351985.0310192728,4025439.4714008314
1628236497714905331,351985.01589869766,4025439.7600547797
1628236497774963231,351985.0104949421,4025439.8760851976
1628236497912915986,351984.88224285364,4025440.0930309794
1628236497972934537,351984.8833047986,4025440.208828912
1628236498110828065,351984.71808808984,4025440.343091611
1628236498171298432,351984.71713256557,4025440.474778132
1628236498308966988,351984.7220488705,4025440.7233553915
1628236498374932134,351984.6111460496,4025440.8071750184
1628236498513120017,351984.6348049619,4025441.0703402883
1628236498578853086,351984.5273085772,4025441.2839408647
1628236498711226543,351984.5480358187,4025441.5469883485
1628236498777001220,351984.55635309976,4025441.6587560717
1628236498915115387,351984.52472339297,4025442.0064239674
1628236498980890337,351984.5338922733,4025442.1198098636
1628236499119073471,351984.5527088443,4025442.5461768955
1628236499167152686,351984.5628169802,4025442.643082255
1628236499310892060,351984.5962736869,4025442.911710793
1628236499377041528,351984.59155735886,4025443.0394026334
1628236499509129524,351984.62094546325,4025443.2788643423
1628236499574827754,351984.5828678038,4025443.329365854
1628236499719063327,351984.6211994001,4025443.5939590544
1628236499779068592,351984.64054778335,4025443.699419526
1628236499917209212,351984.6986834877,4025443.854908141
1628236499970960754,351984.7153176727,4025443.9443929777
1628236500109149252,351984.8379192953,4025444.2168246005
1628236500181074209,351984.8620585181,4025444.3544303398
1628236500313012872,351984.9123408559,4025444.7398388567
1628236500372992950,351984.93495587853,4025444.866819819
1628236500511247271,351984.99105386133,4025445.172827824
1628236500577031566,351984.9960802675,4025445.3706669174
1628236500709151988,351985.0529746653,4025445.703654555
1628236500775238995,351985.07655908033,4025445.85166117
1628236500913252549,351985.01700236875,4025446.315271085
1628236500973270927,351985.0405261114,4025446.4740210962
1628236501111179154,351985.05723701604,4025446.934344924
1628236501171194350,351985.08208835917,4025447.1029295996
1628236501315175122,351985.1565418154,4025447.5724146236
1628236501381266259,351985.18790169706,4025447.782591094
1628236501513215991,351985.2469193257,4025448.1827280014
1628236501645186190,351985.343359264,4025448.5976374783
1628236501717097741,351985.37392851745,4025448.824063062
1628236501777085035,351985.39859684365,4025449.0212462945
1628236501915382646,351985.5027265913,4025449.598746793
1628236501975340173,351985.5312716726,4025449.804927689
1628236502119104861,351985.54214656714,4025450.3291644575
1628236502245398394,351985.60316139844,4025450.785496802
1628236502317399355,351985.64563294384,4025451.035187529
1628236502449254034,351985.7085102226,4025451.498720851
1628236502515576504,351985.739507202,4025451.750194468
1628236502647274949,351985.7693672704,4025452.26748461
1628236502719135973,351985.7962625476,4025452.520020108
1628236502851280677,351985.7863795967,4025453.085002021
1628236502917325444,351985.81302785117,4025453.3427298097
1628236503043281986,351985.8604162799,4025453.7892086287
1628236503121169243,351985.88401610113,4025454.152565731
1628236503247415095,351985.923374317,4025454.6452639652
1628236503325243562,351985.9989820292,4025454.898203592
1628236503451333352,351986.0347401925,4025455.3945339187
1628236503523210572,351986.05649022013,4025455.663865924
1628236503649456080,351986.09728608886,4025456.1960757654
1628236503721466417,351986.12570979947,4025456.4702072153
1628236503841488433,351986.14348920994,4025456.978807644
1628236503925358235,351986.1671132195,4025457.282821951
1628236504051348009,351986.196654995,4025457.7779003824
1628236504123504193,351986.2211552244,4025458.0456595193
1628236504249589029,351986.2582393215,4025458.557088907
1628236504315387749,351986.27875313297,4025458.7933451813
1628236504453393524,351986.33912354894,4025459.2977239746
1628236504513360392,351986.36341619346,4025459.5354568786
1628236504645358602,351986.4099034263,4025459.9809897733
1628236504723524437,351986.4344403553,4025460.299148876
1628236504855431208,351986.4947527804,4025460.74652091
1628236504915427910,351986.5144895165,4025460.983736514
1628236505047326996,351986.55942763365,4025461.5047517875
1628236505119447733,351986.6501052658,4025461.76272896
1628236505245576634,351986.7009438051,4025462.295087748
1628236505317313478,351986.6939812966,4025462.6272127107
1628236505443629437,351986.7499696284,4025463.1662738295
1628236505515524849,351986.777687151,4025463.4580262667
1628236505647463379,351986.7793610601,4025464.026045747
1628236505719662663,351986.80530255387,4025464.319232344
1628236505845598720,351986.8135165656,4025464.880655051
1628236505917631989,351986.84220829676,4025465.170483476
1628236506055535305,351986.9019274074,4025465.7457363526
1628236506115562491,351986.874269645,4025466.120482249
1628236506247626803,351986.91668187664,4025466.652633979
1628236506379644283,351987.05169482704,4025467.235497098
1628236506457574364,351987.0842081441,4025467.557899335
1628236506589533251,351987.20430483756,4025468.1733205547
1628236506649556092,351987.2295150147,4025468.4129604315
1628236506781437010,351987.280881305,4025468.9279759526
1628236506859468240,351987.4031629086,4025469.290700773
1628236506991552334,351987.4657530658,4025469.8392928704
1628236507045581634,351987.48842372093,4025470.0338704097
1628236507183595934,351987.5152903547,4025470.6832481087
1628236507249704799,351987.5472209549,4025470.9536575107
1628236507393518081,351987.54205767,4025471.5484055076
1628236507441700230,351987.5622175822,4025471.738921244
1628236507585611706,351987.57775990164,4025472.2952291085
1628236507651761657,351987.60952273634,4025472.5558145586
1628236507783786021,351987.6682873408,4025473.0269255727
1628236507855640843,351987.61182863463,4025473.344911401
1628236507987651963,351987.66608960065,4025473.7935464713
1628236508053509269,351987.6885340342,4025473.996321976
1628236508185587356,351987.6098577591,4025474.5465634936
1628236508245776304,351987.6356971266,4025474.739057472
1628236508383720167,351987.56630353874,4025475.253876846
1628236508455654979,351987.5916089981,4025475.470504474
1628236508587517739,351987.46432498243,4025475.9585562465
1628236508653821050,351987.48390024557,4025476.166660373
1628236508785866527,351987.5182337569,4025476.542041417
1628236508857698985,351987.3091410707,4025476.8965240605
1628236508989663640,351987.3384240286,4025477.2567170584
1628236509049596225,351987.3534407605,4025477.4194728867
1628236509175848605,351987.1799921298,4025477.9026213866
1628236509259721295,351987.19456297124,4025478.1125352466
1628236509397730389,351987.1654929846,4025478.5832845955
1628236509445802203,351987.1745976424,4025478.7143568136
1628236509589890838,351987.1615077701,4025479.0736712064
1628236509649890967,351987.1714894568,4025479.229295492
1628236509781776704,351987.19355829677,4025479.56376288
1628236509979798556,351987.21053594915,4025480.0986835915
1628236510051707082,351987.2240746499,4025480.2660271134
1628236510189944440,351987.17249617045,4025480.623175848
1628236510249837730,351987.18303700455,4025480.7579314853
1628236510387711584,351987.2093042682,4025481.0755575
1628236510453715200,351987.22357367177,4025481.223143351
1628236510591954575,351987.2026245546,4025481.558269055
1628236510657729274,351987.2147314729,4025481.67751003
1628236510783835519,351987.24069608876,4025481.9273758396
1628236510861860908,351987.18993342144,4025482.1500175134
1628236510993992480,351987.2138636272,4025482.384399627
1628236511125879037,351987.1302762336,4025482.63453404
1628236511185858637,351987.1402168736,4025482.734143113
1628236511323880376,351987.00661845657,4025482.9953856277
1628236511395756209,351987.0148611984,4025483.1027905447
1628236511527802979,351987.03002765315,4025483.2939713984
1628236511582201928,351986.9918389021,4025483.4183743126
1628236511725905945,351987.00808021385,4025483.608163496
1628236511798117375,351987.01710315037,4025483.6987091154
1628236511924008044,351986.9361861853,4025483.93187566
1628236511989815118,351986.9418631792,4025484.0034046243
1628236512127883618,351986.9756675685,4025484.210197631
1628236512193983402,351986.98445709894,4025484.287075141
1628236512326040663,351986.97863726836,4025484.4001829363
1628236512391825495,351986.9861454565,4025484.460999303
1628236512529949887,351987.0056245989,4025484.6009277077
1628236512589910274,351986.9850288365,4025484.669029533
1628236512727965605,351987.00445692055,4025484.8059680387
1628236512787993015,351987.01277922466,4025484.8644206133
1628236512926142793,351986.99733561557,4025485.016206556
1628236512992005609,351987.0056422872,4025485.073743854
1628236513129982307,351987.033862248,4025485.209067354
1628236513189993556,351987.0430685374,4025485.265673749
1628236513328143416,351986.9758125515,4025485.4017121377
1628236513400154508,351986.9843796117,4025485.46556223
1628236513520166387,351986.9990217885,4025485.572430612
1628236513591911442,351986.97528703813,4025485.642569714
1628236513723992149,351986.9916731071,4025485.751483544
1628236513795974288,351987.00119281275,4025485.8085728763
1628236513922195554,351987.0127330958,4025485.9446695023
1628236513987941432,351987.0217679754,4025485.991238378
1628236514132058913,351987.0138486187,4025486.1475956147
1628236514192094119,351987.0220279959,4025486.192317498
1628236514330239184,351987.0003106976,4025486.325197819
1628236514384230526,351987.0070245244,4025486.360941898
1628236514534120098,351987.0283774759,4025486.4676346453
1628236514594138394,351987.01080736297,4025486.5288487542
1628236514731997114,351987.0302124812,4025486.6197664035
1628236514864263550,351987.0120079274,4025486.729606631
1628236514936143481,351987.0214124933,4025486.7799534355
1628236515056283813,351987.0379365813,4025486.8683567657
1628236515134247479,351986.9737995905,4025486.951148896
1628236515266211703,351986.9893902482,4025487.051012444
1628236515326286062,351986.9065074322,4025487.099364613
1628236515464191845,351986.9171587031,4025487.21020746
1628236515524226608,351986.9225633325,4025487.258638896
1628236515668334751,351986.9129791159,4025487.3961338783
1628236515728304390,351986.91842803045,4025487.447158593
1628236515860191267,351986.94539462205,4025487.5305312253
1628236515926387697,351986.9517713981,4025487.5912143234
1628236516058221037,351986.965200943,4025487.705702412
1628236516130115306,351986.973076957,4025487.7880582567
1628236516256338998,351986.988006789,4025487.9081970872
1628236516328282903,351986.9983613349,4025487.955201198
1628236516460233104,351987.01369164744,4025488.077347379
1628236516538385973,351987.0251638158,4025488.154057006
1628236516658384127,351987.02688652556,4025488.2853163234
1628236516736104663,351987.0366214052,4025488.3550059428
1628236516862288005,351987.05569885764,4025488.455328754
1628236516940284499,351987.0670095649,4025488.535092944
1628236517066273206,351987.08651192195,4025488.658510676
1628236517132398589,351987.0707217417,4025488.79714925
1628236517264297829,351987.0917780989,4025488.9418725763
1628236517336310821,351987.0819384878,4025489.0393932485
1628236517462304781,351987.10259325185,4025489.201701841
1628236517534202015,351987.11485810607,4025489.294450435
1628236517666486381,351987.0832153016,4025489.5162467994
1628236517738324140,351987.0924742489,4025489.6206130725
1628236517864345945,351987.0498852995,4025489.85547499
1628236517936479173,351987.058280691,4025489.971819094
1628236518062487997,351987.07375684683,4025490.199005983
1628236518134475149,351987.1055348664,4025490.2978606657
1628236518260318974,351987.12146053824,4025490.526352155
1628236518338257134,351987.1601548182,4025490.671018423
1628236518464514611,351987.18387639744,4025490.93786007
1628236518536557333,351987.1973822799,4025491.0871984903
1628236518656509112,351987.24785135,4025491.362036878
1628236518728386134,351987.2651187716,4025491.51720105
1628236518866408120,351987.3080782256,4025491.8330008555
1628236518938280987,351987.32230292266,4025492.002987734
1628236519058440124,351987.3477177727,4025492.304652101
1628236519136528183,351987.3585540776,4025492.4995995886
1628236519268549262,351987.3908156632,4025492.8412172585
1628236519340414067,351987.36847349675,4025493.0286440407
1628236519466481321,351987.4017284114,4025493.394476097
1628236519598471110,351987.4155551492,4025493.755604443
1628236519670361361,351987.43757858395,4025493.9658945864
1628236519802386991,351987.4695977564,4025494.364798813
1628236519868513428,351987.47740869736,4025494.5809469884
1628236520000607497,351987.4980203918,4025494.9962816336
1628236520072396041,351987.5232117597,4025495.2044424503
1628236520198640391,351987.5636611397,4025495.6323779924
1628236520258644945,351987.5844920323,4025495.8335941164
1628236520390556602,351987.5509860774,4025496.2804625463
1628236520474418051,351987.567434176,4025496.562778991
1628236520600648571,351987.55150968255,4025497.0491732657
1628236520660656497,351987.56116848206,4025497.271668162
1628236520798415898,351987.5918129446,4025497.7652018843
1628236520870432631,351987.5410824218,4025498.084432707
1628236520996462043,351987.5763728062,4025498.6052007643
1628236521062660681,351987.5238400443,4025498.935052135
1628236521194723082,351987.5412369871,4025499.471293238
1628236521266573565,351987.5527368499,4025499.7640703283
1628236521392635928,351987.6272626638,4025500.3432513503
1628236521464604115,351987.6441667544,4025500.6451220927
1628236521596564015,351987.7262769445,4025501.218100504
1628236521668619078,351987.7454213279,4025501.526067122
1628236521800508851,351987.7812387687,4025502.104505332
1628236521866640598,351987.88348363724,4025502.4215510697
1628236521998512389,351987.92728436587,4025503.011785518
1628236522076779190,351987.8964296458,4025503.467367362
1628236522208660092,351987.9366488699,4025504.0766146947
1628236522268682905,351987.9559443485,4025504.361262927
1628236522400528875,351987.9505852554,4025505.010656906
1628236522478771395,351987.9755869404,4025505.3971380484
1628236522604550807,351987.99963642115,4025505.9994897624
1628236522664686290,351988.01718754333,4025506.2945744465
1628236522802698670,351988.0596123473,4025506.9900892186
1628236522868698898,351988.08831883664,4025507.359416978
1628236523012720802,351988.135829173,4025508.066807988
1628236523060818470,351988.15206886,4025508.320837744
1628236523204708406,351988.08915888437,4025509.0794926295
1628236523270731453,351988.109895103,4025509.437786881
1628236523402610695,351988.11624530243,4025510.125952481
1628236523462630394,351988.13432761794,4025510.434272938
1628236523600895129,351988.22368887765,4025511.188832123
1628236523672760268,351988.247163182,4025511.551993028
1628236523798974563,351988.2920260803,4025512.227659942
1628236523942899474,351988.3165410492,4025512.9841504865
1628236524002909429,351988.3387048483,4025513.29737569
1628236524068694221,351988.359716633,4025513.61104782
1628236524206800549,351988.32701693045,4025514.4410873884
1628236524345070028,351988.3284663787,4025515.296178974
1628236524398811747,351988.3452346517,4025515.563291958
1628236524536717562,351988.39208668366,4025516.3107644464
1628236524602886725,351988.383425931,4025516.7417969843
1628236524734838057,351988.4219526714,4025517.439575635
1628236524806716321,351988.4429420262,4025517.8162679635
1628236524938721387,351988.40672901657,4025518.5960432347
1628236525004895483,351988.4281676016,4025518.975810219
1628236525136862720,351988.3751783194,4025519.7524844715
1628236525196865930,351988.38989506126,4025520.078166152
1628236525346976357,351988.3820520668,4025520.9341488653
1628236525407014588,351988.3974162524,4025521.260216225
1628236525539023135,351988.43151757645,4025521.96869074
1628236525604920358,351988.34288688033,4025522.470303906
1628236525737039995,351988.3669337287,4025523.1850842535
1628236525802751884,351988.37839884113,4025523.513354463
1628236525940933347,351988.3482915085,4025524.3039814625
1628236526000927869,351988.3595154525,4025524.630638334
1628236526138930930,351988.3632448065,4025525.433383026
1628236526210809553,351988.37447464117,4025525.813995746
1628236526337051561,351988.4854449997,4025526.5169155654
1628236526408814795,351988.49194018246,4025526.84365319
1628236526540960089,351988.5129292633,4025527.6009669136
1628236526612845787,351988.52821706247,4025528.0369311557
1628236526739085955,351988.54735019885,4025528.7409615046
1628236526804846118,351988.5547106125,4025529.0647546183
1628236526942961734,351988.66384794295,4025529.808660996
1628236527009321901,351988.68171354604,4025530.181134147
1628236527141122305,351988.7974380808,4025530.8407897144
1628236527206917784,351988.807817343,4025531.1572984937
1628236527345017612,351988.87453873525,4025531.8870669063
1628236527411073196,351988.896977996,4025532.2557387496
1628236527537034939,351988.9377162438,4025532.884661398
1628236527603037555,351988.78426591645,4025533.3075462175
1628236527746915216,351988.81311410415,4025534.031857776
1628236527806920316,351988.8261581084,4025534.341790183
1628236527945040413,351988.7612826858,4025535.158676627
1628236528076932903,351988.83958157996,4025535.8355121072
1628236528143233319,351988.85612485616,4025536.1948850714
1628236528275193867,351988.88727337646,4025536.857327737
1628236528347094555,351989.0045269185,4025537.1829979415
1628236528473450865,351989.0429498985,4025537.830026828
1628236528545260236,351989.0648774123,4025538.1758798948
1628236528677233887,351989.2077024024,4025538.7873729314
1628236528743328499,351989.2316534573,4025539.126630058
1628236528881126784,351989.2004793463,4025539.892311509
1628236528947131182,351989.2215725998,4025540.2286266685
1628236529079267409,351989.1542054776,4025540.9657203914
1628236529139249055,351989.17410215916,4025541.253410177
1628236529283064162,351989.220616473,4025541.9203512655
1628236529349139290,351989.2905276313,4025542.315098861
1628236529481021608,351989.339523346,4025542.9289876856
1628236529535400924,351989.36134006095,4025543.2093813834
1628236529679303609,351989.4198158756,4025543.922719305
1628236529751190630,351989.4509741169,4025544.246197586
1628236529871195901,351989.39563307236,4025544.8636992476
1628236529949309596,351989.4299782638,4025545.2326255515
1628236530081316995,351989.46030942316,4025545.823975075
1628236530153221258,351989.4896300021,4025546.1399162584
1628236530279272301,351989.5471449751,4025546.723721373
1628236530351237282,351989.50478329475,4025547.0951783187
1628236530477181965,351989.55808868795,4025547.630836768
1628236530549114603,351989.5906351257,4025547.9408939127
1628236530675258188,351989.55425852654,4025548.564541552
1628236530747173501,351989.5838514728,4025548.8714142186
1628236530873746999,351989.5122861003,4025549.510982849
1628236530951387126,351989.54514276143,4025549.8570765373
1628236531077431030,351989.4824722735,4025550.427797092
1628236531143321396,351989.50721039635,4025550.727367291
1628236531287146334,351989.5553159181,4025551.3230825523
1628236531347308593,351989.5876589274,4025551.619440557
1628236531473416914,351989.6356750143,4025552.1670303466
1628236531539164108,351989.6591834404,4025552.4178231466
1628236531683350583,351989.65693884576,4025553.1030532354
1628236531749213421,351989.6785699008,4025553.351131469
1628236531869231712,351989.74241032195,4025553.86216504
1628236531947505340,351989.7738449059,4025554.1875307295
1628236532085381873,351989.7981049601,4025554.762900911
1628236532145381944,351989.8222900006,4025554.9997048816
1628236532277361598,351989.8745453002,4025555.504252834
1628236532349281885,351989.8548964162,4025555.752883413
1628236532481327961,351989.904989409,4025556.234457666
1628236532553382860,351989.9328309457,4025556.488808122
1628236532679371381,351989.8927345215,4025557.032226246
1628236532811382858,351989.9405777988,4025557.4946430507
1628236532877517561,351989.86471882183,4025557.8095116834
1628236533009533108,351989.9033213599,4025558.268698786
1628236533069537958,351989.8532724019,4025558.504512109
1628236533213393566,351989.8913178022,4025558.9900458227
1628236533279548268,351989.91204755986,4025559.230021642
1628236533411562668,351989.92401869793,4025559.7219516505
1628236533483454980,351989.9450633193,4025559.95356014
1628236533609498821,351989.89905643987,4025560.4028393915
1628236533681464510,351989.91749630746,4025560.624879173
1628236533813585801,351989.9491851155,4025561.029465437
1628236533885464483,351989.92373897764,4025561.2924469584
1628236534011373031,351989.9529678208,4025561.6512676068
1628236534083485909,351989.9205337914,4025561.93035993
1628236534215380324,351989.95250777004,4025562.308756818
1628236534281431627,351989.9685844614,4025562.481763894
1628236534413639888,351989.9484506312,4025562.8878454957
1628236534485524078,351989.9692551297,4025563.0857356177
1628236534617393320,351989.93967245833,4025563.4746137927
1628236534677476117,351989.96050561673,4025563.6420158707
1628236534809515551,351990.0126174607,4025564.0041384343
1628236534881706047,351990.00721733936,4025564.224021811
1628236535013601726,351990.0749807514,4025564.6055917684
1628236535073587733,351990.05181839527,4025564.798586869
1628236535205823502,351990.1237239444,4025565.1421521264
1628236535277682658,351990.1681191441,4025565.3258147053
1628236535409565155,351990.1630652949,4025565.6892797016
1628236535475803030,351990.2075366762,4025565.8702553893
1628236535607576352,351990.2331921934,4025566.227122868
1628236535691524976,351990.2885641703,4025566.431685986
1628236535817715208,351990.33666880085,4025566.775383029
1628236535889603758,351990.388289285,4025566.951475815
1628236536009592695,351990.4866654827,4025567.2511007846
1628236536087800283,351990.4723360164,4025567.480627768
1628236536219728552,351990.5829166577,4025567.797988951
1628236536279754327,351990.63511887495,4025567.9420278254
1628236536411642963,351990.72010575933,4025568.2706905063
1628236536483561152,351990.79305963055,4025568.4308242486
1628236536621796282,351990.89579755685,4025568.783933956
1628236536681778362,351990.95716025284,4025568.926504123
1628236536813572594,351991.0995674911,4025569.2401479324
1628236536885705766,351991.168177699,4025569.4032550706
1628236537011705211,351991.35018679744,4025569.703862788
1628236537155578297,351991.5337149649,4025570.023731993
1628236537215829749,351991.6302821446,4025570.1566676325
1628236537281755222,351991.74324580346,4025570.3115709517
1628236537413724279,351991.93843262387,4025570.6029202985
1628236537557689020,351992.1937548835,4025570.886345647
1628236537611869280,351992.2699121017,4025571.042854083
1628236537755738643,351992.54674997437,4025571.312056818
1628236537821780768,351992.66379867296,4025571.427400002
1628236537953852791,351992.95860004384,4025571.6602236317
1628236538013872219,351993.10160521336,4025571.7622754616
1628236538157767534,351993.38242789265,4025572.012855187
1628236538223840342,351993.5504162127,4025572.128610264
1628236538349740467,351993.82717844157,4025572.3326277277
1628236538415803430,351994.0110685695,4025572.439596722
1628236538559727610,351994.3989731276,4025572.6364671676
1628236538625713569,351994.4871337089,4025572.763198633
1628236538757826534,351994.8822582126,4025572.943252422
1628236538817808308,351995.0031845631,4025573.0390588883
1628236538955923464,351995.41018874693,4025573.1963874996
1628236539027988172,351995.61544721376,4025573.2697879705
1628236539159813053,351995.9625638159,4025573.440621161
1628236539207959221,351996.1083622023,4025573.490012185
1628236539357995718,351996.5139204468,4025573.6949126935
1628236539418000842,351996.69103629026,4025573.750086182
1628236539555806811,351997.0803325303,4025573.860475278
1628236539621869528,351997.2548488198,4025573.9832296604
1628236539765792596,351997.68073441566,4025574.0971749537
1628236539820051231,351997.81694806076,4025574.223268999
1628236539952015077,351998.2188399968,4025574.326057686
1628236540012041942,351998.4025926015,4025574.3731526616
1628236540161905392,351998.771680581,4025574.6172203645
1628236540221928878,351998.9517601795,4025574.667246769
1628236540360080180,351999.2440110734,4025574.9776910916
1628236540420033927,351999.4314594546,4025575.0303383037
1628236540557828949,351999.8455847625,4025575.147200624
1628236540623943685,351999.78619304573,4025575.586484817
1628236540755869947,352000.19858408003,4025575.732246863
1628236540815895754,352000.3936852197,4025575.8005717793
1628236540959964722,352000.5752964129,4025576.3138058716
1628236541025990785,352000.8021634987,4025576.401669258
1628236541152046312,352001.0472390879,4025576.8624577406
1628236541284251523,352001.480063701,4025577.0450114175
1628236541356133545,352001.8567584255,4025576.887453606
1628236541488020263,352002.30827818735,4025577.0657512606
1628236541559939513,352002.55555959814,4025577.1606819956
1628236541686024980,352003.10473104403,4025577.2191157425
1628236541757899180,352003.3683804468,4025577.3075413206
1628236541884158622,352003.93578999967,4025577.329591333
1628236541956159928,352004.20959423226,4025577.424740623
1628236542088096745,352004.8529133644,4025577.365415091
1628236542166197152,352005.2004869499,4025577.464736992
1628236542286191121,352005.73452486965,4025577.609124057
1628236542358167659,352006.10039910534,4025577.5738539943
1628236542496114295,352006.73651013314,4025577.7518686457
1628236542562098580,352007.0131419153,4025577.832107439
1628236542694027908,352007.67481698724,4025577.8666169336
1628236542754080949,352007.96550106024,4025577.938772673
1628236542892118708,352008.7368011278,4025577.8790627257
1628236542964050136,352009.094076198,4025577.962136106
1628236543090161038,352009.7814616746,4025577.9921783744
1628236543162001243,352010.15645482973,4025578.072751965
1628236543294147055,352010.8678750749,4025578.2271723202
1628236543360194602,352011.31695627084,4025578.1411340307
1628236543486173267,352012.0036231405,4025578.279222711
1628236543564290392,352012.47105967824,4025578.3727750946
1628236543690257767,352013.2450964709,4025578.4143693284
1628236543762266479,352013.67233312735,4025578.498445645
1628236543888056600,352014.41336150595,4025578.5746312262
1628236543960234333,352014.91262907616,4025578.6754528726
1628236544092331858,352015.755165075,4025578.7914710194
1628236544164359545,352016.2008202855,4025578.88011587
1628236544284332492,352016.9744331097,4025579.0380830686
1628236544362232709,352017.52273500373,4025579.0670521106
1628236544494226411,352018.38187147136,4025579.245593258
1628236544566169456,352018.8523161048,4025579.3419633172
1628236544686349511,352019.6171749507,4025579.3375409795
1628236544764254919,352020.09747599775,4025579.432094844
1628236544896257068,352021.0849442434,4025579.493178431
1628236544956261657,352021.5043835219,4025579.5763506414
1628236545094361217,352022.50852027984,4025579.714665692
1628236545154401422,352022.9361439877,4025579.798186525
1628236545304206139,352023.94502820953,4025580.0000813757
1628236545358296114,352024.4197425052,4025579.9944179715
1628236545490166527,352025.3783762548,4025580.182644316
1628236545562190807,352025.8990746441,4025580.2875258178
1628236545688446016,352026.9041469025,4025580.3573123384
1628236545766361690,352027.5127415292,4025580.4680176373
1628236545886371723,352028.4141350681,4025580.5656368383
1628236546018444921,352029.40522891434,4025580.7479382628
1628236546090465051,352029.94485997094,4025580.821368347
1628236546228261053,352030.9325617168,4025580.987309134
1628236546294362653,352031.4614087883,4025581.076151934
1628236546420353096,352032.43803591904,4025581.3370100358
1628236546498284821,352032.9636946507,4025581.4303629952
1628236546630472837,352034.01441937685,4025581.6663658046
1628236546690411297,352034.4682038277,4025581.7467855075
1628236546822521368,352035.43275726994,4025581.9564576377
1628236546894290569,352035.96626686974,4025582.0502871084
1628236547032457653,352037.0315920955,4025582.2424001857
1628236547092527841,352037.4293742862,4025582.3529818794
1628236547224402299,352038.41473838943,4025582.5268065534
1628236547296410148,352038.94782713254,4025582.617438992
1628236547434570843,352039.98152838135,4025582.8769878885
1628236547494541357,352040.4439455335,4025582.9625706724
1628236547626463227,352041.4513680916,4025583.1557643064
1628236547704470977,352042.0719835854,4025583.271697613
1628236547836396969,352043.0633866127,4025583.497178353
1628236547896325006,352043.5281126202,4025583.5839426043
1628236548022879612,352044.53686761257,4025583.781905181
1628236548094536007,352045.0978459291,4025583.8241180144
1628236548238363934,352046.19333277235,4025584.0294199274
1628236548292363842,352046.5851884751,4025584.102108211
1628236548424589193,352047.6446036183,4025584.334180047
1628236548496650857,352048.1921778412,4025584.438543043
1628236548628530183,352049.18169870385,4025584.6413816754
1628236548688509445,352049.6513000253,4025584.7312979423
1628236548820409782,352050.67532969103,4025584.876600963
1628236548898702506,352051.2968400517,4025584.9931300045
1628236549030564471,352052.29816178593,4025585.1757782125
1628236549090558817,352052.76589785505,4025585.222573943
1628236549228566527,352053.8362172687,4025585.410544895
1628236549300464944,352054.3690967605,4025585.501456498
1628236549432447197,352055.3581624789,4025585.6204399546
1628236549498607660,352055.8802596345,4025585.71077275
1628236549630604315,352056.88859950064,4025585.568009657
1628236549702750802,352057.4053660437,4025585.6499800286
1628236549828737518,352058.28327502974,4025585.900410359
1628236549900704573,352058.7929487332,4025585.9869880383
1628236550026608492,352059.66093718424,4025586.1371528963
1628236550104539554,352060.16965101194,4025586.385614838
1628236550231735838,352061.09273555025,4025586.5472907736
1628236550297858555,352061.5149368684,4025586.622483042
1628236550429976252,352062.4186420669,4025586.986122731
1628236550501985217,352062.9009603235,4025587.0809191545
1628236550633855400,352063.83861301176,4025587.1002546237
1628236550765821835,352064.72168609686,4025587.2760113035
1628236550825739372,352065.19326920767,4025587.1602333565
1628236550965011823,352066.13065704197,4025587.3428452187
1628236551036697989,352066.59438008757,4025587.435243128
1628236551168681807,352067.49212153873,4025587.3547337116
1628236551222872593,352067.88585815736,4025587.428581043
1628236551366612141,352068.80449457024,4025587.6085835076
1628236551426845516,352069.19001538545,4025587.683822365
1628236551564840119,352070.07548244577,4025587.8818474235
1628236551624751483,352070.4513735563,4025587.952520395
1628236551774833890,352071.3751979314,4025588.1253849077
1628236551834830275,352071.7690623527,4025588.1745411213
1628236551966844935,352072.54289119446,4025588.3184711924
1628236552032669014,352072.8940001525,4025588.381846168
1628236552170657671,352073.7285456674,4025588.4929097244
1628236552242639432,352074.1262685905,4025588.5643088887
1628236552368867657,352074.7996080541,4025588.8102976307
1628236552428913480,352075.1297589824,4025588.8687202516
1628236552572767333,352075.8240076086,4025589.140048413
1628236552638810131,352076.1896194129,4025589.2056479603
1628236552770941221,352076.854812174,4025589.330130915
1628236552830971760,352077.1367642258,4025589.4110440463
1628236552968899896,352077.82576945086,4025589.5378672914
1628236553040833930,352078.163490655,4025589.598205533
1628236553172843335,352078.7711869892,4025589.7028566026
1628236553233018882,352079.0476551165,4025589.755695222
1628236553370905072,352079.64015691914,4025589.9695856604
1628236553430951569,352079.90239629196,4025590.0255358415
1628236553574727253,352080.45142855565,4025590.1796203908
1628236553634757229,352080.70285832987,4025590.2316046227
1628236553772995473,352081.2787094972,4025590.34961694
1628236553833023778,352081.477533762,4025590.4716529106
1628236553972133577,352082.0298781042,4025590.583779738
1628236554032173688,352082.2624335673,4025590.6295247516
1628236554182070574,352082.7489738448,4025590.776832818
1628236554242054015,352082.97375739133,4025590.821367694
1628236554374195152,352083.43735310517,4025590.9599729995
1628236554434216228,352083.6560792093,4025591.001834125
1628236554572037383,352084.1244357289,4025591.061774217
1628236554637989663,352084.3341047331,4025591.100432947
1628236554776218480,352084.8105550421,4025591.1858090763
1628236554913944033,352085.2003905064,4025591.3350728406
1628236554974126907,352085.4322589267,4025591.3781135553
1628236555094047999,352085.75680348766,4025591.4281177134
1628236555298041917,352086.4080316021,4025591.5354444133
1628236555376263103,352086.5979147565,4025591.5376971196
1628236555496082367,352086.97613858746,4025591.59487252
1628236555568314254,352087.1951352551,4025591.629343749
1628236555706264485,352087.57162681024,4025591.7566792318
1628236555784078638,352087.7811511321,4025591.7832858805
1628236555899137763,352088.1185937866,4025591.8112190804
1628236555977085929,352088.35267265653,4025591.8317913758
1628236556102937476,352088.6467457191,4025591.8576265518
1628236556174931798,352088.8457482237,4025591.8649422675
1628236556306930994,352089.2143207288,4025591.8697914113
1628236556378936953,352089.3592120182,4025591.912577022
1628236556511076623,352089.7552633381,4025591.903926035
1628236556571084264,352089.8748398786,4025591.956482194
1628236556709199302,352090.2728471084,4025591.928327331
1628236556775103670,352090.4442325637,4025591.912432371
1628236556913090755,352090.7890005867,4025591.9082577373
1628236556979092828,352090.96308613184,4025591.882489896
1628236557105027362,352091.2669447217,4025591.8397671985
1628236557176999170,352091.4703425776,4025591.79527986
1628236557303379437,352091.85195691144,4025591.70243188
1628236557375143273,352091.9687518855,4025591.647428866
1628236557507021225,352092.3530977499,4025591.5304555465
1628236557573386601,352092.5066265012,4025591.4856900955
1628236557705307726,352092.9016002293,4025591.3441515053
1628236557777167720,352093.1191815068,4025591.2581312326
1628236557903221275,352093.48776919255,4025591.1315390314
1628236557975191792,352093.7117989779,4025591.031767157
1628236558113091957,352094.09377355303,4025590.8616719297
1628236558173523937,352094.32083819807,4025590.7537609953
1628236558299215088,352094.7076700899,4025590.564295494
1628236558377248950,352094.9206089686,4025590.4422821486
1628236558509079498,352095.3379709431,4025590.2008422385
1628236558575357055,352095.4909117706,4025590.113575223
1628236558713146261,352095.9237266792,4025589.8620753423
1628236558779221769,352096.1629315056,4025589.723439234
1628236558911156329,352096.56576777715,4025589.4632345163
1628236558971107279,352096.77785643836,4025589.330737516
1628236559097409658,352097.2158027246,4025589.0660884106
1628236559241271556,352097.70421620144,4025588.724099875
1628236559313277200,352097.9519169907,4025588.5495211594
1628236559379265560,352098.12610114197,4025588.466042138
1628236559505190120,352098.5603195976,4025588.163553295
1628236559637542807,352099.00915565656,4025587.806523411
1628236559709341469,352099.268939902,4025587.615777596
1628236559841298618,352099.7004623411,4025587.297465431
1628236559907201294,352099.9280933483,4025587.1315301643
1628236560039479100,352100.47187622986,4025586.74373541
1628236560105316901,352100.64845555683,4025586.593167404
1628236560243333532,352101.2003391768,4025586.185611355
1628236560303339983,352101.4367975341,4025586.0076234587
1628236560442334465,352101.93065434776,4025585.6358787445
1628236560508472252,352102.1729852957,4025585.464931884
1628236560640578384,352102.68418085703,4025585.073817561
1628236560712592961,352102.96590032964,4025584.8773263795
1628236560844384962,352103.4121111854,4025584.522020032
1628236560916377846,352103.68316506216,4025584.316585977
1628236561048398753,352104.1929100635,4025583.952230318
1628236561114593554,352104.40593838244,4025583.760329349
1628236561240280712,352104.8756059555,4025583.441946402
1628236561312423955,352105.145331395,4025583.253442066
1628236561444656078,352105.5936134778,4025582.879118269
1628236561510289454,352105.8207011352,4025582.7233549533
1628236561642304982,352106.12217557593,4025582.3665206335
1628236561714490977,352106.4196352613,4025582.1633827165
1628236561846451086,352106.74948821415,4025581.845768167
1628236561906464187,352106.9665352785,4025581.6953337635
1628236562038418213,352107.436774474,4025581.3818241013
1628236562110533744,352107.53347933886,4025581.1688364567
1628236562242563769,352107.99581494357,4025580.873223195
1628236562308492895,352108.2429063519,4025580.7174543156
1628236562440508100,352108.6739109516,4025580.3687554877
1628236562512433735,352108.9191230758,4025580.2155211754
1628236562638690376,352109.3785425076,4025579.9859683025
1628236562710592881,352109.62490619055,4025579.8438839684
1628236562836540449,352109.94360330387,4025579.6280850256
1628236562908761221,352110.2222659263,4025579.4795596018
1628236563040814416,352110.66926096356,4025579.2435048297
1628236563112612110,352110.93812226417,4025579.1241693385
1628236563238597492,352111.3891774154,4025578.9123376985
1628236563310546775,352111.6327990482,4025578.806280995
1628236563448732077,352112.034947968,4025578.5093145226
1628236563514658205,352112.2382735909,4025578.4265898042
1628236563640628471,352112.74722380814,4025578.1756838486
1628236563712587747,352112.9824234449,4025578.0920185493
1628236563850804835,352113.47134029696,4025577.893029971
1628236563976482093,352113.8699807066,4025577.7776448294
1628236564036586790,352114.06756287225,4025577.722270774
1628236564114665388,352114.3408509817,4025577.638810127
1628236564252607770,352114.7531892144,4025577.518705152
1628236564384825431,352115.1697151647,4025577.3972164663
1628236564444775649,352115.350183435,4025577.3511372744
1628236564582682947,352115.7635110818,4025577.219266016
1628236564642680017,352115.93236094026,4025577.1772608696
1628236564774634121,352116.2861130259,4025577.093281874
1628236564840523502,352116.3896699125,4025577.0833360995
1628236564990793766,352116.76810301904,4025576.995365392
1628236565050735815,352116.91213603807,4025576.9610164785
1628236565188687842,352117.24025527644,4025576.9182469975
1628236565248676660,352117.3696876436,4025576.8929364127
1628236565392726435,352117.7119549265,4025576.8101300094
1628236565446885037,352117.8345659978,4025576.794610041
1628236565590765843,352118.11372261646,4025576.7412012196
1628236565638901792,352118.2115019023,4025576.731567674
1628236565788872730,352118.5016507851,4025576.7107171817
1628236565848742875,352118.60310862266,4025576.7261982695
1628236565980751830,352118.8435712057,4025576.7059514024
1628236566046694021,352118.9533503073,4025576.694922917
1628236566190739152,352119.2302760662,4025576.6627927595
1628236566250765001,352119.34000825643,4025576.655274656
1628236566382781167,352119.5584792155,4025576.6097373534
1628236566442783739,352119.663191181,4025576.6057839664
1628236566586660909,352119.90754805546,4025576.5365502494
1628236566652828883,352120.0205821203,4025576.5338587053
1628236566790805001,352120.23509508406,4025576.531785618
1628236566839239602,352120.31050709076,4025576.5150873223
1628236566988699777,352120.5100241501,4025576.5203502905
1628236567048740207,352120.5931699209,4025576.52408921
1628236567186873706,352120.7993456058,4025576.4644182357
1628236567247140266,352120.8816113993,4025576.4621906322
1628236567391011439,352121.08213056286,4025576.408139944
1628236567444856409,352121.1495531015,4025576.409675176
1628236567582902045,352121.3370386922,4025576.3697631
1628236567642901356,352121.41621126,4025576.3695719535
1628236567793090025,352121.6124314491,4025576.3685129257
1628236567853090637,352121.6876344316,4025576.3529778942
1628236567990753020,352121.8505863745,4025576.348946395
1628236568056811511,352121.9249490544,4025576.3467620905
1628236568182944188,352122.0830043364,4025576.31418821
1628236568314932732,352122.2237892454,4025576.3157229973
1628236568387042538,352122.2853053099,4025576.302862938
1628236568518957126,352122.42624493234,4025576.309888336
1628236568584940983,352122.4745864667,4025576.2993282867
1628236568716921175,352122.6085860126,4025576.3038170272
1628236568788896857,352122.68062706135,4025576.30686041
1628236568909069153,352122.77769465186,4025576.329740782
1628236568992996289,352122.8633872664,4025576.3307201625
1628236569118968338,352122.96697456366,4025576.3449137285
1628236569196850325,352123.04636005306,4025576.348259058
1628236569317118839,352123.14277085953,4025576.3612627913
1628236569389119182,352123.2255739124,4025576.363695308
1628236569509129122,352123.3722852784,4025576.3620161563
1628236569587024935,352123.43410243944,4025576.3802183433
1628236569719095764,352123.6018168294,4025576.3816599064
1628236569791169487,352123.6935278777,4025576.3857104895
1628236569923011177,352123.8137455161,4025576.382835395
1628236569989094920,352123.89934624487,4025576.3829008136
1628236570121045628,352124.02001887583,4025576.4093763256
1628236570193046397,352124.09948126675,4025576.409180259
1628236570325050135,352124.241587768,4025576.4237847715
1628236570390922822,352124.30553307943,4025576.4245248497
1628236570523068280,352124.44686869066,4025576.42614183
1628236570595054539,352124.5055146358,4025576.406036942
1628236570715058742,352124.609963984,4025576.4117317987
1628236570781260260,352124.6664808679,4025576.4170847726
1628236570925044820,352124.77227375633,4025576.4630710552
1628236570991130475,352124.8144531194,4025576.467844661
1628236571117117433,352124.88166748243,4025576.501000174
1628236571195163174,352124.93029587355,4025576.5099362773
1628236571315273340,352124.9834811945,4025576.517665466
1628236571393168256,352125.0249041503,4025576.525503784
1628236571513153457,352125.0829101276,4025576.536751856
1628236571585144281,352125.1097897546,4025576.5095899557
1628236571717279739,352125.1637292858,4025576.5177030135
1628236571789099866,352125.1902249798,4025576.522591617
1628236571915205181,352125.2210391925,4025576.532869272
1628236571987148851,352125.2420222764,4025576.5357156657
1628236572125328186,352125.2582025986,4025576.5790193803
1628236572197294469,352125.2733531492,4025576.583430153
1628236572317325056,352125.2926979043,4025576.5913094594
1628236572389187645,352125.3033207911,4025576.595065046
1628236572527310723,352125.3196908197,4025576.601194541
1628236572587332142,352125.2407338731,4025576.5898766685
1628236572725163174,352125.2502437436,4025576.5936817634
1628236572851238142,352125.15859419084,4025576.586975045
1628236572929239585,352125.1678325649,4025576.5882822913
1628236572995119377,352125.1767415991,4025576.5899613737
1628236573121357532,352125.1286519822,4025576.603660469
1628236573253240952,352125.15394021256,4025576.6102176486
1628236573319386735,352125.16553593276,4025576.6271709534
1628236573463276710,352125.2043529521,4025576.6387769347
1628236573523287169,352125.2234992015,4025576.644859063
1628236573649539725,352125.2668518249,4025576.6656346307
1628236573721336074,352125.2951088962,4025576.6744910483
1628236573853296662,352125.3475448637,4025576.7134224717
1628236573919213556,352125.37538491713,4025576.7246664115
1628236574051617218,352125.4446297267,4025576.754308228
1628236574123437112,352125.4706237068,4025576.7968646665
1628236574261370910,352125.54943912814,4025576.8347661775
1628236574321386619,352125.5787269423,4025576.868263595
1628236574459248262,352125.6574590532,4025576.910225428
1628236574525473044,352125.7018134791,4025576.9351648786
1628236574657336175,352125.7768143634,4025576.993639603
1628236574729325630,352125.8276556104,4025577.023168158
1628236574855368122,352125.918866713,4025577.09897523
1628236574927382986,352125.9748941899,4025577.131985915
1628236575059377760,352126.0836293058,4025577.19659906
1628236575125535140,352126.1340921434,4025577.236143995
1628236575257390546,352126.25381704734,4025577.311708731
1628236575329524182,352126.3094271812,4025577.3694461603
1628236575467511934,352126.4512428404,4025577.460015097
1628236575527522960,352126.51470396674,4025577.5003453624
1628236575653316459,352126.631196968,4025577.5885997163
1628236575725537832,352126.7246572089,4025577.6468815794
1628236575869443748,352126.87682624115,4025577.7334591267
1628236575917515272,352126.94322716934,4025577.7708095056
1628236576049452810,352127.126864808,4025577.8702475857
1628236576127552697,352127.2271149667,4025577.9499898716
1628236576259572088,352127.4350071538,4025578.053530819
1628236576319631673,352127.49831223616,4025578.1133342683
1628236576457546527,352127.7530325817,4025578.2213559016
1628236576529604267,352127.8906854631,4025578.270949106
1628236576661630533,352128.14300294884,4025578.400008164
1628236576721613565,352128.27541281265,4025578.4401081605
1628236576859477763,352128.5239932685,4025578.5388350086
1628236576931527164,352128.7158043688,4025578.594157163
1628236577063526740,352129.0467684797,4025578.6814685557
1628236577189625109,352129.3311246282,4025578.7682628618
1628236577255549623,352129.4985447752,4025578.79986139
1628236577333534277,352129.688925083,4025578.832136332
1628236577465550810,352130.07486028236,4025578.87712743
1628236577591646802,352130.4267757087,4025578.9448550534
1628236577651695560,352130.617549824,4025578.9546009772
1628236577795479012,352131.0746288145,4025578.9697218975
1628236577861629258,352131.2673076645,4025579.0490775267
1628236577999634902,352131.7108134247,4025579.05475583
1628236578053872986,352131.91976355086,4025579.057538751
1628236578197610574,352132.39218164905,4025579.1632502773
1628236578257612118,352132.6089130533,4025579.16779258
1628236578395608547,352133.0959349988,4025579.258392704
1628236578455631703,352133.3193264477,4025579.2606851375
1628236578605688917,352133.8769140319,4025579.339400103
1628236578659629702,352134.0695315341,4025579.344506426
1628236578797633290,352134.6171521031,4025579.3613177673
1628236578863530606,352134.82106235,4025579.4532689243
1628236579007761476,352135.4267742034,4025579.4747045813
1628236579067762114,352135.6726871258,4025579.480580199
1628236579205733042,352136.242533196,4025579.55249428
1628236579259663708,352136.4505364013,4025579.5588030405
1628236579397747768,352136.989979904,4025579.752789232
1628236579463694749,352137.2387478283,4025579.765024977
1628236579601710692,352137.80695108906,4025579.8694383916
1628236579661713299,352138.0585321817,4025579.883792947
1628236579799749074,352138.654660705,4025579.917691092
1628236579871639890,352138.95980846067,4025579.919199274
1628236579991834189,352139.4829420553,4025579.9486969225
1628236580057644642,352139.7471655418,4025579.9626527433
1628236580201747775,352140.3759740994,4025580.0786363655
1628236580261738374,352140.64601469896,4025580.0919131306
1628236580399866288,352141.2904198646,4025580.0434741653
1628236580459901422,352141.5697542415,4025580.054150969
1628236580603779240,352142.2326567193,4025580.0515703233
1628236580663784925,352142.52409716556,4025580.0608199113
1628236580807707768,352143.2174632149,4025580.073009193
1628236580861878475,352143.4795624964,4025580.1055563367
1628236581005811497,352144.1955533464,4025580.1229140153
1628236581065689394,352144.5096360503,4025580.133883155
1628236581203820606,352145.2511229672,4025580.148517123
1628236581335942712,352145.92417136533,4025580.180767879
1628236581407832070,352146.31698809966,4025580.19625342
1628236581527817763,352147.00420352165,4025580.2235628036
1628236581605851392,352147.4578728402,4025580.1577783716
1628236581743737960,352148.22844560386,4025580.1878163246
1628236581797967528,352148.5903784456,4025580.203248967
1628236581935921503,352149.3962229017,4025580.262470944
1628236581995911625,352149.76757038635,4025580.2788111684
1628236582139766659,352150.6337921901,4025580.2351645837
1628236582199815189,352151.0148441066,4025580.2497218605
1628236582326001014,352151.8251297829,4025580.316162115
1628236582397993971,352152.2797568885,4025580.3315701173
1628236582529898357,352153.13629584946,4025580.361637449
1628236582601831895,352153.5715817871,4025580.401576254
1628236582728036322,352154.4427362005,4025580.439573237
1628236582805850442,352154.9144352564,4025580.456643317
1628236582931843398,352155.791271591,4025580.482458365
1628236583009947698,352156.3365907154,4025580.4994324027
1628236583129939924,352157.1540703159,4025580.568985351
1628236583201882474,352157.6378706491,4025580.5906099733
1628236583333961032,352158.5507494234,4025580.65591121
1628236583400019707,352159.0379854918,4025580.675005342
1628236583537946440,352159.94219073944,4025580.7077088095
1628236583603955900,352160.4470973809,4025580.679473299
1628236583730190303,352161.3564766316,4025580.7104712036
1628236583807894194,352161.84787001484,4025580.724611694
1628236583934019418,352162.7520113531,4025580.7499922137
1628236584005950545,352163.2437836369,4025580.7630887064
1628236584132253947,352164.1628371655,4025580.7100277855
1628236584204160441,352164.6529451405,4025580.717690017
1628236584336044715,352165.58254761057,4025580.632741068
1628236584402173726,352166.07383839844,4025580.6355003165
1628236584534104755,352166.9869346301,4025580.6446760446
1628236584605929526,352167.5166901564,4025580.4863154264
1628236584732059766,352168.36333961843,4025580.4769099997
1628236584798069643,352168.85668023035,4025580.471028356
1628236584936103982,352169.901652419,4025580.2707375493
1628236585002380837,352170.3977870817,4025580.262275339
1628236585134228632,352171.32700006414,4025580.065027258
1628236585206208541,352171.8256032129,4025580.0509992624
1628236585338120598,352172.77337396424,4025580.107131301
1628236585410117519,352173.2685185956,4025580.090720933
1628236585530120239,352174.1148092195,4025580.0620653066
1628236585608258511,352174.7051059577,4025580.0805927385
1628236585740147914,352175.62777638796,4025580.0499326293
1628236585800132162,352176.05586033757,4025580.0353070633
1628236585938167048,352177.0189847109,4025580.0156150283
1628236586064088497,352177.87511205376,4025579.9866699264
1628236586142284817,352178.44871063717,4025579.9476202014
1628236586208210012,352178.9475673804,4025579.9332525907
1628236586340182292,352179.8974530858,4025579.932677334
1628236586466134803,352180.7554492473,4025579.906844003
1628236586538305427,352181.3301177822,4025579.8929536026
1628236586670249971,352182.2716382047,4025579.9395800945
1628236586742253740,352182.77740297955,4025579.9330295804
1628236586862224244,352183.66871182184,4025579.8689386155
1628236586940307925,352184.2474656466,4025579.8557111695
1628236587072355705,352185.1686291784,4025579.819004688
1628236587132346574,352185.60415732826,4025579.814109964
1628236587270284040,352186.62538718525,4025579.8016679077
1628236587336398096,352187.04738944105,4025579.7453674087
1628236587462394570,352187.994664579,4025579.7223457643
1628236587534386731,352188.50323641207,4025579.7139776666
1628236587666154969,352189.42239609687,4025579.7100821855
1628236587738287518,352189.9318358429,4025579.7016078173
1628236587876275472,352190.9389597719,4025579.7075345474
1628236587936213326,352191.3772503927,4025579.6973133828
1628236588068176290,352192.32648240635,4025579.678989136
1628236588134417080,352192.8155282653,4025579.7433735877
1628236588278327865,352193.82809454296,4025579.7302256227
1628236588338308103,352194.2394666675,4025579.8048460344
1628236588464369891,352195.16166989325,4025579.788844633
1628236588536339556,352195.65521016077,4025579.781252101
1628236588668480274,352196.5361972448,4025579.911799424
1628236588740359173,352197.02610883565,4025579.908846556
1628236588866373725,352197.9765030446,4025579.7850938034
1628236588950233002,352198.5278605734,4025579.770533938
1628236589076641499,352199.4055527803,4025579.777661756
1628236589130502672,352199.7457683092,4025579.7695712494
1628236589268497316,352200.6947435091,4025579.743348126
1628236589346307986,352201.18205415003,4025579.7650373843
1628236589484271207,352202.1138000022,4025579.737765431
1628236589538525194,352202.50778654893,4025579.7270185687
1628236589676420841,352203.36921271804,4025579.810169933
1628236589742407262,352203.82026046654,4025579.799121495
1628236589868471430,352204.63623000664,4025579.9269025484
1628236589946302792,352205.07824868057,4025579.923240918
1628236590072551982,352205.86463235226,4025580.0599800865
1628236590144455200,352206.2964373398,4025580.0640306366
1628236590270590474,352207.083963357,4025580.0673255804
1628236590342476896,352207.5766606574,4025580.111415136
1628236590474349721,352208.3297642103,4025580.1129472726
1628236590546646277,352208.7263677439,4025580.115187269
1628236590672534930,352209.52072074905,4025580.0929139797
1628236590816336249,352210.29577334697,4025580.0957810283
1628236590870935872,352210.6446560135,4025580.083240118
1628236591014629169,352211.3782625239,4025580.0760105997
1628236591074601316,352211.74491962715,4025580.133175024
1628236591206535553,352212.38404827786,4025580.1368035455
1628236591272577477,352212.718260895,4025580.1381849423
1628236591410549848,352213.3132544502,4025580.24068158
1628236591482440075,352213.6262523156,4025580.246208986
1628236591608534213,352214.19788619,4025580.2995427055
1628236591668546138,352214.4472622785,4025580.307192581
1628236591818438991,352215.0434580283,4025580.3191218274
1628236591878453560,352215.30233661796,4025580.352519512
1628236592010587516,352215.7797286763,4025580.3562815147
1628236592076627117,352216.0371282493,4025580.350366694
1628236592208576385,352216.48296912113,4025580.3614722337
1628236592280602670,352216.7149196394,4025580.368198577
1628236592418729188,352217.147356523,4025580.3627783
1628236592472493465,352217.2997276947,4025580.3655209
1628236592610610275,352217.72762098385,4025580.360300197
1628236592682510701,352217.92261305405,4025580.3606070774
1628236592814510923,352218.2690613811,4025580.359216544
1628236592874506175,352218.43498208077,4025580.3100611013
1628236593018699451,352218.8035737525,4025580.306187284
1628236593078678538,352218.94974470965,4025580.249555981
1628236593210662477,352219.2431503263,4025580.2380528874
1628236593270802311,352219.3715718827,4025580.232201058
1628236593420558742,352219.6288521963,4025580.2255559457
1628236593486569976,352219.76208359783,4025580.21901175
1628236593612719184,352219.953149365,4025580.253932036
1628236593672684750,352220.0546787397,4025580.2485692604
1628236593816581442,352220.2826145736,4025580.234611888
1628236593882826018,352220.35444220563,4025580.2806291087
1628236594020727731,352220.5548922054,4025580.2744036815
1628236594074732830,352220.5771291065,4025580.29441058
1628236594212856987,352220.78904556064,4025580.2868299647
1628236594272872547,352220.8807207148,4025580.2825202416
1628236594416754088,352221.056032809,4025580.29018189
1628236594548630987,352221.25557450263,4025580.2834836785
1628236594614888325,352221.3288320242,4025580.3006064678
1628236594740746794,352221.5129776505,4025580.2974667177
1628236594818661138,352221.63741465297,4025580.2950703623
1628236594944924764,352221.83326476905,4025580.297376889
1628236595016812176,352221.94445458567,4025580.294809671
1628236595148728500,352222.12313751946,4025580.314926264
1628236595220945812,352222.23402140045,4025580.3141037934
1628236595346847711,352222.4251609538,4025580.309502021
1628236595418827798,352222.5375932702,4025580.3064253386
1628236595545265879,352222.75068427576,4025580.298824745
1628236595616981052,352222.86135123036,4025580.3157064426
1628236595748941353,352223.0766237324,4025580.3098692256
1628236595815111709,352223.202574186,4025580.310773554
1628236595940841371,352223.40062806784,4025580.2986990665
1628236596012776554,352223.5156826511,4025580.2905727294
1628236596151032229,352223.71599023597,4025580.265703283
1628236596222886869,352223.8288889999,4025580.2604518845
1628236596342885486,352224.01601903694,4025580.259183939
1628236596420888726,352224.13289543136,4025580.252308306
1628236596540897700,352224.2924535669,4025580.242538167
1628236596613015861,352224.40602669003,4025580.2495435267
1628236596750966011,352224.5507415203,4025580.2395076645
1628236596816964265,352224.6025376554,4025580.234229944
1628236596942948788,352224.6966406075,4025580.2282308927
1628236597021046297,352224.7363285618,4025580.220229886
1628236597146814806,352224.8251392074,4025580.237636846
1628236597213058388,352224.8372080016,4025580.2331280317
1628236597344964584,352224.878452266,4025580.2367583793
1628236597423073106,352224.8843582857,4025580.2305540736
1628236597548900902,352224.8998146438,4025580.221135135
1628236597615090237,352224.79897214734,4025580.2793128565
1628236597753025060,352224.80228397483,4025580.277120129
1628236597824942206,352224.8051666206,4025580.2761554387
1628236597957090018,352224.78202372836,4025580.298767153
1628236598017108268,352224.7815806689,4025580.298286419
1628236598155046296,352224.79338705057,4025580.2989701424
1628236598215077670,352224.7946836377,4025580.2989480356
1628236598347039111,352224.806742232,4025580.299657979
1628236598419032177,352224.806681218,4025580.299659019
1628236598551037384,352224.80757097236,4025580.299491258
1628236598617110914,352224.8179410527,4025580.299161859
1628236598748978511,352224.817666483,4025580.2991665397
1628236598820931463,352224.81793064915,4025580.2985516754
1628236598947206571,352224.8285496457,4025580.297607671
1628236599019254775,352224.8287983842,4025580.2965353
1628236599150971836,352224.8399840228,4025580.2948186826
1628236599282963671,352224.8408001094,4025580.294804768
1628236599349191630,352224.8515302124,4025580.293217991
1628236599421236060,352224.8517132589,4025580.2932148697
1628236599553017987,352224.8522090118,4025580.293206417
1628236599679164958,352224.86281812494,4025580.291682738
1628236599751117695,352224.8630469331,4025580.291678837
1628236599883106994,352224.8738033839,4025580.289847466
1628236599955134632,352224.87406616495,4025580.289598841
1628236600081198293,352224.8852178188,4025580.2854413628
1628236600159024567,352224.88548476354,4025580.2854368114
1628236600285041169,352224.88598051644,4025580.285428359
1628236600345088302,352224.8966613838,4025580.2827437716
1628236600477036267,352224.8970732407,4025580.2827367494
1628236600567191170,352224.89741645404,4025580.2827308974
1628236600687069624,352224.9079671459,4025580.280018012
1628236600747119559,352224.90819595405,4025580.2800141107
1628236600885313946,352224.9189281318,4025580.2772065774
1628236600945355151,352224.91915694,4025580.277202676
1628236601095216429,352224.9300312537,4025580.2737823576
1628236601155234829,352224.9300312537,4025580.2737823576
1628236601287369308,352224.93035921245,4025580.2737767654
1628236601353250119,352224.94046736264,4025580.270613654
1628236601491238235,352224.9410012499,4025580.270604552
1628236601551272170,352224.9412300603,4025580.270600651
1628236601677291366,352224.951432157,4025580.2671307586
1628236601755407275,352224.95173723844,4025580.2671255567
1628236601893170103,352224.961889412,4025580.2634123703
1628236601947332225,352224.9621182225,4025580.263408469
1628236602079274005,352224.97245690855,4025580.2594479593
1628236602151168425,352224.9727238533,4025580.259443407
1628236602289465309,352224.9732872094,4025580.2593727666
1628236602349442665,352224.9832341465,4025580.2548085744
1628236602481232996,352224.9836460012,4025580.2548015527
1628236602559330995,352224.98395108024,4025580.2547963504
1628236602691461108,352224.99393476645,4025580.250597749
1628236602751467373,352224.99416357686,4025580.2505938485
1628236602883342031,352225.0039290257,4025580.246124305
1628236602961367864,352225.0042341049,4025580.246119103
1628236603093268642,352225.0140701026,4025580.241312659
1628236603147771543,352225.0140777299,4025580.241312529
1628236603285305012,352225.0145734828,4025580.2413040763
1628236603357362709,352225.0239142456,4025580.236536594
1628236603495293650,352225.02417356306,4025580.2365321727
1628236603555359419,352225.0244023712,4025580.236528271
1628236603687393619,352225.0334990734,4025580.231764949
1628236603753539496,352225.03362110595,4025580.2317628684
1628236603885425367,352225.042871906,4025580.227088474
1628236604023537999,352225.04340579326,4025580.2270793715
1628236604083548512,352225.0523128598,4025580.2223803187
1628236604233414908,352225.0523128598,4025580.2223803187
1628236604287439019,352225.05252641556,4025580.2223766786
1628236604425448475,352225.0615799571,4025580.217766684
1628236604485469330,352225.0618087653,4025580.2177627822
1628236604629383628,352225.0706700701,4025580.2130645104
1628236604689483337,352225.07089887833,4025580.2130606095
1628236604827622729,352225.07962948526,4025580.20830353
1628236604887500091,352225.07971338124,4025580.2083020983
1628236605025636550,352225.08024726843,4025580.2082929965
1628236605097654228,352225.0887185603,4025580.203540339
1628236605229522816,352225.08874144,4025580.2035399484
1628236605289387821,352225.08897025045,4025580.2035360476
1628236605427642839,352225.097676935,4025580.19871834
1628236605493438134,352225.0979057432,4025580.198714439
1628236605631555415,352225.1067502353,4025580.1939248997
1628236605679661224,352225.1071849719,4025580.1939174877
1628236605829584849,352225.10980865103,4025580.193872755
1628236605901446551,352225.12033818045,4025580.189023967
1628236606027739234,352225.13177101366,4025580.1888290374
1628236606093600551,352225.15117261885,4025580.183493284
1628236606231623706,352225.1849067195,4025580.18291812
1628236606297487602,352225.2045461737,4025580.1825832687
1628236606429746078,352225.27729949227,4025580.176398909
1628236606483479470,352225.30851669173,4025580.175866659
1628236606633618594,352225.4318210788,4025580.171475478
1628236606693596959,352225.4889169495,4025580.17141754
1628236606825540602,352225.63187242404,4025580.1705060685
1628236606891484051,352225.703455007,4025580.165013069
1628236607035622854,352225.9100193853,4025580.1536175236
1628236607095838237,352226.0000699833,4025580.1466499656
1628236607233653290,352226.2268296537,4025580.1218789006
1628236607293669132,352226.3313121735,4025580.105815056
1628236607431590505,352226.5695222221,4025580.053687724
1628236607492029265,352226.7043270883,4025580.0226413463
1628236607623736567,352226.96842072235,4025579.9480081797
1628236607695681231,352227.1164975105,4025579.906054213
1628236607827600315,352227.398922281,4025579.8058090704
1628236607893841356,352227.5520276475,4025579.7580930237
1628236608031652115,352227.8285971116,4025579.6106447745
1628236608157724957,352228.1087556879,4025579.4468387133
1628236608229639182,352228.2557344803,4025579.353907855
1628236608355937161,352228.530204646,4025579.1710334667
1628236608427870744,352228.67904468824,4025579.0601873165
1628236608559728959,352228.9452263609,4025578.8256651578
1628236608637749919,352229.1137133776,4025578.688970968
1628236608757876608,352229.34335083666,4025578.4316035146
1628236608829939203,352229.4743494284,4025578.2681432976
1628236608956079646,352229.72088520264,4025577.9440805083
1628236609039787632,352229.8531178842,4025577.7196547464
1628236609159808173,352230.0280275333,4025577.3922659624
1628236609226046913,352230.1316506574,4025577.184838235
1628236609369861427,352230.3092627565,4025576.755076422
1628236609429859345,352230.39500939765,4025576.568156417
1628236609561824412,352230.5658499977,4025576.1417144523
1628236609633762157,352230.6671279087,4025575.9457404623
1628236609765787748,352230.8116376494,4025575.489168357
1628236609831952907,352230.9415876847,4025575.2655444834
1628236609963865286,352231.09372051875,4025574.786686328
1628236610023862855,352231.1648285977,4025574.560495057
1628236610161998749,352231.3086271904,4025574.028647103
1628236610234003083,352231.3850352521,4025573.7432520487
1628236610354010871,352231.52686489956,4025573.2507448955
1628236610431935368,352231.6111274543,4025572.903386398
1628236610563898564,352231.7469912249,4025572.3204949973
1628236610635996946,352231.82184644375,4025572.0138248373
1628236610756030743,352231.9417338841,4025571.4501270046
1628236610833943384,352232.0435142062,4025571.0894081346
1628236610965929556,352232.1561422126,4025570.4525297624
1628236611037795282,352232.2129514975,4025570.103625137
1628236611164076933,352232.3164622735,4025569.4510633494
1628236611241804387,352232.3713497068,4025569.091906917
1628236611367942038,352232.4685627599,4025568.4118336844
1628236611439825368,352232.5225156946,4025568.044850051
