1628838528037755874,450095.2342628742,8225700.165754304
1628838528169753091,450019.4066291153,8222950.781002215
1628838528229747681,450019.35496959556,8222955.678637422
1628838528367965386,449944.17675639363,8220230.550268333
1628838528439802102,449931.88255654083,8219790.228907666
1628838528577681386,449910.8974089975,8219039.769377136
1628838528631901583,449908.2087102085,8218948.518305598
1628838528770040773,449890.9822255529,8218336.327042414
1628838528829951512,449874.68234942947,8217748.804530122
1628838528967788613,449882.5714145365,8218052.365302844
1628838529033779587,449890.20203573816,8218337.412831135
1628838529177831310,449858.58189939114,8217200.659261642
1628838529231903516,449865.84308570216,8217472.305407509
1628838529369758008,449794.3275643484,8214880.562839716
1628838529429785951,449787.78609266836,8214648.918509208
1628838529573732969,449752.83537945367,8213390.706652672
1628838529639936242,449747.86607385887,8213217.560754315
1628838529771953261,449739.6498821586,8212932.956210467
1628838529975740922,449712.49570494896,8211966.173919648
1628838530047626171,449716.1652349413,8212106.997958606
1628838530173857180,449683.0324460478,8210915.156426319
1628838530299603310,449686.7519764133,8211064.919807191
1628838530372067195,449646.49909670016,8209606.539960782
1628838530503742959,449647.0105079729,8209640.586211113
1628838530575717954,449618.8405062814,8208621.466704752
1628838530707762977,449615.8571734416,8208528.095708425
1628838530779630294,449617.5715126619,8208598.93658556
1628838530894772368,449602.40124249406,8208059.923524356
1628838530978671054,449608.3921358127,8208287.962823444
1628838531104867017,449585.97402419883,8207485.820563873
1628838531164819383,449588.9094301927,8207600.0546778655
1628838531308717077,449572.45643843466,8207016.798957766
1628838531368737857,449570.3638492633,8206947.6715511875
1628838531500659352,449566.1918556767,8206811.119397764
1628838531578848334,449560.09810870927,8206598.410274342
1628838531698864192,449565.97809659457,8206827.303850501
1628838531770764549,449568.9254744422,8206943.240585767
1628838531908720240,449586.5031854921,8207601.185032782
1628838531980842454,449600.3923560808,8208116.177983466
1628838532106736590,449616.6090895604,8208722.431367355
1628838532172656190,449628.4269502623,8209161.910372063
1628838532304716968,449652.86668017256,8210068.946539517
1628838532376962337,449673.391459948,8210827.076864889
1628838532502626041,449716.38964392996,8212409.490279004
1628838532574663937,449683.7205708783,8211227.002318556
1628838532712732431,449724.5619227402,8212733.265327533
1628838532772732083,449742.785673228,8213405.032163094
1628838532904657074,449720.2789521601,8212600.5473749945
1628838532976735121,449740.66825760674,8213352.509519895
1628838533108772659,449668.97339260584,8210755.671373687
1628838533174654842,449679.8325637314,8211158.98830158
1628838533301033012,449704.5168328771,8212074.960068287
1628838533372812456,449616.87868990796,8208888.25483133
1628838533504846063,449628.34575536905,8209322.4216005
1628838533582778130,449581.8109618705,8207635.586787534
1628838533702777238,449599.03240786627,8208278.427146997
1628838533774704021,449612.3053744048,8208771.085240042
1628838533901092448,449601.17961446615,8208381.400495335
1628838533984752978,449609.85111552477,8208707.5024453625
1628838534110638445,449615.3521627503,8208922.782704356
1628838534176703810,449619.537663191,8209084.028409038
1628838534308612863,449603.1593930484,8208503.324456383
1628838534380570127,449604.8941957161,8208575.229156223
1628838534506829144,449609.8971089993,8208773.705802626
1628838534633056542,449600.4343971682,8208444.645260835
1628838534710696205,449609.7068274222,8208791.37977871
1628838534782640344,449618.35509783623,8209115.353708654
1628838534908809463,449593.95986324345,8208241.951494815
1628838535034557021,449607.39113620186,8208746.526324094
1628838535106809422,449584.37232751236,8207917.15204585
1628838535238721702,449600.1027720555,8208506.814307529
1628838535311007163,449574.4367067736,8207579.80252052
1628838535436770815,449587.80331486446,8208083.314472146
1628838535508765167,449595.9720347511,8208389.845493887
1628838535640706466,449585.24699336896,8208014.838354107
1628838535712628882,449593.1710463115,8208312.43525528
1628838535838860975,449567.0396684711,8207375.856936907
1628838535910848570,449574.16994000186,8207644.524262551
1628838536042690038,449589.39279812796,8208215.6800614605
1628838536102717354,449576.6153796936,8207757.707450789
1628838536240931942,449605.034952812,8208811.305435283
1628838536312804160,449586.62245085684,8208149.125695394
1628838536444577789,449616.6386283034,8209259.73117707
1628838536504724428,449631.49252237746,8209808.7586550275
1628838536636654994,449606.1949440519,8208902.810571402
1628838536702805781,449626.4237734322,8209649.027217645
1628838536852770398,449584.9411642653,8208155.558104048
1628838536912743629,449600.9447874434,8208746.490251679
1628838537038701360,449630.2302128176,8209829.016576842
1628838537104739239,449559.527680245,8207260.258223003
1628838537242803955,449581.6344729151,8208083.483664342
1628838537302921412,449510.7846762258,8205508.133806774
1628838537434789554,449512.5171852911,8205587.276183069
1628838537506716799,449511.244032774,8205549.419162196
1628838537644694532,449442.28014483646,8203050.870946892
1628838537704917765,449439.2058926021,8202947.284835409
1628838537842776936,449380.28652853804,8200815.889004428
1628838537914646047,449379.09015445405,8200779.52014947
1628838538052633159,449375.0464650416,8200648.925662056
1628838538106822404,449308.0364218518,8198211.854575623
1628838538244701182,449293.7018381154,8197704.541436691
1628838538304755546,449191.6485370256,8193990.553593076
1628838538448701562,449209.7061686873,8194665.720803152
1628838538514629427,449215.7761554968,8194894.181216738
1628838538640796709,449109.29106232006,8191024.925686109
1628838538706774928,449089.9601102733,8190327.869422658
1628838538850714957,448951.1840404212,8185280.625091982
1628838538910698754,448927.5785979223,8184426.163729989
1628838539042626185,448893.32672686066,8183191.166533602
1628838539108832195,448892.46430932713,8183167.987111678
1628838539240751296,448869.7265781211,8182353.097618941
1628838539384574677,448795.0668481467,8179644.222690077
1628838539439111729,448782.9856732831,8179210.0832109805
1628838539582875728,448735.4704325715,8177491.598696989
1628838539648799421,448721.0945118551,8176974.71605133
1628838539786705706,448692.03216142755,8175928.400548003
1628838539840737697,448660.76188784494,8174793.592274902
1628838539984809398,448637.6067545365,8173963.818867619
1628838540050599684,448628.7906356426,8173648.586481695
1628838540182769961,448576.4606740298,8171753.772433843
1628838540248568079,448569.0685545879,8171490.441881569
1628838540386588361,448511.07875815325,8169388.451224806
1628838540446617857,448504.55763995275,8169156.8148878245
1628838540584750114,448449.589752516,8167164.798857786
1628838540644780759,448442.87929803977,8166926.14344794
1628838540776702978,448432.03576908197,8166543.914649775
1628838540848906758,448387.43549938925,8164922.649191362
1628838540986840137,448377.6644501251,8164580.41096942
1628838541040639591,448373.7661084218,8164443.217415532
1628838541184721792,448315.51349849283,8162331.241329023
1628838541250572001,448311.3449011023,8162185.114961726
1628838541382579604,448250.5989841497,8159979.549206538
1628838541442613386,448246.39194076066,8159831.934100096
1628838541586769880,448174.97350140323,8157237.968924727
1628838541646765336,448169.0459909055,8157027.392520225
1628838541778700811,448158.3774118578,8156650.483731023
1628838541838681876,448104.47828420653,8154687.196019075
1628838541988721395,448090.59052035905,8154194.363657829
1628838542048751645,448082.6079541641,8153908.489199184
1628838542180711068,448020.3376730262,8151645.719206092
1628838542246832854,448009.6429610521,8151261.575356551
1628838542384575347,447950.74246080103,8149121.541716476
1628838542450843544,447939.13178495655,8148703.7909393115
1628838542588603785,447883.3852916317,8146678.6228654655
1628838542648782599,447872.4413119939,8146285.121343447
1628838542780832499,447848.864544915,8145435.369657387
1628838542858603194,447802.8534396008,8143760.103427828
1628838542978724711,447781.2089575488,8142980.758891241
1628838543044575743,447770.63312679366,8142599.594658262
1628838543188578499,447715.7683476063,8140606.555254386
1628838543314807872,447656.37379941775,8138446.757742527
1628838543386691566,447644.4701298977,8138017.736904837
1628838543512803298,447621.6030359804,8137193.089570575
1628838543590805811,447584.70336892153,8135850.929743049
1628838543710811433,447574.43123768916,8135485.724221212
1628838543782854273,447566.08216469054,8135186.453842093
1628838543926712073,447494.9221921453,8132596.153383992
1628838543986681339,447485.646155998,8132261.999580558
1628838544112963544,447412.11422763416,8129583.645328322
1628838544184863218,447403.2963965195,8129266.934540671
1628838544316852436,447327.8309461931,8126517.331193975
1628838544382811297,447313.9821418143,8126016.420584038
1628838544514713254,447288.3346285319,8125088.619732112
1628838544586809687,447244.7268955656,8123499.099330313
1628838544718833591,447230.69400516496,8122995.853549264
1628838544790699296,447223.00117994,8122719.7702110335
1628838544916720221,447149.8767600106,8120054.197893319
1628838544988696404,447139.44594755775,8119677.719937108
1628838545114793013,447072.55642104504,8117239.744220176
1628838545192649316,447064.1021319369,8116935.3726563305
1628838545318715063,446992.3234158606,8114317.669925018
1628838545390676330,446984.3059041106,8114029.038770844
1628838545522544960,446964.1340101479,8113299.482471459
1628838545588810947,446916.3330601695,8111554.492526879
1628838545720831088,446905.40200247447,8111162.705096999
1628838545780828888,446899.9012810827,8110965.109521607
1628838545918815191,446832.3109466713,8108499.49928453
1628838545990805640,446820.18765163736,8108059.852321875
1628838546110792784,446760.57813955063,8105884.581107614
1628838546182822586,446751.5462437694,8105557.878169213
1628838546320729204,446696.9179068077,8103565.320042232
1628838546392687711,446686.87703219696,8103201.395262829
1628838546512689203,446666.44700331177,8102459.506975608
1628838546590732169,446632.6256448834,8101225.220811873
1628838546722703613,446625.0236691419,8100953.184347923
1628838546800821699,446623.19329286285,8100888.525823538
1628838546920788910,446570.7450106604,8098974.672990529
1628838546992821399,446562.6231855599,8098680.301306841
1628838547124768543,446515.3705122437,8096955.113634083
1628838547184850257,446510.7799359218,8096789.424011087
1628838547316829575,446463.8218396358,8095074.448151109
1628838547382786199,446461.25328082807,8094982.990268927
1628838547532602322,446455.989225432,8094795.182308349
1628838547592732455,446410.5515174892,8093132.956011354
1628838547712702770,446404.8957631543,8092929.62059259
1628838547844733175,446356.43338142557,8091158.071974438
1628838547916791294,446348.96601805964,8090886.459875108
1628838547994696395,446340.2808290544,8090570.39438646
1628838548114738931,446297.3736608687,8089001.335361505
1628838548246724704,446291.70326890924,8088796.511075895
1628838548318680108,446247.9652800637,8087195.336094358
1628838548456805505,446245.9658051311,8087124.72302007
1628838548522619367,446243.4940909494,8087035.178803416
1628838548648743725,446199.3882512075,8085420.819321262
1628838548726818970,446192.55151041003,8085171.328156302
1628838548864638912,446149.1542036544,8083582.281500408
1628838548918781850,446146.09710417484,8083470.829602436
1628838549056684261,446141.2516934128,8083294.293304361
1628838549134684639,446102.72707084595,8081882.635929017
1628838549260807651,446099.35790529975,8081759.698628367
1628838549326676233,446048.30732175615,8079888.409491553
1628838549452806302,446044.11191546073,8079734.844119027
1628838549524599415,446045.83761696774,8079798.227215767
1628838549650792291,445992.0953880348,8077828.038201462
1628838549722682776,445986.62082073174,8077627.467583158
1628838549854592732,445912.322076659,8074903.282280186
1628838549920775252,445902.60321502003,8074547.02029089
1628838550052718361,445797.5992853003,8070695.993240112
1628838550124662327,445783.74934256804,8070188.082334145
1628838550250946981,445758.28897332534,8069254.360581989
1628838550322813246,445635.51904846285,8064750.385497624
1628838550454813033,445597.56915784755,8063358.104303598
1628838550520938555,445577.4242723287,8062619.0005917605
1628838550652817427,445474.4834918474,8058841.602675321
1628838550742816291,445448.53627000214,8057889.385499726
1628838550862543022,445361.1789480307,8054683.288413466
1628838550922706647,445337.6473942592,8053819.553606724
1628838551048555171,445296.8565229096,8052322.216228443
1628838551126650598,445231.25981796486,8049914.144359401
1628838551258786132,445187.284915435,8048299.620136126
1628838551318780059,445132.87069897645,8046301.620154316
1628838551456733823,445086.8017962771,8044609.894861382
1628838551522672140,445066.9946436398,8043882.500510745
1628838551660769410,445119.8143990558,8045822.219785012
1628838551726789366,445112.1111953299,8045539.34386215
1628838551852629814,445120.76851991535,8045857.313461332
1628838551930664722,445120.48478606355,8045846.891713388
1628838552056804850,445079.8664452079,8044355.306863753
1628838552116774651,445079.8665194063,8044355.306861734
1628838552260757875,445079.59451046743,8044345.310500416
1628838552326708527,445039.9462263808,8042889.246445936
1628838552458702929,445039.7494426118,8042882.015045161
1628838552590800242,444999.32244137453,8041397.239899148
1628838552650798863,444999.32252711203,8041397.239896814
1628838552800543586,444998.71468492225,8041374.907662411
1628838552854654751,444959.37345650466,8039929.906975775
1628838552992653796,444958.84683222283,8039910.552392699
1628838553052671774,444958.49957376247,8039897.791130227
1628838553196667714,444918.4606473056,8038427.057056656
1628838553262713191,444918.0322824514,8038411.318188854
1628838553400647994,444878.1874737241,8036947.604616639
1628838553454670688,444878.0138705251,8036941.224001198
1628838553604749289,444838.1372524514,8035476.236109691
1628838553652792164,444837.9925222523,8035470.918938653
1628838553796544840,444837.54113912745,8035454.329360406
1628838553856661746,444799.82077610266,8034068.462707066
1628838553994822772,444799.01054587675,8034038.686579209
1628838554066783231,444760.28573133994,8032615.814146868
1628838554192591835,444760.28590356203,8032615.81414218
1628838554252701068,444760.22233193275,8032613.474589796
1628838554396676683,444721.355626093,8031185.286705597
1628838554462796686,444721.07790492155,8031175.077771214
1628838554594800827,444681.33441827947,8029714.563363998
1628838554655247364,444680.94095309806,8029700.10072636
1628838554798666995,444679.72577676625,8029655.436701247
1628838554858664395,444639.34291140863,8028171.316064563
1628838554996758794,444638.17991285067,8028128.566266578
1628838555056741834,444598.1300156511,8026656.570593972
1628838555200655352,444597.3199144971,8026626.794656132
1628838555260641866,444596.833925211,8026608.929091862
1628838555398801887,444556.6424257982,8025131.618176096
1628838555464615337,444556.6425122259,8025131.618173745
1628838555596681519,444516.14165133785,8023642.824117313
1628838555668698961,444515.6672207644,8023625.383969694
1628838555794535284,444515.077231691,8023603.690123659
1628838555860776508,444475.58028449793,8022151.69239602
1628838556004579701,444474.59698587214,8022115.536032623
1628838556070695053,444433.8766630599,8020618.451076252
1628838556196643094,444433.63965742715,8020609.731019917
1628838556262642445,444433.31002217944,8020597.608018678
1628838556400744628,444392.88794468826,8019111.371855171
1628838556460679970,444393.0731324634,8019118.17773816
1628838556604775255,444352.1393387576,8017613.014584436
1628838556730779347,444351.3875219383,8017585.365707915
1628838556802799809,444311.29549015104,8016111.043592385
1628838556928575543,444310.27198104607,8016073.39863041
1628838557000699749,444309.63591078174,8016050.00345669
1628838557132759641,444268.4136628774,8014533.997362671
1628838557198574219,444268.41374975524,8014533.997360309
1628838557324778510,444227.20041122776,8013018.205893545
1628838557396767751,444226.79569238005,8013003.318094387
1628838557528661010,444226.10775103694,8012978.008834076
1628838557606656785,444184.80509645457,8011458.816443773
1628838557726642966,444184.4350795859,8011445.204760119
1628838557804636528,444184.11716316233,8011433.507217796
1628838557924688348,444141.22224626393,8009855.616504452
1628838558008633055,444140.99109538074,8009847.1092112325
1628838558128653837,444098.71805044793,8008291.977594192
1628838558206776094,444098.2555565055,8008274.96303659
1628838558326781191,444055.56413348205,8006704.30772303
1628838558404689559,444055.3330200991,8006695.80045253
1628838558530652444,444054.7897877666,8006675.80837026
1628838558596766650,444012.87629659544,8005133.654497868
1628838558740730002,444012.62216810207,8005124.2965107355
1628838558800774224,444012.3563628202,8005114.513164045
1628838558926681695,443969.6949648746,8003544.712787142
1628838558998697293,443969.49277360784,8003537.268945412
1628838559136556939,443927.5050105577,8001992.141653975
1628838559202708593,443927.3028354993,8001984.6978220595
1628838559328686735,443885.2780872377,8000438.083802495
1628838559400687032,443884.8735801421,8000423.19616353
1628838559526533683,443884.18029008777,8000397.674493099
1628838559598791466,443842.4882050423,7998863.185340014
1628838559730689000,443841.7254606426,7998835.1115449015
1628838559808644751,443841.2632904439,7998818.097121269
1628838559934638616,443798.41341689037,7997240.86135055
1628838560000757868,443797.92239508475,7997222.783550156
1628838560132743739,443755.9308803642,7995677.026522352
1628838560204756486,443755.5611226267,7995663.415022257
1628838560330687816,443713.82730416604,7994127.017939134
1628838560408783256,443713.77532574954,7994125.103824057
1628838560540569971,443713.7350768311,7994123.615063032
1628838560606781906,443672.31060628156,7992598.491994834
1628838560744683193,443671.5078714755,7992568.929590318
1628838560804665863,443629.14528503345,7991009.141892044
1628838560924686887,443628.46385805693,7990984.04578475
1628838561068772268,443586.3300848096,7989432.554658729
1628838561134518932,443586.48602613405,7989438.2969797775
1628838561206683798,443586.50345261756,7989438.935012746
1628838561326766168,443545.556885774,7987931.044984493
1628838561464744638,443544.979370595,7987909.7771563055
1628838561542451764,443544.5752071552,7987894.889674172
1628838561668725692,443503.9206283359,7986397.635537602
1628838561728673867,443503.8225465775,7986394.020009133
1628838561860619008,443463.9911793803,7984926.968030837
1628838561938729070,443463.6563901425,7984914.632718957
1628838562070735106,443422.0612278939,7983382.5032974845
1628838562136571553,443422.0612278939,7983382.5032974845
1628838562268672042,443421.8592421785,7983375.059583923
1628838562340625603,443381.9415111472,7981904.608570282
1628838562472745989,443382.29384157097,7981917.581874493
1628838562526606934,443382.2939151211,7981917.581872495
1628838562670684823,443342.07909730665,7980436.073494179
1628838562730679776,443342.07918562787,7980436.073491781
1628838562868782277,443302.46212071244,7978976.472688857
1628838562928746208,443302.3178973204,7978971.155770169
1628838563066651486,443261.73985281127,7977476.039848905
1628838563132680997,443261.73985575954,7977476.039848828
1628838563264608287,443261.6361510251,7977472.211668822
1628838563336683331,443221.50551953376,7975993.473737188
1628838563462786477,443221.13036726165,7975979.649790299
1628838563540554067,443220.77260667103,7975966.4638698
1628838563672742564,443180.5989222913,7974486.026446177
1628838563732743530,443180.42578865826,7974479.646171247
1628838563864718002,443140.7862040178,7973018.776790133
1628838563936776498,443140.3823540468,7973003.889498162
1628838564074680580,443101.1438919485,7971557.696569788
1628838564134677307,443101.10350026796,7971556.207842719
1628838564266644280,443101.0401045057,7971553.868412386
1628838564338755302,443062.90072980936,7970148.085550226
1628838564464656722,443062.5257895768,7970134.261670232
1628838564530605397,443062.3527840267,7970127.881416794
1628838564668641255,443024.7007678861,7968739.964966301
1628838564734764381,443024.700809334,7968739.964965175
1628838564866725846,442987.70932863746,7967376.29506778
1628838564938791001,442987.40367652226,7967365.023314977
1628838565076558167,442949.3188141838,7965960.9469236415
1628838565136760913,442949.220748815,7965957.331461071
1628838565268736523,442948.8863627178,7965944.996348401
1628838565346541255,442911.03489793406,7964549.428642831
1628838565466682827,442911.05224087357,7964550.066663817
1628838565544634536,442911.05811282474,7964550.279335011
1628838565670759522,442872.38464011496,7963124.300963994
1628838565808662443,442833.35075820814,7961684.925919786
1628838565868691932,442833.1778117744,7961678.54571336
1628838566012633979,442832.5782253761,7961656.4276657505
1628838566072630529,442794.1469338409,7960239.172467563
1628838566216629659,442793.8126069757,7960226.837416969
1628838566270948345,442793.6396916741,7960220.457218106
1628838566414624596,442755.1883257864,7958802.353086578
1628838566474605790,442754.84243202134,7958789.592707034
1628838566612908263,442716.51491552277,7957375.956462296
1628838566672906397,442716.5149274293,7957375.956461972
1628838566811097637,442678.6745773286,7955980.186432419
1628838566871200675,442678.5592697336,7955975.932983679
1628838567014730571,442678.15588845394,7955961.045907928
1628838567062935173,442639.885781109,7954549.327182726
1628838567212670337,442639.4764625191,7954534.227458716
1628838567278806378,442639.30359925836,7954527.847291311
1628838567410618720,442601.32472477196,7953126.763913342
1628838567464757142,442601.32481424895,7953126.763910918
1628838567608724351,442563.659903648,7951737.166508692
1628838567668733023,442563.5792401072,7951734.18910462
1628838567806670031,442526.2456552377,7950356.715651744
1628838567866644029,442526.0728212955,7950350.335507718
1628838568010771368,442525.5369955326,7950330.557062563
1628838568076875083,442488.01004584646,7948945.854475855
1628838568208707937,442487.6354255871,7948932.030852194
1628838568280500467,442487.422261019,7948924.16201815
1628838568418881325,442449.8289470777,7947536.909074011
1628838568478877847,442449.6561479743,7947530.528945379
1628838568610886294,442412.31335718354,7946152.422520594
1628838568670889376,442412.24420671375,7946149.870473184
1628838568808655914,442375.0193440904,7944776.019112958
1628838568880623939,442374.81190782174,7944768.362979918
1628838569012882355,442374.0975015814,7944741.991852803
1628838569072875065,442336.7716283589,7943364.314117367
1628838569210662863,442336.24731493805,7943344.961138308
1628838569282600937,442335.8440182628,7943330.074230993
1628838569414496112,442298.9991397776,7941970.049787024
1628838569474702688,442298.99922972504,7941970.04978459
1628838569612637173,442262.1799854495,7940610.877633607
1628838569672643384,442262.16270290647,7940610.239624835
1628838569810866242,442225.1560026907,7939244.050998683
1628838569942695200,442224.8278174095,7939231.928842226
1628838570020591703,442224.5514221074,7939221.720711352
1628838570140663790,442188.23846799217,7937881.054035936
1628838570212852835,442187.9907875032,7937871.909265363
1628838570344855814,442151.6688760406,7936530.818834065
1628838570416868073,442151.26570424205,7936515.9320158465
1628838570548521055,442150.2003757009,7936476.588277627
1628838570608577123,442114.3936770604,7935154.426986233
1628838570746621610,442114.1287760089,7935144.644231154
1628838570812840929,442078.31312705163,7933822.059142229
1628838570938863714,442078.2267665879,7933818.8691167245
1628838571016671261,442077.9965242572,7933810.362380672
1628838571136657683,442043.16224516416,7932523.932412695
1628838571215193383,442043.0355610145,7932519.253714773
1628838571346850343,442008.4742060898,7931242.8205922535
1628838571418678616,442008.4742060898,7931242.8205922535
1628838571544496109,442008.23237107147,7931233.888542624
1628838571616868930,441973.86328473827,7929964.474890971
1628838571736904867,441973.1723749527,7929938.954777939
1628838571820824464,441938.88055697485,7928672.307241244
1628838571946663319,441938.1321230295,7928644.6604834655
1628838572006655767,441937.71762434463,7928629.348432803
1628838572150613237,441904.113176633,7927388.009741121
1628838572210835279,441903.61233583634,7927369.507700913
1628838572348479523,441870.46483278146,7926144.971068025
1628838572420633502,441870.33819174976,7926140.292396265
1628838572546605529,441869.8143587279,7926120.939708736
1628838572612592484,441838.2404196384,7924954.462420206
1628838572750825318,441838.5109235969,7924964.457754855
1628838572822819661,441808.97637601325,7923873.265582532
1628838572948615948,441808.1000087584,7923840.94031948
1628838573014608903,441807.401863846,7923815.207723263
1628838573140850206,441780.0933246403,7922806.318582996
1628838573218484885,441783.3415150577,7922926.475132435
1628838573344824626,441757.6041212265,7921975.857486473
1628838573422631077,441759.8691043347,7922059.8608314
1628838573554825801,441733.9940235604,7921104.352769118
1628838573614821576,441735.4806504465,7921159.646180037
1628838573746862533,441737.3765151631,7921230.677326076
1628838573812901073,441707.96952397283,7920144.593158963
1628838573944934941,441708.0185437251,7920147.7841549
1628838574016577044,441708.0068539384,7920148.210114201
1628838574142951499,441682.9467939867,7919223.753587409
1628838574214625851,441684.6905645519,7919289.255368114
1628838574346623492,441650.61033677275,7918031.765790772
1628838574418621386,441650.1789113495,7918017.09281042
1628838574550468228,441649.3723623313,7917989.873537519
1628838574682464725,441617.4512600711,7916812.773313017
1628838574748880688,441617.8959627212,7916830.851051021
1628838574880607684,441582.34226600826,7915519.986219872
1628838574952514539,441580.33531380974,7915447.681529113
1628838575078802820,441548.1560745509,7914261.865409781
1628838575150804016,441549.7676665359,7914323.539701269
1628838575282825362,441545.9232972904,7914185.523326232
1628838575348879781,441517.2784479497,7913129.007571936
1628838575480792305,441513.1179603516,7912979.7204376655
1628838575552887060,441507.77406227705,7912784.709034741
1628838575690891164,441470.50361400726,7911412.1778040035
1628838575750888171,441468.5582970535,7911342.638375672
1628838575876467525,441433.70706058166,7910059.002062349
1628838575948859745,441433.9080475998,7910069.8504179
1628838576080981483,441383.4251947785,7908209.047256212
1628838576146507378,441377.85287678626,7908005.742946533
1628838576350858477,441332.96785826376,7906356.120893134
1628838576482870389,441315.780088647,7905727.068182827
1628838576548458203,441308.38653249684,7905456.775755294
1628838576680866864,441274.01095433877,7904193.138472538
1628838576753146777,441268.2020914543,7903982.179857452
1628838576884854111,441228.47183965414,7902520.342764854
1628838576956790245,441223.3246271621,7902334.05345964
1628838577076841540,441174.6488946474,7900540.8907134
1628838577154867486,441165.76065761066,7900217.009994406
1628838577292574050,441156.0886086694,7899867.399660164
1628838577346592119,441119.7753796957,7898528.271222578
1628838577478851042,441107.57637121575,7898085.515891854
1628838577550463707,441102.40821442805,7897899.015100465
1628838577688577835,441099.3739081319,7897796.732166501
1628838577748595902,441097.9838798629,7897749.524380112
1628838577880547802,441072.21402661095,7896805.739831268
1628838577946842216,441068.0868986961,7896658.156579384
1628838578078840793,441036.00269096467,7895480.871143072
1628838578150596502,441032.0836885751,7895341.156655396
1628838578282518777,441021.7033400992,7894967.093161607
1628838578360830221,440990.1603629984,7893806.394602782
1628838578487036782,440980.05908037256,7893442.964902071
1628838578552590803,440977.29594455386,7893345.569829983
1628838578678850973,440931.23030414496,7891651.7364158435
1628838578756515538,440927.7856362473,7891530.098937193
1628838578888837234,440897.99351331114,7890439.585864061
1628838579026500308,440886.0480166123,7890008.744664777
1628838579080967098,440857.0559274586,7888941.195550924
1628838579218831509,440849.5540946847,7888676.017815933
1628838579290502814,440843.99525020126,7888475.696231646
1628838579422819759,440796.4111004999,7886727.43095446
1628838579482833714,440789.40082795796,7886473.51965994
1628838579626948513,440714.495984246,7883714.064353827
1628838579681059243,440706.08660451235,7883408.477764377
1628838579830472778,440690.78466413624,7882855.787688833
1628838579884791837,440692.5842083366,7882928.308613996
1628838580022893310,440696.6769479007,7883093.767281195
1628838580082803231,440662.54357958084,7881836.3212892385
1628838580220502783,440647.2864816248,7881284.694879833
1628838580280947188,440639.3428576076,7880996.759922261
1628838580424826948,440590.40219208284,7879200.447700078
1628838580484843281,440583.4783065672,7878950.366488885
1628838580616795088,440559.0514266034,7878059.978214029
1628838580688821453,440552.27359537286,7877816.490522717
1628838580820838876,440524.15009767417,7876789.364485919
1628838580886816870,440520.5150251546,7876662.413516011
1628838581018587287,440515.85476924066,7876504.206796453
1628838581078591658,440485.7006992053,7875394.35284552
1628838581228804666,440474.02517455176,7874978.832878453
1628838581282595318,440469.2381710168,7874807.222660032
1628838581426816136,440438.5776527364,7873689.084476596
1628838581480824598,440435.05714190716,7873564.471712535
1628838581636565562,440404.3715181109,7872445.697071522
1628838581690807140,440398.3419806183,7872229.430350431
1628838581822762796,440368.7896792696,7871150.422254296
1628838581882850594,440364.77238791296,7871008.798282421
1628838582020823810,440356.6640046209,7870725.339575782
1628838582092870028,440332.5341642148,7869840.270409935
1628838582218906175,440322.4418433529,7869482.381674422
1628838582284770715,440317.7865937809,7869317.365925182
1628838582428850982,440288.8467521903,7868264.519975791
1628838582482737244,440285.32975051744,7868140.546181778
1628838582620791202,440257.78098901344,7867138.099965334
1628838582680849425,440251.0064135458,7866894.827483878
1628838582830711233,440212.72055989405,7865494.716902801
1628838582890889051,440204.668676485,7865205.512258043
1628838583022871271,440186.03040966816,7864532.045488925
1628838583160477490,440171.89849061397,7864025.938978836
1628838583232826204,440159.63141479314,7863582.1356808385
1628838583286555608,440150.0490348978,7863233.811724586
1628838583424878160,440129.95973078965,7862508.885416049
1628838583556807912,440107.557773041,7861696.9829149
1628838583628721910,440100.40951985127,7861441.8044292545
1628838583754863196,440093.22267299436,7861193.649756392
1628838583832504213,440068.8159139042,7860299.232373687
1628838583958845480,440072.3805837496,7860449.805125737
1628838584025148239,440075.3753502012,7860570.812787641
1628838584162737232,440035.4141089658,7859108.615504256
1628838584228815648,440034.37163853773,7859080.127229812
1628838584354840745,439985.31824100664,7857281.301240419
1628838584426817710,439982.29239020037,7857179.447564325
1628838584552443030,439983.04700628086,7857225.181049534
1628838584630824167,439953.0915689193,7856127.046274618
1628838584756857060,439966.2598686947,7856634.664685265
1628838584822484551,439922.2852074095,7855014.039022343
1628838584960846486,439936.4485009976,7855560.361156275
1628838585020891706,439941.0655600588,7855740.698001506
1628838585164914881,439878.3323484359,7853437.253653618
1628838585230806967,439870.89090724406,7853172.295902526
1628838585350806071,439825.6271631112,7851513.192160537
1628838585422808192,439811.91322742833,7851015.805672401
1628838585560855364,439780.94686238526,7849890.465288058
1628838585632784014,439769.5396605072,7849478.778556529
1628838585758445760,439746.9627991391,7848661.144950782
1628838585830512299,439728.6053944542,7847992.150034257
1628838585962849805,439703.6799023102,7847090.947962949
1628838586034447768,439695.5324597085,7846798.771614681
1628838586154791201,439680.6021732129,7846267.371131291
1628838586232808610,439677.9850255957,7846183.80883019
1628838586364808641,439653.3567572445,7845293.0277825985
1628838586424810451,439651.8696701708,7845248.165794795
1628838586556781213,439623.38557139115,7844214.483940955
1628838586628776930,439615.7874409151,7843944.850992596
1628838586766806965,439599.1366066167,7843351.784677387
1628838586832471545,439585.1436374705,7842843.556461984
1628838586952943577,439567.22247763444,7842201.792562107
1628838587030459238,439553.61576937593,7841709.514887838
1628838587162477503,439528.9564704631,7840818.525641677
1628838587228759098,439520.50885662343,7840517.634109013
1628838587354831177,439517.7821848841,7840440.459366318
1628838587426877119,439526.36590304144,7840771.352736339
1628838587558809568,439521.5024136159,7840615.07207088
1628838587630480133,439527.53232229734,7840851.336036541
1628838587756795154,439525.99456441967,7840817.754277154
1628838587888796769,439498.92772003554,7839837.8782030465
1628838587966769739,439487.3921573175,7839424.496404379
1628838588032421213,439481.42919874354,7839214.193145193
1628838588164457622,439480.8102375146,7839215.486661577
1628838588296477194,439473.42311765725,7838965.21453556
1628838588368649169,439459.3463411588,7838456.139469646
1628838588500780544,439439.3238964687,7837739.102068155
1628838588560841839,439429.6271187699,7837391.002492465
1628838588692828413,439415.7794746357,7836901.287207209
1628838588770885303,439406.12827978574,7836558.081178079
1628838588908433767,439384.9200807182,7835795.749746571
1628838588962884997,439370.93540752085,7835288.163355915
1628838589094856580,439352.9392507341,7834645.129244898
1628838589160471444,439351.9207291163,7834618.556211823
1628838589293181904,439358.7691169807,7834898.847188506
1628838589364814056,439307.963443152,7833027.330719129
1628838589496536867,439301.28297153744,7832804.067059444
1628838589562849495,439264.90123694565,7831467.791190322
1628838589694854738,439261.9559172639,7831383.174885139
1628838589766841631,439258.7257488248,7831276.64753368
1628838589892913421,439223.3942509459,7829990.992398098
1628838589964828314,439210.8767897605,7829539.974819423
1628838590102449190,439182.01116286544,7828494.188892185
1628838590162806616,439175.37808932224,7828259.646378283
1628838590354816957,439139.6564458261,7826973.367039943
1628838590498849108,439100.7279869244,7825556.3024420105
1628838590558829235,439098.56982325995,7825488.051152061
1628838590684833678,439070.5133548267,7824472.678111487
1628838590768825424,439068.50071292947,7824413.9990503155
1628838590900783571,439059.00784703164,7824088.455368368
1628838590960816229,439055.7099468705,7823978.312950581
1628838591098849127,439004.5022557181,7822106.401166448
1628838591170809902,438992.6607597528,7821681.330508781
1628838591296454814,438975.85084690416,7821082.322583069
1628838591368791933,438967.51713628223,7820790.158464001
1628838591494565131,438963.5078317384,7820666.629094895
1628838591566528683,438877.0231231343,7817470.990661757
1628838591698809481,438853.6459586437,7816632.9746516645
1628838591758808637,438845.2693908905,7816334.85452534
1628838591896801334,438850.67821060587,7816563.681745711
1628838591962806056,438843.76285492314,7816322.127099173
1628838592100825964,438862.755885478,7817057.904037572
1628838592166498680,438866.1253731944,7817196.133435746
1628838592298510237,438877.4754708696,7817646.113153467
1628838592364786054,438912.38702253776,7818958.151759453
1628838592496474364,438923.5107236503,7819400.05191064
1628838592634787970,438919.3301323068,7819277.378522699
1628838592694787780,438917.29078444565,7819215.295659084
1628838592832845412,438921.0664390068,7819387.775320584
1628838592904816843,438916.2169499229,7819223.836618057
1628838593042652111,438905.2170380445,7818845.560589089
1628838593096771383,438905.34433654253,7818864.7092161905
1628838593234790656,438895.0050458841,7818513.653989729
1628838593300781964,438889.6127833717,7818327.598792257
1628838593432851242,438871.9147977905,7817704.357458186
1628838593498789176,438861.9717807843,7817349.4615381425
1628838593636811910,438865.7779017072,7817524.493675947
1628838593696771154,438858.1333928893,7817254.868809767
1628838593834814707,438859.4893979055,7817338.675600245
1628838593894798363,438857.5543098629,7817280.8460486
1628838594039039085,438854.8976502294,7817214.736729005
1628838594098664104,438880.5561256893,7818181.648849341
1628838594237029078,438886.05876954633,7818418.134778128
1628838594302651173,438890.9822583857,7818614.6298526665
1628838594440751485,438901.9219614235,7819053.555618513
1628838594506483826,438910.56686610525,7819388.05822412
1628838594638784506,438884.95058807114,7818470.726378467
1628838594698820623,438887.6604493737,7818584.92727593
1628838594842771258,438901.6673990978,7819137.193157051
1628838594908747497,438903.8722343383,7819234.8092791345
1628838595034404276,438905.9763855407,7819339.876150617
1628838595106894481,438949.40840025025,7820967.696896432
1628838595238784232,438954.7961553583,7821198.866530849
1628838595298863095,438954.6021215848,7821205.042994185
1628838595442725465,438988.08975204313,7822479.033030046
1628838595502718376,438984.3644026055,7822354.21900399
1628838595646672224,439002.8834885932,7823072.56327369
1628838595700936730,438992.9213170205,7822716.38923697
1628838595844719194,439014.5779855242,7823551.4772922
1628838595892766822,439016.6561587646,7823639.733970796
1628838596036725117,439037.53986754897,7824445.689747006
1628838596102808109,439009.01385522453,7823403.730128142
1628838596240553639,439022.26853526203,7823924.524188649
1628838596300822166,439025.5816903867,7824060.840809804
1628838596444788777,438955.76301444334,7821504.848609317
1628838596504824705,438955.48753807583,7821508.048053594
1628838596636791590,438847.87232129555,7817544.979387317
1628838596768781464,438837.7290695952,7817197.749722861
1628838596840771978,438780.41575333127,7815086.614601382
1628838596966810220,438761.39453958266,7814409.785302022
1628838597044934111,438749.40479609405,7813980.465756677
1628838597176819499,438658.9694899671,7810655.146694329
1628838597248799757,438644.6291919082,7810138.431684707
1628838597368815201,438556.91359108855,7806909.449185371
1628838597440812868,438541.7759683675,7806362.9657804165
1628838597578814414,438376.2451817863,7800247.795958621
1628838597638814963,438356.3068737944,7799520.568190742
1628838597764669779,438315.27130708785,7798022.947740003
1628838597836815592,438195.16779577447,7793579.387033883
1628838597968804137,438142.1888685754,7791639.695887192
1628838598046635365,438116.0672966665,7790684.524610269
1628838598238783267,437937.48532895686,7784091.864563849
1628838598370797436,437820.39094338927,7779767.446531278
1628838598442786716,437783.41672611167,7778408.060295942
1628838598574619817,437668.88846913027,7774177.863611456
1628838598640815838,437638.9991981469,7773081.51661599
1628838598772788858,437581.6570446435,7770977.068677847
1628838598850783851,437481.92742469464,7767282.7346786
1628838598970810296,437404.05967988836,7764413.873276784
1628838599048659513,437359.6447122642,7762776.37963865
1628838599174786604,437221.71666547155,7757671.893029154
1628838599240791698,437174.9134365779,7755944.890910709
1628838599366815939,437068.3649827868,7752004.174879197
1628838599444792661,437020.61730412144,7750243.587527528
1628838599576738484,436937.45861491736,7747175.536153772
1628838599642798183,436904.122103616,7745949.086179966
1628838599768651733,436833.7071577621,7743352.235999172
1628838599846780522,436764.01379595324,7740773.672502924
1628838599972798513,436642.3596484625,7736268.90722939
1628838600044968347,436576.209565381,7733818.787244193
1628838600176756672,436577.88651138265,7733909.600349954
1628838600374896913,436485.3091372501,7730500.336303194
1628838600578710767,436368.33430466085,7726184.653302147
1628838600644632142,436336.1799222364,7724998.625308749
1628838600782508498,436250.0181007569,7721815.616972662
1628838600836769608,436206.997463258,7720224.114954954
1628838600968771795,436129.8615991175,7717374.7296558665
1628838601106737948,436061.69730741624,7714862.152681728
1628838601184692197,436032.2839666173,7713779.687444697
1628838601370794279,435960.44312128617,7711139.338713874
1628838601502732193,435919.55344237457,7709640.992856274
1628838601568733335,435889.21703160193,7708524.0881187515
1628838601712740129,435819.6971898122,7705959.013832079
1628838601772784833,435782.19532294996,7704571.866798307
1628838601910789999,435660.3603662871,7700053.437766107
1628838601970790338,435628.48707093357,7698875.944063108
1628838602108734289,435564.315574035,7696506.716319751
1628838602174729629,435534.9384650736,7695424.269926438
1628838602300760601,435479.04003962793,7693364.414322353
1628838602378629879,435453.19106427324,7692413.5835618675
1628838602510769688,435395.362281643,7690282.719704852
1628838602570737215,435387.6715889475,7690008.235852574
1628838602702851265,435324.8892826729,7687689.844542276
1628838602780503819,435292.7341052068,7686503.010994315
1628838602906701658,435292.03206401144,7686504.093643141
1628838602978877289,435267.72104964976,7685610.251110046
1628838603104705383,435277.9474825818,7686019.776045922
1628838603188458021,435251.5625255327,7685050.455491465
1628838603326826154,435301.8984454648,7686960.651222862
1628838603380590619,435290.054074515,7686528.40259253
1628838603506758858,435264.14313774864,7685586.941963281
1628838603578694249,435312.41235586605,7687404.638123891
1628838603716734329,435306.51883992454,7687212.875336607
1628838603782478461,435305.83023756,7687199.276347764
1628838603908700445,435358.8211653387,7689205.365597055
1628838603986739566,435361.5617947654,7689323.806596811
1628838604112570286,435385.8147838192,7690253.825409282
1628838604178809328,435381.6508665526,7690112.230161866
1628838604310772339,435423.0496936324,7691685.003797847
1628838604388879979,435430.6829218639,7691985.873536267
1628838604520816038,435458.6563573543,7693056.012943375
1628838604580771819,435448.8269072905,7692701.582784415
1628838604712814971,435471.63358276506,7693578.450080469
1628838604790660896,435476.14219805726,7693762.165771684
1628838604928673609,435495.96422678046,7694527.407663773
1628838604971056119,435497.5917780522,7694597.57944499
1628838605108900184,435541.42244743014,7696260.511302001
1628838605180876602,435544.5620888167,7696390.645043251
1628838605312664263,435569.51680434187,7697346.822924639
1628838605384666341,435574.4799617039,7697544.783029743
1628838605510876221,435587.157490317,7698041.272052128
1628838605594756180,435601.15771605377,7698578.578639279
1628838605714765545,435607.7889886119,7698847.135534807
1628838605786798550,435608.973499663,7698903.489127516
1628838605912646146,435627.8353362681,7699630.248423426
1628838605996770426,435637.7949731116,7700015.529936537
1628838606128591637,435644.03827000567,7700270.90555738
1628838606254643269,435662.24388618063,7700971.937623597
1628838606314639019,435630.7642581991,7699807.411530539
1628838606392866314,435626.4197320459,7699658.372646697
1628838606524912178,435617.6974062647,7699353.912588999
1628838606656743420,435617.7192528745,7699375.402271424
1628838606704682143,435614.0946281995,7699248.047204468
1628838606848633234,435592.4437577024,7698462.211523841
1628838606914851435,435587.6229688028,7698293.18477733
1628838607046916104,435581.6291803176,7698089.507215368
1628838607106866784,435559.0753019592,7697256.886250074
1628838607256594510,435542.7878227541,7696671.554637435
1628838607317605050,435550.9794501045,7696986.241269118
1628838607449614337,435552.4848271983,7697061.523085565
1628838607509592249,435555.2367894383,7697172.943168911
1628838607647535561,435543.5156895225,7696755.793781388
1628838607731366491,435537.4537027234,7696540.841319528
1628838607851369076,435532.9903260972,7696391.380555896
1628838607917436517,435530.8372600906,7696319.307754568
1628838608050740097,435530.58699793654,7696329.102075132
1628838608122714245,435534.781418036,7696494.953656103
1628838608248653945,435531.0122888055,7696371.645537203
1628838608308676024,435546.8223227189,7696969.543457954
1628838608458676122,435542.1017048984,7696811.578546649
1628838608518877048,435544.3105179766,7696903.01236023
1628838608650848152,435591.77671741653,7698690.749493036
1628838608710851536,435590.0833534145,7698635.047868107
1628838608854633181,435604.39877430093,7699186.815036155
1628838608920841372,435599.0128167276,7698994.398073763
1628838609058785811,435597.15990914893,7698941.041230312
1628838609112834637,435626.71405561647,7700051.147499475
1628838609250640254,435639.4129997364,7700541.6795045715
1628838609328719761,435655.5386707741,7701151.699660956
1628838609454813496,435667.3386446186,7701607.148348406
1628838609515621861,435672.74346042523,7701815.7362453155
1628838609653766128,435696.0053214987,7702699.620981733
1628838609725473632,435704.6850248461,7703031.318497928
1628838609857346838,435727.1949431666,7703885.435829054
1628838609917388715,435730.29030325986,7704007.486272375
1628838610055595849,435749.2262944793,7704729.140686317
1628838610115546103,435749.6751289081,7704752.321255925
1628838610253485144,435747.99388612644,7704703.427807107
1628838610319359729,435759.3672483226,7705135.271387673
1628838610457619471,435763.47279037006,7705303.0418038
1628838610589494949,435758.20597981504,7705120.195403452
1628838610655537852,435756.67433661805,7705070.234045669
1628838610793497271,435759.4671567181,7705187.611666637
1628838610859599161,435783.09566199244,7706075.745087311
1628838610931496624,435794.3505319599,7706502.485800483
1628838611051378459,435797.14648144005,7706618.586846896
1628838611201420393,435779.1390847993,7705960.739100193
1628838611261483918,435781.73400104593,7706063.227780059
1628838611381370161,435783.584062597,7706143.394909155
1628838611447869993,435778.569717022,7705962.882128203
1628838611591472298,435795.61984124087,7706611.180594732
1628838611651496972,435791.7011799399,7706470.427568258
1628838611783387227,435785.82187420106,7706262.702524733
1628838611849596935,435794.54399415624,7706593.761758559
1628838611999527904,435777.46053598373,7705969.5079332255
1628838612053469954,435808.0637446725,7707115.127593995
1628838612191595544,435806.8662312736,7707082.179313662
1628838612257419015,435802.98224434955,7706942.2763979165
1628838612401540271,435846.8658517662,7708591.822488027
1628838612455490422,435846.79700034024,7708593.3137733
1628838612581546013,435866.85283125396,7709351.113593169
1628838612653490543,435863.23912553873,7709221.8419716945
1628838612803368893,435848.62587418174,7708687.737736378
1628838612857490536,435916.08989023644,7711208.616549996
1628838612983525290,435920.07986412215,7711367.241649314
1628838613073351941,435954.64190679975,7712661.705835129
1628838613193589411,435949.2487341035,7712470.137592787
1628838613253612269,435947.0226662618,7712391.469483745
1628838613385591360,436030.7772582743,7715523.658760748
1628838613457504257,436037.06877877295,7715763.078670786
1628838613595595154,436126.20298420795,7719094.721116078
1628838613655608551,436129.4165004048,7719218.472479285
1628838613793423500,436137.0816038109,7719512.540727102
1628838613859490629,436244.5215070555,7723520.558255089
1628838613997565805,436278.6961470301,7724802.281639794
1628838614057484069,436292.9268621358,7725335.979130435
1628838614189605741,436390.5719559437,7728981.490206234
1628838614261433325,436403.6354788003,7729472.02657199
1628838614387529484,436558.7174719793,7735254.475819385
1628838614459469327,436582.7676234856,7736153.689162823
1628838614591480019,436693.78426565166,7740292.9643158335
1628838614717575222,436739.3391669944,7741995.077804564
1628838614801455382,436765.0345630731,7742955.322091715
1628838614849534949,436837.2569369097,7745645.5355821
1628838614981486229,436878.509040182,7747186.695044396
1628838615113410594,436995.17073662323,7751532.904595851
1628838615191651162,437025.05102683126,7752647.954079413
1628838615323480984,437120.8286802728,7756215.733284267
1628838615383486061,437146.1535055976,7757160.041876583
1628838615515459172,437207.54042218276,7759447.9890051065
1628838615593581302,437292.70612044184,7762617.736614853
1628838615725474199,437351.5567520628,7764810.434567684
1628838615791376368,437376.77491116343,7765750.072599415
1628838615923463806,437476.6802696782,7769467.803629223
1628838615995359014,437505.29776223755,7770533.752037861
1628838616127465723,437602.80470735894,7774160.703053821
1628838616193508496,437633.7867942173,7775314.050025432
1628838616313502806,437708.39850050263,7778088.975646647
1628838616397359569,437745.76699221384,7779479.41867253
1628838616523592537,437805.5563699485,7781703.83351546
1628838616583589491,437840.76217960636,7783012.62705139
1628838616715617660,437889.8416259513,7784838.775398059
1628838616787473758,437915.503142343,7785793.528162759
1628838616919347974,437964.10581076244,7787601.393970406
1628838616985562563,437986.4454684023,7788432.605213004
1628838617117583911,438049.8945774876,7790790.788758766
1628838617189487430,438073.0781304668,7791653.047914639
1628838617327472329,438129.4898861499,7793750.115461569
1628838617387521077,438146.93254341086,7794398.884887114
1628838617519428261,438185.1911749919,7795821.670884173
1628838617597552844,438228.06867720693,7797414.145812872
1628838617729614858,438271.630365078,7799033.20433182
1628838617795244287,438292.21896581986,7799798.292134489
1628838617921473003,438327.8894528529,7801124.119816128
1628838617999483831,438352.5020377946,7802038.697188451
1628838618125459848,438380.4863470667,7803078.735009443
1628838618191600603,438396.77331476304,7803684.130703421
1628838618323467339,438414.9274261128,7804359.486888664
1628838618395335402,438428.4157017841,7804860.900597968
1628838618521445310,438453.95189286943,7805809.929652317
1628838618593377585,438454.87546230434,7805845.016440949
1628838618725463194,438476.2340898079,7806638.81626864
1628838618797465932,438487.16337802587,7807044.966398893
1628838618923465184,438522.83911942696,7808368.8879976515
1628838618995578402,438532.66800779686,7808733.998319492
1628838619127349193,438572.0540380896,7810195.077383616
1628838619193594596,438582.5313966078,7810584.004359706
1628838619331506984,438608.4932787125,7811547.284707303
1628838619457414114,438625.0205288987,7812160.552428204
1628838619523598887,438635.0802830968,7812533.744234882
1628838619667458492,438652.2118494327,7813168.914602893
1628838619733505049,438660.4454756916,7813474.272905875
1628838619859344308,438681.54411991057,7814256.168766123
1628838619925447697,438692.04000641196,7814645.309557493
1628838620069446901,438691.9927199628,7814642.970033037
1628838620123323678,438693.43144993694,7814696.344023237
1628838620267489545,438694.84469457687,7814748.867503581
1628838620327464404,438712.81322026596,7815414.021464154
1628838620465565618,438714.80406562245,7815487.8094162475
1628838620525649550,438715.51549364335,7815514.177446449
1628838620669421932,438740.5560693894,7816441.949538766
1628838620717618378,438740.3380396053,7816433.86900644
1628838620861414321,438765.66653989285,7817372.2741765985
1628838620927547105,438765.66653989285,7817372.2741765985
1628838621059552128,438793.5379247496,7818404.882328079
1628838621125404903,438793.5379247496,7818404.882328079
1628838621257522099,438793.75024049415,7818412.750229026
1628838621329443291,438822.7823653706,7819488.313894931
1628838621467324772,438822.93730793,7819494.055341851
1628838621521610230,438823.04634161305,7819498.095619335
1628838621671442699,438853.1473310204,7820613.212593484
1628838621731458832,438853.1473310204,7820613.212593484
1628838621863321455,438882.44064421847,7821698.347541554
1628838621923438038,438882.26846445363,7821691.968143218
1628838622073452646,438908.3489908643,7822658.021958128
1628838622127443441,438908.21697924566,7822653.131081773
1628838622265383401,438907.8152049781,7822638.245806049
1628838622325337014,438933.00157255644,7823571.127531271
1628838622469357540,438933.00157255644,7823571.127531271
1628838622535459727,438932.96139304066,7823569.63900244
1628838622661528909,438956.3635642598,7824436.388266337
1628838622727325356,438956.01915177173,7824423.629437763
1628838622865585296,438976.8449218412,7825194.900741412
1628838622937453518,438976.62104415864,7825186.6074970765
1628838623064723420,438999.61718838615,7826038.26008717
1628838623196541693,438999.7664473023,7826043.788921024
1628838623262502171,438999.7664473023,7826043.788921024
1628838623394471291,439024.6753403056,7826966.253841246
1628838623466619108,439024.48014546843,7826959.023821662
1628838623598542748,439050.7738373071,7827932.737640577
1628838623664709045,439051.1585070561,7827946.985044818
1628838623796459015,439051.54891845956,7827961.445097071
1628838623868465051,439080.4447252082,7829031.489372136
1628838624006642395,439080.68587630097,7829040.420589697
1628838624066659955,439108.91720224556,7830085.798725823
1628838624204389442,439108.1707388254,7830058.154454882
1628838624270474238,439107.7687974635,7830043.269078507
1628838624396607508,439136.6389210809,7831112.252152218
1628838624468547234,439136.6389210809,7831112.252152218
1628838624600484293,439165.37273292703,7832176.1327057425
1628838624666506276,439165.37273292703,7832176.1327057425
1628838624792535118,439165.0511416384,7832164.22438164
1628838624870631583,439192.53463803866,7833181.748507258
1628838624990625884,439192.19005654706,7833168.989576895
1628838625074530096,439218.359581996,7834137.818013463
1628838625200431694,439217.986265413,7834123.99582688
1628838625272455545,439217.7622756019,7834115.702515012
1628838625398665083,439243.1002834205,7835053.697653756
1628838625470615610,439242.6982295877,7835038.812209646
1628838625602434966,439267.11283603194,7835942.571584777
1628838625674430163,439267.11283603194,7835942.571584777
1628838625800908315,439267.11283603194,7835942.571584777
1628838625872583272,439291.36199194024,7836840.164868762
1628838626004481957,439290.6152462223,7836812.520427793
1628838626070465506,439314.07872457337,7837680.981407359
1628838626193572670,439313.38938841294,7837655.463442318
1628838626265433257,439312.9872761071,7837640.577962984
1628838626397366508,439336.79057662934,7838521.585944247
1628838626475558902,439336.3309975054,7838504.57395449
1628838626601393148,439359.89416675095,7839376.651325533
1628838626673466773,439359.89416675095,7839376.651325533
1628838626799446156,439359.8711866875,7839375.800725379
1628838626871322572,439383.63082775584,7840255.108894099
1628838626997540124,439382.97586427,7840230.866770596
1628838627069358580,439406.9778132035,7841119.10694163
1628838627207432148,439406.3802738231,7841096.991302818
1628838627267452008,439406.0355399007,7841084.232280628
1628838627405557893,439431.5268442427,7842027.549630083
1628838627471319306,439431.5268442427,7842027.549630083
1628838627597490875,439457.08840390877,7842973.419596948
1628838627669445387,439456.8872880547,7842965.976821311
1628838627801334117,439456.15752551367,7842938.9701787075
1628838627927544986,439482.65125908126,7843919.290376838
1628838627999550729,439482.4731185055,7843912.698198474
1628838628137467699,439508.5371534715,7844877.070433047
1628838628203322849,439508.36475017027,7844870.690900056
1628838628329565807,439534.8324196687,7845849.949563557
1628838628401546851,439534.6312715981,7845842.506768506
1628838628533424829,439534.10828700487,7845823.155501619
1628838628599466530,439561.0773187077,7846820.915690197
1628838628731422081,439560.330157364,7846793.270998808
1628838628803317523,439559.91059803666,7846777.74744164
1628838628941463169,439587.5247785087,7847799.325479722
1628838629001459284,439587.35234717705,7847792.945929842
1628838629133443402,439617.3763302002,7848903.626044504
1628838629211359124,439616.9739658237,7848888.740413294
1628838629343537799,439645.13731783064,7849930.522354904
1628838629403543380,439644.9648660767,7849924.142792719
1628838629535560953,439644.5164918024,7849907.555931207
1628838629607318239,439672.53765554726,7850944.022528063
1628838629733542469,439672.1984814029,7850931.476044297
1628838629799323123,439671.93978941784,7850921.906692368
1628838629931481812,439699.87056998303,7851954.971799951
1628838630003491773,439699.6980988483,7851948.592226086
1628838630135580171,439727.003713583,7852958.479154818
1628838630207558472,439726.80248606426,7852951.036311892
1628838630333463443,439753.33347388986,7853932.216019619
1628838630405476648,439753.132235508,7853924.773170146
1628838630537419076,439752.758507305,7853910.950735546
1628838630609353627,439779.1759682961,7854887.878231838
1628838630735535312,439778.4284722866,7854860.233338766
1628838630813410371,439778.0259749099,7854845.347627394
1628838630939425189,439804.47915393894,7855823.551871252
1628838631005444126,439804.1571388302,7855811.6432917835
1628838631137553154,439830.77862359164,7856796.015333844
1628838631209557833,439830.37608306925,7856781.129596464
1628838631335557254,439857.22316746885,7857773.7959922515
1628838631401437865,439857.22316746885,7857773.7959922515
1628838631533296867,439856.9701282689,7857764.439234766
1628838631599702037,439884.76748448395,7858792.194387031
1628838631737467389,439884.9457722229,7858798.78665409
1628838631803301777,439884.9457722229,7858798.78665409
1628838631929465580,439912.06606008403,7859801.449595499
1628838632013292359,439911.5656766021,7859782.948700361
1628838632139592088,439938.27330529096,7860770.3014318505
1628838632271610505,439937.38177011197,7860737.340038391
1628838632331469509,439964.9478764253,7861756.379115509
1628838632403433151,439964.746550925,7861748.936213514
1628838632547317594,439964.05629269546,7861723.417692776
1628838632673557280,439990.56543251575,7862703.329241893
1628838632739433388,439990.22028509766,7862690.569970486
1628838632877340987,440016.7309504422,7863670.482369705
1628838632937343250,440016.7309504422,7863670.482369705
1628838633075532510,440044.28426836623,7864688.886172394
1628838633135515276,440044.2152313029,7864686.334313542
1628838633285315921,440043.8125152942,7864671.448470353
1628838633339304952,440069.2099291604,7865610.1075291205
1628838633477532296,440068.5597975268,7865586.077505253
1628838633543313436,440068.21459523967,7865573.318200757
1628838633675460840,440092.80209050595,7866481.993628057
1628838633747411635,440092.60071253777,7866474.55069442
1628838633879527008,440116.08472077094,7867342.397016636
1628838633933680884,440115.9121029021,7867336.017354296
1628838634077475222,440140.15107429906,7868231.7222278
1628838634149414082,440139.7482796531,7868216.836337174
1628838634275591170,440138.770065459,7868180.6848893445
1628838634341338330,440161.3932305982,7869016.63417821
1628838634479524925,440161.33568600146,7869014.507620894
1628838634545364988,440161.16305225185,7869008.127948973
1628838634683285651,440183.2923645996,7869825.789451918
1628838634731428753,440183.1369872919,7869820.047743008
1628838634887333146,440204.52499431407,7870610.277210238
1628838634941548138,440204.52499431407,7870610.277210238
1628838635079507826,440226.4779648256,7871421.347543662
1628838635139467573,440226.1326517156,7871408.588172297
1628838635283185214,440225.32692206796,7871378.816306352
1628838635343514010,440245.94550274475,7872140.550931175
1628838635481467893,440245.94550274475,7872140.550931175
1628838635535401349,440245.94550274475,7872140.550931175
1628838635679541772,440266.3405346204,7872893.992472286
1628838635751506876,440266.33477893466,7872893.779815815
1628838635871517272,440286.51738647954,7873639.3535790555
1628838635943547145,440286.83907456056,7873651.262366898
1628838636075401240,440307.4166515034,7874411.5100350985
1628838636147291763,440308.67359103565,7874458.08196579
1628838636273566785,440311.0626778691,7874546.760146626
1628838636345543510,440332.0682812833,7875322.957822482
1628838636483450570,440331.43169896805,7875300.204089512
1628838636609280533,440352.9026106021,7876094.053188598
1628838636687566718,440352.2400444525,7876070.236078061
1628838636813802060,440373.0838645732,7876841.33172643
1628838636879391028,440372.06442169036,7876804.329850346
1628838637005442739,440371.6649258062,7876791.146255354
1628838637083299440,440391.5640410189,7877526.941005117
1628838637215505016,440391.68188597704,7877533.322211211
1628838637281318098,440391.218567458,7877517.160950135
1628838637407532005,440420.69831911905,7878608.095195802
1628838637479389307,440423.0303240698,7878695.498385684
1628838637611290585,440444.4286934062,7879488.287901525
1628838637683549418,440446.7907729484,7879576.9672309
1628838637809516880,440451.5793748626,7879756.665117321
1628838637881421176,440501.84195759334,7881614.4461084
1628838638007732216,440510.53186330333,7881938.539476981
1628838638079539335,440537.17544942943,7882924.211933571
1628838638211517470,440540.73592663184,7883059.252623801
1628838638277678864,440543.46309593023,7883161.968111238
1628838638421390094,440580.6463124769,7884539.147979557
1628838638481387765,440583.88330840506,7884660.577493956
1628838638613531673,440624.8551990777,7886177.476119161
1628838638679431911,440636.270419445,7886601.307324006
1628838638817281052,440658.70349714305,7887434.083930715
1628838638883418446,440667.4671923197,7887760.092398046
1628838639009527566,440684.76588943694,7888403.603206112
1628838639087285190,440678.023574282,7888157.132749833
1628838639213456314,440679.5811667847,7888219.871106599
1628838639285395107,440684.04779370525,7888387.661498646
1628838639405416667,440685.6378471513,7888451.463067009
1628838639483525776,440694.3630876056,7888777.0472541815
1628838639615500202,440660.01506484917,7887514.705393104
1628838639687442397,440660.97008674714,7887553.199090962
1628838639813442567,440654.40320287226,7887316.939209226
1628838639885490276,440652.1735828045,7887238.045151376
1628838640017489495,440640.2218538081,7886803.374654487
1628838640083440632,440618.5868524144,7886008.457983876
1628838640203452075,440607.70515853725,7885613.129756934
1628838640281342109,440613.1955194289,7885819.624331002
1628838640413516000,440597.7718929099,7885258.210802749
1628838640485443466,440603.315203767,7885466.832023052
1628838640611406816,440574.10875605093,7884395.6751466
1628838640677453080,440567.52797081386,7884156.862560261
1628838640809384826,440558.83072094416,7883843.622259089
1628838640887549971,440556.3842837984,7883758.562707227
1628838641007491139,440552.94863010675,7883639.266819632
1628838641139441728,440529.3713954885,7882777.368580459
1628838641217493483,440514.3526363074,7882228.076088028
1628838641283339826,440501.7412295907,7881766.398091934
1628838641409507149,440496.1556141836,7881569.270696876
1628838641547285631,440472.31684236624,7880698.017392463
1628838641619692372,440490.1231343055,7881361.514738039
1628838641751554608,440477.13131384226,7880891.122045321
1628838641811507914,440491.30860770337,7881419.368050951
1628838641943524592,440481.86694942147,7881080.398216793
1628838642021463145,440475.5468742235,7880853.071259563
1628838642153418914,440484.2003374001,7881182.911365148
1628838642213385276,440481.08468788845,7881072.545284026
1628838642345366540,440494.99968539225,7881596.967829927
1628838642411490001,440491.57555593504,7881476.18217163
1628838642549320422,440480.1543803086,7881065.121988608
1628838642621282219,440500.10803281405,7881807.941073498
1628838642741441023,440489.4602731464,7881425.802527312
1628838642813421552,440516.27740316174,7882422.323349111
1628838642951408974,440506.35603027674,7882067.405125737
1628838643017533238,440501.9539182671,7881911.105937703
1628838643143441073,440536.7199443087,7883206.62894457
1628838643221403241,440536.53468795854,7883206.208333363
1628838643353550396,440585.41800220474,7885024.023506855
1628838643413514797,440587.2352653727,7885096.756943094
1628838643545648349,440589.26688592095,7885184.168800737
1628838643617534115,440660.09654061275,7887805.621738582
1628838643749401000,440674.9001365108,7888364.712430978
1628838643815282289,440743.7357188428,7890911.315928594
1628838643947479144,440758.8642205173,7891483.594034369
1628838644019654871,440770.6646976008,7891926.14472639
1628838644145715108,440939.4438618457,7898166.894011305
1628838644217442005,440968.1019636439,7899231.269306528
1628838644349456128,441044.53163693973,7902064.571643463
1628838644421525804,441070.2779114062,7903021.556386802
1628838644547504997,441120.4041626139,7904884.063296038
1628838644619437855,441169.42653065175,7906700.20875291
1628838644751379441,441220.90274669585,7908612.485181351
1628838644817485349,441283.57927227416,7910931.160349471
1628838644955384756,441325.88555565535,7912505.30845128
1628838645015179959,441349.77758365363,7913392.76038624
1628838645153420018,441417.37021551456,7915900.510364734
1628838645213395478,441439.9644293417,7916740.115495894
1628838645351524401,441491.1343278415,7918642.840968454
1628838645411517663,441514.5350076592,7919512.221395241
1628838645549217834,441559.0999878739,7921169.746942509
1628838645621527977,441576.5936044541,7921824.339125155
1628838645753529789,441566.0243473442,7921450.910015301
1628838645891429447,441630.83500817936,7923855.960706123
1628838645951429305,441617.4124125797,7923368.961043394
1628838646083416372,441670.4846956927,7925340.38831742
1628838646155394467,441682.2352216702,7925781.890098341
1628838646293317727,441729.7107242985,7927546.609216498
1628838646347472824,441772.9599077744,7929147.571576412
1628838646485428621,441826.4010878939,7931133.045678448
1628838646557388918,441877.28987709485,7933015.798408603
1628838646689274939,441913.006682609,7934347.111364317
1628838646749401078,441934.60462953075,7935149.726207253
1628838646887428832,441999.5962290243,7937560.33562753
1628838646947429778,442020.9484999165,7938353.807994904
1628838647085501424,442086.6868335087,7940791.007451457
1628838647145487165,442106.17725841666,7941515.789832912
1628838647295491037,442158.0460849924,7943441.9504324915
1628838647355428102,442206.25948378246,7945225.406760026
1628838647487426032,442282.63975343615,7948051.593953049
1628838647553267284,442312.41800948547,7949154.5094032865
1628838647691479979,442332.8797615298,7949924.816099179
1628838647763360514,442342.1865847006,7950275.942269608
1628838647889579888,442372.627753078,7951412.255977921
1628838647949424376,442383.41032162186,7951816.336780304
1628838648093250657,442455.9750690765,7954503.028824604
1628838648159535577,442466.0469911925,7954882.22908489
1628838648285403750,442492.26429220004,7955861.381577551
1628838648351426456,442581.97407996154,7959168.654669673
1628838648489822061,442635.02780957497,7961136.5286456505
1628838648555256081,442656.19508018653,7961922.14831207
1628838648693481676,442727.0437448176,7964544.210993079
1628838648759255457,442742.48536207847,7965119.286038946
1628838648891510128,442816.4906526132,7967856.412310292
1628838648951473144,442832.89641384425,7968466.7929127645
1628838649101281874,442922.5166641744,7971777.724226457
1628838649155511001,442936.9168512234,7972314.308675218
1628838649287354142,442964.0272935752,7973326.654180772
1628838649365386855,443040.5373252551,7976147.801644099
1628838649497470490,443084.1177610445,7977764.788092573
1628838649623283141,443192.1934775585,7981748.865262846
1628838649695414283,443222.8793391482,7982885.630239959
1628838649815412430,443315.01653772965,7986283.372659185
1628838649887362988,443338.6991797114,7987161.525009922
1628838650025516647,443382.2148164797,7988776.400818649
1628838650091260325,443451.4139669398,7991324.078950654
1628838650223365265,443478.490776007,7992334.101415782
1628838650289367522,443488.57271970564,7992712.888637833
1628838650433242891,443580.57130204403,7996106.62074189
1628838650499488205,443602.128084062,7996906.30171145
1628838650619486300,443657.87717513007,7998967.391816614
1628838650697400153,443686.9509277962,8000043.985036088
1628838650830242879,443709.2746831987,8000878.766206326
1628838650890426946,443735.1322581325,8001836.046577501
1628838651022506525,443778.1404427222,8003429.886301411
1628838651100239964,443819.73256293254,8004964.810478037
1628838651220485515,443851.2903605887,8006138.609236505
1628838651298290971,443868.1688567586,8006766.450670349
1628838651430254733,443936.36112965574,8009283.335237281
1628838651496258464,443957.64052821195,8010072.391127569
1628838651622483218,444034.56326818804,8012909.157118999
1628838651700371883,444057.3660567468,8013753.938261202
1628838651826354945,444119.59676173975,8016051.561720615
1628838651892430931,444142.2298039603,8016889.9645978855
1628838652024379564,444181.13763995585,8018332.394172394
1628838652096256764,444246.08240647573,8020721.474959048
1628838652228367527,444274.22280598327,8021769.167823446
1628838652288295152,444286.52341847867,8022227.507445635
1628838652426384002,444450.73075103736,8028260.317240046
1628838652498280433,444477.49110207934,8029249.309840371
1628838652618385840,444540.73533946904,8031581.417729549
1628838652696534889,444564.8971293952,8032476.406930848
1628838652828378310,444633.00653017685,8034986.965414512
1628838652894711463,444653.263553149,8035737.542127658
1628838653026533088,444691.0439742756,8037137.244471391
1628838653092246960,444758.4563383024,8039612.499829276
1628838653230385114,444803.6564411816,8041284.6600793535
1628838653302366558,444822.2541701365,8041974.199376946
1628838653428343176,444911.3952666501,8045253.4324614955
1628838653494755356,444929.29409786884,8045917.238753009
1628838653632361392,445009.0029081087,8048850.224944786
1628838653692366707,445033.8711908749,8049767.557351141
1628838653830367088,445126.3953157989,8053170.1722854925
1628838653890362486,445150.61821123294,8054063.6867347155
1628838654034361912,445207.4108151841,8056158.269131528
1628838654100473093,445257.2063842623,8057988.049168198
1628838654220405240,445300.8551786425,8059598.977859663
1628838654358344723,445355.87741211255,8061627.422348804
1628838654424266568,445381.23369665665,8062563.056695604
1628838654502474378,445407.7217247605,8063541.230930203
1628838654628343446,445480.1880873341,8066205.62928986
1628838654754344303,445524.4568633768,8067839.540401481
1628838654832346046,445575.65530453826,8069720.384918843
1628838654964446677,445624.6756359124,8071527.432450979
1628838655024494403,445648.4073148526,8072401.817832192
1628838655156342720,445722.4245298459,8075122.387195683
1628838655234372650,445764.7569541202,8076678.459671552
1628838655366228081,445795.2159429758,8077807.23714306
1628838655426296527,445820.5297600078,8078739.054337853
1628838655564450508,445865.5727138192,8080401.69712278
1628838655636366223,445880.17082621116,8080943.223031443
1628838655768327745,445922.09452841996,8082489.736040075
1628838655822573552,445948.1885348464,8083450.058083416
1628838655954466156,446000.0060961904,8085357.517697927
1628838656026501503,446030.2993680518,8086471.833980701
1628838656164403027,446096.1673980859,8088892.746236065
1628838656224384313,446119.4911959515,8089751.191653336
1628838656356433890,446177.8220612226,8091896.030228821
1628838656434286232,446208.2983301809,8093016.520547964
1628838656566384329,446270.17165025463,8095291.110495464
1628838656632319575,446291.5407529369,8096077.881463311
1628838656758359898,446328.12454461807,8097427.880995121
1628838656836485089,446410.7003514325,8100450.318757103
1628838656968226644,446443.32150158787,8101654.198665268
1628838657022248890,446458.9570861889,8102231.466075286
1628838657160357474,446563.178553706,8106049.839130159
1628838657238282702,446581.98213878163,8106743.668383645
1628838657358459211,446667.1794883555,8109865.889134497
1628838657430484062,446686.93262591556,8110594.177813081
1628838657562515266,446777.738756053,8113920.1747845765
1628838657634360252,446794.7492985281,8114548.284051551
1628838657766235474,446819.45201337815,8115463.544049433
1628838657832497562,446895.03756369447,8118227.168067122
1628838657964326142,446921.47063473007,8119205.177431694
1628838658036354367,446941.99751934793,8119961.122574122
1628838658162340152,447020.3793120146,8122832.388344454
1628838658234297977,447048.69285583345,8123871.866983178
1628838658366334617,447075.71687638,8124871.150984819
1628838658432661903,447100.67835864174,8125788.327599997
1628838658564361574,447073.24759597535,8124803.315747597
1628838658702150752,447100.98242954665,8125827.911633187
1628838658762482681,447128.07454459264,8126822.51243609
1628838658834456891,447105.8407723701,8126020.205794651
1628838658966317449,447135.4394094228,8127112.441846174
1628838659104482430,447139.11342267797,8127260.919040561
1628838659164459478,447139.0000771511,8127263.050776666
1628838659302736256,447183.3765817028,8128894.489487097
1628838659368354914,447192.654854527,8129238.64691877
1628838659506352741,447216.40259191627,8130117.970590653
1628838659554374522,447286.47858937096,8132675.515122404
1628838659698492294,447320.63938240585,8133933.6657393295
1628838659770229524,447337.98763395124,8134572.419496991
1628838659896535580,447489.4471825245,8140100.3932499485
1628838659968355594,447506.02769461175,8140710.860334427
1628838660100254279,447653.88643548335,8146106.1328909
1628838660166482927,447673.98754252325,8146844.438861371
1628838660304225949,447713.29750956607,8148287.4437808
1628838660358384467,447857.85094052943,8153553.630625688
1628838660508470022,447902.61285985354,8155196.163617663
1628838660568461996,448076.0042596009,8161509.753549172
1628838660700466325,448125.48871774244,8163321.398490209
1628838660766255603,448149.65855913487,8164205.84434462
1628838660910325033,448371.98056333745,8172303.694457499
1628838660970352549,448408.069536078,8173621.011516199
1628838661102468125,448616.74749903346,8181217.559189529
1628838661162450790,448657.6625580099,8182709.734411103
1628838661306340306,448757.41393314244,8186346.692376389
1628838661372344889,448929.99709567206,8192622.148457445
1628838661504219326,449038.28552199254,8196566.505332407
1628838661564209250,449173.0252732614,8201464.469444593
1628838661702354959,449281.76629579253,8205424.594991192
1628838661774342033,449335.8420501225,8207393.707462705
1628838661906456330,449444.4571449252,8211347.6819755025
1628838661960651108,449489.9898602847,8213005.385606809
1628838662104465055,449553.25333307945,8215313.585286402
1628838662164474272,449602.51146418456,8217106.156732217
1628838662302378024,449645.9736494395,8218695.803772166
1628838662368204917,449685.77967563673,8220145.2660733545
1628838662506457398,449775.57030295866,8223414.964907854
1628838662566460859,449767.0085631587,8223110.143937302
1628838662704358710,449831.7979996188,8225472.817628399
1628838662764381285,449855.048560063,8226321.569538679
1628838662908217851,449903.29675081343,8228084.594206578
1628838662974451717,449926.2757838547,8228924.414374692
1628838663106373435,449974.805295882,8230696.588844675
1628838663166371158,449997.44243392255,8231523.008661661
1628838663316187532,450064.34104650345,8233961.638875594
1628838663436424955,450102.29369591206,8235349.8599298345
1628838663508444280,450125.7760624438,8236207.766070072
1628838663634207995,450200.99448491854,8238945.914725551
1628838663712226023,450234.02646189264,8240150.771912883
1628838663838434696,450300.0794651234,8242557.722561799
1628838663916307876,450332.6838605573,8243745.990079427
1628838664036197465,450387.2584344038,8245735.160214388
1628838664108373597,450428.5272027035,8247238.685957601
1628838664240448621,450464.9335980815,8248570.54993432
1628838664312266351,450520.37813401746,8250586.314245564
1628838664444314516,450540.3016681282,8251321.068605145
1628838664510389825,450545.2683329152,8251508.057371595
1628838664642337389,450628.46181177796,8254534.691711859
1628838664702337856,450632.11626916646,8254673.179282145
1628838664834310518,450716.98215689586,8257760.021743195
1628838664912440990,450744.4432835556,8258762.595854173
1628838665038334465,450782.9118901266,8260167.860816061
1628838665110318117,450798.949970294,8260756.049161972
1628838665236204328,450780.01045072713,8260084.063674573
1628838665314431610,450816.9250979269,8261429.338962266
1628838665434476499,450807.65456103726,8261106.433024077
1628838665512367711,450823.64431692986,8261693.771592268
1628838665632360706,450881.52483319683,8263802.521114835
1628838665710773282,450918.31643792766,8265142.907318443
1628838665836429185,450891.04752084776,8264169.062645784
1628838665908334467,450894.76200116664,8264311.168691799
1628838666046308091,450883.79961116123,8263929.764791617
1628838666106336111,450884.6877335408,8263968.911495844
1628838666238269933,450869.0563944804,8263417.5398923205
1628838666304542206,450873.07159232127,8263570.70767672
1628838666448426952,450955.46720333374,8266568.865830794
1628838666508442216,450975.81190857943,8267311.920416545
1628838666634673464,450978.26972856803,8267416.380399387
1628838666706355542,450976.86058145564,8267373.416005364
1628838666838327785,451027.43389763834,8269218.821357022
1628838666916428832,451045.0104097267,8269864.025403696
1628838667042244786,451089.65655749425,8271493.303433817
1628838667108361936,451094.19709080283,8271666.2563021565
1628838667240298346,451139.285082734,8273312.7684074845
1628838667312270025,451125.72486711835,8272830.524368324
1628838667444240476,451157.0965619138,8273980.747138805
1628838667510426908,451176.87973602547,8274704.661537416
1628838667648364888,451168.58917975234,8274421.748294853
1628838667714187938,451178.4654804155,8274786.154214741
1628838667840420606,451176.5122523521,8274731.282828013
1628838667972310491,451180.54607768275,8274892.7541309465
1628838668044305718,451185.4714115578,8275079.321726517
1628838668170324478,451225.20950673544,8276532.682552
1628838668242215271,451233.2571325974,8276832.208350169
1628838668368591371,451243.6779975296,8277225.127093056
1628838668440454061,451249.3837993479,8277439.987759092
1628838668572294918,451240.1078870905,8277120.90994444
1628838668638523446,451245.8763081636,8277338.110646774
1628838668770466635,451259.05764017423,8277830.798446386
1628838668842436484,451246.9000911651,8277400.033194683
1628838668980377031,451251.0867700064,8277568.738855106
1628838669046319915,451255.745688858,8277744.669727441
1628838669172359507,451270.0118395026,8278277.138061122
1628838669244442128,451279.52297083964,8278629.846239038
1628838669376324781,451291.8810295482,8279093.604282543
1628838669442370258,451295.87873776676,8279246.987322099
1628838669574319734,451280.39387558587,8278703.694905432
1628838669646266132,451268.1788685281,8278270.802052226
1628838669778310819,451234.0893872028,8277054.441936266
1628838669844421112,451249.9862182821,8277638.384176931
1628838669976311078,451253.41866057453,8277779.009295952
1628838670048307306,451257.42478417186,8277932.817725572
1628838670174435208,451202.9390540228,8275978.93442008
1628838670246441241,451200.76152072125,8275909.166935469
1628838670378316828,451174.464309132,8274974.884575207
1628838670444356663,451174.309650289,8274978.295077455
1628838670576310145,451120.17760634574,8273037.392703317
1628838670648471268,451108.2292284728,8272614.287268225
1628838670768441598,451079.08653080405,8271575.770572355
1628838670846352644,451065.34594982397,8271089.70017467
1628838670978303673,451063.7227480175,8271048.018907585
1628838671038316524,451069.60364876344,8271268.6216898905
1628838671176422156,451037.3334146199,8270120.129280726
1628838671248457332,451029.55504227383,8269848.060189403
1628838671380311984,450987.69755757984,8268351.54924516
1628838671440315573,450965.19599493616,8267545.538847445
1628838671572463510,450973.7202435047,8267871.660363423
1628838671650439037,450961.65745901933,8267446.005140944
1628838671770442841,450948.00387220597,8266968.236527558
1628838671842318683,450954.52110412903,8267213.728890944
1628838671974226997,450966.16662418033,8267652.594619675
1628838672046283578,450979.6710138322,8268150.59197058
1628838672184313538,450965.4331911866,8267654.956660721
1628838672310352191,450944.5147913861,8266916.388357288
1628838672370338401,450933.7332364812,8266534.5529014785
1628838672454165848,450916.34931212204,8265916.59480689
1628838672580427541,450935.4523124764,8266625.834210055
1628838672712482141,450929.90718879807,8266442.904066011
1628838672772415209,450933.59955853753,8266584.585208298
1628838672916207978,450931.8768324882,8266541.842399696
1628838672982462074,450936.37926324166,8266714.156994469
1628838673114429949,450906.63184970216,8265655.863248784
1628838673174444355,450911.74981592246,8265849.023692754
1628838673318186843,450892.3650610743,8265166.829216285
1628838673378222999,450890.0392759057,8265090.679792428
1628838673516409923,450868.8215076818,8264341.689763045
1628838673582359862,450873.201986272,8264508.472360575
1628838673714323602,450844.66422538244,8263494.42753832
1628838673786314014,450825.44438351033,8262808.18490518
1628838673918174897,450829.9044265242,8262986.673893661
1628838673978413749,450828.2127415837,8262933.073104231
1628838674122307089,450829.95533200103,8263013.922036609
1628838674188307550,450845.5585519137,8263587.008750644
1628838674320172682,450810.86048604094,8262347.900470655
1628838674380236375,450819.9342116123,8262683.372505156
1628838674518432056,450840.98706114775,8263461.531668007
1628838674578412839,450795.06597100536,8261807.604184252
1628838674722449629,450795.9961202818,8261857.394011735
1628838674776712052,450794.419768825,8261807.196272243
1628838674920432939,450750.8125681478,8260245.59977662
1628838674980430545,450744.9710998911,8260040.964301127
1628838675118329815,450715.1619191823,8258977.994288191
1628838675178343951,450704.85600495385,8258611.688762187
1628838675316298831,450661.75742245046,8257066.474355059
1628838675388209572,450656.816620533,8256895.237610001
1628838675520369378,450645.00268881343,8256482.778097976
1628838675574297737,450613.38498789264,8255344.073688689
1628838675724220351,450612.0511992445,8255311.751907698
1628838675784156525,450612.0170399971,8255316.8621106595
1628838675916302097,450554.3671767215,8253244.3107086085
1628838675982322531,450556.1769539269,8253317.067518384
1628838676114303664,450493.57633674995,8251064.981176605
1628838676186314826,450491.86985675467,8251010.316870735
1628838676324430780,450435.85604682926,8248997.122127475
1628838676456303096,450426.50377612776,8248671.454095519
1628838676528173929,450420.69669934514,8248468.096839587
1628838676648262559,450367.654061252,8246559.775993414
1628838676714408729,450353.11915756314,8246040.314260088
1628838676858274992,450298.05466179736,8244060.311073077
1628838676918279485,450287.3118939743,8243676.991218309
1628838677038215842,450269.70107939985,8243050.535149759
1628838677116316975,450223.2428304614,8241375.999410333
1628838677248156620,450204.72959032166,8240717.636920294
1628838677326166865,450156.81396444346,8238989.072257615
1628838677446340529,450144.5336453243,8238556.19469651
1628838677518295974,450145.49941759586,8238597.4673015615
1628838677650300072,450083.0023294798,8236345.830084207
1628838677716413296,450080.9073929192,8236276.275366508
1628838677848398947,450031.110664407,8234484.542740235
1628838677926165248,450023.81194078753,8234226.731135028
1628838678052185163,450015.50094165537,8233938.079635123
1628838678118400025,449976.25945390196,8232523.498293226
1628838678250447695,449971.81275740324,8232375.029575701
1628838678322288979,449924.99793679675,8230685.829054916
1628838678448309072,449908.979446325,8230118.303628162
1628838678520346488,449896.54609703145,8229674.789277185
1628838678652451137,449853.0230489222,8228110.462679064
1628838678724274223,449841.81850890897,8227711.407236445
1628838678850336471,449848.92724376987,8227981.995610424
1628838678922278471,449842.025466586,8227738.863168095
1628838679054173336,449831.68261101056,8227377.038214367
1628838679120380158,449859.9893516989,8228409.155375104
1628838679252387701,449866.0632784999,8228642.0925080255
1628838679324273432,449894.43095054646,8229676.550723975
1628838679456204654,449911.8556637765,8230320.67443967
1628838679522427817,449917.4935138578,8230531.910059012
1628838679660247078,449936.70048287883,8231240.701008073
1628838679720702096,449944.122559387,8231516.603535768
1628838679852332891,449944.1670267067,8231531.504023405
1628838679924276206,449952.7913126819,8231851.014168509
1628838680062229531,449956.64936885814,8232004.18247653
1628838680128289443,449981.29106609855,8232903.7792293355
1628838680248285910,450025.5338764734,8234518.332124511
1628838680326276962,449969.77095955715,8232507.285557217
1628838680458193992,449977.094275135,8232786.171437982
1628838680530308101,449973.60640458076,8232667.266789895
1628838680656408509,449927.2252043428,8231001.470862215
1628838680728283148,449935.9016584684,8231323.108249082
1628838680854539532,449921.53630022105,8230817.0596452765
1628838680926389304,449921.7919740636,8230833.870226786
1628838681052229625,449925.60372462706,8230984.910874329
1628838681184355045,449894.5752487086,8229875.377916469
1628838681256320831,449888.65345867485,8229669.685161052
1628838681328287600,449872.2348083447,8229082.799046342
1628838681454283547,449868.5206930564,8228961.559301901
1628838681580280509,449864.7142253193,8228838.193307237
1628838681658393189,449880.5617604799,8229421.050333244
1628838681796180756,449914.2929011143,8230657.172754613
1628838681850363898,449876.55403209827,8229297.476969715
1628838681982281970,449901.0569202376,8230199.63019803
1628838682054293860,449913.48883449676,8230657.833603165
1628838682192393444,449879.3004579198,8229435.986852853
1628838682252389891,449887.8603504669,8229752.943669006
1628838682378552406,449862.28754325426,8228842.092175574
1628838682462266011,449875.85918115044,8229343.052751868
1628838682594276671,449876.6078163601,8229385.60833833
1628838682660405207,449898.4497099012,8230185.013376101
1628838682786261631,449935.9411331411,8231557.276980051
1628838682864285651,449884.17418096977,8229692.587154741
1628838682996195883,449907.22798211157,8230543.68912677
1628838683056196700,449894.4756264609,8230089.539357703
1628838683182308290,449910.4069102405,8230683.038733716
1628838683254406814,449917.5064556919,8230949.157497948
1628838683398285107,449934.57638907933,8231585.415054951
1628838683446277352,449939.0596794626,8231754.319314406
1628838683584390459,449932.94585304527,8231551.611898159
1628838683656409970,449941.9879652865,8231888.353936279
1628838683788268715,449951.53877724503,8232251.692242174
1628838683854323361,449947.0983905647,8232100.881682851
1628838683986276551,449970.6184555388,8232970.280262997
1628838684058241514,449930.23016639176,8231518.051595471
1628838684190269355,449967.4313495982,8232883.086698019
1628838684256320202,449987.5480040701,8233621.231588814
1628838684388231610,449935.4639915754,8231752.928454329
1628838684460237117,449932.40275688085,8231653.597238069
1628838684604211107,449915.78303778666,8231072.463546513
1628838684658429246,449916.9461140653,8231123.310131417
1628838684790182282,449924.36944557226,8231411.133980317
1628838684862222527,449921.67439842917,8231323.92693183
1628838684988378370,449923.60058559873,8231413.07115257
1628838685054154064,449921.32416763547,8231339.6898497855
1628838685192269217,449963.29052740155,8232880.220732045
1628838685258521428,449989.657735729,8233845.338158431
1628838685390279426,450021.07084101264,8235002.762535973
1628838685462182658,450048.3982667766,8236002.767795616
1628838685582376914,450043.6964235929,8235851.538245835
1628838685660320348,450049.389898767,8236070.224155589
1628838685798157119,450059.1882462576,8236445.478264394
1628838685930424744,450090.6001078881,8237605.246785514
1628838685990382251,450112.42216855555,8238404.657617186
1628838686128670702,450154.71899699105,8239958.386794058
1628838686194412493,450185.1992308333,8241071.137066619
1628838686326190149,450208.1783539777,8241924.377660979
1628838686386175309,450234.9017331327,8242901.200790806
1628838686530239995,450284.03031367675,8244701.905036513
1628838686596262821,450281.1423798606,8244609.593187265
1628838686728190799,450319.66750646447,8246025.059482313
1628838686788280381,450333.44323913404,8246533.472225611
1628838686938249396,450358.78654217586,8247475.849779413
1628838686992158258,450371.3149602528,8247937.4629717795
1628838687136258949,450429.2862175643,8250059.811987529
1628838687184302714,450448.3146792452,8250756.484435711
1628838687328141567,450541.60507287696,8254154.110689774
1628838687400190337,450573.6087468524,8255323.246094794
1628838687532139705,450631.48406641156,8257437.946224374
1628838687586316338,450678.3542045118,8259142.934644451
1628838687730161656,450727.16524759267,8260931.323321843
1628838687802033247,450747.4503264071,8261676.505215508
1628838687928388528,450795.11570384464,8263422.351680696
1628838687988393705,450815.7450566824,8264178.1698802635
1628838688138168108,450893.1075717215,8266998.28177858
1628838688198263687,450938.25096912566,8268641.380289996
1628838688330387573,451002.95398366894,8271001.587043831
1628838688396173977,451050.14460897265,8272716.590498533
1628838688534259566,451142.57324134506,8276078.959470999
1628838688600265942,451091.93471042754,8274261.647237587
1628838688732363123,451133.3067006425,8275777.764443984
1628838688786626055,451148.7086145713,8276344.0500235
1628838688930308389,451130.34609105473,8275704.186642767
1628838689002357784,451167.86267850397,8277070.750812887
1628838689134147530,451151.9125727135,8276516.827688377
1628838689194144615,451187.9751458925,8277829.146067963
1628838689332383127,451127.31661126344,8275661.905507634
1628838689404132974,451138.72554692207,8276085.45268498
1628838689536262159,451179.58922133734,8277582.42604402
1628838689662361906,451236.9323309982,8279675.03719468
1628838689734376422,451271.19378928054,8280923.541558094
1628838689854360134,451250.3225248043,8280189.434976674
1628838689932313958,451264.99018040876,8280731.89911704
1628838690064244468,451303.82010199066,8282155.061169828
1628838690142139382,451320.5932237467,8282771.766687839
1628838690262379921,451360.0500904294,8284216.841401935
1628838690334310373,451389.80669636535,8285302.826094303
1628838690466279666,451441.24911534623,8287180.167054936
1628838690538136162,451468.4469762369,8288172.765685972
1628838690658132588,451496.8391791943,8289216.426031891
1628838690730221526,451513.58785146393,8289831.645361765
1628838690868237908,451505.5429821796,8289562.772858446
1628838690934277368,451516.20292112883,8289958.030733292
1628838691066175159,451496.0557448662,8289249.233083392
1628838691132179266,451513.90485510125,8289903.806953763
1628838691270243163,451549.9806197796,8291226.3574363645
1628838691336446648,451450.400042482,8287642.952635484
1628838691468238752,451471.4215499747,8288420.4892054815
1628838691540125397,451486.43321767036,8288972.314524484
1628838691666393811,451388.55290773517,8285458.484289341
1628838691744259752,451393.32914613845,8285640.799754863
1628838691864235234,451258.5015834679,8280791.049467617
1628838691936210282,451249.0093311606,8280458.13893206
1628838692074128885,451190.5435099057,8278366.834914505
1628838692134131298,451181.43096317444,8278046.049215872
1628838692266126839,451172.8290409354,8277753.138031244
1628838692332355214,451113.3220301116,8275613.967098509
1628838692464234658,451095.64597194997,8274993.032223478
1628838692536345921,451086.68915761827,8274678.8426238885
1628838692662378065,451027.868259239,8272571.80405197
1628838692734371711,451017.65196095034,8272211.8787956545
1628838692866124689,450971.53273748036,8270562.841794363
1628838692944251481,450963.0209055094,8270265.459158326
1628838693064256887,450923.75230344187,8268862.333921898
1628838693136336157,450919.8457079568,8268729.8126352625
1628838693268277575,450911.18190653244,8268432.6475201845
1628838693334290873,450885.7590921231,8267523.0413535675
1628838693466232363,450875.49180000304,8267167.589576129
1628838693538172961,450869.3387488713,8266953.532074354
1628838693664427936,450841.76521481597,8265972.514890366
1628838693736334223,450841.96511704475,8265987.722731424
1628838693868238878,450801.7478026261,8264549.530261629
1628838693940120007,450792.07941378606,8264208.09501509
1628838694066380757,450746.8135325625,8262587.190525112
1628838694138348333,450739.0995586425,8262316.139105509
1628838694258328345,450735.8598614722,8262211.977237839
1628838694402250977,450699.54912226263,8260915.032445737
1628838694468366549,450702.39903651417,8261025.305540845
1628838694546269620,450709.2463977813,8261279.935979932
1628838694672229332,450663.91537532525,8259655.306711056
1628838694798265341,450649.45108139294,8259145.858273799
1628838694870222057,450580.35972957197,8256656.393230277
1628838695002200696,450536.54148347315,8255085.919124195
1628838695068385042,450502.9004487805,8253877.155104972
1628838695200124786,450504.7010353303,8253953.760795336
1628838695272246378,450508.5503962143,8254100.450683241
1628838695404120287,450451.84195388923,8252063.243151494
1628838695470130842,450446.26155285916,8251867.172059606
1628838695602325271,450370.9007810765,8249156.194985305
1628838695674249869,450374.1851814989,8249281.2887957655
1628838695806135729,450282.4806360281,8245978.145618474
1628838695866117223,450280.15719266696,8245899.5324752815
1628838696004265646,450255.82073548145,8245032.263022434
1628838696070239865,450169.9315139388,8241932.3355507795
1628838696202278134,450117.25070619944,8240039.924125428
1628838696274312252,450090.6910904973,8239085.679220065
1628838696394403418,449989.7480661037,8235445.5722352825
1628838696478246541,449963.65273861826,8234508.636288889
1628838696610231957,449869.8790457945,8231127.890473774
1628838696676238829,449864.76745384216,8230948.851853826
1628838696796243716,449855.9309034697,8230639.253427874
1628838696868113559,449735.04648042686,8226271.921868098
1628838697006344569,449692.87514601427,8224757.891690823
1628838697066342824,449596.5514270158,8221277.398570269
1628838697198229585,449578.2542521134,8220625.972506518
1628838697276436779,449567.47175602533,8220242.278354345
1628838697408364465,449397.2344861247,8214091.266879915
1628838697468366201,449370.3024672381,8213121.17760601
1628838697600237446,449171.34104633814,8205927.881961345
1628838697666272358,449157.9705757176,8205449.130963406
1628838697804232584,449150.7783415618,8205198.55356763
1628838697870366850,448951.2474707466,8197977.662398818
1628838698002219475,448871.3617413918,8195093.673078221
1628838698074247282,448756.06696786487,8190921.385189985
1628838698212123227,448691.7241887776,8188600.08886805
1628838698272102784,448672.5777647387,8187910.545734028
1628838698404392362,448525.7597696834,8182599.022829105
1628838698470339447,448490.50158014987,8181325.917244814
1628838698614150517,448362.24173313065,8176685.881435352
1628838698740334456,448279.73729066306,8173703.261935889
1628838698800340788,448244.9430243517,8172445.566036815
1628838698872357095,448188.55195949867,8170405.24138655
1628838699004092932,448122.03363826283,8168001.2772642495
1628838699142232429,448031.607432761,8164730.026278448
1628838699202342933,448002.0770528304,8163662.566566698
1628838699346301586,447895.9196077196,8159819.735148987
1628838699406232639,447869.7104686299,8158872.392583024
1628838699544089183,447808.77540761454,8156668.979127523
1628838699604228661,447780.9349039592,8155662.772695605
1628838699742339279,447735.6291811031,8154026.659738755
1628838699814354481,447678.358279601,8151951.978937287
1628838699946230104,447624.71507052286,8150012.013212817
1628838700006234095,447597.3819166729,8149023.053883312
1628838700144362202,447542.71879812353,8147045.935820871
1628838700204332719,447526.2708981255,8146451.972204089
1628838700348156498,447433.79544835794,8143101.543389827
1628838700408230346,447409.1621655008,8142210.194158371
1628838700546311171,447328.776987162,8139298.119495091
1628838700606313248,447294.75880748004,8138065.662506835
1628838700750235316,447294.6935214539,8138070.719848031
1628838700804154301,447292.36216553603,8137988.61815298
1628838700954160477,447176.1683557612,8133775.395240818
1628838701008354242,447154.1534752428,8132978.7452768665
1628838701146344204,447075.3571578634,8130123.098066328
1628838701206374127,447071.12404085574,8129972.3475632
1628838701350230619,446966.37962554913,8126173.308221411
1628838701410204146,446936.32352428144,8125084.185200418
1628838701548111886,446872.4109709673,8122768.018895112
1628838701608327949,446763.3669685688,8118807.532368635
1628838701752218746,446722.1352693762,8117315.57773278
1628838701812228604,446606.844194801,8113126.283337616
1628838701944097415,446571.3766704921,8111843.112822726
1628838702004186827,446563.593611963,8111563.083241633
1628838702148513134,446403.8783535658,8105761.10603229
1628838702214254469,446370.88145494397,8104563.777396027
1628838702352199178,446071.8318790429,8093688.71365224
1628838702400258819,446052.5712102942,8092990.221655754
1628838702544086352,446001.5009800005,8091138.137778362
1628838702616200579,445793.97529426654,8083586.150526574
1628838702742268249,445722.83453040133,8081001.854882117
1628838702802267068,445691.33661015553,8079857.710557395
1628838702946096510,445391.78076071705,8068950.802800851
1628838703018206191,445344.5222902854,8067232.057254773
1628838703144313090,445209.7991102879,8062328.921474919
1628838703276347341,445104.4402722804,8058494.531880726
1628838703354329238,445018.31148551655,8055358.3853884945
1628838703474355073,444916.9071528803,8051666.492514374
1628838703552137288,444851.46008868195,8049282.987392934
1628838703678227524,444730.5851789668,8044879.7262037005
1628838703756212871,444666.97524465836,8042562.845798335
1628838703876200763,444551.9994915069,8038373.398979973
1628838703948330318,444496.4330943082,8036348.867758313
1628838704080088499,444384.22564941354,8032259.644415017
1628838704152104669,444334.84673382714,8030460.41014599
1628838704278202786,444238.0025629962,8026930.779317385
1628838704350161980,444151.09755915136,8023760.618966582
1628838704482115557,444070.42299856106,8020820.406424079
1628838704555302997,444024.13336855214,8019132.92771744
1628838704669542411,443897.4072801602,8014509.319403444
1628838704753429487,443840.4865642615,8012433.386737738
1628838704879295509,443710.7080767073,8007696.285852868
1628838704951303440,443661.3131216822,8005894.164395444
1628838705077340690,443571.2819599745,8002608.417105837
1628838705149553043,443519.6719983794,8000725.219572177
1628838705287205328,443440.01543574955,7997818.50785877
1628838705353346526,443409.6411642669,7996710.452011003
1628838705479619852,443335.78846958815,7994015.232207271
1628838705551573239,443299.2534711351,7992681.953936345
1628838705683421308,443246.3950432037,7990753.153659534
1628838705749376129,443209.628882532,7989411.185889733
1628838705881325469,443197.25922121794,7988962.83807108
1628838705947346846,443170.1888213388,7987974.926533059
1628838706085389280,443201.07118488156,7989109.830476843
1628838706151326443,443224.2286171636,7989959.585962734
1628838706271498639,443242.5052000055,7990632.74116189
1628838706343342022,443204.0456158701,7989228.325703853
1628838706475289282,443096.35884235916,7985293.960486928
1628838706553491505,443059.3729080855,7983943.571658154
1628838706673471232,442915.8184941353,7978695.153510305
1628838706745294774,442848.38171015907,7976229.662431586
1628838706883606346,442914.460370404,7978653.554883047
1628838706955533966,442906.82424984744,7978376.865971305
1628838707075477107,442927.89645801805,7979152.337817194
1628838707153432683,442901.85286948114,7978202.397819205
1628838707345291368,442850.5134533032,7976330.54069568
1628838707489390872,442838.474578156,7975895.677432016
1628838707609421942,442824.76325435785,7975398.020851727
1628838707681278207,442810.6300134749,7974883.455742025
1628838707747359442,442790.345196314,7974143.668181002
1628838707885388923,442850.81438214524,7976361.952088997
1628838708011295212,442802.22760201304,7974588.6712367935
1628838708077296150,442826.8760699519,7975493.365878447
1628838708209256122,442802.2401284883,7974596.838384846
1628838708281395936,442808.7359751693,7974837.508805931
1628838708407463066,442781.42687326414,7973842.752397844
1628838708479471867,442757.30411652435,7972962.334336622
1628838708617279103,442771.39955455705,7973483.3644065345
1628838708677298585,442765.9974836386,7973288.1043224
1628838708809488635,442706.85157559003,7971128.000199772
1628838708887127358,442674.87947462447,7969960.155233612
1628838709019314875,442612.01306395547,7967663.680493423
1628838709079512396,442631.77901819494,7968389.856642988
1628838709211241427,442621.8962256921,7968033.259889462
1628838709289362210,442614.2809726923,7967757.238146791
1628838709415352596,442593.6502633881,7967007.647888731
1628838709481266777,442571.866964188,7966212.43715489
1628838709613247665,442536.8103633663,7964933.610029865
1628838709685275211,442514.13612801116,7964106.021506791
1628838709811537055,442522.5002227336,7964417.538167206
1628838709883479263,442503.49265666766,7963724.1465580985
1628838710021252910,442460.9555703938,7962171.26695735
1628838710087153553,442475.6190667036,7962710.340506971
1628838710225480577,442434.0265676567,7961192.1013800725
1628838710291254515,442416.4986660464,7960552.251553899
1628838710417318610,442417.0413869825,7960576.845302423
1628838710483300300,442393.49066159775,7959716.6942639975
1628838710627277956,442386.53686399607,7959467.153944805
1628838710675221292,442371.5314077259,7958919.2056352375
1628838710819334142,442378.01525315945,7959161.841666705
1628838710885318990,442358.08927189605,7958434.265928576
1628838711017251296,442307.83205209946,7956597.343308183
1628838711077280360,442335.1299912097,7957599.586831786
1628838711215223987,442302.72815822385,7956416.7633259585
1628838711281122587,442292.7113252661,7956052.033336709
1628838711419352373,442316.93522943533,7956944.460120107
1628838711485211329,442293.3597178147,7956082.530130913
1628838711611223695,442335.6653586711,7957636.312038791
1628838711695099865,442307.4553081833,7956605.254906236
1628838711821315800,442290.07152294635,7955971.629073198
1628838711887270180,442275.1358762831,7955426.367565962
1628838712019240884,442245.72311263165,7954352.194119182
1628838712092098579,442181.06340996776,7951983.624996899
1628838712224193473,442128.08565814816,7950045.401048326
1628838712356357225,442074.11445803306,7948070.867174538
1628838712422203219,442043.2164490499,7946940.07592808
1628838712560206551,441993.2848755934,7945112.767413223
1628838712614074492,441965.6027195173,7944099.132843835
1628838712752277842,441898.301469603,7941635.045269932
1628838712812386558,441871.095919146,7940638.214229259
1628838712962330646,441808.76929790044,7938356.098311851
1628838713022328511,441779.6248385896,7937288.531818306
1628838713154280254,441735.4053911709,7935669.493286681
1628838713214232290,441702.86595872196,7934477.226361382
1628838713358193329,441659.55350998923,7932891.474411567
1628838713424189489,441623.41941488616,7931567.356996922
1628838713556316226,441577.8229709037,7929897.419556251
1628838713616326563,441542.7765528877,7928612.728443534
1628838713754243593,441454.6058253905,7925379.966139819
1628838713826200109,441445.7232399658,7925055.465824917
1628838713958062008,441405.53167455323,7923582.917743724
1628838714018084946,441398.136661842,7923312.620771979
1628838714156305935,441285.9847259254,7919198.803583287
1628838714216340359,441243.37814458384,7917635.720165009
1628838714360130031,441195.93221720355,7915896.740552559
1628838714420103577,441152.70740229654,7914310.80040986
1628838714558294651,441105.753737195,7912588.625583071
1628838714618291839,441076.6440365808,7911520.710923483
1628838714756221579,440996.9373133934,7908595.746516526
1628838714816221375,441047.304261548,7910446.339151381
1628838714960308939,440939.60297454323,7906492.942308394
1628838715026389026,440884.048890063,7904453.380911801
1628838715158219520,440896.84670621005,7904925.545069731
1628838715218226070,440858.61589741847,7903522.030763351
1628838715362147740,440866.80215870036,7903825.421280133
1628838715428315674,440824.4471001724,7902270.466899094
1628838715560290476,440860.5935583439,7903600.720067531
1628838715620238873,440826.87247037096,7902362.817549366
1628838715764044836,440747.89882525103,7899463.263146567
1628838715824174146,440894.0255426959,7904833.12516697
1628838715962283847,440800.1508692959,7901386.227064111
1628838716022312342,440747.8374614936,7899464.781147911
1628838716160224785,440901.0556462884,7905096.005390081
1628838716220230659,440902.13038377685,7905136.411858412
1628838716358063189,440976.6781005715,7907876.460233506
1628838716412313833,440958.01781248435,7907191.847163029
1628838716562234618,441070.9307281306,7911340.5539983045
1628838716688161032,440999.51619133767,7908719.191899723
1628838716754352041,440968.73826830415,7907589.688442216
1628838716892290935,441151.569097604,7914305.590682606
1628838716970048313,441146.2689224314,7914111.961090118
1628838717084199366,441269.3534761021,7918631.685846781
1628838717156209703,441234.61446561944,7917357.161889031
1628838717294099279,441164.37738724105,7914779.993475146
1628838717366312791,441354.57954694226,7921763.098209154
1628838717486261371,441305.33441017405,7919957.148483773
1628838717564284998,441477.27853106346,7926268.180391459
1628838717690047717,441429.98992651305,7924534.23726429
1628838717768331644,441423.5569490189,7924299.05632436
1628838717894170164,441686.8063949916,7933958.316698819
1628838717960180255,441693.1522546639,7934191.8792980015
1628838718098160447,441863.0120834519,7940422.1760555
1628838718164085981,441854.7685997485,7940120.532723011
1628838718290037509,441855.42746017844,7940146.000755307
1628838718362089525,442082.80905360286,7948482.346436849
1628838718488252520,442131.1552876226,7950255.53888452
1628838718560176477,442268.4621504749,7955287.598463882
1628838718692052090,442298.4497357948,7956387.456356744
1628838718764162536,442310.8065790246,7956840.8195233205
1628838718890370378,442532.2456738293,7964952.46386569
1628838718968199857,442566.8880386981,7966221.778102804
1628838719088534891,442720.170787458,7971835.678608572
1628838719160275854,442742.77725288743,7972663.806830196
1628838719298070103,442776.4972545742,7973899.181526471
1628838719364060461,442931.0495779871,7979556.610748914
1628838719490207688,442974.16962570464,7981135.544372277
1628838719562168491,443087.767189696,7985292.599064551
1628838719700285840,443129.3194357152,7986813.745448163
1628838719766173564,443143.2839742855,7987325.021710079
1628838719886179282,443300.35923692095,7993071.44248095
1628838719964174039,443323.56368552684,7993920.614390079
1628838720096074408,443488.64113973087,7999957.853635438
1628838720162210218,443505.607487368,8000578.639126905
1628838720288041909,443530.5646709945,8001491.886489805
1628838720366090381,443687.87980754825,8007242.363840842
1628838720498141664,443723.47604330117,8008544.158079612
1628838720564300002,443882.85432930896,8014367.433239183
1628838720696286784,443922.14876398986,8015803.783445223
1628838720774069711,443944.8917302027,8016634.946744862
1628838720894214670,444110.59057430644,8022686.683851058
1628838720966147872,444145.36694327113,8023956.964252512
1628838721098043723,444291.3276726321,8029286.221798097
1628838721230037189,444328.57703028334,8030646.794361273
1628838721302181597,444346.3509398254,8031295.936101772
1628838721368049761,444486.0449443769,8036394.54179327
1628838721488176131,444537.470757657,8038271.710831299
1628838721626278795,444740.74972163024,8045687.749170644
1628838721692085163,444766.72972475656,8046635.698889556
1628838721830175107,445067.2105050022,8057591.39325273
1628838721890143293,445094.5739692669,8058589.08181368
1628838722022318851,445160.86505856377,8061005.80102388
1628838722100298097,445374.52214663615,8068790.360381095
1628838722232025370,445445.9554473114,8071393.192327908
1628838722292318854,445474.5932035947,8072436.594512194
1628838722430140453,445685.64498114394,8080122.24500026
1628838722508070009,445739.81921361934,8082094.874832269
1628838722634163340,445921.5848792641,8088712.271599316
1628838722694043598,445967.9978247358,8090401.67131208
1628838722820209883,446138.74469607294,8096614.217312163
1628838722904031012,446181.6041403285,8098173.630170056
1628838723036112161,446247.55114996404,8100572.760328585
1628838723090260663,446389.0090180162,8105717.546193113
1628838723222182628,446468.1509823268,8108595.528774132
1628838723294126723,446513.39517157053,8110240.59458024
1628838723432284013,446729.10867798876,8118081.619818249
1628838723492282144,446775.30346177344,8119760.451112737
1628838723624293557,446969.1338851176,8126802.64132837
1628838723702330557,447012.14882124134,8128365.069737841
1628838723834288163,447262.89249744505,8137471.103490457
1628838723894286094,447305.8960815976,8139032.428608336
1628838724026282211,447407.52210629906,8142721.835752202
1628838724104197858,447554.7382047099,8148065.582431807
1628838724236136179,447638.6226880509,8151109.506535145
1628838724302044747,447673.57414130936,8152377.579917144
1628838724428028570,447857.7090036816,8159058.072301615
1628838724506240146,447924.5864263311,8161483.748153931
1628838724638152332,448089.07258843567,8167448.836042183
1628838724698140537,448140.4103633717,8169310.2309052665
1628838724830028855,448251.1469093489,8173325.20573975
1628838724896270701,448295.9879942287,8174950.547652098
1628838725034039832,448369.98163361836,8177632.317151241
1628838725094180026,448452.12402162096,8180609.355082011
1628838725232028167,448523.01724337705,8183178.146918245
1628838725298240453,448563.442502234,8184642.804470615
1628838725436256059,448683.3195938608,8188985.896043245
1628838725496494390,448723.1392310291,8190428.218759159
1628838725628175670,448817.76859633275,8193856.07869498
1628838725700140095,448857.8569375552,8195307.8327436885
1628838725832305072,448961.64146416145,8199065.963558506
1628838725970199093,449027.8849775517,8201464.221941308
1628838726024116931,449051.36073201185,8202314.06235441
1628838726174117264,449220.28209088795,8208428.313976917
1628838726240277917,449254.2357926745,8209657.051977876
1628838726372271037,449383.11333358585,8214320.86439235
1628838726432277319,449413.12633013783,8215406.718927626
1628838726576120868,449537.4043467232,8219902.960612569
1628838726636061311,449567.7761676413,8221001.539654384
1628838726774271636,449636.4750241028,8223486.228592414
1628838726834227151,449714.2990651138,8226301.137941792
1628838726972202332,449779.4064199773,8228655.3572446
1628838727038127400,449807.8471120498,8229683.663287673
1628838727176303397,449903.8664601026,8233155.899172983
1628838727230097824,449926.24355935823,8233964.821705511
1628838727374166538,450001.85819083033,8236698.80378589
1628838727434185523,450025.67546281865,8237559.675448499
1628838727566149753,450075.28251398564,8239353.423640779
1628838727626151492,450095.4715890948,8240083.065040491
1628838727764210335,450141.3179155324,8241739.870316625
1628838727836184254,450149.4133694479,8242033.304498102
1628838727968148509,450183.18711125944,8243253.782984978
1628838728028126848,450199.10420081706,8243828.9560608575
1628838728178225473,450196.793830914,8243746.455890879
1628838728238277883,450206.2498614222,8244088.160957457
1628838728370144459,450228.04523694806,8244876.426894187
1628838728424305686,450234.545789442,8245111.326160323
1628838728568229643,450214.287283295,8244380.1071013305
1628838728628269217,450217.1588652581,8244483.891846063
1628838728766190486,450226.0393983627,8244804.805263225
1628838728838174476,450229.08803149237,8244915.671861799
1628838728970226036,450229.67660094646,8244936.958972015
1628838729042051710,450230.05840882054,8244950.764264402
1628838729168189757,450230.2280103226,8244957.566879115
1628838729228192375,450229.23326535703,8244921.65022402
1628838729372153438,450244.2207841147,8245463.914240407
1628838729444066586,450238.93734967324,8245273.034982053
1628838729570227268,450251.6666695223,8245733.800291016
1628838729702263942,450243.7811865813,8245448.956309217
1628838729768178542,450237.21071457246,8245211.607418954
1628838729972243326,450215.2044162408,8244416.812562676
1628838730110142159,450246.56504850666,8245550.965651995
1628838730182177136,450233.31032127247,8245072.101487488
1628838730302168891,450289.43921067787,8247101.125300185
1628838730380053783,450283.43390764005,8246884.27887836
1628838730506253959,450275.25602329324,8246589.062942943
1628838730572175100,450338.7360834945,8248882.972410262
1628838730704246842,450328.900696789,8248527.871450063
1628838730776142564,450320.93327040575,8248240.1468455
1628838730902225085,450351.1248186491,8249331.336263495
1628838730980139322,450341.1608260115,8248971.500382643
1628838731106221265,450362.57414347684,8249745.225579181
1628838731172175937,450355.62974580785,8249494.512724647
1628838731304682850,450360.1200633566,8249657.360304544
1628838731376339393,450355.39992259734,8249487.039833836
1628838731508225574,450345.59485993866,8249133.196880317
1628838731574455672,450355.7998225003,8249502.235080947
1628838731706186509,450343.49319746206,8249058.128258139
1628838731778137138,450336.1754545134,8248794.082309421
1628838731910252606,450318.14209271123,8248143.082072054
1628838731976166927,450312.9567878996,8247956.12309427
1628838732114026716,450268.4908074358,8246350.3637527935
1628838732180112847,450265.7109003621,8246250.330070654
1628838732306281752,450259.2966117648,8246019.868842886
1628838732378167003,450251.2752809805,8245730.581267145
1628838732510167890,450239.1737426956,8245294.413340049
1628838732582130709,450259.6228529954,8246034.507265139
1628838732702130875,450253.20978157857,8245803.896358591
1628838732768347769,450252.24431370484,8245769.6686395155
1628838732912235294,450265.65804824315,8246256.468595704
1628838732984099692,450261.938592227,8246122.775275809
1628838733110168220,450322.32765539584,8248306.663053019
1628838733182216518,450318.8923770362,8248183.266609261
1628838733308009256,450315.6713428296,8248068.076946056
1628838733374217209,450393.2877717291,8250872.953257409
1628838733512178214,450397.3119380095,8251019.568103699
1628838733578011055,450431.30829121656,8252248.308393012
1628838733710241034,450428.484515872,8252147.45551748
1628838733770346846,450427.8456734315,8252124.822511301
1628838733908111687,450448.5406103198,8252874.239014266
1628838734040094794,450443.99084561114,8252710.714093739
1628838734112225212,450472.59083338967,8253745.298839558
1628838734178118113,450470.25831898244,8253661.392426078
1628838734304239919,450507.75971361983,8255017.556978917
1628838734436249181,450504.680968738,8254906.9872060465
1628838734508129881,450502.3101660454,8254821.653111015
1628838734640075811,450503.3519132613,8254860.273895074
1628838734706247324,450502.28235510294,8254821.931630817
1628838734838229176,450519.32174672454,8255437.817476946
1628838734904149594,450518.14365573495,8255395.53149088
1628838735042027324,450517.6552209375,8255378.353627502
1628838735108125281,450586.1852959966,8257853.263197253
1628838735240252576,450587.47317576973,8257900.147402315
1628838735318249143,450604.037847847,8258498.811548511
1628838735450123648,450607.32325929037,8258617.80572507
1628838735510122376,450609.5346749959,8258697.823983896
1628838735642038984,450599.8391352318,8258348.669747311
1628838735708205769,450601.745151626,8258417.693698232
1628838735852127268,450563.0241329151,8257019.875128477
1628838735900150639,450564.543820687,8257074.872505574
1628838736044046168,450576.4539387274,8257505.3134920085
1628838736110266150,450559.9810056412,8256910.593155832
1628838736248096305,450563.3524330513,8257032.669992022
1628838736308150068,450545.6756604688,8256394.536938302
1628838736440210752,450553.8549896784,8256690.251574302
1628838736518095578,450560.58242904645,8256933.372811226
1628838736644227531,450552.49580087734,8256641.721182302
1628838736710160179,450559.40663398313,8256891.465915753
1628838736842197018,450451.09333335503,8252979.382113938
1628838736914099356,450452.69963204995,8253037.550246131
1628838737045997641,450459.50465531717,8253283.614110257
1628838737112115311,450362.1663066914,8249768.788952755
1628838737244164439,450364.0965553648,8249838.912781941
1628838737316168918,450253.1419671296,8245831.440163639
1628838737454220478,450256.0589556277,8245937.365921147
1628838737514239394,450259.1617559992,8246049.719648449
1628838737640055344,450100.3643497511,8240312.288322082
1628838737712119309,450100.6718195479,8240323.732281375
1628838737844224687,449932.3418341298,8234240.861279518
1628838737904215712,449924.475093556,8233956.824337334
1628838738042036172,449908.00026354095,8233362.01783766
1628838738114152694,449803.4273129581,8229582.397331558
1628838738252093075,449776.37737006816,8228605.197670576
1628838738306329195,449714.1999195112,8226357.976592877
1628838738438246322,449682.51260893117,8225213.027846394
1628838738522090920,449661.8988429627,8224468.149269591
1628838738648141294,449563.4781986741,8220910.5857204655
1628838738780097654,449523.7575424064,8219474.947111222
1628838738840099933,449495.51930785866,8218454.54036805
1628838738918244178,449473.0377949783,8217642.005140704
1628838739050238125,449431.7897890943,8216150.980755765
1628838739182103037,449405.1649907358,8215189.40650113
1628838739242112782,449386.2277392075,8214504.822115125
1628838739385935532,449373.59301814105,8214049.507379877
1628838739446048884,449360.1944240635,8213565.272389238
1628838739578146902,449378.1446314218,8214216.9272267325
1628838739638224901,449375.8084049938,8214132.981144814
1628838739787973122,449358.41827471484,8213505.093420197
1628838739842234963,449334.0863300244,8212625.712134639
1628838739986027057,449312.6367408877,8211850.835006424
1628838740046273186,449302.7714281253,8211494.433159531
1628838740184110697,449207.92328699655,8208062.7650680225
1628838740256060315,449163.0178760275,8206438.046407079
1628838740387985493,449092.48194029933,8203885.541140002
1628838740442186277,449047.9043614266,8202272.314246288
1628838740592090498,449025.6919721916,8201469.265161044
1628838740652158323,448985.1915472842,8200003.478708216
1628838740778026447,448908.93253786076,8197243.185019145
1628838740844131815,448911.6423053146,8197342.297024407
1628838740982197005,448824.0892568691,8194172.895382127
1628838741047979620,448792.0277342889,8193012.240543889
1628838741186268100,448754.62479051313,8191659.016012048
1628838741246136198,448726.11914776085,8190627.021265415
1628838741390011484,448632.54882763565,8187238.609262238
1628838741444236205,448600.04402036325,8186061.502093519
1628838741588216666,448545.3233640649,8184080.007987142
1628838741648223995,448526.6418913557,8183403.592819696
1628838741786109840,448474.7098259501,8181522.821415919
1628838741858256974,448457.3939764452,8180896.368493314
1628838741990209096,448389.935935455,8178452.835253524
1628838742044058972,448362.4435352224,8177456.885556155
1628838742188137925,448317.9985573295,8175847.288550622
1628838742260106499,448287.5422850589,8174743.9091922175
1628838742380193409,448250.75458890747,8173412.161277024
1628838742440229611,448223.6460443728,8172429.968566624
1628838742596091053,448152.644145377,8169857.829652852
1628838742650222371,448130.8379675085,8169067.742433648
1628838742782081406,448095.793676444,8167798.203958421
1628838742848186277,448024.143575018,8165201.639265135
1628838742997986588,447972.1079937556,8163315.829828174
1628838743052148131,447948.23528208473,8162450.581069463
1628838743184086151,447901.81896504835,8160769.041940806
1628838743328061623,447835.6433856787,8158370.30267168
1628838743387980449,447814.9692566657,8157620.90950343
1628838743519971223,447773.54320073046,8156119.306197777
1628838743580149735,447731.9810719738,8154612.280370706
1628838743724200864,447688.0308786196,8153018.951125798
1628838743789976440,447668.21232102864,8152300.390203155
1628838743916222387,447605.48417799745,8150025.514688785
1628838743982123613,447583.4555792629,8149226.69902617
1628838744120231672,447518.94920949533,8146887.060402838
1628838744192181936,447499.1670195173,8146169.726115701
1628838744312183573,447462.0139346393,8144822.653390164
1628838744390097872,447441.2757724615,8144070.489836604
1628838744516140593,447388.8029083266,8142166.838054672
1628838744588103580,447410.4015636489,8142952.037454731
1628838744714300772,447381.85924815363,8141916.951948465
1628838744791962349,447372.01266354066,8141560.034497742
1628838744918183854,447309.0155168344,8139274.570040922
1628838744990066389,447288.07800954866,8138514.978476867
1628838745116199051,447225.08350019157,8136228.894459688
1628838745188218207,447208.7351248183,8135635.784896237
1628838745320211021,447169.4123547168,8134209.265604399
1628838745392094663,447155.34420903516,8133698.898439148
1628838745518146744,447123.7102234075,8132551.034894868
1628838745590079908,447118.25308128755,8132353.820306889
1628838745722188870,447083.6071240307,8131096.495965806
1628838745788009278,447068.884962564,8130562.2142778095
1628838745920139215,447052.5069667597,8129968.709220602
1628838745992091653,447037.60685253073,8129427.993816891
1628838746124083048,447010.4739400896,8128443.622479011
1628838746190204985,446992.1730370807,8127779.327893393
1628838746328088214,446988.1000043724,8127632.524547852
1628838746388089313,446978.3297816419,8127277.990659585
1628838746520300703,446956.6922381336,8126492.8425240535
1628838746592216297,446976.2000850328,8127201.99066028
1628838746712217745,446961.768607457,8126678.438987937
1628838746789956783,446949.30657013203,8126226.142387018
1628838746922103975,446943.4334057058,8126013.627476382
1628838747000092034,446931.3457126309,8125574.917430475
1628838747114219955,446961.78618775145,8126681.804399328
1628838747192128651,446955.14430340193,8126440.999802825
1628838747318071431,446951.1078811494,8126295.539311014
1628838747396078837,446942.55619400745,8125985.380780907
1628838747522302496,446929.4048950149,8125508.43794741
1628838747648224904,446986.85132668645,8127596.279065907
1628838747726105391,446988.6482762884,8127662.030908802
1628838747798090319,446985.1051925108,8127533.745382167
1628838747924211078,447104.1101916667,8131857.292145479
1628838748049982412,447164.87797221134,8134064.775769412
1628838748116203317,447235.2435875742,8136620.937683892
1628838748260064801,447288.03798333317,8138538.620914465
1628838748320054345,447345.4840456178,8140624.7818667255
1628838748446188565,447366.6496886296,8141393.947437647
1628838748518233952,447371.0419004282,8141553.821614499
1628838748650162764,447384.2012092936,8142032.846065072
1628838748716102209,447387.8689260837,8142166.46466147
1628838748848097562,447396.9222592802,8142496.34357129
1628838748920170948,447382.9711503069,8141990.413226836
1628838749058044027,447328.0631279768,8139998.027023991
1628838749118093222,447415.4317873843,8143170.538843644
1628838749250098230,447464.98436973966,8144969.941562073
1628838749328019127,447456.61281095765,8144666.997381133
1628838749460186582,447492.70804823795,8145977.978293842
1628838749520220017,447494.44040795707,8146041.258352129
1628838749658190086,447470.0461300931,8145156.871707812
1628838749724065138,447481.05302091996,8145556.797189847
1628838749862140845,447453.4665037737,8144556.832645574
1628838749928090508,447478.0705282789,8145450.206676012
1628838750054190336,447409.4546526853,8142960.910783756
1628838750120140298,447406.3721576743,8142849.493858821
1628838750252453311,447396.35660184175,8142486.833406881
1628838750330039129,447355.79504872137,8141015.372227832
1628838750456203631,447368.39237345546,8141473.551107667
1628838750527840096,447378.16366278747,8141828.714465046
1628838750660092239,447278.4507638757,8138210.420806638
1628838750726059899,447272.4661635584,8137993.649534091
1628838750852566385,447164.4242643137,8134071.373753911
1628838750924132598,447153.2043302647,8133664.406839131
1628838751061975838,447080.3460188169,8131019.755245534
1628838751122071844,447068.8603189691,8130603.0049578445
1628838751254186542,447035.66279457055,8129398.219850136
1628838751331996719,446982.73894174636,8127476.96277336
1628838751464098630,446941.15563803725,8125967.392515903
1628838751518110981,446925.0122655318,8125381.293567586
1628838751661978523,446880.18691308366,8123754.408277078
1628838751728204542,446872.20087676524,8123464.802663024
1628838751860161401,446804.86190714256,8121019.380233433
1628838751920198401,446783.8054517628,8120254.681566979
1628838752058108005,446774.6232067045,8119922.45756292
1628838752130076413,446760.87838331715,8119423.555531721
1628838752262218554,446739.16544339433,8118635.527716965
1628838752400117123,446712.68848947115,8117674.761546302
1628838752460108072,446699.76831674355,8117205.65163637
1628838752598178136,446668.4935952696,8116070.725398283
1628838752663954885,446657.08308590006,8115656.505997345
1628838752795939242,446637.2266856998,8114935.866549735
1628838752856063231,446641.8412331973,8115104.312014943
1628838753000186933,446626.7139691216,8114555.6672495855
1628838753060197172,446621.70279790275,8114374.514350568
1628838753192255351,446611.4677114008,8114003.580331193
1628838753252195380,446607.5806641053,8113862.800183111
1628838753402496607,446597.86429329554,8113511.235661373
1628838753462095195,446601.24759903515,8113634.69479838
1628838753594202123,446571.4499039476,8112552.853294054
1628838753660016508,446565.85714889644,8112350.058167556
1628838753798064475,446550.8417427079,8111805.429335698
1628838753864150895,446522.18672045576,8110764.786385369
1628838754001969389,446517.9911880908,8110613.31889553
1628838754056216921,446485.65215855226,8109438.570260962
1628838754194115264,446483.60046380805,8109365.163484368
1628838754271942540,446500.93465591007,8109995.895728215
1628838754398053655,446492.8507675572,8109703.568896598
1628838754458067541,446511.52522094356,8110382.956155791
1628838754596173899,446430.0912824238,8107424.2255056305
1628838754668188551,446403.13520188077,8106444.763301128
1628838754794065379,446325.16333994153,8103610.629248622
1628838754860061730,446258.39241348515,8101183.258615892
1628838754998148463,446162.21055989666,8097686.413517751
1628838755058171570,446136.4381921625,8096749.524939184
1628838755196533853,446132.56135609874,8096609.7576398235
1628838755256107925,446120.56371722,8096173.876372561
1628838755400068166,446080.4835556824,8094717.625381153
1628838755465967487,446066.4866921187,8094209.029324932
1628838755598108610,445986.9528194228,8091317.150562714
1628838755657934172,445980.0238937676,8091065.531992203
1628838755802115870,445955.42632497987,8090172.02575091
1628838755868322333,445905.99761216436,8088374.565190447
1628838755993940162,445869.9711747922,8087064.790114097
1628838756066043154,445863.1166895922,8086816.2435120735
1628838756204049210,445827.3256383275,8085515.150865592
1628838756264079112,445812.87304823456,8084989.795678648
1628838756402198277,445753.8643522177,8082843.790541366
1628838756527938029,445729.8664007582,8081971.532952399
1628838756606084157,445713.2541944458,8081367.894944977
1628838756732096972,445694.7568253726,8080695.95619203
1628838756804343958,445682.43269407266,8080248.608989565
1628838756930027363,445663.4305459585,8079558.166439946
1628838757002109327,445651.9059667791,8079139.519700069
1628838757122103987,445620.51284784434,8077998.0881803995
1628838757199990015,445610.69958179025,8077641.601499103
1628838757332351637,445585.72407798,8076733.721675428
1628838757404338946,445573.49981743965,8076289.379805257
1628838757536163241,445552.22197683825,8075515.922780787
1628838757596094145,445531.1067113434,8074747.543675031
1628838757728056741,445503.29844547657,8073736.2441270705
1628838757800061566,445487.85770371987,8073174.656568926
1628838757926314710,445471.8563120546,8072593.369188902
1628838757998324191,445467.61021282524,8072439.433601346
1628838758130031394,445418.22053204564,8070642.504802334
1628838758208138001,445406.6557784955,8070222.1462495215
1628838758328318891,445343.095836249,8067908.220083454
1628838758400482023,445338.12640293763,8067727.92464875
1628838758532050042,445330.32219290663,8067444.952858516
1628838758598082800,445237.5589423899,8064066.912444204
1628838758730070178,445202.93223896716,8062806.707243674
1628838758802316333,445185.61730873276,8062176.598549463
1628838758940393359,445088.57398372446,8058642.286026262
1628838759000098265,445079.41241918807,8058309.081182637
1628838759132042901,444991.35395981296,8055101.8963456005
1628838759198323546,444965.48459928855,8054159.763358255
1628838759330314575,444849.8263756924,8049944.751061791
1628838759402090564,444806.8778026313,8048379.618475316
1628838759522413684,444805.99098089157,8048348.76651687
1628838759600301650,444739.52505251754,8045926.917054068
1628838759732279839,444705.4284288467,8044684.888984787
1628838759810066626,444656.2177075231,8042890.9250996085
1628838759930094960,444584.0970800737,8040262.807600189
1628838760002095904,444552.7313864372,8039119.724248349
1628838760129057852,444522.3008874162,8038011.09747248
1628838760207052853,444508.1921356931,8037497.301322659
1628838760338935916,444488.8133252972,8036792.407814998
1628838760405230407,444463.59886311746,8035873.418862778
1628838760542969601,444389.36228766624,8033166.596132997
1628838760609040220,444384.8928229672,8033004.530604377
1628838760729029639,444363.7148892385,8032233.201710894
1628838760867195430,444367.95295626286,8032390.165190783
1628838760939165008,444361.9196405324,8032170.91393071
1628838760999173268,444345.2094642816,8031561.917003945
1628838761125394878,444370.23058409407,8032477.475662145
1628838761269026020,444341.6637441468,8031436.967814462
1628838761340937276,444396.147046469,8033426.107949895
1628838761472937344,444398.25401313964,8033504.723128178
1628838761532978779,444395.8934350584,8033419.383669978
1628838761664947234,444427.2704941651,8034566.052784372
1628838761731169635,444418.383557814,8034242.718098286
1628838761869085507,444490.60904920625,8036879.439169881
1628838761934974000,444495.12395680445,8037044.9095370555
1628838762061031611,444522.2527760016,8038036.374269213
1628838762145041369,444518.22274845064,8037890.339279207
1628838762271207577,444514.8582516971,8037769.189054836
1628838762331090676,444531.0117846129,8038359.553899755
1628838762463023977,444529.20220020553,8038295.137717721
1628838762546966226,444527.0411200323,8038217.2952606445
1628838762673158161,444543.79619971884,8038830.578032788
1628838762733071448,444547.5036196548,8038966.538392754
1628838762865045237,444559.38292368944,8039401.722970917
1628838762936924020,444566.9406255383,8039678.24273047
1628838763063149424,444573.2586689053,8039910.41804793
1628838763140938660,444580.7846178529,8040185.768144816
1628838763267048646,444592.74523203046,8040623.558328203
1628838763333071717,444576.7994419282,8040043.296830365
1628838763477218154,444590.28296309884,8040536.784412662
1628838763542940771,444596.4841860045,8040763.695152168
1628838763668910619,444581.67496552825,8040225.572646028
1628838763735385922,444586.71387965087,8040410.211929444
1628838763878915109,444591.34700511536,8040581.293395598
1628838763938932281,444596.563559735,8040772.2866599895
1628838764070914522,444609.31306380354,8041239.188836977
1628838764143045116,444608.5386003485,8041211.806051893
1628838764274949844,444610.31228749844,8041278.059185332
1628838764340933916,444627.85166150687,8041918.912369059
1628838764467143834,444638.4777960529,8042307.997850103
1628838764532966119,444643.8142641798,8042503.351477669
1628838764671061076,444638.9294465716,8042327.248116265
1628838764742919505,444643.1321352856,8042481.3405172685
1628838764869179870,444650.6052602004,8042755.894503871
1628838764941194906,444650.82422419905,8042764.721652394
1628838765073042564,444676.71724202717,8043710.835548543
1628838765133043489,444678.3906886554,8043772.595177175
1628838765271511924,444686.8384793729,8044082.322368106
1628838765342923365,444716.29250201007,8045157.617946201
1628838765481086857,444727.17289099435,8045556.036240747
1628838765613035711,444753.4833877622,8046517.199967692
1628838765673061603,444757.12774472154,8046650.808339689
1628838765811150994,444780.6570725929,8047510.520775809
1628838765871239877,444785.5751890048,8047690.53510045
1628838766014910908,444873.13670452265,8050884.330101147
1628838766063184853,444876.02640714904,8050990.754964847
1628838766213123388,444992.49440570315,8055237.756119522
1628838766278921678,445006.0985945214,8055734.266716127
1628838766417005713,444967.23800302163,8054319.804503088
1628838766465156810,444948.0707428547,8053621.77255605
1628838766609005381,445012.37940879195,8055967.430727713
1628838766675038846,445030.29044750263,8056620.986364669
1628838766807148152,445071.1688867965,8058112.47433222
1628838766867144940,445065.8194427501,8057918.209267271
1628838767017025734,445021.53290391166,8056306.022875449
1628838767077034038,445120.6397560869,8059918.573959733
1628838767208906517,445085.23444683856,8058630.0057553975
1628838767275185208,445073.85170155525,8058216.0320651075
1628838767407028412,445164.92382899404,8061536.36609175
1628838767472928045,445163.3561415847,8061479.950480619
1628838767610919114,445230.8336037162,8063940.477226764
1628838767670924881,445229.0576113617,8063876.511001729
1628838767809135497,445307.84213864437,8066748.613626949
1628838767881028891,445309.6581535776,8066815.638654533
1628838768007077084,445318.7100964577,8067146.959898058
1628838768073190229,445375.18469755386,8069204.88491678
1628838768211154648,445400.98833628895,8070146.433312482
1628838768282963737,445413.97164045396,8070620.19214446
1628838768409058214,445466.5517748977,8072536.816195188
1628838768469052971,445481.2703015435,8073073.572708168
1628838768612912614,445554.2548670256,8075733.017279619
1628838768679154016,445570.11135840864,8076311.277048011
1628838768811043129,445650.13246380177,8079226.386253811
1628838768871145754,445664.9177591136,8079765.458804541
1628838769014901688,445691.40157827316,8080731.488608172
1628838769074908568,445754.08667636785,8083014.214564356
1628838769219179582,445786.6423287712,8084201.090198539
1628838769278899944,445805.59938628034,8084891.882624927
1628838769416887856,445886.00143099634,8087820.066797986
1628838769476924963,445896.39866393886,8088199.302799427
1628838769615173710,445959.14815332775,8090484.782082542
1628838769675104761,445961.50347533834,8090571.416332905
1628838769813057668,446045.2877112318,8093621.807937006
1628838769945005128,446080.43816346285,8094902.559443315
1628838770016929367,446099.49655202474,8095596.947355897
1628838770149027080,446173.1339101297,8098278.163274628
1628838770215043432,446192.0627679545,8098967.820656665
1628838770335041756,446226.1995951374,8100211.768117648
1628838770418894062,446250.3156525993,8101090.262129372
1628838770538916824,446290.1008544713,8102539.291940183
1628838770622911128,446276.5207681136,8102047.2972942395
1628838770737241825,446289.8667538121,8102534.987994499
1628838770820905139,446337.0757728639,8104253.001903243
1628838770940928971,446354.2754082566,8104880.84822491
1628838771019200833,446362.0280355547,8105164.402545356
1628838771144903441,446378.7676621919,8105775.792034471
1628838771211001060,446368.9909921876,8105421.8236041255
1628838771349006707,446393.19075569033,8106305.254866972
1628838771420873103,446409.9268988852,8106915.394494567
1628838771546868064,446454.4704728533,8108537.621463703
1628838771612992949,446425.86673092115,8107499.321422137
1628838771739063805,446433.00029269943,8107761.993264617
1628838771811002603,446483.2722686461,8109590.976797929
1628838771942921869,446473.32537025237,8109232.99418071
1628838772021130179,446441.1736392189,8108066.516667635
1628838772147005425,446414.95118965255,8107116.83404637
1628838772213014268,446330.9908719626,8104066.505428552
1628838772344927974,446347.13115281565,8104657.675938889
1628838772416856581,446365.9409155926,8105343.801550595
1628838772548912496,446417.6526853787,8107228.018645478
1628838772621061854,446417.47563109465,8107224.737499816
1628838772741044230,446438.5097273327,8107993.77869933
1628838772813119725,446471.55124882696,8109197.442200666
1628838772945116279,446483.37153544324,8109632.069309999
1628838773017178752,446488.4347854941,8109818.820926938
1628838773143054914,446507.4642738764,8110515.466755207
1628838773215013485,446506.55016017525,8110485.0928422045
1628838773341342632,446535.5468080779,8111544.6707112
1628838773413127682,446536.05350467406,8111566.062519324
1628838773550901525,446544.9280373201,8111894.235005928
1628838773617039878,446567.5581629212,8112720.015830222
1628838773748865247,446550.65110214247,8112111.434449899
1628838773815112158,446642.05333519925,8115436.48882146
1628838773947141914,446615.62794286245,8114482.269277345
1628838774019015458,446611.0817648568,8114320.340875257
1628838774150845281,446689.1017374455,8117161.989339791
1628838774217054609,446688.5168629439,8117144.098487712
1628838774349001564,446756.60782167723,8119624.5346291
1628838774427131904,446753.90005087305,8119530.0985842245
1628838774552916149,446745.7672353219,8119240.591161997
1628838774619118477,446823.45236752485,8122066.562038732
1628838774739114062,446803.9454775942,8121364.028949173
1628838774882881302,446899.8525587735,8124855.337346233
1628838774949120902,446912.897862672,8125332.801696588
1628838775081162599,446956.2458462872,8126914.0441151615
1628838775146862358,446956.6182772657,8126930.756912072
1628838775273007570,446949.5177235152,8126679.800683552
1628838775351242552,447026.90728459484,8129494.715148246
1628838775483150773,447038.0655903753,8129906.777768627
1628838775548928914,447044.2957661251,8130136.179594359
1628838775680878858,447100.54150911537,8132185.320660608
1628838775753005823,447095.4117034726,8132003.330192564
1628838775884944736,447156.41667391197,8134225.335583028
1628838775951195684,447155.75787771435,8134205.158220916
1628838776083120415,447243.24439695344,8137388.002079284
1628838776155004233,447243.3109513683,8137394.16002606
1628838776286863737,447239.63142847014,8137267.566827727
1628838776346890554,447315.32901885454,8140018.5601521265
1628838776473136303,447296.14218701463,8139329.218644054
1628838776545143170,447298.94099296705,8139434.603005979
1628838776683054215,447405.66288436035,8143315.383971902
1628838776743014481,447408.738889438,8143430.246890646
1628838776875123749,447489.88767935976,8146382.130008453
1628838776947122916,447489.17216747254,8146360.024902859
1628838777079012841,447564.2919124165,8149092.3359694285
1628838777145284788,447577.6737548489,8149581.588227795
1628838777276978089,447614.6944753887,8150931.503748916
1628838777360993219,447679.74340074835,8153295.349032508
1628838777487119047,447670.8110258417,8152978.355632678
1628838777552984815,447666.17266491626,8152813.324677212
1628838777684865802,447760.4625963126,8156239.964107609
1628838777757148971,447767.9184342521,8156514.558418829
1628838777894866360,447838.9578790638,8159097.564315468
1628838777949065678,447839.3898398357,8159116.397959784
1628838778081005622,447923.1588100793,8162160.559374238
1628838778147042983,447929.03159870027,8162377.1385140475
1628838778285005481,448052.55431122275,8166861.449562194
1628838778351131256,448161.7571538557,8170822.915002479
1628838778483004113,448229.02854393946,8173267.296314846
1628838778554992862,448209.9234691857,8172578.638740614
1628838778680993979,448174.49997044547,8171301.869419629
1628838778752888568,448086.62332008465,8168120.922597405
1628838778884869061,448211.89565956825,8172667.657714508
1628838778962993077,448251.4900410313,8174106.421816203
1628838779094961102,448324.9503278978,8176774.939653902
1628838779221096630,448293.85362960945,8175655.166006438
1628838779286866863,448274.31015005335,8174950.347572766
1628838779425052155,448344.9850969365,8177518.37525742
1628838779491034661,448353.61129619693,8177834.638454565
1628838779628958281,448405.2997655068,8179714.120418696
1628838779683126369,448412.64618304156,8179983.441148529
1628838779826993020,448509.63470241294,8183503.620548855
1628838779887004061,448496.05616826826,8183015.098461368
1628838780024999400,448467.0578012453,8181972.447641088
1628838780085002410,448538.51251619135,8184563.465545488
1628838780228996340,448534.8489591563,8184438.430281099
1628838780289007230,448534.7835909523,8184439.350103551
1628838780426972352,448599.1957451415,8186779.669029147
1628838780486960585,448589.98504562874,8186449.483068683
1628838780619151212,448650.24429303926,8188638.613406855
1628838780697112959,448641.2024724329,8188315.719879947
1628838780817111014,448743.54565577523,8192027.835067453
1628838780889020439,448742.27430513926,8191985.754202184
1628838781020896775,448733.6196082895,8191679.825877918
1628838781087086958,448823.3647077893,8194932.501389597
1628838781219111802,448876.7328525485,8196871.448623915
1628838781284919223,448941.0610124058,8199202.925895332
1628838781434965479,449093.0549963807,8204711.402169308
1628838781489115679,449091.39315649227,8204654.74292193
1628838781626839125,449128.28008823417,8205996.866494013
1628838781681142661,449103.64912610466,8205109.302990969
1628838781830989655,449203.4865663825,8208730.060288491
1628838781890975781,449199.58784352744,8208592.549110977
1628838782029106412,449186.8719057676,8208140.821110399
1628838782082964717,449313.41599246877,8212721.01786213
1628838782221033798,449228.0300253785,8209641.238318903
1628838782298864517,449127.03701694787,8205992.257464016
1628838782424840003,449124.2053460423,8205897.751607025
1628838782484892200,449115.5897755553,8205589.709940198
1628838782628987616,449282.16257300193,8211623.767693
1628838782694968696,449307.47373079305,8212543.425138841
1628838782826850866,449398.96596159675,8215860.190482441
1628838782953154463,449372.7601921373,8214920.870659027
1628838783025107472,449366.34984560125,8214693.510131083
1628838783156984192,449438.35166677757,8217305.437098573
1628838783223096217,449442.9720149746,8217476.886895202
1628838783354964436,449531.53294899507,8220687.100166516
1628838783426854356,449523.729929312,8220409.510801145
1628838783553404450,449595.16790244257,8223000.33029537
1628838783630987145,449586.2249742884,8222681.566271714
1628838783756973101,449568.65780911315,8222054.886550893
1628838783823376343,449663.2515014615,8225478.700451719
1628838783948892723,449646.3778955875,8224876.5246823365
1628838784027127412,449631.307246753,8224336.909552036
1628838784158981374,449708.2125197891,8227124.451176598
1628838784230833864,449696.07272176724,8226690.136822099
1628838784350844163,449848.85351643123,8232218.797061267
1628838784429085438,449873.98079375847,8233131.722400666
1628838784560976923,450003.0010892568,8237801.2101104045
1628838784638859481,450015.19586658746,8238246.057851727
1628838784758966557,450045.6140812182,8239352.8410783205
1628838784831083457,450098.1398422804,8241254.509667171
1628838784962997956,450125.1539541381,8242238.006910264
1628838785034981078,450138.7812615569,8242734.354443671
1628838785160972399,450167.1221057844,8243765.759953868
1628838785232963953,450174.6549606866,8244041.93829767
1628838785359098460,450211.18783010973,8245368.989172186
