1628858172246148824,353428.4722061953,4026605.7190034846
1628858172396015033,353429.1978139954,4026605.7133814073
1628858172456126237,353429.492045011,4026605.7084039752
1628858172593856800,353430.13627729495,4026605.6978108743
1628858172654029810,353430.41825290944,4026605.7007312924
1628858172798000225,353431.182173801,4026605.6925081112
1628858172858029356,353431.4704367572,4026605.6955053103
1628858172996107719,353432.2024025348,4026605.6797050405
1628858173056112561,353432.5182623517,4026605.6743618282
1628858173193965410,353433.1616701697,4026605.6727551455
1628858173260024300,353433.53417814773,4026605.6681626923
1628858173391918357,353434.22362936864,4026605.6681576013
1628858173451924689,353434.5584262246,4026605.6620668713
1628858173595922946,353435.36683389347,4026605.648208658
1628858173668062508,353435.8290724828,4026605.6464319513
1628858173794033206,353436.5592342654,4026605.630418422
1628858173848395110,353436.8977369236,4026605.6377539877
1628858173992157855,353437.76465178176,4026605.6172910132
1628858174070013269,353438.20572775736,4026605.6055573807
1628858174190087925,353439.0048091678,4026605.614013229
1628858174250218285,353439.39308991894,4026605.6056141513
1628858174393913503,353440.26974997297,4026605.591212223
1628858174472137228,353440.7992868867,4026605.5757850795
1628858174597933266,353441.6058940033,4026605.5510935504
1628858174652157792,353442.0178195917,4026605.556882164
1628858174796056921,353442.98131997825,4026605.527766833
1628858174862126827,353443.4789952532,4026605.524719726
1628858174994036030,353444.3883044815,4026605.4957887735
1628858175054037044,353444.8110557148,4026605.4813136565
1628858175198038119,353445.83190532925,4026605.4547076183
1628858175264267218,353446.334333248,4026605.4385796823
1628858175396058625,353447.2871334589,4026605.419106357
1628858175527910786,353448.23346227023,4026605.3832629574
1628858175599937127,353448.74633267155,4026605.3639067425
1628858175726170703,353449.7250124861,4026605.324769699
1628858175798048652,353450.24513313395,4026605.3010794776
1628858175936171967,353451.3260689295,4026605.271016345
1628858175996191406,353451.77761607093,4026605.2487302246
1628858176116202022,353452.7133401387,4026605.2137380783
1628858176200052326,353453.32173056284,4026605.1822683658
1628858176332048859,353454.3158764194,4026605.128404788
1628858176404048432,353454.8771233845,4026605.1042633834
1628858176518184246,353455.8013829507,4026605.0517651285
1628858176595947413,353456.34097349783,4026605.0191399315
1628858176728274427,353457.45455603045,4026604.9563595774
1628858176800076068,353457.9929009954,4026604.9240607284
1628858176920057081,353458.9503818119,4026604.8673998187
1628858176998177912,353459.5637097884,4026604.830170715
1628858177123959140,353460.5095806429,4026604.77626984
1628858177202055182,353461.12157507165,4026604.741382758
1628858177328077978,353462.0402265987,4026604.692886306
1628858177400182454,353462.67605601274,4026604.6599766053
1628858177532158894,353463.6681966664,4026604.610237413
1628858177598414203,353464.22469115886,4026604.5793409944
1628858177724212238,353465.1378411687,4026604.533928666
1628858177795957046,353465.6701271358,4026604.5078363414
1628858177934189755,353466.74473751435,4026604.459205191
1628858177994173909,353467.1984242531,4026604.437127834
1628858178126089314,353468.2138691257,4026604.3976762816
1628858178198059270,353468.7425915052,4026604.3737806636
1628858178335961229,353469.7987245076,4026604.3260117066
1628858178395957979,353470.27203317115,4026604.309401056
1628858178522352160,353471.2500136371,4026604.266799244
1628858178600096282,353471.77550238057,4026604.242958499
1628858178726096844,353472.7566519355,4026604.1982890842
1628858178804236721,353473.35317074065,4026604.1721485513
1628858178929943835,353474.2615118006,4026604.1382932262
1628858178996208983,353474.777253508,4026604.1173030706
1628858179128098281,353475.7490296521,4026604.0813375125
1628858179199964137,353476.2648256015,4026604.0617503487
1628858179331987067,353477.2291023552,4026604.0135825723
1628858179458227914,353478.2020234063,4026604.0020122044
1628858179536151603,353478.7833720589,4026603.986443622
1628858179590074852,353479.1415859193,4026603.9738550433
1628858179728111465,353480.1735875796,4026603.9138000174
1628858179860236007,353481.1073435729,4026603.872496518
1628858179932109049,353481.61380113265,4026603.8510534153
1628858180058150098,353482.55307711347,4026603.8113657245
1628858180130090552,353483.06181334355,4026603.789334853
1628858180261957486,353483.9776134739,4026603.740034454
1628858180333982089,353484.4684361386,4026603.7125081997
1628858180460237265,353485.4038568863,4026603.6758157252
1628858180532267123,353485.894754879,4026603.6527438858
1628858180664147200,353486.8059351964,4026603.6027284428
1628858180730161074,353487.29099957796,4026603.5721258675
1628858180862142883,353488.19432683865,4026603.510646588
1628858180934012014,353488.67194388964,4026603.4727236703
1628858181060246546,353489.5525636625,4026603.387519417
1628858181132186584,353490.0229887854,4026603.3429432274
1628858181276005221,353490.9563622532,4026603.2050277675
1628858181336015253,353491.3558260674,4026603.136138664
1628858181462232891,353492.21286096785,4026602.9861473804
1628858181546110742,353492.7316119514,4026602.8706241692
1628858181672368330,353493.5630564243,4026602.6671712305
1628858181732154901,353493.9443665517,4026602.5587329115
1628858181864248372,353494.7617283503,4026602.3092531683
1628858181942008532,353495.20594605524,4026602.162092171
1628858182080107400,353496.0912620193,4026601.843897008
1628858182134181211,353496.4573547469,4026601.698118131
1628858182260141061,353497.1944724257,4026601.378827862
1628858182338022590,353497.6810147939,4026601.157708512
1628858182470140269,353498.46916989516,4026600.8069154616
1628858182530137118,353498.8302108538,4026600.6276524807
1628858182668134140,353499.6495745863,4026600.175317787
1628858182740019539,353500.0630343581,4026599.9415792017
1628858182878246130,353500.886544296,4026599.4402849423
1628858182938247545,353501.2391482309,4026599.2312572408
1628858183058273922,353501.94002897793,4026598.7991147693
1628858183148268734,353502.4593341682,4026598.443834626
1628858183280245957,353503.22306750505,4026597.955270174
1628858183334020408,353503.5185164388,4026597.7642379133
1628858183466150837,353504.27519479825,4026597.2211659094
1628858183550126504,353504.80922666553,4026596.8705808097
1628858183682300210,353505.5773511381,4026596.315047226
1628858183736046653,353505.87497833197,4026596.1156773684
1628858183862264092,353506.66236141045,4026595.551334306
1628858183934032296,353507.0838664359,4026595.26460315
1628858184072131928,353507.931627413,4026594.686971186
1628858184132156439,353508.2960572435,4026594.412130487
1628858184264032049,353509.0864398262,4026593.866352829
1628858184348025781,353509.5744379498,4026593.527349673
1628858184474146171,353510.363846087,4026592.9419764597
1628858184606020481,353511.15712373506,4026592.349030511
1628858184672264257,353511.5884377201,4026592.045043758
1628858184744283197,353512.0210288675,4026591.740791293
1628858184876030161,353512.82051214675,4026591.1412708075
1628858185002184183,353513.6248206723,4026590.567242771
1628858185062233046,353513.9970646956,4026590.3015476395
1628858185206294420,353514.8605500632,4026589.6630421253
1628858185278168038,353515.2951131344,4026589.354483997
1628858185404204537,353516.08161908324,4026588.736384253
1628858185470062321,353516.4507408781,4026588.468300593
1628858185608058146,353517.3133995483,4026587.824194036
1628858185674282409,353517.74222205055,4026587.5135968453
1628858185818157473,353518.59743785183,4026586.896716099
1628858185866198063,353518.9134800206,4026586.6584608457
1628858185998176841,353519.7027325912,4026586.0890825256
1628858186082039349,353520.18630449136,4026585.7391073853
1628858186202064363,353520.9048911695,4026585.193568108
1628858186268261996,353521.3286723061,4026584.891601332
1628858186412046860,353522.1508164501,4026584.2479971265
1628858186478284125,353522.5677337948,4026583.9461464547
1628858186604057115,353523.2820036175,4026583.41960143
1628858186670286772,353523.6974038364,4026583.121865856
1628858186808222662,353524.5265346216,4026582.530512389
1628858186868223349,353524.87922960165,4026582.263622356
1628858187012057222,353525.7003978522,4026581.674173655
1628858187072315529,353526.0508270293,4026581.423069183
1628858187210121454,353526.8020355227,4026580.8721571267
1628858187282190136,353527.2605232215,4026580.545555881
1628858187402186386,353527.9423179511,4026580.03298812
1628858187474063143,353528.33655943046,4026579.752578395
1628858187606077048,353529.0545119043,4026579.2254223046
1628858187684176537,353529.4952999966,4026578.9113885695
1628858187810207011,353530.1478157819,4026578.4484496736
1628858187864203362,353530.46347333735,4026578.2108727675
1628858188014297536,353531.25540118595,4026577.651643312
1628858188080523154,353531.61863885715,4026577.394646239
1628858188206103668,353532.21926283964,4026576.9451580783
1628858188272242365,353532.5727397577,4026576.6974203647
1628858188416326076,353533.26096334076,4026576.1914582993
1628858188488197362,353533.60406054,4026575.95427216
1628858188608094709,353534.17775758106,4026575.541921772
1628858188734380115,353534.79407474946,4026575.120000783
1628858188806192438,353535.12187750835,4026574.896867314
1628858188938073645,353535.7062291533,4026574.48299414
1628858189016342214,353536.0721470354,4026574.236511131
1628858189148215145,353536.62399241945,4026573.840216468
1628858189208197588,353536.887906702,4026573.662780128
1628858189340095513,353537.45049411047,4026573.286384673
1628858189406314296,353537.7281181063,4026573.096814655
1628858189550125291,353538.3077158093,4026572.715798184
1628858189610217137,353538.52929862344,4026572.5469510676
1628858189742137965,353539.0431992533,4026572.209342909
1628858189814099676,353539.3129537222,4026572.0326013886
1628858189952219071,353539.81675543176,4026571.6806375026
1628858190012194582,353540.03394740645,4026571.537255488
1628858190138265824,353540.47565777425,4026571.2326062573
1628858190210203662,353540.71386074636,4026571.0775774983
1628858190342103407,353541.14001749875,4026570.800535195
1628858190414146199,353541.336256371,4026570.64694823
1628858190540282965,353541.7228119791,4026570.3829656006
1628858190612212247,353541.91361066035,4026570.259561193
1628858190750354087,353542.30123251304,4026570.0063028466
1628858190810345047,353542.46012714016,4026569.9018094772
1628858190948104472,353542.7799322354,4026569.6730741533
1628858191008091702,353542.9338114845,4026569.567933145
1628858191152353771,353543.2821300874,4026569.314667812
1628858191212340054,353543.4341175298,4026569.207727718
1628858191344335369,353543.7655491041,4026568.9681757027
1628858191416232110,353543.9016167725,4026568.8545466503
1628858191554371982,353544.2819883501,4026568.583954752
1628858191614215666,353544.4523865605,4026568.464984627
1628858191734376051,353544.7538133499,4026568.2303343983
1628858191818254324,353544.9914538885,4026568.052854147
1628858191950221028,353545.3444714062,4026567.768869574
1628858192016252945,353545.5623720818,4026567.5988031435
1628858192148248467,353545.9222967323,4026567.308232063
1628858192208087370,353546.1174304845,4026567.1506355423
1628858192358210040,353546.55729491136,4026566.7873015353
1628858192406300771,353546.7306544422,4026566.6431347104
1628858192550171243,353547.2317372649,4026566.2169368393
1628858192610154020,353547.45224866905,4026566.0225951727
1628858192760248221,353547.9638206325,4026565.570646107
1628858192808366261,353548.1580409505,4026565.398721693
1628858192952264272,353548.6671478535,4026564.9543827623
1628858193072383416,353549.14922235045,4026564.506655536
1628858193162251357,353549.4679838979,4026564.185469088
1628858193210416091,353549.6662554027,4026563.9788079797
1628858193348272761,353550.2194173484,4026563.4003615766
1628858193480284068,353550.7545879256,4026562.8226465634
1628858193552128543,353551.0438212155,4026562.500250282
1628858193684264278,353551.58385319135,4026561.8779581585
1628858193744256399,353551.8323793768,4026561.5790162557
1628858193870303685,353552.365163311,4026560.901609422
1628858193954135182,353552.6842458652,4026560.4621916017
1628858194086133840,353553.20086083614,4026559.7344595543
1628858194140390498,353553.47118791204,4026559.362272644
1628858194272387858,353553.9808046184,4026558.5905911885
1628858194356129037,353554.2906980398,4026558.0877295937
1628858194488381641,353554.77333254577,4026557.2452145964
1628858194554388763,353555.02913232916,4026556.777203153
1628858194674377299,353555.4814824308,4026555.9609571174
1628858194758255773,353555.76581548346,4026555.4009709787
1628858194896138018,353556.27063466015,4026554.3743027463
1628858194944273291,353556.4446909898,4026554.0059403796
1628858195082278452,353556.89318069944,4026553.0280762203
1628858195148284225,353557.14320071926,4026552.4780695783
1628858195286284268,353557.60855276487,4026551.3766894685
1628858195352185728,353557.80376505293,4026550.895114631
1628858195478144365,353558.2353697517,4026549.813714288
1628858195556402552,353558.4868459888,4026549.1512554013
1628858195688305083,353558.89052487037,4026548.033461554
1628858195748284056,353559.0677156324,4026547.5237487294
1628858195880172869,353559.4532248167,4026546.3618280524
1628858195958394656,353559.67772654037,4026545.665095829
1628858196090250431,353560.03071392805,4026544.5198382665
1628858196150300595,353560.1848193841,4026543.931535506
1628858196276385449,353560.52033315157,4026542.761670751
1628858196360393635,353560.7022407336,4026541.9947960633
1628858196492294959,353561.0138335826,4026540.803423831
1628858196546151956,353561.13126066315,4026540.3415354947
1628858196678336622,353561.44376125,4026539.00164819
1628858196750277314,353561.6041012055,4026538.343476342
1628858196888414253,353561.91588025785,4026536.9789428553
1628858196948399111,353562.05085376627,4026536.4051237707
1628858197074305333,353562.31598633796,4026535.2506699497
1628858197164170167,353562.5019401,4026534.331381941
1628858197290434329,353562.7945664318,4026533.061350226
1628858197416280548,353563.0481638202,4026531.8382431786
1628858197482429216,353563.2071325289,4026531.142252451
1628858197560343027,353563.3855856761,4026530.3424769845
1628858197686310604,353563.6516240559,4026529.0989569025
1628858197812435236,353563.94388689764,4026527.782117051
1628858197884442549,353564.08871290827,4026527.0383303114
1628858197962343488,353564.26515323925,4026526.218752307
1628858198094310724,353564.56112052174,4026524.879144619
1628858198214303324,353564.8082839083,4026523.5966976737
1628858198286345449,353564.9679189925,4026522.8660885217
1628858198424356929,353565.264817141,4026521.3414050383
1628858198484347314,353565.40413188626,4026520.701227953
1628858198616315821,353565.6842287581,4026519.2910261564
1628858198676317099,353565.8214828896,4026518.6444751634
1628858198814438615,353566.1414226264,4026517.1271538483
1628858198898292515,353566.31564336864,4026516.2376055378
1628858199018306551,353566.5912626338,4026514.9199484834
1628858199078318439,353566.7294618379,4026514.2570850234
1628858199216429648,353567.04627162416,4026512.6863494334
1628858199288424121,353567.2070440324,4026511.9038408296
1628858199426279707,353567.50287484634,4026510.411646491
1628858199480320815,353567.6415941054,4026509.732599821
1628858199618310862,353567.953391752,4026508.099997812
1628858199696483858,353568.13557997934,4026507.1835202654
1628858199822259778,353568.4097665134,4026505.8027156284
1628858199882332509,353568.5250297668,4026505.077312086
1628858200026335965,353568.83945736865,4026503.4486330063
1628858200092247132,353568.9958906879,4026502.629637438
1628858200218437984,353569.29239911726,4026501.07096394
1628858200278458012,353569.42635945254,4026500.3648979184
1628858200422338573,353569.7551778032,4026498.6903210315
1628858200494280974,353569.91306686524,4026497.859948261
1628858200620448393,353570.18600872555,4026496.2898932146
1628858200680471812,353570.3190902163,4026495.57334394
1628858200824226816,353570.6283462703,4026493.8950083274
1628858200890509228,353570.8019825354,4026493.0322036757
1628858201022352895,353571.0890006138,4026491.462643225
1628858201088216799,353571.22135579784,4026490.7356081223
1628858201220690662,353571.52365628607,4026489.0031904615
1628858201292368953,353571.6766261397,4026488.147143843
1628858201424323902,353571.9296929684,4026486.5349439736
1628858201490242015,353572.05820090126,4026485.7969264598
1628858201622443947,353572.35414407786,4026484.0422162134
1628858201700233377,353572.50039892946,4026483.1788367545
1628858201814481569,353572.75315377524,4026481.696220889
1628858201886350608,353572.9027105657,4026480.8025119626
1628858202018261966,353573.1740183196,4026479.1880507665
1628858202096485597,353573.34061611426,4026478.194016447
1628858202216464412,353573.58616456133,4026476.689427511
1628858202366471804,353573.8849577949,4026474.778295879
1628858202426449479,353574.0095550332,4026474.0309450235
1628858202558480441,353574.282392479,4026472.41127002
1628858202618402629,353574.41416823695,4026471.608377498
1628858202756405354,353574.71158949775,4026469.859807038
1628858202828355507,353574.86108119175,4026468.9856917253
1628858202954241376,353575.1135065322,4026467.472685819
1628858203020485519,353575.2635107498,4026466.5981956422
1628858203158401053,353575.5700614639,4026464.821028353
1628858203224250406,353575.7012123661,4026464.071430549
1628858203350345065,353575.97547602473,4026462.463877646
1628858203422227957,353576.1288479365,4026461.591833052
1628858203566231528,353576.43546468974,4026459.847440848
1628858203620529869,353576.5991484212,4026459.081790246
1628858203752372341,353576.8901689199,4026457.461808134
1628858203824522858,353577.0473683757,4026456.5887223203
1628858203962504424,353577.36443789327,4026454.8344488754
1628858204022531164,353577.5000482778,4026454.0850809435
1628858204160424883,353577.8073796474,4026452.3107082588
1628858204220409216,353577.94316800416,4026451.5610321537
1628858204365525856,353578.24776402314,4026449.8035515635
1628858204431567608,353578.3824898985,4026449.054198606
1628858204557655214,353578.67459601857,4026447.433404803
1628858204623666603,353578.8092615458,4026446.577545682
1628858204755680246,353579.09341782704,4026444.9612197797
1628858204827630889,353579.2462945486,4026444.090526448
1628858204953586711,353579.5280448735,4026442.469053202
1628858205025753012,353579.6786165989,4026441.5991922985
1628858205169636001,353579.9912900635,4026439.839317015
1628858205229626898,353580.12067375926,4026439.095242414
1628858205355892292,353580.40096978704,4026437.4671409167
1628858205427531758,353580.55046822724,4026436.598763036
1628858205571504921,353580.855077829,4026434.86368248
1628858205625892452,353581.01184629847,4026434.1095015192
1628858205757572836,353581.29784862936,4026432.499431235
1628858205829521000,353581.4518993809,4026431.6331737423
1628858205961528221,353581.7219954898,4026430.013606574
1628858206027716722,353581.87376865325,4026429.14799794
1628858206147738992,353582.1106437098,4026427.6536269477
1628858206225539714,353582.2603678669,4026426.787747773
1628858206357590182,353582.519170598,4026425.075902499
1628858206423537317,353582.64374119014,4026424.3377076928
1628858206567490581,353582.9352853624,4026422.6185342236
1628858206693636601,353583.19752171985,4026420.9997103214
1628858206771545116,353583.36446282396,4026420.0186101487
1628858206909645661,353583.62788258423,4026418.4066022667
1628858206963539211,353583.7537324442,4026417.6718649087
1628858207089515533,353584.00439337094,4026416.2041167533
1628858207173551260,353584.1936329141,4026415.090680771
1628858207293542073,353584.4476547345,4026413.6267821314
1628858207359550462,353584.53674117196,4026412.8798485324
1628858207491761804,353584.83058178273,4026411.1755290846
1628858207569398895,353584.9781543324,4026410.324945273
1628858207701548682,353585.26832506,4026408.6201385483
1628858207755502992,353585.37586366857,4026408.0152893118
1628858207888290858,353585.66192330664,4026406.4464174067
1628858207960428427,353585.8124760707,4026405.60243615
1628858208098292656,353586.1166419047,4026403.920403432
1628858208158415602,353586.23786457547,4026403.195326931
1628858208284505853,353586.51674300095,4026401.638478374
1628858208368301306,353586.69910698605,4026400.656263227
1628858208506434092,353586.9820143791,4026399.103069793
1628858208560309110,353587.1118086514,4026398.3868207163
1628858208686445803,353587.3627776769,4026396.834289056
1628858208770306302,353587.5350373535,4026395.8843494207
1628858208902373988,353587.7951296646,4026394.3516222797
1628858208956567821,353587.9233843857,4026393.643578016
1628858209094252463,353588.2007797928,4026392.11269477
1628858209160415324,353588.37726077077,4026391.289760029
1628858209292299194,353588.66075323266,4026389.765731851
1628858209358565197,353588.7908002696,4026388.975930614
1628858209490559099,353589.0662043521,4026387.4644293645
1628858209574388859,353589.23803833395,4026386.5362256756
1628858209700412830,353589.4933799006,4026385.03653815
1628858209760562787,353589.62073592993,4026384.345721167
1628858209898322691,353589.8827032676,4026382.8570912317
1628858209970704460,353590.0511895905,4026381.936634629
1628858210102437662,353590.3240335535,4026380.437933165
1628858210162421591,353590.45032594004,4026379.750979423
1628858210294440009,353590.72438875894,4026378.262999659
1628858210372526190,353590.85629556596,4026377.352072367
1628858210510331231,353591.1323852262,4026375.8684529476
1628858210636312688,353591.3886872006,4026374.3894403856
1628858210696316715,353591.51740511565,4026373.706962329
1628858210762554212,353591.66829282406,4026372.911621011
1628858210906330534,353591.9520862569,4026371.3330831393
1628858210966452734,353592.0811701743,4026370.6542000156
1628858211098482463,353592.36190694827,4026369.1855169157
1628858211176584220,353592.5078112655,4026368.281250193
1628858211308462952,353592.7876911111,4026366.808797389
1628858211434407235,353592.99884487764,4026365.4552435637
1628858211494507501,353593.1492165978,4026364.665465256
1628858211638340632,353593.43165088847,4026363.0949461106
1628858211704582288,353593.5900839775,4026362.3108910285
1628858211830450753,353593.8744977785,4026360.9712972846
1628858211890452926,353594.0009236408,4026360.295816087
1628858212034462275,353594.3484361948,4026358.7354279654
1628858212106609769,353594.52663073974,4026357.8404424596
1628858212232372641,353594.8460763904,4026356.5152716264
1628858212286592790,353595.01299510035,4026355.8559521106
1628858212430476303,353595.4291926753,4026354.313263551
1628858212502401013,353595.6476734226,4026353.552241997
1628858212628705912,353596.0399986343,4026352.142648287
1628858212688570854,353596.240288716,4026351.498817333
1628858212832477306,353596.73180932173,4026350.0072858087
1628858212904355538,353596.9586829126,4026349.2643721495
1628858213030483342,353597.4458765888,4026347.8996237493
1628858213096341011,353597.68000993354,4026347.2757289987
1628858213228789767,353598.2085415907,4026345.825442696
1628858213312492082,353598.53741612396,4026345.004083923
1628858213432475441,353599.0629994053,4026343.798295186
1628858213498394672,353599.32277665555,4026343.189470272
1628858213630564222,353599.94818304176,4026341.7962025814
1628858213714506598,353600.31205611466,4026340.9945164043
1628858213834468609,353600.8653522526,4026339.7961942153
1628858213894496654,353601.1528403578,4026339.218212459
1628858214038348064,353601.8296809656,4026337.836649277
1628858214104598641,353602.1463803957,4026337.1507513276
1628858214242518897,353602.84609422623,4026335.781008918
1628858214296501256,353603.100392428,4026335.293981752
1628858214435522309,353603.812354354,4026333.9339202764
1628858214507524753,353604.181696673,4026333.2590349596
1628858214633766616,353604.8550307771,4026332.0184625667
1628858214693902630,353605.18130541634,4026331.4459292404
1628858214831417809,353605.90190099075,4026330.212126883
1628858214963407460,353606.63966367516,4026329.0028150263
1628858215035530874,353607.1016374347,4026328.2530000582
1628858215096068275,353607.45268907794,4026327.692987787
1628858215239638248,353608.3001672026,4026326.4174909513
1628858215305595076,353608.7242677732,4026325.7704285295
1628858215437501239,353609.54406935285,4026324.597939258
1628858215569491531,353610.3680880929,4026323.411340638
1628858215635731292,353610.8285297238,4026322.7803271064
1628858215773480929,353611.67938703205,4026321.6072523715
1628858215833744814,353612.07800270873,4026321.0682875183
1628858215977900414,353613.09941179573,4026319.7307703467
1628858216037714212,353613.51249563013,4026319.1938194637
1628858216169714931,353614.4167402736,4026318.043280797
1628858216229703063,353614.8406990216,4026317.5106018656
1628858216379532748,353615.9273925292,4026316.20079099
1628858216433521798,353616.29033799993,4026315.761306659
1628858216560015513,353617.2450425229,4026314.6207802184
1628858216631726947,353617.7782683185,4026314.026074437
1628858216781529105,353618.9085198324,4026312.7205330627
1628858216841525898,353619.36542969174,4026312.200115213
1628858216973682615,353620.3685400735,4026311.0563910445
1628858217039734299,353620.91210262117,4026310.450341344
1628858217171562161,353621.94502444955,4026309.326316563
1628858217231881205,353622.41990418534,4026308.809257468
1628858217363538584,353623.43856721045,4026307.67570806
1628858217435515476,353623.9989346629,4026307.074501689
1628858217579429088,353625.1294458916,4026305.87454845
1628858217633728332,353625.63265104557,4026305.366898834
1628858217771580300,353626.7875733809,4026304.1794730243
1628858217843618762,353627.28766123776,4026303.673341028
1628858217975724371,353628.49141130876,4026302.5059038047
1628858218035735335,353629.00129277597,4026302.0068697208
1628858218167624462,353630.1390039562,4026300.936801438
1628858218233561894,353630.7437845272,4026300.3615789283
1628858218378449403,353631.9816066687,4026299.2420289735
1628858218438644996,353632.50808215037,4026298.7552271183
1628858218564408508,353633.56579322857,4026297.7852052427
1628858218636587379,353634.30950988317,4026297.162836035
1628858218768526010,353635.47137227526,4026296.125991195
1628858218840416548,353636.100340346,4026295.5717230006
1628858218966699002,353637.30392498255,4026294.5533388737
1628858219098697890,353638.4837656558,4026293.5329755964
1628858219182429888,353639.2008375062,4026292.9265599432
1628858219242480838,353639.74650772056,4026292.461407174
1628858219368686625,353640.97028131393,4026291.4765573572
1628858219500676338,353642.1622584936,4026290.473689959
1628858219572356218,353642.80293204315,4026289.933079669
1628858219638589332,353643.46223400376,4026289.395084498
1628858219770557299,353644.65310092305,4026288.395104898
1628858219902702379,353645.84045133047,4026287.4073309572
1628858219980602033,353646.57460203965,4026286.7912280248
1628858220118544146,353647.75355950056,4026285.7997508813
1628858220160594351,353648.21233167656,4026285.4165113065
1628858220304446994,353649.4930172345,4026284.3393923077
1628858220370668953,353650.1628417153,4026283.795604696
1628858220514706424,353651.45011051523,4026282.710745377
1628858220574673679,353652.0000913725,4026282.2441778593
1628858220706461134,353653.2184600353,4026281.2282320154
1628858220784698332,353653.95416024735,4026280.606244175
1628858220916458299,353655.16427341476,4026279.614608155
1628858220976453815,353655.7185137179,4026279.1490676
1628858221102602562,353656.9414664655,4026278.16960523
1628858221186678742,353657.68290399294,4026277.549412941
1628858221318493666,353658.8882659313,4026276.5438195392
1628858221372983352,353659.42848491174,4026276.0575197944
1628858221504612849,353660.6347841158,4026275.0531925773
1628858221588545884,353661.3803606342,4026274.4359214786
1628858221714697381,353662.5916084226,4026273.435478298
1628858221768445117,353663.0580812789,4026273.04917982
1628858221901564312,353664.28263716004,4026272.0597426994
1628858221979720969,353665.0301013023,4026271.4457970224
1628858222111649859,353666.25579146744,4026270.4837460304
1628858222171589419,353666.81785597274,4026270.0224686796
1628858222303595504,353668.0393737602,4026269.026552633
1628858222381575461,353668.79783442523,4026268.413215069
1628858222519499756,353670.0156114227,4026267.4126017205
1628858222573765081,353670.5773784695,4026266.9517569053
1628858222699969712,353671.85300444596,4026265.9903283585
1628858222783573317,353672.60836708103,4026265.3814380355
1628858222921800520,353673.949192762,4026264.341515678
1628858222981738414,353674.51840788097,4026263.884390611
1628858223101768354,353675.64549372427,4026262.9705763035
1628858223185592796,353676.3959105906,4026262.361525713
1628858223311762906,353677.6211059826,4026261.380868963
1628858223371767991,353678.1841740323,4026260.931965691
1628858223503699601,353679.41111393523,4026259.9425516687
1628858223575602035,353680.07290343544,4026259.4124521487
1628858223713841658,353681.3836919407,4026258.342947695
1628858223833601359,353682.50573665317,4026257.430501228
1628858223906722756,353683.16775652184,4026256.910407909
1628858223984732484,353683.91781533486,4026256.3053924213
1628858224116609489,353685.13381600427,4026255.329500268
1628858224248486503,353686.3494051745,4026254.3400653484
1628858224308489689,353686.9100803643,4026253.886747496
1628858224386727535,353687.67116709007,4026253.309500451
1628858224518730091,353688.88064078224,4026252.330148495
1628858224650483504,353690.0999065574,4026251.3668363327
1628858224710572628,353690.6596692634,4026250.91728784
1628858224788740490,353691.4035895946,4026250.3173510996
1628858224926692552,353692.7054724396,4026249.2768992246
1628858225046667715,353693.8183749248,4026248.3831330063
1628858225106657094,353694.3790667354,4026247.948827983
1628858225250700013,353695.6755459242,4026246.8991599004
1628858225322499390,353696.32641097787,4026246.3798053307
1628858225448669048,353697.5364254871,4026245.4070679145
1628858225508657204,353698.0891529871,4026244.9601106634
1628858225640626388,353699.29751788836,4026244.019780741
1628858225724637672,353700.0363494843,4026243.4256375483
1628858225844507847,353701.1417777513,4026242.53010644
1628858225910678845,353701.7957686422,4026242.0187257193
1628858226048531574,353702.990404092,4026241.053206835
1628858226114583561,353703.6458328172,4026240.5474477806
1628858226240742793,353704.8416655062,4026239.576904041
1628858226312643901,353705.48751430935,4026239.0604120255
1628858226450678066,353706.76454353635,4026238.008113888
1628858226522729017,353707.40475061175,4026237.4864071785
1628858226648797015,353708.52161807567,4026236.614030076
1628858226714720004,353709.1635391996,4026236.0962313665
1628858226846581156,353710.350382086,4026235.1281595747
1628858226918644764,353710.9865574705,4026234.6062160386
1628858227044673461,353712.1724587622,4026233.6365734893
1628858227116517624,353712.82802986365,4026233.1211081287
1628858227242834512,353714.00999005337,4026232.1493656216
1628858227326641254,353714.7365226222,4026231.5532341376
1628858227446652038,353715.8172282509,4026230.653636308
1628858227506637638,353716.36083580734,4026230.2086348324
1628858227644769161,353717.62340383115,4026229.1600005524
1628858227728536024,353718.3487753153,4026228.567368028
1628858227848630498,353719.4324462095,4026227.673457974
1628858227980534961,353720.6278636612,4026226.7251100414
1628858228046777322,353721.25776993675,4026226.207728753
1628858228124689709,353721.9713651601,4026225.644165177
1628858228244682126,353723.04613254324,4026224.7614838695
1628858228382658860,353724.21091449866,4026223.831323421
1628858228448777750,353724.838576037,4026223.3219454475
1628858228640778607,353726.54550511064,4026221.925263574
1628858228790658766,353727.8812251698,4026220.8279714533
1628858228850619714,353728.4139846794,4026220.39105802
1628858228982816122,353729.5534718896,4026219.4628207004
1628858229048720567,353730.1714147034,4026218.9597717905
1628858229198620107,353731.42304001254,4026217.942422033
1628858229252780870,353731.957322694,4026217.5125632524
1628858229384532201,353733.10919487383,4026216.5876269313
1628858229450774263,353733.7265701768,4026216.087090334
1628858229582699117,353734.86750357156,4026215.161301304
1628858229648713578,353735.49337663624,4026214.668830691
1628858229774652133,353736.5416352178,4026213.810066827
1628858229852774232,353737.2559074976,4026213.257571143
1628858229984804883,353738.39304047823,4026212.3488451685
1628858230050715262,353739.0006828641,4026211.8574149706
1628858230182687251,353740.1310644661,4026210.975353669
1628858230242791818,353740.654651383,4026210.5590122724
1628858230392949904,353741.9467599947,4026209.5173295783
1628858230452711858,353742.4630605702,4026209.099585394
1628858230578553001,353743.4983797405,4026208.269636001
1628858230644716586,353744.0697862905,4026207.7683501896
1628858230794798227,353745.3483491518,4026206.737669453
1628858230854784476,353745.8322877062,4026206.315405742
1628858230986732518,353746.9270405846,4026205.4196339035
1628858231046708848,353747.433363267,4026205.007338022
1628858231190544656,353748.6266053036,4026204.0888468656
1628858231262667000,353749.2110552192,4026203.6154176397
1628858231388802360,353750.31265792606,4026202.749377048
1628858231454725455,353750.89294665627,4026202.282518462
1628858231586573977,353751.8856633479,4026201.484905597
1628858231646773014,353752.46640485025,4026201.0376319
1628858231778790375,353753.537335466,4026200.1840113443
1628858231844577081,353754.02707326994,4026199.790703185
1628858231988826738,353755.2694885598,4026198.820387911
1628858232048733874,353755.7549912598,4026198.4328886727
1628858232186680585,353756.8318296382,4026197.6146610314
1628858232252580103,353757.39457559155,4026197.164273406
1628858232396574261,353758.53403442854,4026196.2629268644
1628858232456702071,353759.0127315445,4026195.87719064
1628858232582678321,353760.0448133769,4026195.0541340075
1628858232708825101,353761.11647635454,4026194.2185075968
1628858232780866269,353761.66857163835,4026193.780720751
1628858232918746971,353762.7377881785,4026192.9086060626
1628858232984702388,353763.20471749373,4026192.530759162
1628858233116582817,353764.21275812335,4026191.7441502823
1628858233182827179,353764.75003223034,4026191.3069189456
1628858233326875077,353765.8164828352,4026190.451697162
1628858233381056755,353766.29171712825,4026190.0885724467
1628858233512758043,353767.2710153739,4026189.2985427207
1628858233596598254,353767.80043144734,4026188.873040952
1628858233722723789,353768.80977595237,4026188.0225979756
1628858233782758998,353769.2545148429,4026187.6606899654
1628858233920722852,353770.17362528056,4026186.873659933
1628858233992867173,353770.74359688716,4026186.399286412
1628858234124840839,353771.6640575784,4026185.6488550976
1628858234190655765,353772.08746871335,4026185.3033900172
1628858234316888941,353772.9924405725,4026184.55373903
1628858234388703692,353773.4636830181,4026184.178261368
1628858234526822660,353774.4071456463,4026183.3875860055
1628858234592608561,353774.8006632197,4026183.0500718467
1628858234718815025,353775.63045329263,4026182.3624812267
1628858234790731637,353776.0692560818,4026181.9742758893
1628858234928831043,353776.8984765252,4026181.223980986
1628858234988838907,353777.25090513926,4026180.8964682184
1628858235114735151,353777.91548879514,4026180.285304962
1628858235204715610,353778.40769901784,4026179.799670829
1628858235324619244,353779.04362412635,4026179.1575274304
1628858235390736514,353779.41124892706,4026178.764847033
1628858235522842167,353780.04369087337,4026178.0500996723
1628858235600813187,353780.4376455544,4026177.6191024785
1628858235732735095,353781.0251499752,4026176.892448591
1628858235792761846,353781.28347928054,4026176.558436608
1628858235924595193,353781.83053731534,4026175.82199767
1628858235990851881,353782.0952080662,4026175.4261412555
1628858236128780649,353782.629038443,4026174.65449444
1628858236182770849,353782.8063988943,4026174.368754564
1628858236320971223,353783.2847263485,4026173.5703341914
1628858236392854940,353783.5041148707,4026173.221720466
1628858236530701144,353783.88565499673,4026172.4998544063
1628858236590609253,353784.05324451503,4026172.1703643543
1628858236722800993,353784.4053834926,4026171.355426929
1628858236800773846,353784.5814790685,4026170.969396519
1628858236932785201,353784.8634139829,4026170.218571345
1628858236992764924,353784.99057784444,4026169.8913808716
1628858237118611644,353785.23310225026,4026169.2030191887
1628858237196756896,353785.3839849147,4026168.7731939727
1628858237328638525,353785.61283067195,4026168.0843917164
1628858237454790473,353785.81368476595,4026167.3715865235
1628858237526814812,353785.9166240409,4026167.004918087
1628858237658723301,353786.1026949159,4026166.320255588
1628858237724743333,353786.1815518219,4026166.0093527413
1628858237856904639,353786.3249247032,4026165.26828143
1628858237916834772,353786.39367061696,4026164.958586794
1628858238054771394,353786.5378289335,4026164.2387426062
1628858238126868518,353786.58335119544,4026163.876552529
1628858238264650197,353786.68467670993,4026163.208060051
1628858238318979435,353786.72623641585,4026162.8967794455
1628858238456801238,353786.78365782695,4026162.1546559567
1628858238660762089,353786.83907754545,4026161.084103464
1628858238720750973,353786.8541332984,4026160.7610324346
1628858238864633914,353786.8543011972,4026160.0005267235
1628858238936874319,353786.857388119,4026159.561323899
1628858239056885246,353786.84880424326,4026158.8934347075
1628858239116873117,353786.8142621763,4026158.553561273
1628858239260888743,353786.766299761,4026157.7619460784
1628858239332772633,353786.7311933276,4026157.3633049387
1628858239459057830,353786.64501307835,4026156.614418604
1628858239518896978,353786.6010399236,4026156.269027996
1628858239662875250,353786.45220116933,4026155.445484311
1628858239728967684,353786.37536420394,4026155.0369271087
1628858239854583995,353786.19659849594,4026154.3098057434
1628858239920821688,353786.09698096407,4026153.8967195605
1628858240058793437,353785.887351963,4026153.1273330436
1628858240130833465,353785.7234293453,4026152.6143485843
1628858240268680456,353785.46018928266,4026151.836284081
1628858240328927923,353785.3280068622,4026151.4754139655
1628858240460904899,353784.97708251275,4026150.5972353225
1628858240538651188,353784.7927790899,4026150.1749273716
1628858240664953202,353784.417287414,4026149.356337238
1628858240724810075,353784.2346110462,4026148.9979060576
1628858240868886470,353783.7460883196,4026148.11429768
1628858240934876652,353783.50447624066,4026147.6956728213
1628858241066911223,353783.0234164288,4026146.921588908
1628858241126948994,353782.7647446393,4026146.5264149136
1628858241264839736,353782.1896273523,4026145.701335992
1628858241336774550,353781.88633945724,4026145.2916254452
1628858241456818121,353781.3058815227,4026144.5370717105
1628858241522777501,353781.0247189965,4026144.1871078676
1628858241666846612,353780.26453298295,4026143.270577265
1628858241738902499,353779.9077754,4026142.8678115294
1628858241858779423,353779.2449051598,4026142.1483706622
1628858241924897952,353778.86263096856,4026141.748934718
1628858242062813609,353778.13381567405,4026141.0060398676
1628858242140784679,353777.6576328373,4026140.528262534
1628858242260810188,353776.9520864043,4026139.847780713
1628858242398946925,353776.0940359143,4026139.0127668246
1628858242470896687,353775.6599009888,4026138.6071259924
1628858242596698906,353774.9033771399,4026137.9040668774
1628858242662821076,353774.42401023593,4026137.4690988357
1628858242800937641,353773.5142081949,4026136.6379797175
1628858242866707639,353773.07374486944,4026136.2624142445
1628858242998849048,353772.1281034142,4026135.416061307
1628858243058840906,353771.71610091685,4026135.0488963076
1628858243208684542,353770.705840382,4026134.1672567506
1628858243262832838,353770.2864721741,4026133.7903893846
1628858243394963308,353769.31205361127,4026132.9241669853
1628858243460845635,353768.8095930172,4026132.4733839957
1628858243604802468,353767.7586836573,4026131.5230027693
1628858243664819307,353767.3217672442,4026131.1297994754
1628858243796699444,353766.3742087558,4026130.271180806
1628858243868714673,353765.81721815583,4026129.7862227433
1628858244006821612,353764.7810862225,4026128.8435576167
1628858244072725459,353764.3365923223,4026128.43534552
1628858244198733729,353763.31645017146,4026127.5360511364
1628858244264958760,353762.7914071028,4026127.0563525
1628858244396963308,353761.77364760055,4026126.1391346594
1628858244462857868,353761.2445281788,4026125.652974096
1628858244600733941,353760.25903444015,4026124.745404847
1628858244654939335,353759.7726552271,4026124.307290491
1628858244804861530,353758.62256064976,4026123.251741404
1628858244864728692,353758.21010904724,4026122.8797322507
1628858244996877422,353757.1258080363,4026121.8856954803
1628858245068819288,353756.58122982085,4026121.387680509
1628858245212840458,353755.4357842392,4026120.3798136734
1628858245266995829,353754.9626250708,4026119.951150594
1628858245398874580,353753.91290750925,4026118.995623819
1628858245470846750,353753.3553967363,4026118.4907776867
1628858245596719035,353752.39650540415,4026117.622616518
1628858245668944932,353751.72755157383,4026117.013083208
1628858245800982207,353750.6797971271,4026116.0654277666
1628858245866848216,353750.17215986026,4026115.6118034376
1628858245998983353,353749.0337035517,4026114.584196495
1628858246058954394,353748.54372612026,4026114.1426949413
1628858246190912328,353747.4658740978,4026113.176504728
1628858246334833732,353746.31433227693,4026112.143869907
1628858246406858938,353745.7057722214,4026111.612236705
1628858246472859773,353745.12358523405,4026111.0954783536
1628858246598778360,353744.12188816734,4026110.2080513434
1628858246731038100,353743.0148537493,4026109.226942699
1628858246814861521,353742.2550468971,4026108.5611122763
1628858246946722949,353741.1499995722,4026107.5820455216
1628858247007043241,353740.640790879,4026107.136626995
1628858247132914610,353739.50819170376,4026106.163274514
1628858247198801558,353738.9941000501,4026105.717846937
1628858247336844217,353737.78959005245,4026104.6785998014
1628858247396870237,353737.2440730742,4026104.1974170925
1628858247528758606,353736.114514141,4026103.2306665843
1628858247600876709,353735.5035155777,4026102.710122639
1628858247744933001,353734.1760410955,4026101.570686368
1628858247798863997,353733.7364318614,4026101.1989230546
1628858247925100975,353732.57124153624,4026100.203996125
1628858248008958575,353731.86116973864,4026099.6101730084
1628858248140751364,353730.68424263585,4026098.6250270028
1628858248201035776,353730.1470251529,4026098.179990257
1628858248332843786,353728.97937981784,4026097.2168437056
1628858248410739954,353728.2519172125,4026096.590721421
1628858248548913663,353726.98685215716,4026095.554634057
1628858248608930178,353726.4314397607,4026095.101970025
1628858248728927935,353725.3409884293,4026094.21766061
1628858248807000523,353724.61084793456,4026093.6281746295
1628858248938989581,353723.4106271892,4026092.651601499
1628858248998970836,353722.86120661057,4026092.210433296
1628858249130917717,353721.6530528901,4026091.22673107
1628858249202867436,353721.0080959785,4026090.712101906
1628858249341041517,353719.7168601779,4026089.684086743
1628858249400977689,353719.1370590107,4026089.229301863
1628858249533022517,353717.93474867684,4026088.2736388724
1628858249604769366,353717.27103163116,4026087.7432132647
1628858249742999213,353715.974038863,4026086.7140750904
1628858249803004548,353715.41729306267,4026086.2728783935
1628858249935016834,353714.1930367514,4026085.297108923
1628858250000934983,353713.54134970915,4026084.7815562855
1628858250144849860,353712.22515968984,4026083.7324483795
1628858250198881637,353711.7596684165,4026083.3641747995
1628858250336777120,353710.4562926418,4026082.3330089035
1628858250402916777,353709.7990339036,4026081.8128203307
1628858250546883014,353708.4956962887,4026080.7839428987
1628858250666908720,353707.3564384456,4026079.893806647
1628858250733040387,353706.7026376958,4026079.3796329526
1628858250817052776,353705.9554308584,4026078.791657258
1628858250948885502,353704.72530436213,4026077.818978877
1628858251068896169,353703.60102555057,4026076.9376539895
1628858251135020533,353702.9409251907,4026076.4010342704
1628858251219033560,353702.19127720647,4026075.8131000907
1628858251344757239,353701.06680503977,4026074.931198936
1628858251536963359,353699.18869543716,4026073.438390405
1628858251674893088,353697.96235947264,4026072.4770320556
1628858251741014797,353697.30641689734,4026071.962590007
1628858251878951792,353695.97897159366,4026070.9158411836
1628858251944902984,353695.41671945003,4026070.4739757017
1628858252071006990,353694.1985062743,4026069.516600614
1628858252149036896,353693.4315409103,4026068.9224592242
1628858252275026145,353692.30339569726,4026068.040010788
1628858252329568435,353691.73931682296,4026067.598420514
1628858252472930250,353690.41859250015,4026066.5558009828
1628858252545028366,353689.76057448745,4026066.0413945056
1628858252671047128,353688.5249235567,4026065.0670720274
1628858252731036181,353687.96085923305,4026064.626366751
1628858252869434561,353686.6367291905,4026063.5809060712
1628858252946926726,353685.98041916813,4026063.0664710244
1628858253073037178,353684.7622543821,4026062.112087098
1628858253138931435,353684.1786467298,4026061.65981009
1628858253270949515,353682.8640230854,4026060.6352161914
1628858253348887776,353682.2081147715,4026060.1229108726
1628858253474926728,353680.97197864135,4026059.1814042097
1628858253534938417,353680.4097991446,4026058.7439329703
1628858253678809887,353679.07989051525,4026057.721428756
1628858253744982110,353678.4240121485,4026057.21092375
1628858253876920409,353677.20639352675,4026056.252838941
1628858253936921907,353676.64780122426,4026055.8145749317
1628858254075064493,353675.34614775324,4026054.7919298555
1628858254147200233,353674.6868069419,4026054.275196913
1628858254266955070,353673.5733990939,4026053.3982697646
1628858254339054837,353672.92389738513,4026052.8859179597
1628858254477205708,353671.63377177145,4026051.841197496
1628858254554959034,353670.9885218864,4026051.32764487
1628858254674972486,353669.7804960592,4026050.3702840684
1628858254734970401,353669.2292431779,4026049.9293635967
1628858254878952479,353667.93585919717,4026048.890527564
1628858254999223485,353666.83701035293,4026048.008411495
1628858255071059637,353666.19601298403,4026047.4937192714
1628858255208972607,353664.91294175154,4026046.451199969
1628858255280963288,353664.27581723843,4026045.9345503766
1628858255400955500,353663.1697294882,4026045.035833233
1628858255479228088,353662.44448837487,4026044.444224704
1628858255622942942,353661.1550353137,4026043.403339575
1628858255670998971,353660.70171558915,4026043.03324557
1628858255809040198,353659.4365897734,4026041.9945133612
1628858255881230301,353658.7933740404,4026041.4750067815
1628858256019485226,353657.53744271776,4026040.442253637
1628858256073359916,353657.09178885154,4026040.0743497037
1628858256211220150,353655.83234306483,4026039.0322871776
1628858256271206247,353655.30392937054,4026038.5922025456
1628858256420981447,353653.9766342632,4026037.4754493744
1628858256481005117,353653.456169179,4026037.032606084
1628858256600985669,353652.4006119071,4026036.140940982
1628858256673014489,353651.8011761006,4026035.6262192554
1628858256817259993,353650.6116163343,4026034.5988464546
1628858256882860382,353650.0843909164,4026034.1496477495
1628858257014997638,353648.9075607415,4026033.124349022
1628858257080984760,353648.4071779819,4026032.685286759
1628858257225209328,353647.14902518643,4026031.5861963383
1628858257273225440,353646.7380387041,4026031.221979912
1628858257417206801,353645.58271934214,4026030.1910997746
1628858257482984420,353645.09509509866,4026029.755820047
1628858257627206682,353643.872596449,4026028.650176945
1628858257675376917,353643.47068377305,4026028.2902019783
1628858257813354379,353642.4302592949,4026027.3587008524
1628858257879196630,353641.86707123916,4026026.849104919
1628858258022913067,353640.75644064846,4026025.8569606487
1628858258082952719,353640.28297453315,4026025.4342595222
1628858258209226166,353639.251993253,4026024.5144401635
1628858258281211731,353638.7044272972,4026024.0264007943
1628858258419005787,353637.60533246957,4026023.037937824
1628858258479026077,353637.1405769172,4026022.6232685093
1628858258611046832,353636.1297475194,4026021.7095483914
1628858258677334601,353635.5928699597,4026021.2292022705
1628858258826913444,353634.52472989657,4026020.273939003
1628858258881046025,353634.06909412507,4026019.855392639
1628858259012996561,353633.0882032061,4026018.979741679
1628858259072995671,353632.63810532354,4026018.578313881
1628858259223271388,353631.5098509104,4026017.5673032
1628858259283277408,353631.06343167985,4026017.1704825675
1628858259415000700,353630.10008952813,4026016.303996034
1628858259546985192,353629.14497508534,4026015.4548878423
1628858259625202306,353628.5665028726,4026014.938440219
1628858259685223125,353628.130831399,4026014.552821327
1628858259816992746,353627.19128188805,4026013.72188318
1628858259949012208,353626.2424406215,4026012.882862269
1628858260015016825,353625.7409878678,4026012.4420187394
1628858260153287011,353624.7480379718,4026011.546308525
1628858260213027895,353624.32244084624,4026011.1735812607
1628858260345300570,353623.4038588626,4026010.371739003
1628858260423204694,353622.8270054762,4026009.873483511
1628858260555305362,353621.91418471874,4026009.087535408
1628858260615277732,353621.48052072874,4026008.716012655
1628858260741017851,353620.6436623453,4026008.0026956694
1628858260830976136,353620.01770999253,4026007.472096859
1628858260956916160,353619.18788906466,4026006.7653140114
1628858261017280766,353618.70433142444,4026006.361369771
1628858261149266268,353617.80634782603,4026005.610144838
1628858261215280604,353617.32645629486,4026005.2136766384
1628858261407259182,353616.02669142943,4026004.1393108033
1628858261539282614,353615.14755638456,4026003.421795076
1628858261617284543,353614.60991488316,4026002.977657167
1628858261761032253,353613.6752587196,4026002.217957801
1628858261809312565,353613.343789485,4026001.9490799927
1628858261941108850,353612.48337108595,4026001.2484298716
1628858262019273439,353611.9616708881,4026000.8266670317
1628858262157025485,353611.1118931392,4026000.1399059957
1628858262211263687,353610.7274336212,4025999.8305260274
1628858262348904808,353609.90182354546,4025999.1671607275
1628858262427030086,353609.38667633897,4025998.755770198
1628858262559302458,353608.51247290976,4025998.0574742937
1628858262613271592,353608.18435262627,4025997.8007929916
1628858262750933078,353607.38079972204,4025997.162354562
1628858262811643625,353606.95021181356,4025996.821252538
1628858262955026435,353606.1010750921,4025996.1417748816
1628858263015016926,353605.73723832646,4025995.8536991156
1628858263141261124,353604.9449612261,4025995.2378519475
1628858263213271352,353604.52799944096,4025994.910329149
1628858263357055834,353603.72698125476,4025994.2629980566
1628858263417035034,353603.3799082563,4025993.9899743805
1628858263543308890,353602.6357027411,4025993.405297972
1628858263627259843,353602.16772428574,4025993.042107322
1628858263753280202,353601.4396997911,4025992.4723097426
1628858263813287843,353601.10798987874,4025992.2127138455
1628858263945375218,353600.3874216349,4025991.652556081
1628858264029290152,353599.9568266927,4025991.316489935
1628858264161032185,353599.2615395391,4025990.769760246
1628858264287264674,353598.58668479824,4025990.2366625783
1628858264347469987,353598.2787903369,4025989.994059592
1628858264430976530,353597.8612131047,4025989.67349029
1628858264557303663,353597.20813575195,4025989.161387275
1628858264689272252,353596.56413720857,4025988.6519996007
1628858264749269524,353596.27213801723,4025988.4218082903
1628858264887293117,353595.5968724825,4025987.8860932486
1628858264959292967,353595.26267836365,4025987.622175483
1628858265085036628,353594.6949059091,4025987.1739090546
1628858265151295473,353594.3774254356,4025986.922068665
1628858265289253007,353593.7337879167,4025986.414200976
1628858265361329099,353593.41572573123,4025986.165864736
1628858265481281873,353592.8789350997,4025985.743320304
1628858265553382359,353592.5700529735,4025985.500078061
1628858265691288166,353591.96285855584,4025985.0214717314
1628858265763310593,353591.6641897063,4025984.7866782467
1628858265883330927,353591.1617151219,4025984.3849013587
1628858265948917781,353590.9145000477,4025984.1899798648
1628858266092955762,353590.3488124298,4025983.7441199017
1628858266153347979,353590.0741185518,4025983.5285291024
1628858266291262454,353589.5305363999,4025983.101399864
1628858266351559698,353589.31397069705,4025982.9197393823
1628858266483340999,353588.8266383532,4025982.5363836857
1628858266555381235,353588.56847995997,4025982.333163192
1628858266687330961,353588.09512893093,4025981.9627244906
1628858266747316850,353587.8817929177,4025981.795215512
1628858266885333595,353587.39379142347,4025981.410192717
1628858266963361727,353587.12107131665,4025981.1958351457
1628858267082951215,353586.7541125875,4025980.909094615
1628858267149497472,353586.5247614292,4025980.7238965216
1628858267287335360,353586.0791686438,4025980.376228246
1628858267364969622,353585.86509471503,4025980.202979176
1628858267485378652,353585.47512677824,4025979.8964094
1628858267545384546,353585.30151541455,4025979.7591133327
1628858267695224031,353584.90589484177,4025979.448519182
1628858267749331319,353584.74348662887,4025979.322264393
1628858267887358875,353584.37226115924,4025979.0322543452
1628858267953208216,353584.22286572197,4025978.915774289
1628858268091312579,353583.89059032104,4025978.657088836
1628858268157312370,353583.7286302649,4025978.528461365
1628858268289379740,353583.45001440356,4025978.3137610056
1628858268349332321,353583.32890909736,4025978.217204134
1628858268493350217,353583.0635904755,4025978.0110529917
1628858268559380906,353582.94003357925,4025977.9156972226
1628858268691343896,353582.7225354505,4025977.745695188
1628858268751318447,353582.63065251615,4025977.675469743
1628858268889695198,353582.44272878557,4025977.529153393
1628858269021362953,353582.27952203614,4025977.404407511
1628858269087027395,353582.2107083143,4025977.3521487564
1628858269225325136,353582.0720175515,4025977.2461080663
1628858269291373894,353582.009898769,4025977.199961828
1628858269411360306,353581.92787482205,4025977.1262433757
1628858269495331100,353581.876373817,4025977.08719624
1628858269621350198,353581.8275760015,4025977.051002623
1628858269699195374,353581.80004906293,4025977.0310970787
1628858269831196374,353581.76198004675,4025977.0049609123
1628858269885346547,353581.7601512873,4025977.0014822646
1628858270035399339,353581.7321430772,4025976.9837973914
1628858270095300661,353581.7196465062,4025976.9756771717
1628858270227305535,353581.72418782697,4025976.9807579503
1628858270287318139,353581.71215815947,4025976.973179161
1628858270425310107,353581.731950463,4025976.9886529758
1628858270485333641,353581.7226974675,4025976.9828583403
1628858270623369464,353581.76828910934,4025977.013521372
1628858270689394127,353581.7628960386,4025977.0104081226
1628858270833262807,353581.7503404168,4025977.004211521
1628858270893012170,353581.8147911016,4025977.043879102
1628858271019414866,353581.81479780277,4025977.0442757197
1628858271097543965,353581.8236225573,4025977.0518171047
1628858271229424786,353581.82362848526,4025977.0521679604
1628858271289417292,353581.8236362173,4025977.0526255956
1628858271421397354,353581.83109248034,4025977.060449504
1628858271493385685,353581.8310940268,4025977.060541031
1628858271631436554,353581.83797166485,4025977.0684357495
1628858271691411000,353581.8379724381,4025977.0684815133
1628858271829086413,353581.837986098,4025977.069290005
1628858271889394003,353581.84348802804,4025977.077040119
1628858272039392645,353581.8435060695,4025977.078107938
1628858272093409413,353581.8435138016,4025977.078565574
1628858272219422336,353581.84925206593,4025977.0858539296
1628858272291425203,353581.84926108667,4025977.0863878387
1628858272423395408,353581.8542842596,4025977.092894815
1628858272495406339,353581.85428992973,4025977.0932304133
1628858272627010731,353581.8585832231,4025977.0998870493
1628858272705399726,353581.85858966643,4025977.100268413
1628858272837021401,353581.8586064193,4025977.1012599585
1628858272891412301,353581.86252253264,4025977.1072668354
1628858273023444756,353581.86253928544,4025977.10825838
1628858273155435455,353581.8657539628,4025977.1142923664
1628858273233293466,353581.8657593752,4025977.1146127125
1628858273293407954,353581.865768396,4025977.115146622
1628858273425392976,353581.8685510636,4025977.120897988
1628858273557432571,353581.86856627,4025977.121798006
1628858273635417301,353581.8711925284,4025977.127323133
1628858273773038843,353581.87120928115,4025977.128314676
1628858273827597145,353581.8712170132,4025977.1287723123
1628858273959388633,353581.87303217826,4025977.1350588286
1628858274025426399,353581.87304119894,4025977.1355927386
1628858274169444827,353581.87484012893,4025977.140918217
1628858274229398965,353581.8748452837,4025977.1412233096
1628858274349381851,353581.87634608604,4025977.146965815
1628858274439439009,353581.87634608604,4025977.146965815
1628858274577438193,353581.87636129244,4025977.147865834
1628858274631399409,353581.8779438286,4025977.1530271205
1628858274757418054,353581.87796058145,4025977.154018666
1628858274835175624,353581.8779696021,4025977.154552575
1628858274973391758,353581.87938248966,4025977.160510191
1628858275033392756,353581.8793902217,4025977.1609678282
1628858275153372909,353581.8806079447,4025977.1662115743
1628858275243404635,353581.88061696547,4025977.1667454834
1628858275369437711,353581.8816171711,4025977.1735645705
1628858275423392099,353581.8816365013,4025977.174708661
1628858275555393490,353581.8816867597,4025977.1776832985
1628858275633415400,353581.8825424413,4025977.1795609444
1628858275765401008,353581.8825432145,4025977.1796067087
1628858275831070348,353581.88255094655,4025977.1800643443
1628858275963452300,353581.88355665957,4025977.1854032245
1628858276041404802,353581.88356696896,4025977.1860134066
1628858276173275222,353581.8843219168,4025977.190959795
1628858276233407622,353581.8843219168,4025977.190959795
1628858276365414916,353581.8848676851,4025977.196169116
1628858276431084604,353581.88487206656,4025977.196428443
1628858276563454375,353581.88489010814,4025977.197496261
1628858276623399686,353581.88518047193,4025977.2020385065
1628858276761390028,353581.88519181235,4025977.2027097074
1628858276839401805,353581.8852008331,4025977.2032436165
1628858276971315001,353581.88644391135,4025977.208181756
1628858277097460490,353581.8864606641,4025977.2091733012
1628858277163379025,353581.88640126074,4025977.212882217
1628858277235437049,353581.88640796184,4025977.2132788356
1628858277367515031,353581.8862696619,4025977.217736771
1628858277487470075,353581.88627120835,4025977.217828299
1628858277559457672,353581.8862802291,4025977.2183622066
1628858277637465637,353581.8859152283,4025977.222045768
1628858277769505669,353581.88591986755,4025977.2223203494
1628858277895296126,353581.8851072934,4025977.226606571
1628858277961443344,353581.8851163141,4025977.2271404807
1628858278099471600,353581.88513435563,4025977.228208298
1628858278171735971,353581.8842991007,4025977.2311521177
1628858278303485891,353581.8843158535,4025977.2321436633
1628858278363453159,353581.8834511242,4025977.235149018
1628858278501477678,353581.88345576334,4025977.2354236
1628858278579374045,353581.8834647841,4025977.235957509
1628858278699463205,353581.88238056586,4025977.238615618
1628858278765241255,353581.8823854629,4025977.2389054545
1628858278903509674,353581.8811300518,4025977.242268364
1628858278975443212,353581.8811390725,4025977.2428022726
1628858279155460791,353581.8797880122,4025977.245922656
1628858279293478962,353581.8798001257,4025977.2466396196
1628858279371493454,353581.87840721745,4025977.2490893183
1628858279503644292,353581.8784092793,4025977.2492113556
1628858279563500076,353581.8784183,4025977.2497452637
1628858279701341421,353581.8765600345,4025977.251745058
1628858279767442199,353581.8765626119,4025977.251897604
1628858279893446811,353581.87467951106,4025977.254233513
1628858279965450027,353581.87467951106,4025977.254233513
1628858280103502290,353581.8727943461,4025977.2564473883
1628858280169583295,353581.8728020782,4025977.256905025
1628858280307477581,353581.87282011966,4025977.2579728425
1628858280367552997,353581.87064800935,4025977.259459137
1628858280505380341,353581.87065651454,4025977.259962536
1628858280565959059,353581.87066553533,4025977.2604964464
1628858280703347062,353581.8684590512,4025977.2617544383
1628858280757504024,353581.8684590512,4025977.2617544383
1628858280901453458,353581.86592883104,4025977.2637198083
1628858280979491806,353581.8659329548,4025977.2639638814
1628858281099504846,353581.86345653574,4025977.265501094
1628858281171357335,353581.86345653574,4025977.265501094
1628858281309473856,353581.86346040183,4025977.2657299126
1628858281375448721,353581.8609085319,4025977.2664139015
1628858281508117389,353581.8609247692,4025977.2673749384
1628858281634222907,353581.85846571333,4025977.2681336533
1628858281700516178,353581.85846571333,4025977.2681336533
1628858281832245909,353581.85847421864,4025977.2686370527
1628858281904164993,353581.855584955,4025977.2692199307
1628858282042362358,353581.8556029965,4025977.2702877494
1628858282102338112,353581.8530421058,4025977.27043783
1628858282234225675,353581.85305447713,4025977.2711700476
1628858282300685488,353581.8530634978,4025977.2717039576
1628858282450142313,353581.85013393254,4025977.2717076773
1628858282504309217,353581.85013393254,4025977.2717076773
1628858282636264974,353581.8467684869,4025977.2711999593
1628858282702308128,353581.8467684869,4025977.2711999593
1628858282840600394,353581.84677003324,4025977.271291486
1628858282906379637,353581.84324895375,4025977.270603291
1628858283038269527,353581.8432639024,4025977.2714880547
1628858283110273849,353581.84026326763,4025977.270897877
1628858283248139884,353581.84028130915,4025977.271965696
1628858283308159512,353581.84028904117,4025977.2724233326
1628858283434394968,353581.83639670745,4025977.2714362317
1628858283506360953,353581.83640572825,4025977.2719701417
1628858283638298431,353581.83232802624,4025977.270848843
1628858283710179642,353581.83232802624,4025977.270848843
1628858283842159750,353581.83233266545,4025977.2711234237
1628858283908397250,353581.82818338077,4025977.2693777215
1628858284046308432,353581.82818338077,4025977.2693777215
1628858284106326057,353581.8233843994,4025977.2671089317
1628858284238385978,353581.823396513,4025977.267825895
1628858284304184579,353581.8234042451,4025977.268283531
1628858284454264221,353581.818850621,4025977.266086894
1628858284508312969,353581.818850621,4025977.266086894
1628858284640265746,353581.8137401121,4025977.2634418956
1628858284700282122,353581.8137401121,4025977.2634418956
1628858284850428887,353581.8137450091,4025977.263731731
1628858284910309439,353581.80814199045,4025977.260835654
1628858285030329428,353581.8081497225,4025977.2612932906
1628858285102296805,353581.80137337476,4025977.259393607
1628858285240395390,353581.80137337476,4025977.259393607
1628858285300416754,353581.80137724074,4025977.2596224253
1628858285444475140,353581.79498719086,4025977.2571058585
1628858285504186751,353581.794992861,4025977.257441458
1628858285642457735,353581.7880335618,4025977.2537443154
1628858285702382495,353581.7880335618,4025977.2537443154
1628858285840206132,353581.7880485104,4025977.2546290797
1628858285966298596,353581.78075232834,4025977.2508613346
1628858286044471214,353581.78075232834,4025977.2508613346
1628858286104309002,353581.7734230612,4025977.246941558
1628858286236474108,353581.77342383435,4025977.246987322
1628858286368854436,353581.7661997526,4025977.243874491
1628858286434352441,353581.7661997526,4025977.243874491
1628858286566306038,353581.76620233,4025977.2440270367
1628858286638312903,353581.75896845426,4025977.2403345336
1628858286776424836,353581.75896845426,4025977.2403345336
1628858286842203026,353581.75896845426,4025977.2403345336
1628858286980173983,353581.7517925035,4025977.236457945
1628858287040252632,353581.7517925035,4025977.236457945
1628858287166438094,353581.74476419436,4025977.2322889417
1628858287250296811,353581.74476909137,4025977.2325787786
1628858287388323476,353581.73720684036,4025977.2293190723
1628858287436360466,353581.73720684036,4025977.2293190723
1628858287568461196,353581.73720684036,4025977.2293190723
1628858287640808054,353581.7296322203,4025977.225327148
1628858287772311109,353581.7296322203,4025977.225327148
1628858287832313567,353581.7296322203,4025977.225327148
1628858287970320351,353581.7220227088,4025977.2210764117
1628858288042225131,353581.7220227088,4025977.2210764117
1628858288180375765,353581.7139279018,4025977.217001722
1628858288240372168,353581.7139279018,4025977.217001722
1628858288378327957,353581.7060156258,4025977.2128934325
1628858288444212835,353581.7060156258,4025977.2128934325
1628858288588169005,353581.7060156258,4025977.2128934325
1628858288648184056,353581.69803460443,4025977.2083285362
1628858288774329245,353581.69803460443,4025977.2083285362
1628858288852338174,353581.6980351199,4025977.2083590445
1628858288984455095,353581.6899607667,4025977.203688913
1628858289044463374,353581.6899607667,4025977.203688913
1628858289176352261,353581.6814890352,4025977.198979719
1628858289254321903,353581.6814890352,4025977.198979719
1628858289386205303,353581.67308115424,4025977.194437294
1628858289446244021,353581.67308115424,4025977.194437294
1628858289572673383,353581.67308115424,4025977.194437294
1628858289644386641,353581.6644506939,4025977.1893645693
1628858289776336886,353581.6644506939,4025977.1893645693
1628858289842289072,353581.6644506939,4025977.1893645693
1628858289974452548,353581.6557558674,4025977.1840945636
1628858290046472685,353581.6557558674,4025977.1840945636
1628858290190328250,353581.6469951286,4025977.178535755
1628858290238351559,353581.6469951286,4025977.178535755
1628858290370271010,353581.6380849393,4025977.1731625767
1628858290454229163,353581.6380849393,4025977.1731625767
1628858290580337936,353581.6380849393,4025977.1731625767
1628858290712338594,353581.62889553665,4025977.1675194567
1628858290778357842,353581.62889553665,4025977.1675194567
1628858290850218848,353581.62889553665,4025977.1675194567
1628858290988395341,353581.61958255444,4025977.161786871
1628858291108382472,353581.6107776455,4025977.155420087
1628858291168401072,353581.6107776455,4025977.155420087
1628858291318497960,353581.61078537744,4025977.155877723
1628858291378480370,353581.60116448055,4025977.1499824915
1628858291510509889,353581.60116448055,4025977.1499824915
1628858291576252407,353581.60116448055,4025977.1499824915
1628858291714250595,353581.5914781821,4025977.1438289634
1628858291780449702,353581.5914781821,4025977.1438289634
1628858291912455665,353581.58166959265,4025977.1376622436
1628858291972493856,353581.58166959265,4025977.1376622436
1628858292110385279,353581.57145975885,4025977.131227643
1628858292182477311,353581.57145975885,4025977.131227643
1628858292314466537,353581.57145975885,4025977.131227643
1628858292374482838,353581.56127527804,4025977.1244874354
1628858292512413608,353581.56127527804,4025977.1244874354
1628858292584378741,353581.56127527804,4025977.1244874354
1628858292716249506,353581.5509364499,4025977.117643024
1628858292776485650,353581.5509364499,4025977.117643024
1628858292914407722,353581.54047352896,4025977.1106786374
1628858292992270200,353581.54047352896,4025977.1106786374
1628858293118297056,353581.52979189454,4025977.1034127683
1628858293178260154,353581.52979189454,4025977.1034127683
1628858293322384381,353581.52979344095,4025977.1035042964
1628858293388361585,353581.51911309524,4025977.0963147003
1628858293514422507,353581.51911309524,4025977.0963147003
1628858293580242085,353581.51911309524,4025977.0963147003
1628858293718499194,353581.5082745361,4025977.088792081
1628858293790390122,353581.5082745361,4025977.088792081
1628858293916270547,353581.4972808609,4025977.0811194936
1628858293976411994,353581.4972808609,4025977.0811194936
1628858294120276766,353581.48665044794,4025977.0732729207
1628858294186267924,353581.48665044794,4025977.0732729207
1628858294318536016,353581.48665044794,4025977.0732729207
1628858294378443193,353581.4752865493,4025977.065362447
1628858294516800915,353581.4752865493,4025977.065362447
1628858294582280517,353581.4752865493,4025977.065362447
1628858294720461189,353581.4638593134,4025977.0573157123
1628858294786406939,353581.4638593134,4025977.0573157123
1628858294912403642,353581.4523087578,4025977.0491947676
1628858294990428725,353581.4523087578,4025977.0491947676
1628858295110507244,353581.44048723404,4025977.0412920257
1628858295182485431,353581.44048723404,4025977.0412920257
1628858295314411363,353581.44048723404,4025977.0412920257
1628858295392438300,353581.4288112924,4025977.032974832
1628858295512504881,353581.4288112924,4025977.032974832
1628858295662474719,353581.41686103656,4025977.024677533
1628858295722457189,353581.41686103656,4025977.024677533
1628858295848418456,353581.41686103656,4025977.024677533
1628858295914427241,353581.40524611255,4025977.0163593115
1628858296052496480,353581.40524611255,4025977.0163593115
1628858296124498549,353581.3937596651,4025977.00842039
1628858296250408548,353581.3937596651,4025977.00842039
1628858296322578191,353581.3937596651,4025977.00842039
1628858296454508552,353581.3827952088,4025977.000671014
1628858296520308440,353581.3827952088,4025977.000671014
1628858296646548782,353581.37217098125,4025976.9931905507
1628858296718423723,353581.37217098125,4025976.9931905507
1628858296856535682,353581.36167239526,4025976.985921589
1628858296916553854,353581.36167239526,4025976.985921589
1628858297048559955,353581.36167239526,4025976.985921589
1628858297120300348,353581.35172424844,4025976.9787196224
1628858297258430830,353581.35172424844,4025976.9787196224
1628858297318430376,353581.35172424844,4025976.9787196224
1628858297444831039,353581.3418097022,4025976.9717001957
1628858297522309754,353581.3418097022,4025976.9717001957
1628858297648471899,353581.3320187356,4025976.9647702314
1628858297720424845,353581.3320187356,4025976.9647702314
1628858297852324396,353581.3320187356,4025976.9647702314
1628858297918552713,353581.3226579745,4025976.9580161087
1628858298062423858,353581.3226579745,4025976.9580161087
1628858298122325556,353581.3133039169,4025976.951658602
1628858298254321151,353581.3133039169,4025976.951658602
1628858298320546464,353581.3133039169,4025976.951658602
1628858298464348027,353581.30425313924,4025976.9451891594
1628858298524229404,353581.30425313924,4025976.9451891594
1628858298650512207,353581.2956330826,4025976.938926063
1628858298722459069,353581.2956330826,4025976.938926063
1628858298860599826,353581.2956330826,4025976.938926063
1628858298926370164,353581.28707584797,4025976.932768719
1628858299052505583,353581.28707584797,4025976.932768719
1628858299124462797,353581.2787019219,4025976.9266235363
1628858299256353837,353581.2787019219,4025976.9266235363
1628858299322610814,353581.2787019219,4025976.9266235363
1628858299454601620,353581.270542841,4025976.920551019
1628858299586452586,353581.270542841,4025976.920551019
1628858299658372951,353581.2627816583,4025976.91454807
1628858299724346413,353581.2627816583,4025976.91454807
1628858299857463134,353581.2552678881,4025976.9087393107
1628858299983594436,353581.2552678881,4025976.9087393107
1628858300067531872,353581.2552678881,4025976.9087393107
1628858300187488550,353581.2478215812,4025976.903310882
1628858300247454283,353581.2478215812,4025976.903310882
1628858300379439955,353581.2407380211,4025976.897677958
1628858300457623869,353581.2407380211,4025976.897677958
1628858300577677291,353581.2407380211,4025976.897677958
1628858300649471688,353581.2338088084,4025976.8921492407
1628858300787445027,353581.2338088084,4025976.8921492407
1628858300865475249,353581.2272469816,4025976.8866906096
1628858300997512794,353581.2272469816,4025976.8866906096
1628858301057517272,353581.2272469816,4025976.8866906096
1628858301189607379,353581.2210192003,4025976.8811347815
1628858301267607606,353581.2210192003,4025976.8811347815
1628858301405426422,353581.2146755715,4025976.8759471234
1628858301453411748,353581.2146755715,4025976.8759471234
1628858301585401243,353581.2146755715,4025976.8759471234
1628858301663462316,353581.20872648805,4025976.870630728
1628858301807385221,353581.20872648805,4025976.870630728
1628858301861585262,353581.20272128395,4025976.8656052
1628858301981605053,353581.20272128395,4025976.8656052
1628858302059641865,353581.20272128395,4025976.8656052
1628858302191449116,353581.1970821817,4025976.8605734874
1628858302251482661,353581.1970821817,4025976.8605734874
1628858302383660046,353581.1916256126,4025976.855508171
1628858302461531617,353581.1916256126,4025976.855508171
1628858302599364576,353581.1916256126,4025976.855508171
1628858302653486657,353581.1862034173,4025976.8506711596
1628858302785471899,353581.1862034173,4025976.8506711596
1628858302869417716,353581.180841722,4025976.8458026075
1628858302995522968,353581.180841722,4025976.8458026075
1628858303055493146,353581.180841722,4025976.8458026075
1628858303187485894,353581.1759379095,4025976.8409415768
1628858303265574109,353581.1759379095,4025976.8409415768
1628858303397495484,353581.1710646047,4025976.836080034
1628858303457389872,353581.1710646047,4025976.836080034
1628858303589502267,353581.1710646047,4025976.836080034
1628858303667605669,353581.1663743509,4025976.831215396
1628858303799359460,353581.1663743509,4025976.831215396
1628858303859466146,353581.16177871305,4025976.826532265
1628858303985542342,353581.16177871305,4025976.826532265
1628858304069640070,353581.16177871305,4025976.826532265
1628858304201389071,353581.1571264413,4025976.822109493
1628858304333320775,353581.1571264413,4025976.822109493
1628858304393508378,353581.1528040889,4025976.817345452
1628858304477491435,353581.1528040889,4025976.817345452
1628858304597777746,353581.1528040889,4025976.817345452
1628858304729626973,353581.14866659394,4025976.8126850994
1628858304789661272,353581.14866659394,4025976.8126850994
1628858304933370893,353581.14446988306,4025976.80813256
1628858304999521025,353581.14446988306,4025976.80813256
1628858305119635202,353581.1404239113,4025976.803470659
1628858305191641286,353581.1404239113,4025976.803470659
1628858305335512613,353581.1404239113,4025976.803470659
1628858305401522512,353581.1367753177,4025976.7988478234
1628858305533504817,353581.1367753177,4025976.7988478234
1628858305587545156,353581.1367753177,4025976.7988478234
1628858305725546580,353581.13291548745,4025976.794365887
1628858305809525854,353581.13291548745,4025976.794365887
1628858305923525537,353581.129420468,4025976.789801491
1628858305983514325,353581.129420468,4025976.789801491
1628858306127439176,353581.12598362897,4025976.7850682656
1628858306205441374,353581.12598362897,4025976.7850682656
1628858306325382903,353581.12598362897,4025976.7850682656
1628858306385530923,353581.122580906,4025976.7805480873
1628858306535645893,353581.122580906,4025976.7805480873
1628858306595687014,353581.122580906,4025976.7805480873
1628858306727566979,353581.11926919525,4025976.7759958543
1628858306787404116,353581.11926919525,4025976.7759958543
1628858306925531941,353581.11601849773,4025976.7714425884
1628858307003540335,353581.11601849773,4025976.7714425884
1628858307129518319,353581.1124053112,4025976.767109073
1628858307189522586,353581.1124053112,4025976.767109073
1628858307327789943,353581.1124053112,4025976.767109073
1628858307405633669,353581.10924459266,4025976.762462735
1628858307525667283,353581.10924459266,4025976.762462735
1628858307591444688,353581.10924459266,4025976.762462735
1628858307729534653,353581.10611515737,4025976.757861646
1628858307807483170,353581.10611515737,4025976.757861646
1628858307927662178,353581.1029549544,4025976.753245817
1628858307987633300,353581.1029549544,4025976.753245817
1628858308131452099,353581.09985344944,4025976.748491666
1628858308203551750,353581.09985344944,4025976.748491666
1628858308329552993,353581.09985344944,4025976.748491666
1628858308467515772,353581.0969667919,4025976.743810179
1628858308533556684,353581.0969667919,4025976.743810179
1628858308659581054,353581.0940191143,4025976.739129723
1628858308719596481,353581.0940191143,4025976.739129723
1628858308869663385,353581.0912529435,4025976.734354648
1628858308929678604,353581.0912529435,4025976.734354648
1628858309067690433,353581.0912529435,4025976.734354648
1628858309133572226,353581.0883975646,4025976.7297184085
1628858309277491137,353581.0883975646,4025976.7297184085
1628858309331710720,353581.0883975646,4025976.7297184085
1628858309469481410,353581.0856311361,4025976.7249280806
1628858309535538337,353581.0856311361,4025976.7249280806
1628858309673546578,353581.08280368976,4025976.72013878
1628858309733568027,353581.08280368976,4025976.72013878
1628858309865637507,353581.08015903446,4025976.715331135
1628858309931885547,353581.08015903446,4025976.715331135
1628858310063597311,353581.08015903446,4025976.715331135
1628858310129547789,353581.07761028607,4025976.710781268
1628858310267505933,353581.07761028607,4025976.710781268
1628858310327447022,353581.07761028607,4025976.710781268
1628858310477533504,353581.0751486817,4025976.7059705295
1628858310537560099,353581.0751486817,4025976.7059705295
1628858310669461894,353581.0724435263,4025976.7011944223
1628858310729499220,353581.0724435263,4025976.7011944223
1628858310879553385,353581.06979835546,4025976.696356268
1628858310939567845,353581.06979835546,4025976.696356268
1628858311071577497,353581.06979835546,4025976.696356268
1628858311137705767,353581.0671539579,4025976.691563876
1628858311281488944,353581.0671539579,4025976.691563876
1628858311335433535,353581.0671539579,4025976.691563876
1628858311473577324,353581.06475388666,4025976.6867826153
1628858311539568187,353581.06475388666,4025976.6867826153
1628858311671426916,353581.0623540709,4025976.6820166074
1628858311737705476,353581.0623540709,4025976.6820166074
1628858311863599939,353581.0599242629,4025976.677281627
1628858311935510483,353581.0599242629,4025976.677281627
1628858312067880258,353581.0599242629,4025976.677281627
1628858312133477878,353581.057522643,4025976.6724088383
1628858312265580824,353581.057522643,4025976.6724088383
1628858312391717112,353581.0552153837,4025976.667702304
1628858312475474433,353581.0552153837,4025976.667702304
1628858312535589817,353581.0552153837,4025976.667702304
1628858312673720879,353581.05293992074,4025976.6630715267
1628858312799476580,353581.05293992074,4025976.6630715267
1628858312883580011,353581.05066497327,4025976.6584712574
1628858312931642359,353581.05066497327,4025976.6584712574
1628858313075558701,353581.05066497327,4025976.6584712574
1628858313201483117,353581.04836389964,4025976.654130832
1628858313267605393,353581.04836389964,4025976.654130832
1628858313405743796,353581.04630483047,4025976.649664246
1628858313465751167,353581.04630483047,4025976.649664246
1628858313597571039,353581.04630483047,4025976.649664246
1628858313675744316,353581.0442762691,4025976.6451971456
1628858313807460499,353581.0442762691,4025976.6451971456
1628858313867610920,353581.0422487387,4025976.6407910623
1628858313999478411,353581.0422487387,4025976.6407910623
1628858314083470993,353581.0422487387,4025976.6407910623
1628858314209531034,353581.0404096693,4025976.6367022316
1628858314275529715,353581.0404096693,4025976.6367022316
1628858314395659329,353581.0383811079,4025976.6322351308
1628858314467619196,353581.0383811079,4025976.6322351308
1628858314611605466,353581.0361994901,4025976.6277400986
1628858314659727301,353581.0361994901,4025976.6277400986
1628858314803631542,353581.0361994901,4025976.6277400986
1628858314869748360,353581.0342611654,4025976.623195179
1628858315007752603,353581.0342611654,4025976.623195179
1628858315067781025,353581.0342611654,4025976.623195179
1628858315199530090,353581.03213978984,4025976.61865335
1628858315283508769,353581.03213978984,4025976.61865335
1628858315415696960,353581.0300822671,4025976.6142782923
1628858315469893124,353581.0300822671,4025976.6142782923
1628858315601759032,353581.02798933734,4025976.609613913
1628858315685617534,353581.02798933734,4025976.609613913
1628858315811631038,353581.02798933734,4025976.609613913
1628858315871744388,353581.0257161963,4025976.605120426
1628858315991781530,353581.0257161963,4025976.605120426
1628858316087620240,353581.0257161963,4025976.605120426
1628858316213619399,353581.0235707541,4025976.6009604787
1628858316261664037,353581.0235707541,4025976.6009604787
1628858316405509657,353581.0214199041,4025976.5964801847
1628858316471765120,353581.0214199041,4025976.5964801847
1628858316609815411,353581.0191762375,4025976.591925164
1628858316675647271,353581.0191762375,4025976.591925164
1628858316795624716,353581.0191762375,4025976.591925164
1628858316879652727,353581.0169010323,4025976.5873096413
1628858317017662811,353581.0169010323,4025976.5873096413
1628858317077540531,353581.0169010323,4025976.5873096413
1628858317197610097,353581.0145948039,4025976.582664125
1628858317287731884,353581.0145948039,4025976.582664125
1628858317407761353,353581.0123490754,4025976.577987068
1628858317545700482,353581.0123490754,4025976.577987068
1628858317599660421,353581.0123490754,4025976.577987068
1628858317737664361,353581.00985902513,4025976.573298881
1628858317815758276,353581.00985902513,4025976.573298881
1628858317953641329,353581.0073394957,4025976.5686722267
1628858318001672815,353581.0073394957,4025976.5686722267
1628858318139664257,353581.00455132016,4025976.564401067
1628858318211568596,353581.00455132016,4025976.564401067
1628858318343581568,353581.00455132016,4025976.564401067
1628858318397769415,353581.00215563044,4025976.5598791335
1628858318541662172,353581.00215563044,4025976.5598791335
1628858318613638782,353580.9991425557,4025976.5549403816
1628858318739792230,353580.99477903347,4025976.5513519715
1628858318799827663,353580.99063654186,4025976.548202333
1628858318943652822,353580.97790804785,4025976.535386292
1628858319009725406,353580.96945763926,4025976.528326867
1628858319141668092,353580.9434906719,4025976.505022753
1628858319201821892,353580.9289251414,4025976.4936568257
1628858319345541441,353580.88543927105,4025976.459387639
1628858319411716121,353580.8566386446,4025976.436345026
1628858319555582726,353580.79358201334,4025976.38707131
1628858319603649509,353580.77309132845,4025976.362774393
1628858319741782879,353580.69410575996,4025976.2991060084
1628858319813794660,353580.64943557273,4025976.263376719
1628858319945688426,353580.56143774965,4025976.1882943567
1628858320005664587,353580.51634724205,4025976.151168352
1628858320143910299,353580.3976367919,4025976.059087691
1628858320215788437,353580.3359080873,4025976.008937042
1628858320341552855,353580.2234189985,4025975.9166139383
1628858320407700726,353580.1528972365,4025975.860798217
1628858320545804077,353580.004838477,4025975.7421593987
1628858320623581735,353579.9307067379,4025975.6749757566
1628858320737801990,353579.79104545154,4025975.562069735
1628858320809686990,353579.70495430625,4025975.49327235
1628858320953675156,353579.5215713396,4025975.3411725117
1628858321019618948,353579.42613240925,4025975.264583184
1628858321157795089,353579.2266484317,4025975.100548271
1628858321211669416,353579.15218096925,4025975.040587768
1628858321343693909,353578.95087257656,4025974.8787504514
1628858321421623726,353578.8158572562,4025974.7717016577
1628858321541619420,353578.6145173122,4025974.609803846
1628858321607829683,353578.4968281471,4025974.511342992
1628858321739789044,353578.26355998195,4025974.3255246347
1628858321823869879,353578.11488688015,4025974.206652083
1628858321943577401,353577.8823162664,4025974.0205778047
1628858322069903276,353577.6221218378,4025973.8124786518
1628858322147687123,353577.4805396211,4025973.6924486975
1628858322273712159,353577.2043806352,4025973.473266673
1628858322345716856,353577.0514894664,4025973.3521918333
1628858322483581941,353576.7251345608,4025973.0935439332
1628858322543863343,353576.5868720006,4025972.983956024
1628858322675694414,353576.28446660045,4025972.7393841776
1628858322741774542,353576.11682552274,4025972.6068702526
1628858322885634007,353575.75567198626,4025972.32419775
1628858322945646405,353575.60471430176,4025972.205577465
1628858323071986728,353575.27078433044,4025971.9447229956
1628858323143855384,353575.0797697823,4025971.7870758786
1628858323287835976,353574.7058740702,4025971.4943952514
1628858323342054475,353574.54300983506,4025971.366454608
1628858323485818773,353574.138670943,4025971.074532528
1628858323545863347,353573.96982415876,4025970.9429087723
1628858323695725492,353573.52967096155,4025970.5993606457
1628858323743744932,353573.38336720865,4025970.4870704967
1628858323881587696,353572.9943333443,4025970.17442768
1628858323953606307,353572.7810751958,4025970.009755887
1628858324079720738,353572.37790160946,4025969.694696963
1628858324151618021,353572.1549011914,4025969.52056143
1628858324277728138,353571.7356092674,4025969.192545414
1628858324349658865,353571.50458722876,4025969.0132505978
1628858324487894848,353571.0368673361,4025968.6438467754
1628858324547849511,353570.83257878653,4025968.484455638
1628858324679737348,353570.3723250252,4025968.1162379603
1628858324739722661,353570.16074792045,4025967.9499203786
1628858324889864533,353569.6123970555,4025967.5170134655
1628858324949849819,353569.39169641084,4025967.3453415995
1628858325081635378,353568.9075473548,4025966.966266685
1628858325147778326,353568.636525073,4025966.7549174903
1628858325279855779,353568.1393988065,4025966.360955584
1628858325351871005,353567.8527329632,4025966.144881083
1628858325471861064,353567.3779072503,4025965.773964811
1628858325549777855,353567.05681042746,4025965.523117254
1628858325681792992,353566.53654278384,4025965.092482592
1628858325741753131,353566.29142729414,4025964.897266874
1628858325879888480,353565.70304358023,4025964.4321994884
1628858326011842811,353565.1565519858,4025963.9991851263
1628858326095645048,353564.81765646185,4025963.7298546946
1628858326143750579,353564.5881418531,4025963.547681165
1628858326281865453,353563.98314403393,4025963.0692226524
1628858326413840405,353563.39721268555,4025962.6030153316
1628858326491992805,353563.04471707705,4025962.323477687
1628858326617741623,353562.5025882579,4025961.888604467
1628858326683882781,353562.1902985878,4025961.640660037
1628858326815886920,353561.60726489616,4025961.1779897083
1628858326887766970,353561.28017060686,4025960.9153722697
1628858327025723993,353560.643828245,4025960.4114424675
1628858327079719311,353560.41528860584,4025960.2309920797
1628858327217642190,353559.755960378,4025959.7032043603
1628858327289763184,353559.4329258879,4025959.446072625
1628858327427774086,353558.75932825566,4025958.9118121867
1628858327487771046,353558.4792965215,4025958.689247651
1628858327607764976,353557.89879100065,4025958.231738116
1628858327685875185,353557.52278674114,4025957.933539572
1628858327829759620,353556.8657930185,4025957.4120908296
1628858327889761563,353556.5641187938,4025957.1711236266
1628858328009868722,353556.00444644794,4025956.7274834584
1628858328093661015,353555.6328905897,4025956.4342910307
1628858328225658510,353555.00725416397,4025955.9409077046
1628858328285780608,353554.7309148551,4025955.72195828
1628858328411778499,353554.1294619585,4025955.242051943
1628858328477815067,353553.8103187869,4025954.989478091
1628858328621873326,353553.1544344188,4025954.4759149738
1628858328681863853,353552.8829001135,4025954.2614010405
1628858328813783633,353552.29733117064,4025953.798652064
1628858328880065113,353551.9793429937,4025953.5476151644
1628858329023718366,353551.3520491624,4025953.0536955153
1628858329083665839,353551.08445696044,4025952.841312297
1628858329209871257,353550.49495663855,4025952.3734723637
1628858329293791956,353550.13951172144,4025952.089209012
1628858329419957711,353549.556167701,4025951.62811635
1628858329479815661,353549.3370503775,4025951.4508639635
1628858329611926276,353548.7218258794,4025950.9470206066
1628858329695725280,353548.37910859205,4025950.6610773797
1628858329827666874,353547.8283290966,4025950.1965505723
1628858329881846513,353547.5625588837,4025949.9854489295
1628858330019680198,353547.0239284231,4025949.51931304
1628858330085778614,353546.73920677317,4025949.2666612663
1628858330223909751,353546.15857590485,4025948.745830143
1628858330283866508,353545.9218030057,4025948.524259184
1628858330415896760,353545.40197326883,4025948.0474296072
1628858330487858690,353545.13358486193,4025947.7843394266
1628858330625946224,353544.60270987835,4025947.246233703
1628858330745928406,353544.16401506815,4025946.781460866
1628858330817941228,353543.91438770073,4025946.507128288
1628858330895848124,353543.62609516346,4025946.1948746536
1628858331027829139,353543.1852754657,4025945.672993185
1628858331147857638,353542.77772545355,4025945.1857822845
1628858331219676395,353542.5543616895,4025944.8981273766
1628858331357831986,353542.1051520369,4025944.3077684697
1628858331435817210,353541.9000134323,4025944.0078578494
1628858331549831484,353541.5608654261,4025943.48712687
1628858331609786128,353541.3964020021,4025943.217672264
1628858331759973548,353541.00872483215,4025942.555685823
1628858331819961107,353540.86297607806,4025942.288493698
1628858331957861868,353540.522888555,4025941.647172276
1628858332011851281,353540.41655804834,4025941.4191244533
1628858332149917980,353540.1230480251,4025940.7656632517
1628858332221942808,353539.98890989635,4025940.4415270635
1628858332353824406,353539.7565156787,4025939.818176415
1628858332419898712,353539.6440739004,4025939.483129654
1628858332551868381,353539.4537570026,4025938.852216646
1628858332630246176,353539.34872755315,4025938.4989170423
1628858332755835740,353539.1984434123,4025937.8550287974
1628858332815824332,353539.13801169995,4025937.5566246933
1628858332953964957,353538.99435186456,4025936.829799181
1628858333031952218,353538.9362356677,4025936.424635187
1628858333151915090,353538.87663508375,4025935.817880416
1628858333211955602,353538.856860501,4025935.512746667
1628858333355845571,353538.828708755,4025934.7805510317
1628858333415834575,353538.82369440375,4025934.473016324
1628858333565936666,353538.8380096288,4025933.702138837
1628858333613940768,353538.8427534804,4025933.433898731
1628858333757835999,353538.90867664677,4025932.7137851724
1628858333824105979,353538.9530152573,4025932.3542838045
1628858333955862585,353539.0495591699,4025931.6746076397
1628858334015954429,353539.10606770054,4025931.365285489
1628858334159868987,353539.2716959154,4025930.6364677968
1628858334225903591,353539.36650246783,4025930.2765255
1628858334363768416,353539.5748169767,4025929.5996448733
1628858334417857621,353539.6746363505,4025929.290735182
1628858334555958980,353539.93082530913,4025928.5664905696
1628858334633744513,353540.08505169896,4025928.2067190106
1628858334759860492,353540.3690953222,4025927.5325869233
1628858334891778978,353540.6908032546,4025926.862426504
1628858334963867473,353540.8695518869,4025926.5000432534
1628858335083869854,353541.19040956977,4025925.8770777476
1628858335167898128,353541.4622889648,4025925.4058962986
1628858335300279687,353541.8422188087,4025924.724604811
1628858335359966579,353542.04488877906,4025924.408921547
1628858335491980766,353542.46226582606,4025923.72597489
1628858335551919688,353542.6614628672,4025923.4088397035
1628858335689910644,353543.1608820598,4025922.6688115965
1628858335761866231,353543.4091765332,4025922.2936105574
1628858335887871896,353543.8637048069,4025921.6474662153
1628858335953707665,353544.127399331,4025921.267991852
1628858336085868633,353544.6296854167,4025920.5567394574
1628858336157857759,353544.9272444114,4025920.176692823
1628858336284115392,353545.45416782796,4025919.453381582
1628858336362012100,353545.80896148924,4025919.011011707
1628858336493985923,353546.36101933254,4025918.272550931
1628858336554023260,353546.62167803745,4025917.928314982
1628858336685851627,353547.218828089,4025917.1782889375
1628858336757783854,353547.5377363413,4025916.770385082
1628858336895952852,353548.208832984,4025915.9447070714
1628858336956002277,353548.4930643438,4025915.5886133946
1628858337099886243,353549.1627109763,4025914.7475484842
1628858337153907927,353549.47779049847,4025914.3676942354
1628858337304001776,353550.2082559597,4025913.44343246
1628858337358021203,353550.4772424642,4025913.115230347
1628858337495923457,353551.1716231964,4025912.2353104665
1628858337555924447,353551.4714075762,4025911.8550891546
1628858337706013763,353552.25803584245,4025910.8917312436
1628858337759770549,353552.51254384464,4025910.569953725
1628858337891756382,353553.2087487256,4025909.722107929
1628858337958017014,353553.5703356256,4025909.2663331176
1628858338089891748,353554.24566379964,4025908.414689782
1628858338161860119,353554.63548170554,4025907.9446133985
1628858338288025786,353555.31917229056,4025907.082162875
1628858338360013432,353555.7111651257,4025906.6035353267
1628858338497936972,353556.4552056046,4025905.6644419925
1628858338557918180,353556.7752177556,4025905.2604108904
1628858338690019145,353557.4965776735,4025904.3733065138
1628858338750019760,353557.8192769177,4025903.965751019
1628858338899993474,353558.6544388737,4025902.932542387
1628858338959918872,353558.98030382604,4025902.5208898396
1628858339091889042,353559.6341155439,4025901.6943605
1628858339223782363,353560.4223790155,4025900.7138858354
1628858339290024570,353560.8060700983,4025900.2279372294
1628858339361945224,353561.2200511755,4025899.7285372685
1628858339493931467,353561.9369394656,4025898.820558405
1628858339613897058,353562.6276872286,4025897.963894484
1628858339697837700,353563.0716242003,4025897.400557205
1628858339824037757,353563.7956296669,4025896.482112723
1628858339895854462,353564.20575493295,4025895.976644001
1628858340027860764,353564.9322551474,4025895.0523133143
1628858340099821409,353565.3243682727,4025894.553649294
1628858340232265245,353566.1362753628,4025893.538351639
1628858340297961684,353566.4750116877,4025893.108186509
1628858340417896678,353567.17203920544,4025892.2311988533
1628858340501805107,353567.62369671057,4025891.653357505
1628858340634035787,353568.4423986734,4025890.6337948632
1628858340699922636,353568.78342881036,4025890.1984946053
1628858340826170512,353569.524905867,4025889.2538153324
1628858340897953889,353569.94459720224,4025888.7401133277
1628858341029840908,353570.68835106137,4025887.7947090473
1628858341095842486,353571.0325465868,4025887.3588976376
1628858341228055335,353571.85689660476,4025886.3285892233
1628858341299934532,353572.2600764454,4025885.8183859573
1628858341443810170,353573.0934504159,4025884.7911295732
1628858341498067346,353573.4424219546,4025884.3525977894
1628858341629997772,353574.21417756623,4025883.386502696
1628858341707950216,353574.67990260187,4025882.7977123363
1628858341839929389,353575.43890603667,4025881.839065544
1628858341899917985,353575.8104997251,4025881.3847859376
1628858342032038926,353576.5728657346,4025880.4228475597
1628858342103852738,353577.01033162,4025879.8972488693
1628858342241941388,353577.83627749083,4025878.858353899
1628858342301931813,353578.19076216663,4025878.411947146
1628858342421913726,353578.92472182564,4025877.513508189
1628858342512041415,353579.45950573205,4025876.843289546
1628858342632052925,353580.2002443728,4025875.9378544153
1628858342697967558,353580.55820531247,4025875.4894664204
1628858342823929684,353581.338193038,4025874.5156035167
1628858342902066396,353581.8351689764,4025873.9159858553
1628858343034057356,353582.61669721187,4025872.941166262
1628858343099903248,353582.97739925305,4025872.490633973
1628858343225947754,353583.78233879874,4025871.5070342044
1628858343303921556,353584.2641285807,4025870.906269449
1628858343436077796,353585.0762498762,4025869.9196416633
1628858343496035604,353585.439070418,4025869.4698519027
1628858343627952981,353586.2536190832,4025868.48599087
1628858343706082553,353586.73812863376,4025867.8872326436
1628858343837882892,353587.52418747323,4025866.914984432
1628858343964064551,353588.33263169357,4025865.9400692834
1628858344029949029,353588.6950141774,4025865.4932320444
1628858344167959179,353589.56276416976,4025864.441249504
1628858344239778331,353589.98351892084,4025863.919901191
1628858344366076135,353590.78374356753,4025862.949756238
1628858344431826399,353591.14322092617,4025862.504356755
1628858344558051046,353591.92078971356,4025861.540713486
1628858344635979839,353592.4283891677,4025860.9394064094
1628858344761813032,353593.1463310955,4025860.051859611
1628858344833866304,353593.5645873407,4025859.534330282
1628858344971997059,353594.41978978575,4025858.4964382336
1628858345038010370,353594.8361712652,4025857.9799248422
1628858345170096439,353595.63391559885,4025857.0146364816
1628858345229995748,353595.9902482922,4025856.572738861
1628858345373971501,353596.8393272045,4025855.5354311876
1628858345440121230,353597.25353889284,4025855.0205262494
1628858345572118048,353598.0208806395,4025854.0638084314
1628858345631978046,353598.39439518645,4025853.6255422053
1628858345770119174,353599.21783865435,4025852.5989904986
1628858345835887406,353599.5702132173,4025852.159418226
1628858345973976711,353600.4174982015,4025851.1260627904
1628858346039927549,353600.7698802318,4025850.6869253283
1628858346165943888,353601.5489292203,4025849.729483666
1628858346244134162,353602.01681476674,4025849.1437178934
1628858346364101737,353602.73737884196,4025848.264947345
1628858346429939623,353603.0870279533,4025847.8266038406
1628858346562022726,353603.9028935841,4025846.804842242
1628858346645857455,353604.38904593186,4025846.2182797613
1628858346771887448,353605.08637798205,4025845.3444108833
1628858346831906689,353605.43399500125,4025844.9086042717
1628858346975988485,353606.30671707395,4025843.8219172177
1628858347048029427,353606.70353743865,4025843.321611784
1628858347167909295,353607.41307863774,4025842.4496502373
1628858347233916137,353607.75013745093,4025842.0247185654
1628858347377987758,353608.61118016695,4025840.956585513
1628858347437983405,353608.9437982756,4025840.5361387255
1628858347569851478,353609.6611499698,4025839.6315134945
1628858347630107027,353610.0034707882,4025839.2055317285
1628858347773859122,353610.76439920836,4025838.2429496692
1628858347846048958,353611.19624865986,4025837.697153484
1628858347966014905,353611.84429919027,4025836.892103661
1628858348031895811,353612.1655424349,4025836.4865739834
1628858348170130392,353612.93337399233,4025835.5478167427
1628858348241978442,353613.31047808536,4025835.0744485664
1628858348374005725,353614.0233533705,4025834.206474927
1628858348428197477,353614.3462880706,4025833.8017026037
1628858348566210682,353615.1004381965,4025832.856928158
1628858348644010271,353615.4957030766,4025832.3909438183
1628858348770058131,353616.19699952594,4025831.514964305
1628858348902014351,353616.915966217,4025830.637206278
1628858348973857424,353617.29462656897,4025830.1638043844
1628858349105937339,353618.0139687159,4025829.2847736315
1628858349172125423,353618.3936745799,4025828.810026609
1628858349298292201,353619.09966601955,4025827.926506462
1628858349375903531,353619.4950425351,4025827.4580713925
1628858349502140740,353620.2033732226,4025826.575717289
1628858349568018915,353620.5306604203,4025826.168422662
1628858349712073260,353621.36396213656,4025825.150656184
1628858349772038304,353621.6916509567,4025824.7436447414
1628858349904032436,353622.4183804029,4025823.857455283
1628858349976132822,353622.8011955407,4025823.3806646783
1628858350101903794,353623.45744208834,4025822.562057219
1628858350174064715,353623.9138401637,4025822.018715798
1628858350306031296,353624.62593443284,4025821.1296685543
1628858350377995174,353625.02506288356,4025820.6520608417
1628858350504152066,353625.7380256504,4025819.762022462
1628858350581920943,353626.12221748976,4025819.281798411
1628858350701977037,353626.79886045173,4025818.4565600874
1628858350779919892,353627.23941075406,4025817.9054222046
1628858350906160398,353627.97665329487,4025817.0110219093
1628858350978143877,353628.3637040463,4025816.528399816
1628858351103922368,353629.02695119416,4025815.6996037317
1628858351170035234,353629.4300850048,4025815.2188005294
1628858351320169740,353630.26154031965,4025814.180123381
1628858351380160878,353630.6118256135,4025813.7648265823
1628858351512047318,353631.3345508093,4025812.8618826745
1628858351577980371,353631.66899681895,4025812.444732449
1628858351721933960,353632.5229572364,4025811.4032187765
1628858351781911584,353632.85808059166,4025810.9846075685
1628858351908150629,353633.5978472694,4025810.0769662466
1628858351980149270,353633.98912000237,4025809.5877041845
1628858352118325851,353634.7864524374,4025808.604726563
1628858352172151938,353635.0666328246,4025808.254094741
1628858352303928979,353635.79573017,4025807.3398970217
1628858352370177779,353636.20705531817,4025806.843532915
1628858352514032821,353636.99582898174,4025805.854283706
1628858352573958803,353637.33429336315,4025805.429283832
1628858352705925090,353638.0845915546,4025804.5127255567
1628858352837986148,353638.8203536504,4025803.590160512
1628858352916056377,353639.2888596549,4025803.024570252
1628858352976054143,353639.62906640716,4025802.5979197957
1628858353108054812,353640.38643780665,4025801.668276054
1628858353234061796,353641.12771259574,4025800.7396099474
1628858353318195959,353641.585082195,4025800.166921777
1628858353450044598,353642.34542459133,4025799.2378918165
1628858353516060118,353642.74733596464,4025798.7370178187
1628858353642057782,353643.45358778397,4025797.8740416314
1628858353726146181,353643.97332165064,4025797.228240322
1628858353851859899,353644.66827203287,4025796.364661636
1628858353912054696,353645.0237880538,4025795.9337398005
1628858354038067139,353645.77733774355,4025794.996382915
1628858354109983028,353646.1989404416,4025794.488699169
1628858354248174257,353647.0135888542,4025793.4773807577
1628858354308190803,353647.36331740237,4025793.04347447
1628858354440076798,353648.13819619885,4025792.1023129364
1628858354518054426,353648.6073586913,4025791.5231164913
1628858354650186085,353649.38485222217,4025790.584974151
1628858354710187259,353649.73677520757,4025790.1508859564
1628858354836456402,353650.4980907639,4025789.212513381
1628858354908111665,353650.92486898927,4025788.7076722058
1628858355052173087,353651.73592493637,4025787.707641691
1628858355106085004,353652.02441739046,4025787.352174209
1628858355238184670,353652.85379840503,4025786.3457575133
1628858355310212153,353653.254450158,4025785.8515429595
1628858355453943557,353654.0770036414,4025784.860065699
1628858355502063064,353654.3603320826,4025784.5096217575
1628858355633967842,353655.1189487905,4025783.592089267
1628858355712216727,353655.56968849176,4025783.035108474
1628858355850132753,353656.37307016936,4025782.068502934
1628858355915955855,353656.7066585427,4025781.6546375067
1628858356042218052,353657.4271256174,4025780.7622246942
1628858356119957080,353657.83191390766,4025780.281616308
1628858356252110884,353658.60047229,4025779.3274742537
1628858356312130038,353658.9272087072,4025778.919877771
1628858356444077385,353659.65185147006,4025778.043393601
1628858356522195022,353660.0824607571,4025777.505117059
1628858356654207569,353660.79052294506,4025776.633479193
1628858356714108810,353661.1076767879,4025776.23309803
1628858356846104512,353661.7374120427,4025775.4362543756
1628858356918046113,353662.17218863324,4025774.9134220607
1628858357044225603,353662.8423994633,4025774.062887591
1628858357176210611,353663.5233401176,4025773.215225691
1628858357236209037,353663.8264297383,4025772.8277431782
1628858357380001140,353664.5450235482,4025771.921898608
1628858357451985026,353664.89234856865,4025771.475672104
1628858357583973174,353665.5300056735,4025770.652728195
1628858357638216334,353665.8389988493,4025770.271465168
1628858357728109277,353666.27365653426,4025769.7090268396
1628858357859978242,353666.90997051675,4025768.9005062985
1628858357980076605,353667.4761803647,4025768.1657865327
1628858358040235913,353667.7575029512,4025767.801310172
1628858358178159525,353668.4253783596,4025766.9606022956
1628858358256003173,353668.7491429212,4025766.5468384167
1628858358382005297,353669.3614310308,4025765.7865908723
1628858358442093749,353669.63249283074,4025765.4397745105
1628858358580263982,353670.25488670595,4025764.6382070067
1628858358640223728,353670.53425003565,4025764.3131184033
1628858358784025009,353671.14179202117,4025763.5320292963
1628858358850032645,353671.3991514724,4025763.2014776273
1628858358982217908,353672.0081148149,4025762.4431079603
1628858359054117797,353672.300547856,4025762.0678831204
1628858359179999509,353672.8102800809,4025761.4367676647
1628858359240158503,353673.09459246416,4025761.0685941484
1628858359384187525,353673.67328709154,4025760.3538744487
1628858359450387873,353673.95307930757,4025759.9963316615
1628858359575993365,353674.4279732577,4025759.3912744583
1628858359642178840,353674.7122345406,4025759.0562165077
1628858359786078119,353675.25389919523,4025758.3714993014
1628858359852221949,353675.5348168238,4025758.0516851954
1628858359978116140,353675.9922468198,4025757.485917979
1628858360044213044,353676.2562247196,4025757.1605362133
1628858360188014843,353676.7913634626,4025756.5267051454
1628858360248004956,353677.0115998856,4025756.256786951
1628858360386246698,353677.5350856058,4025755.6449213866
1628858360452019887,353677.75009885355,4025755.3837632146
1628858360578057139,353678.2093951546,4025754.8272963855
1628858360656242086,353678.5017747686,4025754.4958723644
1628858360776246585,353678.91133134696,4025754.001105409
1628858360848221976,353679.1461211903,4025753.7183167483
1628858360986189879,353679.62258090766,4025753.1734221084
1628858361058128228,353679.8475171069,4025752.903496174
1628858361184032242,353680.24523579783,4025752.4558950453
1628858361244584361,353680.46095667314,4025752.1968736458
1628858361388158443,353680.8988974383,4025751.7022527247
1628858361459995486,353681.0752161649,4025751.4918128024
1628858361580162038,353681.4470375298,4025751.046736567
1628858361718225125,353681.84542623226,4025750.591813296
1628858361790269114,353682.0312949322,4025750.3685940225
1628858361910247886,353682.3561495793,4025750.0012455825
1628858362000028818,353682.556504132,4025749.7611591117
1628858362132267000,353682.90825510136,4025749.3636814174
1628858362180288715,353683.02495932963,4025749.222943973
1628858362312274590,353683.3197559391,4025748.868359259
1628858362384058729,353683.4848521714,4025748.690925952
1628858362522154858,353683.77855926834,4025748.333264479
1628858362582141393,353683.89965961326,4025748.185387011
1628858362714282949,353684.1634872846,4025747.8908402994
1628858362786187130,353684.2944653006,4025747.7315190486
1628858362924321181,353684.55308318813,4025747.435681519
1628858362984182831,353684.6565328874,4025747.3088202816
1628858363122282844,353684.89640442294,4025747.045018656
1628858363182276132,353684.99161982967,4025746.9293286107
1628858363326153981,353685.20325006114,4025746.670215709
1628858363386169990,353685.30027769663,4025746.5823320444
1628858363518123100,353685.47892395814,4025746.365133776
1628858363597460471,353685.5837680782,4025746.237714231
1628858363723534286,353685.75007959094,4025746.049107643
1628858363789255897,353685.82213344274,4025745.9606158654
1628858363915552385,353685.9706854102,4025745.7974221283
1628858363987367043,353686.04692513595,4025745.703799697
1628858364125541068,353686.1965242885,4025745.5556343803
1628858364185594625,353686.25525630056,4025745.484265414
1628858364317602183,353686.37833030237,4025745.3339832234
1628858364389415489,353686.44554499694,4025745.266155
1628858364528155118,353686.5753334769,4025745.1086753984
1628858364588192219,353686.6327211869,4025745.0408314024
1628858364714063435,353686.73705228383,4025744.9372521704
1628858364792188093,353686.81336735707,4025744.844476476
1628858364918255194,353686.9325875561,4025744.729839376
1628858364984075781,353686.9913504,4025744.660296016
1628858365122072441,353687.11810376315,4025744.525494442
1628858365188267120,353687.1872131385,4025744.443356841
1628858365332179651,353687.3299750297,4025744.273420935
1628858365392189509,353687.39084984356,4025744.2169008157
1628858365530121375,353687.53225372673,4025744.0496779555
1628858365650313228,353687.673993674,4025743.895130453
1628858365734191853,353687.77043801616,4025743.7799233557
1628858365794196286,353687.84528485057,4025743.690561257
1628858365920219062,353688.00461993605,4025743.515321883
1628858366052285538,353688.1833432073,4025743.3026772747
1628858366112301507,353688.27009542455,4025743.199057585
1628858366196184158,353688.3809816895,4025743.086072845
1628858366316241888,353688.56995468284,4025742.8659447124
1628858366454101049,353688.7823075728,4025742.6279333546
1628858366526082606,353688.92128740216,4025742.4653515266
1628858366658213511,353689.1508008735,4025742.206214708
1628858366724076859,353689.26381580695,4025742.0747026014
1628858366850211458,353689.5189717937,4025741.779859363
1628858366928062911,353689.68080032076,4025741.6004664656
1628858367066404387,353689.9750910716,4025741.2592706806
1628858367126331723,353690.10723178857,4025741.1181935915
1628858367258222798,353690.3981496149,4025740.7832808644
1628858367342068882,353690.5831655253,4025740.570983436
1628858367469324702,353690.894446919,4025740.2094387575
1628858367529311410,353691.0400977755,4025740.0406964677
1628858367649327136,353691.3414277398,4025739.693455492
1628858367739430697,353691.57057850825,4025739.4272868284
1628858367865647756,353691.9167162736,4025739.0443439786
1628858367919432481,353692.0499222175,4025738.8904371993
1628858368051336272,353692.4034057349,4025738.483455878
1628858368117532416,353692.60230394686,4025738.2546877367
1628858368261396039,353692.99873839505,4025737.7960128775
1628858368321451508,353693.1724853611,4025737.5958954156
1628858368453376073,353693.56540400547,4025737.1567316772
1628858368531319411,353693.80705556,4025736.879026617
1628858368663413640,353694.2119904108,4025736.4213188826
1628858368723416626,353694.3984793419,4025736.2058786214
1628858368849349128,353694.81327096303,4025735.7318687304
1628858368933305958,353695.0693168023,4025735.4354817877
1628858369071587415,353695.5249736494,4025734.9091536473
1628858369131515419,353695.7321074202,4025734.676508611
1628858369251544156,353696.13398931257,4025734.2114877203
1628858369335314964,353696.40536132746,4025733.8973868885
1628858369473532007,353696.89767890784,4025733.340840585
1628858369533497782,353697.107361365,4025733.100082518
1628858369653539894,353697.5402520201,4025732.6135172234
1628858369725413608,353697.7896040451,4025732.3255413403
1628858369863286494,353698.3000973359,4025731.7429103265
1628858369929434225,353698.51782721013,4025731.4907506276
1628858370055582895,353698.9966483922,4025730.940973582
1628858370139356591,353699.3014963035,4025730.592384396
1628858370265302475,353699.78551856265,4025730.0289115366
1628858370325326037,353700.01095806854,4025729.767033437
1628858370457328812,353700.5149897787,4025729.195717388
1628858370535512161,353700.8212604648,4025728.841012137
1628858370667409276,353701.3357608608,4025728.253482339
1628858370799328677,353701.8413362955,4025727.6651333403
1628858370859310201,353702.08794714627,4025727.3883094746
1628858370937535876,353702.4032246223,4025727.021180291
1628858371069570207,353702.9192213281,4025726.4210377177
1628858371189401789,353703.40311636694,4025725.8536161366
1628858371255347671,353703.68485334364,4025725.524363054
1628858371393303571,353704.2213719223,4025724.917801118
1628858371471414888,353704.54645260895,4025724.5384196006
1628858371597317092,353705.0375946098,4025723.9664049423
1628858371663426318,353705.330802229,4025723.629672179
1628858371789293646,353705.86686252453,4025723.003178549
1628858371867524833,353706.2081205753,4025722.623960816
1628858371993452694,353706.70896165806,4025722.040754188
1628858372065273906,353707.00335957936,4025721.698595935
1628858372191298047,353707.5616885165,4025721.0715319845
1628858372269488766,353707.9022872356,4025720.6785562215
1628858372389525787,353708.4252765092,4025720.0876439568
1628858372461546760,353708.7271796165,4025719.741731288
1628858372599346294,353709.33430567087,4025719.0477022585
1628858372671328906,353709.64457095007,4025718.690953905
1628858372792269102,353710.17246341123,4025718.090384049
1628858372858275860,353710.44876906957,4025717.7900793427
1628858372996284399,353711.0764345879,4025717.0870500654
1628858373068286619,353711.39416649437,4025716.7351100934
1628858373194275470,353711.9906860851,4025716.0816467474
1628858373254287464,353712.2668481721,4025715.780060877
1628858373398052613,353712.9239863603,4025715.0729484363
1628858373464393242,353713.2527134024,4025714.7215153244
1628858373596279612,353713.8696369008,4025714.0691000987
1628858373656286995,353714.1595962455,4025713.7640789547
1628858373794411796,353714.83576700557,4025713.05993753
1628858373866401864,353715.1826996204,4025712.705881676
1628858373998295554,353715.82319757086,4025712.0470853075
1628858374058167173,353716.1214070866,4025711.742668854
1628858374202156815,353716.83255436237,4025711.027839681
1628858374274290113,353717.18521945697,4025710.673484978
1628858374400291847,353717.85924367403,4025710.0120991925
1628858374460188582,353718.1690972856,4025709.7068606676
1628858374598190971,353718.84926404094,4025709.0441582096
1628858374670181059,353719.27131110034,4025708.634619925
1628858374796408050,353719.9620762996,4025707.9670007955
1628858374868181812,353720.29375906545,4025707.656854402
1628858375000302250,353721.0473418798,4025706.935680757
1628858375072159987,353721.4269762237,4025706.5735658677
1628858375192295360,353722.0925898884,4025705.94903908
1628858375342177504,353722.9253618233,4025705.164276645
1628858375402154370,353723.27016479266,4025704.853969972
1628858375468610281,353723.6648940398,4025704.48574101
1628858375600431260,353724.4038022881,4025703.80277564
1628858375738314187,353725.155630984,4025703.115052758
1628858375804312258,353725.5603128326,4025702.747037386
1628858375930336698,353726.32503732695,4025702.0530925966
1628858376008190082,353726.73560163437,4025701.682818874
1628858376134249036,353727.5076001247,4025700.9931154703
1628858376200205245,353727.86594823486,4025700.6752713877
1628858376326111743,353728.6473824311,4025699.9840851384
1628858376398302977,353729.08724461065,4025699.6102233347
1628858376548195714,353730.0012857553,4025698.8127298215
1628858376602468770,353730.383616557,4025698.4909982565
1628858376728199746,353731.12592366437,4025697.8502356205
1628858376794410393,353731.56181670376,4025697.4762540194
1628858376950243023,353732.5117425758,4025696.6712429
1628858377004400913,353732.88992887817,4025696.3498522467
1628858377124452354,353733.65901948954,4025695.6939359005
1628858377202199253,353734.1053461392,4025695.3161162236
1628858377340323529,353735.00524814276,4025694.5596069284
1628858377406332127,353735.4686463258,4025694.1698338087
1628858377532320739,353736.2527158159,4025693.518997902
1628858377610331054,353736.7931291205,4025693.074248212
1628858377748209369,353737.657567343,4025692.364614074
1628858377802334788,353738.06099863246,4025692.038170373
1628858377928327270,353738.94644333655,4025691.3218913977
1628858378000228316,353739.42702770967,4025690.9377946956
1628858378138420575,353740.40137283446,4025690.1763904737
1628858378204198503,353740.8219087635,4025689.8471825058
1628858378330328574,353741.7475581633,4025689.13342972
1628858378396575172,353742.2414979129,4025688.7522549513
1628858378540437560,353743.267948421,4025687.978828975
1628858378600472929,353743.7136523298,4025687.647247116
1628858378738368983,353744.7660096536,4025686.871823922
1628858378798378455,353745.22432494885,4025686.5388696534
1628858378936214658,353746.2295217827,4025685.808035473
1628858379002474596,353746.7811515106,4025685.4130242267
1628858379134332072,353747.81198653096,4025684.6932093864
1628858379266350604,353748.86661539704,4025683.9583141236
1628858379344225762,353749.5231308917,4025683.5069597666
1628858379404240164,353750.019788758,4025683.1638448406
1628858379536353795,353751.1100489744,4025682.4281197195
1628858379662413900,353752.2199431672,4025681.6803713213
1628858379746283703,353752.90740933357,4025681.2257025912
1628858379806318575,353753.42535649566,4025680.8854635134
1628858379933336548,353754.58243021864,4025680.137617413
1628858380071416100,353755.72607643943,4025679.4078700123
1628858380143512747,353756.4614591951,4025678.928058949
1628858380275357072,353757.6275949485,4025678.196353037
1628858380335338441,353758.1684765663,4025677.858817194
1628858380467344922,353759.3655070612,4025677.1132501513
1628858380533533092,353760.0026511786,4025676.718349467
1628858380677570358,353761.31699071644,4025675.9256141414
1628858380731251053,353761.7782515775,4025675.6441708524
1628858380863397813,353763.100352269,4025674.848367523
1628858380947576235,353763.84578904824,4025674.4000649103
1628858381085380366,353765.0684054957,4025673.669615786
1628858381139385958,353765.675616098,4025673.3274135967
1628858381271299809,353766.9169976086,4025672.5985478605
1628858381349382300,353767.68095674744,4025672.151909102
1628858381475523886,353768.95868186955,4025671.4246353754
1628858381535464198,353769.53812305594,4025671.0933848545
1628858381667413503,353770.82672288583,4025670.373938848
1628858381739371676,353771.5135704696,4025669.9874091893
1628858381877513091,353772.9147093669,4025669.2202423415
1628858381931375673,353773.4075709514,4025668.948665465
1628858382069540316,353774.7891722972,4025668.1919757244
1628858382147361274,353775.50943938066,4025667.807369753
1628858382279382976,353776.90285931155,4025667.0638019666
1628858382339417091,353777.4019533574,4025666.7998488
1628858382465253654,353778.7211226325,4025666.1159373755
1628858382549433800,353779.6220902805,4025665.6537282667
1628858382687425788,353780.93740872055,4025664.976702881
1628858382741396053,353781.5413492019,4025664.6721396414
1628858382861387453,353782.7755311731,4025664.059060038
1628858382957351157,353783.68805858574,4025663.609099964
1628858383083382139,353785.00956691976,4025662.9660972715
1628858383143395146,353785.649778672,4025662.6588395834
1628858383275398305,353786.972705174,4025662.027524465
1628858383353529478,353787.8052018122,4025661.631069816
1628858383485428408,353789.1354445742,4025661.013730816
1628858383611394875,353790.38441726565,4025660.448811606
1628858383671438878,353791.10741979704,4025660.1249750927
1628858383737374901,353791.72742961225,4025659.8503159345
1628858383881400573,353793.1988954819,4025659.19591178
1628858383935495346,353793.8222216066,4025658.929688397
1628858384067433265,353795.1759699186,4025658.366969708
1628858384151360314,353796.02837795974,4025657.992992007
1628858384283507611,353797.4956170139,4025657.41362676
1628858384403844161,353798.7778323605,4025656.9269448593
1628858384469372143,353799.4113866271,4025656.691730863
1628858384607405996,353800.9157534718,4025656.1495819185
1628858384679407586,353801.65984390106,4025655.8890200974
1628858384805714016,353803.0459291084,4025655.419599276
1628858384865564224,353803.70383481204,4025655.2132032067
1628858385009389392,353805.2062600781,4025654.7404622436
1628858385087415509,353806.06879662647,4025654.4784063976
1628858385207525353,353807.384593201,4025654.071955092
1628858385267532664,353808.0357172119,4025653.883244345
1628858385411425677,353809.5803398826,4025653.455172272
1628858385477454452,353810.3458655871,4025653.2459314577
1628858385597464241,353811.6609977874,4025652.8977732863
1628858385669411521,353812.45443416754,4025652.6967823296
1628858385813425122,353813.998158505,4025652.3095131796
1628858385885305910,353814.79697812884,4025652.13456246
1628858386011427101,353816.23866425967,4025651.7915489
1628858386071423414,353816.90623046784,4025651.6367795262
1628858386215399046,353818.48747558787,4025651.2774658357
1628858386281550398,353819.269762337,4025651.1065938477
1628858386413422389,353820.7535305654,4025650.801422816
1628858386473428663,353821.4279187581,4025650.6602869793
1628858386611534482,353823.0141746086,4025650.3519610595
1628858386683542201,353823.80084680323,4025650.1986318897
1628858386815348182,353825.2609815283,4025649.9216542775
1628858386869859722,353825.9639442926,4025649.8100358066
1628858387013452350,353827.5442841201,4025649.527292822
1628858387085434569,353828.33451375505,4025649.3894604896
1628858387205440167,353829.70905969595,4025649.176656345
1628858387277422842,353830.501287224,4025649.0450924304
1628858387409318025,353831.99038430845,4025648.820613941
1628858387487447403,353832.8937851252,4025648.679759505
1628858387607428790,353834.2782734701,4025648.495513239
1628858387679452843,353835.0710146653,4025648.3799247504
1628858387817430423,353836.65661107696,4025648.155505754
1628858387883588812,353837.4632509865,4025648.0569713945
1628858388009427728,353838.82255038945,4025647.8774612877
1628858388081461890,353839.6154911341,4025647.777319462
1628858388207427160,353841.1009568891,4025647.594461326
1628858388339439044,353842.5739293808,4025647.4235939793
1628858388417576343,353843.49367421464,4025647.328966442
1628858388537546177,353844.84992621304,4025647.1859010835
1628858388609457763,353845.66260311496,4025647.1159828794
1628858388741455842,353847.13209930435,4025646.9742278224
1628858388807562309,353847.92342549615,4025646.901396847
1628858388951502377,353849.5200395293,4025646.762045733
1628858389011460782,353850.1983994226,4025646.70437987
1628858389149607259,353851.79727332055,4025646.5868341434
1628858389209469953,353852.4738785536,4025646.5336994138
1628858389353463832,353854.05640820117,4025646.4169485127
1628858389413421218,353854.72939065,4025646.3661486194
1628858389551460355,353856.29741665896,4025646.257996928
1628858389611479559,353856.9797783607,4025646.216850508
1628858389761599137,353858.6528589667,4025646.1057528704
1628858389809593188,353859.2099384859,4025646.0697098607
1628858389953458442,353860.78435068135,4025645.9855526825
1628858390019340831,353861.45354526513,4025645.9417752284
1628858390145448545,353862.9071591019,4025645.8571528317
1628858390211563526,353863.6897302868,4025645.808061137
1628858390344502363,353865.1442701652,4025645.7204403956
1628858390415471435,353865.9305336985,4025645.6912376136
1628858390553459332,353867.49281794985,4025645.6045395522
1628858390613603461,353868.17290249816,4025645.5984744006
1628858390745588416,353869.62370086275,4025645.5242461194
1628858390817484164,353870.4048921955,4025645.483814815
1628858390955488803,353871.97542104044,4025645.41549519
1628858391015473730,353872.6433843166,4025645.3819475453
1628858391147486946,353874.1021287322,4025645.312011115
1628858391213727937,353874.88120757113,4025645.2729891306
1628858391357485950,353876.45136288286,4025645.1969937794
1628858391417477410,353877.1191198457,4025645.1620690315
1628858391549464696,353878.5634625141,4025645.081435557
1628858391615611889,353879.35291958484,4025645.0497768843
1628858391753374539,353880.79602261644,4025644.9607799365
1628858391813988777,353881.5727640735,4025644.9098273837
1628858391951481901,353883.0251130536,4025644.8261986384
1628858392011483073,353883.69084749895,4025644.779917754
1628858392161501263,353885.3674646034,4025644.675830531
1628858392221497785,353886.0331712897,4025644.6279023397
1628858392353609493,353887.48585611314,4025644.527987474
1628858392479477645,353888.92463813664,4025644.4180074995
1628858392557621919,353889.80971255945,4025644.3485819474
1628858392611441113,353890.36335369723,4025644.3113248004
1628858392749587493,353891.90790491883,4025644.186477767
1628858392881508014,353893.35516100784,4025644.065041229
1628858392959635691,353894.2352458404,4025643.989283894
1628858393019610077,353894.8953022384,4025643.932036918
1628858393139603090,353896.22824347904,4025643.814565008
1628858393277515143,353897.6618658656,4025643.6845394
1628858393350101017,353898.55083459,4025643.618016949
1628858393493619552,353900.0951253648,4025643.477710917
1628858393547503048,353900.64664458623,4025643.4268182577
1628858393673635094,353902.0899376422,4025643.309249451
1628858393763546262,353903.085451242,4025643.219561416
1628858393895486771,353904.5260893456,4025643.085703158
1628858393943521410,353905.07764151826,4025643.036763362
1628858394081405639,353906.5144511419,4025642.911141093
1628858394165529688,353907.5283755669,4025642.823760128
1628858394297403529,353908.96858833206,4025642.700873276
1628858394357585661,353909.65381252056,4025642.6448587896
1628858394483647537,353911.09731448005,4025642.525189877
1628858394567506718,353911.98722207034,4025642.452801214
1628858394699447173,353913.43626022,4025642.3139505414
1628858394747535047,353913.9924777114,4025642.2702046167
1628858394879484967,353915.4668046229,4025642.147010871
1628858394951463650,353916.24768798845,4025642.0882935356
1628858395089403548,353917.8095244195,4025641.974993052
1628858395149509779,353918.49108987465,4025641.9191782665
1628858395281471887,353919.9450967248,4025641.8180029956
1628858395359636029,353920.8498205561,4025641.755550814
1628858395491727244,353922.3042344788,4025641.6604192187
1628858395539648427,353922.86364759214,4025641.625203118
1628858395677586897,353924.43712557945,4025641.5290340604
1628858395749537994,353925.22035499045,4025641.482759746
1628858395899647956,353926.89352198516,4025641.376732209
1628858395953407820,353927.4514764982,4025641.345508292
1628858396085541239,353928.9021863944,4025641.265996647
1628858396163424684,353929.79422926414,4025641.222512267
1628858396283461167,353931.129769034,4025641.1541660153
1628858396349625124,353931.9307220001,4025641.12374511
1628858396481647569,353933.37206828466,4025641.0536083775
1628858396553551286,353934.1451404628,4025641.016699517
1628858396697548021,353935.70815147547,4025640.9441083805
1628858396752147885,353936.3686623656,4025640.9138117023
1628858396883671734,353937.80366477044,4025640.8547690003
1628858396967581945,353938.681948961,4025640.8170105987
1628858397093558348,353940.10551823914,4025640.7568181786
1628858397213556612,353941.4297379438,4025640.7085160683
1628858397285424169,353942.19157286524,4025640.6784577956
1628858397363604747,353943.07932119304,4025640.644530541
1628858397495569019,353944.4866040321,4025640.5885653473
1628858397615526607,353945.7948003229,4025640.538367175
1628858397687446482,353946.5481130595,4025640.509665978
1628858397765691879,353947.4065459225,4025640.4782855012
1628858397891886046,353948.80937097117,4025640.425814119
1628858398017566564,353950.0873917897,4025640.3814580673
1628858398089476621,353950.8304115361,4025640.3576914594
1628858398215695891,353952.2280689577,4025640.3136771936
1628858398299572884,353953.0736095442,4025640.2851085356
1628858398419569215,353954.3506478686,4025640.251267764
1628858398479525357,353954.98019819683,4025640.2309318236
1628858398617566059,353956.44358709955,4025640.1794095263
1628858398689686681,353957.1717088837,4025640.155337553
1628858398815938655,353958.5224234418,4025640.110963273
1628858398881553964,353959.14355744905,4025640.0946452017
1628858399019551808,353960.5860195102,4025640.047252796
1628858399097709638,353961.4146912426,4025640.0281931725
1628858399217725067,353962.6419764655,4025639.990217577
1628858399289700519,353963.35615630524,4025639.9682426276
1628858399421559530,353964.68615596707,4025639.926087562
1628858399493463251,353965.3952379888,4025639.905846632
1628858399625479655,353966.7165951133,4025639.8687737416
1628858399679700297,353967.3224223969,4025639.8532482283
1628858399823582528,353968.73609410465,4025639.8214561767
1628858399895489951,353969.444962639,4025639.803034979
1628858400021710432,353970.76008270594,4025639.7797778784
1628858400087512956,353971.36783938087,4025639.770087171
1628858400225607659,353972.7825464997,4025639.7417878713
1628858400291743543,353973.49159659445,4025639.7305203513
1628858400423570476,353974.7910011313,4025639.723642
1628858400483584423,353975.3969548658,4025639.71562228
1628858400621733860,353976.8078728566,4025639.70152481
1628858400699574884,353977.51270443987,4025639.693464388
1628858400825502014,353978.72010153683,4025639.6814228836
1628858400885592518,353979.422956274,4025639.6574656777
1628858401023729292,353980.81836337224,4025639.6392890415
1628858401095820724,353981.51296895486,4025639.6292726197
1628858401227583507,353982.8007145267,4025639.6042202334
1628858401359506319,353984.0970618244,4025639.5789086795
1628858401425742056,353984.78176603536,4025639.5680903965
1628858401497685820,353985.46402217005,4025639.556878532
1628858401617705681,353986.6380589895,4025639.535542938
1628858401767586526,353988.08525752934,4025639.5120698703
1628858401827614857,353988.66188803484,4025639.5025156536
1628858401899459772,353989.3432223274,4025639.490930524
1628858402019825555,353990.4912863276,4025639.4712918676
1628858402169609218,353991.92369424703,4025639.4393939534
1628858402235658999,353992.4966544955,4025639.4293601345
1628858402361500843,353993.7374394507,4025639.402895587
1628858402427719017,353994.4058788546,4025639.390345526
1628858402559750371,353995.64707732946,4025639.3666895456
1628858402631617875,353996.3135760671,4025639.351257881
1628858402751724889,353997.4538978481,4025639.328553844
1628858402829603952,353998.1180473013,4025639.3149700677
1628858402961707041,353999.44827026094,4025639.2788285716
1628858403021742735,354000.01570168184,4025639.2666834826
1628858403159508062,354001.2477938084,4025639.2350716246
1628858403219665484,354001.90978113323,4025639.2199529004
1628858403363581639,354003.2318041691,4025639.1753136027
1628858403429751718,354003.89163116843,4025639.15876657
1628858403561665545,354005.11700210755,4025639.1267267936
1628858403621652280,354005.68118113733,4025639.106297897
1628858403771735939,354007.0905049183,4025639.07003821
1628858403825520762,354007.5602810517,4025639.0580432243
1628858403969497016,354008.8848686964,4025639.0170923793
1628858404029620759,354009.44860494294,4025639.002988356
1628858404167560820,354010.7619872277,4025638.963538809
1628858404227534108,354011.3275557072,4025638.9495032253
1628858404353779308,354012.55557984114,4025638.897423081
1628858404425739797,354013.21538654884,4025638.879671653
1628858404557640984,354014.44173264224,4025638.847548106
1628858404623909087,354015.1058030795,4025638.82565089
1628858404755694021,354016.3357187131,4025638.7952756593
1628858404833492654,354016.9998232026,4025638.7790237926
1628858404965686492,354018.3119479896,4025638.730143713
1628858405031649709,354018.87933213473,4025638.715193027
1628858405163455078,354020.1146799752,4025638.6703224806
1628858405224078912,354020.77877611935,4025638.6535751293
1628858405373509721,354022.10993441875,4025638.604115641
1628858405427676411,354022.68096184096,4025638.5880433517
1628858405565869343,354024.01566541323,4025638.553386568
1628858405691538886,354025.16615922016,4025638.5076952386
1628858405763639313,354025.83262379176,4025638.490236996
1628858405835525226,354026.5000024942,4025638.472694743
1628858405955534300,354027.6478897129,4025638.4244460124
1628858406093639107,354028.988847272,4025638.3878459716
1628858406159775941,354029.6423523584,4025638.340218285
1628858406231787594,354030.3100475919,4025638.3197260355
1628858406363537092,354031.55759023875,4025638.2777416557
1628858406489706602,354032.7988677267,4025638.2479098355
1628858406573628085,354033.56158081966,4025638.226504219
1628858406705517434,354034.8063649152,4025638.176563497
1628858406759767804,354035.37478536565,4025638.1615354065
1628858406897577469,354036.6291691981,4025638.1198561606
1628858406963663529,354037.2979739524,4025638.100009526
1628858407101807091,354038.6473335024,4025638.0621632156
1628858407155542710,354039.1257612227,4025638.049246041
1628858407293783413,354040.4624856374,4025638.014985008
1628858407371718995,354041.23399998265,4025637.9797980627
1628858407503780975,354042.47735700815,4025637.9465985512
1628858407557908849,354042.9562723676,4025637.9336428586
1628858407701537062,354044.3020007311,4025637.8940122603
1628858407755768647,354044.8767284757,4025637.880206094
1628858407905669133,354046.3186710755,4025637.827343541
1628858407965687519,354046.893700832,4025637.813349317
1628858408097797663,354048.143350886,4025637.7841492747
1628858408175694467,354048.9151353644,4025637.7650031485
1628858408307642853,354050.1707035999,4025637.7356655905
1628858408367771052,354050.757042178,4025637.7045667493
1628858408487685300,354051.92072571337,4025637.677348962
1628858408583549240,354052.7944262568,4025637.6573567144
1628858408709662666,354054.07366324414,4025637.6272320533
1628858408769686803,354054.6609852663,4025637.6146640494
1628858408889704931,354055.8325126514,4025637.5748024457
1628858408961581353,354056.5199056591,4025637.5605570916
1628858409093564725,354057.7969710031,4025637.5355812632
1628858409159826222,354058.4865018761,4025637.5141818146
1628858409291673440,354059.77082807285,4025637.489061124
1628858409369696420,354060.5604646356,4025637.4607958156
1628858409507586459,354061.85244205716,4025637.4405896505
1628858409567683893,354062.45096994954,4025637.4301757175
1628858409693702996,354063.75784921215,4025637.403256791
1628858409771694017,354064.56320467166,4025637.3914279817
1628858409909802473,354065.98332749814,4025637.3694156604
1628858409969819807,354066.5919138432,4025637.361884422
1628858410095583495,354067.8146486205,4025637.3472853685
1628858410173707710,354068.62580850156,4025637.3213134315
1628858410305573244,354069.9573595966,4025637.306057404
1628858410431854792,354071.29355044325,4025637.2618613467
1628858410491837652,354071.9132864026,4025637.253143298
1628858410635696725,354073.35377278796,4025637.208046005
1628858410707642952,354074.08127259207,4025637.197788343
1628858410839572775,354075.4383964855,4025637.1788295642
1628858410893829353,354076.0608737848,4025637.1480471385
1628858411032007840,354077.531218541,4025637.1253971322
1628858411103751982,354078.2790934238,4025637.103612039
1628858411235693755,354079.6538786048,4025637.0823271396
1628858411301599347,354080.29067632393,4025637.071926248
1628858411433809358,354081.7902312989,4025637.0368527533
1628858411505756064,354082.5382837773,4025637.025616532
1628858411637713286,354083.93906872976,4025636.986110394
1628858411697699849,354084.58526873816,4025636.9758719564
1628858411841590324,354086.09807306464,4025636.9519439866
1628858411907841490,354086.87065576355,4025636.9185818173
1628858412033666879,354088.1771850444,4025636.89625775
1628858412099655413,354088.94284575735,4025636.8831692403
1628858412237857898,354090.4752931289,4025636.8404862797
1628858412309827095,354091.2477348898,4025636.8277568365
1628858412441943662,354092.6990379012,4025636.7870735764
1628858412495961772,354093.3684119547,4025636.7756674644
1628858412639726348,354094.9522798718,4025636.741908194
1628858412711715800,354095.74541702156,4025636.7294258475
1628858412837641955,354097.1170317625,4025636.708349682
1628858412903715952,354097.9220482049,4025636.676388003
1628858413041598333,354099.4305002744,4025636.651353068
1628858413113656284,354100.3629607286,4025636.6339317644
1628858413233636266,354101.7750391484,4025636.6126634553
1628858413299828063,354102.6055931487,4025636.6002842956
1628858413443715248,354104.29782567744,4025636.582547778
1628858413503724401,354105.02154767455,4025636.572676744
1628858413635890695,354106.59864768863,4025636.5175872217
1628858413707597595,354107.45156361465,4025636.5029323767
1628858413839606460,354109.0446181935,4025636.474659187
1628858413905744434,354109.92570578866,4025636.433018127
1628858414043721427,354111.6654066122,4025636.3960971124
1628858414097739288,354112.29000687425,4025636.382653754
1628858414235853414,354114.0661494781,4025636.3386729513
1628858414307755451,354114.9506418529,4025636.3180017807
1628858414433773363,354116.6119571642,4025636.2547979173
1628858414499626117,354117.37577722466,4025636.2338922243
1628858414637634059,354119.1862298373,4025636.1686134543
1628858414709632409,354120.0859985661,4025636.141719473
1628858414841636861,354121.76601789135,4025636.0909963213
1628858414895819255,354122.56502675195,4025636.0502345148
1628858415039622828,354124.39429839235,4025635.9933910314
1628858415165873015,354126.12365353195,4025635.9328966625
1628858415237889224,354127.05034251825,4025635.902574837
1628858415369750004,354128.7963755731,4025635.832095672
1628858415435822301,354129.732949657,4025635.797983786
1628858415567923271,354131.4794597338,4025635.7330157664
1628858415645762724,354132.4399855011,4025635.6839430947
1628858415771768220,354134.19777028507,4025635.614720406
1628858415843746802,354135.14586359536,4025635.576366772
1628858415969879433,354136.9304963241,4025635.496384336
1628858416041648002,354137.88164878095,4025635.4566837475
1628858416185634747,354139.8132267133,4025635.3566763666
1628858416239898655,354140.63057350495,4025635.3197869547
1628858416371767818,354142.433022756,4025635.2224285374
1628858416443667491,354143.38841754524,4025635.1775639546
1628858416587672549,354145.2996062748,4025635.084521451
1628858416641894924,354146.1387014166,4025635.032823918
1628858416773750233,354147.9107997657,4025634.9453172823
1628858416840039115,354148.8638410618,4025634.8968355856
1628858416971857830,354150.65624396503,4025634.7886873595
1628858417043896279,354151.61305647844,4025634.7406805567
1628858417163933089,354153.2588466254,4025634.628561024
1628858417241867307,354154.35012618505,4025634.564593704
1628858417380111782,354156.1349377141,4025634.446574691
1628858417445704676,354157.08342271694,4025634.3892718665
1628858417577672505,354158.84453070216,4025634.276528379
1628858417637790557,354159.6788480837,4025634.2140681106
1628858417787692351,354161.70887031255,4025634.084544987
1628858417835764829,354162.3851499433,4025634.040674615
1628858417979820946,354164.3075667127,4025633.916132069
1628858418033942198,354165.11224517203,4025633.867807686
1628858418183846268,354167.15324140154,4025633.7109059966
1628858418237817141,354167.8256634403,4025633.6666392605
1628858418369701597,354169.5800288687,4025633.5511634387
1628858418435917260,354170.5187809357,4025633.4886585
1628858418591839134,354172.5263264907,4025633.358081782
1628858418645835166,354173.3421223799,4025633.290564073
1628858418777790305,354175.07532464224,4025633.1823895364
1628858418837785665,354175.87471503555,4025633.133329125
1628858418981801352,354177.7488602329,4025632.987336125
1628858419041811026,354178.5462318526,4025632.935960425
1628858419173774737,354180.26213117235,4025632.816480137
1628858419299811052,354181.98135971697,4025632.7094082693
1628858419389951218,354183.18628057383,4025632.647644001
1628858419443736687,354183.845770551,4025632.609936376
1628858419575843584,354185.55896294664,4025632.5132164233
1628858419703816758,354187.1390298153,4025632.4142444474
1628858419781785546,354188.32091776625,4025632.348642654
1628858419919928281,354190.163374241,4025632.2352942526
1628858419973696126,354190.81819313753,4025632.200421396
1628858420099954217,354192.5294278703,4025632.0918636704
1628858420189831294,354193.7069142101,4025632.0306017473
1628858420315967843,354195.27310124744,4025631.9505585134
1628858420370243832,354196.06903375813,4025631.8861947586
1628858420501945044,354197.7624632153,4025631.7974684467
1628858420585809671,354198.8047110543,4025631.743499596
1628858420711849188,354200.5146060408,4025631.670718885
1628858420771858100,354201.29535103525,4025631.6337234415
1628858420909826079,354202.9627265127,4025631.5350468345
1628858420987850249,354203.9972003425,4025631.486541159
1628858421113859239,354205.67826833366,4025631.3936224068
1628858421179702063,354206.4512322913,4025631.3571374044
1628858421305845991,354208.1228390048,4025631.2782302108
1628858421383953694,354209.1631477134,4025631.2377907205
1628858421515945582,354210.8314957182,4025631.165176393
1628858421581826682,354211.60050022544,4025631.1332393107
1628858421707829851,354213.27045740886,4025631.047433583
1628858421779904344,354214.1651881386,4025631.0119251576
1628858421917949241,354215.9561649893,4025630.9380163387
1628858421977957635,354216.7217369667,4025630.907481656
1628858422104028827,354218.3727317117,4025630.8378054625
1628858422175889182,354219.2610894781,4025630.80215418
1628858422325983780,354221.0339184194,4025630.737010307
1628858422373763257,354221.66489443486,4025630.694365666
1628858422511847502,354223.4320126873,4025630.6330729662
1628858422583856231,354224.3160473942,4025630.6030322057
1628858422721754053,354226.0789591628,4025630.544755754
1628858422781777781,354226.83261072705,4025630.5212846478
1628858422901952196,354228.3459842226,4025630.4646586976
1628858422991851437,354229.47464997106,4025630.4287947486
1628858423123710137,354231.1016518031,4025630.389151943
1628858423183673035,354231.8518629463,4025630.365253953
1628858423309970132,354233.4719374956,4025630.3120163647
1628858423393842232,354234.46315516095,4025630.282263009
1628858423520140572,354236.0749412355,4025630.2342953756
1628858423646190233,354237.5613412347,4025630.174286134
1628858423711956957,354238.42649502284,4025630.148441056
1628858423789830138,354239.28981009545,4025630.1225945614
1628858423915867886,354240.884089232,4025630.061171184
1628858424059715462,354242.5982158985,4025630.005916779
1628858424113988782,354243.3349217655,4025629.9819474546
1628858424245953387,354244.92743515945,4025629.931212576
1628858424317857019,354245.78571624355,4025629.903182829
1628858424449871945,354247.36523547804,4025629.841939007
1628858424515871399,354248.2214127114,4025629.812205613
1628858424647732680,354249.80567465595,4025629.759415507
1628858424725985078,354250.78390625224,4025629.7259856784
1628858424845981979,354252.25031097746,4025629.674680631
1628858424905889022,354252.97983159276,4025629.6480880394
1628858425049786067,354254.69230417995,4025629.584302687
1628858425127990050,354255.6641879691,4025629.539068726
1628858425253757210,354257.1322558034,4025629.4782293336
1628858425314034070,354257.8667717006,4025629.4465272734
1628858425451856883,354259.57782565244,4025629.3718781355
1628858425529760625,354260.55803163094,4025629.328822218
1628858425649973834,354262.0258812602,4025629.2668019063
1628858425710004766,354262.76207939576,4025629.233508422
1628858425847960469,354264.47813709185,4025629.146538528
1628858425919881652,354265.3331763432,4025629.104482042
1628858426051768273,354266.9254156855,4025629.025196528
1628858426111775315,354267.6404630646,4025628.9845233527
1628858426249911889,354269.35507559904,4025628.895999916
1628858426321854297,354270.2114368302,4025628.8508904227
1628858426448134949,354271.7992925894,4025628.7513824026
1628858426513834253,354272.5297373349,4025628.711686704
1628858426652001952,354274.248049165,4025628.6135738506
1628858426723748549,354275.0970843268,4025628.565632098
1628858426849902966,354276.6730276055,4025628.479104543
1628858426909909297,354277.3957506864,4025628.4375516223
1628858427053991836,354279.07519291365,4025628.340026506
1628858427125895959,354279.9121167113,4025628.290515499
1628858427251936338,354281.4596542501,4025628.204355783
1628858427317875010,354282.1709069715,4025628.164871996
1628858427455761751,354283.82922749827,4025628.1034410177
1628858427522000843,354284.6519156507,4025628.0639631203
1628858427653966523,354286.1681930883,4025627.973576687
1628858427713937991,354286.86907303275,4025627.941545188
1628858427857875703,354288.5137303785,4025627.859758271
1628858427924010377,354289.3278229062,4025627.8236187175
1628858428055982104,354290.8367682281,4025627.7590827653
1628858428116025665,354291.53579716204,4025627.7231412167
1628858428259784568,354293.1566639104,4025627.6566596907
1628858428331773690,354293.9655859042,4025627.6242815396
1628858428451762232,354295.350105411,4025627.564880401
1628858428518009773,354296.1578897495,4025627.5347193293
1628858428655941027,354297.7726268739,4025627.4666851787
1628858428781760210,354299.15276407334,4025627.4161803112
1628858428859787697,354300.0668066643,4025627.3794081695
1628858428991916617,354301.5623904643,4025627.326073148
1628858429057781378,354302.253613409,4025627.30231912
1628858429189893700,354303.8689727582,4025627.248605601
1628858429249888608,354304.55975826527,4025627.226060745
1628858429400036462,354306.2743543153,4025627.156511165
1628858429453795226,354306.84735339077,4025627.1355774314
1628858429585782889,354308.3380763315,4025627.0808256348
1628858429652072236,354309.11199427163,4025627.017567407
1628858429802025281,354310.8322967354,4025626.950716607
1628858429850023920,354311.3911545464,4025626.9254627815
1628858429982024229,354312.8823518197,4025626.8726035208
1628858430053936378,354313.6867441271,4025626.844892928
1628858430179983793,354315.19795008353,4025626.818617173
1628858430251921790,354316.0070130044,4025626.7937136353
1628858430384059690,354317.51827900915,4025626.7437775047
1628858430455915224,354318.331625117,4025626.7195112486
1628858430587921211,354319.845138364,4025626.6743633556
1628858430653928473,354320.6406762252,4025626.6545661236
1628858430785765204,354322.15496462316,4025626.611960508
1628858430852031240,354322.9980294984,4025626.622774944
1628858430995936551,354324.6330363978,4025626.5850548544
1628858431055896517,354325.3338411483,4025626.5694266907
1628858431187847487,354326.87875465385,4025626.5350290057
1628858431254053218,354327.69882646477,4025626.5169133823
1628858431403963241,354329.4487266076,4025626.4652300957
1628858431457805789,354330.0340519791,4025626.451389688
1628858431577996703,354331.4390555874,4025626.4178060615
1628858431649799315,354332.25766385684,4025626.3934135707
1628858431788088002,354333.8981566682,4025626.354354665
1628858431859938985,354334.7212907297,4025626.344126645
1628858431986088825,354336.2470022524,4025626.3084445046
1628858432057956016,354337.06956087216,4025626.2893991475
1628858432189921534,354338.6071591268,4025626.2555389646
1628858432249822370,354339.3142170971,4025626.238831226
1628858432387983184,354340.9648202775,4025626.1957709147
1628858432519960240,354342.4988299584,4025626.1635638983
1628858432598047512,354343.44596111076,4025626.1508374875
1628858432658070503,354344.15606473666,4025626.136490332
1628858432790056412,354345.69673304923,4025626.1073520123
1628858432921952244,354347.2488398596,4025626.0642592306
1628858433005862124,354348.19583983946,4025626.044636171
1628858433060092720,354348.90662103664,4025626.0297496794
1628858433192086780,354350.45912126335,4025626.0236878507
1628858433323826064,354352.00694275135,4025625.997083574
1628858433401963420,354352.9475203428,4025625.9684756547
1628858433533887750,354354.49339958874,4025625.9416121575
1628858433581969026,354355.088297653,4025625.931727216
1628858433725873453,354356.7572812869,4025625.9046312436
1628858433792003244,354357.59089209646,4025625.893137858
1628858433923963534,354359.14537287736,4025625.8741834946
1628858433996047343,354359.97977686144,4025625.862673674
1628858434122066485,354361.5395149186,4025625.837854026
1628858434205897413,354362.49575524096,4025625.8232943434
1628858434325964172,354363.93315016106,4025625.8013320295
1628858434385984143,354364.66515421576,4025625.7963064737
1628858434524099033,354366.3442580289,4025625.7694266248
1628858434596112358,354367.19300619327,4025625.759786478
1628858434734006997,354368.87471075775,4025625.7305850857
1628858434794016543,354369.59584642225,4025625.7171437424
1628858434919972851,354371.04707897734,4025625.700505739
1628858435003899062,354372.0100543299,4025625.6826658277
1628858435135870233,354373.5874123077,4025625.6557941856
1628858435189959991,354374.3111102722,4025625.6422830024
1628858435316122570,354375.8797426533,4025625.6128337337
1628858435387966940,354376.73280916177,4025625.5941197327
1628858435538080815,354378.54197936447,4025625.55544238
1628858435591887166,354379.14547153236,4025625.541220902
1628858435718014578,354380.7317056554,4025625.535879924
1628858435801957147,354381.69940603734,4025625.5131909354
1628858435928114508,354383.279171499,4025625.480670129
1628858435988071245,354384.00517933094,4025625.462963395
1628858436120073156,354385.5818481533,4025625.412332742
1628858436203969039,354386.553689132,4025625.386336045
1628858436335852657,354388.13704435073,4025625.343151407
1628858436390119566,354388.8715454636,4025625.321461454
1628858436522097124,354390.4576976147,4025625.275824126
1628858436600144943,354391.44963796216,4025625.24095251
1628858436731988658,354393.041585985,4025625.191534231
1628858436863886171,354394.63922090316,4025625.1391143748
1628858436923955839,354395.3755367086,4025625.1128173177
1628858436995997156,354396.23504399206,4025625.0805730857
1628858437133982226,354397.96562749776,4025625.032597029
1628858437254133880,354399.44379902404,4025624.973701565
1628858437325929294,354400.3070388102,4025624.9383804617
1628858437404140081,354401.3035335316,4025624.9057561457
1628858437536009485,354402.9071538025,4025624.8372178874
1628858437656007936,354404.4031574243,4025624.7589206183
1628858437727900253,354405.26622457325,4025624.716955309
1628858437866126601,354407.02575343335,4025624.6335144453
1628858437938016136,354407.8924458034,4025624.589352264
1628858438057996048,354409.37924418604,4025624.511713556
1628858438124325833,354410.2813352449,4025624.483793659
1628858438267873773,354412.0184951902,4025624.391299139
1628858438340173223,354412.88610246684,4025624.3434652193
1628858438466065289,354414.5216729005,4025624.2620966733
1628858438526058281,354415.2663288366,4025624.219971331
1628858438663892046,354416.87299849896,4025624.107684131
1628858438736124882,354417.8621298117,4025624.0454736217
1628858438856158070,354419.3448057919,4025623.940428074
1628858438916145127,354420.0846236547,4025623.8900645403
1628858439066272474,354421.9320817826,4025623.7616630774
1628858439138117793,354422.7820070492,4025623.725813027
1628858439264023209,354424.2521710617,4025623.6225973475
1628858439318310568,354424.986463004,4025623.5702828467
1628858439461913361,354426.7416302453,4025623.419748976
1628858439534008085,354427.5984565029,4025623.3550644796
1628858439665952712,354429.18046510033,4025623.2153464356
1628858439732134761,354430.03396556334,4025623.1488812603
1628858439870075789,354431.7672620072,4025623.031664316
1628858439930059110,354432.4976804727,4025622.9776645643
1628858440062042136,354434.07871046657,4025622.8632582114
1628858440127918268,354434.8198095146,4025622.8019534014
1628858440260150769,354436.51919694897,4025622.682684315
1628858440338065450,354437.36745180364,4025622.6236879923
1628858440464021282,354438.94123489683,4025622.521150676
1628858440524037418,354439.6650896163,4025622.4724535816
1628858440667864701,354441.3698081856,4025622.359885613
1628858440734135386,354442.21129773057,4025622.306910934
1628858440866039577,354443.77854875586,4025622.206110698
1628858440926024778,354444.4949472861,4025622.162275187
1628858441064162556,354446.15961710335,4025622.0636711842
1628858441136055338,354447.0162738285,4025622.0125060123
1628858441273919487,354448.5520862,4025621.9277328122
1628858441328158621,354449.2584398646,4025621.8908937555
1628858441466151116,354450.923136682,4025621.82842215
1628858441544180463,354451.85819013754,4025621.7897882853
1628858441669934300,354453.2572910841,4025621.7345497105
1628858441796171487,354454.76080250536,4025621.6853304575
1628858441868180133,354455.57625194255,4025621.6572857318
1628858441999918832,354457.0674485016,4025621.6180030867
1628858442060050972,354457.7532710234,4025621.6015853356
1628858442210013040,354459.4850171849,4025621.5810326603
1628858442270181508,354460.16844596004,4025621.5692710895
1628858442402064003,354461.64439832105,4025621.5235914197
1628858442467942963,354462.325638367,4025621.5123388427
1628858442611951385,354464.0019656798,4025621.4773224774
1628858442671933024,354464.67907453515,4025621.467214249
1628858442798208409,354466.1438690007,4025621.445850716
1628858442870180753,354466.945642164,4025621.4466260117
1628858443002058126,354468.4076972469,4025621.429327649
1628858443068541143,354469.1939891437,4025621.420491605
1628858443193968447,354470.5179599825,4025621.389142367
1628858443272144952,354471.4112926334,4025621.3757654587
1628858443404050040,354472.83756788215,4025621.3740442013
1628858443470122561,354473.61617972143,4025621.3640109496
1628858443596081628,354474.9501746331,4025621.348053304
1628858443662305336,354475.7260203068,4025621.3677527155
1628858443812109663,354477.3851852941,4025621.352055804
1628858443866094510,354477.94308972766,4025621.3636168097
1628858444070302133,354480.2620146144,4025621.3441976393
1628858444214195778,354481.79576606746,4025621.3329762043
1628858444274196300,354482.45491419226,4025621.327350885
1628858444406085321,354483.90282365715,4025621.3381924313
1628858444466085565,354484.5619163417,4025621.332901036
1628858444604209704,354486.10661111283,4025621.331842107
1628858444669959125,354486.76431319455,4025621.325520415
1628858444801969997,354488.1857371199,4025621.309325267
1628858444874120150,354489.0681131723,4025621.283184162
1628858445006116410,354490.4812436679,4025621.2583405063
1628858445066157302,354491.13090049545,4025621.2454279386
1628858445198095003,354492.5513803961,4025621.240261454
1628858445269964626,354493.31300018146,4025621.225153678
1628858445408238102,354494.8114577546,4025621.2039288785
1628858445468229263,354495.4574789554,4025621.190777264
1628858445599985645,354496.84904314775,4025621.1628768253
1628858445731937018,354498.26421462186,4025621.101458174
1628858445810184109,354499.12369654386,4025621.084056642
1628858445870222663,354499.74918971944,4025621.036983439
1628858446008139757,354501.2488923954,4025621.006306041
1628858446128143529,354502.52672175434,4025620.9695841405
1628858446211976146,354503.3762247865,4025620.9503878853
1628858446272234188,354504.01330582856,4025620.935509205
1628858446404085699,354505.40312792687,4025620.871097387
1628858446530145571,354506.7884983814,4025620.8378246073
1628858446609282648,354507.62900165946,4025620.796989308
1628858446742089972,354509.01015933364,4025620.76545463
1628858446802113100,354509.6465333889,4025620.7502735183
1628858446934027881,354511.02241389453,4025620.706155301
1628858447012162118,354511.8695923876,4025620.684832149
1628858447144117801,354513.2475473869,4025620.6243096157
1628858447204116615,354513.8818303803,4025620.606365832
1628858447335982563,354515.2532025337,4025620.5681938427
1628858447414243438,354516.1015479009,4025620.5363916005
1628858447546123242,354517.47006514034,4025620.50267482
1628858447606011565,354518.0999113524,4025620.50584963
1628858447738243858,354519.458356749,4025620.4793451233
1628858447804248168,354520.1858855955,4025620.4658962754
1628858447936253265,354521.56235988706,4025620.4153372236
1628858448008128206,354522.28182417457,4025620.399599676
1628858448134150850,354523.59494919307,4025620.352997733
1628858448218057531,354524.4117608939,4025620.3333909633
1628858448350011550,354525.73328693246,4025620.3036685837
1628858448410117991,354526.3381223671,4025620.2931160135
1628858448536175565,354527.6466044933,4025620.264445426
1628858448608130391,354528.38357606006,4025620.2499394584
1628858448746231978,354529.7795557814,4025620.225112564
1628858448806252384,354530.37228789413,4025620.2134683295
1628858448938287917,354531.673999904,4025620.2105401107
1628858449022071154,354532.45413741545,4025620.1986859986
1628858449130114470,354533.5017475287,4025620.149593492
1628858449202135693,354534.17355039495,4025620.137920355
1628858449334112575,354535.4113536081,4025620.1147049027
1628858449412105226,354536.1770568834,4025620.0756132207
1628858449538165276,354537.39067277533,4025620.051364904
1628858449598163158,354537.9456677173,4025620.040506184
1628858449730231198,354539.1419712615,4025620.0175500326
1628858449814149542,354539.874462197,4025620.0033710604
1628858449952169969,354541.1390064949,4025619.9915208067
1628858450000167165,354541.59157628217,4025619.9838280515
1628858450132149440,354542.75219952466,4025619.9605652294
1628858450210286003,354543.4676351601,4025619.948447587
1628858450342305819,354544.6235652142,4025619.929211044
1628858450474137166,354545.77947750513,4025619.879821635
1628858450534152151,354546.3058681103,4025619.8684097184
1628858450624262144,354547.08399680315,4025619.8441470764
1628858450756139692,354548.20122997975,4025619.819426394
1628858450876157916,354549.21450397436,4025619.8082970665
1628858450942080677,354549.7226680005,4025619.798254586
1628858451080041877,354550.90020286106,4025619.7770999093
1628858451146270806,354551.4947800655,4025619.766294001
1628858451278161393,354552.560681085,4025619.746942401
1628858451338056683,354553.04755755863,4025619.737720842
1628858451482045688,354554.19496159663,4025619.723251123
1628858451548042609,354554.75645481783,4025619.7122758455
1628858451680151455,354555.7804874078,4025619.7003058447
1628858451740167417,354556.2518397111,4025619.691639668
1628858451879345445,354557.3072004665,4025619.6806862145
1628858451939333546,354557.76642678643,4025619.6732144784
1628858452071259238,354558.7520671568,4025619.6557293013
1628858452137244136,354559.27059920446,4025619.6743096313
1628858452275451880,354560.3064157474,4025619.662587785
1628858452353159797,354560.8176392475,4025619.656643104
1628858452479251688,354561.7638531418,4025619.6520278775
1628858452539245317,354562.19231915544,4025619.646463966
1628858452677250775,354563.11695052386,4025619.599630392
1628858452749469489,354563.6742014396,4025619.590453988
1628858452869484443,354564.4934224916,4025619.5525734317
1628858452941331649,354564.9683622208,4025619.541275468
1628858453079526384,354565.9045378782,4025619.5204163822
1628858453151457935,354566.33108889183,4025619.5116690155
1628858453277254089,354567.110475861,4025619.4969219095
1628858453337224954,354567.4966641725,4025619.4888986186
1628858453481270671,354568.4540703335,4025619.4547259696
1628858453547242772,354568.8313046265,4025619.445967021
1628858453680295660,354569.69635162316,4025619.4437713
1628858453740307537,354570.0642422714,4025619.4365186407
1628858453884189876,354570.90121819015,4025619.414624781
1628858453944175960,354571.2567975952,4025619.406619351
1628858454076063693,354572.01111883286,4025619.3912327895
1628858454142108639,354572.31848902523,4025619.3473694115
1628858454274295868,354573.09315165924,4025619.3238806166
1628858454346072204,354573.47315263445,4025619.312681721
1628858454472606941,354574.1624994816,4025619.29715724
1628858454538146163,354574.4752588364,4025619.28892629
1628858454676259747,354575.18931554456,4025619.2855710285
1628858454754248981,354575.587112274,4025619.2764272997
1628858454874230923,354576.15714786155,4025619.265300541
1628858454946184278,354576.48885804316,4025619.258850728
1628858455078127685,354577.0902879985,4025619.2472296916
1628858455216230641,354577.7333655373,4025619.256897842
1628858455282089646,354577.99580239016,4025619.254189151
1628858455420100107,354578.6034929444,4025619.237379129
1628858455480068353,354578.85430471454,4025619.2329791468
1628858455606313392,354579.3742692566,4025619.200528351
1628858455678351732,354579.65455717524,4025619.195896085
1628858455810194017,354580.16141222056,4025619.187870535
1628858455882081821,354580.40373852546,4025619.152457345
1628858456008309747,354580.8835838834,4025619.1388816335
1628858456086099800,354581.13594982895,4025619.13071151
1628858456218724964,354581.60990393546,4025619.1225123224
1628858456278254288,354581.81641839124,4025619.117146678
1628858456410221732,354582.20467788144,4025619.107065592
1628858456482325054,354582.4315592714,4025619.1023948835
1628858456620262728,354582.8665130304,4025619.083354519
1628858456680249077,354583.0524258217,4025619.079673521
1628858456818489063,354583.4745563463,4025619.0711995326
1628858456884109118,354583.64029279945,4025619.065450947
1628858457022308012,354584.0424496971,4025619.057896708
1628858457088127057,354584.21118895756,4025619.054686981
1628858457208213061,354584.5344579722,4025619.032595774
1628858457292391493,354584.77953490324,4025619.028343682
1628858457412354300,354585.0852462676,4025619.012931934
1628858457484329961,354585.26775108196,4025619.0098469905
1628858457616232981,354585.59724669345,4025618.9969096356
1628858457682275586,354585.7725828694,4025618.9940041043
1628858457832102679,354586.11486342363,4025618.9882260836
1628858457874355094,354586.2189459073,4025618.9728870695
1628858458006374060,354586.5215827493,4025618.967032241
1628858458078233830,354586.6807199419,4025618.9644776667
1628858458216416422,354586.9745265912,4025618.947077989
1628858458288126415,354587.1241665075,4025618.9441487086
1628858458414331170,354587.39039218915,4025618.9435358546
1628858458486397087,354587.5330153052,4025618.9425601307
1628858458618257817,354587.7865543717,4025618.953381089
1628858458690136997,354587.9227586805,4025618.9536221875
1628858458811306271,354588.15530870715,4025618.9539529644
1628858458889235769,354588.2852626464,4025618.9527177433
1628858459033251796,354588.5560171611,4025618.954652502
1628858459081171880,354588.6529194332,4025618.9551734445
1628858459219255861,354588.89342931076,4025618.9515531315
1628858459339253603,354589.1266816048,4025618.95190553
1628858459429487057,354589.2677256719,4025618.9459419013
1628858459489463602,354589.39024582267,4025618.947271871
1628858459610335872,354589.6111263036,4025618.935985295
1628858459748287579,354589.91196257377,4025618.9374049124
1628858459826146251,354590.06580876204,4025618.937805919
1628858459952379709,354590.33215537056,4025618.9534961157
1628858460012362203,354590.46952715295,4025618.9578404077
1628858460144260664,354590.75066028966,4025618.9672076264
1628858460222306052,354590.93646334694,4025618.9679002888
1628858460354165838,354591.22393162444,4025618.958330915
1628858460414192903,354591.3691941397,4025618.9546044413
1628858460552173222,354591.6840436372,4025618.9490837245
1628858460624272675,354591.88518621254,4025618.9382151375
1628858460756149446,354592.1981105153,4025618.9289025012
1628858460822173012,354592.3443325696,4025618.920523176
1628858460942393060,354592.679453448,4025618.9027261976
1628858461014371056,354592.8604411356,4025618.8965254594
1628858461158187466,354593.2045067542,4025618.8679974074
1628858461206278764,354593.3325634051,4025618.860995744
1628858461350211985,354593.6943492895,4025618.8318423536
1628858461422347527,354593.85624434287,4025618.7863033595
1628858461548282501,354594.1916479227,4025618.7344240136
1628858461614312360,354594.3636124029,4025618.705172718
1628858461746302235,354594.70893545577,4025618.6551859607
1628858461818425456,354594.8981892255,4025618.6232680576
1628858461962259749,354595.2429036549,4025618.54609843
1628858462016507417,354595.40192792716,4025618.509527353
1628858462148288445,354595.7642070126,4025618.435190171
1628858462232181438,354595.9856732955,4025618.382420491
1628858462358384443,354596.35145479505,4025618.2894679587
1628858462418422450,354596.52189695847,4025618.2422378077
1628858462550288470,354596.89416443434,4025618.132061825
1628858462628408180,354597.1203985492,4025618.056065532
1628858462760479885,354597.4937542311,4025617.9307145556
1628858462820391252,354597.6668626723,4025617.867782254
1628858462952305821,354598.0481722547,4025617.6944662738
1628858463018337440,354598.2529322126,4025617.6118045435
1628858463162400875,354598.66148593003,4025617.4416411933
1628858463222381822,354598.8368499336,4025617.36217249
1628858463348172557,354599.18738468434,4025617.1917150794
1628858463426295624,354599.4298299941,4025617.0742538273
1628858463564187100,354599.8418425323,4025616.851949434
1628858463684208675,354600.1854726095,4025616.6428305027
1628858463756277918,354600.3880892417,4025616.519723168
1628858463834298342,354600.5882844628,4025616.388712345
1628858463967328076,354600.9905359862,4025616.0975542716
1628858464087362354,354601.31915300374,4025615.8357744757
1628858464153328585,354601.5038629194,4025615.673070563
1628858464237312592,354601.7172837297,4025615.4881659965
1628858464363463791,354602.0501702955,4025615.15708254
1628858464483628803,354602.3559251338,4025614.8495551352
1628858464549373059,354602.50499378354,4025614.688868232
1628858464687329906,354602.82915895217,4025614.2763165305
1628858464759298548,354602.9925970511,4025614.073527949
1628858464885459689,354603.267779214,4025613.6553873923
1628858464951119296,354603.4029091323,4025613.471516839
1628858465089373311,354603.7022461096,4025613.017905392
1628858465155333259,354603.81537458394,4025612.754097795
1628858465287757274,354604.0624281293,4025612.2982668728
1628858465347473107,354604.1743551476,4025612.0847228714
1628858465491348067,354604.40722731675,4025611.5257543144
1628858465570008617,354604.5505661081,4025611.2254310553
1628858465689330653,354604.72561331885,4025610.739585735
1628858465749329574,354604.82274799445,4025610.499272271
1628858465893336877,354605.02408050705,4025609.9012076203
1628858465971309300,354605.1335303021,4025609.561821949
1628858466085362317,354605.2748972646,4025609.082101576
1628858466151459527,354605.34881540656,4025608.767642139
1628858466289476275,354605.5081091401,4025608.126781781
1628858466367207906,354605.56031207903,4025607.787650746
1628858466499342659,354605.6814843612,4025607.1119341035
1628858466553374309,354605.7200615297,4025606.8646932035
1628858466691462037,354605.8228336623,4025606.1581687178
1628858466763419874,354605.87176807993,4025605.7988383593
1628858466884281082,354605.92382433714,4025605.13806179
1628858466955337047,354605.9615645776,4025604.7627048315
1628858467093306699,354606.0316362586,4025603.995190154
1628858467165315648,354606.0642397102,4025603.6083322153
1628858467291262743,354606.1234850341,4025602.932218206
1628858467357374014,354606.12787740346,4025602.52640906
1628858467495346945,354606.1801300115,4025601.7172449473
1628858467567341985,354606.20435852703,4025601.3023177856
1628858467693494490,354606.228260329,4025600.4895227463
1628858467753429644,354606.24957679695,4025600.1156696426
1628858467891725315,354606.2755881876,4025599.17757968
1628858468017352958,354606.3053726683,4025598.395277958
1628858468101208595,354606.3217225685,4025597.8654391984
1628858468227488525,354606.37461113086,4025596.952283296
1628858468287463693,354606.3941207779,4025596.5380323012
1628858468365396284,354606.3910706893,4025595.9341590144
1628858468497360119,354606.42770295334,4025595.001565258
1628858468635234056,354606.4041162288,4025594.004851395
1628858468689500309,354606.4185669065,4025593.5564502305
1628858468815755498,354606.4490873418,4025592.568785073
1628858468887422885,354606.4127438809,4025591.988648423
1628858469019369208,354606.4327655968,4025590.9663807554
1628858469097467072,354606.4442968568,4025590.325756175
1628858469229486147,354606.40742981026,4025589.252330202
1628858469289496223,354606.41292829707,4025588.75782215
1628858469433355861,354606.39283631707,4025587.551016028
1628858469499494814,354606.3964013667,4025586.9594448167
1628858469625349209,354606.35667860287,4025585.8649600106
1628858469703378785,354606.3583662219,4025585.1705683195
1628858469835235195,354606.35937073734,4025584.0279530496
1628858469895247204,354606.294013417,4025583.4301337004
1628858470033487724,354606.28796816035,4025582.1728981095
1628858470099287072,354606.2841059888,4025581.629764689
1628858470243386893,354606.25353932066,4025580.193313801
1628858470297353790,354606.2508333521,4025579.731837556
1628858470423387471,354606.1953087641,4025578.4521737685
1628858470495476632,354606.19057349814,4025577.795140388
1628858470621518708,354606.14142882766,4025576.4919282384
1628858470693428775,354606.13389487355,4025575.826332028
1628858470825389871,354606.1168209885,4025574.584769146
1628858470897387324,354606.09549498104,4025573.8738109926
1628858471023485529,354606.0756616711,4025572.620568013
1628858471095540583,354606.06441201747,4025571.9426821354
1628858471227397676,354605.9864996664,4025570.6291874964
1628858471287370984,354605.9732224861,4025570.0451048026
1628858471437485513,354605.9248519074,4025568.509697892
1628858471497500067,354605.91251474514,4025567.921616883
1628858471635263292,354605.84428538603,4025566.5740852696
1628858471689390015,354605.8293372806,4025565.984995205
1628858471845321455,354605.7907300793,4025564.5113027873
1628858471905274652,354605.75837331277,4025563.861374172
1628858472025496663,354605.7267045035,4025562.5793456547
1628858472097424093,354605.7097946783,4025561.8896871996
1628858472241391833,354605.6768285806,4025560.4557370846
1628858472307318373,354605.66509104683,4025559.865196985
1628858472427483770,354605.62105114374,4025558.527914063
1628858472559508421,354605.5978755745,4025557.248256966
1628858472631405892,354605.5687328743,4025556.5043069054
1628858472691405933,354605.5587793427,4025555.914599007
1628858472829267738,354605.53624224116,4025554.636617302
1628858472955312460,354605.49779505364,4025553.3107228186
1628858473045304831,354605.4826459532,4025552.425851838
1628858473171416082,354605.44230370154,4025551.0724927853
1628858473231398145,354605.4350101754,4025550.4812601637
1628858473363409995,354605.40770931623,4025549.137608193
1628858473441449650,354605.3999239283,4025548.3478667773
1628858473561431260,354605.3871974919,4025547.1598847862
1628858473633385788,354605.36814863083,4025546.4118438982
1628858473765415677,354605.359170521,4025545.121664224
1628858473849341532,354605.3566378421,4025544.324861424
1628858473969323977,354605.3298381072,4025543.078392014
1628858474023548380,354605.3300152678,4025542.4795114854
1628858474155426335,354605.31702265807,4025541.1283029118
1628858474227467588,354605.3174969534,4025540.428884769
1628858474365535639,354605.26750124875,4025538.965786139
1628858474425503398,354605.269230363,4025538.364819642
1628858474557402046,354605.27265670896,4025537.060927855
1628858474635430214,354605.22411176265,4025536.1955151446
1628858474773541998,354605.22767215676,4025534.7922786684
1628858474833211233,354605.2300074074,4025534.2911174754
1628858474959288379,354605.16219740815,4025532.90673269
1628858475037418434,354605.1616901343,4025532.099680158
1628858475175543770,354605.09978533944,4025530.647073386
1628858475229351193,354605.10014636576,4025530.1410167185
1628858475355534225,354605.00010908255,4025528.7657098603
1628858475433333896,354604.9964828404,4025528.05471042
1628858475559421063,354604.98970342946,4025526.72822372
1628858475637501490,354604.9386583413,4025525.8029163806
1628858475763417038,354604.9298085122,4025524.565858121
1628858475835304752,354604.92516520165,4025523.8433477203
1628858475973368938,354604.8944800747,4025522.294308036
1628858476033416497,354604.89060790406,4025521.670524423
1628858476159567635,354604.82908914366,4025520.2281956277
1628858476243390489,354604.8238545774,4025519.3903919994
1628858476369516955,354604.7658698178,4025517.9749891195
1628858476429481426,354604.7598757911,4025517.3447866314
1628858476561446633,354604.7467898107,4025515.978908331
1628858476639564562,354604.6954662197,4025515.0715652895
1628858476771571140,354604.6842242266,4025513.699178698
1628858476837337701,354604.67831622437,4025513.0650074817
1628858476963433764,354604.62464506703,4025511.6502341586
1628858477035378034,354604.61783025815,4025510.911067068
1628858477161521237,354604.54661099927,4025509.518110663
1628858477305337427,354604.5228174059,4025508.0433268123
1628858477365453502,354604.5016060164,4025507.3719443246
1628858477503456856,354604.48083599587,4025505.895477067
1628858477575585061,354604.47107176366,4025505.1569545516
1628858477695565324,354604.4304722826,4025503.8373752637
1628858477755702076,354604.42185650836,4025503.203699613
1628858477905463428,354604.38734552485,4025501.5684890253
1628858477977373700,354604.3777230324,4025500.8274998427
1628858478103568428,354604.34174085,4025499.392028788
1628858478163573546,354604.33203325944,4025498.7551213317
1628858478301468903,354604.31453580246,4025497.377316023
1628858478379398946,354604.2531648588,4025496.476840162
1628858478505590254,354604.23250611196,4025495.094327142
1628858478565572818,354604.22394407156,4025494.456576498
1628858478703368479,354604.190811689,4025493.038170401
1628858478775485502,354604.17922678165,4025492.187472831
1628858478907589845,354604.13098321075,4025490.7778804167
1628858478967348609,354604.1223324863,4025490.2439979385
1628858479099581964,354604.100288058,4025488.7479521623
1628858479171483960,354604.06765792734,4025487.956201437
1628858479303458824,354604.0492751836,4025486.563823586
1628858479369504589,354604.00205302064,4025485.7809083513
1628858479507369910,354603.976514048,4025484.391275064
1628858479573349006,354603.96212511836,4025483.6444912152
1628858479705488697,354603.9288380925,4025482.220503011
1628858479771457731,354603.9158878961,4025481.4685222963
1628858479903373628,354603.84934359754,4025480.039522524
1628858479975409853,354603.8363713385,4025479.288045721
1628858480107523494,354603.7909274525,4025477.847049528
1628858480161597453,354603.7793877664,4025477.2028028243
1628858480305362881,354603.7560787177,4025475.6968600666
1628858480383623678,354603.714179592,4025474.8164738696
1628858480503594846,354603.68953048234,4025473.5253670244
1628858480563628222,354603.67717990046,4025472.88008107
1628858480707404733,354603.6159499169,4025471.362185935
1628858480773493790,354603.59936864534,4025470.608419827
1628858480905390870,354603.5556067289,4025469.1967381123
1628858480971378652,354603.5410710339,4025468.550359666
1628858481103531119,354603.48164898437,4025467.0347230304
1628858481175506520,354603.46443130705,4025466.2830428006
1628858481301847697,354603.43275181117,4025464.88393003
1628858481367365259,354603.39183651516,4025464.2004574486
1628858481505655581,354603.35367140925,4025462.685791756
1628858481571845407,354603.33333553554,4025461.928334974
1628858481709427731,354603.28668372415,4025460.499016803
1628858481841508925,354603.2483066617,4025459.08632925
1628858481907611912,354603.210833593,4025458.3297092672
1628858482039486629,354603.1771770209,4025456.9182547904
1628858482111518405,354603.13979529234,4025456.1434295243
1628858482237508166,354603.10670722753,4025454.736756778
1628858482309618209,354603.0899320295,4025453.9787062174
1628858482441398567,354603.0359607682,4025452.524211751
1628858482507561883,354603.01639324776,4025451.7597993375
1628858482651422723,354602.9775833939,4025450.212154954
1628858482711652271,354602.96577334317,4025449.5572469067
1628858482843387316,354602.9367259722,4025448.1403898043
1628858482909620256,354602.92235294136,4025447.3472494856
1628858483053389833,354602.8991999808,4025445.8142198008
1628858483113379815,354602.8749067978,4025445.153783851
1628858483239614072,354602.8454339022,4025443.7352096527
1628858483311643241,354602.83226466784,4025442.9719869155
1628858483443520885,354602.7901381046,4025441.524984213
1628858483509555458,354602.7688054462,4025440.7590450225
1628858483635416432,354602.73243525566,4025439.4223279366
1628858483713647102,354602.7189743578,4025438.5525731402
1628858483851433669,354602.69240274234,4025437.14139658
1628858483911577688,354602.6659774477,4025436.370232763
1628858484043542408,354602.64777305827,4025434.9630052047
1628858484103528712,354602.60873723484,4025434.3042509006
1628858484253629216,354602.573784252,4025432.6917987596
1628858484307523274,354602.5662691767,4025432.1564782034
1628858484433594996,354602.55032320524,4025430.7201447557
1628858484505519457,354602.54353805515,4025429.9699985455
1628858484655584490,354602.5192392472,4025428.3541023093
1628858484703625134,354602.5141432901,4025427.8229068303
1628858484847468488,354602.4994527021,4025426.3358778497
1628858484913552565,354602.45890960516,4025425.589090291
1628858485045434795,354602.44320230826,4025424.321622011
1628858485105674870,354602.4069053582,4025423.5696210084
1628858485237606667,354602.3917483014,4025422.2057841695
1628858485369522834,354602.36304430745,4025420.8294029613
1628858485447543021,354602.3522223139,4025419.9950653776
1628858485507535964,354602.34356540634,4025419.369843869
1628858485645687264,354602.3118118803,4025417.8935381556
1628858485771548900,354602.28957898146,4025416.6463972675
1628858485849547298,354602.2729609908,4025415.817665343
1628858485915562507,354602.2408450029,4025415.1657224707
1628858486047671968,354602.2011375375,4025413.7173822448
1628858486167631569,354602.15856336564,4025412.4856582824
1628858486257587132,354602.13526377396,4025411.560618079
1628858486384535130,354602.07526118675,4025410.3178339293
1628858486444547600,354602.0634910604,4025409.7071452555
1628858486576683753,354602.03559235705,4025408.387864259
1628858486642667265,354602.01466421026,4025407.6569525274
1628858486780596255,354601.98215144244,4025406.2318070764
1628858486846542508,354601.96717651386,4025405.621095873
1628858486972704749,354601.94041896437,4025404.2788770203
1628858487056626616,354601.91702992306,4025403.472216109
1628858487182596088,354601.8462367131,4025402.1465135524
1628858487242615545,354601.8310569974,4025401.5417872365
1628858487374590491,354601.76736465807,4025400.246422135
1628858487458434880,354601.7484641621,4025399.447178004
1628858487590522027,354601.7192254932,4025398.155354827
1628858487644600411,354601.6939396789,4025397.5321670477
1628858487776614955,354601.6591188522,4025396.236866956
1628858487854657152,354601.653897558,4025395.428939987
1628858487986716867,354601.6259391918,4025394.147944348
1628858488040534864,354601.6149686989,4025393.6576952524
1628858488178692086,354601.5755563682,4025392.2487788615
1628858488244604977,354601.55816990056,4025391.5507057095
1628858488388703628,354601.54838653083,4025390.156078083
1628858488454452716,354601.5373956176,4025389.568188262
1628858488568732525,354601.5164650289,4025388.3986776164
1628858488658630908,354601.48989837524,4025387.4808181073
1628858488790560804,354601.4637402361,4025386.196160691
1628858488844555061,354601.4538877329,4025385.701605122
1628858488982704821,354601.45038308145,4025384.321047608
1628858489060628714,354601.4401153622,4025383.537939823
1628858489192562789,354601.4152208051,4025382.2503773035
1628858489252567847,354601.4098467389,4025381.664392173
1628858489378709284,354601.3533534636,4025380.3997596386
1628858489456586436,354601.34548588743,4025379.7160684583
1628858489588459533,354601.3289109991,4025378.4459903007
1628858489642627005,354601.31702361046,4025377.8792489674
1628858489780486728,354601.30379187304,4025376.621077633
1628858489846471486,354601.29679447203,4025375.945596355
1628858489984751435,354601.2333755759,4025374.5901222946
1628858490050499009,354601.22517845733,4025374.0123174665
1628858490182632729,354601.1615951746,4025372.610657777
1628858490254706637,354601.1522251704,4025371.9356435495
1628858490386709233,354601.103918682,4025370.6350918123
1628858490512635282,354601.0805001946,4025369.3863992384
1628858490578575638,354601.0688902566,4025368.8107268615
1628858490716603969,354601.0174488041,4025367.4433636535
1628858490782683292,354601.00258189917,4025366.768136462
1628858490920756048,354600.93984983687,4025365.5154646956
1628858490975055338,354600.9237933229,4025364.9421557314
1628858491118600348,354600.84402287524,4025363.6179923844
1628858491190617778,354600.8231712566,4025362.95531677
1628858491316761583,354600.7789795088,4025361.725405305
1628858491376728805,354600.7312923463,4025361.1294640796
1628858491514729527,354600.6897577541,4025359.7977928836
1628858491592536867,354600.66730559996,4025359.1324890903
1628858491718709369,354600.61008514045,4025357.908197802
1628858491778664153,354600.5934826329,4025357.3551006527
1628858491916632648,354600.54684090405,4025356.0209821714
1628858491988653418,354600.5213731411,4025355.3632973325
1628858492114623025,354600.49451534485,4025354.2297748686
1628858492180719041,354600.48058535904,4025353.5758332578
1628858492312727686,354600.46441657987,4025352.379082129
1628858492390656349,354600.41629740875,4025351.577276424
1628858492522627264,354600.3787223047,4025350.3761236374
1628858492576518318,354600.3656639956,4025349.9124141284
1628858492720720108,354600.3350734466,4025348.5199819333
1628858492792740458,354600.3184757511,4025347.8743858663
1628858492912665910,354600.2956602117,4025346.7707944056
1628858492978518025,354600.28882693767,4025346.2215311946
1628858493122715177,354600.2428828912,4025344.8307603667
1628858493182740703,354600.22975054063,4025344.2789477916
1628858493314759345,354600.2063539857,4025343.0825010277
1628858493380662146,354600.1668435357,4025342.420931885
1628858493524770014,354600.1383405948,4025341.14385173
1628858493590495926,354600.1253528839,4025340.5988421566
1628858493716775751,354600.086244177,4025339.4263406224
1628858493782668045,354600.0713354439,4025338.792282401
1628858493926637516,354600.0522498805,4025337.514433927
1628858493992774671,354600.0423129509,4025336.882031811
1628858494124641857,354600.0071917678,4025335.7744048447
1628858494178774416,354599.9943696031,4025335.2319864933
1628858494316775952,354599.96677107806,4025333.96697615
1628858494394521422,354599.9222696367,4025333.3335364116
1628858494514778295,354599.8984306111,4025332.1598327
1628858494580521170,354599.88687503187,4025331.6165080955
1628858494724779885,354599.8186819374,4025330.305730932
1628858494790659063,354599.80672052596,4025329.6672592615
1628858494916771971,354599.75977683463,4025328.4806984896
1628858495060772415,354599.7256348294,4025327.214943429
1628858495120782857,354599.71406063496,4025326.645038312
1628858495186680437,354599.7001707124,4025326.013495974
1628858495319190820,354599.6710804233,4025324.8305724924
1628858495462763815,354599.62831430143,4025323.565572459
1628858495522763131,354599.6126672274,4025323.016670737
1628858495660736208,354599.57008133637,4025321.720570249
1628858495720695079,354599.5593423704,4025321.1768047074
1628858495858585505,354599.49488512083,4025319.997770405
1628858495918746045,354599.47364750423,4025319.3630249077
1628858496050693740,354599.442402893,4025318.177207887
1628858496110722116,354599.37788092706,4025317.6365418043
1628858496260770841,354599.337787655,4025316.268896779
1628858496320982274,354599.3182443771,4025315.724241332
1628858496458653804,354599.26615035813,4025314.5453963783
1628858496524783721,354599.243164525,4025313.915593545
1628858496668520972,354599.1492637202,4025312.625999616
1628858496728669321,354599.12954056176,4025312.0778987026
1628858496854763625,354599.0464585002,4025310.8910896746
1628858496926783661,354599.020732612,4025310.2544053122
1628858497052740205,354598.9738488343,4025309.0768767763
1628858497124702262,354598.9518190508,4025308.4003659845
1628858497256683771,354598.91134736716,4025307.212109767
1628858497316728312,354598.89229574276,4025306.662197052
1628858497454770979,354598.82562915614,4025305.3569180123
1628858497526700799,354598.8009275386,4025304.7121598264
1628858497652655305,354598.74134095747,4025303.6069879867
1628858497718680044,354598.7182156303,4025302.961593009
1628858497868768573,354598.637902221,4025301.5323057524
1628858497922591232,354598.6205706393,4025301.0703769433
1628858498060688447,354598.575307682,4025299.77661022
1628858498120689504,354598.52590228023,4025299.2110628746
1628858498258797655,354598.48399709235,4025297.913699789
1628858498318852279,354598.46447729575,4025297.355890876
1628858498456567724,354598.4539821998,4025296.137133031
1628858498522806624,354598.43849438033,4025295.4849265898
1628858498672773644,354598.4204837495,4025294.063749521
1628858498720948069,354598.40866561886,4025293.599378375
1628858498852943979,354598.41526570695,4025292.397271039
1628858498990708958,354598.38904026547,4025291.0903981086
1628858499062717226,354598.3757511598,4025290.4328142107
1628858499122710734,354598.38551078713,4025289.8866296397
1628858499254958259,354598.365955506,4025288.651727393
1628858499386706451,354598.27274043753,4025287.3993839924
1628858499464704710,354598.26348383515,4025286.6237819395
1628858499524706933,354598.2578647523,4025286.039555758
1628858499656573320,354598.25400998606,4025284.732704311
1628858499782958314,354598.255474882,4025283.422772907
1628858499866706274,354598.22549649933,4025282.6071741944
1628858500004939979,354598.22782061354,4025281.186541056
1628858500064987070,354598.2277404835,4025280.5813784488
1628858500184944671,354598.23520016763,4025279.3377222666
1628858500263341732,354598.2348255973,4025278.5330710667
1628858500406715383,354598.21269180975,4025277.042566183
1628858500454756270,354598.21554309037,4025276.5357431374
1628858500586949755,354598.222357006,4025275.220839208
1628858500658942848,354598.1995288448,4025274.482177496
1628858500802720510,354598.20456207835,4025273.068395908
1628858500856762666,354598.1684446676,4025272.434449371
1628858500988711461,354598.18290023855,4025271.136629189
1628858501072574536,354598.18896719534,4025270.348471518
1628858501204723800,354598.1395357122,4025269.022700781
1628858501258763139,354598.1439074897,4025268.435499405
1628858501396601899,354598.13146375737,4025267.1624224605
1628858501468939730,354598.13718247967,4025266.3844329976
1628858501606593155,354598.14412728976,4025265.1228106166
1628858501666594450,354598.11496500194,4025264.5105064614
1628858501792726354,354598.12703701796,4025263.2434269805
1628858501858947247,354598.0800224493,4025262.558424202
1628858501996711688,354598.08798192744,4025261.293610978
1628858502050939082,354598.0909193187,4025260.7118658014
1628858502188774977,354598.09460954624,4025259.3344532307
1628858502266734845,354598.0977809569,4025258.6538576386
1628858502398936241,354598.06936980924,4025257.282171546
1628858502458599166,354598.07145902474,4025256.795411361
1628858502590602270,354598.0756417359,4025255.529227175
1628858502674749661,354598.06419625634,4025254.635863956
1628858502806653007,354598.0684048922,4025253.369404681
1628858502861003446,354598.03704224,4025252.7660180684
1628858502994733353,354598.04166563536,4025251.5024510105
1628858503067004838,354598.04165396653,4025250.8231295245
1628858503204781878,354598.0259826808,4025249.4722563685
1628858503330720852,354598.0264384184,4025248.3040961954
1628858503385031077,354598.0424330407,4025247.7293341584
1628858503462653476,354598.04125349293,4025247.051344523
1628858503600655051,354598.0402265098,4025245.6983641516
1628858503732625198,354598.0520128686,4025244.430618115
1628858503792757872,354598.0529211769,4025243.851623059
1628858503876769380,354598.0354576411,4025242.977922583
1628858504002635990,354598.03543526505,4025241.8176439838
1628858504128765143,354598.06401461794,4025240.5594429276
1628858504194954517,354598.0642930297,4025239.886494766
1628858504272626530,354598.06332768174,4025239.213994713
1628858504399036530,354598.0631557684,4025237.94837189
1628858504530778929,354598.06305810314,4025236.7017297694
1628858504590741696,354598.06293767417,4025236.126902368
1628858504728967406,354598.125025436,4025234.6994074625
1628858504801071175,354598.1287005759,4025234.0251816246
1628858504932625964,354598.1213791529,4025232.717228767
1628858504987348944,354598.1244295095,4025232.134932407
1628858505131033147,354598.05180060596,4025230.7525745123
1628858505208678747,354598.0504511937,4025230.073550147
1628858505322989150,354598.04652781074,4025228.909949555
1628858505389033018,354598.0502014726,4025228.188329923
1628858505532772391,354598.0429911468,4025226.8251383663
1628858505604650437,354598.0377303937,4025226.14218181
1628858505731038494,354597.99317028234,4025224.8611903037
1628858505796782859,354597.9851524631,4025224.2740442096
1628858505935187091,354597.93672662316,4025222.873580135
1628858506001039583,354597.92344789056,4025222.1874926966
1628858506133065407,354597.8553964987,4025220.899723612
1628858506193034123,354597.84419823805,4025220.3103725663
1628858506330760621,354597.82181501796,4025219.032396524
1628858506403069777,354597.80496767384,4025218.228174307
1628858506535045365,354597.78383512027,4025216.9428835823
1628858506589120444,354597.7747866643,4025216.44712446
1628858506733047626,354597.73996888805,4025214.9500270546
1628858506805057824,354597.7301747478,4025214.2569841957
1628858506930644771,354597.6685445809,4025213.0481785
1628858506997070089,354597.6585090372,4025212.3516606865
1628858507135061219,354597.5936733744,4025210.929926476
1628858507213123828,354597.58215297875,4025210.2285812744
1628858507332803275,354597.56291353714,4025209.0233980105
1628858507398791634,354597.5235776538,4025208.312204447
1628858507537063607,354597.50259635935,4025206.904932382
1628858507602793301,354597.4933659187,4025206.3000759208
1628858507729042051,354597.43190177635,4025204.95561675
1628858507867025887,354597.36523953464,4025203.519600442
1628858507933163015,354597.34985766816,4025202.910086425
1628858507999032142,354597.3338628376,4025202.1985318563
1628858508137440332,354597.3045304669,4025200.7737302
1628858508262795587,354597.28129886894,4025199.5507000885
1628858508334767397,354597.26871520455,4025198.8350905012
1628858508461014348,354597.2459142703,4025197.5067369556
1628858508533010528,354597.23540021176,4025196.7907874775
1628858508676812803,354597.19614825095,4025195.3459190605
1628858508731020891,354597.1850677963,4025194.730839731
1628858508863020174,354597.1329436024,4025193.3973628324
1628858508940709455,354597.11983339896,4025192.679473262
1628858509078713837,354597.09241296636,4025191.239472309
1628858509133051139,354597.04456145153,4025190.5846350132
1628858509265167035,354597.0199629536,4025189.241907332
1628858509331213557,354597.00695188984,4025188.519011219
1628858509475018398,354596.98928313283,4025187.069050551
1628858509540695262,354596.9792206045,4025186.4527944843
1628858509666845292,354596.94733947486,4025185.0980124515
1628858509745071134,354596.93439625175,4025184.2863700455
1628858509871086374,354596.89543086465,4025183.0441641808
1628858509930690148,354596.88484693563,4025182.4404901117
1628858510063152297,354596.8624602838,4025181.03858225
1628858510129115032,354596.81931464473,4025180.404112813
1628858510279112702,354596.7956491526,4025178.9168687006
1628858510332692165,354596.7872321322,4025178.4241812895
1628858510465214125,354596.75349065155,4025177.038546675
1628858510537047951,354596.7447706715,4025176.3513146965
1628858510680718131,354596.70377315796,4025174.9934202214
1628858510741135915,354596.69495703274,4025174.405982383
1628858510861095554,354596.6347968676,4025173.230233162
1628858510932813145,354596.62483831507,4025172.5492170355
1628858511070808157,354596.59929024836,4025171.1899037478
1628858511137040437,354596.5873114405,4025170.4903362943
1628858511262693137,354596.57066317485,4025169.3249961264
1628858511347157022,354596.55995167926,4025168.54996793
1628858511479130202,354596.4832979237,4025167.1641986603
1628858511539083407,354596.4710929588,4025166.580327197
1628858511671098115,354596.4123961609,4025165.3080568174
1628858511731121667,354596.4007175536,4025164.7246342893
1628858511881119174,354596.3392978085,4025163.262742757
1628858511941125755,354596.3253146,4025162.6838449743
1628858512073135641,354596.2946740844,4025161.4321306017
1628858512205121270,354596.24718872923,4025160.17688409
1628858512271258067,354596.2283003673,4025159.502060247
1628858512336978323,354596.21343030554,4025158.923055273
1628858512463120131,354596.1900221418,4025157.6549231973
1628858512595108342,354596.1567586659,4025156.3978512185
1628858512673104645,354596.1134191784,4025155.6244689757
1628858512805125581,354596.0817619008,4025154.37036078
1628858512865159637,354596.0415899452,4025153.778535594
1628858512997072702,354596.01009219215,4025152.5230209185
1628858513081234159,354595.9899115353,4025151.7511423016
1628858513213117478,354595.9275696522,4025150.3925683075
1628858513272716525,354595.91566997825,4025149.910589973
1628858513399237772,354595.8645207698,4025148.6552523514
1628858513477115009,354595.842139442,4025147.884997567
1628858513614789311,354595.78038400155,4025146.6232460598
1628858513669096922,354595.76348578546,4025146.0470522195
1628858513807139389,354595.7252584457,4025144.7014709567
1628858513867110797,354595.6895668125,4025144.112927559
1628858514017153222,354595.65190687124,4025142.675631423
1628858514071178220,354595.6393268242,4025142.1985778385
1628858514203004789,354595.578891395,4025140.9409240736
1628858514269284846,354595.5614160093,4025140.273919567
1628858514407112210,354595.4951399606,4025138.9318910856
1628858514467141029,354595.477609862,4025138.367151945
1628858514604968619,354595.39637105435,4025137.1374350465
1628858514683119718,354595.3735201438,4025136.3937689723
1628858514809177808,354595.3335727882,4025135.18945199
1628858514869063107,354595.2935549121,4025134.6268295683
1628858515001068863,354595.2556844074,4025133.428062469
1628858515084735741,354595.2335491325,4025132.6906710193
1628858515211333779,354595.1732921738,4025131.5000614226
1628858515271087761,354595.15486582776,4025130.9473917703
1628858515409074096,354595.0808040486,4025129.7598213567
1628858515475097623,354595.0607089939,4025129.118587132
1628858515613110421,354594.9950264363,4025127.8301376035
1628858515661107419,354594.979722323,4025127.372630462
1628858515805089398,354594.9401930895,4025126.0931721744
1628858515877075259,354594.894927065,4025125.44692804
1628858516015143380,354594.8564478689,4025124.171846675
1628858516080975224,354594.83997498883,4025123.626468482
1628858516207079318,354594.8005393513,4025122.438103637
1628858516285193850,354594.77887774544,4025121.712575594
1628858516417539207,354594.7353457379,4025120.5310848863
1628858516477338364,354594.7207587779,4025119.988970961
1628858516603071999,354594.68911009387,4025118.906402057
1628858516687179880,354594.646187032,4025118.0905323825
1628858516807209102,354594.6149040386,4025117.0133894784
1628858516939177035,354594.54618063325,4025115.831131153
1628858517005230565,354594.525787459,4025115.2030550237
1628858517089118543,354594.50464891136,4025114.5760289943
1628858517221199291,354594.43284839037,4025113.321312498
1628858517347209831,354594.3969738729,4025112.25245585
1628858517401567384,354594.36287122825,4025111.7113406756
1628858517539208149,354594.3181280133,4025110.4685604637
1628858517617214043,354594.2972170351,4025109.7532127174
1628858517743229955,354594.26234971266,4025108.6970955324
1628858517809212146,354594.2419032117,4025108.0840349547
1628858517941220009,354594.19195856387,4025106.9241667353
1628858518019164861,354594.167742515,4025106.2210204327
1628858518139197969,354594.12044025975,4025105.16773635
1628858518204784298,354594.10369492054,4025104.64250435
1628858518349232981,354594.06571413926,4025103.420789922
1628858518421149074,354594.0155225154,4025102.7119758227
1628858518541177120,354593.9802457234,4025101.678753706
1628858518612810257,354593.9345119741,4025101.1538248574
1628858518745178747,354593.89412009227,4025099.9539404395
1628858518805215354,354593.87603363383,4025099.4415483265
1628858518943196660,354593.81791263155,4025098.249102416
1628858519003227147,354593.7988526463,4025097.744172927
1628858519135172598,354593.7462788103,4025096.6404401544
1628858519213212518,354593.72471514845,4025095.975335322
1628858519345211881,354593.6905686597,4025094.984025423
1628858519405166020,354593.651794594,4025094.3936721957
1628858519543268318,354593.6174315257,4025093.240256502
1628858519615198955,354593.5906008682,4025092.6632527453
1628858519735180717,354593.55953066575,4025091.6697550197
1628858519807230399,354593.54191001254,4025091.0905215787
1628858519945164618,354593.51994968264,4025089.9469076153
1628858520022796837,354593.5064905552,4025089.3755999785
1628858520149166400,354593.4817748718,4025088.3351816842
1628858520209188008,354593.468733624,4025087.8488280075
1628858520347301495,354593.4246945981,4025086.7153500253
1628858520551203311,354593.3895411621,4025085.072689623
1628858520605204932,354593.37105667376,4025084.6621108716
1628858520749216835,354593.3447996427,4025083.4442891805
1628858520821188835,354593.3350167475,4025082.879267543
1628858520946836646,354593.28987442364,4025081.891071795
1628858521001172568,354593.27669149404,4025081.401729776
1628858521151179686,354593.26036890247,4025080.1939343223
1628858521223139127,354593.24798380956,4025079.6229748907
1628858521343487866,354593.22496616864,4025078.645577465
1628858521409179069,354593.2227739805,4025078.0764001827
1628858521547140400,354593.2013951787,4025077.0165777802
1628858521673167212,354593.1602327037,4025075.934504218
1628858521745156452,354593.1481204133,4025075.3561549564
1628858521895153928,354593.11811046395,4025074.118376694
1628858521955207638,354593.10700336273,4025073.619966653
1628858522081282603,354593.08469519066,4025072.6193639687
1628858522153239045,354593.0539709346,4025071.9430602747
1628858522285156354,354593.0296391216,4025070.849107717
1628858522345150096,354593.01838463685,4025070.3419110863
1628858522483181952,354592.97706246865,4025069.1447889064
1628858522543228845,354592.96418232506,4025068.633469152
1628858522693275205,354592.9250151041,4025067.3392038643
1628858522747231577,354592.9154794534,4025066.9090047954
1628858522885213249,354592.8939173536,4025065.712710832
1628858522950992728,354592.8824817112,4025065.1947140167
1628858523089472439,354592.85391427565,4025063.9792504497
1628858523149231623,354592.85188363376,4025063.456090993
1628858523281225974,354592.82848092524,4025062.319276172
1628858523347229252,354592.81465921673,4025061.7045175955
1628858523485288537,354592.82244480273,4025060.4802045007
1628858523551234835,354592.8126607167,4025059.9514988307
1628858523677200171,354592.77218145935,4025058.7809738666
1628858523749240774,354592.7584617726,4025058.1595607465
1628858523887232317,354592.7078652067,4025056.9044276336
1628858523941217750,354592.6965936111,4025056.4562523128
1628858524091102019,354592.66472512553,4025055.1950067165
1628858524144984881,354592.67343693075,4025054.657262772
1628858524349261228,354592.5997352885,4025052.721547792
1628858524481233303,354592.56804083165,4025051.5379970605
1628858524553198395,354592.5498514826,4025050.8993859696
1628858524679237128,354592.52576072374,4025049.699716481
1628858524751373928,354592.5082084533,4025049.0554184313
1628858524883239431,354592.45719519764,4025047.8318475094
1628858524943258341,354592.4407029394,4025047.27621579
1628858525087020996,354592.40304946236,4025045.975760595
1628858525153282598,354592.3491074294,4025045.310832709
1628858525285238387,354592.31081742654,4025044.09797367
1628858525363244114,354592.2701600287,4025043.3189313165
1628858525495230591,354592.2338950676,4025042.0976154595
1628858525555293641,354592.2173977393,4025041.532584411
1628858525687204207,354592.16826831753,4025040.2830419536
1628858525813282140,354592.135066803,4025039.0533128944
1628858525891212014,354592.11810346995,4025038.3713462777
1628858526017207426,354592.08770245226,4025037.1375419255
1628858526083120838,354592.07449174987,4025036.5683053583
1628858526215036245,354592.0416129099,4025035.3123257714
1628858526299202924,354592.0233922602,4025034.4553313726
1628858526419249463,354591.9845851668,4025033.286243242
1628858526479165384,354591.97310624435,4025032.71471933
1628858526617286227,354591.94577559456,4025031.374662287
1628858526677365458,354591.9361955301,4025030.8035337725
1628858526815420812,354591.91374335357,4025029.470474981
1628858526881232116,354591.8828104211,4025028.898178758
1628858527019265041,354591.8606819798,4025027.568044229
1628858527085140024,354591.85201725306,4025026.9969003634
1628858527229222925,354591.8174998814,4025025.557720691
1628858527289224467,354591.8097504965,4025024.986561472
1628858527409696384,354591.76321396127,4025023.7988041774
1628858527493228842,354591.75152136397,4025023.0344127165
1628858527625225672,354591.7205710034,4025021.760578534
1628858527691232399,354591.7111533024,4025021.089959974
1628858527811254378,354591.6936246839,4025019.939435846
1628858527895018312,354591.679422648,4025019.132789108
1628858528021307744,354591.66400564613,4025017.8788970197
1628858528093119631,354591.657035485,4025017.2996070604
1628858528213208450,354591.61620922544,4025016.011961491
1628858528291291446,354591.6060594685,4025015.23765646
1628858528423224684,354591.5291813754,4025013.9331595646
1628858528483256764,354591.51837236725,4025013.348807046
1628858528615266101,354591.48286402016,4025012.0688847834
1628858528693210220,354591.469814489,4025011.2927363077
1628858528819028909,354591.4483565927,4025010.1281179446
1628858528885342593,354591.43121384917,4025009.4227168583
1628858529017272219,354591.4119729954,4025008.16101539
1628858529095481459,354591.39951240056,4025007.3854063577
1628858529227194796,354591.35350090417,4025006.094307742
1628858529287173664,354591.3437366495,4025005.5121960077
1628858529419198115,354591.2986856096,4025004.2437863676
1628858529497310542,354591.2846621706,4025003.4714384177
1628858529635180698,354591.2435975353,4025002.189595212
1628858529689199006,354591.2338946962,4025001.6111445595
1628858529815484737,354591.2110950652,4025000.3574373736
1628858529887363674,354591.1826024872,4024999.6649830267
1628858530019325191,354591.15959479014,4024998.415246617
1628858530079282772,354591.1490073262,4024997.8386418624
1628858530217458508,354591.1251846672,4024996.480276527
1628858530361351354,354591.0940190923,4024995.113550474
1628858530427211318,354591.08476794616,4024994.440121529
1628858530559379304,354591.06630196644,4024993.1864026985
1628858530619186472,354591.0483456637,4024992.5871554315
1628858530697410801,354591.03906991985,4024991.8158264905
1628858530829475000,354591.02266419743,4024990.5593875595
1628858530955323178,354590.99457908864,4024989.392683129
1628858531021187542,354590.9862367682,4024988.7152106226
1628858531159295231,354590.9367711254,4024987.431066954
1628858531231414228,354590.9253430371,4024986.6569665037
1628858531352178992,354590.8800838413,4024985.4780379455
1628858531412187273,354590.8703257624,4024984.8962923354
1628858531562184888,354590.8458480546,4024983.4406479546
1628858531622174162,354590.8206007768,4024982.843415084
1628858531766061950,354590.79995686025,4024981.4889637455
1628858531814189499,354590.7926083867,4024981.005383303
1628858531958027726,354590.7496352317,4024979.6315921545
1628858532035965467,354590.7370761958,4024978.8573886123
1628858532155930517,354590.68760209845,4024977.68554981
1628858532216206135,354590.67719632265,4024977.1052188794
1628858532354102174,354590.6265508884,4024975.734364049
1628858532437928476,354590.61116166424,4024974.962466284
1628858532557931147,354590.5875078357,4024973.805209038
1628858532618020930,354590.57518107106,4024973.22680242
1628858532756199491,354590.50885120407,4024971.850656484
1628858532816210037,354590.49548705126,4024971.2722672704
1628858532961288001,354590.45244956005,4024969.9055572967
1628858533027184710,354590.4384364538,4024969.2302551274
1628858533165177705,354590.39047073177,4024967.953654693
1628858533225415808,354590.3756600445,4024967.276290706
1628858533369284371,354590.33050460287,4024965.905221736
1628858533417416901,354590.32010501006,4024965.4216924836
1628858533555239127,354590.28954495577,4024964.067407507
1628858533627353365,354590.26294330263,4024963.3675972577
1628858533765160558,354590.2357696556,4024962.106028934
1628858533819455182,354590.22325842094,4024961.5239022765
1628858533957232277,354590.1723941461,4024960.1418206757
1628858534035155856,354590.15768772573,4024959.4597552405
1628858534161174341,354590.09683908755,4024958.173849432
1628858534221150758,354590.0826442267,4024957.5877837334
1628858534359380809,354590.01247782446,4024956.2194536435
1628858534431176916,354589.995339514,4024955.5361472648
1628858534563201830,354589.9610354726,4024954.2661536364
1628858534689411850,354589.91277146223,4024952.9772291295
1628858534761399827,354589.8948578908,4024952.2913722796
1628858534833260536,354589.8769514868,4024951.605942559
1628858534958989026,354589.83602398296,4024950.4086918836
1628858535103389179,354589.7822849335,4024948.9152693474
1628858535163326532,354589.7678212245,4024948.325912267
1628858535295270011,354589.73772801994,4024947.0485848347
1628858535362153915,354589.70639177714,4024946.346717786
1628858535500386949,354589.67684756534,4024944.971114535
1628858535565975135,354589.66455017275,4024944.3817211185
1628858535698094743,354589.63838291087,4024943.105548547
1628858535758113448,354589.6275115631,4024942.5174739864
1628858535907981972,354589.5797670353,4024941.0338996463
1628858535967978177,354589.5688956901,4024940.4458250892
1628858536087967477,354589.54735245113,4024939.270649191
1628858536167177689,354589.5223424884,4024938.4746818836
1628858536299301878,354589.5011960782,4024937.2048948286
1628858536365305699,354589.4723883015,4024936.484552758
1628858536497235456,354589.452922907,4024935.213089562
1628858536557195904,354589.4440432005,4024934.6273009377
1628858536707405510,354589.4062456201,4024933.1453908226
1628858536767358464,354589.39818256017,4024932.559161257
1628858536899262657,354589.35299913253,4024931.2792183193
1628858536965061260,354589.34485189966,4024930.6952484665
1628858537109372716,354589.30744112784,4024929.2163836313
1628858537169397477,354589.2988059091,4024928.6342530204
1628858537296514179,354589.28086830577,4024927.373811577
1628858537362115227,354589.2686487781,4024926.7799613024
1628858537511998781,354589.25135618984,4024925.3287131228
1628858537566138123,354589.24554871314,4024924.8460223996
1628858537692247795,354589.2130851589,4024923.5911346753
1628858537764136740,354589.20493665914,4024922.917931442
1628858537902120314,354589.17427928594,4024921.5560187846
1628858537962151890,354589.16738401324,4024920.9811832155
1628858538093992531,354589.15326724143,4024919.737462366
1628858538160382963,354589.1390019838,4024919.052581952
1628858538304108928,354589.1267105399,4024917.719352939
1628858538364115640,354589.12562237505,4024917.1322739706
1628858538495992554,354589.11675662576,4024915.897742393
1628858538567996575,354589.1120233368,4024915.233454053
1628858538705999432,354589.0786022557,4024913.886907593
1628858538760490780,354589.0729505619,4024913.3188871075
1628858538892169365,354589.0631489031,4024912.1013390115
1628858539030125577,354589.0511492055,4024910.881935696
1628858539096246123,354589.04468081344,4024910.227014844
1628858539168142520,354589.0411916827,4024909.5750347422
1628858539288124474,354589.0311809501,4024908.4578319644
1628858539426123982,354589.0011971815,4024907.1560887042
1628858539498051678,354588.99348064524,4024906.508635082
1628858539636198263,354588.96027095715,4024905.1892457395
1628858539696231757,354588.95374418376,4024904.636376661
1628858539828156987,354588.93849048653,4024903.4413199346
1628858539912039655,354588.9132546192,4024902.6919262833
1628858540038241518,354588.89701202634,4024901.5034169084
1628858540098286129,354588.88875179924,4024900.956375249
1628858540224399988,354588.8532950233,4024899.7486569174
1628858540308280059,354588.84096909536,4024899.022911471
1628858540440306360,354588.8136232493,4024897.8529599276
1628858540500277251,354588.80331031105,4024897.3127276055
1628858540620291434,354588.79240510607,4024896.2386306734
1628858540710147075,354588.77756810305,4024895.4359620153
1628858540842073259,354588.75613078626,4024894.2798273866
1628858540902057908,354588.7355848206,4024893.735433215
1628858541022261972,354588.71325121284,4024892.6732467343
1628858541100197797,354588.6989552321,4024891.9665162745
1628858541244075858,354588.6297536849,4024890.721217002
1628858541292175101,354588.61779555294,4024890.2812320124
1628858541430260951,354588.56711801235,4024889.0394672435
1628858541514170774,354588.5467518227,4024888.3383928062
1628858541646054447,354588.50101460353,4024887.2073850245
1628858541706051039,354588.4839949466,4024886.6839888394
1628858541838088965,354588.44711019704,4024885.553076713
1628858541911159054,354588.4197542047,4024884.942939839
1628858542043394656,354588.380012569,4024883.72540571
1628858542103407907,354588.3593490446,4024883.2140335385
1628858542229084233,354588.32832398923,4024882.1740875863
1628858542301211126,354588.3080806162,4024881.4803353157
1628858542433386485,354588.27917431545,4024880.3556370265
1628858542499063558,354588.26574806485,4024879.833584381
1628858542625361670,354588.2283300939,4024878.699995662
1628858542697253470,354588.2106812884,4024878.09360222
1628858542847189847,354588.1757415789,4024876.7929797424
1628858542907220332,354588.1538378138,4024876.2677123635
1628858543027390289,354588.1243539505,4024875.221392915
1628858543117191684,354588.1110065633,4024874.4438457773
1628858543249228670,354588.0827189466,4024873.3123622197
1628858543297201791,354588.0733202856,4024872.8775833338
1628858543429236832,354588.0408651056,4024871.73963892
1628858543507362081,354588.02513625403,4024871.0439188452
1628858543645104018,354587.99569854303,4024869.9239291945
1628858543771233667,354587.9675669512,4024868.7962882426
1628858543837268939,354587.9549391283,4024868.2745273886
1628858543969439005,354587.9248541662,4024867.0540847285
1628858544041337428,354587.910345832,4024866.4456854947
1628858544185228031,354587.8823682914,4024865.2162353233
1628858544233262891,354587.87139716465,4024864.7805062532
1628858544371367721,354587.83645406767,4024863.5633799504
1628858544443272222,354587.82175428956,4024862.952664597
1628858544569099762,354587.79254261835,4024861.902556421
1628858544629283357,354587.78479631105,4024861.2806160348
1628858544773211119,354587.74934442877,4024860.0513522765
1628858544845210456,354587.7344256105,4024859.524014623
1628858544971369298,354587.7031858795,4024858.2802148825
1628858545031406637,354587.68789151486,4024857.750503157
1628858545175197422,354587.65725466586,4024856.504435008
1628858545242661793,354587.6394142917,4024855.8848001696
1628858545380080214,354587.60283626575,4024854.730323376
1628858545434338258,354587.58749379916,4024854.197743808
1628858545566201789,354587.55414797657,4024853.043090733
1628858545650078397,354587.540286819,4024852.3313481365
1628858545764302679,354587.5096494184,4024851.263563695
1628858545842110843,354587.4913479128,4024850.6400913806
1628858545968109813,354587.4676099027,4024849.472337701
1628858546046230950,354587.44707140815,4024848.757350178
1628858546166226658,354587.4239000513,4024847.6779659013
1628858546238105059,354587.40683481883,4024847.0499562523
1628858546376361712,354587.37431680935,4024845.788172605
1628858546448208517,354587.3573480378,4024845.1586354594
1628858546574476525,354587.3269744656,4024843.9883075445
1628858546640096996,354587.3224418721,4024843.44150858
1628858546778327285,354587.2927791206,4024842.17345146
1628858546850234656,354587.2781284786,4024841.5365512166
1628858546976282373,354587.2516826156,4024840.354743853
1628858547030160495,354587.24226734706,4024839.897138116
1628858547174237530,354587.2118660479,4024838.617801885
1628858547240344363,354587.1978727877,4024837.974604001
1628858547372141369,354587.1727253749,4024836.7701308173
1628858547432232090,354587.1610725396,4024836.2155167204
1628858547570234262,354587.13298086706,4024834.9155729106
1628858547648348202,354587.1366058256,4024834.1818695515
1628858547774111588,354587.11243323225,4024833.0591671327
1628858547834131948,354587.0998397174,4024832.495779755
1628858547972254104,354587.0733757965,4024831.170967342
1628858548050325223,354587.05335978506,4024830.4143450963
1628858548170362734,354587.0218396667,4024829.279375791
1628858548314255643,354586.9831069858,4024827.9454918276
1628858548374250550,354586.97101707803,4024827.373917296
1628858548446172207,354586.95275933435,4024826.7021044274
1628858548572424326,354586.9245930575,4024825.446839618
1628858548710179491,354586.90217873995,4024824.166942201
1628858548776128352,354586.8852146494,4024823.4849147648
1628858548908137787,354586.87670684105,4024822.1970936637
1628858548974274151,354586.8620580084,4024821.5093511236
1628858549118112846,354586.83217863593,4024820.124659501
1628858549184140057,354586.81678379164,4024819.528909454
1628858549304283606,354586.7831629396,4024818.234124335
1628858549376263934,354586.7796726965,4024817.5402131905
1628858549514384817,354586.7427517406,4024816.141479528
1628858549574370544,354586.7256841208,4024815.5387995364
1628858549712266598,354586.7184817126,4024814.2360029407
1628858549778259622,354586.699541267,4024813.532585325
1628858549916366844,354586.66942056885,4024812.106210755
1628858549976383136,354586.65330662724,4024811.5003409428
1628858550102151926,354586.6186839086,4024810.2822938305
1628858550174307588,354586.60166005994,4024809.4474964226
1628858550306309877,354586.56761864776,4024808.1185386935
1628858550378385835,354586.5765655865,4024807.40006592
1628858550510393230,354586.5463869151,4024806.07031098
1628858550570423814,354586.5333322302,4024805.453952846
1628858550720260117,354586.5162487052,4024803.9150549374
1628858550780278581,354586.5058686478,4024803.2962105377
1628858550918187931,354586.50563422474,4024801.9448351804
1628858550978321822,354586.49317230645,4024801.2200686787
1628858551122258268,354586.46848208085,4024799.7771845916
1628858551170304766,354586.46076612175,4024799.2589424737
1628858551314136806,354586.4404420566,4024797.8052429687
1628858551380408563,354586.42002445966,4024797.0592476125
1628858551500387296,354586.4006520631,4024795.806032621
1628858551584256897,354586.3896958501,4024794.9690582636
1628858551704288436,354586.3522423422,4024793.7187100304
1628858551788290824,354586.33689158113,4024792.883579406
1628858551914398727,354586.3451451872,4024791.4887267407
1628858551974395294,354586.3348621316,4024790.8538284805
1628858552112498759,354586.354422329,4024789.3797456534
1628858552244297161,354586.33888264233,4024788.0038467715
1628858552316397391,354586.32980196725,4024787.2641309937
1628858552382177547,354586.33251133724,4024786.5941027068
1628858552514331608,354586.316353428,4024785.103101908
1628858552634365605,354586.28289984586,4024783.8310191236
1628858552724392861,354586.26999282325,4024782.8668192155
1628858552778192929,354586.26226289145,4024782.331365434
1628858552916364359,354586.24497945537,4024780.8242092095
1628858553036432629,354586.2281155296,4024779.534941434
1628858553120190507,354586.2336900511,4024778.6809051572
1628858553252183175,354586.2182251501,4024777.280346843
1628858553312439119,354586.21172121214,4024776.6323847217
1628858553444325264,354586.21557447023,4024775.124385699
1628858553522192259,354586.2061218753,4024774.367952544
1628858553648433464,354586.2213561472,4024772.9471039292
1628858553708525774,354586.2155822797,4024772.2971764416
1628858553846092387,354586.20046643005,4024770.8883115076
1628858553918357861,354586.20734490495,4024769.995557087
1628858554050317323,354586.1945034076,4024768.578536334
1628858554110309938,354586.1912625033,4024767.9231342366
1628858554242329563,354586.17977378867,4024766.506701151
1628858554320473245,354586.17245113314,4024765.635242059
1628858554458215763,354586.1582090581,4024764.2075026226
1628858554512495124,354586.151849799,4024763.551786625
1628858554638475469,354586.17537158413,4024762.133728714
1628858554722421956,354586.1717081626,4024761.260255127
1628858554854193520,354586.1811227789,4024759.8381613838
1628858554914432619,354586.17912984005,4024759.1825552583
1628858555046368082,354586.1740356934,4024757.757958295
1628858555112402535,354586.1440583244,4024756.978798137
1628858555256207650,354586.1319386248,4024755.4410377843
1628858555316219953,354586.12759793206,4024754.781931004
1628858555442466846,354586.093816114,4024753.3265042
1628858555526319001,354586.08496101096,4024752.447380402
1628858555658209679,354586.0609437813,4024751.0082082753
1628858555712459656,354586.05288043397,4024750.347332883
1628858555838231192,354586.03437891544,4024749.0259271134
1628858555916486563,354586.0137647692,4024748.12081648
1628858556054383941,354585.9908182526,4024746.581711867
1628858556114388912,354585.96264307626,4024745.899079095
1628858556246446981,354585.9395129015,4024744.4709394635
1628858556318498849,354585.92726610287,4024743.700759267
1628858556462433234,354585.87632737245,4024742.1486354126
1628858556582345807,354585.8520818037,4024740.830499831
1628858556648344895,354585.83626010426,4024740.0418859506
1628858556720228424,354585.82309014536,4024739.2748950706
1628858556858392926,354585.77253637556,4024737.727525509
1628858556978375225,354585.74380693724,4024736.413188287
1628858557038371778,354585.7297740476,4024735.758516553
1628858557128479313,354585.70587774843,4024734.765082096
1628858557260483695,354585.6768508337,4024733.3584036944
1628858557380452634,354585.6330933579,4024732.0560983308
1628858557440382573,354585.6187694232,4024731.409549154
1628858557584243472,354585.5836977386,4024729.9026914053
1628858557656515031,354585.57682604354,4024729.1308951904
1628858557782458848,354585.549122488,4024727.744885518
1628858557848233224,354585.5367899778,4024727.107885462
1628858557980379211,354585.5076449673,4024725.6122808517
1628858558052343471,354585.49487725704,4024724.8692700514
1628858558184486187,354585.4558419164,4024723.4973054333
1628858558250252510,354585.44405268086,4024722.8617611127
1628858558382412552,354585.4145107692,4024721.373426351
1628858558454352302,354585.4021413251,4024720.635963074
1628858558580995749,354585.38055732625,4024719.26724579
1628858558646324090,354585.36700031074,4024718.6209279047
1628858558790316657,354585.3451963723,4024717.1426562313
1628858558862496778,354585.33449861757,4024716.313795311
1628858558988247558,354585.3147716281,4024715.0503325113
1628858559042484381,354585.304439386,4024714.4197686417
1628858559186500153,354585.28165415395,4024712.9430393158
1628858559252422657,354585.26984437864,4024712.2080080668
1628858559390480013,354585.24045459094,4024710.8415579544
1628858559444623671,354585.22989258764,4024710.211852437
1628858559576524520,354585.206880063,4024708.847126421
1628858559660379366,354585.1813336157,4024708.004598552
1628858559786416255,354585.15671558847,4024706.644232964
1628858559846393843,354585.1464896095,4024706.01818392
1628858559990488102,354585.1137664396,4024704.540339563
1628858560056401083,354585.10041200765,4024703.8078366704
1628858560188416548,354585.0872859978,4024702.4575322387
1628858560248424665,354585.07763502863,4024701.8348304885
1628858560386486660,354585.05011539685,4024700.3778949496
1628858560458496431,354585.0375397091,4024699.6517876913
1628858560584367811,354585.017021387,4024698.406648738
1628858560650484071,354584.9891985161,4024697.6594959567
1628858560788479262,354584.9631198867,4024696.2102266853
1628858560854392636,354584.9495169175,4024695.5811825353
1628858560992472670,354584.92334323906,4024694.1371638845
1628858561124280091,354584.8913200452,4024692.7974913716
1628858561190425788,354584.87851620035,4024692.077796636
1628858561262426246,354584.865535425,4024691.3584710816
1628858561382519155,354584.83353867114,4024690.1259148037
1628858561454548373,354584.82046489,4024689.4119619024
1628858561586325947,354584.7952505599,4024688.087006734
1628858561712445706,354584.7674015565,4024686.7578232978
1628858561784389881,354584.75464230665,4024686.046245496
1628858561922489625,354584.72834015195,4024684.6182202264
1628858561982508786,354584.71811875125,4024684.0160969016
1628858562126409817,354584.6892516439,4024682.598917878
1628858562186405840,354584.6799535458,4024682.0045305304
1628858562324542808,354584.65407350194,4024680.6253263024
1628858562396518416,354584.63548781036,4024679.917569375
1628858562516540437,354584.61521702015,4024678.743593279
1628858562594340215,354584.6031851426,4024678.0626429254
1628858562726521613,354584.5594420023,4024676.6920390967
1628858562786517292,354584.5485337855,4024676.1162944795
1628858562918522067,354584.51929496333,4024674.8698369917
1628858562984438414,354584.50928272307,4024674.205576394
1628858563134596353,354584.48075390956,4024672.7940069498
1628858563194404347,354584.47289898887,4024672.325694003
1628858563326350682,354584.4539299164,4024671.1110466835
1628858563386467910,354584.4403320538,4024670.4622881226
1628858563530407507,354584.4153516477,4024669.165832474
1628858563590409352,354584.4037115781,4024668.6137817726
1628858563716541280,354584.37595443026,4024667.413808222
1628858563788576517,354584.3639064979,4024666.7737516905
1628858563920529812,354584.34405685705,4024665.5903081065
1628858563992433329,354584.33108658134,4024664.9516708557
1628858564130513684,354584.29080448265,4024663.687332214
1628858564190543544,354584.2807501674,4024663.1461191727
1628858564328306332,354584.2564505122,4024661.9794128253
1628858564389032300,354584.22528107767,4024661.345719499
1628858564520470864,354584.19778061775,4024660.188344184
1628858564586307466,354584.18704185006,4024659.6572744576
1628858564730478972,354584.14244596823,4024658.3213529265
1628858564790477274,354584.12918566423,4024657.798260063
1628858564928446151,354584.09767316456,4024656.663718152
1628858564994421252,354584.0852932361,4024656.0584572293
1628858565120545370,354584.06349929026,4024654.9465184207
1628858565198322058,354584.0526795224,4024654.350569705
1628858565330425581,354584.0321958853,4024653.251243195
1628858565396425618,354584.0197124529,4024652.658007933
1628858565534539779,354583.99594100914,4024651.484578879
1628858565600330190,354583.986622179,4024650.983575667
1628858565726531890,354583.9650044556,4024649.9130767686
1628858565798558153,354583.9541929349,4024649.3376357257
1628858565924555900,354583.9335695856,4024648.2736509116
1628858565996539856,354583.9253198312,4024647.705369048
1628858566122452934,354583.9092782263,4024646.7271227916
1628858566254478402,354583.8957045233,4024645.606684307
1628858566332411216,354583.889956087,4024645.051055803
1628858566464581339,354583.8820981342,4024643.9474892197
1628858566530569050,354583.877021751,4024643.477420706
1628858566650563721,354583.8634130048,4024642.547778652
1628858566740463711,354583.85579803993,4024641.853570661
1628858566872386059,354583.8507875373,4024640.8633596087
1628858566932349559,354583.8461998612,4024640.407870297
1628858567058577302,354583.8359603996,4024639.4261698
1628858567136521942,354583.8329512263,4024638.833691168
1628858567262464671,354583.82392235496,4024637.942363406
1628858567322450995,354583.8192414136,4024637.4995099334
1628858567454339799,354583.8138048821,4024636.5494061164
1628858567538459717,354583.8071617781,4024635.9677306223
1628858567670482926,354583.7934776366,4024634.968082543
1628858567730507155,354583.78992840066,4024634.541750614
1628858567856423836,354583.7858076183,4024633.69556757
1628858567922596654,354583.7810232212,4024633.2065122398
1628858568060518045,354583.7759304909,4024632.2368714185
1628858568126361028,354583.7880962194,4024631.839450705
1628858568252512297,354583.78435250215,4024630.961156858
1628858568324865803,354583.7807960195,4024630.4943587584
1628858568456444391,354583.8043147664,4024629.6401437754
1628858568522520134,354583.80407077994,4024629.181590895
1628858568654519923,354583.7928649067,4024628.34425472
1628858568732489029,354583.7933305501,4024627.897443764
1628858568864585082,354583.8018736674,4024627.0213874383
1628858568924585208,354583.8012709868,4024626.6520770816
1628858569056637581,354583.8049643432,4024625.866790972
1628858569134619571,354583.81187887397,4024625.388825435
1628858569272504030,354583.81000155944,4024624.656676429
1628858569326889303,354583.8121449903,4024624.329017921
1628858569458599259,354583.8293019438,4024623.609315322
1628858569548364764,354583.8408532761,4024623.1913721636
1628858569668494111,354583.83459518966,4024622.541000869
1628858569800582451,354583.829648337,4024621.9114835397
1628858569848608841,354583.8302011456,4024621.6782314866
1628858569926501168,354583.8284326339,4024621.357607339
1628858570070518453,354583.84686877346,4024620.7013205844
1628858570196876842,354583.84037384216,4024620.1596365036
1628858570256609485,354583.8415289255,4024619.9189533223
1628858570400627241,354583.8173730308,4024619.3795038057
1628858570466518063,354583.8171718897,4024619.159618238
1628858570592483120,354583.82583124447,4024618.7023162907
1628858570658586710,354583.7975724113,4024618.480364546
1628858570796640005,354583.80260746914,4024618.060658142
1628858570874492693,354583.78332821117,4024617.811276858
1628858570988532004,354583.7837132278,4024617.4530269993
1628858571048549761,354583.7856430239,4024617.2811833285
1628858571192641820,354583.7613894703,4024616.9313375684
1628858571276391887,354583.76141890103,4024616.725256401
1628858571402552693,354583.7877178065,4024616.460382089
1628858571462541277,354583.7899628101,4024616.3214759426
1628858571594498162,354583.7954411361,4024616.0333683603
1628858571672617133,354583.8053743213,4024615.900590329
1628858571804613941,354583.81475025695,4024615.624142812
1628858571852557786,354583.8264335779,4024615.562615034
1628858571996522843,354583.8343790539,4024615.262345811
1628858572074651340,354583.8399726073,4024615.082865646
1628858572200409455,354583.870548722,4024614.8491867995
1628858572260505099,354583.88432182453,4024614.698089109
1628858572398519372,354583.9319851019,4024614.3826292395
1628858572470414087,354583.9510871484,4024614.1873518466
1628858572596660837,354583.9907290889,4024613.808668139
1628858572656669874,354584.02900755097,4024613.728585904
1628858572800540456,354584.0937835258,4024613.2935876283
1628858572872570211,354584.13696303905,4024613.1700280975
1628858572998647209,354584.2116533076,4024612.7401774153
1628858573058657646,354584.2456721193,4024612.5337426467
1628858573202507657,354584.35024388164,4024612.1666137367
1628858573268578460,354584.4018904641,4024611.9165921663
1628858573400508473,354584.5504421871,4024611.5249380805
1628858573460536104,354584.59929742565,4024611.3000163822
1628858573598703744,354584.73794006114,4024610.8620616216
1628858573670603475,354584.79221660626,4024610.5821706997
1628858573802526350,354584.891976203,4024610.0430785147
1628858573862596109,354584.9597458277,4024609.849122043
1628858574000707056,354585.0659209477,4024609.238861995
1628858574072750030,354585.11966783414,4024608.924611407
1628858574204551037,354585.2430605803,4024608.349165468
1628858574270528977,354585.2838340146,4024608.064063174
1628858574402696412,354585.4158756014,4024607.4023762713
1628858574480336360,354585.457228565,4024607.0497974493
1628858574600606739,354585.55496786477,4024606.417950362
1628858574732594733,354585.62620766915,4024605.721089364
1628858574810435331,354585.6634100763,4024605.3363955207
1628858574924675280,354585.7559607133,4024604.6598146306
1628858575002602875,354585.79157966765,4024604.1984089026
1628858575134954910,354585.87806173257,4024603.4308023024
1628858575200559953,354585.9003626752,4024603.068395924
1628858575338849308,354585.95176564355,4024602.2007019864
1628858575404704446,354585.98506028973,4024601.7622120115
1628858575543127111,354586.02676390874,4024600.8520724485
1628858575608564122,354586.06778996653,4024600.4612414767
1628858575735051414,354586.0881057406,4024599.5828041327
1628858575806679842,354586.09787072346,4024599.1002866067
1628858575950573330,354586.1564101124,4024598.119708501
1628858576004476475,354586.16686252237,4024597.7620174605
1628858576136587937,354586.2077766289,4024596.718841989
1628858576202561752,354586.21736021066,4024596.2741235695
1628858576328721593,354586.2351029768,4024595.295850967
1628858576406621198,354586.2528185819,4024594.656312869
1628858576532572150,354586.2661577577,4024593.726557021
1628858576610567343,354586.2844676856,4024593.0526423105
1628858576736696428,354586.288654733,4024592.016106256
1628858576808660406,354586.28919770697,4024591.452364383
1628858576940625096,354586.3011387654,4024590.363181283
1628858577000611110,354586.29623593355,4024589.8699005474
1628858577144626174,354586.2877605512,4024588.675278208
1628858577198880692,354586.2793476919,4024588.1727141407
1628858577336471151,354586.25851932424,4024587.0755242854
1628858577402712529,354586.2644394672,4024586.434185127
1628858577546477935,354586.24986945384,4024585.231066676
1628858577600669841,354586.2503202255,4024584.682253283
1628858577738507063,354586.23615444754,4024583.5514967577
1628858577804724396,354586.22709623794,4024582.939122078
1628858577930605283,354586.21997488,4024581.7677696077
1628858578002622450,354586.21014526393,4024581.1470574876
1628858578134588783,354586.16721164604,4024579.94267526
1628858578212470742,354586.1548571306,4024579.3171989666
1628858578350589005,354586.1296576001,4024578.0593194775
1628858578404650498,354586.1229173696,4024577.4941281155
1628858578536604184,354586.1035312591,4024576.3115334418
1628858578662883380,354586.1061970702,4024575.058370778
1628858578746671846,354586.09375117166,4024574.320816281
1628858578806682044,354586.0844021444,4024573.766243029
1628858578938587468,354586.0637512227,4024572.522081221
1628858579064712223,354586.0465819113,4024571.305849487
1628858579136699301,354586.03362390434,4024570.631951874
1628858579268704207,354586.01458304876,4024569.409098693
1628858579340613424,354586.0040708862,4024568.7470924463
1628858579466627857,354585.9819332898,4024567.49456324
1628858579538776898,354585.96978818986,4024566.827766415
1628858579670744159,354585.9570403212,4024565.574057387
1628858579736650799,354585.94315282535,4024564.905126852
1628858579862578247,354585.9279689322,4024563.739234961
1628858579946694664,354585.9112369106,4024562.8741506045
1628858580084479399,354585.8891425897,4024561.6203618324
1628858580138756407,354585.8752976998,4024561.027819978
1628858580270698078,354585.84951640107,4024559.7657693685
1628858580349107525,354585.8398728319,4024558.963485813
1628858580540922771,354585.80060396536,4024557.1082770107
1628858580672724834,354585.77671602776,4024555.8113588016
1628858580738663484,354585.7608456769,4024555.1218201835
1628858580876497777,354585.7445105468,4024553.824950778
1628858580930875765,354585.730067753,4024553.2327241357
1628858581074772333,354585.6970941163,4024551.8492501597
1628858581140672629,354585.6905090324,4024551.1405891185
1628858581284628864,354585.6564768607,4024549.7480768003
1628858581338612114,354585.6443523762,4024549.249637669
1628858581464888070,354585.632290013,4024547.938978946
1628858581554652873,354585.6103723795,4024547.0388252973
1628858581686629067,354585.57829936245,4024545.7171649034
1628858581746641756,354585.5633091354,4024545.1142891753
1628858581872516003,354585.54031113326,4024543.8958320934
1628858581944894650,354585.5222654843,4024543.0930409757
1628858582088613195,354585.497252922,4024541.795409233
1628858582148641769,354585.48459567083,4024541.068760731
1628858582268639211,354585.4625779425,4024539.881598284
1628858582340527866,354585.45073483104,4024539.1923888642
1628858582478723520,354585.4142445281,4024537.780356009
1628858582538894949,354585.40156521613,4024537.1932954267
1628858582664694558,354585.38915543735,4024535.902845211
1628858582748903780,354585.37626014743,4024535.128539833
1628858582880881059,354585.37415822176,4024533.8651231863
1628858582940921534,354585.36326908955,4024533.287706663
1628858583067422012,354585.3348419195,4024532.032040513
1628858583150644194,354585.3374596804,4024531.264524524
1628858583283023039,354585.30034111836,4024530.006158382
1628858583348674132,354585.27801947267,4024529.327088718
1628858583468665288,354585.26713171345,4024528.16704525
1628858583540697900,354585.240887975,4024527.4831814393
1628858583672654623,354585.2154437591,4024526.2231393997
1628858583810959140,354585.1546058031,4024524.8425894813
1628858583864540870,354585.1593907366,4024524.3515877197
1628858584014651591,354585.08761280833,4024522.8689567843
1628858584074660511,354585.05757182266,4024522.2750691692
1628858584212880345,354584.9939396305,4024520.8824124867
1628858584272921689,354584.96304225153,4024520.288554496
1628858584404903318,354584.8939625185,4024518.985764355
1628858584482687735,354584.8472483537,4024518.19316632
1628858584614650327,354584.77816415485,4024516.902606191
1628858584674898996,354584.74295731366,4024516.309034105
1628858584812710366,354584.6598181658,4024514.9245399972
1628858584884683852,354584.62098121736,4024514.2326171394
1628858585016645702,354584.5387324728,4024512.9513796885
1628858585070565214,354584.50619869196,4024512.458745538
1628858585214877485,354584.39413313684,4024510.9551075664
1628858585286720136,354584.3443719888,4024510.2650235114
1628858585406708282,354584.27798981883,4024509.0576701127
1628858585466716540,354584.2359166951,4024508.466746154
1628858585616876429,354584.13213240367,4024506.9825387136
1628858585676875086,354584.08919733285,4024506.394085881
1628858585820539425,354583.98918188503,4024505.021776709
1628858585868906752,354583.959533237,4024504.5213961084
1628858586006890980,354583.8580695679,4024503.1532082167
1628858586084556788,354583.8085907466,4024502.4702224084
1628858586210878079,354583.6959717574,4024501.1797516
1628858586276705175,354583.648294303,4024500.4958124217
1628858586408978209,354583.5444401264,4024499.213960798
1628858586487148894,354583.491664281,4024498.4341902924
1628858586612988059,354583.44023182633,4024497.2770470404
1628858586673005695,354583.40397985163,4024496.6958826473
1628858586810706714,354583.322356302,4024495.340759243
1628858586882680597,354583.29466796154,4024494.664541464
1628858587008881347,354583.22562026035,4024493.4123261366
1628858587074660622,354583.19481220725,4024492.8359685168
1628858587213022244,354583.13479002006,4024491.4808490346
1628858587284697631,354583.1019056172,4024490.811249175
1628858587410878217,354583.0807504257,4024489.5764038377
1628858587470906615,354583.05597430153,4024489.0061706463
1628858587620577348,354583.003400006,4024487.6699539833
1628858587692970308,354582.9733418012,4024486.91632227
1628858587813118226,354582.9299547752,4024485.7877459098
1628858587872956246,354582.892539397,4024485.2051819693
1628858588016956531,354582.8435228629,4024483.8929840326
1628858588088580948,354582.82073472114,4024483.2393281437
1628858588208595136,354582.76217199385,4024482.1024308642
1628858588364969459,354582.68083144305,4024480.6006503818
1628858588413080017,354582.66439348436,4024480.1393472753
1628858588544566893,354582.6256826351,4024479.0337790647
1628858588616969456,354582.56783035083,4024478.2825056133
1628858588748708866,354582.5283114465,4024477.0965675823
1628858588808694875,354582.5108050227,4024476.55239658
1628858588946978916,354582.4661006299,4024475.2751147714
1628858589018963813,354582.44563938887,4024474.6450862675
1628858589156962991,354582.37837450654,4024473.372577382
1628858589216959028,354582.3629415096,4024472.8390527694
1628858589348897786,354582.3274984246,4024471.6910408055
1628858589414734093,354582.30225200637,4024471.1394312545
1628858589558990060,354582.26555638993,4024469.82522616
1628858589618975782,354582.25897289184,4024469.300326939
1628858589739058758,354582.2363407584,4024468.263046874
1628858589811016315,354582.2225968344,4024467.6607377687
1628858589942989543,354582.17036136007,4024466.5199044347
1628858590020952937,354582.1549009214,4024465.8364320304
1628858590140970082,354582.0822670394,4024464.7899350454
1628858590212715231,354582.0675452221,4024464.198735494
1628858590350954355,354582.03821311507,4024463.0236892644
1628858590410961471,354581.97467966087,4024462.51080784
1628858590555052904,354581.9454236794,4024461.349722142
1628858590614724562,354581.8741490892,4024460.847865338
1628858590752950031,354581.84213849256,4024459.699368578
1628858590812974203,354581.8290777161,4024459.2097648005
1628858590956736660,354581.76951922243,4024458.0597311724
1628858591016738143,354581.75736108643,4024457.576597246
1628858591166933987,354581.7041702569,4024456.3430522066
1628858591214966229,354581.6948584022,4024455.9446637104
1628858591352997892,354581.6423879091,4024454.83563368
1628858591418622093,354581.6315872666,4024454.3633870347
1628858591544977771,354581.6094360552,4024453.3470797795
1628858591622952942,354581.5543754612,4024452.7024795986
1628858591748958057,354581.5307094264,4024451.777842124
1628858591814984529,354581.51632717694,4024451.240881931
1628858591946966096,354581.50133176066,4024450.2465188927
1628858592024777025,354581.49150599586,4024449.7163945176
1628858592156963462,354581.45509586856,4024448.650155476
1628858592277124027,354581.4376237652,4024447.7593496977
1628858592360999473,354581.4043828321,4024447.1576575297
1628858592420989898,354581.3964426579,4024446.7165061273
1628858592547013293,354581.37811777624,4024445.765305055
1628858592678933342,354581.33514072915,4024444.8158754813
1628858592750963113,354581.3268748679,4024444.3129924275
1628858592889123298,354581.2676807253,4024443.308414876
1628858592943147353,354581.25975110324,4024442.9561610837
1628858593086652114,354581.24034005834,4024441.977863341
1628858593158628408,354581.21074046195,4024441.4650841826
1628858593291010130,354581.1899829244,4024440.501610063
1628858593350954774,354581.1806012166,4024440.0913514006
1628858593488924379,354581.146205417,4024439.191414795
1628858593549039214,354581.1378716652,4024438.7185622077
1628858593693024974,354581.1109672325,4024437.7886995194
1628858593758751950,354581.10445463506,4024437.3905082247
1628858593884999053,354581.0508110397,4024436.538944414
1628858593963004537,354581.0408015882,4024436.0175969414
1628858594100645942,354581.0232230928,4024435.175544836
1628858594155010816,354580.9870180421,4024434.7908673044
1628858594287010045,354580.9690716559,4024433.959777191
1628858594365004748,354580.92025963217,4024433.4254391436
1628858594497016057,354580.90924957173,4024432.614389575
1628858594557009918,354580.899715026,4024432.244843965
1628858594683030043,354580.856711432,4024431.504948727
1628858594755056534,354580.84661862056,4024431.0250913403
1628858594886977036,354580.8045319518,4024430.2474609655
1628858594953028631,354580.800344092,4024429.8969907393
1628858595084675872,354580.7862428564,4024429.150003694
1628858595157058264,354580.74797729554,4024428.6784771015
1628858595295023636,354580.7351150955,4024427.902248672
1628858595355026653,354580.68904801994,4024427.546850341
1628858595492675768,354580.6794577204,4024426.849744961
1628858595571002419,354580.6722043728,4024426.4301732588
1628858595697007034,354580.647329017,4024425.7584554865
1628858595751006733,354580.64373006823,4024425.5055706827
1628858595889013587,354580.60360045306,4024424.7939781025
1628858595961023466,354580.5995791359,4024424.452446745
1628858596086611944,354580.59245729237,4024423.879598168
1628858596153014979,354580.58184788283,4024423.5251157703
1628858596279040043,354580.5792993177,4024422.932125169
1628858596351026617,354580.5778901266,4024422.621815286
1628858596501047905,354580.56621282565,4024421.9338696757
1628858596621131257,354580.5583138054,4024421.424251355
1628858596686660710,354580.5607804953,4024421.1790010342
1628858596765024356,354580.5644379974,4024420.8571162964
1628858596891102870,354580.5391096116,4024420.362026762
1628858597023045887,354580.5467111096,4024419.871038865
1628858597088919714,354580.55101173057,4024419.6498209178
1628858597161033762,354580.52408478555,4024419.3903540988
1628858597293014953,354580.5325927732,4024418.9379252517
1628858597425039602,354580.49898456666,4024418.5312467557
1628858597485033645,354580.5024021435,4024418.3358920286
1628858597623028712,354580.4623897559,4024417.901671994
1628858597694997549,354580.46493386314,4024417.6871516015
1628858597833135410,354580.4693313667,4024417.2997331596
1628858597886991050,354580.4352171526,4024417.1235778728
1628858598025024074,354580.44258724304,4024416.7309215805
1628858598103003927,354580.44657683966,4024416.541370864
1628858598217017274,354580.4393994268,4024416.2455925546
1628858598288994558,354580.44396066864,4024416.069566809
1628858598427188819,354580.3800385223,4024415.7441157983
1628858598499017103,354580.38459321146,4024415.5790612395
1628858598625019644,354580.3533854581,4024415.2734320485
1628858598696705308,354580.35604399705,4024415.14016286
1628858598822717803,354580.362203929,4024414.8599384595
1628858598901087126,354580.3217009858,4024414.7014532057
1628858599026981618,354580.32926137437,4024414.464250398
1628858599092689914,354580.3342037655,4024414.331797399
1628858599231125534,354580.2584755772,4024414.0838912646
1628858599303094591,354580.26060754305,4024413.9640281354
1628858599429173364,354580.2041919277,4024413.7537162188
1628858599489113978,354580.20602878556,4024413.6599048134
1628858599621202554,354580.14531759324,4024413.4465674036
1628858599693131568,354580.14695831673,4024413.3469151678
1628858599824714126,354580.1505010737,4024413.171150645
1628858599891182000,354580.08954073815,4024413.086967913
1628858600023094311,354580.0936821455,4024412.9322810136
1628858600101085762,354580.09581025504,4024412.854181292
1628858600221390975,354580.0363525046,4024412.7338099983
1628858600293135731,354580.0382144802,4024412.6660602074
1628858600425081167,354579.97030584206,4024412.5825738464
1628858600503070659,354579.97270886216,4024412.5182634704
1628858600623113333,354579.9014643333,4024412.4428134128
1628858600695144256,354579.9025622791,4024412.3963014297
1628858600827082721,354579.9046147828,4024412.316829682
1628858600905081473,354579.8369611284,4024412.27940537
1628858601030726876,354579.83737611724,4024412.219461836
1628858601163120598,354579.7963694697,4024412.1663165404
1628858601229105531,354579.79727813485,4024412.144298108
1628858601360987375,354579.76236342744,4024412.119767707
1628858601439083093,354579.76452932425,4024412.102626263
1628858601565168213,354579.76845796476,4024412.08220513
1628858601631064804,354579.731740606,4024412.0908928574
1628858601757115492,354579.73476875294,4024412.0710514043
1628858601834734381,354579.73605210084,4024412.0592806023
1628858601967149376,354579.7013263509,4024412.0784177235
1628858602027109769,354579.7019011325,4024412.0706718694
1628858602159066654,354579.66874749784,4024412.1150206807
1628858602231081781,354579.6687117794,4024412.1098027704
1628858602369105728,354579.64313656185,4024412.1607383504
1628858602429109700,354579.6429060794,4024412.1602844517
1628858602561101409,354579.64212363545,4024412.159122647
1628858602633091552,354579.6183658012,4024412.1680965577
1628858602759150516,354579.6178221309,4024412.1669307495
1628858602824978614,354579.6174291484,4024412.1664795754
1628858602963087376,354579.5947225557,4024412.1751459376
1628858603029098318,354579.5941103898,4024412.174423783
1628858603161122217,354579.5732678058,4024412.1841422585
1628858603233123205,354579.57288342854,4024412.1836604243
1628858603370969989,354579.5533713857,4024412.1934328764
1628858603431093994,354579.5531417292,4024412.192917929
1628858603581250408,354579.55226129276,4024412.1916814744
1628858603623094928,354579.5347720058,4024412.2023507887
1628858603761105162,354579.53404370527,4024412.2013254045
1628858603827097760,354579.53367152077,4024412.2008738825
1628858603977081124,354579.5166085232,4024412.210223791
1628858604037082962,354579.51604565454,4024412.2097754674
1628858604163103699,354579.50102780224,4024412.2200066033
1628858604223136797,354579.5007201902,4024412.219584515
1628858604367066153,354579.4865076138,4024412.229268086
1628858604439064196,354579.48628504656,4024412.229271818
1628858604564751458,354579.4856196125,4024412.228245381
1628858604637105544,354579.4724936123,4024412.238917808
1628858604769114716,354579.4718885481,4024412.237737771
1628858604834788586,354579.471540438,4024412.2372858454
1628858604967070685,354579.45850797766,4024412.247163246
1628858605027088664,354579.4580151837,4024412.2467137477
1628858605171124695,354579.4453075045,4024412.2580047697
1628858605231131683,354579.4448796575,4024412.2575999578
1628858605357174745,354579.4330280154,4024412.2683883426
1628858605489160795,354579.4325229467,4024412.268198448
1628858605561160916,354579.43218823185,4024412.2676852616
1628858605639200341,354579.4218421729,4024412.2793791816
1628858605759324426,354579.42143516184,4024412.27859255
1628858605891121744,354579.4116762214,4024412.289849376
1628858605975049529,354579.4111542858,4024412.2890341547
1628858606095049002,354579.41029747215,4024412.2881329968
1628858606161199086,354579.40107965237,4024412.30035731
1628858606293166081,354579.40049999766,4024412.299665128
1628858606371172419,354579.39148442773,4024412.3100702516
1628858606515104948,354579.39083523944,4024412.306892049
1628858606563197280,354579.3906462563,4024412.3055219264
1628858606695120859,354579.3846864819,4024412.307651304
1628858606773142295,354579.384790471,4024412.303132955
1628858606905144428,354579.37783603236,4024412.308193446
1628858606965169421,354579.37834341195,4024412.304522824
1628858607097008055,354579.3788852033,4024412.2965639015
1628858607169127041,354579.36763073725,4024412.3284757095
1628858607307194326,354579.3668640064,4024412.327298383
1628858607367164693,354579.3582031736,4024412.3405051776
1628858607493442711,354579.3577392616,4024412.339933123
1628858607715158399,354579.34821038006,4024412.3506520325
1628858607769154059,354579.34779579064,4024412.3476224844
1628858607895198239,354579.3373642441,4024412.3492012518
1628858607984907956,354579.3357301521,4024412.3372962745
1628858608105163880,354579.3242894565,4024412.3254794804
1628858608171100029,354579.32250350394,4024412.311318748
1628858608297180266,354579.3180357149,4024412.273277195
1628858608381131395,354579.3077266517,4024412.258191296
1628858608513016857,354579.3004503246,4024412.187680341
1628858608567283670,354579.2959847851,4024412.1464038827
1628858608699155285,354579.27829657006,4024412.068682294
1628858608777190573,354579.270687823,4024411.9941485897
1628858608909215148,354579.2499449857,4024411.8824205864
1628858608969184703,354579.24265597155,4024411.8109790566
1628858609101147021,354579.2203243787,4024411.679227635
1628858609161155759,354579.21200576203,4024411.5952606373
1628858609311194971,354579.18805317,4024411.3620195948
1628858609371225868,354579.18043151137,4024411.2961836234
1628858609491195377,354579.15366002056,4024411.0755020753
1628858609569258904,354579.1345115429,4024410.9155447786
1628858609713035059,354579.0997499602,4024410.6827444215
1628858609761190517,354579.0848453259,4024410.5454363013
1628858609905156709,354579.06960123125,4024410.241019476
1628858609983153721,354579.0479690293,4024410.0339236204
1628858610115130149,354579.0154754346,4024409.73913449
1628858610235141805,354578.97545137955,4024409.394026062
1628858610301201458,354578.95250070095,4024409.1842515115
1628858610445168773,354578.9284204722,4024408.786644794
1628858610511307975,354578.90626644646,4024408.592298789
1628858610643050760,354578.8755508899,4024408.1850987626
1628858610703187874,354578.85184354155,4024407.977000112
1628858610835051289,354578.7983739001,4024407.5094974614
1628858610913164750,354578.7708658533,4024407.212290119
1628858611039125646,354578.71955124504,4024406.754043936
1628858611099149929,354578.69502434577,4024406.519073023
1628858611243038347,354578.6444233855,4024405.9896020414
1628858611309180803,354578.61360111705,4024405.703604469
1628858611435218893,354578.5830500388,4024405.209609621
1628858611501076670,354578.5550538474,4024404.955684428
1628858611639243989,354578.52700316417,4024404.36299949
1628858611711234048,354578.499534161,4024404.0546373087
1628858611843138135,354578.45154498314,4024403.514822834
1628858611897515055,354578.45245794294,4024403.1724763024
1628858612041126435,354578.3885916129,4024402.5189753883
1628858612107388510,354578.38963606243,4024402.183828805
1628858612239338465,354578.33422210923,4024401.556568597
1628858612299362791,354578.3093971645,4024401.2631004388
1628858612437219186,354578.2994926934,4024400.5905975373
1628858612509732587,354578.2618645362,4024400.18636685
1628858612641328075,354578.20662469795,4024399.5303103635
1628858612707066807,354578.1802482658,4024399.223135307
1628858612845196522,354578.1144349013,4024398.498988282
1628858612911096338,354578.10227583046,4024398.128586437
1628858613037219314,354578.042448387,4024397.498989365
1628858613103323074,354578.05982467567,4024397.074167547
1628858613235975124,354578.0030042016,4024396.3713998646
1628858613313990707,354577.9675043139,4024395.938324866
1628858613445853616,354577.9481332137,4024395.1741837934
1628858613505851484,354577.92383971787,4024394.840927027
1628858613644101507,354577.8579567545,4024394.060872925
1628858613716132128,354577.8254389836,4024393.667176656
1628858613836006635,354577.76963907457,4024392.985235383
1628858613902295978,354577.79275713477,4024392.5905296933
1628858614046162587,354577.73885362817,4024391.7854791223
1628858614117990074,354577.70398533985,4024391.3664011126
1628858614244025341,354577.6454766029,4024390.608302819
1628858614304021285,354577.61615938024,4024390.2570791515
1628858614441883995,354577.58237884846,4024389.4330295655
1628858614515314177,354577.5463716295,4024388.951134915
1628858614635320850,354577.4874469063,4024388.2404221785
1628858614695342141,354577.46275827975,4024387.8742893254
1628858614839222210,354577.39870017744,4024387.016369479
1628858614917104338,354577.35668533505,4024386.528105857
1628858615043108127,354577.29515189625,4024385.7834555274
1628858615181206299,354577.21094264777,4024384.904816512
1628858615247146043,354577.17576668353,4024384.461482174
1628858615379086410,354577.0813253096,4024383.6263955464
1628858615439086141,354577.04534123465,4024383.2416533013
1628858615583088075,354576.9589738309,4024382.3366222437
1628858615637350877,354576.947843852,4024381.941255005
1628858615781104612,354576.86713239294,4024381.020488814
1628858615991320188,354576.7735517811,4024379.6281973626
1628858616039325581,354576.74601968174,4024379.2924161856
1628858616177815656,354576.6856391538,4024378.404924145
1628858616238268818,354576.64813437674,4024377.9281358
1628858616382028541,354576.5647343899,4024376.9620502912
1628858616442145062,354576.53134687955,4024376.5466248267
1628858616574153297,354576.4592087552,4024375.63807448
1628858616646025439,354576.431910179,4024375.168332371
1628858616777900686,354576.35945210315,4024374.2499607243
1628858616844036984,354576.3219547184,4024373.752817016
1628858616975910014,354576.22665057797,4024372.7950488534
1628858617054126896,354576.18021954026,4024372.2163746203
1628858617174101612,354576.1013731577,4024371.3309470625
1628858617246034578,354576.0581037981,4024370.816138923
1628858617378153930,354575.99261460715,4024369.862951884
1628858617444158117,354575.9495073395,4024369.3408778356
1628858617581912864,354575.8653609413,4024368.362735147
1628858617648011252,354575.8270853056,4024367.837345196
1628858617779905415,354575.74336811976,4024366.848544667
1628858617839926037,354575.705628367,4024366.3897351385
1628858617985373693,354575.6061895798,4024365.2249591425
1628858618045346898,354575.5676235978,4024364.758412003
1628858618177349731,354575.4854153639,4024363.748529024
1628858618243013777,354575.447252061,4024363.276237821
1628858618387092844,354575.34653947374,4024362.0657678274
1628858618447121984,354575.3088111266,4024361.5865723523
1628858618574036771,354575.23184377776,4024360.622866163
1628858618659323545,354575.1825121747,4024359.8665518505
1628858618791262877,354575.098275734,4024358.8114147736
1628858618845112516,354575.0656681119,4024358.403514088
1628858618977157938,354574.96468257916,4024357.2267706287
1628858619115091567,354574.87787355314,4024356.1311798478
1628858619181306656,354574.8268906722,4024355.546737853
1628858619253240294,354574.7749326895,4024354.958802687
1628858619385215369,354574.6844196246,4024353.8250965136
1628858619511119813,354574.58266522153,4024352.7154436503
1628858619589723073,354574.51812618156,4024352.0279574585
1628858619715079731,354574.4389092565,4024350.9704473866
1628858619769497276,354574.38759086665,4024350.4485110715
1628858619913108423,354574.2968705868,4024349.2060436485
1628858619985380409,354574.23569745244,4024348.5907056537
1628858620123322935,354574.12616275996,4024347.318860167
1628858620184173060,354574.07079002936,4024346.7850899906
1628858620309990877,354573.9580347161,4024345.7121817344
1628858620394065956,354573.89566611894,4024344.867890228
1628858620526023776,354573.76891246124,4024343.689656374
1628858620580057267,354573.7181364702,4024343.2337815757
1628858620711939794,354573.6011664851,4024342.026269839
1628858620784113700,354573.51639703155,4024341.289837043
1628858620927941542,354573.40080086316,4024339.963741387
1628858620987933686,354573.33499243297,4024339.405396473
1628858621114101131,354573.1926937461,4024338.1712404503
1628858621198081573,354573.0999779638,4024337.421360605
1628858621330022010,354572.94525530806,4024336.1976973987
1628858621378081062,354572.8947247253,4024335.692715669
1628858621516196798,354572.71496561356,4024334.364644424
1628858621581972503,354572.63468630495,4024333.7936637984
1628858621720076208,354572.4862838439,4024332.430123981
1628858621779939299,354572.403399683,4024331.857081333
1628858621911973077,354572.23934928037,4024330.551573793
1628858621996081185,354572.12168529286,4024329.778919021
1628858622117345420,354571.9425213019,4024328.466951106
1628858622177319248,354571.8504608259,4024327.883777938
1628858622309319139,354571.6444600908,4024326.6169989477
1628858622387155154,354571.5242503688,4024325.8078267965
1628858622519352717,354571.301076922,4024324.5332486746
1628858622584860165,354571.1951193331,4024323.9447543994
1628858622711300193,354570.949212831,4024322.668818073
1628858622789130233,354570.79588409985,4024321.8829065114
1628858622921086040,354570.5231129457,4024320.603331424
1628858622981073217,354570.401341422,4024320.013790138
1628858623113092560,354570.11952046317,4024318.7217935934
1628858623184956144,354569.9685727671,4024318.034322409
1628858623323083234,354569.65658450115,4024316.65774879
1628858623443091841,354569.3711239954,4024315.465941562
1628858623515263646,354569.2063489321,4024314.7816319964
1628858623587027447,354569.0407771491,4024314.099746689
1628858623731982979,354568.69092941436,4024312.706809797
1628858623858088573,354568.3695108027,4024311.4430653714
1628858623912148775,354568.17281763226,4024310.831984102
1628858624002053738,354567.96775790886,4024310.053867746
1628858624116241044,354567.62940537115,4024308.880495329
1628858624255298767,354567.2609529159,4024307.525864951
1628858624315336051,354567.10195454035,4024306.9462559707
1628858624459193947,354566.69826321723,4024305.5826951745
1628858624525110798,354566.5062168209,4024304.908700256
1628858624650970915,354566.15856765397,4024303.766062454
1628858624717331577,354565.9651340778,4024303.095966547
1628858624855114921,354565.60475665855,4024301.853261416
1628858624927117965,354565.2882495037,4024301.1497378605
1628858625047084276,354564.94523460197,4024300.012301912
1628858625119110496,354564.73076902307,4024299.3717946596
1628858625251119892,354564.3561030593,4024298.1497455104
1628858625329118711,354564.1270713747,4024297.3999549197
1628858625449124365,354563.7929956291,4024296.2702120966
1628858625509146324,354563.6198094635,4024295.7098230915
1628858625659305693,354563.1790831706,4024294.305867969
1628858625731212636,354562.97611816495,4024293.6555242906
1628858625858121375,354562.62651554955,4024292.547434778
1628858625918214655,354562.4473026917,4024291.884241529
1628858626050239235,354562.0661863537,4024290.689949602
1628858626116000017,354561.8986925252,4024290.131540343
1628858626254132778,354561.48510174186,4024288.8509705663
1628858626314128975,354561.307725518,4024288.305300328
1628858626452127839,354560.8941786491,4024287.0519210207
1628858626523998034,354560.68659810605,4024286.4227729854
1628858626656040197,354560.2976555269,4024285.281438363
1628858626716138146,354560.1187900852,4024284.748427411
1628858626854135725,354559.69765224657,4024283.5098849623
1628858626926047994,354559.48469163093,4024282.937650968
1628858627052242359,354559.08912909566,4024281.8027445734
1628858627113149277,354558.8888863035,4024281.3124506497
1628858627263126272,354558.45308607706,4024280.1065638834
1628858627329071894,354558.23464527994,4024279.5056742555
1628858627455156875,354557.80472554825,4024278.4461428486
1628858627515142980,354557.61265145853,4024277.9351125476
1628858627653358553,354557.1248235836,4024276.8047140716
1628858627725323483,354556.89457258594,4024276.212170774
1628858627863187086,354556.3898123638,4024275.0846198294
1628858627989146325,354555.98255662445,4024274.074574096
1628858628055326323,354555.74264072534,4024273.487045242
1628858628127357357,354555.4808724765,4024272.9037891948
1628858628259181416,354555.03277362685,4024271.817493728
1628858628397154786,354554.5308882968,4024270.6697530365
1628858628457130923,354554.3207885168,4024270.1686076885
1628858628595209112,354553.8597129284,4024269.079569738
1628858628661207799,354553.56487591297,4024268.540356022
1628858628787201731,354553.09302495385,4024267.4529026635
1628858628859142504,354552.82547330996,4024266.877281544
1628858628997072720,354552.3481829872,4024265.7926050085
1628858629057336523,354552.0889997262,4024265.2086037835
1628858629189308768,354551.58732818667,4024264.1683731615
1628858629261172690,354551.32429643977,4024263.5841923705
1628858629381170012,354550.8599393794,4024262.598175987
1628858629459373199,354550.55545165844,4024261.9329339634
1628858629597167912,354550.0572327041,4024260.8528200313
1628858629651297506,354549.80706864723,4024260.3885101946
1628858629789213946,354549.26516506716,4024259.2283184817
1628858629855067714,354549.03143465286,4024258.7314453735
1628858630005182170,354548.40444732027,4024257.5334658353
1628858630053300768,354548.2058960926,4024257.1209941474
1628858630192215161,354547.6275854169,4024256.0184811573
1628858630252219295,354547.3868463611,4024255.526577953
1628858630396050513,354546.7936304899,4024254.4013047693
1628858630462310345,354546.5125014485,4024253.8292379957
1628858630588108878,354546.02726690203,4024252.8516592183
1628858630654294989,354545.7165255371,4024252.308287475
1628858630792515329,354545.15342084726,4024251.168623766
1628858630864286188,354544.83168500254,4024250.6659638584
1628858630984328727,354544.34444411215,4024249.698428591
1628858631062440107,354544.0211341656,4024249.0548648303
1628858631206186751,354543.40571856266,4024247.9837057474
1628858631254211089,354543.20280699997,4024247.588091986
1628858631386425929,354542.6271347247,4024246.626556863
1628858631464045658,354542.3427117135,4024246.080454909
1628858631602173996,354541.77167798777,4024244.992926396
1628858631656328179,354541.49397351395,4024244.5833085454
1628858631788186814,354540.9624059679,4024243.586152027
1628858631860108587,354540.67191408365,4024243.0410064207
1628858631998237992,354540.1052426569,4024241.9718069383
1628858632058243857,354539.8632593859,4024241.5150505486
1628858632190200250,354539.2903746557,4024240.550081404
1628858632316407554,354538.7619186122,4024239.5615092856
1628858632388300664,354538.4493668209,4024239.0555827217
1628858632460279571,354538.1625758951,4024238.5252676914
1628858632592187665,354537.63324149593,4024237.542111985
1628858632724080501,354537.09919839515,4024236.5748128984
1628858632802311703,354536.7767787087,4024235.974142185
1628858632928251912,354536.24267226586,4024235.0340048745
1628858632988244960,354536.00156648643,4024234.5836425545
1628858633120248272,354535.4696636513,4024233.6495718365
1628858633204087749,354535.1495370391,4024233.0527994796
1628858633336077760,354534.63128052803,4024232.0876160627
1628858633390278059,354534.3729138479,4024231.647125879
1628858633522247888,354533.85727067245,4024230.684462139
1628858633588190805,354533.61985158926,4024230.2410265594
1628858633732339322,354533.0316238452,4024229.1597379316
1628858633792319183,354532.796991981,4024228.7178120087
1628858633924254790,354532.2574819358,4024227.7976325243
1628858634008111965,354531.9433273198,4024227.2123567695
1628858634128102094,354531.46424285835,4024226.3477737578
1628858634188138184,354531.23070214596,4024225.91086497
1628858634320199983,354530.7270660728,4024224.965394989
1628858634404271091,354530.3529277511,4024224.3442908577
1628858634536362461,354529.84857363795,4024223.4071947904
1628858634596319437,354529.6169776693,4024222.9759296887
1628858634716302926,354529.1624550177,4024222.1510348534
1628858634794410936,354528.85673048714,4024221.5789234424
1628858634938225484,354528.3424901854,4024220.6631114893
1628858634986262729,354528.152793049,4024220.3098483947
1628858635130238578,354527.609837272,4024219.3466971503
1628858635196271501,354527.34534872544,4024218.852873534
1628858635334220777,354526.8536839893,4024217.9333870104
1628858635388277355,354526.6197848442,4024217.5313049285
1628858635520214524,354526.12584609946,4024216.606577049
1628858635598506773,354525.82106386457,4024216.0358537314
1628858635736255317,354525.2896739611,4024215.092009321
1628858635790364150,354525.09892984934,4024214.7343387958
1628858635922245402,354524.5789163844,4024213.8064473723
1628858636000399094,354524.2689674889,4024213.2286086306
1628858636132344170,354523.76465193334,4024212.329811818
1628858636198281082,354523.4944703857,4024211.8236631495
1628858636324111516,354523.0300168997,4024210.954226919
1628858636402248631,354522.71256616287,4024210.403125436
1628858636534379725,354522.2062923522,4024209.4633458974
1628858636600252728,354521.97317820997,4024209.029176755
1628858636732298129,354521.4010325833,4024208.033007252
1628858636804238918,354521.12728624645,4024207.5256367195
1628858636942353581,354520.57770954125,4024206.5426689456
1628858637062338131,354520.10854234407,4024205.6751735094
1628858637122286244,354519.87803190073,4024205.2670532833
1628858637266254703,354519.33405559894,4024204.2559154225
1628858637338125398,354519.0616853306,4024203.750993784
1628858637458208350,354518.6012890971,4024202.908558801
1628858637524361005,354518.3305985128,4024202.405073846
1628858637662302466,354517.7731203801,4024201.41891238
1628858637740398411,354517.50128272176,4024200.9150499646
1628858637866392506,354516.97842959536,4024200.0069514713
1628858637926364154,354516.7469014526,4024199.5768452007
1628858638064436416,354516.20882536867,4024198.580897835
1628858638142237302,354515.92224739434,4024198.1280030347
1628858638268250152,354515.42367692513,4024197.216109754
1628858638334158160,354515.1934355212,4024196.7960832575
1628858638472241147,354514.6374592548,4024195.825125052
1628858638538326338,354514.37134247617,4024195.3393857446
1628858638670265607,354513.88157480746,4024194.434669071
1628858638730260298,354513.65502751136,4024194.025414379
1628858638874153450,354513.11570267833,4024193.071266733
1628858638940407992,354512.85408588103,4024192.597720043
1628858639060290486,354512.40687232197,4024191.788908186
1628858639132287101,354512.14344698185,4024191.343315466
1628858639270393076,354511.62955327553,4024190.412667007
1628858639336169078,354511.4112230191,4024190.016824313
1628858639462383549,354510.9070710029,4024189.1438433016
1628858639528389577,354510.6545626291,4024188.683632622
1628858639672390508,354510.1614212449,4024187.828899537
1628858639750288461,354509.91291612847,4024187.3808287494
1628858639870321885,354509.42378145416,4024186.5516327457
1628858639930626539,354509.21316675225,4024186.170461681
1628858640074490947,354508.72150732856,4024185.2876581233
1628858640134269811,354508.49120477,4024184.9313230487
1628858640272386246,354508.0026836003,4024184.0609485726
1628858640332175704,354507.8303010911,4024183.7520425986
1628858640464332362,354507.3375189984,4024182.9046583697
1628858640542401837,354507.06638544984,4024182.420773457
1628858640668280672,354506.62018308346,4024181.7398136584
1628858640734423730,354506.38671960006,4024181.3301563794
1628858640866423524,354505.9081567957,4024180.5972187943
1628858640944290612,354505.67855396937,4024180.1975675635
1628858641064396798,354505.25577858556,4024179.462717379
1628858641124424964,354505.0541501888,4024179.1428580764
1628858641268430807,354504.60506769735,4024178.3652974395
1628858641340156172,354504.38398581906,4024177.978747904
1628858641472281487,354503.98827084515,4024177.322881046
1628858641616332591,354503.5220237897,4024176.57185361
1628858641670403556,354503.3701608178,4024176.307250665
1628858641802286926,354502.97924692463,4024175.622860881
1628858641880302411,354502.7269069162,4024175.201832183
1628858642006575677,354502.34270598285,4024174.52373848
1628858642072233132,354502.1684438792,4024174.2124227346
1628858642198422904,354501.8142870871,4024173.52830124
1628858642270352577,354501.61715429544,4024173.168541095
1628858642408631700,354501.225296956,4024172.439764096
1628858642474249968,354501.0606284791,4024172.1340857367
1628858642600401594,354500.70841929875,4024171.4741930976
1628858642678292810,354500.4947156167,4024171.160426404
1628858642804285969,354500.1459905626,4024170.5131096086
1628858642870360222,354499.9364557423,4024170.204979767
1628858643008302955,354499.59258165804,4024169.5698496727
1628858643062428939,354499.4349315043,4024169.277298215
1628858643206302725,354499.04202436836,4024168.640122249
1628858643278303185,354498.85523735004,4024168.3012762265
1628858643404335308,354498.4858545377,4024167.71058059
1628858643482452628,354498.27518144867,4024167.329166596
1628858643614362479,354497.9216024246,4024166.750443352
1628858643674364189,354497.76557113585,4024166.470254906
1628858643806323690,354497.4286058563,4024165.8662895
1628858643872526182,354497.24218325154,4024165.594637159
1628858644016409556,354496.89252912917,4024164.9556368566
1628858644064413240,354496.7697528565,4024164.728906567
1628858644202305078,354496.4308290584,4024164.1646469478
1628858644268330973,354496.2552802936,4024163.851247182
1628858644406422351,354495.8916452301,4024163.2775450535
1628858644472331533,354495.7452820787,4024163.010164388
1628858644598460349,354495.43692513404,4024162.435107451
1628858644676356713,354495.2144646972,4024162.123318869
1628858644808326024,354494.90699988883,4024161.5686937743
1628858644868483058,354494.7293883184,4024161.3665348063
1628858645000476551,354494.4284774816,4024160.8282792564
1628858645126924449,354494.1050907022,4024160.3155778944
1628858645216472775,354493.90172176517,4024159.94978851
1628858645270349388,354493.7903968684,4024159.748470369
1628858645408470733,354493.45909657935,4024159.2315988378
1628858645540367215,354493.17438020743,4024158.7295095976
1628858645618441959,354492.9798747358,4024158.437240999
1628858645672355690,354492.87304517324,4024158.2460097955
1628858645804227132,354492.59908377053,4024157.7528343443
1628858645936224909,354492.30941630364,4024157.317173484
1628858646008369738,354492.14423350024,4024157.0236193947
1628858646146279948,354491.856942659,4024156.5959142814
1628858646194360489,354491.7547867821,4024156.4181239624
1628858646338237676,354491.4741278074,4024155.9264037064
1628858646410389497,354491.29646197625,4024155.6732813097
1628858646542380922,354491.0424079895,4024155.227928622
1628858646602394021,354490.89082810876,4024155.044803126
1628858646734367692,354490.64100422885,4024154.606917314
1628858646813000837,354490.4886866375,4024154.339819751
1628858646944390615,354490.243566453,4024153.9512630217
1628858647004415646,354490.1320529191,4024153.7559905737
1628858647136376774,354489.8661171821,4024153.3714452693
1628858647208237022,354489.7383494206,4024153.148277832
1628858647352358752,354489.48721802153,4024152.7056837617
1628858647400248560,354489.37118461984,4024152.5807081806
1628858647538360786,354489.12387758354,4024152.1459540036
1628858647604474248,354488.98838204757,4024151.973331342
1628858647736487669,354488.7649065213,4024151.579711721
1628858647802308127,354488.66248836747,4024151.399484427
1628858647934426496,354488.40308445017,4024151.0113505437
1628858648006407718,354488.2852666218,4024150.805502746
1628858648150470571,354488.03847852885,4024150.4366884343
1628858648216244099,354487.9407552736,4024150.263889695
1628858648336270078,354487.74689050106,4024149.9207070814
1628858648420428415,354487.57509363606,4024149.711797829
1628858648552366600,354487.36674174067,4024149.350090005
1628858648612389504,354487.25342330453,4024149.2214067774
1628858648732488027,354487.0620194811,4024148.8898406066
1628858648816395121,354486.9335764105,4024148.6678136913
1628858648954394404,354486.6999127142,4024148.3195311422
1628858649014401368,354486.60556618276,4024148.1533591067
1628858649140261301,354486.39740578807,4024147.857627156
1628858649212506227,354486.2737590228,4024147.6404330945
1628858649338293198,354486.09017648955,4024147.317097516
1628858649410332508,354485.9650040347,4024147.1658470933
1628858649536375685,354485.7692676679,4024146.8170806877
1628858649614495646,354485.6275711057,4024146.6259463932
1628858649752425532,354485.41814880935,4024146.252293674
1628858649872442943,354485.2170904953,4024145.9678561506
1628858649932447514,354485.1300262681,4024145.8100763327
1628858650016517831,354485.01543137204,4024145.6007870343
1628858650154452009,354484.7976077604,4024145.2752795066
1628858650280287208,354484.6271843517,4024144.9690876445
1628858650340277521,354484.54242183326,4024144.817525316
1628858650424510343,354484.4117057413,4024144.619187724
1628858650550302689,354484.25039955165,4024144.3184275897
1628858650676444182,354484.03522544436,4024144.039414969
1628858650736451907,354483.95769089286,4024143.8920953674
1628858650880414601,354483.75181590737,4024143.5725213867
1628858650946508867,354483.667929788,4024143.4008942903
1628858651084302550,354483.52025137463,4024143.0792755717
1628858651144322587,354483.42424173874,4024142.987685989
1628858651276435798,354483.2695979113,4024142.6233679624
1628858651348500875,354483.1693330335,4024142.478260874
1628858651480308077,354483.0466037445,4024142.1384317116
1628858651540513581,354482.9790270652,4024141.9347926117
1628858651678443347,354482.811992287,4024141.610935255
1628858651750487300,354482.7459461867,4024141.3980236384
1628858651882411147,354482.58899670024,4024141.1318279034
1628858651942523492,354482.534913731,4024140.944350316
1628858652081032967,354482.4124725226,4024140.491204453
1628858652152467388,354482.3315520771,4024140.4094629865
1628858652284396697,354482.22055786033,4024139.9773652814
1628858652344483535,354482.1690731705,4024139.774676842
1628858652482554314,354482.0485419785,4024139.3935204837
1628858652560318515,354481.9898343346,4024139.150517429
1628858652686428280,354482.01804621046,4024138.8520700703
1628858652746430274,354481.971439317,4024138.6372453202
1628858652872544380,354481.89206506585,4024138.085689868
1628858652962345094,354481.8250957277,4024137.7859406406
1628858653082328858,354481.72012206214,4024137.329785585
1628858653142404936,354481.6948615096,4024137.0566496705
1628858653286516225,354481.559111833,4024136.4647194576
1628858653352321035,354481.5005140316,4024136.22644479
1628858653484330908,354481.39329844003,4024135.6244226834
1628858653544434623,354481.32805833,4024135.380888389
1628858653688444790,354481.2058350983,4024134.6865887525
1628858653748426909,354481.12939304917,4024134.435246835
1628858653880572675,354481.01103631005,4024133.8504100055
1628858653946492389,354480.90985604574,4024133.5543782157
1628858654084566542,354480.71085160784,4024132.997262015
1628858654156530170,354480.6482522787,4024132.6164762466
1628858654276566505,354480.44142212544,4024132.093610064
1628858654342309280,354480.3320926522,4024131.831192854
1628858654480572668,354480.11517027166,4024131.1415952523
1628858654558554755,354479.9526995629,4024130.786014588
1628858654678795631,354479.72136990743,4024130.189951101
1628858654750594725,354479.5672535389,4024129.874360896
1628858654882556934,354479.32352312305,4024129.206331385
1628858655020502722,354478.99856914056,4024128.5644452656
1628858655086434836,354478.85520731367,4024128.2891104193
1628858655212500347,354478.5667198439,4024127.656072792
1628858655284554887,354478.3908404113,4024127.3307770225
1628858655410501585,354478.06477336853,4024126.668493335
1628858655482547972,354477.88220914546,4024126.335863464
1628858655620575423,354477.5053897329,4024125.6468436075
1628858655680673330,354477.3426973302,4024125.355353682
1628858655818359310,354476.9815488162,4024124.720392194
1628858655884489568,354476.7655223388,4024124.3488036124
1628858656022591809,354476.34792339726,4024123.654913965
1628858656088358502,354476.16456386127,4024123.3544630315
1628858656214576551,354475.79539462493,4024122.6639415585
1628858656286594994,354475.5760803347,4024122.304218494
1628858656424503405,354475.14362611715,4024121.536237312
1628858656484554724,354474.9510251034,4024121.221140454
1628858656616573963,354474.5429481724,4024120.490439434
1628858656688609414,354474.31368832325,4024120.1136713778
1628858656832453168,354473.85105403094,4024119.3500114493
1628858656886527188,354473.6555458203,4024118.9912621924
1628858657012346676,354473.2551244318,4024118.32302436
1628858657090356448,354472.9857476192,4024117.8744807984
1628858657216528850,354472.5441254809,4024117.0889838976
1628858657282384018,354472.3384808653,4024116.74728102
1628858657420478289,354471.8636788273,4024115.893737415
1628858657480482803,354471.6564468555,4024115.545652493
1628858657630605454,354471.13216178626,4024114.6187205617
1628858657690611763,354470.9224998788,4024114.2645118814
1628858657810531687,354470.5010819583,4024113.5517961765
1628858657882612344,354470.25627260376,4024113.101863812
1628858658032614616,354469.7271756698,4024112.196924356
1628858658086375226,354469.5514130298,4024111.8931722147
1628858658212616215,354469.0950095684,4024111.0748424544
1628858658290539848,354468.81235228444,4024110.585140016
1628858658428486505,354468.3328401641,4024109.788316311
1628858658494638189,354468.0812037182,4024109.359860905
1628858658614601155,354467.62720697746,4024108.6267570187
1628858658752858135,354467.1210102164,4024107.7720315587
1628858658824591807,354466.8694365836,4024107.346871033
1628858658884489361,354466.6109582428,4024106.9871951137
1628858659022643876,354466.10393287416,4024106.140845435
1628858659142517544,354465.65954995714,4024105.3650387404
1628858659226488658,354465.37056091015,4024104.880874802
1628858659286536160,354465.1533420546,4024104.5183091806
1628858659424781915,354464.66966398444,4024103.602414829
1628858659544620297,354464.2398877378,4024102.873177059
1628858659634627604,354463.9582184919,4024102.2869004654
1628858659766793309,354463.50079316885,4024101.4968474177
1628858659814586785,354463.3251538507,4024101.194558162
1628858659946771497,354462.88988493104,4024100.3340038154
1628858660036557119,354462.57576778287,4024099.7842215966
1628858660162522440,354462.1610758918,4024099.0250065946
1628858660216866569,354461.95153781644,4024098.6573072425
1628858660354391916,354461.49750502664,4024097.8634741995
1628858660420808159,354461.28097057523,4024097.398052835
1628858660558554669,354460.7964682483,4024096.5417428766
1628858660618561496,354460.6051130741,4024096.1477373703
1628858660750509868,354460.1593558814,4024095.3560237954
1628858660828830287,354459.88782564003,4024094.871994239
1628858660960546943,354459.4376013297,4024094.0787077216
1628858661020781678,354459.2365007936,4024093.7236842066
1628858661152533580,354458.80148860754,4024092.9257478616
1628858661230764467,354458.53478185623,4024092.4622672843
1628858661362787736,354458.08867891016,4024091.6827056156
1628858661422784998,354457.88948633964,4024091.341810273
1628858661548565890,354457.4608243435,4024090.6099295802
1628858661626514739,354457.2329892019,4024090.1876667687
1628858661764792377,354456.7761861962,4024089.4156700103
1628858661812793926,354456.6138689921,4024089.1434307396
1628858661956529237,354456.16926715313,4024088.375135476
1628858662022557863,354455.94294431637,4024088.001614449
1628858662166451819,354455.49530530546,4024087.214205135
1628858662226799207,354455.2991919409,4024086.8935828903
1628858662352402682,354454.90525041433,4024086.2520009833
1628858662424588808,354454.6739549383,4024085.824058999
1628858662562787317,354454.21320043155,4024085.0835007876
1628858662622775265,354454.02383608883,4024084.741769173
1628858662754758062,354453.5899331203,4024084.052701267
1628858662832407216,354453.3541741998,4024083.6806814563
1628858662964761456,354452.8652289171,4024082.9279621895
1628858663096418378,354452.4529652074,4024082.2866879134
1628858663156784124,354452.18140185287,4024081.9393780115
1628858663216778153,354451.9723533024,4024081.620437792
1628858663366593359,354451.42546205455,4024080.844277123
1628858663420559573,354451.2501989544,4024080.578541863
1628858663558790242,354450.7586049884,4024079.83032273
1628858663696553559,354450.2722882867,4024079.18150245
1628858663768605576,354449.9878831467,4024078.755977903
1628858663888589422,354449.5418471725,4024078.143224748
1628858663948600053,354449.3283390654,4024077.822711488
1628858664092437658,354448.8292492182,4024077.074313096
1628858664158597020,354448.55589489895,4024076.738507978
1628858664290939277,354448.0892064214,4024076.0444974583
1628858664350598305,354447.874050054,4024075.723523614
1628858664488797544,354447.38682394114,4024074.994640537
1628858664572812245,354447.10508748976,4024074.5626625805
1628858664692785337,354446.6437231298,4024073.9608480134
1628858664752825707,354446.43061580404,4024073.6383139296
1628858664890866416,354445.910402757,4024072.925182392
1628858664962770747,354445.6627468191,4024072.5476251543
1628858665100329343,354445.20360363263,4024071.8436004147
1628858665160560266,354444.971544258,4024071.460654438
1628858665292843066,354444.47579216666,4024070.6911430913
1628858665364566273,354444.19429999276,4024070.2932798066
1628858665496758837,354443.73000942793,4024069.5726178875
1628858665556858378,354443.51356818527,4024069.238298995
1628858665700581213,354443.044904188,4024068.4825542364
1628858665766560819,354442.7988315585,4024068.0966086653
1628858665892839395,354442.33286621654,4024067.3543684576
1628858665958465089,354442.1230400456,4024067.023234458
1628858666102547217,354441.6318453032,4024066.24070729
1628858666168575459,354441.38240231964,4024065.8394374563
1628858666300949875,354440.92696407146,4024065.0970816435
1628858666355099720,354440.689612902,4024064.741629409
1628858666498860478,354440.2017105599,4024063.9461686146
1628858666570588436,354439.9578187355,4024063.547430147
1628858666696850632,354439.4776769433,4024062.817940263
1628858666756866985,354439.26896668656,4024062.473298809
1628858666894467671,354438.80479893496,4024061.7572737397
1628858666966851459,354438.5281471449,4024061.2978058634
1628858667098468011,354438.1135883663,4024060.6081087505
1628858667164447467,354437.82638769853,4024060.1992940973
1628858667296882671,354437.34263709345,4024059.3839273076
1628858667368845125,354437.04940931796,4024059.0087832217
1628858667494607136,354436.6275101927,4024058.309077544
1628858667560894019,354436.38186225854,4024057.8984667775
1628858667692595941,354435.88809986843,4024057.1703043445
1628858667770835790,354435.6086605427,4024056.69751663
1628858667890832630,354435.14839281177,4024056.026592328
1628858667962945102,354434.9006676226,4024055.613147814
1628858668100839495,354434.3534992321,4024054.824297427
1628858668172832518,354434.10169551487,4024054.4097006936
1628858668310579304,354433.6336046337,4024053.6372841448
1628858668430841140,354433.1038624103,4024052.9293181445
1628858668490847232,354432.88451236056,4024052.575394974
1628858668628495089,354432.37187803007,4024051.8111725273
1628858668694841740,354432.11687581404,4024051.3987657703
1628858668844482693,354431.61283417663,4024050.573730107
1628858668898482778,354431.3380749217,4024050.187045683
1628858669036594568,354430.84060743835,4024049.3718484407
1628858669096621879,354430.63013395807,4024049.026748489
1628858669246852058,354430.0768376791,4024048.1401617494
1628858669294869452,354429.90585998085,4024047.856166434
1628858669426862026,354429.4463021209,4024047.0475960583
1628858669504603157,354429.2118488859,4024046.652117384
1628858669636833984,354428.7091098268,4024045.778353895
1628858669696850994,354428.51702588244,4024045.4469833774
1628858669828996725,354428.11199583206,4024044.7450417504
1628858669906837721,354427.8149399465,4024044.25826775
1628858670044502210,354427.4332183277,4024043.5821800088
1628858670098507550,354427.29084209277,4024043.3275508187
1628858670230845357,354426.84175360354,4024042.573614438
1628858670296854358,354426.6521955088,4024042.2309100395
1628858670440605068,354426.2193043941,4024041.511919097
1628858670500630073,354426.06386162003,4024041.227052703
1628858670632756478,354425.6958797594,4024040.651320419
1628858670699580426,354425.54708662024,4024040.3771456354
1628858670842629566,354425.1835132976,4024039.7058802727
1628858670902628106,354425.0000661521,4024039.4963132064
1628858671028833218,354424.7020954705,4024038.9405238195
1628858671100848364,354424.54698906874,4024038.645703062
1628858671238620963,354424.22558140015,4024038.155492764
1628858671292952177,354424.0968608405,4024037.909850689
1628858671430936282,354423.74202634784,4024037.371007177
1628858671490923968,354423.6159068182,4024037.1294108047
1628858671640941982,354423.2604216505,4024036.559084059
1628858671694923843,354423.1593019156,4024036.359548514
1628858671838489017,354422.8805796655,4024035.805022957
1628858671964919763,354422.58382253884,4024035.3378974404
1628858672042950215,354422.4321051938,4024035.0295310346
1628858672102948123,354422.28139684524,4024034.806719076
1628858672234833197,354422.04310275696,4024034.3106579697
1628858672366624740,354421.7706790875,4024033.842269474
1628858672438933964,354421.64551063697,4024033.5773417046
1628858672504855897,354421.52152209135,4024033.3136148304
1628858672636918661,354421.2679048612,4024032.8401498785
1628858672762876353,354421.0725482478,4024032.404769391
1628858672840518262,354420.94921049534,4024032.1234534536
1628858672978851917,354420.6998300352,4024031.623306031
1628858673032889590,354420.6305831587,4024031.4571099747
1628858673158906324,354420.40847487096,4024031.0353011815
1628858673242594175,354420.30869612726,4024030.7820321554
1628858673368914973,354420.1224385479,4024030.411440408
1628858673428891749,354420.0564080149,4024030.2323119263
1628858673560918221,354419.9220284081,4024029.851388784
1628858673638938773,354419.74776314484,4024029.71246853
1628858673770886048,354419.6184169594,4024029.3577670697
1628858673836524889,354419.5614424505,4024029.1981399003
1628858673962899086,354419.4212493908,4024028.8508837344
1628858674040939552,354419.34983656136,4024028.645661505
1628858674178935287,354419.18342969904,4024028.335832775
1628858674232911666,354419.1404214061,4024028.2118598493
1628858674364904275,354419.0126504516,4024027.9237213815
1628858674436548339,354418.9551877774,4024027.7559236884
1628858674574914130,354418.84318966593,4024027.4219881464
1628858674634916341,354418.79772806785,4024027.2964084577
1628858674766901210,354418.7001336885,4024026.999645695
1628858674850635444,354418.6432467611,4024026.824331006
1628858674970937135,354418.54185346334,4024026.5676100943
1628858675042803019,354418.5061114612,4024026.448336964
1628858675162881366,354418.410766301,4024026.2237411137
1628858675246926730,354418.37140549254,4024026.086157135
1628858675372923089,354418.2899175018,4024025.8361821338
1628858675432939572,354418.2693765175,4024025.753397009
1628858675564963719,354418.23367063026,4024025.596281433
1628858675636895182,354418.1773339908,4024025.4891948886
1628858675780809181,354418.1562949594,4024025.366745231
1628858675834579443,354418.15266597207,4024025.3314667596
1628858675966913078,354418.07949690596,4024025.237968484
1628858676038926734,354418.0789682045,4024025.2055676556
1628858676182908372,354418.0512418235,4024025.156533573
1628858676236913876,354418.053533627,4024025.143067347
1628858676368931749,354418.0454079163,4024025.129898085
1628858676440906603,354418.0453804291,4024025.112808685
1628858676584561261,354418.0444578294,4024025.0778509895
1628858676698902061,354418.03742869076,4024025.066372304
1628858676758888388,354418.03630221944,4024025.052902432
1628858676908907440,354418.0333630312,4024025.0787086417
1628858676980923878,354418.03233980195,4024025.0695705353
1628858677100910297,354418.03047685605,4024025.0549533577
1628858677160889813,354418.03488868417,4024025.113228964
1628858677250930885,354418.0335559965,4024025.1101995767
1628858677370948205,354418.0359315484,4024025.1080844975
1628858677502891588,354418.0343276637,4024025.1079893536
1628858677562946916,354418.0338699963,4024025.107997038
1628858677701169136,354418.03033375664,4024025.082787823
1628858677778792345,354418.0291875395,4024025.082684996
1628858677904893849,354418.02508797834,4024025.0584618007
1628858677970570263,354418.0241726412,4024025.0584771675
1628858678108582934,354418.01793422416,4024025.034106777
1628858678175020754,354418.0155642661,4024025.0320103313
1628858678306977483,354418.0082458242,4024025.025114144
1628858678366985644,354418.00316833134,4024024.996268693
1628858678504933491,354417.9900023802,4024024.9764701743
1628858678576965352,354417.98109431425,4024024.9612388504
1628858678708879906,354417.9658038653,4024024.908516978
1628858678768970313,354417.9555193931,4024024.8903790717
1628858678907002168,354417.9349645849,4024024.819496047
1628858678979006156,354417.92078279663,4024024.792817604
1628858679110862793,354417.8947641696,4024024.702800213
1628858679165171371,354417.8800794205,4024024.6716136066
1628858679308982452,354417.8406123938,4024024.589512432
1628858679380968573,354417.82978669007,4024024.5109587396
1628858679507001683,354417.78941767686,4024024.421487445
1628858679567134295,354417.7695108962,4024024.3773880075
1628858679710972618,354417.73739083274,4024024.226620932
1628858679783064001,354417.7094938442,4024024.1628802232
1628858679908992897,354417.6862414488,4024024.021302664
1628858679969001437,354417.6594479827,4024023.9578486052
1628858680179011847,354417.5787860097,4024023.68436118
1628858680311003261,354417.5053685694,4024023.5133523433
1628858680370984777,354417.4973049417,4024023.39935185
1628858680509021730,354417.410008691,4024023.192443167
1628858680641029167,354417.3700775395,4024022.9472636655
1628858680712981760,354417.32117220707,4024022.8301646602
1628858680778654044,354417.2759338542,4024022.726065627
1628858680911018867,354417.21667637955,4024022.417733954
1628858680983018520,354417.1601941945,4024022.28470989
1628858681114967094,354417.0927269048,4024021.9827416423
1628858681175074112,354417.03244690964,4024021.839832594
1628858681313027655,354416.90351446904,4024021.54432839
1628858681390856426,354416.8552815357,4024021.327303434
1628858681504990082,354416.73896625283,4024021.0634477977
1628858681660633357,354416.62754328887,4024020.6592510794
1628858681708627624,354416.57958704454,4024020.552329026
1628858681846965445,354416.44442528044,4024020.2575397617
1628858681913003345,354416.39687795483,4024019.999548663
1628858682045143451,354416.2713356693,4024019.72419021
1628858682110725155,354416.2108296795,4024019.512376194
1628858682236971272,354416.0822461442,4024019.24311129
1628858682447313012,354415.8895705724,4024018.745674102
1628858682507021559,354415.8358403002,4024018.636590685
1628858682639020599,354415.7003487358,4024018.3230691548
1628858682710989909,354415.6436580998,4024018.2076267414
1628858682854678800,354415.5363146868,4024017.9909838266
1628858682909011993,354415.4951778203,4024017.809423277
1628858683047005647,354415.4008207045,4024017.6155115855
1628858683112652933,354415.3565723564,4024017.439496448
1628858683251000349,354415.27438969584,4024017.2663154453
1628858683311033062,354415.2428388576,4024017.197631199
1628858683509048916,354415.1363566703,4024016.9204879208
1628858683640985705,354415.08559539216,4024016.7210225314
1628858683712968013,354415.0610208724,4024016.6643061345
1628858683844642558,354415.02212796244,4024016.5700493236
1628858683910999966,354414.98526424647,4024016.4521378116
1628858684054978637,354414.9558931546,4024016.3769472367
1628858684114900827,354414.948802682,4024016.3545442787
1628858684241130387,354414.94628095743,4024016.224337448
1628858684313054559,354414.94409298536,4024016.2049039425
1628858684456914462,354414.9439476719,4024016.088084964
1628858684511077528,354414.9448466449,4024016.078914589
1628858684648944864,354414.95137735666,4024015.99707878
1628858684715066423,354414.9484081359,4024015.984738479
1628858684847199748,354414.9440421576,4024015.9610080402
1628858684919066721,354414.96959391504,4024015.8986893427
1628858685045052439,354414.96442813973,4024015.880038255
1628858685111191456,354414.9980671128,4024015.8067805488
1628858685255063251,354414.9924390991,4024015.792409687
1628858685315029395,354414.9902719189,4024015.785121844
1628858685440890191,354415.0253845975,4024015.695115744
1628858685525071398,354415.0186410976,4024015.6824725964
1628858685657069892,354415.04717301746,4024015.596788409
1628858685710931965,354415.0411010958,4024015.5868805717
1628858685849040973,354415.0163336442,4024015.549576617
1628858685981058452,354415.04941943806,4024015.4433691762
1628858686059097789,354415.03107057756,4024015.414807569
1628858686191021094,354415.04946318123,4024015.2750943284
1628858686251041043,354415.0311002011,4024015.2475095205
1628858686371039351,354415.04720083857,4024015.103074013
1628858686461026864,354415.01526978955,4024015.052645682
1628858686592944666,354414.96754539816,4024014.9795332574
1628858686641108552,354415.00760517037,4024014.8406159217
1628858686779069947,354414.947621617,4024014.744454891
1628858686851070434,354414.9157219893,4024014.6931715403
1628858686989212320,354414.91427331814,4024014.4878123323
1628858687049077927,354414.8799737997,4024014.4308319595
1628858687181057523,354414.88349031867,4024014.2085436704
1628858687259146882,354414.8472273935,4024014.1473237965
1628858687391062945,354414.8242603487,4024013.910038222
1628858687451082434,354414.79358994646,4024013.8556214375
1628858687582915343,354414.7303442334,4024013.746941919
1628858687661014115,354414.7323440196,4024013.538839266
1628858687853044128,354414.6362619625,4024013.3703471934
1628858687973078489,354414.61653223087,4024013.1168329334
1628858688045105322,354414.5787561707,4024013.049107696
1628858688177038747,354414.56493794295,4024012.8077622685
1628858688243017784,354414.5280814285,4024012.741181262
1628858688375041626,354414.51719922526,4024012.4983827323
1628858688452918207,354414.4851194015,4024012.4372757366
1628858688645052353,354414.4412936158,4024012.1310043395
1628858688777072646,354414.3951511964,4024012.036686135
1628858688855097157,354414.4030131731,4024011.8450866435
1628858688992946404,354414.365083001,4024011.764546597
1628858689047151570,354414.35006431374,4024011.7307410873
1628858689179068338,354414.3610602791,4024011.5431173043
1628858689262934146,354414.345477938,4024011.507551237
1628858689389091212,354414.37563292496,4024011.3449354167
1628858689442854100,354414.3695927844,4024011.328740418
1628858689647360978,354414.39427984215,4024011.1467461605
1628858689779196899,354414.38939550414,4024011.125771011
1628858689916924041,354414.440895359,4024010.9983803737
1628858689983031772,354414.439598882,4024010.992054476
1628858690193054836,354414.51239933353,4024010.895434192
1628858690313061467,354414.50896798354,4024010.888289645
1628858690379068774,354414.58874434873,4024010.791796386
1628858690463012171,354414.588134126,4024010.791806631
1628858690595042487,354414.5865211278,4024010.7920778515
1628858690715013372,354414.65275436436,4024010.6687733615
1628858690787159028,354414.6515685243,4024010.6690374105
1628858690925112189,354414.71731482923,4024010.547633188
1628858690985107236,354414.71625000937,4024010.5478341705
1628858691117140074,354414.78179536137,4024010.42991233
1628858691183234030,354414.7812614159,4024010.4299212946
1628858691327260987,354414.77918972506,4024010.43013918
1628858691381022868,354414.8456853566,4024010.3151921122
1628858691525036083,354414.84393403435,4024010.315404621
1628858691579100128,354414.84355264576,4024010.3154110247
1628858691716994223,354414.91023178835,4024010.2041229876
1628858691795073354,354414.90902966657,4024010.204326276
1628858691920990319,354414.9725947,4024010.102062701
1628858691975076501,354414.9716366696,4024010.102261893
1628858692119001860,354415.03006496304,4024010.0112540033
1628858692190962156,354415.0295310153,4024010.011262967
1628858692317269865,354415.0278091809,4024010.0114139444
1628858692377196011,354415.0831293975,4024009.928881098
1628858692521082558,354415.0814990975,4024009.9290305385
1628858692592918620,354415.08082785027,4024009.929041808
1628858692719997424,354415.1327113168,4024009.85358571
1628858692781012443,354415.1322536486,4024009.853593393
1628858692919267337,354415.18224813446,4024009.7837842503
1628858692991155789,354415.18118228996,4024009.783924215
1628858693122996376,354415.22914833325,4024009.718726768
1628858693183021214,354415.2286143855,4024009.718735732
1628858693321276245,354415.2263280932,4024009.7188961874
1628858693393110177,354415.2729765596,4024009.6579322917
1628858693519046687,354415.27145304694,4024009.6580799394
1628858693585149528,354415.2709953786,4024009.6580876233
1628858693723021129,354415.31546375854,4024009.600883477
1628858693801252162,354415.31485353573,4024009.6008937215
1628858693915100368,354415.3608966494,4024009.5465928293
1628858693987101313,354415.35984605993,4024009.546732538
1628858694125031686,354415.4048978939,4024009.4951948724
1628858694191224444,354415.40436394606,4024009.4952038373
1628858694323275501,354415.4024132774,4024009.4953586566
1628858694383210747,354415.4479211713,4024009.4473533784
1628858694533111156,354415.44633560965,4024009.4474410336
1628858694593294470,354415.44580166414,4024009.447449998
1628858694725247433,354415.4907677488,4024009.401712119
1628858694857805736,354415.4898524124,4024009.401727486
1628858694923932615,354415.53420348145,4024009.358441342
1628858695055915972,354415.5327247116,4024009.3585272045
1628858695115910001,354415.57647898456,4024009.316960066
1628858695265947006,354415.5748629151,4024009.317048233
1628858695319895128,354415.5741001332,4024009.317061038
1628858695457952429,354415.61574833,4024009.2772992807
1628858695517910771,354415.61484927294,4024009.2773754103
1628858695674028689,354415.6547928259,4024009.236970882
1628858695728037537,354415.65245234885,4024009.234812907
1628858695859902683,354415.6871951264,4024009.189124594
1628858695919923633,354415.68386383995,4024009.185213233
1628858696052024991,354415.6735586048,4024009.1722026365
1628858696130063273,354415.70592458034,4024009.1267373324
1628858696250025224,354415.69128107873,4024009.1089167492
1628858696321901182,354415.6814701728,4024009.096264064
1628858696459928830,354415.69909485255,4024009.031698079
1628858696519920451,354415.68780495436,4024009.0173002025
1628858696652030490,354415.70579306176,4024008.9471128765
1628858696723818797,354415.6909732218,4024008.926060388
1628858696861922676,354415.6947677404,4024008.841218759
1628858696921914330,354415.679493083,4024008.818525954
1628858697053838029,354415.64298704977,4024008.765549914
1628858697120038601,354415.6584101323,4024008.7034623
1628858697263936513,354415.61273904913,4024008.638127907
1628858697323958116,354415.5909278466,4024008.606938876
1628858697461824589,354415.59047591034,4024008.5027593384
1628858697522023073,354415.5603945085,4024008.457976227
1628858697665916399,354415.5618104349,4024008.333257494
1628858697725910176,354415.5339858372,4024008.288375458
1628858697851977021,354415.5164411701,4024008.1395609607
1628858697924113288,354415.4808067826,4024008.0785136353
1628858698061948568,354415.41001934244,4024007.958730246
1628858698127960157,354415.4142614568,4024007.857828838
1628858698253988983,354415.33694829483,4024007.726558315
1628858698331938924,354415.2930549706,4024007.6525881104
1628858698464079309,354415.2394383054,4024007.465743913
1628858698524070167,354415.19786541094,4024007.39637343
1628858698656129947,354415.15710491035,4024007.2072381987
1628858698787954702,354415.0609511712,4024007.043569107
1628858698871872265,354415.0328661901,4024006.9059179053
1628858698926135612,354414.9854805974,4024006.8257197044
1628858699058063124,354414.87943022215,4024006.6470189933
1628858699189930129,354414.81539817073,4024006.42787892
1628858699268053383,354414.74596173316,4024006.3113077213
1628858699400073394,354414.6769821242,4024006.0783346826
1628858699465837679,354414.6236677108,4024005.98584587
1628858699585834022,354414.5136709314,4024005.7965912903
1628858699658047542,354414.49259757786,4024005.6348355315
1628858699796147163,354414.3621646616,4024005.406312188
1628858699862065999,354414.35434583155,4024005.273264599
1628858699993961635,354414.235137472,4024005.057065032
1628858700071972736,354414.16148744815,4024004.9240240334
1628858700203875891,354414.07334656146,4024004.6813629144
1628858700263887227,354414.01759034896,4024004.5815908737
1628858700396115776,354413.93986292696,4024004.330209997
1628858700467882540,354413.8757646828,4024004.211657088
1628858700605830768,354413.74393884826,4024003.9701566375
1628858700653972115,354413.7415517855,4024003.843426555
1628858700792048528,354413.6071301326,4024003.5909223096
1628858700864095857,354413.5828496132,4024003.4426481463
1628858701002004725,354413.4450017209,4024003.183304446
1628858701062021100,354413.3849723693,4024003.0707867527
1628858701194077158,354413.2901033544,4024002.8000403256
1628858701266068959,354413.21876703424,4024002.6666553114
1628858701403989569,354413.1160152266,4024002.3817589865
1628858701464026892,354413.05596127943,4024002.2677768627
1628858701590030183,354412.9364059845,4024002.042733029
1628858701674105496,354412.88620575494,4024001.8412440685
1628858701806133487,354412.76050625514,4024001.5974435075
1628858701866024167,354412.71851617796,4024001.459598517
1628858701986020707,354412.6028739194,4024001.2385783517
1628858702076186337,354412.52122656885,4024001.0782057797
1628858702213894841,354412.4329147469,4024000.82718572
1628858702256152330,354412.3917603452,4024000.745479106
1628858702388107806,354412.300057972,4024000.5051971353
1628858702466003574,354412.2417423674,4024000.3847771334
1628858702598095822,354412.1547556163,4024000.199958047
1628858702658110007,354412.1131009558,4024000.085728059
1628858702790128630,354412.033977051,4023999.918416144
1628858702868007520,354411.9998102982,4023999.7993607298
1628858703000137847,354411.93324739457,4023999.6530781873
1628858703060009676,354411.9060979298,4023999.590240472
1628858703192133291,354411.8769923881,4023999.44088765
1628858703270120067,354411.84885532205,4023999.36921641
1628858703402014115,354411.82497620705,4023999.25212451
1628858703533879914,354411.79523280996,4023999.160216543
1628858703593991342,354411.7852032663,4023999.1227261955
1628858703732084076,354411.7782858112,4023999.0342802214
1628858703792128505,354411.7743333278,4023999.007002801
1628858703935904858,354411.7689334903,4023998.945325813
1628858703995905636,354411.7689476658,4023998.9279915704
1628858704074123989,354411.77259655646,4023998.9090093905
1628858704194126040,354411.7894288327,4023998.8854113375
1628858704343991503,354411.7920852474,4023998.8509428734
1628858704392065817,354411.8151011799,4023998.861176588
1628858704536092903,354411.8151517061,4023998.833282643
1628858704607919429,354411.8395287433,4023998.862780636
1628858704734064085,354411.83865114104,4023998.846865176
1628858704794278592,354411.8385282093,4023998.839543014
1628858704937930510,354411.8624317682,4023998.8981017224
1628858705010021284,354411.8612669962,4023998.895985046
1628858705136140234,354411.8900091073,4023998.916437577
1628858705196065201,354411.8900091073,4023998.916437577
1628858705334373889,354411.88920158386,4023998.91651217
1628858705406102236,354411.9117056069,4023998.907162172
1628858705538105097,354411.9107912937,4023998.9072385584
1628858705591919744,354411.91040990234,4023998.9072449612
1628858705736065293,354411.9316538529,4023998.898282331
1628858705808026513,354411.93111990683,4023998.898291296
1628858705940131417,354411.9525388406,4023998.889752973
1628858706000143204,354411.95157876005,4023998.889830126
1628858706132032611,354411.97180980345,4023998.8814338185
1628858706210036945,354411.9711995799,4023998.8814440635
1628858706330034708,354411.9696597836,4023998.881530951
1628858706390067402,354411.99044720375,4023998.873552548
1628858706540082096,354411.98867959745,4023998.873704295
1628858706612048567,354412.0087429426,4023998.8662263304
1628858706732064280,354412.0078754212,4023998.866362966
1628858706792038681,354412.00773811917,4023998.866365271
1628858706942130708,354412.0271536666,4023998.859386466
1628858707019906219,354412.0258437291,4023998.859530528
1628858707140118039,354412.0445412366,4023998.852502743
1628858707194045753,354412.0441598474,4023998.852509145
1628858707404128101,354412.0616644515,4023998.8462338094
1628858707535938275,354412.06047553656,4023998.846314803
1628858707602097353,354412.07874292345,4023998.840026662
1628858707734058444,354412.07562019816,4023998.8367221523
1628858707812150579,354412.0725431285,4023998.832501348
1628858707938034215,354412.08802546305,4023998.823025097
1628858708064071442,354412.08077087044,4023998.814479892
1628858708136057323,354412.0955381268,4023998.8042221875
1628858708268178690,354412.08603959903,4023998.7929070354
1628858708339945757,354412.07964136824,4023998.7844695253
1628858708483934459,354412.08094410424,4023998.7584466487
1628858708538184319,354412.07275050075,4023998.7475978704
1628858708669972540,354412.0717008234,4023998.7132526627
1628858708736202194,354412.0590121781,4023998.696436863
1628858708868153838,354412.05184080894,4023998.652856043
1628858708940103539,354412.03675954835,4023998.6316858786
1628858709066107654,354412.0050865001,4023998.587539852
1628858709138054146,354412.0115868661,4023998.557523459
1628858709282066736,354411.9735142278,4023998.502132323
1628858709335950800,354411.959212029,4023998.4810101143
1628858709468110852,354411.94113000156,4023998.413808736
1628858709540063542,354411.91963093565,4023998.3821261902
1628858709678323070,354411.8958756669,4023998.3051323546
1628858709743975802,354411.8752778192,4023998.274411242
1628858709864074081,354411.85534238117,4023998.1958884276
1628858709930132009,354411.8304211801,4023998.157610498
1628858710073962320,354411.7782584506,4023998.0773704457
1628858710140184616,354411.77730409853,4023998.0323424726
1628858710278080011,354411.7268573924,4023997.9543319135
1628858710337952930,354411.70306942554,4023997.9181101555
1628858710470134216,354411.6653675111,4023997.8166312026
1628858710535950913,354411.64051142836,4023997.778596321
1628858710674214111,354411.5975221476,4023997.687582128
1628858710734216663,354411.57064207725,4023997.6489708726
1628858710884097509,354411.5121647264,4023997.545277243
1628858710944090069,354411.48448612646,4023997.5054586916
1628858711070250887,354411.42335639946,4023997.4192046304
1628858711135938217,354411.4176525575,4023997.3666880294
1628858711286079283,354411.3500578991,4023997.2671147585
1628858711340071445,354411.3281823385,4023997.2339126556
1628858711472086180,354411.2864192347,4023997.131403254
1628858711537961305,354411.2568869757,4023997.0866109375
1628858711664227155,354411.2171357595,4023996.9939554646
1628858711742327260,354411.18545804854,4023996.9449877366
1628858711879986945,354411.16160721635,4023996.8432152057
1628858711999961769,354411.1185021982,4023996.770757665
1628858712066250487,354411.09364339686,4023996.727107588
1628858712138238170,354411.0997170921,4023996.650772623
1628858712270038025,354411.054041316,4023996.564259107
1628858712408074355,354411.0329566814,4023996.452735532
1628858712480001258,354411.00848577236,4023996.4040130214
1628858712618144233,354410.9840865647,4023996.2923009554
1628858712678116872,354410.96324204095,4023996.2487055548
1628858712798147222,354410.92046984297,4023996.161532937
1628858712882259990,354410.90564686107,4023996.081215307
1628858713020182418,354410.8532956679,4023995.9733905015
1628858713073981386,354410.8340179074,4023995.9340412617
1628858713206119518,354410.8099876557,4023995.8288537706
1628858713272091471,354410.7799949213,4023995.7693596985
1628858713416009720,354410.74301758746,4023995.646506255
1628858713475994868,354410.7146699406,4023995.591379097
1628858713602231718,354410.65094822354,4023995.467082578
1628858713680159296,354410.63336754113,4023995.407929435
1628858713812101336,354410.5597989018,4023995.2761077974
1628858713872217533,354410.5397130569,4023995.2322555194
1628858714004207524,354410.4576320145,4023995.094229138
1628858714088130916,354410.4046077958,4023995.0053975894
1628858714214124921,354410.33823188883,4023994.85844053
1628858714274128428,354410.29200548417,4023994.785486082
1628858714400321327,354410.219263096,4023994.631983072
1628858714484280714,354410.1495704334,4023994.5256090886
1628858714616106442,354410.07951678935,4023994.335928085
1628858714676126450,354410.02161770815,4023994.2457745722
1628858714807981562,354409.88674175635,4023994.0398478806
1628858714892124733,354409.82274481066,4023993.927335786
1628858715006233602,354409.6827643567,4023993.7218610086
1628858715072630559,354409.59742331825,4023993.5978053953
1628858715198142817,354409.48494718916,4023993.3535997607
1628858715276265619,354409.3815000667,4023993.199086386
1628858715414043644,354409.24516788847,4023992.9446001113
1628858715474183291,354409.14992871636,4023992.8017897676
1628858715606174056,354408.9948623611,4023992.5121565647
1628858715690013649,354408.8811437915,4023992.338467479
1628858715816438485,354408.69024180016,4023992.0485204095
1628858715876177262,354408.6128565405,4023991.928420594
1628858716008172277,354408.410520907,4023991.630059527
1628858716086482273,354408.28333697363,4023991.4423753154
1628858716218239450,354408.0969130286,4023991.119210946
1628858716278243044,354407.9976651224,4023990.972134414
1628858716410287788,354407.7982515179,4023990.6578551424
1628858716494065709,354407.65948378085,4023990.456449393
1628858716626164636,354407.46831175,4023990.0958891255
1628858716752257241,354407.2385561847,4023989.753127558
1628858716812263254,354407.13131990586,4023989.593795005
1628858716950204370,354406.908674989,4023989.188291921
1628858717022153260,354406.7807816141,4023988.9965302795
1628858717142275232,354406.5836963394,4023988.6436987133
1628858717202282421,354406.4738807149,4023988.4752541906
1628858717346158294,354406.2141219049,4023988.0796516007
1628858717418170401,354406.1085337312,4023987.891238622
1628858717550126471,354405.86588790076,4023987.522387326
1628858717610252805,354405.75913495943,4023987.323678955
1628858717748065166,354405.5180146649,4023986.954802055
1628858717820025448,354405.3900817407,4023986.7561441152
1628858717946163075,354405.1579795336,4023986.3954166044
1628858718006170530,354405.05048293876,4023986.2287642187
1628858718150319065,354404.80008023966,4023985.8450895557
1628858718216271585,354404.67771978764,4023985.655676453
1628858718348054700,354404.45284719294,4023985.3074618666
1628858718408057978,354404.35590113676,4023985.1302563595
1628858718546291571,354404.11540850066,4023984.7551433626
1628858718618282404,354404.00645478925,4023984.5162497465
1628858718744364376,354403.77701071755,4023984.1529751946
1628858718816276917,354403.652646737,4023983.9560273755
1628858718948175253,354403.46141836845,4023983.561227372
1628858719020022974,354403.3364101158,4023983.360445156
1628858719146221689,354403.1162969094,4023982.934880097
1628858719212185737,354403.0082954605,4023982.757249869
1628858719350181791,354402.7524921506,4023982.3409510525
1628858719422047176,354402.67112161894,4023982.1098340866
1628858719548310631,354402.43336237094,4023981.7157543167
1628858719614167949,354402.3630996802,4023981.5236354684
1628858719752184770,354402.1076241077,4023981.093232028
1628858719824053109,354401.97973979183,4023980.8774834536
1628858719950309791,354401.74674257776,4023980.4607407134
1628858720010288936,354401.6358883915,4023980.2758952067
1628858720142331812,354401.42257492186,4023979.8163414653
1628858720220227913,354401.27716860897,4023979.564937349
1628858720346079854,354401.0612238897,4023979.1877032765
1628858720412306390,354400.93924428395,4023978.9619068336
1628858720550239379,354400.69020191906,4023978.5274891616
1628858720622233018,354400.5719893097,4023978.3006529114
1628858720748113008,354400.3626334722,4023977.9359425185
1628858720814193558,354400.2424019422,4023977.7251924337
1628858720952272112,354399.9815590159,4023977.293231217
1628858721024310284,354399.8610502406,4023977.0859647994
1628858721144219378,354399.66227985715,4023976.7718579974
1628858721282299617,354399.4263435133,4023976.3745738612
1628858721354316267,354399.31257085083,4023976.1858711294
1628858721474320429,354399.1146077642,4023975.853501251
1628858721552233993,354398.9848189683,4023975.634305683
1628858721684302519,354398.79433701246,4023975.266714945
1628858721744337836,354398.7025892447,4023975.1091976254
1628858721876337558,354398.4999630459,4023974.75267507
1628858721948335695,354398.4002568435,4023974.5783235864
1628858722092181117,354398.20944792806,4023974.240340432
1628858722146238285,354398.1161159987,4023974.111170063
1628858722290336864,354397.9376141373,4023973.7963567656
1628858722350294114,354397.86493110325,4023973.665496918
1628858722500216366,354397.6692880216,4023973.3349802066
1628858722548238192,354397.61301445554,4023973.2325924304
1628858722686343403,354397.42196868244,4023972.9541226146
1628858722746356721,354397.35691241745,4023972.8394311187
1628858722902225171,354397.18135556474,4023972.5718706883
1628858722950261944,354397.13159283693,4023972.4837168707
1628858723076094045,354397.01701462816,4023972.2788533554
1628858723148307519,354396.9332956632,4023972.1569068516
1628858723292320894,354396.81210709095,4023971.939153827
1628858723346143589,354396.77119638317,4023971.8647063766
1628858723490261690,354396.66051407147,4023971.648302829
1628858723550353852,354396.61724603025,4023971.567059017
1628858723694329790,354396.5050640351,4023971.3876679973
1628858723754347363,354396.46450113127,4023971.3130316045
1628858723880266021,354396.38218002766,4023971.1616426553
1628858723958230646,354396.3378673113,4023971.079073609
1628858724096102817,354396.2505187893,4023970.9181865435
1628858724150324687,354396.2004056559,4023970.8755098567
1628858724282396482,354396.1170723092,4023970.730180395
1628858724354267976,354396.0830169233,4023970.684121294
1628858724498236909,354395.993366358,4023970.536090281
1628858724552347180,354395.9554481244,4023970.472639965
1628858724684365232,354395.8775910691,4023970.3480926002
1628858724756362605,354395.8332613616,4023970.2763270773
1628858724888230920,354395.77519895707,4023970.183734983
1628858724948249672,354395.73929536855,4023970.127575068
1628858725092013517,354395.6575181742,4023969.999492449
1628858725218377149,354395.60140203376,4023969.887397438
1628858725296288394,354395.56227415917,4023969.820976708
1628858725356297379,354395.5548640883,4023969.764094227
1628858725488377059,354395.49995812867,4023969.667725987
1628858725620379750,354395.4455477606,4023969.565429007
1628858725698289814,354395.41885221424,4023969.515095936
1628858725758296469,354395.4004423049,4023969.4792721984
1628858725890256564,354395.3636711155,4023969.3977972334
1628858726022379694,354395.3321388557,4023969.3338734847
1628858726094220473,354395.3174589549,4023969.3020764748
1628858726220297203,354395.27594022895,4023969.2541285306
1628858726292402742,354395.26035033347,4023969.224483036
1628858726418381222,354395.25558847754,4023969.174453071
1628858726490361387,354395.23876389547,4023969.144889341
1628858726628300750,354395.23400816007,4023969.1115829246
1628858726688299920,354395.2191258232,4023969.087723896
1628858726814239089,354395.18690156983,4023969.0371174454
1628858726904368668,354395.20037782687,4023969.0235854886
1628858727030277089,354395.1633832171,4023968.969702199
1628858727090122462,354395.14868121076,4023968.9484036225
1628858727216271201,354395.13342039555,4023968.8820093954
1628858727300378664,354395.103696125,4023968.840333146
1628858727432254506,354395.09509861807,4023968.7790760673
1628858727492294515,354395.07019308256,4023968.7453755587
1628858727624305331,354395.0547306418,4023968.6769705545
1628858727684313024,354395.03286542336,4023968.6462097224
1628858727822483195,354394.9789539923,4023968.573628525
1628858727894398036,354395.00478158356,4023968.5377333933
1628858728014359562,354394.95988021605,4023968.4737289455
1628858728098287632,354394.92913461325,4023968.4302998246
1628858728224408245,354394.9249801715,4023968.3573714504
1628858728284366652,354394.90242799406,4023968.3229600396
1628858728416415057,354394.8986966262,4023968.241601701
1628858728506325907,354394.8643801788,4023968.1899927827
1628858728626318275,354394.8470039555,4023968.1157605303
1628858728686335360,354394.82399410673,4023968.081356805
1628858728818401845,354394.77261489176,4023968.006902032
1628858728896489745,354394.7185025319,4023967.9214457762
1628858729028312797,354394.6599628255,4023967.843143945
1628858729094262098,354394.6328032026,4023967.80697884
1628858729226294717,354394.63423203013,4023967.7148526935
1628858729286422543,354394.60643600463,4023967.6725947526
1628858729436176334,354394.5686753794,4023967.567637841
1628858729496299715,354394.5450705575,4023967.533244107
1628858729622266968,354394.5124071287,4023967.4428500654
1628858729700416214,354394.48291248654,4023967.3993999404
1628858729838165685,354394.43774790154,4023967.328808111
1628858729952420268,354394.40090102644,4023967.2191971815
1628858730018334729,354394.37757138035,4023967.181197749
1628858730102430258,354394.3782277886,4023967.1348609882
1628858730234425249,354394.3358300523,4023967.0681899926
1628858730360150551,354394.3217673938,4023966.9859064897
1628858730420306789,354394.30293804733,4023966.955094684
1628858730564300780,354394.25401977275,4023966.878157185
1628858730630442338,354394.2507160723,4023966.8340841867
1628858730756428467,354394.2095801109,4023966.7725799987
1628858730816420962,354394.1889200816,4023966.741798933
1628858730960286751,354394.1468429996,4023966.6360600083
1628858731032417630,354394.1163425016,4023966.59268781
1628858731152407351,354394.0721877599,4023966.5131678833
1628858731218245179,354394.04783562885,4023966.4806177523
1628858731356363103,354394.00438916706,4023966.379662569
1628858731434411722,354393.9713094301,4023966.3362726443
1628858731560464418,354393.92121325154,4023966.2746137297
1628858731626409186,354393.89013066026,4023966.2202039305
1628858731758396305,354393.8316229073,4023966.153803437
1628858731830477386,354393.7998379557,4023966.1193639487
1628858731962212204,354393.7672866537,4023966.031104259
1628858732016447422,354393.73940805666,4023966.003923408
1628858732166352260,354393.71594218817,4023965.925093698
1628858732226362442,354393.68974626367,4023965.9017908475
1628858732358368833,354393.6336009908,4023965.826134368
1628858732424204671,354393.6075720802,4023965.8045987356
1628858732556424888,354393.54804045765,4023965.75719739
1628858732628337452,354393.5219739123,4023965.7025202624
1628858732760341807,354393.4690243132,4023965.660867782
1628858732820441773,354393.44568085304,4023965.6429491723
1628858732970250511,354393.36515583296,4023965.574904209
1628858733030451539,354393.3361217738,4023965.5552500933
1628858733162468232,354393.31572112266,4023965.499928512
1628858733222366728,354393.29181342735,4023965.4838504335
1628858733360446437,354393.23807145405,4023965.4331780463
1628858733432472578,354393.2078475633,4023965.4144594367
1628858733570338295,354393.1517840773,4023965.383662478
1628858733624465456,354393.1337164871,4023965.352776849
1628858733762384920,354393.0711283501,4023965.319648037
1628858733840322666,354393.0393384708,4023965.3030919572
1628858733966461667,354392.9978879314,4023965.239212682
1628858734098215684,354392.93752234033,4023965.208487962
1628858734164387701,354392.9167830626,4023965.178440652
1628858734236345396,354392.88314724504,4023965.161915566
1628858734362450376,354392.84501023137,4023965.122699921
1628858734428176259,354392.8161040144,4023965.108842007
1628858734566401010,354392.74759666447,4023965.0758125857
1628858734638345495,354392.71092693054,4023965.0340088257
1628858734764343791,354392.6490611549,4023965.00300412
1628858734908513557,354392.59412720386,4023964.935872239
1628858734968409784,354392.5636135653,4023964.918074026
1628858735100223898,354392.49654549535,4023964.8780624242
1628858735166460427,354392.4611821752,4023964.832269439
1628858735310482121,354392.37167436315,4023964.7790848045
1628858735370490215,354392.3524354116,4023964.7256968473
1628858735496400557,354392.25462657306,4023964.665266335
1628858735574237473,354392.19793794485,4023964.6290477435
1628858735700345764,354392.1242195866,4023964.541052051
1628858735766468895,354392.0599207628,4023964.49965118
1628858735898250942,354391.9821008048,4023964.396404516
1628858735958969954,354391.91174035723,4023964.34662153
1628858736102351794,354391.7619013463,4023964.236588534
1628858736168456121,354391.71045904164,4023964.137476606
1628858736300501487,354391.554394921,4023964.012960719
1628858736360488920,354391.50366551266,4023963.929950122
1628858736510478593,354391.30661109346,4023963.7626043977
1628858736564370763,354391.23814520007,4023963.7029629326
1628858736702498582,354391.06434095965,4023963.489816607
1628858736768239285,354390.9780300268,4023963.406182763
1628858736912418538,354390.7689432848,4023963.1347909183
1628858736966379468,354390.691333439,4023963.053147209
1628858737098302179,354390.480170829,4023962.8308015135
1628858737164501792,354390.416137952,4023962.669828177
1628858737296490863,354390.1929761782,4023962.422659527
1628858737368153611,354390.1022239836,4023962.2417490776
1628858737494437814,354389.8756235447,4023961.961557081
1628858737566373163,354389.7503077104,4023961.803382793
1628858737704487481,354389.5319745644,4023961.43027844
1628858737764422640,354389.4202933163,4023961.28072532
1628858737896433725,354389.1953416964,4023960.8869801294
1628858737968276376,354389.07805580273,4023960.7235440556
1628858738106491837,354388.79566298076,4023960.25330969
1628858738166497185,354388.66732785373,4023960.0816362933
1628858738304426169,354388.357945212,4023959.666237524
1628858738364441848,354388.2418996063,4023959.4412571257
1628858738514371508,354387.91694930696,4023958.9875455117
1628858738568483431,354387.77176208014,4023958.786491978
1628858738700521834,354387.4768184803,4023958.297669546
1628858738820551932,354387.1608106593,4023957.8657804835
1628858738898435759,354386.9786834086,4023957.51867959
1628858738970400803,354386.78277972934,4023957.2499351217
1628858739096309776,354386.4395506793,4023956.7700411985
1628858739228421205,354386.07325608627,4023956.135199942
1628858739312387608,354385.8291880762,4023955.785354978
1628858739438927243,354385.4406864267,4023955.1693803146
1628858739498749548,354385.24711085483,4023954.89388291
1628858739630543193,354384.8564492075,4023954.247426925
1628858739714399941,354384.5965935064,4023953.857075564
1628858739846294091,354384.1626706624,4023953.2034114646
1628858739900659661,354384.0368396349,4023952.8618960744
1628858740032688113,354383.5941674486,4023952.178837868
1628858740104517692,354383.35022641113,4023951.8047598493
1628858740248294065,354382.8882539811,4023950.9610758657
1628858740302540879,354382.6786045392,4023950.6262170053
1628858740434520911,354382.24391319125,4023949.814118441
1628858740506712802,354381.9948024027,4023949.407534454
1628858740644443261,354381.5569790822,4023948.535246742
1628858740704433367,354381.3408299178,4023948.1786464425
1628858740830394942,354380.9069772756,4023947.4555842527
1628858740914532723,354380.6193673061,4023946.8391973195
1628858741052446047,354380.1515952558,4023946.029119195
1628858741100298944,354379.9686020238,4023945.714991995
1628858741226848015,354379.5067329138,4023944.8402395025
1628858741316716213,354379.1681348167,4023944.2635882664
1628858741442306588,354378.7474788072,4023943.4403898953
1628858741508681426,354378.48537924467,4023942.987332161
1628858741628476458,354378.0888626898,4023942.122224499
1628858741700432327,354377.82860137254,4023941.665046552
1628858741826916754,354377.3416861511,4023940.816410581
1628858741898703292,354376.9992720289,4023940.298783532
1628858742030705043,354376.5100506497,4023939.447317672
1628858742108459839,354376.1995904471,4023938.826065553
1628858742240426611,354375.71468719584,4023937.9654940045
1628858742300692218,354375.4920925497,4023937.568596748
1628858742432522097,354375.0018901542,4023936.6496424736
1628858742510478752,354374.705263233,4023936.122457529
1628858742648523676,354374.19247574883,4023935.1117193666
1628858742768690810,354373.7581557735,4023934.3209162317
1628858742834341167,354373.5442642464,4023933.9270467004
1628858742912463776,354373.19223494176,4023933.332127543
1628858743044432955,354372.71370631375,4023932.4822523277
1628858743104460254,354372.4906428981,4023932.0638175746
1628858743236787368,354372.020183295,4023931.212830324
1628858743452881492,354371.23164288094,4023929.7802699367
1628858743572816152,354370.80835528637,4023929.0130853993
1628858743632676908,354370.5672661277,4023928.6162546976
1628858743782451352,354370.0809582365,4023927.7229921296
1628858743848330047,354369.8413659631,4023927.2762705237
1628858743974466352,354369.34125219285,4023926.429626615
1628858744034470834,354369.13520563755,4023926.0503959595
1628858744178691314,354368.5997415398,4023925.1269530714
1628858744244488952,354368.36042555585,4023924.6866965964
1628858744370367986,354367.916320083,4023923.9248056444
1628858744436500829,354367.68131254043,4023923.486674098
1628858744574777560,354367.2112134875,4023922.6145017953
1628858744646706102,354366.95122332475,4023922.1953445286
1628858744778692116,354366.52020814817,4023921.393316764
1628858744832466487,354366.356505105,4023921.0847862777
1628858744976969508,354365.82589802775,4023920.1625437126
1628858745042331691,354365.6302572321,4023919.7959557753
1628858745180535114,354365.13895132474,4023918.9813297265
1628858745228680375,354364.9763841871,4023918.6804706273
1628858745366483782,354364.49461937346,4023917.8515242054
1628858745450521418,354364.240324388,4023917.375325494
1628858745570704629,354363.8636980228,4023916.664303495
1628858745642677294,354363.61407409026,4023916.2590713636
1628858745768522298,354363.2105160845,4023915.500039707
1628858745846399656,354362.99672370753,4023915.0930461623
1628858745972471099,354362.53158516204,4023914.327297252
1628858746032451563,354362.34979594144,4023913.9813508047
1628858746182494843,354361.8281908244,4023913.146298686
1628858746254471046,354361.61515384517,4023912.7461284306
1628858746374494148,354361.20348359214,4023912.076527642
1628858746440413694,354361.02015618613,4023911.73622229
1628858746572727855,354360.59506460937,4023910.944410251
1628858746644675756,354360.3323170498,4023910.5773625216
1628858746776496037,354359.9422584728,4023909.8470960176
1628858746836489825,354359.762812673,4023909.511669354
1628858746980379908,354359.338148939,4023908.767152489
1628858747052416382,354359.12989663135,4023908.3802076117
1628858747172517023,354358.70182333386,4023907.681646531
1628858747310484936,354358.3154157004,4023906.975244585
1628858747382373650,354358.07724762603,4023906.652461902
1628858747448680747,354357.8701685749,4023906.2790471674
1628858747580808119,354357.4888664244,4023905.588611777
1628858747635059492,354357.30994542944,4023905.2626368045
1628858747778484838,354356.90373607655,4023904.536608959
1628858747850887815,354356.7021041987,4023904.1786057134
1628858747976762831,354356.3032367549,4023903.491761276
1628858748108781026,354355.90235482727,4023902.815814959
1628858748180489877,354355.70964891,4023902.468648166
1628858748306790286,354355.3506914398,4023901.836614509
1628858748384363148,354355.1338553936,4023901.4619598896
1628858748510744369,354354.7847034816,4023900.839527206
1628858748582510216,354354.60356687644,4023900.5033966103
1628858748702513069,354354.23618297384,4023899.9357135817
1628858748774862650,354354.0545786642,4023899.608990276
1628858748918841480,354353.6339687286,4023898.902369487
1628858748978785329,354353.46896310546,4023898.6426282437
1628858749110769039,354353.0779234664,4023898.0439094137
1628858749182499945,354352.89859964274,4023897.735763576
1628858749321230003,354352.5626017175,4023897.118786323
1628858749380391361,354352.38208373036,4023896.905814478
1628858749512767784,354352.02479320765,4023896.341257913
1628858749578446057,354351.86446268955,4023896.1118337237
1628858749711056096,354351.5181747385,4023895.5481910193
1628858749782767300,354351.34760742006,4023895.278045161
1628858749902705506,354351.01628506713,4023894.807718135
1628858749986531311,354350.8218272191,4023894.498910988
1628858750112752470,354350.442795271,4023894.017300309
1628858750178390632,354350.2915821096,4023893.8001131676
1628858750316774826,354349.9368437946,4023893.2966711177
1628858750382393382,354349.7206155623,4023893.089975372
1628858750526517421,354349.35546232504,4023892.577003666
1628858750580419551,354349.23846386187,4023892.4071545443
1628858750712397773,354348.8572320719,4023891.967206904
1628858750784544510,354348.6862121848,4023891.7382674767
1628858750904799094,354348.29723256035,4023891.339465668
1628858750976764097,354348.12366802344,4023891.1189308167
1628858751114757127,354347.75007323205,4023890.6712255487
1628858751186875114,354347.5550327096,4023890.460389806
1628858751306810990,354347.2158597324,4023890.096884358
1628858751378471581,354347.003064233,4023889.916498241
1628858751510524656,354346.59255057387,4023889.5039590457
1628858751636759347,354346.160637544,4023889.103864267
1628858751726427351,354345.9137331315,4023888.885171622
1628858751780758172,354345.72552549385,4023888.7250024667
1628858751912555734,354345.24965846306,4023888.3427968835
1628858752044422524,354344.8245505574,4023888.007163146
1628858752122818071,354344.49779263884,4023887.7949997606
1628858752182788814,354344.29560369864,4023887.6446479973
1628858752320911183,354343.80221861077,4023887.316997048
1628858752440742499,354343.3494637564,4023887.01979166
1628858752524750646,354343.0612223268,4023886.8439687467
1628858752650765355,354342.52128961764,4023886.5651344247
1628858752716445545,354342.297875746,4023886.4394312305
1628858752848448800,354341.80624117615,4023886.1696734256
1628858752914831228,354341.46228197525,4023886.0554554467
1628858753053043555,354340.9081783546,4023885.8151283357
1628858753112903191,354340.6152324049,4023885.6826585014
1628858753244773491,354340.08368897566,4023885.480831952
1628858753328425889,354339.7546446535,4023885.356964092
1628858753454823135,354339.1585646462,4023885.177767036
1628858753514881443,354338.9095652057,4023885.088748612
1628858753646820822,354338.31255107914,4023884.922079525
1628858753724815803,354337.97124754195,4023884.8333298024
1628858753856746934,354337.3618998291,4023884.692807924
1628858753916794370,354337.0993538734,4023884.633130897
1628858754048834309,354336.52368163026,4023884.5060204975
1628858754126849719,354336.11298799695,4023884.438944235
1628858754258814718,354335.51232819527,4023884.3477761284
1628858754318752738,354335.23142490134,4023884.3163006124
1628858754438833272,354334.6158563006,4023884.2351486324
1628858754516853491,354334.2274546854,4023884.2087747273
1628858754660803109,354333.4845596155,4023884.1596688344
1628858754714711629,354333.2316003514,4023884.154701571
1628858754840818114,354332.5617499143,4023884.157042208
1628858754930824409,354332.02230275294,4023884.136989774
1628858755062825585,354331.3066620921,4023884.153283281
1628858755122835743,354330.91931473673,4023884.155151133
1628858755248819466,354330.1857897525,4023884.207816977
1628858755464707477,354328.91421999654,4023884.302113712
1628858755518911193,354328.5622439772,4023884.3438538676
1628858755644808664,354327.77330069523,4023884.4368795953
1628858755722464327,354327.3429678086,4023884.5124678263
1628858755860894322,354326.31590820535,4023884.662899429
1628858755914813290,354325.99738425564,4023884.7201910573
1628858756046465690,354325.17393799336,4023884.8886258206
1628858756124821269,354324.5927358088,4023884.9801152656
1628858756256744875,354323.77297843294,4023885.187367646
1628858756382846907,354322.8633715314,4023885.382030312
1628858756442845082,354322.478820189,4023885.4858414624
1628858756526812552,354321.965756895,4023885.6319726557
1628858756664840487,354320.97391978843,4023885.88789246
1628858756784845609,354320.1916711944,4023886.1459677937
1628858756850501607,354319.8030718954,4023886.287688919
1628858756928807943,354319.1732619316,4023886.436147719
1628858757066911069,354318.2627897565,4023886.8018461666
1628858757186861401,354317.36815601046,4023887.126568134
1628858757246828218,354316.9695396614,4023887.3060553796
1628858757384850673,354315.94557599805,4023887.7243199134
1628858757462837742,354315.4777857583,4023887.9519664524
1628858757582460665,354314.67301948415,4023888.3466512533
1628858757648831105,354314.10510473535,4023888.6104648327
1628858757786511312,354313.2137173525,4023889.071180272
1628858757858843271,354312.549221044,4023889.35950472
1628858757990801643,354311.6275731852,4023889.8502087244
1628858758044728361,354311.271762637,4023890.0424659005
1628858758188860556,354310.1154461701,4023890.633181981
1628858758260849887,354309.6123080718,4023890.9122650614
1628858758380935567,354308.6653927251,4023891.4104129486
1628858758452837483,354308.1534664631,4023891.705940172
1628858758584534215,354307.1988054594,4023892.2662301697
1628858758662826932,354306.52165109024,4023892.6222117147
1628858758782987358,354305.6288604165,4023893.1555834957
1628858758848758069,354305.1805938713,4023893.427153162
1628858758992917275,354303.944417357,4023894.1056987657
1628858759052908315,354303.48718580394,4023894.386818574
1628858759184928355,354302.42765015,4023895.0284000468
1628858759251129154,354301.88774174225,4023895.367793854
1628858759382947801,354300.8385052378,4023896.0337997046
1628858759454878714,354300.29267066537,4023896.3892233833
1628858759586879459,354299.27196170646,4023897.0619522943
1628858759646942002,354298.76157513843,4023897.412752175
1628858759790520120,354297.6514857999,4023898.164375711
1628858759862906310,354296.9693237454,4023898.6382402196
1628858759982893175,354296.0116397766,4023899.3073471365
1628858760054944737,354295.451751278,4023899.7036567517
1628858760186919314,354294.3525683998,4023900.470417339
1628858760264909190,354293.70726580994,4023900.9364606505
1628858760390883741,354292.6757016379,4023901.6533181677
1628858760444973269,354292.1890838625,4023902.0091512315
1628858760588893488,354291.04985890933,4023902.8431134927
1628858760666919174,354290.3317336873,4023903.3490159856
1628858760786895520,354289.3402353465,4023904.0763091375
1628858760918897662,354288.21028018335,4023904.8861291897
1628858760990934449,354287.6276462035,4023905.314620901
1628858761069282314,354286.95960818714,4023905.8043622384
1628858761188946678,354285.900912712,4023906.5557341767
1628858761332514365,354284.7217624815,4023907.4129512412
1628858761392909743,354284.1657322729,4023907.8135913466
1628858761518946584,354283.0640997921,4023908.614269199
1628858761584789760,354282.5548492726,4023908.985375755
1628858761728901851,354281.23014489724,4023909.93317405
1628858761788920155,354280.71814848995,4023910.3043268607
1628858761920902430,354279.54574662447,4023911.118096251
1628858761992986749,354278.9443596104,4023911.5511761797
1628858762130797348,354277.7936401934,4023912.3838686203
1628858762190888531,354277.19098929624,4023912.8180075167
1628858762322908591,354276.07309668534,4023913.620851655
1628858762400875293,354275.432567675,4023914.0766233224
1628858762520918414,354274.316550448,4023914.8766285665
1628858762598780707,354273.71484808193,4023915.3054417158
1628858762784901899,354272.0400663009,4023916.4994812445
1628858762940559498,354270.73005718907,4023917.4444097956
1628858763000915018,354270.21317906224,4023917.810152136
1628858763126893357,354269.0620816455,4023918.6184380683
1628858763192884841,354268.45713480935,4023919.0430336655
1628858763325223997,354267.33362330403,4023919.829249775
1628858763396905330,354266.70135182096,4023920.271455609
1628858763517026721,354265.6594222788,4023920.995998103
1628858763594537670,354265.05061696115,4023921.419804303
1628858763726889315,354263.8180178606,4023922.279936822
1628858763798890892,354263.21157108713,4023922.7024217825
1628858763918982569,354262.1484665537,4023923.4454480647
1628858763996881224,354261.4534066029,4023923.9234385868
1628858764134621127,354260.3138300505,4023924.7325087097
1628858764194882589,354259.7905928177,4023925.088470875
1628858764320921990,354258.65620386816,4023925.8557059243
1628858764386927262,354258.0343043561,4023926.2993860743
1628858764530883202,354256.81174703303,4023927.123156979
1628858764596873996,354256.287364242,4023927.474499943
1628858764722942295,354255.13760755747,4023928.2589005344
1628858764789079368,354254.52304736315,4023928.665287125
1628858764920929949,354253.3784879581,4023929.4411167116
1628858764992910616,354252.76717497205,4023929.8445802024
1628858765118981621,354251.6272400416,4023930.617707799
1628858765250971365,354250.4948047579,4023931.366722643
1628858765328726517,354249.884710446,4023931.7700437983
1628858765394964960,354249.274157733,4023932.196932317
1628858765520939272,354248.14138158725,4023932.941985928
1628858765658943537,354247.00637623365,4023933.7014814885
1628858765730990880,354246.3111622889,4023934.1575032007
1628858765868823493,354245.1808331994,4023934.9282729793
1628858765928972919,354244.66102473345,4023935.2702624495
1628858766132984130,354242.83201019274,4023936.4756894354
1628858766264988380,354241.7063861114,4023937.2067687246
1628858766456879270,354240.065031371,4023938.2936243983
1628858766534961514,354239.37301851687,4023938.7403155365
1628858766666977753,354238.2667141849,4023939.4949963926
1628858766727002840,354237.7504445579,4023939.8296025866
1628858766858954406,354236.6301031555,4023940.5698711467
1628858766936979241,354235.94239123224,4023941.0127671314
1628858767074944167,354234.8232469774,4023941.72982241
1628858767128974738,354234.302753453,4023942.0764017035
1628858767261009865,354233.1882264387,4023942.7903278316
1628858767338986872,354232.5041559766,4023943.2265100516
1628858767470968717,354231.3909679373,4023943.956527233
1628858767530966910,354230.87910734187,4023944.281049965
1628858767662723643,354229.7811070802,4023944.9958584234
1628858767740967124,354229.0998250301,4023945.427233306
1628858767872961503,354227.9893159122,4023946.167703989
1628858767938951165,354227.4812528329,4023946.4893554775
1628858768059005904,354226.38243542047,4023947.1827547485
1628858768142932271,354225.70147064026,4023947.6257212837
1628858768269006051,354224.6055513194,4023948.313578901
1628858768322929370,354224.18304249377,4023948.575686815
1628858768466827536,354222.9950625282,4023949.3245405843
1628858768532975791,354222.4051333135,4023949.68907259
1628858768670933311,354221.2205701306,4023950.4251128063
1628858768730942247,354220.71500817337,4023950.737567378
1628858768856812430,354219.7035290336,4023951.3740182547
1628858768940996215,354218.9473529798,4023951.8454104257
1628858769078831096,354217.854553008,4023952.5263195233
1628858769132723078,354217.4437084476,4023952.797814238
1628858769264974438,354216.26753392565,4023953.5353621035
1628858769342835310,354215.6788975316,4023953.9041453316
1628858769474989751,354214.5055344863,4023954.6491535264
1628858769534993128,354213.9999735337,4023954.9652706156
1628858769666945995,354212.90191870695,4023955.656705754
1628858769744937233,354212.22637340217,4023956.08066137
1628858769876997159,354211.12248475116,4023956.769997555
1628858770002847347,354210.10593338846,4023957.4096476967
1628858770057138568,354209.59660011926,4023957.7301009493
1628858770194979059,354208.39635682537,4023958.4918583594
1628858770272798930,354207.7965147243,4023958.871206548
1628858770398979800,354206.683286758,4023959.578644725
1628858770464839484,354206.16521853616,4023959.9077899884
1628858770668946291,354204.36424184917,4023961.068442623
1628858770800937630,354203.23850379966,4023961.790556964
1628858770866823028,354202.7213617724,4023962.1366546843
1628858770998999399,354201.500903286,4023962.9231060683
1628858771202982624,354199.75106176303,4023964.060927283
1628858771262999205,354199.2253952387,4023964.401003987
1628858771401080196,354197.9954542982,4023965.2006768812
1628858771473003148,354197.3786055235,4023965.5977068376
1628858771600161466,354196.22755971074,4023966.350215989
1628858771659827451,354195.69536736526,4023966.6924168095
1628858771803878759,354194.4501634239,4023967.4936896437
1628858771875759190,354193.8100269176,4023967.906980603
1628858771995789741,354192.7377258713,4023968.5979244043
1628858772061866713,354192.11113011686,4023969.0015273523
1628858772205668128,354190.85619383026,4023969.824753979
1628858772277746320,354190.22883546073,4023970.228369895
1628858772403904865,354189.04823844606,4023970.987602549
1628858772469803179,354188.5084193483,4023971.3335941946
1628858772607662268,354187.2387990114,4023972.152917886
1628858772673910286,354186.6067353079,4023972.5580170127
1628858772805910375,354185.43157015985,4023973.311726715
1628858772865886780,354184.88699853607,4023973.6636579046
1628858773003830440,354183.6206104852,4023974.4791436195
1628858773081680241,354182.98633749585,4023974.887148836
1628858773201712127,354181.8696093742,4023975.5985555225
1628858773267914045,354181.2316141607,4023976.0066234665
1628858773399788461,354180.02849471825,4023976.776734225
1628858773477799299,354179.29507363203,4023977.2434749682
1628858773597792391,354178.1942637483,4023977.9468019656
1628858773669682680,354177.5618910762,4023978.375222473
1628858773801795705,354176.3647986151,4023979.1407158133
1628858773879815718,354175.6494244037,4023979.627966446
1628858773999786624,354174.542781072,4023980.3364579626
1628858774071819278,354173.89509473176,4023980.7489619204
1628858774197904791,354172.68168815447,4023981.5261437474
1628858774269933468,354172.0254629165,4023981.9390355903
1628858774401782769,354170.8043140285,4023982.724038342
1628858774534039347,354169.58211505157,4023983.497401195
1628858774599911837,354168.9052987635,4023983.9362743925
1628858774731899687,354167.6714958891,4023984.718316581
1628858774809838588,354166.9086402635,4023985.2023381516
1628858774941934150,354165.6490617521,4023985.977917128
1628858775001807468,354165.07229745004,4023986.339180121
1628858775133953568,354163.815181376,4023987.1341271987
1628858775205712217,354163.13920546626,4023987.557605846
1628858775343811418,354161.78519446484,4023988.4055134687
1628858775403977002,354161.1957671209,4023988.7796240076
1628858775541938434,354159.83434586914,4023989.631501804
1628858775601928371,354159.2351678577,4023990.002907812
1628858775746219791,354157.86311597785,4023990.856002324
1628858775811706679,354157.2737824734,4023991.22297044
1628858775937690234,354156.01131697936,4023992.0372958444
1628858776003950942,354155.3218140954,4023992.4675944564
1628858776135939609,354154.04551008565,4023993.2756831697
1628858776207844345,354153.35372445296,4023993.708156577
1628858776339837600,354152.0623240614,4023994.5114335697
1628858776417714374,354151.2534351699,4023995.012954511
1628858776549823997,354149.9601960756,4023995.821206624
1628858776609826761,354149.3503444067,4023996.202131283
1628858776736137904,354148.04814950924,4023997.016820967
1628858776807831797,354147.34379519377,4023997.4586615777
1628858776951835925,354145.9092598512,4023998.341922883
1628858777006086533,354145.30219196354,4023998.721397213
1628858777139153192,354143.9866859989,4023999.5648149247
1628858777210999510,354143.2786051368,4024000.010075508
1628858777348889983,354141.86020221456,4024000.901611125
1628858777408888910,354141.2587436087,4024001.300644778
1628858777546953120,354139.9377100934,4024002.1329256217
1628858777607146515,354139.2331794849,4024002.600526801
1628858777739126958,354137.9110854557,4024003.4386852016
1628858777798966284,354137.3012531181,4024003.8261412173
1628858777942900186,354135.8723604791,4024004.7435501893
1628858778002932097,354135.2618004349,4024005.133093799
1628858778147063229,354133.8404407747,4024006.0592265376
1628858778212974147,354133.12772902113,4024006.5157964006
1628858778345004489,354131.803233893,4024007.3671798096
1628858778470791715,354130.56856125314,4024008.1715201405
1628858778555008093,354129.6482014976,4024008.7647012863
1628858778614995154,354129.0362612688,4024009.1701377635
1628858778741056634,354127.7060532177,4024010.028392862
1628858778873878710,354126.3682190208,4024010.8959317636
1628858778933855841,354125.75276916986,4024011.294103288
1628858779005832485,354125.0331802672,4024011.7590903523
1628858779143968284,354123.6052548549,4024012.719332004
1628858779275870135,354122.2709464047,4024013.5859577735
1628858779342189563,354121.5516794103,4024014.0519162957
1628858779485941456,354120.10498595133,4024015.010399089
1628858779545979829,354119.48514949245,4024015.4108421532
1628858779665970348,354118.24554591347,4024016.22491089
1628858779755866402,354117.31578403246,4024016.8233175334
1628858779881861329,354116.0751278992,4024017.6419209237
1628858779947987439,354115.3522707612,4024018.110320769
1628858780067960848,354114.11196493416,4024018.909814508
1628858780151855229,354113.27751190437,4024019.4698138926
1628858780289704281,354111.82779386104,4024020.404423197
1628858780337862993,354111.3103284269,4024020.7381420047
1628858780469764967,354109.9601375801,4024021.6202347935
1628858780559871169,354109.0268449985,4024022.2209600923
1628858780679881439,354107.7936713473,4024023.043406158
1628858780739857763,354107.172316613,4024023.4442419177
1628858780871740374,354105.827732442,4024024.3257527826
1628858780949999022,354104.99838663556,4024024.857285663
1628858781076186090,354103.65026894026,4024025.7210340225
1628858781141858695,354103.02643450734,4024026.125024622
1628858781273773603,354101.6718664424,4024026.9844872896
1628858781351993705,354100.8363062532,4024027.5112423245
1628858781483860350,354099.47716748226,4024028.380181702
1628858781543887688,354098.8491462449,4024028.7711204686
1628858781675881642,354097.4940778805,4024029.638893056
1628858781753828240,354096.6568063574,4024030.1582310027
1628858781891762748,354095.2930991059,4024031.0095476983
1628858781946076754,354094.66436050576,4024031.3959212084
1628858782072040999,354093.2983239655,4024032.230309606
1628858782143900213,354092.5570878937,4024032.68370085
1628858782282032981,354091.076236484,4024033.5670797364
1628858782335774516,354090.5459047036,4024033.8797150254
1628858782473940891,354089.0583214402,4024034.7602168177
1628858782545897208,354088.3146444977,4024035.191859902
1628858782689821771,354086.8259217769,4024036.0608455953
1628858782744017771,354086.1855761955,4024036.4266630486
1628858782876033595,354084.7980832842,4024037.213745312
1628858782953920714,354083.93934308866,4024037.6923079966
1628858783085997523,354082.54086261307,4024038.461203892
1628858783218041308,354081.16415340285,4024039.2379734423
1628858783277992676,354080.51604247175,4024039.586649009
1628858783356090141,354079.65522225946,4024040.061279846
1628858783487911884,354078.24518497114,4024040.805346455
1628858783607912204,354076.945215586,4024041.4885399276
1628858783679826734,354076.18420154665,4024041.8837325834
1628858783758029969,354075.31406312546,4024042.335998642
1628858783889915110,354073.8933337192,4024043.0757903415
1628858784010012609,354072.5863408332,4024043.749642216
1628858784081815473,354071.82368720166,4024044.1416890295
1628858784213802389,354070.4017211932,4024044.865999165
1628858784291906938,354069.5275070354,4024045.31180364
1628858784411922668,354068.22113368,4024045.9825329785
1628858784477947703,354067.45550969767,4024046.368526648
1628858784610024638,354066.03246725176,4024047.0796109834
1628858784687818390,354065.2698600927,4024047.4598777993
1628858784813938691,354063.8564564293,4024048.1706171897
1628858784873930515,354063.1955297637,4024048.492165965
1628858785011921027,354061.6708018378,4024049.263434224
1628858785096067367,354060.79926984804,4024049.705349256
1628858785215926651,354059.502217598,4024050.367683332
1628858785275929054,354058.8503994262,4024050.699088958
1628858785419816805,354057.339808598,4024051.4797636755
1628858785485851828,354056.5814900352,4024051.8663678262
1628858785612044367,354055.169709979,4024052.577386556
1628858785677799963,354054.5178613218,4024052.9069619766
1628858785815918045,354052.9907180549,4024053.6760752182
1628858785887859715,354052.229198716,4024054.0719499793
1628858786020002558,354050.80650211265,4024054.787120486
1628858786079842820,354050.14916177304,4024055.1167886825
1628858786217949771,354048.6095892152,4024055.887210568
1628858786289933114,354047.8384177112,4024056.27171251
1628858786415944194,354046.414315986,4024056.9976496454
1628858786475919904,354045.7551658453,4024057.32856936
1628858786614178336,354044.20487262716,4024058.100271148
1628858786685987415,354043.43132471817,4024058.4849966066
1628858786817921559,354041.98884395044,4024059.19964714
1628858786883847413,354041.31966082193,4024059.5292102
1628858787016066258,354039.764582532,4024060.3030685675
1628858787093821926,354038.9886300643,4024060.689971152
1628858787219950705,354037.53760973725,4024061.415813605
1628858787351906381,354036.0950680396,4024062.1376683665
1628858787417959326,354035.310709813,4024062.5292294044
1628858787490076441,354034.5324497658,4024062.9204437276
1628858787610066712,354033.1898831355,4024063.591055423
1628858787675823505,354032.52134785394,4024063.922805563
1628858787820103954,354030.8512386237,4024064.7562803463
1628858787892108151,354030.0708088699,4024065.149118531
1628858788017815851,354028.7255536384,4024065.812268862
1628858788161924042,354027.03703799634,4024066.6473360034
1628858788221964885,354026.3665960798,4024066.978203207
1628858788353814287,354024.9136468821,4024067.6944977953
1628858788420045852,354024.12358292064,4024068.0915270583
1628858788569873445,354022.558927129,4024068.865549892
1628858788623968691,354021.8833705638,4024069.2007760354
1628858788743965291,354020.5431819902,4024069.8675045264
1628858788827857655,354019.6516332285,4024070.3130567856
1628858788965965628,354018.09682081727,4024071.1097419807
1628858789014090763,354017.54307463684,4024071.3927467605
1628858789151997896,354015.97709042276,4024072.189315255
1628858789217934142,354015.31261489325,4024072.530092711
1628858789361860223,354013.7536989508,4024073.329533366
1628858789416072061,354013.08736211073,4024073.668511275
1628858789554003321,354011.5350233959,4024074.45978495
1628858789614010084,354010.8632428081,4024074.812587645
1628858789763907036,354009.31612998876,4024075.609694188
1628858789817975806,354008.6535339135,4024075.953309198
1628858789956019073,354007.10174168897,4024076.766119993
1628858790016012670,354006.437885896,4024077.111038135
1628858790159875023,354004.8778889708,4024077.925940615
1628858790219916674,354004.21349544876,4024078.2715393775
1628858790351880753,354002.7780851838,4024079.021478234
1628858790418110607,354001.9905251177,4024079.436594964
1628858790561906566,354000.44837785535,4024080.256629903
1628858790621854219,353999.78198862844,4024080.610563435
1628858790748146126,353998.3598589237,4024081.380665271
1628858790820128056,353997.5973593998,4024081.797801889
1628858790963979382,353996.05678064644,4024082.6384411966
1628858791018036939,353995.4054188151,4024083.000300802
1628858791149984434,353993.9855688833,4024083.7933753445
1628858791215853934,353993.3372969583,4024084.161103519
1628858791365999737,353991.70352274424,4024085.096635926
1628858791420047949,353991.059680148,4024085.4700270225
1628858791557989660,353989.66837803076,4024086.2800777443
1628858791623884537,353988.9084338953,4024086.7256756597
1628858791750106969,353987.5176805648,4024087.54291968
1628858791827996686,353986.76848616695,4024087.9852850195
1628858791953996224,353985.3795123845,4024088.8284394713
1628858792085909141,353983.99627077254,4024089.653125989
1628858792164102688,353983.124492045,4024090.1886816546
1628858792224076718,353982.481032979,4024090.5703067454
1628858792355880759,353981.0844649144,4024091.40827973
1628858792482011515,353979.6950878323,4024092.2419204223
1628858792566081833,353978.84194529,4024092.7568379426
1628858792692138912,353977.44998750417,4024093.614814555
1628858792752355063,353976.8133667054,4024094.003771254
1628858792884047321,353975.4196912197,4024094.853964608
1628858792968130502,353974.5664561368,4024095.377856336
1628858793099898111,353973.18277761195,4024096.2344735465
1628858793154056855,353972.5413463358,4024096.62772303
1628858793292019148,353971.16871483217,4024097.487877706
1628858793358019892,353970.42596844013,4024097.979574616
1628858793496138538,353968.95275877166,4024098.9166800706
1628858793549952958,353968.4271112642,4024099.2514612474
1628858793688165031,353966.95195438946,4024100.2178968396
1628858793766071087,353966.1127975866,4024100.7621823214
1628858793898126272,353964.77729130595,4024101.6701749475
1628858793963933390,353964.15273337194,4024102.086700584
1628858794083901549,353962.9084904232,4024102.9263838273
1628858794168061699,353961.96842657065,4024103.5969423656
1628858794300025835,353960.62552938086,4024104.522699376
1628858794360025784,353960.00265765947,4024104.977710262
1628858794485929865,353958.7647514773,4024105.8456688737
1628858794575890849,353957.834195865,4024106.5008699475
1628858794702031407,353956.50982611394,4024107.4864964955
1628858794755891836,353955.9926495203,4024107.856658404
1628858794882014792,353954.6705084367,4024108.8477409044
1628858794953901361,353953.94659318717,4024109.3737902655
1628858795097953179,353952.49889346684,4024110.4336384744
1628858795152073816,353951.86156605755,4024110.90372506
1628858795284039383,353950.5127624449,4024111.895440416
1628858795367942834,353949.68078623427,4024112.5107739237
1628858795500089235,353948.2173301691,4024113.6026877225
1628858795560081133,353947.5916224181,4024114.0704426975
1628858795692077832,353946.2148536764,4024115.0869218796
1628858795764160542,353945.4880705308,4024115.631086782
1628858795902086035,353944.0114894094,4024116.744584804
1628858795956132023,353943.4909749167,4024117.1375699393
1628858796087913038,353942.13539878605,4024118.1583315493
1628858796172055481,353941.29202838725,4024118.8110284
1628858796304169499,353939.8349799188,4024119.9099769364
1628858796424092422,353938.5825295552,4024120.849167793
1628858796489948114,353937.9574121189,4024121.3192939553
1628858796628048033,353936.48304549896,4024122.4300705013
1628858796699921195,353935.7552083447,4024122.976817524
1628858796820022338,353934.5056295858,4024123.9197448394
1628858796886176844,353933.76903243316,4024124.486354035
1628858797024097660,353932.30887260905,4024125.5961596114
1628858797096318686,353931.5811922131,4024126.152181752
1628858797228160572,353930.2219215481,4024127.2107274826
1628858797288162010,353929.60007387446,4024127.6901071114
1628858797426114440,353928.15132621117,4024128.8142171116
1628858797498117708,353927.4237393738,4024129.375761756
1628858797635936396,353926.09710615,4024130.422283737
1628858797690315263,353925.4771677024,4024130.906270214
1628858797834043411,353924.03211763373,4024132.039657084
1628858797906069779,353923.3749021486,4024132.5862836586
1628858798032066298,353922.0436154298,4024133.6355092246
1628858798092063719,353921.4291914877,4024134.1207153792
1628858798236066225,353919.93947255966,4024135.294589539
1628858798302198029,353919.21634487895,4024135.8671377334
1628858798422109920,353917.91324057773,4024136.828303408
1628858798494090718,353917.1858442114,4024137.401076288
1628858798632173371,353915.7347157984,4024138.5902008265
1628858798704230705,353915.00526465976,4024139.1677997997
1628858798830060146,353913.754800126,4024140.1593294516
1628858798890122657,353913.02840950154,4024140.748290666
1628858799034172662,353911.5656295263,4024141.9087730297
1628858799106181696,353910.806389606,4024142.460873169
1628858799232117555,353909.4365448591,4024143.536385309
1628858799292088167,353908.80399059167,4024144.0322739054
1628858799436057564,353907.2745466222,4024145.1486529545
1628858799502207162,353906.53124006,4024145.726211477
1628858799639940338,353905.17407768115,4024146.8044708907
1628858799694117239,353904.53607769945,4024147.3031676486
1628858799832091588,353903.15223704115,4024148.3811444626
1628858799898087032,353902.4005939057,4024148.9529539095
1628858800024295173,353901.0134663185,4024150.031444237
1628858800089951531,353900.3718003747,4024150.529897918
1628858800228197586,353898.8537625371,4024151.6601550537
1628858800306127033,353897.99778800993,4024152.3215527455
1628858800426214415,353896.7089451002,4024153.310130608
1628858800498218683,353895.95827431686,4024153.8888823106
1628858800630199340,353894.5575044274,4024154.9509714697
1628858800714109715,353893.69943525456,4024155.6111842054
1628858800972248949,353890.9076485836,4024157.759857522
1628858801032239533,353890.2641125275,4024158.2559326235
1628858801164097766,353888.86925946915,4024159.328573757
1628858801242107370,353888.0136695427,4024159.9909731164
1628858801368208579,353886.61478930793,4024161.056419286
1628858801434086073,353885.9712537363,4024161.5524947233
1628858801560206325,353884.5772042648,4024162.625672379
1628858801632153949,353883.8220277673,4024163.19412512
1628858801770238134,353882.3246220152,4024164.3459189087
1628858801836029307,353881.6828779869,4024164.8396146377
1628858801967976817,353880.282370429,4024165.8989552706
1628858802034294401,353879.53363069426,4024166.472640549
1628858802172160796,353878.0463523518,4024167.6313140667
1628858802232156348,353877.4048251292,4024168.1233585263
1628858802364247909,353876.0182681685,4024169.1882631816
1628858802436248667,353875.27873398026,4024169.761244407
1628858802562138068,353873.8961387909,4024170.825777488
1628858802634217783,353873.15286235977,4024171.394000177
1628858802766098077,353871.7749668497,4024172.458484941
1628858802826137719,353871.1405033981,4024172.94949533
1628858802970127811,353869.6634219885,4024174.0973783988
1628858803036155669,353868.9253588032,4024174.670671115
1628858803174047693,353867.5374811917,4024175.7186621614
1628858803234249986,353866.79938074906,4024176.28972791
1628858803378206381,353865.30611152115,4024177.4078246425
1628858803426233621,353864.7789764822,4024177.813194576
1628858803570132881,353863.3065737999,4024178.9488539137
1628858803630129724,353862.68526774587,4024179.438208896
1628858803780238827,353861.1134188352,4024180.656294502
1628858803834031685,353860.59075108817,4024181.0623218464
1628858803966243572,353859.14340955776,4024182.2036326053
1628858804026168106,353858.51985989633,4024182.6902180924
1628858804170136238,353857.06889945496,4024183.8268294544
1628858804242262942,353856.34142512584,4024184.3945127116
1628858804368140994,353855.09705188905,4024185.366417518
1628858804440168603,353854.276479785,4024186.0238052118
1628858804572233050,353852.9371118591,4024187.0778781893
1628858804638014508,353852.3369964487,4024187.5713934377
1628858804770271557,353850.8977722279,4024188.7089067483
1628858804836014739,353850.28172911407,4024189.1953663575
1628858804974132756,353848.86199076544,4024190.32284697
1628858805034145128,353848.25125673093,4024190.80921725
1628858805160271845,353846.9202608085,4024191.8492950806
1628858805292252895,353845.5973313324,4024192.9007728687
1628858805370177466,353844.7856303358,4024193.559293754
1628858805442211551,353844.07577476854,4024194.125613032
1628858805574283586,353842.76062276383,4024195.174946027
1628858805694251753,353841.5427980226,4024196.139233783
1628858805766279463,353840.8366281472,4024196.7032939475
1628858805904170086,353839.4322435494,4024197.8325926373
1628858805970154443,353838.8287974561,4024198.3131034602
1628858806096114494,353837.52715072985,4024199.348812388
1628858806168289579,353836.8391295456,4024199.9176634466
1628858806306213620,353835.4523917025,4024201.021946022
1628858806372044436,353834.8583786286,4024201.500772251
1628858806498153518,353833.581826413,4024202.515154175
1628858806564285434,353832.8971431663,4024203.057490443
1628858806708284986,353831.54274275654,4024204.1573223216
1628858806768182991,353830.96337224345,4024204.6176218963
1628858806900168071,353829.7257302996,4024205.6083076433
1628858806978312702,353828.96302609425,4024206.2149785585
1628858807110289372,353827.75231930154,4024207.210276498
1628858807170277182,353827.1890927006,4024207.661454062
1628858807296212293,353825.97388181475,4024208.632139363
1628858807368202806,353825.3415006257,4024209.1594648827
1628858807500244758,353824.13182695676,4024210.125479461
1628858807572288833,353823.4804464389,4024210.644580456
1628858807698215839,353822.2791131314,4024211.5911675133
1628858807788033069,353821.53703368444,4024212.17930288
1628858807908295241,353820.34597932233,4024213.141799782
1628858807968311501,353819.79304081737,4024213.580444748
1628858808100042801,353818.689894316,4024214.4531416222
1628858808172224246,353817.94456384983,4024215.0221975166
1628858808304196237,353816.76140828215,4024215.9571568747
1628858808364187725,353816.20940720127,4024216.3898353293
1628858808502293826,353814.9529009197,4024217.3837405783
1628858808562307951,353814.41893154697,4024217.807051396
1628858808712647112,353813.0899676734,4024218.865807957
1628858808766296055,353812.65160245897,4024219.2141424734
1628858808904320866,353811.4185452656,4024220.183269281
1628858808970110475,353810.8975896229,4024220.596442668
1628858809114247036,353809.60309596977,4024221.617966873
1628858809174240074,353809.09060816397,4024222.0229104166
1628858809294240075,353808.07252976054,4024222.8255401687
1628858809384225707,353807.3188492665,4024223.438683355
1628858809522074408,353806.2336076568,4024224.2943563573
1628858809564232056,353805.81886574364,4024224.6210221043
1628858809708199298,353804.6739747974,4024225.5409642556
1628858809840089868,353803.6183581203,4024226.3761490197
1628858809906304723,353803.046776501,4024226.823990131
1628858810039200776,353802.00675008557,4024227.6461863574
1628858810099197536,353801.53021981905,4024228.02247833
1628858810237472289,353800.4503321606,4024228.895151773
1628858810309320125,353799.9055566597,4024229.3254817277
1628858810441210181,353798.9181269144,4024230.1284503806
1628858810501172514,353798.460489192,4024230.4921253487
1628858810639213168,353797.418763426,4024231.3365677292
1628858810717141191,353796.8946254146,4024231.7527864245
1628858810837497923,353795.9287838796,4024232.5183734405
1628858810903211192,353795.50289417035,4024232.8607917274
1628858811041212545,353794.4836595912,4024233.667104832
1628858811119330926,353793.9134640795,4024234.117456194
1628858811239350320,353793.0578166284,4024234.7936911937
1628858811299346580,353792.63394352794,4024235.128995518
1628858811443218885,353791.67205169227,4024235.9043431594
1628858811515126114,353791.1863618515,4024236.2875956497
1628858811647205211,353790.3125587823,4024237.002009581
1628858811701357190,353789.9050716549,4024237.3244644455
1628858811845134190,353788.9636934014,4024238.067483933
1628858811905228216,353788.5850395758,4024238.3804499474
1628858812043342897,353787.66455287935,4024239.1063325596
1628858812103354769,353787.29979475006,4024239.4144256245
1628858812247230370,353786.40303074045,4024240.1245579463
1628858812319216610,353785.96013481764,4024240.4755643304
1628858812445246012,353785.174329227,4024241.1380796805
1628858812505213767,353784.80486434174,4024241.434899633
1628858812649113727,353783.95999678806,4024242.1168742687
1628858812715395109,353783.5393940023,4024242.4542296524
1628858812847126485,353782.826339241,4024243.025826847
1628858812907214361,353782.43271697464,4024243.3524123277
1628858813045356283,353781.62209513347,4024244.001979736
1628858813117388266,353781.23687409295,4024244.323632322
1628858813249244312,353780.50593482517,4024244.9132926306
1628858813309252413,353780.1720219254,4024245.18277975
1628858813447335129,353779.39094601653,4024245.7890938055
1628858813507367861,353779.06096024154,4024246.0525637874
1628858813639344893,353778.3735072904,4024246.607616287
1628858813699347200,353778.0510817955,4024246.8669609968
1628858813843226067,353777.30582968716,4024247.4656825857
1628858813921137496,353776.90221623983,4024247.800615577
1628858814041193762,353776.27847611625,4024248.300699519
1628858814113261297,353775.9426117294,4024248.577513461
1628858814239270720,353775.2851630582,4024249.1056318884
1628858814371253714,353774.64654101257,4024249.620859575
1628858814443140757,353774.3010691786,4024249.896218164
1628858814587129787,353773.6170231028,4024250.4397084354
1628858814647153495,353773.33623112564,4024250.663164285
1628858814779350195,353772.6658712431,4024251.1965971235
1628858814851187151,353772.3825627434,4024251.4228420416
1628858814977167878,353771.7901865393,4024251.8897434366
1628858815043381012,353771.46767654154,4024252.1440544114
1628858815175261504,353770.8973642649,4024252.590960879
1628858815241281631,353770.58489971375,4024252.8364964793
1628858815385147504,353769.98864028545,4024253.3192411624
1628858815445161885,353769.7297477835,4024253.523803555
1628858815577162812,353769.1756947101,4024253.957587979
1628858815649271821,353768.9067924641,4024254.1838952424
1628858815787189543,353768.3322558159,4024254.6336502507
1628858815847179391,353768.09111088654,4024254.822868147
1628858815979175333,353767.605419654,4024255.2348697963
1628858816051419944,353767.3354777589,4024255.446576654
1628858816189189483,353766.83385934087,4024255.880514547
1628858816249188596,353766.61401661736,4024256.055243523
1628858816387390534,353766.1285453127,4024256.4549429063
1628858816447384516,353765.9193618119,4024256.6210997575
1628858816579169047,353765.4774905017,4024256.9712354993
1628858816645558295,353765.27137403446,4024257.1563837077
1628858816777293594,353764.85314283206,4024257.4858875377
1628858816861441791,353764.62473135,4024257.6737005976
1628858816987316846,353764.2329691267,4024257.9802054567
1628858817047317852,353764.0576547126,4024258.1169824107
1628858817185157706,353763.7085484446,4024258.4011918595
1628858817251158970,353763.51702062483,4024258.550174702
1628858817389406896,353763.1791183499,4024258.8291597893
1628858817455202630,353763.02709795895,4024258.946500844
1628858817581310122,353762.7098371824,4024259.189920363
1628858817653168496,353762.57822122605,4024259.3046895047
1628858817773167098,353762.3103165142,4024259.5105027673
1628858817851404426,353762.13946552214,4024259.640490585
1628858817983179921,353761.92740025214,4024259.8492989
1628858818043274407,353761.81354196346,4024259.938469362
1628858818181309647,353761.5930493309,4024260.1325576804
1628858818253411961,353761.475658225,4024260.2257855525
1628858818379187009,353761.3119493866,4024260.366669833
1628858818463294724,353761.1794996374,4024260.4718094566
1628858818595300879,353761.0023477042,4024260.61182183
1628858818643258041,353760.97641822486,4024260.652328928
1628858818781481272,353760.81187094445,4024260.7833090974
1628858818907303422,353760.7227899186,4024260.8758458938
1628858818997228465,353760.6390818829,4024260.943145462
1628858819045310218,353760.5959641803,4024260.9778694194
1628858819183400046,353760.5184220341,4024261.048849195
1628858819303436010,353760.43728438305,4024261.1129315672
1628858819393349227,353760.4207192791,4024261.1440948956
1628858819519231856,353760.36121848173,4024261.1918210583
1628858819585221509,353760.33538169763,4024261.2124900674
1628858819712208829,353760.32758836285,4024261.246221533
1628858819778434431,353760.30756120954,4024261.263923892
1628858819928344542,353760.30620570196,4024261.277649215
1628858819982360808,353760.29785759235,4024261.2857246217
1628858820108354725,353760.3281683815,4024261.2914695498
1628858820186917786,353760.32343079033,4024261.3000944173
1628858820318434294,353760.3157697666,4024261.316336988
1628858820378345160,353760.3569244173,4024261.2882684846
1628858820510367517,353760.3531921848,4024261.302217
1628858820594244734,353760.35089542426,4024261.3108007014
1628858820726300055,353760.38343659893,4024261.3040262596
1628858820780492111,353760.3835446548,4024261.3104331614
1628858820912371076,353760.41774192575,4024261.300517979
1628858820996331563,353760.4203124256,4024261.3081650957
1628858821122583989,353760.4524708901,4024261.2895562276
1628858821182410326,353760.4543786992,4024261.2941017114
1628858821308206096,353760.45819431276,4024261.303192679
1628858821381024699,353760.48534824996,4024261.2882387894
1628858821524314832,353760.4940671426,4024261.2985288063
1628858821590151070,353760.4978055756,4024261.303043415
1628858821716593737,353760.5279000444,4024261.292342934
1628858821794406783,353760.5328846203,4024261.2983624134
1628858821926338363,353760.55279766186,4024261.2847513547
1628858821986743928,353760.5565206584,4024261.2883506925
1628858822112628673,353760.5780830168,4024261.27843498
1628858822190320185,353760.58242651314,4024261.2826342084
1628858822316381866,353760.5904930036,4024261.290432774
1628858822376386031,353760.60043195897,4024261.268109273
1628858822520758757,353760.6049945336,4024261.2744410476
1628858822598586505,353760.6099379476,4024261.278019802
1628858822730567215,353760.6170591385,4024261.255102952
1628858822856603585,353760.63323674415,4024261.244393044
1628858822916438151,353760.6332480643,4024261.2450642413
1628858822988600469,353760.63326607354,4024261.2461320595
1628858823126385638,353760.65362829296,4024261.241058391
1628858823246379222,353760.65365916595,4024261.242888935
1628858823312226831,353760.6537356232,4024261.243803176
1628858823396591081,353760.67280405737,4024261.238018904
1628858823528398983,353760.67282927036,4024261.2395138475
1628858823654332745,353760.6925423883,4024261.23576339
1628858823714355648,353760.6943884512,4024261.236647787
1628858823858608443,353760.7141857422,4024261.234269207
1628858823930588161,353760.7142016933,4024261.235214989
1628858824050587914,353760.7142325663,4024261.2370455307
1628858824122381905,353760.73038898275,4024261.232317456
1628858824254669342,353760.730412652,4024261.233720872
1628858824338280684,353760.73049425473,4024261.2349402066
1628858824452593053,353760.74574358965,4024261.2307157135
1628858824512594262,353760.74575902615,4024261.2316309838
1628858824650698502,353760.76214018307,4024261.229371056
1628858824722615114,353760.76429392194,4024261.2304028533
1628858824914608969,353760.7811192036,4024261.229142517
1628858825052399318,353760.78115470754,4024261.231247643
1628858825124417593,353760.79403297766,4024261.2275819406
1628858825256357127,353760.79405819066,4024261.229076883
1628858825316360817,353760.7940736272,4024261.2299921564
1628858825454408968,353760.8063612437,4024261.2274960894
1628858825526420896,353760.8063792529,4024261.228563907
1628858825664258501,353760.81965451996,4024261.2267225734
1628858825724379882,353760.8215005828,4024261.22760697
1628858825856592376,353760.8373613665,4024261.2270648107
1628858825916600683,353760.8373613665,4024261.2270648107
1628858826060380195,353760.83739378315,4024261.2289868807
1628858826120367874,353760.84857221786,4024261.2258686493
1628858826264385158,353760.8485902271,4024261.2269364647
1628858826336266860,353760.84860823635,4024261.2280042814
1628858826450595468,353760.85985129356,4024261.225098585
1628858826516403334,353760.85986930283,4024261.2261664015
1628858826660641163,353760.87091664516,4024261.2261326713
1628858826732645368,353760.87307038397,4024261.227164468
1628858826858265871,353760.87678205804,4024261.2300926074
1628858826919093683,353760.88652120554,4024261.2284940174
1628858827062460490,353760.886557224,4024261.230629652
1628858827128692450,353760.89619131264,4024261.2300399193
1628858827260638029,353760.89622475835,4024261.2320230086
1628858827392676983,353760.90556969255,4024261.2323842035
1628858827458401467,353760.90557483805,4024261.232689295
1628858827584366160,353760.90560828376,4024261.2346723825
1628858827662674869,353760.91532860143,4024261.2355765644
1628858827794708660,353760.9193284031,4024261.237492759
1628858827860667184,353760.9297732549,4024261.237926956
1628858827986381025,353760.92978200223,4024261.2384456103
1628858828058827193,353760.92980001157,4024261.239513427
1628858828202661855,353760.93843790854,4024261.241381916
1628858828256674878,353760.9384507723,4024261.2421446424
1628858828394699853,353760.94708969607,4024261.244074148
1628858828454679273,353760.9470927833,4024261.244257204
1628858828604683345,353760.9556984745,4024261.2478352273
1628858828658654754,353760.9557113382,4024261.2485979544
1628858828796705772,353760.9600188136,4024261.2506615478
1628858828856688672,353760.96975148504,4024261.252297948
1628858828994665422,353760.96975920326,4024261.252755584
1628858829066704684,353760.9697772125,4024261.2538234
1628858829192322386,353760.9777454237,4024261.255794737
1628858829258688178,353760.9777510838,4024261.2561303354
1628858829396679173,353760.9855547567,4024261.259203085
1628858829468308481,353760.985562475,4024261.259660722
1628858829594351096,353760.9855959207,4024261.2616438097
1628858829660681261,353760.99333805626,4024261.2646870804
1628858829798680876,353760.99660817836,4024261.266768169
1628858829858696441,353761.0047702569,4024261.2693771073
1628858829990663855,353761.00479392626,4024261.2707805256
1628858830050671309,353761.00480936276,4024261.271695796
1628858830200655418,353761.0112110999,4024261.274883743
1628858830260668613,353761.01122653636,4024261.275799015
1628858830398712701,353761.0170710656,4024261.282139686
1628858830464687894,353761.0171019387,4024261.28397023
1628858830602318012,353761.01716883003,4024261.287936406
1628858830662713934,353761.02294852375,4024261.2904329365
1628858830794420077,353761.0229752803,4024261.2920194077
1628858830878410681,353761.0284719964,4024261.2958329725
1628858830992976485,353761.0284761129,4024261.296077045
1628858831064699079,353761.0284941221,4024261.297144863
1628858831202369271,353761.0340508297,4024261.3008963806
1628858831262458110,353761.03405288793,4024261.3010184164
1628858831406656445,353761.03937683074,4024261.3054452506
1628858831466595892,353761.03937683074,4024261.3054452506
1628858831592319444,353761.0394066746,4024261.307214775
1628858831724657273,353761.0452875238,4024261.312089983
1628858831802452908,353761.04744126496,4024261.3131217808
1628858831868668469,353761.05335277633,4024261.316195923
1628858831994694323,353761.05335998005,4024261.3166230507
1628858832127130268,353761.0575147518,4024261.3204897665
1628858832198461262,353761.0575147518,4024261.3204897665
1628858832264678060,353761.0575219555,4024261.3209168944
1628858832396325489,353761.0616126193,4024261.3246015836
1628858832528667671,353761.0616218812,4024261.3251507455
1628858832600449638,353761.0616398904,4024261.326218563
1628858832738653001,353761.0662967226,4024261.33090079
1628858832798674955,353761.068142783,4024261.331785188
1628858832930668304,353761.0734979026,4024261.3344414667
1628858833008672203,353761.07350613544,4024261.3349296125
1628858833140675763,353761.0772255299,4024261.3383153863
1628858833200739227,353761.0772255299,4024261.3383153863
1628858833320784112,353761.0772512574,4024261.33984084
1628858833398764780,353761.08070958906,4024261.3422239316
1628858833536336865,353761.0807162782,4024261.34262055
1628858833596377459,353761.08073171467,4024261.343535821
1628858833722747513,353761.08385530545,4024261.347786141
1628858833794752035,353761.08423944085,4024261.348847783
1628858833932786287,353761.08873460896,4024261.351182872
1628858833992756301,353761.08873460896,4024261.351182872
1628858834124456129,353761.09110691363,4024261.354316705
1628858834202735339,353761.09110691363,4024261.354316705
1628858834335011139,353761.09113984474,4024261.356269285
1628858834394687540,353761.092753145,4024261.3578289985
1628858834526483135,353761.092753145,4024261.3578289985
1628858834604711969,353761.0941434547,4024261.3606437
1628858834736719320,353761.09417690046,4024261.3626267887
1628858834796757920,353761.0941923369,4024261.363542059
1628858834928728935,353761.09574615787,4024261.365194329
1628858835006736690,353761.0957549052,4024261.3657129826
1628858835138725087,353761.09646421124,4024261.367959332
1628858835198738735,353761.09646421124,4024261.367959332
1628858835330704787,353761.09646421124,4024261.367959332
1628858835396768387,353761.09709706024,4024261.3692914397
1628858835546744645,353761.0971356514,4024261.371579618
1628858835594335929,353761.0971459424,4024261.3721897993
1628858835726784263,353761.097925531,4024261.3749842835
1628858835798778997,353761.0999572262,4024261.3760181377
1628858835936732985,353761.10156280594,4024261.377120216
1628858835996714010,353761.10156280594,4024261.377120216
1628858836128731502,353761.1012813697,4024261.3785287775
1628858836212714355,353761.1012813697,4024261.3785287775
1628858836344374729,353761.1012813697,4024261.3785287775
1628858836470383070,353761.1010491217,4024261.3792346027
1628858836530742851,353761.1010491217,4024261.3792346027
1628858836668757971,353761.1006610829,4024261.3815604965
1628858836740809959,353761.1006790921,4024261.382628312
1628858836872747319,353761.0999818315,4024261.384715278
1628858836932742412,353761.0999818315,4024261.384715278
1628858837071156928,353761.0999931515,4024261.3853864777
1628858837142753996,353761.0990943051,4024261.386378204
1628858837274714055,353761.0990943051,4024261.386378204
1628858837322853867,353761.0991071688,4024261.3871409306
1628858837466722230,353761.0977755155,4024261.3878042614
1628858837544761566,353761.0977888938,4024261.388597497
1628858837664927947,353761.0958465171,4024261.3892406104
1628858837724772693,353761.0958465171,4024261.3892406104
1628858837863076224,353761.0922406297,4024261.3889657306
1628858837946718354,353761.0922406297,4024261.3889657306
1628858838066764594,353761.0922406297,4024261.3889657306
1628858838126753671,353761.089735689,4024261.388824871
1628858838276738761,353761.08973620355,4024261.3888553814
1628858838342454325,353761.08975164,4024261.389770652
1628858838468734546,353761.08731338,4024261.3899643626
1628858838534449815,353761.08731338,4024261.3899643626
1628858838666747951,353761.0850120831,4024261.3910407783
1628858838738716679,353761.08503009233,4024261.392108595
1628858838870700379,353761.0823703899,4024261.393648823
1628858838930724330,353761.0823703899,4024261.393648823
1628858839074464945,353761.0823703899,4024261.393648823
1628858839140709760,353761.07981317356,4024261.3940276443
1628858839266755039,353761.07981317356,4024261.3940276443
1628858839338413829,353761.0798142026,4024261.3940886636
1628858839470798980,353761.07713134546,4024261.3942559822
1628858839542778186,353761.0771411219,4024261.3948356537
1628858839674903412,353761.0749731865,4024261.3965812107
1628858839728941533,353761.074988623,4024261.3974964814
1628858839872798256,353761.0721422567,4024261.3988262312
1628858839944920930,353761.0721422567,4024261.3988262312
1628858840070898084,353761.0721422567,4024261.3988262312
1628858840130826853,353761.0693306668,4024261.398598991
1628858840268431598,353761.0693306668,4024261.398598991
1628858840334822190,353761.069332725,4024261.398721027
1628858840466674626,353761.0665852453,4024261.3986758115
1628858840532836286,353761.0665852453,4024261.3986758115
1628858840676795907,353761.06395877554,4024261.39856752
1628858840742829611,353761.06395877554,4024261.39856752
1628858840868821532,353761.06104778673,4024261.399684735
1628858840934813114,353761.06104778673,4024261.399684735
1628858841066824241,353761.06104778673,4024261.399684735
1628858841144779657,353761.05818237993,4024261.3998856507
1628858841276823949,353761.05818237993,4024261.3998856507
1628858841396835477,353761.0553082257,4024261.3995679114
1628858841474820805,353761.0553082257,4024261.3995679114
1628858841600434004,353761.0553082257,4024261.3995679114
1628858841666827952,353761.05225512595,4024261.399497332
1628858841804854889,353761.05226438784,4024261.400046495
1628858841876822873,353761.0493400208,4024261.400370477
1628858842002441400,353761.0493400208,4024261.400370477
1628858842068813049,353761.0493400208,4024261.400370477
1628858842218798974,353761.0464074187,4024261.4002063116
1628858842278876036,353761.0464074187,4024261.4002063116
1628858842410780474,353761.04341328377,4024261.400012668
1628858842470786911,353761.04341328377,4024261.400012668
1628858842609284048,353761.0403673854,4024261.4003692158
1628858842680833128,353761.0403673854,4024261.4003692158
1628858842812809177,353761.04036944354,4024261.4004912507
1628858842878669007,353761.03720459575,4024261.4010329116
1628858843022798944,353761.03720459575,4024261.4010329116
1628858843070837109,353761.03720459575,4024261.4010329116
1628858843214781833,353761.0339746063,4024261.401331529
1628858843274800183,353761.0339746063,4024261.401331529
1628858843400801561,353761.0307379301,4024261.401233529
1628858843472815062,353761.0307379301,4024261.401233529
1628858843604814891,353761.0307379301,4024261.401233529
1628858843670827049,353761.02732282283,4024261.4014131958
1628858843814838143,353761.02733311383,4024261.402023378
1628858843874792267,353761.02398520184,4024261.402568126
1628858844006822066,353761.02398520184,4024261.402568126
1628858844073106114,353761.02398520184,4024261.402568126
1628858844216791609,353761.020812119,4024261.402621641
1628858844276801524,353761.020812119,4024261.402621641
1628858844414823962,353761.0176385216,4024261.4026446478
1628858844474845372,353761.0176385216,4024261.4026446478
1628858844624699214,353761.01447212783,4024261.40309478
1628858844678787183,353761.01447212783,4024261.40309478
1628858844816823631,353761.01449116616,4024261.404223616
1628858844882466612,353761.01132425794,4024261.4046432404
1628858845008812558,353761.01132425794,4024261.4046432404
1628858845068861390,353761.01132425794,4024261.4046432404
1628858845212924171,353761.00827321643,4024261.4046946964
1628858845332471886,353761.00827321643,4024261.4046946964
1628858845422509534,353761.0052842246,4024261.404806143
1628858845482678304,353761.0052842246,4024261.404806143
1628858845608874713,353761.0022347267,4024261.404949127
1628858845740853301,353761.0022367849,4024261.4050711645
1628858845818903789,353761.0022573668,4024261.406291526
1628858845962838358,353760.99927300826,4024261.4066775544
1628858846010934292,353760.99927300826,4024261.4066775544
1628858846142887743,353760.99640554324,4024261.406756433
1628858846214786877,353760.99640554324,4024261.406756433
1628858846346377536,353760.99640554324,4024261.406756433
1628858846406895495,353760.99365806347,4024261.4067112175
1628858846544874178,353760.99365806347,4024261.4067112175
1628858846604875087,353760.9907869966,4024261.4065765324
1628858846754903026,353760.9907869966,4024261.4065765324
1628858846814854475,353760.99079574394,4024261.4070951864
1628858846934875059,353760.98806009896,4024261.4077516804
1628858847024839126,353760.98806009896,4024261.4077516804
1628858847156779628,353760.9853126169,4024261.4077064646
1628858847204876710,353760.9853126169,4024261.4077064646
1628858847426842248,353760.98275488836,4024261.408054778
1628858847552902782,353760.98275488836,4024261.408054778
1628858847618747961,353760.9801315059,4024261.4081295407
1628858847738855829,353760.98013819504,4024261.4085261584
1628858847960728049,353760.9775446587,4024261.410370447
1628858848008836932,353760.9775446587,4024261.410370447
1628858848140857351,353760.9751746231,4024261.410990256
1628858848218883320,353760.9751746231,4024261.410990256
1628858848350496948,353760.9751746231,4024261.410990256
1628858848416749702,353760.9726737987,4024261.411093468
1628858848536871764,353760.9726737987,4024261.411093468
1628858848626962134,353760.9705334405,4024261.4108549072
1628858848758918040,353760.9705334405,4024261.4108549072
1628858848819016823,353760.9705334405,4024261.4108549072
1628858848938919317,353760.968094149,4024261.410987598
1628858849022870741,353760.968094149,4024261.410987598
1628858849148892991,353760.9658399824,4024261.4112392417
1628858849202903324,353760.9658399824,4024261.4112392417
1628858849346629693,353760.9658399824,4024261.4112392417
1628858849418873272,353760.9635878716,4024261.4116129186
1628858849556856746,353760.9635878716,4024261.4116129186
1628858849604738460,353760.9635878716,4024261.4116129186
1628858849742908630,353760.96145265654,4024261.4116794476
1628858849827032372,353760.96145265654,4024261.4116794476
1628858849958743437,353760.95926105184,4024261.4120215885
1628858850072894394,353760.95926105184,4024261.4120215885
1628858850150791478,353760.95725714014,4024261.4126352225
1628858850222907098,353760.95725714014,4024261.4126352225
1628858850354884556,353760.9552522014,4024261.413187838
1628858850480856649,353760.9552522014,4024261.413187838
1628858850546900309,353760.9552522014,4024261.413187838
1628858850690656115,353760.95337444963,4024261.414043485
1628858850756867565,353760.95337444963,4024261.414043485
1628858850882840332,353760.95149463735,4024261.4147770978
1628858850948742838,353760.95149463735,4024261.4147770978
1628858851075140496,353760.95149463735,4024261.4147770978
1628858851158835389,353760.949676877,4024261.415570698
1628858851278877510,353760.949676877,4024261.415570698
1628858851344611398,353760.949676877,4024261.415570698
1628858851476904288,353760.947980129,4024261.4163012234
1628858851560642638,353760.947980129,4024261.4163012234
1628858851680830966,353760.9464674719,4024261.4170896774
1628858851746836977,353760.9464674719,4024261.4170896774
1628858851878766207,353760.944771753,4024261.41788122
1628858851950880392,353760.944771753,4024261.41788122
1628858852088724527,353760.944771753,4024261.41788122
1628858852148895673,353760.9432637269,4024261.418944257
1628858852286809198,353760.9432637269,4024261.418944257
1628858852352945836,353760.9432637269,4024261.418944257
1628858852484799582,353760.9416962238,4024261.4200998503
1628858852539049248,353760.9416962238,4024261.4200998503
1628858852683662664,353760.9405610108,4024261.42155333
1628858852755575075,353760.9405610108,4024261.42155333
1628858852881678782,353760.9391176095,4024261.4228289
1628858852941667829,353760.9391176095,4024261.4228289
1628858853085814439,353760.9391176095,4024261.4228289
1628858853151791693,353760.9377383138,4024261.4242864964
1628858853277649906,353760.9377383138,4024261.4242864964
1628858853349562908,353760.9377383138,4024261.4242864964
1628858853481721930,353760.9363015994,4024261.425958684
1628858853553696363,353760.9363015994,4024261.425958684
1628858853685774260,353760.93565969926,4024261.4277090207
1628858853745800418,353760.93565969926,4024261.4277090207
1628858853883725466,353760.934283491,4024261.429349672
1628858853955853699,353760.934283491,4024261.429349672
1628858854087650464,353760.934283491,4024261.429349672
1628858854219569545,353760.93303395715,4024261.4312628442
1628858854285861397,353760.93303395715,4024261.4312628442
1628858854417709222,353760.93166135065,4024261.433117058
1628858854477675377,353760.93166135065,4024261.433117058
1628858854627822475,353760.9304154164,4024261.4352437956
1628858854687792222,353760.9304154164,4024261.4352437956
1628858854825671573,353760.9304154164,4024261.4352437956
1628858854885732703,353760.92910537426,4024261.437188508
1628858855029830964,353760.92910537426,4024261.437188508
1628858855083624632,353760.92910537426,4024261.437188508
1628858855221682239,353760.92791891925,4024261.4392226874
1628858855287742050,353760.92791891925,4024261.4392226874
1628858855431838207,353760.9268560493,4024261.4413463376
1628858855491636763,353760.9268560493,4024261.4413463376
1628858855617837205,353760.9261577595,4024261.443372284
1628858855689841219,353760.9261577595,4024261.443372284
1628858855821725478,353760.9261577595,4024261.443372284
1628858855881718684,353760.9252779514,4024261.4454928455
1628858856019849696,353760.9252779514,4024261.4454928455
1628858856085659616,353760.9252779514,4024261.4454928455
1628858856223622132,353760.9243981411,4024261.4476134093
1628858856289919338,353760.9243981411,4024261.4476134093
1628858856421873064,353760.923766532,4024261.4499739264
1628858856481850759,353760.923766532,4024261.4499739264
1628858856631768546,353760.92349950544,4024261.452236742
1628858856691773287,353760.92349950544,4024261.452236742
1628858856829645022,353760.92349950544,4024261.452236742
1628858856883741736,353760.9228648091,4024261.4544142066
1628858857033766884,353760.9228648091,4024261.4544142066
1628858857087621357,353760.9228648091,4024261.4544142066
1628858857214017162,353760.92235781637,4024261.456925211
1628858857285735885,353760.92235781637,4024261.456925211
1628858857417685549,353760.9217256927,4024261.4592552204
1628858857483904488,353760.9217256927,4024261.4592552204
1628858857615859907,353760.92116127885,4024261.461980817
1628858857687740619,353760.92116127885,4024261.461980817
1628858857825851054,353760.92116127885,4024261.461980817
1628858857885860068,353760.92053430073,4024261.4646159164
1628858858017797299,353760.92053430073,4024261.4646159164
1628858858084167691,353760.92053430073,4024261.4646159164
1628858858227745996,353760.91984372924,4024261.467099501
1628858858287735684,353760.91984372924,4024261.467099501
1628858858419896589,353760.9192813736,4024261.469947134
1628858858551729520,353760.9192813736,4024261.469947134
1628858858623721814,353760.9185949185,4024261.47267479
1628858858689728809,353760.9185949185,4024261.47267479
1628858858821647490,353760.9185949185,4024261.47267479
1628858858947909540,353760.9179674281,4024261.475279381
1628858859019893233,353760.9179674281,4024261.475279381
1628858859163733014,353760.9174050725,4024261.4781270125
1628858859223628976,353760.9174050725,4024261.4781270125
1628858859349867276,353760.9174050725,4024261.4781270125
1628858859439671758,353760.916905798,4024261.4810956535
1628858859559773659,353760.916905798,4024261.4810956535
1628858859619775117,353760.9168316076,4024261.483935055
1628858859751888523,353760.9168316076,4024261.483935055
1628858859835636484,353760.9168316076,4024261.483935055
1628858859967768009,353760.9164554035,4024261.486962655
1628858860021806312,353760.9164554035,4024261.486962655
1628858860153747217,353760.9162038134,4024261.490140742
1628858860225670665,353760.9162038134,4024261.490140742
1628858860363874489,353760.916201966,4024261.4936503135
1628858860417637250,353760.916201966,4024261.4936503135
1628858860555774288,353760.916201966,4024261.4936503135
1628858860627690590,353760.9165672716,4024261.497214728
1628858860765893269,353760.9165672716,4024261.497214728
1628858860825901013,353760.9165672716,4024261.497214728
1628858860957782139,353760.9166890092,4024261.5008137664
1628858861035916751,353760.9166890092,4024261.5008137664
1628858861173681716,353760.91699998325,4024261.5047758273
1628858861221663228,353760.91699998325,4024261.5047758273
1628858861359788173,353760.91743351537,4024261.508766339
1628858861437761307,353760.91743351537,4024261.508766339
1628858861557757250,353760.91743351537,4024261.508766339
1628858861617764511,353760.9179911448,4024261.512876828
1628858861749899984,353760.9179911448,4024261.512876828
1628858861839804126,353760.9179911448,4024261.512876828
1628858861959768682,353760.9185503202,4024261.5170788458
1628858862019788876,353760.9185503202,4024261.5170788458
1628858862157882113,353760.9191725721,4024261.5214018673
1628858862229874177,353760.9191725721,4024261.5214018673
1628858862367660988,353760.91991686757,4024261.5257228343
1628858862421792138,353760.91991686757,4024261.5257228343
1628858862553650727,353760.91991686757,4024261.5257228343
1628858862637731484,353760.92066373583,4024261.5301963445
1628858862769812009,353760.92066373583,4024261.5301963445
1628858862823685872,353760.92066373583,4024261.5301963445
1628858862949837423,353760.92147625564,4024261.534943407
1628858863033926550,353760.92147625564,4024261.534943407
1628858863171843743,353760.9224087586,4024261.5395663753
1628858863291951500,353760.9224087586,4024261.5395663753
1628858863351850691,353760.9224087586,4024261.5395663753
1628858863495782453,353760.9230315273,4024261.543919909
1628858863573932297,353760.9230315273,4024261.543919909
1628858863693938539,353760.92401424545,4024261.547901158
1628858863765791654,353760.92401424545,4024261.547901158
1628858863897719865,353760.9240370963,4024261.552875164
1628858863969690086,353760.9240370963,4024261.552875164
1628858864089667287,353760.9240370963,4024261.552875164
1628858864161809749,353760.9236799283,4024261.557031599
1628858864293837325,353760.9236799283,4024261.557031599
1628858864365933292,353760.9227720308,4024261.5611057696
1628858864497933691,353760.9227720308,4024261.5611057696
1628858864557899404,353760.9227720308,4024261.5611057696
1628858864701708284,353760.9213805968,4024261.565462756
1628858864755879282,353760.9213805968,4024261.565462756
1628858864899711247,353760.9193902764,4024261.570501231
1628858864959694439,353760.9193902764,4024261.570501231
1628858865103834176,353760.9193902764,4024261.570501231
1628858865157847127,353760.91682966903,4024261.5742980987
1628858865307937715,353760.91682966903,4024261.5742980987
1628858865356145964,353760.9138998529,4024261.5779180853
1628858865499954788,353760.9138998529,4024261.5779180853
1628858865577716352,353760.9138998529,4024261.5779180853
1628858865691845145,353760.9109690052,4024261.5814770553
1628858865763711937,353760.9109690052,4024261.5814770553
1628858865895711347,353760.9080899164,4024261.584485833
1628858865967721611,353760.9080899164,4024261.584485833
1628858866099887075,353760.9080899164,4024261.584485833
1628858866165818911,353760.9051503214,4024261.5875261487
1628858866303716951,353760.9051503214,4024261.5875261487
1628858866375850130,353760.9020886875,4024261.590568523
1628858866495854894,353760.9020886875,4024261.590568523
1628858866561859764,353760.9020886875,4024261.590568523
1628858866705705707,353760.8989577955,4024261.5931237815
1628858866772048205,353760.8989577955,4024261.5931237815
1628858866903934477,353760.89553929726,4024261.5967214922
1628858866969690804,353760.89553929726,4024261.5967214922
1628858867096144504,353760.89553929726,4024261.5967214922
1628858867173957692,353760.8919279584,4024261.5997426203
1628858867293962200,353760.8919279584,4024261.5997426203
1628858867359848875,353760.88813664485,4024261.602949888
1628858867497851564,353760.88813664485,4024261.602949888
1628858867581731812,353760.88813664485,4024261.602949888
1628858867695955658,353760.88471917575,4024261.606608618
1628858867755965467,353760.88471917575,4024261.606608618
1628858867899681548,353760.88040131656,4024261.611167548
1628858867971879943,353760.88040131656,4024261.611167548
1628858868097860377,353760.88040131656,4024261.611167548
1628858868235987408,353760.8756993221,4024261.6146648354
1628858868307952565,353760.8756993221,4024261.6146648354
1628858868427901520,353760.87063428864,4024261.6183513533
1628858868506201712,353760.87063428864,4024261.6183513533
1628858868638000543,353760.8652098205,4024261.6224406636
1628858868697984283,353760.8652098205,4024261.6224406636
1628858868830006269,353760.86521548056,4024261.6227762615
1628858868901793690,353760.8594884819,4024261.6270232615
1628858869045771977,353760.8594884819,4024261.6270232615
1628858869100021676,353760.8594884819,4024261.6270232615
1628858869231742046,353760.8532712576,4024261.63115646
1628858869297896189,353760.8532712576,4024261.63115646
1628858869441791608,353760.84681200894,4024261.6354158097
1628858869501736618,353760.84681200894,4024261.6354158097
1628858869627975298,353760.8396246267,4024261.6399315833
1628858869699937706,353760.8396246267,4024261.6399315833
1628858869831872501,353760.83963440306,4024261.6405112552
1628858869903864739,353760.83220911055,4024261.6453972524
1628858870029989595,353760.83220911055,4024261.6453972524
1628858870113764191,353760.8242946237,4024261.6502304655
1628858870239994650,353760.8242946237,4024261.6502304655
1628858870299911276,353760.8242946237,4024261.6502304655
1628858870432018251,353760.815833007,4024261.6551949773
1628858870503939193,353760.815833007,4024261.6551949773
1628858870635771901,353760.8067606692,4024261.66013927
1628858870701927714,353760.8067606692,4024261.66013927
1628858870839907277,353760.8067653002,4024261.660413852
1628858870905780568,353760.79758069536,4024261.665939876
1628858871032012913,353760.79758069536,4024261.665939876
1628858871109889414,353760.7878535938,4024261.6718717804
1628858871235895425,353760.7878535938,4024261.6718717804
1628858871307922508,353760.7878535938,4024261.6718717804
1628858871434096338,353760.77762957755,4024261.6772932643
1628858871506057120,353760.77762957755,4024261.6772932643
1628858871631951692,353760.76686563506,4024261.683273171
1628858871764286747,353760.76686563506,4024261.683273171
1628858871841843605,353760.76688210067,4024261.684249461
1628858871908040507,353760.7558679011,4024261.689867378
1628858872034130916,353760.7558679011,4024261.689867378
1628858872165932649,353760.7445475691,4024261.6954294224
1628858872249894935,353760.7445475691,4024261.6954294224
1628858872304092896,353760.7445475691,4024261.6954294224
1628858872435929747,353760.7328605964,4024261.700967134
1628858872555933741,353760.7328708874,4024261.701577314
1628858872628040941,353760.7208316838,4024261.707944944
1628858872778011028,353760.7208435184,4024261.708646651
1628858872826066867,353760.72085638216,4024261.7094093785
1628858872970015993,353760.70861919236,4024261.714895333
1628858873041897042,353760.70861919236,4024261.714895333
1628858873174042603,353760.6954677219,4024261.720457743
1628858873240030428,353760.6954677219,4024261.720457743
1628858873371997670,353760.68201680377,4024261.7263608975
1628858873443923404,353760.68201680377,4024261.7263608975
1628858873581927299,353760.68201680377,4024261.7263608975
1628858873641924924,353760.6675684587,4024261.7310296474
1628858873767824412,353760.66758852627,4024261.7322195023
1628858873845853533,353760.66760910826,4024261.7334398627
1628858873971979542,353760.6531059172,4024261.738475751
1628858874037843100,353760.6531059172,4024261.738475751
1628858874163936675,353760.63745310577,4024261.7441108637
1628858874242031349,353760.63745310577,4024261.7441108637
1628858874385937884,353760.6205839956,4024261.750010634
1628858874433948745,353760.6205839956,4024261.750010634
1628858874565932292,353760.6205839956,4024261.750010634
1628858874637947618,353760.6023139787,4024261.75608662
1628858874776090488,353760.6023252988,4024261.7567578186
1628858874829781778,353760.6023381626,4024261.757520546
1628858874967917573,353760.5846101279,4024261.763160141
1628858875046062455,353760.5846101279,4024261.763160141
1628858875183818479,353760.56499250676,4024261.768953677
1628858875243933942,353760.56499250676,4024261.768953677
1628858875363969584,353760.5445816173,4024261.774760592
1628858875447936731,353760.5445816173,4024261.774760592
1628858875574173281,353760.5445816173,4024261.774760592
1628858875640076909,353760.5226529232,4024261.781050872
1628858875765968276,353760.52267401974,4024261.7823017426
1628858875849948777,353760.5226946018,4024261.7835221053
1628858875981819710,353760.50172834966,4024261.788972173
1628858876107873022,353760.50172834966,4024261.788972173
1628858876168067130,353760.47930274066,4024261.7947520316
1628858876240081667,353760.47930274066,4024261.7947520316
1628858876378157137,353760.456268469,4024261.800633711
1628858876431949084,353760.456268469,4024261.800633711
1628858876570150761,353760.456268469,4024261.800633711
1628858876707958393,353760.43049546285,4024261.8069888256
1628858876780019596,353760.43050935573,4024261.807812571
1628858876911939920,353760.406206512,4024261.814478586
1628858876965879765,353760.406206512,4024261.814478586
1628858877109992930,353760.3796986832,4024261.8206935055
1628858877181997617,353760.3796986832,4024261.8206935055
1628858877313932537,353760.3796986832,4024261.8206935055
1628858877373971557,353760.35264269763,4024261.8269787086
1628858877505843098,353760.35264269763,4024261.8269787086
1628858877589846307,353760.35264269763,4024261.8269787086
1628858877703984916,353760.32315771416,4024261.8340067845
1628858877770297318,353760.32317572343,4024261.8350746003
1628858877919882347,353760.29436299624,4024261.8421523743
1628858877980012820,353760.29436299624,4024261.8421523743
1628858878123976037,353760.26499645226,4024261.848964829
1628858878172008438,353760.26499645226,4024261.848964829
1628858878304096674,353760.2650005687,4024261.8492089007
1628858878388138341,353760.23484435596,4024261.8562482973
1628858878514018646,353760.23484435596,4024261.8562482973
1628858878579871228,353760.23484435596,4024261.8562482973
1628858878711873554,353760.2029775024,4024261.8631944726
1628858878784060113,353760.20104541926,4024261.8644477683
1628858878904129217,353760.1735586853,4024261.870526612
1628858878969965698,353760.1735586853,4024261.870526612
1628858879114120548,353760.14904602105,4024261.875609245
1628858879186097994,353760.14904602105,4024261.875609245
1628858879311965511,353760.14904602105,4024261.875609245
1628858879378115680,353760.12654395524,4024261.8804748612
1628858879516009732,353760.12654395524,4024261.8804748612
1628858879569960604,353760.12654395524,4024261.8804748612
1628858879720088948,353760.1031389268,4024261.886088133
1628858879780130415,353760.10132373945,4024261.8870342798
1628858879911892744,353760.08246954554,4024261.891044913
1628858879989998370,353760.08246954554,4024261.891044913
1628858880110012199,353760.0656146322,4024261.8941673297
1628858880169998035,353760.0656146322,4024261.8941673297
1628858880308041662,353760.0656146322,4024261.8941673297
1628858880380063789,353760.0502175299,4024261.8968684296
1628858880511975738,353760.0502175299,4024261.8968684296
1628858880571970949,353760.0502175299,4024261.8968684296
1628858880710135734,353760.0315335341,4024261.9001132487
1628858880782100785,353760.0294158163,4024261.9012170853
1628858880914000030,353760.0159718937,4024261.9039157615
1628858881045974720,353760.0159718937,4024261.9039157615
1628858881112136941,353760.0041616402,4024261.905762906
1628858881249864676,353760.0041616402,4024261.905762906
1628858881315883220,353760.0041616402,4024261.905762906
1628858881442017504,353759.9932005324,4024261.9072905513
1628858881514166459,353759.9932005324,4024261.9072905513
1628858881646093660,353759.98114619404,4024261.909141813
1628858881706122686,353759.9793155701,4024261.909172688
1628858881861979146,353759.96715051285,4024261.911697206
1628858881916117989,353759.96715051285,4024261.911697206
1628858882042080514,353759.96715051285,4024261.911697206
1628858882114141311,353759.95825742465,4024261.912793244
1628858882258024540,353759.95825742465,4024261.912793244
1628858882318008040,353759.95825742465,4024261.912793244
1628858882444097467,353759.94948329055,4024261.9137041676
1628858882516153268,353759.94948329055,4024261.9137041676
1628858882648106933,353759.9410127159,4024261.9145184197
1628858882720006856,353759.9410127159,4024261.9145184197
1628858882923922188,353759.93266624305,4024261.9154526494
1628858883055892938,353759.9287333357,4024261.917502632
1628858883116062830,353759.92215749295,4024261.9184680334
1628858883242032121,353759.92215749295,4024261.9184680334
1628858883308070903,353759.92215749295,4024261.9184680334
1628858883458053626,353759.9159395435,4024261.9189391173
1628858883518086143,353759.9159395435,4024261.9189391173
1628858883650068165,353759.9099010565,4024261.919193548
1628858883710061030,353759.9099010565,4024261.919193548
1628858883848158515,353759.9092908477,4024261.9192038407
1628858883913921228,353759.9036805343,4024261.919512085
1628858884040136365,353759.8997141809,4024261.91957898
1628858884112079394,353759.8946018114,4024261.920458664
1628858884262119716,353759.8946018114,4024261.920458664
1628858884322161315,353759.89460747153,4024261.9207942635
1628858884442127318,353759.8901591254,4024261.921235501
1628858884520132541,353759.8901591254,4024261.921235501
1628858884652083017,353759.8851564456,4024261.9213809087
1628858884718046269,353759.8851564456,4024261.9213809087
1628858884850199768,353759.8847903217,4024261.921387084
1628858884982089353,353759.8775478829,4024261.9226383874
1628858885054083987,353759.8744738978,4024261.924948546
1628858885120057629,353759.8717987591,4024261.9255735
1628858885252161885,353759.8580933761,4024261.9381032963
1628858885372130436,353759.8276668663,4024261.961687866
1628858885456096768,353759.8016312794,4024261.9850457897
1628858885516068463,353759.777159596,4024262.007034559
1628858885648033761,353759.7105535441,4024262.060526343
1628858885774383138,353759.62561369815,4024262.1344080074
1628858885858132145,353759.5630773097,4024262.183100907
1628858885990214959,353759.4474956888,4024262.2822797694
1628858886050054798,353759.38702753105,4024262.334172668
1628858886176148972,353759.25145024515,4024262.445682241
1628858886260210034,353759.15385349,4024262.529115805
1628858886386087595,353758.9815934651,4024262.6587917595
1628858886446108722,353758.8950526847,4024262.731845937
1628858886572072968,353758.70896558114,4024262.8885496724
1628858886656170135,353758.56796218187,4024262.99319273
1628858886788107748,353758.33557681635,4024263.1878479305
1628858886854070058,353758.2215400869,4024263.284528818
1628858886980105308,353757.93947444414,4024263.4867053116
1628858887058500298,353757.76482211694,4024263.630154621
1628858887190181942,353757.4535654262,4024263.849547183
1628858887250156278,353757.3079631905,4024263.9674209696
1628858887382102229,353756.96403688146,4024264.2149220672
1628858887454192143,353756.7767398079,4024264.365023907
1628858887585954364,353756.41291321575,4024264.659461248
1628858887652201749,353756.2019746572,4024264.804773824
1628858887784192511,353755.8076333221,4024265.121179823
1628858887862112490,353755.5421488603,4024265.311235858
1628858888000079650,353755.11298347294,4024265.651056505
1628858888054205333,353754.90714295657,4024265.81273219
1628858888186169357,353754.4366157238,4024266.161093547
1628858888270078617,353754.1481489049,4024266.3926751623
1628858888396088323,353753.643473717,4024266.768346052
1628858888456118011,353753.4129262638,4024266.952533333
1628858888576082525,353752.93631040805,4024267.327120652
1628858888648253124,353752.6335206363,4024267.549086672
1628858888786152579,353752.0473035965,4024268.0082867304
1628858888852098171,353751.792112606,4024268.2115055267
1628858888984191100,353751.16939112253,4024268.6668657633
1628858889056192075,353750.8575896701,4024268.9118416314
1628858889194074554,353750.2507685079,4024269.3834743677
1628858889254131442,353749.9249201092,4024269.6388190878
1628858889380084782,353749.3343110532,4024270.0836890526
1628858889464077994,353748.94761546113,4024270.386538625
1628858889595966778,353748.30972968054,4024270.8909527194
1628858889722105890,353747.62807814346,4024271.377184069
1628858889776142992,353747.32181977946,4024271.617855131
1628858889866186875,353746.8437520772,4024271.9895681166
1628858889992232260,353746.2140225915,4024272.4817597806
1628858890118134029,353745.52004195,4024273.0440053255
1628858890178116435,353745.1987433261,4024273.301287665
1628858890262090546,353744.76647997537,4024273.649187285
1628858890400248331,353743.9734975437,4024274.244108889
1628858890520215281,353743.3012902829,4024274.7799862507
1628858890586109100,353742.9623581845,4024275.052123076
1628858890724121084,353742.1595655354,4024275.698693758
1628858890784114507,353741.8150473173,4024275.9798055165
1628858890934205816,353740.93181958183,4024276.692278101
1628858890982229160,353740.639173841,4024276.9329944616
1628858891120163530,353739.80738492834,4024277.6227793223
1628858891198099981,353739.3900571602,4024277.9695422845
1628858891324348816,353738.6079221702,4024278.621288579
1628858891384231699,353738.2317890615,4024278.924265679
1628858891528251809,353737.37259245804,4024279.6392629957
1628858891600100152,353736.93861637963,4024280.0013826797
1628858891720113873,353736.1927245124,4024280.6197417993
1628858891786097381,353735.7524422294,4024280.9879493993
1628858891924165127,353734.8561427443,4024281.7178856777
1628858891996174260,353734.40810881765,4024282.093334744
1628858892122131520,353733.6238778226,4024282.761901642
1628858892188126068,353733.16749285185,4024283.1452431567
1628858892314268531,353732.3143973148,4024283.863647643
1628858892398210622,353731.7810325163,4024284.322323839
1628858892518171429,353730.9836476436,4024284.999902
1628858892584109209,353730.5824015052,4024285.341084054
1628858892722275358,353729.63318044145,4024286.1613306412
1628858892800287345,353729.0919738198,4024286.6255104262
1628858892920248511,353728.2729829447,4024287.3284778856
1628858892980517465,353727.863488585,4024287.680022662
1628858893130126217,353726.82674115454,4024288.572730371
1628858893190258251,353726.4134151899,4024288.9287038976
1628858893322256300,353725.5143207917,4024289.7027254766
1628858893388202401,353725.0217288703,4024290.12152952
1628858893520187749,353724.1192093282,4024290.8951207553
1628858893592398383,353723.63274202135,4024291.311532733
1628858893724039684,353722.70590803656,4024292.105553951
1628858893862559929,353721.71888901567,4024292.942888199
1628858893922194505,353721.3023108475,4024293.2978182174
1628858894000265077,353720.74874309957,4024293.7709351806
1628858894126050244,353719.9046984102,4024294.493857521
1628858894186145516,353719.4898410908,4024294.845859418
1628858894324295331,353718.52830910956,4024295.663476871
1628858894402287928,353717.9727479439,4024296.152283261
1628858894522527590,353717.1566111628,4024296.850656569
1628858894672027713,353716.20357921306,4024297.672800118
1628858894732132138,353715.79741908563,4024298.0193148744
1628858894864168495,353714.8567290411,4024298.8349331906
1628858894924167349,353714.45421481517,4024299.1804709747
1628858895074317667,353713.4459530484,4024300.042945043
1628858895128276800,353713.1158137426,4024300.3441097564
1628858895254202777,353712.23502568883,4024301.099604895
1628858895326303166,353711.75910377747,4024301.507874553
1628858895458160635,353710.88154608035,4024302.2413730845
1628858895524247908,353710.4055825994,4024302.647171587
1628858895656258908,353709.5193875459,4024303.3752007275
1628858895728268440,353709.04124523303,4024303.7784725833
1628858895866316776,353708.1025827166,4024304.598421531
1628858895926617173,353707.693265609,4024304.945905496
1628858896058257623,353706.80535430036,4024305.698805339
1628858896130246246,353706.3377521412,4024306.1298537795
1628858896268184825,353705.38161435106,4024306.945062464
1628858896334173342,353704.97019263194,4024307.2944131442
1628858896466040665,353704.10853953485,4024308.0696975305
1628858896532302415,353703.63049553626,4024308.4787664237
1628858896670216361,353702.68713106494,4024309.302152295
1628858896736072758,353702.2773880052,4024309.653305858
1628858896862183082,353701.37600934354,4024310.4110722337
1628858896940307712,353700.82724098966,4024310.8791046957
1628858897072159576,353699.93356169655,4024311.640983293
1628858897132187454,353699.527120022,4024312.0141456244
1628858897258304584,353698.6346823976,4024312.7917200564
1628858897336291921,353698.1506547558,4024313.2078788057
1628858897468229426,353697.19321994786,4024314.0510340994
1628858897528234122,353696.7824384065,4024314.40934662
1628858897660310256,353695.89173915423,4024315.1958642467
1628858897732271086,353695.40570040094,4024315.6158107813
1628858897876185035,353694.45262225985,4024316.4602967096
1628858897930605792,353694.0406699561,4024316.8215588313
1628858898062208891,353693.14929921983,4024317.6044259663
1628858898194168189,353692.26226230233,4024318.405378135
1628858898260703084,353691.77911836235,4024318.830464062
1628858898326619046,353691.36312424426,4024319.194541121
1628858898590176556,353689.55182525935,4024320.7751623546
1628858898674331875,353688.88533203653,4024321.3092388897
1628858898734334703,353688.4629765933,4024321.6725079115
1628858898866307358,353687.5225482958,4024322.4454612373
1628858898998205639,353686.6034453309,4024323.2306281324
1628858899070200523,353686.1083607429,4024323.6534134424
1628858899208328156,353685.0918955776,4024324.485176094
1628858899268498164,353684.6641397625,4024324.84670538
1628858899394074110,353683.8031660194,4024325.5679946085
1628858899478192153,353683.16134940984,4024326.110291736
1628858899598216518,353682.30557912495,4024326.8324698885
1628858899670337969,353681.8116880243,4024327.2680832976
1628858899796232458,353680.8846199753,4024328.0514016123
1628858899868247356,353680.38605930033,4024328.481570196
1628858900006335541,353679.3876621318,4024329.324167653
1628858900066366992,353678.95976930665,4024329.6847840254
1628858900198331229,353678.0389139651,4024330.4817613377
1628858900270269478,353677.53972382436,4024330.9035483394
1628858900408319147,353676.5356878437,4024331.74834704
1628858900462224491,353676.1797906618,4024332.049368132
1628858900594072901,353675.2547803032,4024332.831584258
1628858900678253449,353674.6008116843,4024333.3698756997
1628858900798260297,353673.74867984594,4024334.0905590365
1628858900858254767,353673.3072201164,4024334.4537850507
1628858900990517442,353672.3801201319,4024335.235121242
1628858901062330228,353671.88091148855,4024335.6557797547
1628858901200242863,353670.88772302814,4024336.503112182
1628858901272271969,353670.38852843165,4024336.9245945304
1628858901392291080,353669.5329505278,4024337.654430765
1628858901470340909,353668.9612041013,4024338.1386919306
1628858901602626406,353668.0389829,4024338.9341980815
1628858901662251773,353667.60933661263,4024339.299361284
1628858901794276379,353666.67540311406,4024340.091647269
1628858901872491151,353666.09105927823,4024340.5781048974
1628858902004337251,353665.1539182385,4024341.372001599
1628858902064516426,353664.7205208614,4024341.739120365
1628858902196281990,353663.7838376174,4024342.513111928
1628858902274596233,353663.2036784978,4024343.001574349
1628858902406495159,353662.25237381423,4024343.7988842824
1628858902454544866,353661.8880807642,4024344.1050831443
1628858902598521317,353660.864388739,4024344.967671718
1628858902664262639,353660.360757874,4024345.4083336843
1628858902808311594,353659.33585501893,4024346.27149221
1628858902874611855,353658.8976254215,4024346.6560574537
1628858903000513204,353657.9472952796,4024347.4604315725
1628858903126364451,353656.9996509714,4024348.2828880213
1628858903210235287,353656.41143098933,4024348.789156769
1628858903330277889,353655.526277354,4024349.5457999967
1628858903396469944,353654.99760272895,4024349.9961929102
1628858903480235920,353654.4095413274,4024350.500994277
1628858903606511417,353653.4416719307,4024351.325745651
1628858903738516270,353652.4723330829,4024352.150216767
1628858903798497096,353652.02466475114,4024352.5324392444
1628858903936296678,353650.97260881827,4024353.4285585643
1628858904014549600,353650.45031423424,4024353.8735950403
1628858904140488004,353649.47009609157,4024354.715248542
1628858904200500989,353649.0206684814,4024355.101712333
1628858904338798183,353647.9692849135,4024356.005083928
1628858904410317062,353647.42389309633,4024356.463083776
1628858904542267795,353646.4409471416,4024357.3058212986
1628858904596272128,353646.06188809546,4024357.6303366367
1628858904734491038,353644.99790255283,4024358.539231427
1628858904812290467,353644.3905887939,4024359.060532914
1628858904932576896,353643.47071038233,4024359.842696629
1628858905004276999,353642.9372759034,4024360.300311845
1628858905130546280,353641.9425248599,4024361.159606707
1628858905208257131,353641.4068734809,4024361.6196703487
1628858905340148047,353640.4081095693,4024362.476256024
1628858905406276367,353639.86441967334,4024362.944634219
1628858905544520971,353638.78568147676,4024363.876239936
1628858905616491105,353638.2384770574,4024364.349743517
1628858905736505214,353637.3084094449,4024365.153778068
1628858905802240410,353636.84133501083,4024365.5578440037
1628858905946276439,353635.6700816376,4024366.573623411
1628858906006488737,353635.19840484846,4024366.97984234
1628858906144300213,353634.0900922812,4024367.938406827
1628858906198500019,353633.6914992755,4024368.2808307316
1628858906330529455,353632.65475055866,4024369.172330038
1628858906414508703,353631.9321626164,4024369.7999186344
1628858906534500014,353630.9710498894,4024370.626939069
1628858906600171541,353630.48830189684,4024371.0425920547
1628858906738317541,353629.3558586441,4024372.01432098
1628858906810276342,353628.78420118394,4024372.5035884427
1628858906942340693,353627.7137542133,4024373.405545021
1628858906996573007,353627.22031568515,4024373.8278789604
1628858907140578246,353626.05553258024,4024374.8146197186
1628858907212298584,353625.4777521255,4024375.306340655
1628858907344145960,353624.3970532557,4024376.226476229
1628858907470605243,353623.3049585848,4024377.1585231563
1628858907542638298,353622.7138997966,4024377.6591049847
1628858907668573203,353621.6183850915,4024378.6090932884
1628858907740582698,353621.0244572846,4024379.1132637374
1628858907884171809,353619.8248330102,4024380.125892833
1628858907944485754,353619.3112836713,4024380.560895959
1628858908064588155,353618.28117586544,4024381.4334250493
1628858908136302099,353617.6625091046,4024381.943689712
1628858908280571315,353616.36343059735,4024383.0379854413
1628858908346194964,353615.84279634774,4024383.476312769
1628858908472580678,353614.6908000454,4024384.4393711537
1628858908544589126,353614.07993836247,4024384.9527697214
1628858908682804817,353612.84885759844,4024385.9929086566
1628858908742587970,353612.3234556626,4024386.4344295193
1628858908874585797,353611.18121739617,4024387.3933563544
1628858908934590828,353610.6539917277,4024387.8353048493
1628858909066585870,353609.5080143577,4024388.79327271
1628858909144582931,353608.8141076896,4024389.398604736
1628858909276576136,353607.6680069049,4024390.360084487
1628858909342247127,353607.13805810595,4024390.803406716
1628858909474592153,353605.9318421043,4024391.8737057075
1628858909534587590,353605.4028559185,4024392.3198041744
1628858909678326732,353604.17257128976,4024393.3635931415
1628858909738328413,353603.6417678236,4024393.8105006125
1628858909876889744,353602.427637481,4024394.8638895936
1628858909948593184,353601.8084129628,4024395.3880047123
1628858910080333154,353600.65499402455,4024396.364227047
1628858910146250991,353600.10325540503,4024396.807536187
1628858910290579043,353598.76264475065,4024397.9325197595
1628858910344212018,353598.31577950204,4024398.3078041677
1628858910476615697,353597.1261439406,4024399.297166077
1628858910542322714,353596.49448413256,4024399.825825104
1628858910668573673,353595.3232932638,4024400.7869215617
1628858910746346283,353594.69130230194,4024401.3140299167
1628858910872568150,353593.51060348144,4024402.3012272925
1628858910938582619,353592.8769670065,4024402.8284703903
1628858911082342322,353591.60872775374,4024403.883552889
1628858911142571927,353591.08705353545,4024404.357742516
1628858911274563958,353589.90948735597,4024405.342446107
1628858911400562329,353588.7253351672,4024406.3274899656
1628858911484345682,353587.9982151806,4024406.9321181686
1628858911544326258,353587.45459591877,4024407.3862774763
1628858911682576004,353586.17018322047,4024408.4558247128
1628858911802576566,353585.0799515595,4024409.363980532
1628858911880239561,353584.4598006732,4024409.9162500286
1628858911946382319,353583.8252222454,4024410.4490945046
1628858912072672704,353582.6437164184,4024411.4353458085
1628858912210349192,353581.4622307229,4024412.4263882386
1628858912276559379,353580.82840650604,4024412.956885606
1628858912420213778,353579.56112860166,4024414.0262746974
1628858912480347767,353579.0182029811,4024414.481290901
1628858912606569432,353577.8137662178,4024415.4594478086
1628858912684571942,353577.08664634376,4024416.063915445
1628858912816589863,353575.9028102882,4024417.0466504474
1628858912882381977,353575.33317769313,4024417.4841491156
1628858913008347916,353574.1392851179,4024418.468232963
1628858913086231393,353573.49464424234,4024419.0004568216
1628858913224492524,353572.23111046036,4024420.08392352
1628858913278658409,353571.67577176145,4024420.5449281796
1628858913410631481,353570.48988111014,4024421.5637528254
1628858913476554780,353569.83781308087,4024422.107843177
1628858913620560864,353568.5258644462,4024423.195838408
1628858913674526972,353568.0536150078,4024423.5885441247
1628858913812635660,353566.7199456941,4024424.693981187
1628858913884222509,353566.0340958884,4024425.23665682
1628858914022653861,353564.6790042147,4024426.3472673423
1628858914070658443,353564.19295887486,4024426.7440200555
1628858914202664138,353562.9046499621,4024427.762756435
1628858914292357115,353562.0182671622,4024428.4690996315
1628858914424632359,353560.72104621294,4024429.508534888
1628858914472681279,353560.2244004393,4024429.8971183565
1628858914610649660,353558.8274158365,4024431.013249699
1628858914694617344,353558.0228879304,4024431.630151755
1628858914820663345,353556.70029026736,4024432.6297079977
1628858914886749687,353556.0869158956,4024433.087369021
1628858915006649556,353554.85821727256,4024434.0073895464
1628858915078201607,353554.13907165657,4024434.536482623
1628858915228308599,353552.5991255801,4024435.671309043
1628858915276636320,353552.08555315953,4024436.045577107
1628858915408278131,353550.7474113526,4024437.0158556565
1628858915486627370,353549.9115728383,4024437.617141566
1628858915618608143,353548.53698473074,4024438.5847630575
1628858915684272757,353547.90948152007,4024439.0322625088
1628858915804644941,353546.5520953684,4024440.001297052
1628858915888646208,353545.6962502501,4024440.595076356
1628858916026670915,353544.23178154486,4024441.6424605767
1628858916080264395,353543.7071176289,4024442.0166742904
1628858916212529272,353542.3244261993,4024442.9884544364
1628858916290633632,353541.4802172207,4024443.5881469105
1628858916428683180,353539.9986296813,4024444.6409862037
1628858916554529367,353538.7360166863,4024445.53903896
1628858916608658154,353538.083727075,4024445.9856704012
1628858916746635629,353536.61669550487,4024447.030501468
1628858916824292723,353535.8833254118,4024447.5512590534
1628858916950670324,353534.4989358266,4024448.5079972474
1628858917010724846,353533.86507056234,4024448.9516265057
1628858917148770754,353532.3832937289,4024449.98683111
1628858917226273367,353531.639492966,4024450.5045494693
1628858917346315509,353530.36137995747,4024451.3907097583
1628858917418323005,353529.61882564856,4024451.9176159916
1628858917556350632,353528.1243691732,4024452.952562549
1628858917622642710,353527.3635743372,4024453.472761858
1628858917748642858,353526.0759057862,4024454.348502203
1628858917814654847,353525.3223076566,4024454.855041666
1628858917952643116,353523.8085747322,4024455.8752083657
1628858918024630341,353523.0464763569,4024456.3739913497
1628858918156626153,353521.6192325596,4024457.309578283
1628858918210312536,353521.0700864357,4024457.66023153
1628858918354642486,353519.40604735486,4024458.7108735847
1628858918426606842,353518.63524337584,4024459.1956018377
1628858918558348584,353517.19387368165,4024460.090263507
1628858918612717738,353516.53264323715,4024460.5092708203
1628858918756630771,353514.9705248644,4024461.459115829
1628858918816754425,353514.29920186615,4024461.860341743
1628858918948619454,353512.8273177681,4024462.730758348
1628858919014657292,353512.03724145365,4024463.1883239304
1628858919146613829,353510.54778154404,4024464.019566938
1628858919224902978,353509.6366818665,4024464.5296119764
1628858919350301433,353508.26433998847,4024465.288071518
1628858919416660470,353507.46547168685,4024465.7215053667
1628858919554314177,353505.96733787225,4024466.532422132
1628858919626738176,353505.04465211724,4024467.0146175795
1628858919752326896,353503.6529264549,4024467.746992248
1628858919812748696,353502.9551530557,4024468.1089203865
1628858919956692996,353501.1939042409,4024469.0114616198
1628858920010690042,353500.60728471266,4024469.3084239187
1628858920160728563,353498.84354938753,4024470.184789062
1628858920220701783,353498.25310127914,4024470.4768570773
1628858920352842960,353496.5792471281,4024471.2836149633
1628858920430730742,353495.62589635316,4024471.741224912
1628858920550725742,353494.18936742394,4024472.4209330054
1628858920622694943,353493.3518213974,4024472.813399312
1628858920754711339,353491.78503659763,4024473.5324184685
1628858920820818478,353490.93788836163,4024473.9137747614
1628858920952718936,353489.3467371258,4024474.608952094
1628858921012706180,353488.61508972733,4024474.9279545355
1628858921150732469,353486.8773249631,4024475.649783741
1628858921282743253,353485.2761940048,4024476.323226339
1628858921354693342,353484.40669705364,4024476.674622447
1628858921492322723,353482.79846941354,4024477.329905284
1628858921552852447,353482.0546212884,4024477.6289383974
1628858921684739505,353480.28413348005,4024478.3001092714
1628858921756695928,353479.4100233909,4024478.6403533057
1628858921894845985,353477.65485977766,4024479.3122118223
1628858921954732605,353476.9032446457,4024479.5981166675
1628858922080343086,353475.3968890264,4024480.1651117867
1628858922158688529,353474.3713492309,4024480.53142942
1628858922296710167,353472.60520903324,4024481.1853125906
1628858922350332690,353471.97374164977,4024481.4174825996
1628858922488698135,353470.1863426367,4024482.038194115
1628858922554740281,353469.2988538354,4024482.3551131953
1628858922686810120,353467.62337815296,4024482.908099184
1628858922758701824,353466.7317542286,4024483.2182371714
1628858922884677397,353465.1734476958,4024483.731752293
1628858922956378434,353464.2775313179,4024484.037538008
1628858923089012136,353462.4824910594,4024484.6407867954
1628858923160686883,353461.5601387962,4024484.928502916
1628858923286686789,353460.01026799413,4024485.428753764
1628858923352705854,353459.1043106054,4024485.7168720784
1628858923502834931,353457.14675140753,4024486.3184132245
1628858923556613316,353456.49655088334,4024486.5187657713
1628858923688691314,353454.6368523722,4024487.0520407334
1628858923760711472,353453.7202504636,4024487.3260572073
1628858923904705180,353451.8645517201,4024487.8549163877
1628858923952731758,353451.2074655815,4024488.047351912
1628858924084702334,353449.49493471795,4024488.543388361
1628858924150778042,353448.555867534,4024488.7999779773
1628858924300737435,353446.5683686463,4024489.356189896
1628858924354750401,353445.88738063816,4024489.5202362956
1628858924480975052,353444.1589203932,4024489.983789843
1628858924552704370,353443.22706623597,4024490.229271715
1628858924696711423,353441.3401762006,4024490.696541445
1628858924756714717,353440.5360805808,4024490.8975968715
1628858924894715813,353438.64136766986,4024491.3209088305
1628858925020386563,353437.02548744215,4024491.696912556
1628858925098422545,353435.9453858849,4024491.9409720544
1628858925158767382,353435.12830146647,4024492.1020861194
1628858925290430513,353433.36941673514,4024492.479920469
1628858925416724021,353431.5883013491,4024492.8569255336
1628858925494711196,353430.4989095506,4024493.0848615197
1628858925560375494,353429.6803421484,4024493.254820825
1628858925686687353,353427.88160171255,4024493.6091752206
1628858925818843268,353426.0978371865,4024493.9612321304
1628858925890842586,353425.1233097893,4024494.1275646565
1628858926016746771,353423.33406364836,4024494.4658520967
1628858926082672786,353422.5061938539,4024494.621679389
1628858926220950885,353420.5624064282,4024494.968050374
1628858926298821407,353419.4539688389,4024495.1750312177
1628858926436680977,353417.6365485716,4024495.4867421286
1628858926490781135,353416.80234666937,4024495.6371609317
1628858926622809502,353414.9675945223,4024495.9354476724
1628858926706673986,353413.8501185336,4024496.1303749285
1628858926838559912,353412.0300290547,4024496.443032435
1628858926880833450,353411.3116099839,4024496.5437643724
1628858927018807261,353409.34134021203,4024496.876059172
1628858927102858032,353408.197364142,4024497.0441599134
1628858927234760721,353406.36090393586,4024497.350595121
1628858927294769917,353405.5121571602,4024497.4917775374
1628858927420777649,353403.64944628184,4024497.7753110393
1628858927492760514,353402.65678725997,4024497.9368409645
1628858927631122320,353400.6482950329,4024498.22853921
1628858927690797704,353399.79832144105,4024498.3639369207
1628858927822877560,353397.9623121099,4024498.654596229
1628858927900740300,353396.95467834384,4024498.787792453
1628858928032820120,353394.9906756376,4024499.091809018
1628858928092691733,353394.2908798049,4024499.1992847305
1628858928218568426,353392.43714048015,4024499.46831034
1628858928302782946,353391.1842952174,4024499.6581595056
1628858928428778653,353389.46210385073,4024499.8939171075
1628858928494666059,353388.6259116246,4024500.0186305395
1628858928626791353,353386.6436189419,4024500.2976666573
1628858928698797415,353385.6716440973,4024500.4425293813
1628858928842946021,353383.73591045244,4024500.7308497354
1628858928896768211,353382.8835980802,4024500.8425152972
1628858929028805206,353381.0907222361,4024501.1094841636
1628858929106799004,353379.9659439662,4024501.2505990868
1628858929238749797,353378.17016142944,4024501.513505441
1628858929418777450,353375.67312073184,4024501.8578442885
1628858929556830177,353373.754127774,4024502.1426336467
1628858929634550011,353372.7696998973,4024502.2630042597
1628858929760828162,353371.00056998816,4024502.522020497
1628858929820904568,353370.1854447844,4024502.6391772423
1628858929904633282,353369.0770042463,4024502.784526303
1628858930030780394,353367.3094435299,4024503.0397783318
1628858930162787125,353365.53611150384,4024503.26865412
1628858930222786419,353364.72558560263,4024503.3861837387
1628858930360757673,353362.80268626567,4024503.671835084
1628858930432789024,353361.8574688593,4024503.810869205
1628858930564785933,353360.10091626935,4024504.0682940455
1628858930624817029,353359.2913426183,4024504.1816729093
1628858930762833882,353357.40966978617,4024504.461737715
1628858930834709335,353356.6062098555,4024504.5820325273
1628858930960767419,353354.71206948673,4024504.8530008593
1628858931026772728,353353.9054955278,4024504.9732188955
1628858931164841150,353352.0116619138,4024505.2523919307
1628858931236780749,353351.0705394908,4024505.3935476365
1628858931362792230,353349.3189138022,4024505.6255844478
1628858931428743654,353348.51737730304,4024505.745015876
1628858931566829219,353346.653404939,4024506.020556936
1628858931633677101,353345.68526694446,4024506.163963112
1628858931759442837,353344.09273136564,4024506.40063431
1628858931831654589,353343.1661388421,4024506.5374786127
1628858931957558275,353341.4265226284,4024506.783977714
1628858932035704197,353340.3741399647,4024506.9399408866
1628858932168787265,353338.64086734,4024507.1798787294
1628858932222779615,353337.98674642283,4024507.276790208
1628858932366858053,353336.00997084996,4024507.5507779475
1628858932438800574,353335.1002686905,4024507.6857428513
1628858932570936334,353333.41617242235,4024507.933631395
1628858932630751056,353332.6161270887,4024508.032950727
1628858932768949876,353330.80935845047,4024508.29664033
1628858932840878118,353329.90729440283,4024508.4258002606
1628858932960833919,353328.3475253034,4024508.642037726
1628858933020773030,353327.57660508435,4024508.7492419714
1628858933165129462,353325.7609904579,4024508.992414086
1628858933242828403,353324.73280719056,4024509.130254198
1628858933362885195,353323.1799053835,4024509.329393258
1628858933422832887,353322.4088987401,4024509.429679513
1628858933572703161,353320.4836321387,4024509.6726859678
1628858933639679183,353319.5615999702,4024509.7769084075
1628858933765724677,353318.0197809149,4024509.9636995485
1628858933903598822,353316.20671622315,4024510.1663639033
1628858933963614913,353315.43527388293,4024510.2553207804
1628858934041681248,353314.4080405837,4024510.36992962
1628858934173720990,353312.7209973505,4024510.542790591
1628858934293698203,353311.18739004806,4024510.6990558985
1628858934365492351,353310.2680933622,4024510.7863795804
1628858934497500499,353308.60705558764,4024510.946876535
1628858934563733612,353307.7150671823,4024511.032105757
1628858934707588742,353305.9160510269,4024511.184866819
1628858934767611873,353305.1569354293,4024511.2556410567
1628858934905747740,353303.3780676974,4024511.407001255
1628858934965619521,353302.62462732906,4024511.4759096582
1628858935109480068,353300.86532259727,4024511.6237350022
1628858935169524904,353300.1171608432,4024511.690784278
1628858935295646075,353298.5010083942,4024511.834684968
1628858935367605343,353297.61509421386,4024511.8929262473
1628858935505716272,353295.8883443427,4024512.0421167663
1628858935565788689,353295.15058946004,4024512.1055800137
1628858935697743320,353293.5394912199,4024512.2271409845
1628858935775500488,353292.6831440695,4024512.2995462925
1628858935901557988,353291.06730462983,4024512.4204555224
1628858935973635431,353290.2163294208,4024512.491106957
1628858936099776318,353288.6412224183,4024512.622336711
1628858936171642880,353287.80216101324,4024512.6702493653
1628858936309621887,353286.12057677173,4024512.80859143
1628858936369781732,353285.3796862386,4024512.888733167
1628858936501732589,353283.8254360889,4024513.024356393
1628858936573513404,353282.9919297407,4024513.0975663527
1628858936711618884,353281.3136984636,4024513.2266514897
1628858936771623345,353280.6047439532,4024513.2914291737
1628858936891621195,353279.1757646104,4024513.3943773876
1628858936975525857,353278.2351676556,4024513.4835374313
1628858937113633850,353276.5755681884,4024513.6406211182
1628858937173639216,353275.87573261023,4024513.710463425
1628858937293632139,353274.4829146437,4024513.847560284
1628858937371747669,353273.5497487333,4024513.93581688
1628858937509501178,353272.04856609344,4024514.082102798
1628858937569727685,353271.35649981495,4024514.1475872686
1628858937701711969,353269.74554223113,4024514.2936637644
1628858937767623477,353269.0594315106,4024514.359421475
1628858937917651393,353267.3338827308,4024514.511023562
1628858937971564816,353266.7653995466,4024514.5613247543
1628858938109784568,353265.16272998386,4024514.68680726
1628858938235631850,353263.69561067,4024514.7973615923
1628858938313755970,353262.7951744674,4024514.859445702
1628858938367626586,353262.22594263643,4024514.901573454
1628858938493996565,353260.7685888532,4024514.9922866332
1628858938637759052,353259.191880648,4024515.081167219
1628858938697785501,353258.5246231591,4024515.1140746647
1628858938829671117,353257.0850324065,4024515.176045199
1628858938895696307,353256.305515039,4024515.19715793
1628858939033895995,353254.7655278397,4024515.2450656015
1628858939105737984,353253.99271095626,4024515.2635855586
1628858939249653117,353252.4649362092,4024515.2937849592
1628858939303543887,353251.92154691514,4024515.3013112666
1628858939429643208,353250.4968017946,4024515.324449443
1628858939507757640,353249.6333762002,4024515.328412876
1628858939639761716,353248.2328356302,4024515.272466742
1628858939699750914,353247.5899153716,4024515.2647787267
1628858939831694018,353246.2031367076,4024515.24120067
1628858939921793378,353245.243861703,4024515.2311007367
1628858940053656401,353243.8738001148,4024515.196322335
1628858940101754039,353243.3623672942,4024515.180686914
1628858940233561739,353242.01276369975,4024515.1357586645
1628858940299724084,353241.2923576958,4024515.1081346422
1628858940443648376,353239.8492198684,4024515.0597163728
1628858940503755429,353239.2453137761,4024515.0347592444
1628858940635683600,353237.9189250743,4024514.965871264
1628858940719754118,353237.1299282145,4024514.93357973
1628858940845581294,353235.86538076727,4024514.87987312
1628858940905560839,353235.2631324923,4024514.841078881
1628858941031787015,353234.03121182404,4024514.785782643
1628858941115678387,353233.2531917238,4024514.729494099
1628858941247577122,353232.05145381356,4024514.6706506894
1628858941295681093,353231.59543865954,4024514.6476843692
1628858941433816628,353230.3145701763,4024514.558274305
1628858941517667339,353229.60894522665,4024514.520467477
1628858941643727319,353228.45904772263,4024514.441276612
1628858941703703840,353227.948612704,4024514.41067909
1628858941835752017,353226.86198716523,4024514.346454476
1628858941909005007,353226.272010649,4024514.3024787065
1628858942046762103,353225.1440690119,4024514.236725925
1628858942106844553,353224.67139211704,4024514.1957847243
1628858942238731491,353223.66716286936,4024514.133308983
1628858942316999403,353223.06334164133,4024514.097151489
1628858942448932980,353222.0872968549,4024514.062710099
1628858942508947786,353221.65126181964,4024514.0428316826
1628858942628741021,353220.77252783766,4024513.9934067586
1628858942712725570,353220.21293761046,4024513.9741323562
1628858942844606120,353219.32891538576,4024513.9440233475
1628858942971861985,353218.46998738404,4024513.9270547847
1628858943043683532,353218.01818813314,4024513.9313999405
1628858943175706522,353217.1991913344,4024513.926092328
1628858943241840439,353216.7706213483,4024513.939771852
1628858943373811150,353215.9743005532,4024513.968802142
1628858943433809139,353215.6266812511,4024513.9979799925
1628858943577571197,353214.8451230469,4024514.0896348576
1628858943643718283,353214.46004888654,4024514.1290447237
1628858943775834060,353213.7867217923,4024514.2558931275
1628858943830143298,353213.488347039,4024514.3240936687
1628858943973735553,353212.8184696359,4024514.5068916283
1628858944045830249,353212.49757132796,4024514.6074409774
1628858944177603014,353211.9284971936,4024514.819309649
1628858944237630172,353211.67189297685,4024514.9284980837
1628858944375846114,353211.11641914933,4024515.2118458725
1628858944453765808,353210.80392730294,4024515.390737243
1628858944585629937,353210.3561621524,4024515.67841852
1628858944640803531,353210.1572905646,4024515.8394941133
1628858944778712177,353209.68265363807,4024516.2289496395
1628858944845498746,353209.45866136224,4024516.4384093555
1628858944976950723,353209.0728412374,4024516.8375154836
1628858945036935433,353208.9017727203,4024517.0347341783
1628858945181608508,353208.5362401013,4024517.5091506056
1628858945247830584,353208.35934054013,4024517.7567080474
1628858945379866230,353208.05894814024,4024518.246478385
1628858945439849734,353207.9223102592,4024518.4765464747
1628858945583707614,353207.62528118,4024519.0333839008
1628858945649727393,353207.51110097585,4024519.320941249
1628858945781732815,353207.2816133228,4024519.8673272207
1628858945836008918,353207.18233681936,4024520.124900226
1628858945979767833,353206.9644319251,4024520.7641924396
1628858946057718211,353206.8577095194,4024521.084872731
1628858946183613150,353206.6807766635,4024521.7143845726
1628858946238758092,353206.6016022601,4024522.005675166
1628858946382738160,353206.43377934035,4024522.717224981
1628858946442762470,353206.35888460383,4024523.021558165
1628858946586641222,353206.1907509585,4024523.747197235
1628858946634803434,353206.1603048921,4024523.992946539
1628858946784739571,353206.00963812706,4024524.8003371307
1628858946851229067,353205.95625795145,4024525.2091959147
1628858946976750514,353205.8387711127,4024525.8818377526
1628858947042991039,353205.77475729096,4024526.280881982
1628858947174804867,353205.67267090036,4024527.0772494813
1628858947306779710,353205.57372938347,4024527.852079171
1628858947384981343,353205.5118146909,4024528.376905335
1628858947444933276,353205.4573101717,4024528.7481928
1628858947576852708,353205.3385189277,4024529.565488466
1628858947654734510,353205.3153966309,4024530.103207768
1628858947774757150,353205.2336107801,4024530.885529056
1628858947924962185,353205.13745387585,4024531.9023258085
1628858947984780423,353205.0983905905,4024532.307821756
1628858948110753417,353205.0338125454,4024533.1583948005
1628858948176738509,353204.9966137018,4024533.6487751077
1628858948314959206,353204.92676322005,4024534.6457628957
1628858948375049528,353204.90663350665,4024535.1132938825
1628858948506901073,353204.8520610594,4024536.0663595824
1628858948584655020,353204.827672547,4024536.585164004
1628858948728949090,353204.7814704896,4024537.7712520086
1628858948776897377,353204.7627903535,4024538.151362956
1628858948920806553,353204.7403608712,4024539.2599145966
1628858948986638080,353204.72555587976,4024539.726508565
1628858949130772944,353204.6965037023,4024540.9521930427
1628858949178754155,353204.68455067324,4024541.351111164
1628858949317922474,353204.65277658094,4024542.479115938
1628858949383753446,353204.645087177,4024542.9928692165
1628858949515776721,353204.6252188346,4024544.056218713
1628858949581932961,353204.6176455817,4024544.6327071018
1628858949713665983,353204.6144436259,4024545.7629747298
1628858949779878806,353204.60886619793,4024546.3491950408
1628858949911887393,353204.62313612696,4024547.4876126666
1628858949983775300,353204.61825821374,4024548.0809012786
1628858950115653254,353204.6355250074,4024549.2250894485
1628858950175706787,353204.6333451773,4024549.7380093914
1628858950325663358,353204.62942794943,4024551.024296404
1628858950385671009,353204.6472736212,4024551.5844393657
1628858950517820481,353204.6494785919,4024552.707809979
1628858950583787613,353204.6508470018,4024553.3131389427
1628858950727668324,353204.6843255948,4024554.571296219
1628858950782185820,353204.68975754164,4024555.0921897786
1628858950913834885,353204.7103172436,4024556.2506198203
1628858950985766492,353204.71714480466,4024556.861151205
1628858951117680400,353204.7236793319,4024558.0203375192
1628858951189680057,353204.72870763356,4024558.6327456976
1628858951321682376,353204.7400016686,4024559.768428978
1628858951387781220,353204.7318283796,4024560.405001936
1628858951519687363,353204.7395226088,4024561.5443625324
1628858951579660386,353204.7435360707,4024562.0715973107
1628858951723695922,353204.7568698827,4024563.306123906
1628858951843710368,353204.7656470394,4024564.3508303077
1628858951927828861,353204.78781648783,4024565.171751427
1628858951987831688,353204.79249918065,4024565.693451145
1628858952107895131,353204.8164099399,4024566.7650164333
1628858952246104623,353204.8324039923,4024567.9836287107
1628858952329802371,353204.8458915299,4024568.6810995233
1628858952461923131,353204.8621420312,4024569.82834146
1628858952516089450,353204.8730192312,4024570.35181315
1628858952647908480,353204.928869734,4024571.505586823
1628858952863762586,353205.0296896761,4024573.361532098
1628858952911838335,353205.04963262903,4024573.7932051783
1628858953043679315,353205.10508910625,4024574.9164981944
1628858953121898212,353205.1568062588,4024575.6242776443
1628858953259844441,353205.2290941508,4024576.835055032
1628858953313802439,353205.25644731615,4024577.266404284
1628858953451942302,353205.3371289258,4024578.4916881295
1628858953529841548,353205.3877351843,4024579.178917358
1628858953661856095,353205.46707258705,4024580.3157984824
1628858953710087421,353205.50190788537,4024580.7438624566
1628858953847848935,353205.59750834364,4024581.853551481
1628858953931910189,353205.66588740225,4024582.6406088783
1628858954063869184,353205.7687207726,4024583.7449111133
1628858954111856097,353205.7892923078,4024584.186674967
1628858954249699834,353205.889344538,4024585.287133268
1628858954322008021,353205.95083782915,4024585.963100191
1628858954453922719,353206.0478046104,4024587.074185171
1628858954519613132,353206.0944398866,4024587.5791527205
1628858954651868117,353206.25560616737,4024588.7888525557
1628858954729739189,353206.31438106747,4024589.3763637305
1628858954861695029,353206.4497498924,4024590.491727155
1628858954915939414,353206.5012828334,4024590.993971991
1628858955047917395,353206.61039180413,4024592.0814136844
1628858955125887983,353206.67080893286,4024592.7587111043
1628858955257853982,353206.77459861373,4024593.842000882
1628858955317824039,353206.8204076184,4024594.3414281765
1628858955449968315,353206.93743531714,4024595.442362026
1628858955515733080,353206.9818590315,4024595.941080349
1628858955665845567,353207.12516042707,4024597.204137969
1628858955719849719,353207.16719439696,4024597.7023016554
1628858955851745525,353207.24994725606,4024598.777768835
1628858955917967452,353207.32273265754,4024599.381690295
1628858956061844450,353207.4093641637,4024600.5330354897
1628858956181845909,353207.50442214846,4024601.5548270517
1628858956253709889,353207.54108859424,4024602.1307037855
1628858956337769971,353207.57872368593,4024602.7872228087
1628858956589768917,353207.7078564628,4024604.8518581716
1628858956649891320,353207.8384195098,4024605.4472787427
1628858956733957609,353207.870812678,4024606.097004745
1628858956860227925,353207.87475421786,4024607.153511932
1628858956991900804,353207.9105796289,4024608.1970127462
1628858957051898376,353207.92664291186,4024608.677122334
1628858957195778112,353207.9457260964,4024609.7988186995
1628858957261940607,353207.9592357034,4024610.353404574
1628858957381902740,353207.94597560645,4024611.296951252
1628858957453964949,353207.9584682042,4024611.8455423284
1628858957585841774,353207.98208301177,4024612.8599832663
1628858957657740369,353207.94545879273,4024613.3842744976
1628858957783981946,353207.9604009494,4024614.3839543043
1628858957849761108,353207.966332469,4024614.8424304323
1628858958000053432,353207.97797638894,4024615.987965138
1628858958066000821,353207.9859771183,4024616.516383675
1628858958185997380,353207.96830845415,4024617.4392681196
1628858958257963681,353207.9729292755,4024617.9645242514
1628858958395914809,353208.02184272534,4024619.0132051446
1628858958467883791,353208.02846741537,4024619.5306452946
1628858958593794919,353208.0401237498,4024620.411956204
1628858958648004354,353208.0822594833,4024620.881889166
1628858958797898491,353208.1033534254,4024621.974544284
1628858958869795637,353208.1478000741,4024622.442179801
1628858958989896279,353208.17460661056,4024623.3855821798
1628858959049871506,353208.18694792944,4024623.818894628
1628858959193888225,353208.1918592254,4024624.8245274173
1628858959265913042,353208.203930836,4024625.393313195
1628858959391890240,353208.2008795133,4024626.233262032
1628858959451871548,353208.2082494841,4024626.6541310735
1628858959595758788,353208.2248865556,4024627.6331521296
1628858959667907997,353208.2766904731,4024628.2271138187
1628858959788004685,353208.29235586675,4024629.062229119
1628858959848258147,353208.29957364924,4024629.4777143374
1628858959991969699,353208.2866464626,4024630.4192870026
1628858960064001015,353208.2959408456,4024630.896138989
1628858960189921753,353208.2734146824,4024631.7772504576
1628858960261929873,353208.27593501774,4024632.2487391853
1628858960393898866,353208.2965774737,4024633.125472872
1628858960471982789,353208.30139626586,4024633.657012343
1628858960604045339,353208.30963092484,4024634.516469381
1628858960723921996,353208.30479696835,4024635.2979914574
1628858960795903407,353208.3042747699,4024635.753799745
1628858960867735135,353208.2904090322,4024636.210963117
1628858960993990891,353208.2842322665,4024637.048355608
1628858961131944901,353208.28876351286,4024637.9540336123
1628858961197806906,353208.2844021779,4024638.336297832
1628858961329786094,353208.2730384866,4024639.1593279443
1628858961395983756,353208.2894169771,4024639.609387387
1628858961533944545,353208.2822144975,4024640.481724938
1628858961593793675,353208.27921877283,4024640.791440352
1628858961725964884,353208.2767015048,4024641.657518712
1628858961797917096,353208.2727279377,4024642.087918287
1628858961929988380,353208.2531612405,4024642.891479569
1628858961995934757,353208.2508928508,4024643.318050803
1628858962127946296,353208.2510494767,4024644.1095440276
1628858962187962688,353208.250148891,4024644.4709059605
1628858962331791517,353208.24248018285,4024645.304890467
1628858962398028880,353208.24403763434,4024645.723111327
1628858962530045270,353208.24037745746,4024646.480229777
1628858962595934095,353208.2398259246,4024646.8261590246
1628858962740028622,353208.2048236771,4024647.671531721
1628858962800008392,353208.19918723474,4024648.009124134
1628858962937872441,353208.17103318416,4024648.7290593022
1628858962998038622,353208.16597678675,4024649.059454941
1628858963141927680,353208.1449842426,4024649.865313955
1628858963190008815,353208.14493255864,4024650.132620741
1628858963339833632,353208.1442315156,4024650.871653042
1628858963399946233,353208.1384365808,4024651.225117427
1628858963537937625,353208.13930976065,4024651.893108021
1628858963592210217,353208.1417505826,4024652.1976806875
1628858963730062822,353208.13120402704,4024652.8851214023
1628858963790029310,353208.13416778017,4024653.1809265916
1628858963933971447,353208.14792852127,4024653.87109909
1628858963993970175,353208.1522619128,4024654.159480508
1628858964131856301,353208.1513128787,4024654.7829306265
1628858964192067372,353208.1558032966,4024655.1112267436
1628858964341807401,353208.1633346424,4024655.757909957
1628858964401820068,353208.14519812504,4024656.0349224485
1628858964534016554,353208.1473587842,4024656.663599507
1628858964599797071,353208.1474232356,4024656.928752822
1628858964743979477,353208.160983564,4024657.5620281734
1628858964798055335,353208.162300018,4024657.774959492
1628858964923991110,353208.1586948194,4024658.31723131
1628858965056076347,353208.1587115141,4024658.848119678
1628858965134083743,353208.17278003576,4024659.1581412773
1628858965200025412,353208.17409117694,4024659.394189966
1628858965326110061,353208.17661317927,4024659.894609614
1628858965457972071,353208.1695298051,4024660.3612255184
1628858965541828448,353208.16955996427,4024660.651388798
1628858965668063003,353208.11732229264,4024661.0898077847
1628858965728052407,353208.1134920224,4024661.296158096
1628858965853818538,353208.1056628232,4024661.698897494
1628858965938054853,353208.04986184696,4024661.9755253536
1628858966070092480,353208.033834075,4024662.3860940663
1628858966130083523,353208.01963498094,4024662.556807232
1628858966262034894,353208.00349665945,4024662.9464273076
1628858966345968213,353207.99279485975,4024663.179505537
1628858966471961300,353208.0093960791,4024663.520154704
1628858966532041364,353208.00393357687,4024663.6841738657
1628858966664055376,353208.03307279444,4024664.001127255
1628858966735863441,353208.02968305815,4024664.179424197
1628858966873967486,353208.05300931365,4024664.502716908
1628858966933971484,353208.0526524207,4024664.6438527857
1628858967066032679,353208.0516824755,4024664.9380308413
1628858967144018751,353208.0625441241,4024665.1217322904
1628858967281864656,353208.0645170598,4024665.393262046
1628858967336076843,353208.06562648667,4024665.5128580052
1628858967467916058,353208.05737999047,4024665.766585771
1628858967546021794,353208.05739146296,4024665.9114538496
1628858967672016646,353208.07284384273,4024666.139191134
1628858967732026315,353208.0744870334,4024666.2362406193
1628858967857992799,353208.0934171851,4024666.4134424836
1628858967948107901,353208.09722722357,4024666.541140988
1628858968079984671,353208.1033225744,4024666.7118920116
1628858968128065361,353208.1087326347,4024666.755654575
1628858968266018708,353208.116768301,4024666.9148369967
1628858968337965364,353208.1201353644,4024666.9875345603
1628858968475914488,353208.07824758644,4024667.1072023935
1628858968536121913,353208.0783987148,4024667.1593853715
1628858968668050810,353208.0769871666,4024667.2436385592
1628858968746134927,353208.07711324154,4024667.294341846
1628858968878132794,353208.07583942806,4024667.3524846747
1628858968938107571,353208.07623330835,4024667.375747872
1628858969058033176,353208.07614510297,4024667.408388214
1628858969148112665,353208.06103325903,4024667.4044326153
1628858969280074318,353208.0593531887,4024667.422359786
1628858969333874938,353208.0587389965,4024667.4311440685
1628858969460120457,353208.0546336387,4024667.412170436
1628858969550036640,353208.05485782766,4024667.42541139
1628858969682004836,353208.05155188334,4024667.406790436
1628858969802120760,353208.0536499577,4024667.4225631617
1628858969867986574,353208.05469460296,4024667.4301901986
1628858970000545853,353208.04201438744,4024667.3950194363
1628858970077895522,353208.0431994371,4024667.401926927
1628858970204018901,353208.03579454287,4024667.3827344985
1628858970269896841,353208.03771027003,4024667.387737509
1628858970402027385,353208.0287371811,4024667.360636989
1628858970474023359,353208.03094507684,4024667.364872106
1628858970606006045,353208.0204238784,4024667.334654459
1628858970666022566,353208.02229698893,4024667.3371404675
1628858970809860531,353208.0266585389,4024667.3424072443
1628858970876140371,353208.0206433028,4024667.324183118
1628858971008017908,353208.0266879734,4024667.3297265754
1628858971068015004,353208.0294802041,4024667.3324259077
1628858971206123946,353207.9935589171,4024667.2980148657
1628858971278124049,353207.9946538239,4024667.2995985164
1628858971404080512,353207.9886409124,4024667.2815116784
1628858971464299246,353207.99049465184,4024667.2828535973
1628858971608023950,353207.97740724985,4024667.2614838
1628858971680160526,353207.9795699463,4024667.263049372
1628858971800156146,353207.98327742505,4024667.2657332052
1628858971866136038,353207.964514583,4024667.237196253
1628858972003909899,353207.96851422824,4024667.239112193
1628858972081903346,353207.97097555024,4024667.240291234
1628858972208127167,353207.96604914643,4024667.2160824304
1628858972262162737,353207.9683501787,4024667.216806417
1628858972412032356,353207.929587594,4024667.191217368
1628858972478154069,353207.93067346106,4024667.1922671073
1628858972604167694,353207.93253495125,4024667.194066661
1628858972670132547,353207.8986303134,4024667.1742242686
1628858972808066080,353207.89868455275,4024667.1774277277
1628858972874014468,353207.8705615015,4024667.156602426
1628858973012165810,353207.86938608356,4024667.161077936
1628858973072170961,353207.869424826,4024667.163366119
1628858973204140304,353207.8534363926,4024667.1364759337
1628858973282082935,353207.8534777178,4024667.138916662
1628858973402062209,353207.83691711916,4024667.1124786735
1628858973467934598,353207.83786336123,4024667.1142937243
1628858973606178646,353207.81801810046,4024667.079503679
1628858973672089057,353207.8191130074,4024667.0810873294
1628858973804094746,353207.82114640786,4024667.0840283926
1628858973864098984,353207.8220849015,4024667.085385804
1628858974014185625,353207.7941700743,4024667.058834882
1628858974079955362,353207.7951093404,4024667.0602380587
1628858974206106915,353207.7646469572,4024667.025612519
1628858974344275383,353207.7653069712,4024667.0285463175
1628858974416172976,353207.74087724125,4024666.9915450555
1628858974536159197,353207.7427258151,4024666.992581882
1628858974614643425,353207.714355328,4024666.957142718
1628858974746086645,353207.71635515185,4024666.9581006886
1628858974818167822,353207.717431979,4024666.958616518
1628858974938181009,353207.6883914351,4024666.9178480743
1628858975010165511,353207.6894592247,4024666.9178299946
1628858975154045366,353207.6536263868,4024666.8814337966
1628858975208218272,353207.6536263868,4024666.8814337966
1628858975340036480,353207.6536263868,4024666.8814337966
1628858975406173766,353207.62962053856,4024666.837024779
1628858975550108530,353207.6317380333,4024666.8359208014
1628858975610079639,353207.598054587,4024666.793094719
1628858975742071483,353207.60000404576,4024666.791078051
1628858975808480011,353207.6010537555,4024666.789992153
1628858975940193632,353207.56937123707,4024666.7590036388
1628858976012204563,353207.5704390244,4024666.758985559
1628858976144069401,353207.5458178547,4024666.728701468
1628858976204055496,353207.54766384803,4024666.729585748
1628858976354222915,353207.52113427385,4024666.689324112
1628858976414202589,353207.5229725164,4024666.6897507557
1628858976540117187,353207.5269561508,4024666.690720914
1628858976600169298,353207.48782125476,4024666.6503522685
1628858976756226216,353207.49241892656,4024666.651540913
1628858976816229479,353207.4942649177,4024666.6524251928
1628858976942159001,353207.44802473387,4024666.610559405
1628858977014124087,353207.449101561,4024666.611075234
1628858977146084107,353207.4114881408,4024666.5740530514
1628858977218199540,353207.4125740079,4024666.5751027893
1628858977349949401,353207.41459062026,4024666.5770523073
1628858977416117149,353207.3761025954,4024666.5370389232
1628858977541971364,353207.3779640835,4024666.5388384755
1628858977608075163,353207.3479546696,4024666.5039306073
1628858977746215971,353207.35229814285,4024666.508129566
1628858977866207781,353207.3109560631,4024666.4671726758
1628858977956119326,353207.3137366715,4024666.4691855516
1628858978016215704,353207.3155942855,4024666.4707562863
1628858978142207271,353207.2715380669,4024666.426305279
1628858978268232592,353207.2735714677,4024666.429246342
1628858978358041584,353207.2748227905,4024666.431056226
1628858978412093393,353207.232206172,4024666.3851159867
1628858978550099139,353207.2343779064,4024666.387215467
1628858978670216161,353207.2009231915,4024666.3488868973
1628858978760127241,353207.2037038,4024666.3508997723
1628858978808141337,353207.205248585,4024666.352018037
1628858978940136651,353207.16886485025,4024666.311923248
1628858979072070376,353207.1728812868,4024666.314830735
1628858979138230297,353207.13418434944,4024666.275095549
1628858979282230446,353207.14064531773,4024666.27819053
1628858979348097454,353207.14341430354,4024666.279516951
1628858979474086822,353207.0975340178,4024666.237278855
1628858979552263224,353207.10000566934,4024666.239068077
1628858979684211701,353207.0516067521,4024666.1904638777
1628858979744213922,353207.05252974667,4024666.1909060166
1628858979876105869,353207.0079137251,4024666.14943998
1628858979954238882,353207.0091443852,4024666.1500295005
1628858980091988855,353207.0111442093,4024666.1509874705
1628858980152117503,353206.96408888197,4024666.106037924
1628858980272172731,353206.9660887083,4024666.1069958927
1628858980350119741,353206.96716553567,4024666.1075117234
1628858980487999962,353206.9231380133,4024666.0629534186
1628858980542210527,353206.9240532593,4024666.0629379223
1628858980674166934,353206.8780436431,4024666.0238758754
1628858980746250450,353206.87912047043,4024666.0243917047
1628858980884220003,353206.8445353976,4024665.9859907227
1628858980944204281,353206.8454583944,4024665.9864328615
1628858981082004968,353206.8474582186,4024665.9873908334
1628858981153999961,353206.80863117735,4024665.9507859317
1628858981292300206,353206.81292040914,4024665.951781432
1628858981346638621,353206.8147586542,4024665.9522080775
1628858981472059078,353206.77163944684,4024665.919841538
1628858981562146229,353206.7730355626,4024665.9211912034
1628858981676169274,353206.7292045624,4024665.8900421713
1628858981748174936,353206.7302994697,4024665.8916258197
1628858981886115831,353206.69919350324,4024665.8604444386
1628858981952242270,353206.70135620027,4024665.8620100096
1628858982084121758,353206.70537263714,4024665.864917496
1628858982138198034,353206.66576781665,4024665.832842408
1628858982282145929,353206.6700932083,4024665.835973547
1628858982360790787,353206.63316300896,4024665.8050586297
1628858982486144248,353206.63688598596,4024665.808657737
1628858982552178686,353206.6390577229,4024665.8107572156
1628858982684148902,353206.58866842394,4024665.7833813685
1628858982756501508,353206.5893147471,4024665.7855066773
1628858982894234706,353206.55338906916,4024665.7652560007
1628858983014240035,353206.5539851943,4024665.7698235856
1628858983080020497,353206.55493918527,4024665.7720962735
1628858983164238734,353206.5202876824,4024665.7477956675
1628858983284424836,353206.52219566214,4024665.75234104
1628858983416410858,353206.491042957,4024665.7328182743
1628858983476416849,353206.4920046943,4024665.735548597
1628858983614223187,353206.4652726153,4024665.713967323
1628858983686177775,353206.4663946449,4024665.717152699
1628858983806418925,353206.4683181195,4024665.7226133468
1628858983878411860,353206.4346281579,4024665.6974267005
1628858984016204703,353206.43687221466,4024665.7037974545
1628858984088169150,353206.43799424195,4024665.7069828333
1628858984208146766,353206.4036335853,4024665.683638614
1628858984280157514,353206.4047465726,4024665.6862900825
1628858984418406198,353206.37907201203,4024665.6604794376
1628858984484170706,353206.3800182523,4024665.6622944884
1628858984616404876,353206.3482035003,4024665.637915333
1628858984676253416,353206.34914199205,4024665.639272747
1628858984826146152,353206.35133180895,4024665.642440043
1628858984886205896,353206.3274618514,4024665.6186740594
1628858985018254294,353206.3294952528,4024665.621615122
1628858985084055508,353206.3304337445,4024665.6229725336
1628858985222419140,353206.3056854151,4024665.6050045555
1628858985288218452,353206.30678032245,4024665.606588205
1628858985420602691,353206.2804684457,4024665.580986717
1628858985486165640,353206.2813914403,4024665.581428856
1628858985618420764,353206.2665131602,4024665.57144203
1628858985690482296,353206.2686758572,4024665.573007598
1628858985816166865,353206.2723833374,4024665.5756914327
1628858985882221832,353206.24561781576,4024665.5593445366
1628858986020656491,353206.24994321,4024665.5624756753
1628858986098122042,353206.25210590713,4024665.564041245
1628858986224452800,353206.2240946069,4024665.5390025936
1628858986290070926,353206.22507861943,4024665.5394436996
1628858986422423110,353206.20359409077,4024665.5249910504
1628858986488062458,353206.2045173459,4024665.5254484434
1628858986626401373,353206.18050399143,4024665.511236977
1628858986686421321,353206.1814347369,4024665.5121367536
1628858986818174579,353206.1834435989,4024665.513628633
1628858986896200838,353206.1525747977,4024665.4928498287
1628858987016399766,353206.1525747977,4024665.4928498287
1628858987076438744,353206.1525747977,4024665.4928498287
1628858987226243292,353206.1310902687,4024665.4783971794
1628858987298180939,353206.1310902687,4024665.4783971794
1628858987418199465,353206.1082432311,4024665.4627774004
1628858987484075161,353206.1082432311,4024665.4627774004
1628858987628583548,353206.0900623138,4024665.452388725
1628858987700573924,353206.0900623138,4024665.452388725
1628858987820208122,353206.09158772544,4024665.452362897
1628858987958444976,353206.07147865166,4024665.438039547
1628858988024107926,353206.07147865166,4024665.438039547
1628858988156098925,353206.05645744863,4024665.4250186128
1628858988222215993,353206.05752523616,4024665.425000534
1628858988360494932,353206.0436733593,4024665.416156006
1628858988420505029,353206.0445886054,4024665.41614051
1628858988552483936,353206.0465716412,4024665.4161069347
1628858988624209330,353206.0329951118,4024665.4073035214
1628858988750491504,353206.03499312815,4024665.4081547093
1628858988822197009,353206.0360699557,4024665.408670538
1628858988954468392,353206.0145515306,4024665.39582065
1628858989020262104,353206.01561932045,4024665.395802571
1628858989170206022,353206.0053792631,4024665.3893993534
1628858989224225050,353206.00630226,4024665.3898414928
1628858989350494532,353205.99226055597,4024665.3842045553
1628858989422482428,353205.9933373834,4024665.384720387
1628858989554513125,353205.9953372055,4024665.385678355
1628858989626247362,353205.98455239367,4024665.379543763
1628858989758067432,353205.98855204246,4024665.3814597037
1628858989830160500,353205.99070569745,4024665.382491364
1628858989968218175,353205.9650611087,4024665.3728699367
1628858990022515755,353205.9659841056,4024665.373312077
1628858990154360984,353205.9486238413,4024665.3609258453
1628858990220124775,353205.94953908736,4024665.3609103486
1628858990364929391,353205.9383155062,4024665.355897088
1628858990424511483,353205.9392385031,4024665.3563392283
1628858990556507036,353205.9412383252,4024665.3572971984
1628858990616495225,353205.93407024274,4024665.353893753
1628858990754492087,353205.93837755726,4024665.3559570736
1628858990832240367,353205.9405312122,4024665.356988733
1628858990958672425,353205.91867742443,4024665.345960335
1628858991030226806,353205.91975425195,4024665.346476166
1628858991156486378,353205.904613217,4024665.340796805
1628858991222598776,353205.90553621395,4024665.3412389453
1628858991360489604,353205.89237769815,4024665.3354955004
1628858991486242948,353205.8942236898,4024665.3363797804
1628858991570512476,353205.8956081829,4024665.33704299
1628858991630470044,353205.87655253976,4024665.330865331
1628858991762479739,353205.8768744089,4024665.331851711
1628858991888492029,353205.8598843453,4024665.3215039093
1628858991972590049,353205.8598843453,4024665.3215039093
1628858992032265891,353205.8598861533,4024665.32161069
1628858992164467762,353205.84234381013,4024665.3128896854
1628858992284480673,353205.84234381013,4024665.3128896854
1628858992368277314,353205.82767618477,4024665.306332552
1628858992500473813,353205.82767618477,4024665.306332552
1628858992560476122,353205.82767618477,4024665.306332552
1628858992680508283,353205.8130401026,4024665.29983592
1628858992764474182,353205.8130401026,4024665.29983592
1628858992896244280,353205.7961430519,4024665.2931792033
1628858992956269237,353205.79522780585,4024665.2931946996
1628858993088131125,353205.7937329019,4024665.2932200106
1628858993166480047,353205.77731391,4024665.285960102
1628858993304506641,353205.7751695511,4024665.2854776066
1628858993358259047,353205.7571152834,4024665.2771620015
1628858993490608800,353205.7551033218,4024665.2754870667
1628858993568570605,353205.7538726592,4024665.2748975474
1628858993706482043,353205.74121828895,4024665.27009162
1628858993766570709,353205.7402952943,4024665.26964948
1628858993892495021,353205.72667527985,4024665.263684965
1628858993958550139,353205.72667527985,4024665.263684965
1628858994108179908,353205.72667243873,4024665.2635171646
1628858994162276396,353205.7147383865,4024665.25799713
1628858994288559330,353205.7147383865,4024665.25799713
1628858994360260838,353205.69966014475,4024665.254224073
1628858994498471265,353205.69966014475,4024665.254224073
1628858994558568490,353205.69966014475,4024665.254224073
1628858994690879111,353205.67773879354,4024665.2482170076
1628858994768550966,353205.67651846237,4024665.2482376704
1628858994900468569,353205.66258900653,4024665.2402184396
1628858994960487115,353205.6616737604,4024665.240233937
1628858995086293291,353205.65984326595,4024665.2402649303
1628858995158573023,353205.6430566234,4024665.2329196935
1628858995302539743,353205.6409109753,4024665.232360924
1628858995362537241,353205.62282381253,4024665.2275096537
1628858995494529580,353205.6208407767,4024665.2275432297
1628858995572660203,353205.61962044786,4024665.227563892
1628858995704547261,353205.61132071854,4024665.2240117593
1628858995752574667,353205.61132071854,4024665.2240117593
1628858995896484804,353205.6038446819,4024665.2222462352
1628858995968429796,353205.6049215094,4024665.222762066
1628858996100437406,353205.6069213338,4024665.223720035
1628858996226671071,353205.6006581958,4024665.217890357
1628858996292542028,353205.60173502564,4024665.2184061874
1628858996376527923,353205.58620652976,4024665.2222854774
1628858996502564323,353205.5882234011,4024665.2242502486
1628858996628527027,353205.5685737259,4024665.2118264874
1628858996694555704,353205.56858276593,4024665.2123603965
1628858996832186103,353205.5685995545,4024665.213351943
1628858996904557220,353205.552823558,4024665.2062184787
1628858997024567188,353205.552823558,4024665.2062184787
1628858997096528063,353205.552823558,4024665.2062184787
1628858997228559291,353205.53902411007,4024665.2004706264
1628858997300525074,353205.53902411007,4024665.2004706264
1628858997426574274,353205.52550311375,4024665.1949469433
1628858997492185336,353205.52550311375,4024665.1949469433
1628858997636186580,353205.51241181203,4024665.189568577
1628858997708540532,353205.51241181203,4024665.189568577
1628858997834429403,353205.51241181203,4024665.189568577
1628858997888571007,353205.4994733123,4024665.18420288
1628858998032533855,353205.4994733123,4024665.18420288
1628858998110532708,353205.4871692847,4024665.178460227
1628858998236504029,353205.4871692847,4024665.178460227
1628858998290572087,353205.4871692847,4024665.178460227
1628858998428577034,353205.4744143484,4024665.173121939
1628858998506650208,353205.4744143484,4024665.173121939
1628858998632547684,353205.46184298024,4024665.1678110627
1628858998692513075,353205.46184298024,4024665.1678110627
1628858998830798685,353205.46184298024,4024665.1678110627
1628858998902562560,353205.4493954512,4024665.1626049015
1628858999046487940,353205.4493954512,4024665.1626049015
1628858999088191229,353205.4493954512,4024665.1626049015
1628858999232556205,353205.43725197425,4024665.1573325563
1628858999304559204,353205.43725197425,4024665.1573325563
1628858999430603272,353205.4251433936,4024665.1523190215
1628858999496537484,353205.4251433936,4024665.1523190215
1628858999634528263,353205.4132201867,4024665.147439679
1628858999706597380,353205.4132201867,4024665.147439679
1628858999832511004,353205.4132201867,4024665.147439679
1628858999898606305,353205.40151105577,4024665.14258723
1628859000036602214,353205.40151105577,4024665.14258723
1628859000108616818,353205.3898313995,4024665.1376732476
1628859000240220217,353205.3898313995,4024665.1376732476
1628859000366652448,353205.3784009761,4024665.1330602206
1628859000438628811,353205.3784009761,4024665.1330602206
1628859000564148340,353205.3784009761,4024665.1330602206
1628859000648630946,353205.3672764079,4024665.1284877933
1628859000768620777,353205.3672764079,4024665.1284877933
1628859000972237167,353205.35627439007,4024665.12394381
1628859001032614379,353205.35627439007,4024665.12394381
1628859001182591224,353205.3456040884,4024665.1191653246
1628859001230658862,353205.3456040884,4024665.1191653246
1628859001368592432,353205.3350307343,4024665.1147056366
1628859001434585140,353205.3350307343,4024665.1147056366
1628859001560619930,353205.3350307343,4024665.1147056366
1628859001638631657,353205.32455097215,4024665.1103664353
1628859001770632644,353205.32455097215,4024665.1103664353
1628859001836257424,353205.32455097215,4024665.1103664353
1628859001962613470,353205.3143768094,4024665.1060525747
1628859002034621592,353205.3143768094,4024665.1060525747
1628859002172639579,353205.3044511024,4024665.101993912
1628859002232634176,353205.3044511024,4024665.101993912
1628859002376600040,353205.29474127933,4024665.098068924
1628859002436627794,353205.29474127933,4024665.098068924
1628859002562929250,353205.29474127933,4024665.098068924
1628859002634624096,353205.28527707077,4024665.0942313303
1628859002784545225,353205.28527707077,4024665.0942313303
1628859002838234927,353205.28527707077,4024665.0942313303
1628859002970481436,353205.27590593544,4024665.090483714
1628859003036631497,353205.27590593544,4024665.090483714
1628859003174224980,353205.2668965099,4024665.0864705723
1628859003234588260,353205.2668965099,4024665.0864705723
1628859003366590196,353205.25783407333,4024665.082931354
1628859003444253345,353205.25783407333,4024665.082931354
1628859003564664248,353205.25783407333,4024665.082931354
1628859003636594300,353205.24892650504,4024665.079526846
1628859003774596536,353205.24892650504,4024665.079526846
1628859003834246119,353205.24892650504,4024665.079526846
1628859003984302827,353205.2400507337,4024665.076198092
1628859004044522414,353205.2400507337,4024665.076198092
1628859004170602460,353205.2317173969,4024665.0724634225
1628859004242603138,353205.2317173969,4024665.0724634225
1628859004380628112,353205.2232097903,4024665.0692505073
1628859004440616233,353205.2232097903,4024665.0692505073
1628859004572583402,353205.2232097903,4024665.0692505073
1628859004698580930,353205.21476475126,4024665.066128086
1628859004770615894,353205.21476475126,4024665.066128086
1628859004836275631,353205.21476475126,4024665.066128086
1628859004968632314,353205.20656558743,4024665.0631083148
1628859005100612463,353205.20656558743,4024665.0631083148
1628859005172550226,353205.19833772164,4024665.0601958414
1628859005238591764,353205.19833772164,4024665.0601958414
1628859005370636044,353205.1904164882,4024665.0573697295
1628859005508598952,353205.1904164882,4024665.0573697295
1628859005574652156,353205.1904164882,4024665.0573697295
1628859005706685098,353205.1826803703,4024665.054662555
1628859005778444638,353205.1826803703,4024665.054662555
1628859005904691494,353205.1750075949,4024665.0520916376
1628859005982674531,353205.1750075949,4024665.0520916376
1628859006114678540,353205.1674219521,4024665.0492598447
1628859006168663021,353205.1674219521,4024665.0492598447
1628859006306690856,353205.1674219521,4024665.0492598447
1628859006384699259,353205.15990378446,4024665.0468083816
1628859006516656465,353205.15990378446,4024665.0468083816
1628859006564647883,353205.15990378446,4024665.0468083816
1628859006702522490,353205.15250868123,4024665.044415871
1628859006774807767,353205.15250868123,4024665.044415871
1628859006918685414,353205.14508307015,4024665.0420238767
1628859006972643196,353205.14508307015,4024665.0420238767
1628859007098661587,353205.14508307015,4024665.0420238767
1628859007176700496,353205.138087156,4024665.039777197
1628859007320667171,353205.138087156,4024665.039777197
1628859007368698040,353205.1309061287,4024665.037411578
1628859007500653781,353205.1309061287,4024665.037411578
1628859007590591650,353205.1309061287,4024665.037411578
1628859007710723706,353205.1237576732,4024665.0351674804
1628859007770704345,353205.1237576732,4024665.0351674804
1628859007909472353,353205.1167007433,4024665.032921833
1628859007975413191,353205.1167007433,4024665.032921833
1628859008113541807,353205.110097824,4024665.0304548736
1628859008173561105,353205.110097824,4024665.0304548736
1628859008305435944,353205.110097824,4024665.0304548736
1628859008383431227,353205.10316344444,4024665.0282376693
1628859008515326557,353205.10316344444,4024665.0282376693
1628859008569648013,353205.10316344444,4024665.0282376693
1628859008701714069,353205.09632187965,4024665.0260951873
1628859008785442507,353205.09632187965,4024665.0260951873
1628859008917316686,353205.08947850694,4024665.023845924
1628859008983325568,353205.08947850694,4024665.023845924
1628859009103575016,353205.08278277045,4024665.021304241
1628859009187432459,353205.08278277045,4024665.021304241
1628859009313799668,353205.08278277045,4024665.021304241
1628859009445455027,353205.0760019631,4024665.019145473
1628859009505434641,353205.0760019631,4024665.019145473
1628859009637528083,353205.06928088446,4024665.016909397
1628859009721451544,353205.06928088446,4024665.016909397
1628859009841501709,353205.06928088446,4024665.016909397
1628859009907454507,353205.0625295518,4024665.0146890935
1628859010045543582,353205.0625295518,4024665.0146890935
1628859010123434238,353205.055499516,4024665.012229364
1628859010237483123,353205.055499516,4024665.012229364
1628859010309509547,353205.055499516,4024665.012229364
1628859010447616771,353205.0489919922,4024665.0099896737
1628859010519564205,353205.0489919922,4024665.0099896737
1628859010639570069,353205.0424829209,4024665.0076584565
1628859010711471432,353205.0424829209,4024665.0076584565
1628859010849453463,353205.0424829209,4024665.0076584565
1628859010921590655,353205.03612690524,4024665.005355163
1628859011047468861,353205.03612690524,4024665.005355163
1628859011101709893,353205.03612690524,4024665.005355163
1628859011239501067,353205.0298900844,4024665.0028820056
1628859011317694759,353205.0298900844,4024665.0028820056
1628859011443378277,353205.0236566167,4024665.000607157
1628859011511133496,353205.0236566167,4024665.000607157
1628859011641612991,353205.017543635,4024664.998238714
1628859011713476647,353205.017543635,4024664.998238714
1628859011845338668,353205.017543635,4024664.998238714
1628859011905416864,353205.01136886294,4024664.9958255407
1628859012043599022,353205.01136886294,4024664.9958255407
1628859012115457512,353205.0056806708,4024664.9933125763
1628859012241822630,353205.0056806708,4024664.9933125763
1628859012307341209,353205.0056806708,4024664.9933125763
1628859012445581224,353204.9995671726,4024664.9909136244
1628859012517395127,353204.9995671726,4024664.9909136244
1628859012643546583,353204.9936346573,4024664.9883895353
1628859012703512715,353204.9936346573,4024664.9883895353
1628859012841778708,353204.9936346573,4024664.9883895353
1628859012919471642,353204.98779392376,4024664.985879153
1628859013039461394,353204.98779392376,4024664.985879153
1628859013105552523,353204.9819211327,4024664.9832777604
1628859013249448579,353204.9819211327,4024664.9832777604
1628859013315650022,353204.9819211327,4024664.9832777604
1628859013447633110,353204.97589451104,4024664.9806026765
1628859013579413106,353204.97589451104,4024664.9806026765
1628859013651617981,353204.9700201702,4024664.9779097554
1628859013723380914,353204.9700201702,4024664.9779097554
1628859013849582186,353204.9700201702,4024664.9779097554
1628859013909613254,353204.96396071394,4024664.9750978975
1628859014047518996,353204.96396071394,4024664.9750978975
1628859014179499538,353204.9580512161,4024664.972130913
1628859014257591016,353204.9580512161,4024664.972130913
1628859014383509617,353204.9518992031,4024664.9692595853
1628859014443517769,353204.9518992031,4024664.9692595853
1628859014581532560,353204.9518992031,4024664.9692595853
1628859014641506861,353204.94580536464,4024664.9662194257
1628859014785419659,353204.94580536464,4024664.9662194257
1628859014851602330,353204.9397417757,4024664.963163495
1628859014983498076,353204.9397417757,4024664.963163495
1628859015043541713,353204.9397417757,4024664.963163495
1628859015181714827,353204.9336461292,4024664.9600165538
1628859015253621510,353204.9336461292,4024664.9600165538
1628859015391401341,353204.92748869216,4024664.956824882
1628859015445407675,353204.92748869216,4024664.956824882
1628859015583499815,353204.92748869216,4024664.956824882
1628859015643661902,353204.9213315112,4024664.9536484643
1628859015775633372,353204.9213315112,4024664.9536484643
1628859015847460895,353204.9213315112,4024664.9536484643
1628859015997386780,353204.9153550593,4024664.950331656
1628859016045526641,353204.9153550593,4024664.950331656
1628859016183628059,353204.9093465454,4024664.946923839
1628859016243610429,353204.9093465454,4024664.946923839
1628859016387525014,353204.90327882377,4024664.943623833
1628859016447552228,353204.90327882377,4024664.943623833
1628859016579508378,353204.90327882377,4024664.943623833
1628859016645621942,353204.8973005593,4024664.940200244
1628859016789533305,353204.8973005593,4024664.940200244
1628859016855496612,353204.8973005593,4024664.940200244
1628859016981431264,353204.8910790073,4024664.936826551
1628859017047697246,353204.8910790073,4024664.936826551
1628859017179655722,353204.885160211,4024664.9333104007
1628859017251533625,353204.885160211,4024664.9333104007
1628859017377650684,353204.87933604,4024664.9299757555
1628859017455536909,353204.87933604,4024664.9299757555
1628859017593506868,353204.87933604,4024664.9299757555
1628859017653533285,353204.8734187935,4024664.926551132
1628859017779692306,353204.8734187935,4024664.926551132
1628859017911544986,353204.86753153824,4024664.9230954833
1628859017995523635,353204.86753153824,4024664.9230954833
1628859018049675781,353204.86753153824,4024664.9230954833
1628859018181654756,353204.86173400073,4024664.9195315046
1628859018313391086,353204.86173400073,4024664.9195315046
1628859018391650134,353204.8557239393,4024664.9160321574
1628859018457459266,353204.8557239393,4024664.9160321574
1628859018583467793,353204.8557239393,4024664.9160321574
1628859018721555417,353204.8497131007,4024664.912487049
1628859018781572903,353204.8497131007,4024664.912487049
1628859018919815278,353204.8438535121,4024664.9088630825
1628859018985564656,353204.8438535121,4024664.9088630825
1628859019117839324,353204.8379303273,4024664.9050876056
1628859019189864649,353204.8379303273,4024664.9050876056
1628859019321675304,353204.8379303273,4024664.9050876056
1628859019381635696,353204.8319476719,4024664.9014046886
1628859019519692247,353204.8319476719,4024664.9014046886
1628859019597561359,353204.8319476719,4024664.9014046886
1628859019729441707,353204.8259037449,4024664.8977075494
1628859019789564812,353204.8259037449,4024664.8977075494
1628859019915691448,353204.81989161484,4024664.8940861668
1628859019987561466,353204.81989161484,4024664.8940861668
1628859020125568620,353204.8138479461,4024664.890404283
1628859020185566600,353204.8138479461,4024664.890404283
1628859020317455115,353204.8138479461,4024664.890404283
1628859020383843892,353204.8079857746,4024664.886627773
1628859020527623461,353204.8079857746,4024664.886627773
1628859020587581625,353204.8079857746,4024664.886627773
1628859020719490275,353204.8020328544,4024664.8828985756
1628859020797665826,353204.8020328544,4024664.8828985756
1628859020929457883,353204.7963245157,4024664.8791957535
1628859020983934085,353204.7963245157,4024664.8791957535
1628859021121460512,353204.7906761618,4024664.8754308824
1628859021199715267,353204.7906761618,4024664.8754308824
1628859021331573444,353204.7906761618,4024664.8754308824
1628859021391587046,353204.78487604135,4024664.8717143573
1628859021523590662,353204.78487604135,4024664.8717143573
1628859021601486966,353204.78487604135,4024664.8717143573
1628859021733529745,353204.77919614647,4024664.867888984
1628859021793595637,353204.77919614647,4024664.867888984
1628859021919620958,353204.7734870329,4024664.8641403993
1628859021991572265,353204.7734870329,4024664.8641403993
1628859022129711818,353204.7682952677,4024664.8603067603
1628859022189718022,353204.7682952677,4024664.8603067603
1628859022321738458,353204.7682952677,4024664.8603067603
1628859022393600009,353204.76283125445,4024664.8566150623
1628859022531703446,353204.76283125445,4024664.8566150623
1628859022585471947,353204.76283125445,4024664.8566150623
1628859022717581373,353204.75739749067,4024664.852907591
1628859022801640999,353204.75739749067,4024664.852907591
1628859022921651706,353204.75171785406,4024664.849097471
1628859023053703290,353204.75171785406,4024664.849097471
1628859023119477458,353204.74700879684,4024664.844935224
1628859023203666572,353204.74700879684,4024664.844935224
1628859023329489531,353204.74700879684,4024664.844935224
1628859023467532798,353204.741636307,4024664.841241975
1628859023515614337,353204.741636307,4024664.841241975
1628859023653823830,353204.7360469024,4024664.837354035
1628859023725731476,353204.7360469024,4024664.837354035
1628859023851876928,353204.7360469024,4024664.837354035
1628859023917729895,353204.7306731234,4024664.8335845126
1628859024055624986,353204.7306731234,4024664.8335845126
1628859024133612035,353204.7254213757,4024664.8298129253
1628859024259521637,353204.7254213757,4024664.8298129253
1628859024319489113,353204.7254213757,4024664.8298129253
1628859024457773157,353204.71998709533,4024664.8260749476
1628859024529603489,353204.71998709533,4024664.8260749476
1628859024661506053,353204.7146735571,4024664.8222586284
1628859024721487055,353204.7146735571,4024664.8222586284
1628859024859721752,353204.7095153992,4024664.8186075287
1628859024931624420,353204.7095153992,4024664.8186075287
1628859025057552645,353204.7095153992,4024664.8186075287
1628859025123517253,353204.7044761777,4024664.8147713067
1628859025261713312,353204.7044761777,4024664.8147713067
1628859025327974556,353204.7044761777,4024664.8147713067
1628859025459737265,353204.69913264585,4024664.8109860164
1628859025519675949,353204.69913264585,4024664.8109860164
1628859025663511514,353204.69394372415,4024664.807320176
1628859025729759696,353204.69394372415,4024664.807320176
1628859025855506937,353204.688817882,4024664.803775341
1628859025921735323,353204.6888256306,4024664.804232977
1628859026065563269,353204.6888256306,4024664.804232977
1628859026137593887,353204.68427764054,4024664.8005715455
1628859026263737689,353204.6842877138,4024664.801166474
1628859026323841455,353204.6842877138,4024664.801166474
1628859026455632730,353204.679220565,4024664.7974833148
1628859026533727616,353204.679220565,4024664.7974833148
1628859026653726712,353204.67412368325,4024664.793846435
1628859026725756152,353204.67412368325,4024664.793846435
1628859026863684845,353204.6690909166,4024664.7903915774
1628859026935652092,353204.6690909166,4024664.7903915774
1628859027055627458,353204.6690909166,4024664.7903915774
1628859027121565155,353204.66417605325,4024664.786690581
1628859027265706260,353204.66417605325,4024664.786690581
1628859027385705927,353204.65926505957,4024664.783218403
1628859027457655056,353204.65926505957,4024664.783218403
1628859027595685390,353204.6592679007,4024664.783386203
1628859027661649267,353204.65428556217,4024664.7793048755
1628859027787741642,353204.65428556217,4024664.7793048755
1628859027859672179,353204.64928253077,4024664.7758037387
1628859027997780014,353204.64927323244,4024664.775254573
1628859028057763063,353204.64927323244,4024664.775254573
1628859028189776107,353204.6443014814,4024664.7717986833
1628859028255721585,353204.6443014814,4024664.7717986833
1628859028399669689,353204.63951562304,4024664.768507494
1628859028459642192,353204.63951562304,4024664.768507494
1628859028597583295,353204.63951562304,4024664.768507494
1628859028663575445,353204.6346343669,4024664.7649890347
1628859028801755355,353204.6346343669,4024664.7649890347
1628859028861647409,353204.62950929964,4024664.7614899636
1628859028999838004,353204.62950929964,4024664.7614899636
1628859029059766442,353204.62950929964,4024664.7614899636
1628859029203665492,353204.62441396754,4024664.757944612
1628859029263675809,353204.62441396754,4024664.757944612
1628859029401784144,353204.61935147014,4024664.7545360336
1628859029461870491,353204.61935147014,4024664.7545360336
1628859029599550933,353204.61935147014,4024664.7545360336
1628859029671715208,353204.61422769434,4024664.751113236
1628859029791703770,353204.61422769434,4024664.751113236
1628859029863778411,353204.6094095201,4024664.7477157805
1628859030001718023,353204.6094095201,4024664.7477157805
1628859030067661826,353204.6094095201,4024664.7477157805
1628859030193705275,353204.6042523952,4024664.744125698
1628859030271684919,353204.6042523952,4024664.744125698
1628859030403788890,353204.59912810504,4024664.74067239
1628859030469672858,353204.59912810504,4024664.74067239
1628859030601660182,353204.59912810504,4024664.74067239
1628859030667692473,353204.59403535584,4024664.737279584
1628859030811689100,353204.59403535584,4024664.737279584
1628859030865796632,353204.58903490717,4024664.7339309924
1628859030997790628,353204.58903490717,4024664.7339309924
1628859031069541681,353204.58903490717,4024664.7339309924
1628859031201571512,353204.5837273095,4024664.7304655286
1628859031261624633,353204.5837273095,4024664.7304655286
1628859031405552126,353204.5785432928,4024664.7270895266
1628859031525721954,353204.5785432928,4024664.7270895266
1628859031609685559,353204.5735433608,4024664.723771444
1628859031669680389,353204.5735433608,4024664.723771444
1628859031801833072,353204.5735433608,4024664.723771444
1628859031927722597,353204.56851421006,4024664.7205301505
1628859032011711410,353204.56851421006,4024664.7205301505
1628859032071679972,353204.56851421006,4024664.7205301505
1628859032203584436,353204.5638485773,4024664.7171301125
1628859032329936557,353204.5638485773,4024664.7171301125
1628859032407743894,353204.558727126,4024664.7138446043
1628859032545683683,353204.558727126,4024664.7138446043
1628859032599636680,353204.558727126,4024664.7138446043
1628859032731819868,353204.5536067124,4024664.710620115
1628859032803861972,353204.5536067124,4024664.710620115
1628859032941759133,353204.54845501145,4024664.7073503793
1628859033001761135,353204.54845501145,4024664.7073503793
1628859033133732616,353204.5438759946,4024664.703658955
1628859033205818800,353204.5438759946,4024664.703658955
1628859033337589459,353204.5438759946,4024664.703658955
1628859033403756971,353204.5385702049,4024664.700300274
1628859033523792073,353204.5385702049,4024664.700300274
1628859033613838967,353204.5330816242,4024664.6969599463
1628859033745863136,353204.5330816242,4024664.6969599463
1628859033805773596,353204.5330816242,4024664.6969599463
1628859033925775288,353204.5277758322,4024664.6936012655
1628859034015846639,353204.5277758322,4024664.6936012655
1628859034147878421,353204.5223169845,4024664.6902146596
1628859034195852834,353204.5223169845,4024664.6902146596
1628859034333561662,353204.5223169845,4024664.6902146596
1628859034405782747,353204.5168281432,4024664.6868590773
1628859034537859491,353204.5168281432,4024664.6868590773
1628859034597855120,353204.5168281432,4024664.6868590773
1628859034729847396,353204.51127983833,4024664.683596055
1628859034807764050,353204.51127983833,4024664.683596055
1628859034939713371,353204.50588123134,4024664.6801626505
1628859034994007250,353204.50588123134,4024664.6801626505
1628859035131871750,353204.50036136794,4024664.676777076
1628859035209791902,353204.50036136794,4024664.676777076
1628859035341749186,353204.50036136794,4024664.676777076
1628859035401729459,353204.49453538633,4024664.673335649
1628859035533742104,353204.49453538633,4024664.673335649
1628859035599861300,353204.48883195483,4024664.669922667
1628859035737793203,353204.48883195483,4024664.669922667
1628859035803745711,353204.48883195483,4024664.669922667
1628859035935618064,353204.4832203074,4024664.6665233863
1628859036013785293,353204.4832203074,4024664.6665233863
1628859036139815535,353204.47720998735,4024664.6630087863
1628859036271810605,353204.47720998735,4024664.6630087863
1628859036337753457,353204.47720998735,4024664.6630087863
1628859036409855739,353204.47159937304,4024664.6596705257
1628859036541801125,353204.47159937304,4024664.6596705257
1628859036667614630,353204.4655598343,4024664.656232715
1628859036733800794,353204.4655598343,4024664.656232715
1628859036871868819,353204.4598582109,4024664.652926514
1628859036943895280,353204.4598582109,4024664.652926514
1628859037075916732,353204.4598582109,4024664.652926514
1628859037135821403,353204.4539422577,4024664.649578163
1628859037274090842,353204.4539422577,4024664.649578163
1628859037339656813,353204.4539422577,4024664.649578163
1628859037477886423,353204.4481191195,4024664.6463045366
1628859037543656067,353204.4481191195,4024664.6463045366
1628859037675835868,353204.44226521277,4024664.6430161726
1628859037747751796,353204.44226521277,4024664.6430161726
1628859037867869889,353204.436475163,4024664.6398945744
1628859037939887005,353204.436475163,4024664.6398945744
1628859038065810065,353204.436475163,4024664.6398945744
1628859038149776481,353204.4306843406,4024664.636727214
1628859038269768474,353204.4306843406,4024664.636727214
1628859038329762857,353204.4306843406,4024664.636727214
1628859038479834588,353204.42492428434,4024664.6335745896
1628859038551761149,353204.42492428434,4024664.6335745896
1628859038671784193,353204.419164228,4024664.630421966
1628859038737671326,353204.419164228,4024664.630421966
1628859038869879231,353204.4133428978,4024664.627255121
1628859038941860979,353204.4133428978,4024664.627255121
1628859039068483286,353204.4133428978,4024664.627255121
1628859039133766472,353204.40755259193,4024664.624118269
1628859039277666621,353204.40755259193,4024664.624118269
1628859039349669514,353204.40755259193,4024664.624118269
1628859039475766296,353204.4017028202,4024664.6210739776
1628859039529831028,353204.4017028202,4024664.6210739776
1628859039673792253,353204.39582227997,4024664.6180149475
1628859039739898755,353204.39582227997,4024664.6180149475
1628859039871900890,353204.3899730225,4024664.6150011644
1628859039932077118,353204.3899730225,4024664.6150011644
1628859040075823085,353204.3899730225,4024664.6150011644
1628859040147824156,353204.38397044886,4024664.6119442033
1628859040273906695,353204.38397044886,4024664.6119442033
1628859040405901750,353204.3782137502,4024664.6089898874
1628859040543888049,353204.3782137502,4024664.6089898874
1628859040675878883,353204.3723647533,4024664.60599136
1628859040813856998,353204.3723647533,4024664.60599136
1628859040873843854,353204.3666080547,4024664.6030370453
1628859041005848931,353204.3666080547,4024664.6030370453
1628859041071784701,353204.3666080547,4024664.6030370453
1628859041221823095,353204.3608324713,4024664.600769703
1628859041275863022,353204.3608531344,4024664.601990067
1628859041407837367,353204.3552137285,4024664.604160768
1628859041473804631,353204.35622195853,4024664.6096369107
1628859041611831017,353204.35266152315,4024664.6264515
1628859041677934992,353204.3534966558,4024664.6397278877
1628859041809868906,353204.3561039751,4024664.676564572
1628859041869837979,353204.35031979426,4024664.69361518
1628859042007894535,353204.3550715833,4024664.7705923156
1628859042067967637,353204.3576108193,4024664.812419824
1628859042211958935,353204.3555161094,4024664.9194051274
1628859042271944600,353204.3583100201,4024664.976273627
1628859042427742590,353204.3592139488,4024665.1269860254
1628859042475674373,353204.3625127505,4024665.1866383604
1628859042613924383,353204.35444928077,4024665.3556454615
1628859042673925262,353204.3577243831,4024665.440933199
1628859042823824078,353204.3647078759,4024665.6749479654
1628859042883845292,353204.34098528745,4024665.759014345
1628859043009931493,353204.3453047515,4024665.99249438
1628859043075754145,353204.34817550296,4024666.107971127
1628859043220068437,353204.33293473936,4024666.3757639895
1628859043285836150,353204.3355047117,4024666.5275468216
1628859043405978255,353204.30632941925,4024666.7509737723
1628859043483937233,353204.3077606254,4024666.9418387455
1628859043603939077,353204.2322726316,4024667.207432077
1628859043681990019,353204.2289811264,4024667.391525754
1628859043807849749,353204.22347948636,4024667.7514854977
1628859043873951787,353204.1678637344,4024667.893053474
1628859044017949992,353204.1576212238,4024668.311855627
1628859044083702479,353204.15346535714,4024668.4989699507
1628859044203884801,353204.18714736565,4024668.891362858
1628859044275891353,353204.1860679156,4024669.124995344
1628859044419834999,353204.15589522826,4024669.6391675663
1628859044479962055,353204.1540678417,4024669.85566168
1628859044617883966,353204.1336882643,4024670.4183288147
1628859044737889671,353204.1269802616,4024670.887273
1628859044821867722,353204.1238147102,4024671.208572842
1628859044876098345,353204.0863286328,4024671.4422114072
1628859045007977532,353204.079679101,4024671.986701566
1628859045145777235,353204.0083366319,4024672.5331721213
1628859045211873761,353204.00076595,4024672.8430260587
1628859045349943853,353203.9839893031,4024673.4778984813
1628859045409893037,353203.883321643,4024673.782950505
1628859045541985655,353203.8590645711,4024674.401378391
1628859045619931864,353203.8982694755,4024674.8171612783
1628859045751861567,353203.88120721513,4024675.464001542
1628859045811996957,353203.8737597342,4024675.7667122167
1628859045943974249,353203.9709506419,4024676.476498912
1628859046021956752,353203.9656967683,4024676.8961474
1628859046153870811,353204.0308490221,4024677.6296091136
1628859046213869139,353204.0313751836,4024677.954462816
1628859046345774392,353204.03190937266,4024678.6672899295
1628859046417797731,353204.0741492095,4024679.04243268
1628859046561761964,353204.0785432829,4024679.8282236755
1628859046615871737,353204.119752208,4024680.162306842
1628859046741989943,353204.1272685607,4024680.910813184
1628859046813977227,353204.1320267257,4024681.319794007
1628859046951915532,353204.17998400773,4024682.160573003
1628859047011953225,353204.18433242606,4024682.520121832
1628859047144025249,353204.2017704877,4024683.310300167
1628859047221772856,353204.21077154466,4024683.7391678295
1628859047353913724,353204.2309672477,4024684.6219211784
1628859047419867679,353204.23816350976,4024684.998267645
1628859047545910207,353204.25381758495,4024685.821862729
1628859047623985719,353204.28389937826,4024686.3062211364
1628859047756084284,353204.3068808563,4024687.1444322797
1628859047815928918,353204.31729628216,4024687.534274172
1628859047947948242,353204.3123018404,4024688.4630782455
1628859048025764932,353204.3234259363,4024688.9308202364
1628859048146014834,353204.3295337588,4024689.8358460213
1628859048205971326,353204.33802167955,4024690.2452214654
1628859048350002056,353204.3225455654,4024691.225442505
1628859048421889645,353204.3323022139,4024691.709748331
1628859048559942328,353204.35123106325,4024692.687097986
1628859048608002444,353204.34710289526,4024693.0777049386
1628859048739998647,353204.3657497427,4024694.004155582
1628859048818032270,353204.3784228402,4024694.5777988397
1628859048961901134,353204.3621596495,4024695.6268815063
1628859049021880968,353204.3713363635,4024696.0661222744
1628859049142000959,353204.34760061145,4024696.9370156126
1628859049225823625,353204.3581647136,4024697.5302870492
1628859049363886876,353204.34568183054,4024698.5881558913
1628859049483897985,353204.3643730021,4024699.4937926107
1628859049549907526,353204.3738984498,4024699.9518264798
1628859049682105160,353204.37824233586,4024701.026622486
1628859049747893402,353204.38713267865,4024701.4922050214
1628859049892013785,353204.4276221022,4024702.683150345
1628859049945892299,353204.43859131495,4024703.075058086
1628859050089885610,353204.4654077886,4024704.1812121635
1628859050155998852,353204.4771649285,4024704.7368043666
1628859050281934238,353204.5032712815,4024705.79020509
1628859050347782271,353204.51424299704,4024706.2813873906
1628859050486034236,353204.4905330189,4024707.413330085
1628859050558004950,353204.49885688984,4024707.9896410154
1628859050684135969,353204.4639261012,4024709.062660609
1628859050744449973,353204.4683446404,4024709.563322854
1628859050887903995,353204.4472449381,4024710.6962284492
1628859050960031645,353204.4513273883,4024711.290586216
1628859051085815393,353204.4580554264,4024712.3151399926
1628859051145942597,353204.45066417614,4024712.9149411097
1628859051289905340,353204.4565225579,4024714.124234226
1628859051356009500,353204.4200975459,4024714.7197051262
1628859051488022332,353204.42264882696,4024715.856238626
1628859051553821812,353204.4251713135,4024716.3836971433
1628859051691934653,353204.4021428686,4024717.6171612446
1628859051758012824,353204.4019827385,4024718.238507609
1628859051890064372,353204.3706858374,4024719.394565831
1628859051950018614,353204.3685534074,4024719.930068333
1628859052087854622,353204.36196534534,4024721.0927578085
1628859052159995046,353204.3239004703,4024721.79863959
1628859052291919271,353204.31275479327,4024722.9643054386
1628859052352025469,353204.3064129258,4024723.5233474514
1628859052489956381,353204.2923322321,4024724.7878188007
1628859052561974730,353204.28615255863,4024725.421321652
1628859052681952582,353204.3071985647,4024726.5236977064
1628859052753840978,353204.30218790786,4024727.069441913
1628859052892065825,353204.3298918258,4024728.462296316
1628859052951977746,353204.3274598368,4024729.01074347
1628859053089944756,353204.32160413463,4024730.2004593904
1628859053143986577,353204.3791511182,4024730.7659270223
1628859053287849024,353204.3783416124,4024732.053611392
1628859053366034406,353204.46720025607,4024732.8336387393
1628859053486073709,353204.4765372643,4024733.9455820485
1628859053546073291,353204.48138002236,4024734.501932226
1628859053684080862,353204.44561630575,4024735.87538381
1628859053768051459,353204.4467096892,4024736.6230223994
1628859053888068351,353204.4244478261,4024737.7593657244
1628859053948021987,353204.42375872406,4024738.322431949
1628859054091928291,353204.42043324513,4024739.6363432603
1628859054218016496,353204.44594558066,4024740.885343077
1628859054290042268,353204.44813098916,4024741.5424777195
1628859054421839365,353204.48570279044,4024742.7899915935
1628859054487987506,353204.48841097276,4024743.4473615307
1628859054619986683,353204.53726013657,4024744.677838598
1628859054686075162,353204.5419766829,4024745.334869349
1628859054835866503,353204.55520000024,4024746.6492939293
1628859054890004943,353204.60535723274,4024747.218091074
1628859055021949423,353204.623982006,4024748.4369948423
1628859055088421855,353204.6350380422,4024749.091751489
1628859055232063383,353204.7305242111,4024750.4055766375
1628859055292048054,353204.7435782375,4024750.965663563
1628859055423874696,353204.8436713101,4024752.169485369
1628859055490016781,353204.8608811925,4024752.8218184607
1628859055634228548,353204.79624997283,4024754.0980101638
1628859055694086071,353204.8079911903,4024754.6544571756
1628859055814121634,353204.8320532771,4024755.767341389
1628859055897980512,353204.81082261086,4024756.48877694
1628859056023978228,353204.83313451934,4024757.689338093
1628859056095868675,353204.8450454592,4024758.3351080203
1628859056294041185,353204.793146919,4024760.161412767
1628859056437895187,353204.71740571223,4024761.410448602
1628859056485985065,353204.72112290416,4024761.8678789497
1628859056612070130,353204.7070818165,4024763.1040291255
1628859056696107320,353204.7109316299,4024763.8360264446
1628859056839891694,353204.7159273374,4024765.1132975467
1628859056894064495,353204.73047393555,4024765.6912426786
1628859057026117330,353204.7324224369,4024766.875058647
1628859057091970275,353204.7338491066,4024767.42069389
1628859057224115438,353204.8044771773,4024768.7244723495
1628859057296015598,353204.80885750736,4024769.3616416897
1628859057421996134,353204.87605352374,4024770.482554191
1628859057488034154,353204.8842246098,4024771.1183165614
1628859057631863396,353204.9326086461,4024772.43306137
1628859057691992593,353204.94128741045,4024772.978055019
1628859057818122002,353204.96024337295,4024774.15703586
1628859057950177119,353204.9404940042,4024775.3480247227
1628859058040004550,353204.9540047423,4024776.1621651505
1628859058094011444,353204.96140626847,4024776.613704213
1628859058225886703,353205.03139960393,4024777.8043026775
1628859058352093228,353205.0521447578,4024778.9790112483
1628859058441984221,353205.09488550754,4024779.800072587
1628859058490045173,353205.10380774946,4024780.253111792
1628859058628090478,353205.13896979165,4024781.549342532
1628859058753888599,353205.1588155674,4024782.6384942457
1628859058832411496,353205.1710913679,4024783.3652829477
1628859058892055362,353205.17124748114,4024783.9187828084
1628859059023982756,353205.1892948502,4024785.1053780015
1628859059155964794,353205.2251158832,4024786.2909398144
1628859059227880217,353205.2336923002,4024786.9326157994
1628859059372048468,353205.25680581713,4024788.295854168
1628859059432022906,353205.2638116757,4024788.754663187
1628859059552298612,353205.28320181207,4024789.9484683853
1628859059636301159,353205.3054543154,4024790.7003569566
1628859059774046326,353205.32743193913,4024791.9911041195
1628859059833896092,353205.3361606784,4024792.4525390244
1628859059954057393,353205.3775103533,4024793.6708444576
1628859060032497536,353205.39156160154,4024794.412373754
1628859060164067138,353205.45177911886,4024795.6257820344
1628859060224133898,353205.4634645614,4024796.1825352022
1628859060356067313,353205.48999334057,4024797.3888234165
1628859060428024280,353205.5033169389,4024798.040520444
1628859060572026105,353205.53089846147,4024799.3468283974
1628859060626147574,353205.52345978946,4024799.896947315
1628859060758039045,353205.5455110871,4024801.109140262
1628859060830017280,353205.5580130246,4024801.7627738314
1628859060973881558,353205.5981956135,4024803.0815638546
1628859061028302719,353205.6098318483,4024803.6444214373
1628859061148316008,353205.63249081396,4024804.7861688687
1628859061238077046,353205.6457048389,4024805.6314425776
1628859061370308557,353205.68644265225,4024806.860470164
1628859061435916808,353205.69702814176,4024807.426153185
1628859061562299631,353205.72227422544,4024808.6558093037
1628859061640097432,353205.7473559334,4024809.4251977615
1628859061766046462,353205.7685992448,4024810.560835084
1628859061820599421,353205.780816113,4024811.127344983
1628859061958301474,353205.83397580916,4024812.4501877874
1628859062036053523,353205.84866952803,4024813.112512366
1628859062162094455,353205.8981967275,4024814.3704136293
1628859062222136116,353205.91175275354,4024814.942119412
1628859062359913946,353205.9456070226,4024816.182738289
1628859062432323489,353205.9603338479,4024816.9425363718
1628859062564339954,353205.9839169565,4024818.176706792
1628859062696094287,353206.00672825595,4024819.4319781302
1628859062762292377,353206.0170706612,4024820.100449447
1628859062839938627,353206.0274740895,4024820.768919732
1628859062972094007,353206.04471668176,4024822.1080263914
1628859063097926862,353206.06381347484,4024823.253862527
1628859063164056476,353206.0486304967,4024823.9413514393
1628859063296294240,353206.06268990785,4024825.18618128
1628859063368292360,353206.0798365784,4024825.854598426
1628859063499935390,353206.0938179097,4024827.100223055
1628859063554111406,353206.1003850628,4024827.675495707
1628859063698061763,353206.145354863,4024829.024692066
1628859063769946374,353206.15346346435,4024829.696405595
1628859063896093240,353206.18736393616,4024830.961376972
1628859063956101144,353206.1949491865,4024831.539104334
1628859064099941125,353206.2127066353,4024832.793271074
1628859064166373907,353206.2153425835,4024833.5905362214
1628859064298298374,353206.229592671,4024834.8466239423
1628859064358334460,353206.2701878921,4024835.4454600476
1628859064496101958,353206.29039657884,4024836.781312134
1628859064568379026,353206.2984810067,4024837.446190078
1628859064700286384,353206.30339724617,4024838.707929068
1628859064760292379,353206.30780885875,4024839.2748458153
1628859064898128870,353206.352164343,4024840.627409564
1628859064976077053,353206.36083424935,4024841.2836105227
1628859065102050097,353206.3777960964,4024842.496194898
1628859065162280216,353206.40183962055,4024843.096135256
1628859065300115994,353206.4270832126,4024844.394120985
1628859065360110578,353206.48111116485,4024844.953636258
1628859065509979742,353206.51053509593,4024846.2335761823
1628859065570086646,353206.5236272343,4024846.779685354
1628859065702279460,353206.54198070103,4024848.0492230332
1628859065779971679,353206.55339928303,4024848.680322288
1628859065894161875,353206.5856705643,4024849.775184177
1628859065966096152,353206.5974496426,4024850.400539968
1628859066098378854,353206.61926519475,4024851.5555465114
1628859066176355247,353206.638549117,4024852.2816978153
1628859066302113060,353206.6596321462,4024853.425882923
1628859066362380651,353206.70800309867,4024853.961293321
1628859066506379295,353206.7365313793,4024855.1811282285
1628859066566297804,353206.74874336296,4024855.700488141
1628859066703980730,353206.76739026216,4024856.8233519965
1628859066829956677,353206.7906750307,4024857.933563961
1628859066896445393,353206.81228489906,4024858.551978332
1628859066974391150,353206.82634088484,4024859.230701846
1628859067105980962,353206.8469001192,4024860.243028126
1628859067166383808,353206.87658202276,4024860.831734005
1628859067304151710,353206.8990073277,4024861.9146165187
1628859067376375825,353206.95458751917,4024862.571213375
1628859067496346316,353206.9764047036,4024863.55690678
1628859067646362500,353207.00983033376,4024864.7704026164
1628859067700363850,353207.01761226007,4024865.174113792
1628859067832110136,353207.0362474744,4024866.2187910825
1628859067898445167,353207.02411146753,4024866.797859499
1628859068048374966,353207.0329442502,4024867.98992097
1628859068107981428,353207.03580789384,4024868.3843159243
1628859068228672466,353207.07066629897,4024869.4355240017
1628859068300380395,353207.0757313691,4024869.9815554866
1628859068432289062,353207.1096807619,4024870.998904124
1628859068504353022,353207.11512188264,4024871.5365063115
1628859068630375889,353207.1239348643,4024872.539967699
1628859068714460366,353207.13168373797,4024873.141770925
1628859068846454104,353207.14825081255,4024874.1111651473
1628859068900354080,353207.18098448205,4024874.534076819
1628859069038017348,353207.18893173395,4024875.4810032607
1628859069104395786,353207.19513602334,4024875.9879831057
1628859069242373935,353207.2834378113,4024877.0091111693
1628859069307975311,353207.29384509835,4024877.436307176
1628859069434414486,353207.36319250765,4024878.3851236636
1628859069506369696,353207.3760513519,4024878.87239836
1628859069644359964,353207.40627395874,4024879.837258344
1628859069704358440,353207.4173196268,4024880.244484857
1628859069830004503,353207.4442338662,4024881.050006036
1628859069908391809,353207.4439195007,4024881.5829143827
1628859070034373620,353207.46632424847,4024882.4266897733
1628859070106024822,353207.47599540756,4024882.80860973
1628859070238144138,353207.5357104023,4024883.7436426617
1628859070298348619,353207.5492277329,4024884.11481624
1628859070448375896,353207.6156887095,4024885.0355441365
1628859070508396084,353207.62627860776,4024885.3906233315
1628859070640144875,353207.69550908986,4024886.1739434055
1628859070706408349,353207.7127086478,4024886.5697435895
1628859070850352957,353207.7537689678,4024887.3456365354
1628859070910362245,353207.80574398895,4024887.702822613
1628859071030381663,353207.83314052154,4024888.349398572
1628859071168351194,353207.8990225458,4024889.089958777
1628859071252355127,353207.9172824302,4024889.4979176396
1628859071312333474,353207.9322419496,4024889.7974718777
1628859071432422621,353207.9775976698,4024890.4017206365
1628859071564127576,353208.0055904076,4024891.013221469
1628859071648129424,353208.03683433856,4024891.402222504
1628859071702440062,353208.04861380556,4024891.670763402
1628859071840053248,353208.0740100289,4024892.2334490945
1628859071966009622,353208.1057598794,4024892.7748783203
1628859072050418439,353208.119272799,4024893.129572326
1628859072176415082,353208.15260515024,4024893.5878440826
1628859072242054274,353208.1617173023,4024893.8051906414
1628859072374424449,353208.2028268843,4024894.3028513477
1628859072446147551,353208.2152631135,4024894.5326844677
1628859072590049519,353208.241007712,4024894.9699663376
1628859072644356943,353208.27948125545,4024895.1659720247
1628859072776407229,353208.3042908828,4024895.5426307223
1628859072842380046,353208.31616084534,4024895.7101864587
1628859072974434532,353208.31519904063,4024896.08050657
1628859073034428481,353208.3203358942,4024896.232490131
1628859073166435665,353208.3161472684,4024896.5203750813
1628859073244449536,353208.32493426267,4024896.698694794
1628859073382305883,353208.3644142553,4024896.946930031
1628859073436539315,353208.37097722123,4024897.064190628
1628859073568436510,353208.38199237484,4024897.3038135264
1628859073652300797,353208.39765761234,4024897.441397487
1628859073778438433,353208.40887594165,4024897.649766649
1628859073832170324,353208.4140863749,4024897.7249965235
1628859073970405004,353208.41784499213,4024897.9253437277
1628859074048445673,353208.42152754206,4024898.0292862724
1628859074180456819,353208.3912198852,4024898.1857762933
1628859074240430530,353208.3914076104,4024898.2509287656
1628859074372404722,353208.4376214647,4024898.3651986057
1628859074438411926,353208.44074369303,4024898.4234348694
1628859074582435926,353208.4440876165,4024898.5235989303
1628859074636070564,353208.4598866604,4024898.5681621586
1628859074774405131,353208.4611590522,4024898.6433061273
1628859074846027467,353208.4620598267,4024898.6748768683
1628859074984398410,353208.46384185215,4024898.729656787
1628859075176074977,353208.496848167,4024898.770388577
1628859075254394960,353208.496592549,4024898.7823253935
1628859075386428699,353208.52215642226,4024898.8016375876
1628859075452406054,353208.52321732795,4024898.810225664
1628859075578078119,353208.5240950198,4024898.8296201667
1628859075656400306,353208.5441556902,4024898.8140825857
1628859075782422391,353208.5443638809,4024898.8263777606
1628859075914434031,353208.56292433944,4024898.7889232356
1628859075974128424,353208.56292433944,4024898.7889232356
1628859076052455385,353208.56292898883,4024898.78919782
1628859076184455937,353208.58745784615,4024898.797846285
1628859076322390654,353208.58745784615,4024898.797846285
1628859076370190190,353208.61185947736,4024898.807992283
1628859076508432993,353208.61185947736,4024898.807992283
1628859076580091129,353208.61185947736,4024898.807992283
1628859076706404311,353208.63754655357,4024898.8183606565
1628859076778410233,353208.63754655357,4024898.8183606565
1628859076916069604,353208.66387841874,4024898.828962256
1628859076988444362,353208.66387841874,4024898.828962256
1628859077108437572,353208.69064048596,4024898.839739677
1628859077168439742,353208.69064048596,4024898.839739677
1628859077312411276,353208.69064048596,4024898.839739677
1628859077396294417,353208.71774278407,4024898.850786
1628859077516302886,353208.71774278407,4024898.850786
1628859077570661082,353208.71774278407,4024898.850786
1628859077708476472,353208.74508759286,4024898.8617366604
1628859077786139194,353208.74508759286,4024898.8617366604
1628859077924476473,353208.77255598176,4024898.8727767845
1628859077972529677,353208.77255598176,4024898.8727767845
1628859078110639540,353208.7996603461,4024898.8839451424
1628859078182480365,353208.7996603461,4024898.8839451424
1628859078314505786,353208.7996603461,4024898.8839451424
1628859078512518420,353208.8269493067,4024898.8952019294
1628859078590128834,353208.8269493067,4024898.8952019294
1628859078710486983,353208.853964214,4024898.9064938747
1628859078776602072,353208.853964214,4024898.9064938747
1628859078914506248,353208.8811332106,4024898.9178747637
1628859078986464438,353208.8811332106,4024898.9178747637
1628859079112493260,353208.907996616,4024898.92923031
1628859079178488690,353208.907996616,4024898.92923031
1628859079316535925,353208.907996616,4024898.92923031
1628859079388485199,353208.9345559799,4024898.94065204
1628859079508480068,353208.9345559799,4024898.94065204
1628859079580740100,353208.9345559799,4024898.94065204
1628859079706487751,353208.9609622898,4024898.9520458444
1628859079796111984,353208.9609622898,4024898.9520458444
1628859079910484966,353208.98690789053,4024898.9632643424
1628859079976503387,353208.98690789053,4024898.9632643424
1628859080120480659,353209.01257892366,4024898.974487489
1628859080186516604,353209.01257892366,4024898.974487489
1628859080318530177,353209.01257892366,4024898.974487489
1628859080378507711,353209.0382489235,4024898.985649619
1628859080522477945,353209.0382489235,4024898.985649619
1628859080588119394,353209.0382489235,4024898.985649619
1628859080714146649,353209.0630610974,4024898.9966126485
1628859080852464057,353209.08744461887,4024899.007491383
1628859080912486046,353209.08744461887,4024899.007491383
1628859081044508332,353209.08744461887,4024899.007491383
1628859081110511547,353209.11191914685,4024899.0183380563
1628859081260129240,353209.11191914685,4024899.0183380563
1628859081314488287,353209.11191914685,4024899.0183380563
1628859081452483317,353209.13590348966,4024899.02907096
1628859081512491482,353209.13590348966,4024899.02907096
1628859081662510575,353209.1597352951,4024899.039806446
1628859081716480124,353209.1597352951,4024899.039806446
1628859081848123652,353209.1597352951,4024899.039806446
1628859081914476027,353209.1833809566,4024899.0503619793
1628859082064484097,353209.1833809566,4024899.0503619793
1628859082112502518,353209.2068740785,4024899.060920093
1628859082244533148,353209.2068740785,4024899.060920093
1628859082316495826,353209.2068740785,4024899.060920093
1628859082454153103,353209.23002800706,4024899.0712703257
1628859082526512185,353209.23002800706,4024899.0712703257
1628859082646560404,353209.25290581596,4024899.081533681
1628859082718467901,353209.25290581596,4024899.081533681
1628859082916480632,353209.2756305709,4024899.091769108
1628859083054376095,353209.2756305709,4024899.091769108
1628859083120470951,353209.29835222627,4024899.1018214836
1628859083258460565,353209.29835222627,4024899.1018214836
1628859083324174525,353209.29835222627,4024899.1018214836
1628859083450464021,353209.32076622633,4024899.1117264773
1628859083516533858,353209.32076622633,4024899.1117264773
1628859083660473004,353209.34308973607,4024899.12169404
1628859083726225742,353209.34308973607,4024899.12169404
1628859083852546549,353209.34308973607,4024899.12169404
1628859083918668997,353209.3652896659,4024899.1315721413
1628859084122549237,353209.38727501116,4024899.1413928396
1628859084248755837,353209.38727501116,4024899.1413928396
1628859084314547218,353209.38727501116,4024899.1413928396
1628859084464697754,353209.40931723744,4024899.1509684315
1628859084518459373,353209.40931723744,4024899.1509684315
1628859084650531364,353209.4308723804,4024899.1606133096
1628859084788410964,353209.4308723804,4024899.1606133096
1628859084860633870,353209.45236547384,4024899.1701981993
1628859084926545464,353209.45236547384,4024899.1701981993
1628859085046556250,353209.45236547384,4024899.1701981993
1628859085184605096,353209.4735519452,4024899.179696729
1628859085262572858,353209.4735519452,4024899.179696729
1628859085328305650,353209.4735519452,4024899.179696729
1628859085454577731,353209.4944933204,4024899.1891383724
1628859085574702176,353209.4944933204,4024899.1891383724
1628859085658601029,353209.51528009423,4024899.198460563
1628859085796609673,353209.51528009423,4024899.198460563
1628859085850323768,353209.51528009423,4024899.198460563
1628859085982304615,353209.53572922,4024899.2076664004
1628859086060460707,353209.53572922,4024899.2076664004
1628859086186567004,353209.5559017118,4024899.216754848
1628859086252328747,353209.5559017118,4024899.216754848
1628859086594475855,353209.575825496,4024899.2255728478
1628859086660559270,353209.59547729546,4024899.234548041
1628859086786585331,353209.59547729546,4024899.234548041
1628859086870652109,353209.61485349643,4024899.243466867
1628859087002533143,353209.61485349643,4024899.243466867
1628859087182556089,353209.6338904974,4024899.2521778108
1628859087260591329,353209.6338904974,4024899.2521778108
1628859087452550008,353209.6528059869,4024899.2609213283
1628859087590671056,353209.6528059869,4024899.2609213283
1628859087668433108,353209.6714133022,4024899.269486959
1628859087794539264,353209.6714133022,4024899.269486959
1628859087855013564,353209.6714133022,4024899.269486959
1628859087980554161,353209.6897145097,4024899.2779967366
1628859088196543466,353209.7078000995,4024899.286388094
1628859088256528578,353209.7078000995,4024899.286388094
1628859088388425405,353209.72585104953,4024899.294535894
1628859088466547249,353209.72585104953,4024899.294535894
1628859088604585836,353209.7434764445,4024899.302782453
1628859088652582335,353209.7434764445,4024899.302782453
1628859088784586026,353209.7434764445,4024899.302782453
1628859088862818989,353209.7607652247,4024899.310973679
1628859088994579867,353209.7607652247,4024899.310973679
1628859089114600381,353209.77790043433,4024899.3191064657
1628859089186779245,353209.77790043433,4024899.3191064657
1628859089264605205,353209.77790043433,4024899.3191064657
1628859089402462268,353209.7945754514,4024899.327094458
1628859089528577376,353209.7945754514,4024899.327094458
1628859089588465317,353209.7945754514,4024899.327094458
1628859089672423034,353209.81115842867,4024899.335053491
1628859089798561615,353209.81115842867,4024899.335053491
1628859089930547347,353209.8274952811,4024899.342894619
1628859089990544377,353209.8274952811,4024899.342894619
1628859090128558318,353209.84352602356,4024899.350679896
1628859090200562553,353209.84352602356,4024899.350679896
1628859090326533631,353209.84352602356,4024899.350679896
1628859090392621025,353209.8592511771,4024899.3584398273
1628859090530691485,353209.8592511771,4024899.3584398273
1628859090596406535,353209.8592511771,4024899.3584398273
1628859090728509765,353209.87497426424,4024899.3660777234
1628859090782603462,353209.87497426424,4024899.3660777234
1628859090920759495,353209.89029972267,4024899.3736613165
1628859091004639083,353209.89029972267,4024899.3736613165
1628859091124606248,353209.90556519787,4024899.381306961
1628859091184637965,353209.90556519787,4024899.381306961
1628859091322516200,353209.90556519787,4024899.381306961
1628859091400637453,353209.9205855816,4024899.38889572
1628859091526526332,353209.9205855816,4024899.38889572
1628859091586505254,353209.9205855816,4024899.38889572
1628859091730399015,353209.93529882445,4024899.3963676086
1628859091802547388,353209.93529882445,4024899.3963676086
1628859091922532114,353209.9498269542,4024899.403720558
1628859091994505841,353209.9498269542,4024899.403720558
1628859092126513290,353209.96395900747,4024899.4111107336
1628859092198601204,353209.96395900747,4024899.4111107336
1628859092330644804,353209.96395900747,4024899.4111107336
1628859092390601881,353209.97820998897,4024899.418315789
1628859092528510821,353209.97820998897,4024899.418315789
1628859092606731900,353209.9920038753,4024899.4255591016
1628859092732386533,353209.9920038753,4024899.4255591016
1628859092786755479,353209.9920038753,4024899.4255591016
1628859092936495695,353210.0055231963,4024899.432807062
1628859093008731523,353210.0055231963,4024899.432807062
1628859093128751571,353210.01894944644,4024899.439965046
1628859093188765189,353210.01894944644,4024899.439965046
1628859093332607684,353210.01894944644,4024899.439965046
1628859093398504789,353210.0321006102,4024899.44709717
1628859093536682376,353210.0321006102,4024899.44709717
1628859093662612402,353210.0450072014,4024899.454202916
1628859093728517331,353210.0450072014,4024899.454202916
1628859093806693321,353210.0450072014,4024899.454202916
1628859093932492838,353210.05779124337,4024899.4612802207
1628859093992507128,353210.05779124337,4024899.4612802207
1628859094130716778,353210.07026917755,4024899.4683016725
1628859094262513730,353210.07026917755,4024899.4683016725
1628859094322540705,353210.07026917755,4024899.4683016725
1628859094478431016,353210.0827465975,4024899.4752926156
1628859094532722761,353210.0827465975,4024899.4752926156
1628859094664627432,353210.09497892356,4024899.4822266726
1628859094736626933,353210.09497892356,4024899.4822266726
1628859094874813365,353210.10696719144,4024899.489164863
1628859094940409390,353210.10696719144,4024899.489164863
1628859095054885517,353210.10696719144,4024899.489164863
1628859095132534979,353210.1188308459,4024899.4959525727
1628859095270542611,353210.1188308459,4024899.4959525727
1628859095324756662,353210.1188308459,4024899.4959525727
1628859095462708316,353210.1304788828,4024899.5026218635
1628859095528605010,353210.1304788828,4024899.5026218635
1628859095678522028,353210.1420059203,4024899.5093542365
1628859095726481534,353210.1420059203,4024899.5093542365
1628859095864762257,353210.1534393728,4024899.515966125
1628859095925026397,353210.1534393728,4024899.515966125
1628859096080527053,353210.1534393728,4024899.515966125
1628859096134574165,353210.16474872845,4024899.522458041
1628859096266713639,353210.16474872845,4024899.522458041
1628859096332393823,353210.16474872845,4024899.522458041
1628859096470607929,353210.17629852623,4024899.5287322635
1628859096536547709,353210.17629852623,4024899.5287322635
1628859096656552915,353210.1872692008,4024899.535046808
1628859096740506942,353210.1872692008,4024899.535046808
1628859096872607087,353210.19805682875,4024899.541364452
1628859096932621595,353210.19805682875,4024899.541364452
1628859097059489440,353210.19805682875,4024899.541364452
1628859097131435441,353210.208841876,4024899.54752955
1628859097269527947,353210.208841876,4024899.54752955
1628859097335420576,353210.208841876,4024899.54752955
1628859097461577639,353210.21962485695,4024899.553572613
1628859097533422770,353210.21962485695,4024899.553572613
1628859097671624288,353210.23016377725,4024899.5596198076
1628859097731594896,353210.23016377725,4024899.5596198076
1628859097863544386,353210.2405175869,4024899.565548066
1628859097989894621,353210.2405175869,4024899.565548066
1628859098061472397,353210.2405175869,4024899.565548066
1628859098133449836,353210.25080934935,4024899.5714163384
1628859098259564696,353210.25080934935,4024899.5714163384
1628859098397473746,353210.2612205568,4024899.5771299982
1628859098475475200,353210.2612205568,4024899.5771299982
1628859098607352645,353210.27132617537,4024899.5828183163
1628859098667315786,353210.27132617537,4024899.5828183163
1628859098799388812,353210.27132617537,4024899.5828183163
1628859098877445229,353210.28124616435,4024899.588357187
1628859099009358069,353210.28124616435,4024899.588357187
1628859099057447339,353210.28124616435,4024899.588357187
1628859099195621072,353210.2911966627,4024899.593895542
1628859099279476059,353210.2911966627,4024899.593895542
1628859099405507076,353210.3009630835,4024899.5993759776
1628859099465509834,353210.3009630835,4024899.5993759776
1628859099591325695,353210.3009630835,4024899.5993759776
1628859099669555874,353210.3107284688,4024899.6047953954
1628859099807509206,353210.3107284688,4024899.6047953954
1628859099867487457,353210.3203697598,4024899.6100948416
1628859099993457229,353210.3203697598,4024899.6100948416
1628859100071432387,353210.3203697598,4024899.6100948416
1628859100209590722,353210.33004052454,4024899.6153327553
1628859100269505912,353210.33004052454,4024899.6153327553
1628859100389520895,353210.3395266952,4024899.620482239
1628859100473355642,353210.3395266952,4024899.620482239
1628859100611585100,353210.34898132575,4024899.625571222
1628859100671561961,353210.34898132575,4024899.625571222
1628859100791598657,353210.34898132575,4024899.625571222
1628859100863456662,353210.3583113429,4024899.6305097253
1628859101013566361,353210.3583113429,4024899.6305097253
1628859101079507301,353210.3583113429,4024899.6305097253
1628859101193618022,353210.3675488059,4024899.6353887604
1628859101271534813,353210.3675488059,4024899.6353887604
1628859101403489871,353210.3766942291,4024899.6402388345
1628859101463490701,353210.3766942291,4024899.6402388345
1628859101601371372,353210.3766942291,4024899.6402388345
1628859101673558562,353210.3858081098,4024899.6450284114
1628859101805499461,353210.3858081098,4024899.6450284114
1628859101865494087,353210.39482840535,4024899.649697497
1628859102003380948,353210.39482840535,4024899.649697497
1628859102075639205,353210.39482840535,4024899.649697497
1628859102207499314,353210.40369409486,4024899.654247129
1628859102339374496,353210.40369409486,4024899.654247129
1628859102399420669,353210.4126476916,4024899.6585816504
1628859102477609613,353210.4126476916,4024899.6585816504
1628859102615547945,353210.4214508175,4024899.6630407902
1628859102735552515,353210.4214508175,4024899.6630407902
1628859102795539635,353210.4214508175,4024899.6630407902
1628859102939612020,353210.43031444296,4024899.6674683876
1628859103011531982,353210.43031444296,4024899.6674683876
1628859103131496048,353210.4390855096,4024899.6718365154
1628859103197708621,353210.4390855096,4024899.6718365154
1628859103341382573,353210.4390855096,4024899.6718365154
1628859103413512039,353210.447795048,4024899.676175168
1628859103539549519,353210.447795048,4024899.676175168
1628859103599527321,353210.447795048,4024899.676175168
1628859103743423001,353210.4564420204,4024899.680423326
1628859103809617486,353210.4564420204,4024899.680423326
1628859103941596294,353210.46508795954,4024899.684610466
1628859104001587340,353210.46508795954,4024899.684610466
1628859104139535923,353210.4735187976,4024899.688709695
1628859104205405075,353210.4735187976,4024899.688709695
1628859104337501035,353210.4735187976,4024899.688709695
1628859104403630528,353210.481856046,4024899.6926884362
1628859104541554545,353210.481856046,4024899.6926884362
1628859104613531802,353210.49022380146,4024899.696666662
1628859104733524609,353210.49022380146,4024899.696666662
1628859104805397091,353210.49022380146,4024899.696666662
1628859104937493315,353210.4987146226,4024899.7007038393
1628859105015539636,353210.4987146226,4024899.7007038393
1628859105135534611,353210.5069593168,4024899.7046231125
1628859105207672623,353210.5069593168,4024899.7046231125
1628859105339413548,353210.5069593168,4024899.7046231125
1628859105405660606,353210.5151429947,4024899.708543419
1628859105537538187,353210.5151429947,4024899.708543419
1628859105609424931,353210.52344818634,4024899.71243115
1628859105747596094,353210.52344818634,4024899.71243115
1628859105819541992,353210.52344818634,4024899.71243115
1628859105939523346,353210.5315372414,4024899.716169953
1628859105999521299,353210.5315372414,4024899.716169953
1628859106137524596,353210.53968783165,4024899.7199382302
1628859106209667583,353210.53968783165,4024899.7199382302
1628859106341433362,353210.53968783165,4024899.7199382302
1628859106401457136,353210.5476243517,4024899.7236796133
1628859106539528601,353210.5476243517,4024899.7236796133
1628859106617447785,353210.55568341864,4024899.727449441
1628859106737660584,353210.55568341864,4024899.727449441
1628859106797635116,353210.55568341864,4024899.727449441
1628859106941557385,353210.5636478604,4024899.731037763
1628859107019688864,353210.5636478604,4024899.731037763
1628859107139674600,353210.57145976723,4024899.734628668
1628859107271638885,353210.57145976723,4024899.734628668
1628859107343482823,353210.57145976723,4024899.734628668
1628859107475563326,353210.5792680601,4024899.7380060097
1628859107541843924,353210.5792680601,4024899.7380060097
1628859107673639087,353210.5870794503,4024899.7415664056
1628859107745468858,353210.5870794503,4024899.7415664056
1628859107871600578,353210.5948298265,4024899.7451278344
1628859107943565237,353210.5948298265,4024899.7451278344
1628859108081698372,353210.5948298265,4024899.7451278344
1628859108141708114,353210.6026086433,4024899.74856671
1628859108273609719,353210.6026086433,4024899.74856671
1628859108339545937,353210.6026086433,4024899.74856671
1628859108483687459,353210.61023492285,4024899.7520081694
1628859108543691608,353210.61023492285,4024899.7520081694
1628859108663675245,353210.6177696791,4024899.7554511777
1628859108747480376,353210.6177696791,4024899.7554511777
1628859108879461894,353210.6254244015,4024899.758770083
1628859108951562215,353210.6254244015,4024899.758770083
1628859109077685665,353210.6254244015,4024899.758770083
1628859109149549172,353210.632896594,4024899.7621225975
1628859109275619483,353210.632896594,4024899.7621225975
1628859109341560739,353210.632896594,4024899.7621225975
1628859109479482666,353210.6404903001,4024899.765442537
1628859109539677904,353210.6404903001,4024899.765442537
1628859109689562249,353210.6478689029,4024899.7686745636
1628859109749571333,353210.6478689029,4024899.7686745636
1628859109875922028,353210.6553705714,4024899.7719655437
1628859109941499134,353210.6553705714,4024899.7719655437
1628859110085476705,353210.6553705714,4024899.7719655437
1628859110145813540,353210.66271815065,4024899.7751675798
1628859110271567279,353210.66271815065,4024899.7751675798
1628859110343558169,353210.66271815065,4024899.7751675798
1628859110487625631,353210.67049180134,4024899.778301363
1628859110553465460,353210.67049180134,4024899.778301363
1628859110667610581,353210.67777785007,4024899.7814739225
1628859110745616569,353210.67777785007,4024899.7814739225
1628859110883723656,353210.6850323584,4024899.7845859798
1628859110943697634,353210.6850323584,4024899.7845859798
1628859111087579135,353210.6850323584,4024899.7845859798
1628859111213593034,353210.69231685944,4024899.787667013
1628859111291704751,353210.69231685944,4024899.787667013
1628859111339842200,353210.69231685944,4024899.787667013
1628859111477544268,353210.69932730735,4024899.7907832013
1628859111609541470,353210.7063356888,4024899.793777356
1628859111675605998,353210.7063356888,4024899.793777356
1628859111747507715,353210.7063356888,4024899.793777356
1628859111879532684,353210.71355969016,4024899.796889929
1628859112011651416,353210.71355969016,4024899.796889929
1628859112077506841,353210.71355969016,4024899.796889929
1628859112155761574,353210.72053756466,4024899.7998845982
1628859112275738674,353210.72053756466,4024899.7998845982
1628859112407743938,353210.727752784,4024899.802478517
1628859112479614109,353210.727752784,4024899.802478517
1628859112617610439,353210.73460811155,4024899.805444744
1628859112677638912,353210.73460811155,4024899.805444744
1628859112809776947,353210.73460811155,4024899.805444744
1628859112887662869,353210.7414939484,4024899.808410455
1628859113025506684,353210.7414939484,4024899.808410455
1628859113079888597,353210.7414939484,4024899.808410455
1628859113211521054,353210.74828671216,4024899.811286188
1628859113295548013,353210.74828671216,4024899.811286188
1628859113427884171,353210.7548648915,4024899.814104519
1628859113475738198,353210.7548648915,4024899.814104519
1628859113619547763,353210.76162663405,4024899.8169502597
1628859113679709660,353210.76162663405,4024899.8169502597
1628859113811761939,353210.76162663405,4024899.8169502597
1628859113877708362,353210.7681443137,4024899.8198001324
1628859114009665020,353210.7681443137,4024899.8198001324
1628859114081611418,353210.7681443137,4024899.8198001324
1628859114221011527,353210.7748455542,4024899.822677416
1628859114279679908,353210.7748455542,4024899.822677416
1628859114411664910,353210.78166262805,4024899.825186521
1628859114489883672,353210.78166262805,4024899.825186521
1628859114621788089,353210.7880867204,4024899.827915908
1628859114687594375,353210.7880867204,4024899.827915908
1628859114819638060,353210.7880867204,4024899.827915908
1628859114885645433,353210.79457182664,4024899.8306442606
1628859115017531588,353210.79457182664,4024899.8306442606
1628859115089528319,353210.79457182664,4024899.8306442606
1628859115215788267,353210.80096437875,4024899.8333131457
1628859115281667823,353210.80096437875,4024899.8333131457
1628859115425628540,353210.8071718202,4024899.835863092
1628859115479631982,353210.8071718202,4024899.835863092
1628859115617728966,353210.81350128964,4024899.8384109726
1628859115683829968,353210.81350128964,4024899.8384109726
1628859115827651929,353210.81350128964,4024899.8384109726
1628859115947601878,353210.81958515104,4024899.8408714603
1628859116014020577,353210.81958515104,4024899.8408714603
1628859116157750528,353210.82573105965,4024899.8433919325
1628859116349646324,353210.82573105965,4024899.8433919325
1628859116415825758,353210.8318428473,4024899.8456993545
1628859116553665687,353210.8318428473,4024899.8456993545
1628859116625693394,353210.83786311164,4024899.848008329
1628859116757700418,353210.83786311164,4024899.848008329
1628859116805674868,353210.83786311164,4024899.848008329
1628859116949754019,353210.84388440696,4024899.8503783215
1628859117027528366,353210.84388440696,4024899.8503783215
1628859117159692183,353210.8498431408,4024899.8526578196
1628859117208017334,353210.8498431408,4024899.8526578196
1628859117351666846,353210.8498431408,4024899.8526578196
1628859117429771482,353210.85591770115,4024899.8545691413
1628859117549677129,353210.85591770115,4024899.8545691413
1628859117621796459,353210.8619364158,4024899.8567865863
1628859117753652980,353210.8619364158,4024899.8567865863
1628859117819876798,353210.8619364158,4024899.8567865863
1628859117951838591,353210.8676179969,4024899.858918189
1628859118017586995,353210.8676179969,4024899.858918189
1628859118161716754,353210.87351364794,4024899.861076684
1628859118227549014,353210.87351364794,4024899.861076684
1628859118359561404,353210.879285719,4024899.8631457174
1628859118413760031,353210.879285719,4024899.8631457174
1628859118557548956,353210.879285719,4024899.8631457174
1628859118623726739,353210.88502728543,4024899.865215267
1628859118761769339,353210.88502728543,4024899.865215267
1628859118815686277,353210.88502728543,4024899.865215267
1628859118953726586,353210.8907073167,4024899.8672553413
1628859119031702015,353210.8907073167,4024899.8672553413
1628859119157788014,353210.89632581966,4024899.8692659396
1628859119217692602,353210.89632581966,4024899.8692659396
1628859119361596329,353210.90200275125,4024899.871122958
1628859119415772864,353210.90200275125,4024899.871122958
1628859119559669312,353210.90200275125,4024899.871122958
1628859119619692987,353210.90759022825,4024899.8731035637
1628859119757815112,353210.90759022825,4024899.8731035637
1628859119835570484,353210.90759022825,4024899.8731035637
1628859119955745851,353210.91320821457,4024899.8750836523
1628859120081834237,353210.91320821457,4024899.8750836523
1628859120159708848,353210.9186721116,4024899.8769747983
1628859120279779472,353210.9186721116,4024899.8769747983
1628859120363579701,353210.9241670322,4024899.878895933
1628859120501705685,353210.9241670322,4024899.878895933
1628859120561711783,353210.9241670322,4024899.878895933
1628859120628259628,353210.92972193577,4024899.8807550194
1628859120759853263,353210.92972193577,4024899.8807550194
1628859120897859831,353210.9350617385,4024899.8825261937
1628859120951751150,353210.9350617385,4024899.8825261937
1628859121095561245,353210.9350617385,4024899.8825261937
1628859121149817852,353210.9404641048,4024899.884387862
1628859121293826604,353210.9404641048,4024899.884387862
1628859121359591341,353210.94595695904,4024899.8861869625
1628859121491913213,353210.94595695904,4024899.8861869625
1628859121552274644,353210.94595695904,4024899.8861869625
1628859121695820837,353210.95141930855,4024899.88798658
1628859121761816747,353210.95141930855,4024899.88798658
1628859121881769677,353210.9566360477,4024899.889698802
1628859121965728856,353210.9566360477,4024899.889698802
1628859122103807243,353210.9620684044,4024899.891529444
1628859122163740143,353210.9620684044,4024899.891529444
1628859122295812563,353210.9620684044,4024899.891529444
1628859122361692960,353210.96731461736,4024899.8931801305
1628859122505804084,353210.96731461736,4024899.8931801305
1628859122553845811,353210.96731461736,4024899.8931801305
1628859122691702379,353210.972590823,4024899.8947997917
1628859122757845128,353210.972590823,4024899.8947997917
1628859122889726798,353210.9778085931,4024899.896573033
1628859122955846588,353210.9778085931,4024899.896573033
1628859123093632105,353210.9778085931,4024899.896573033
1628859123159878829,353210.9830558415,4024899.898284739
1628859123297776592,353210.9830558415,4024899.898284739
1628859123363742416,353210.9886381503,4024899.8999602534
1628859123489858389,353210.9886381503,4024899.8999602534
1628859123555678591,353210.9886381503,4024899.8999602534
1628859123699781708,353210.9938238659,4024899.9016424823
1628859123759764938,353210.9938238659,4024899.9016424823
1628859123891731132,353210.99901009793,4024899.903355222
1628859123957850905,353210.99901009793,4024899.903355222
1628859124102006273,353210.99901009793,4024899.903355222
1628859124161770387,353211.00413531385,4024899.905068992
1628859124281763280,353211.00413531385,4024899.905068992
1628859124365690994,353211.009136952,4024899.906693305
1628859124503937467,353211.009136952,4024899.906693305
1628859124563873890,353211.009136952,4024899.906693305
1628859124689606521,353211.0142306276,4024899.908346575
1628859124821904501,353211.0142306276,4024899.908346575
1628859124893890843,353211.0192027896,4024899.910032421
1628859124953874895,353211.0192027896,4024899.910032421
1628859125091640960,353211.0192027896,4024899.910032421
1628859125229712097,353211.02441849554,4024899.9116836246
1628859125301875004,353211.02441849554,4024899.9116836246
1628859125433780290,353211.02947805036,4024899.913123847
1628859125493797553,353211.02947805036,4024899.913123847
1628859125625806123,353211.0344202219,4024899.9148407183
1628859125703862250,353211.0344202219,4024899.9148407183
1628859125835822932,353211.0344202219,4024899.9148407183
1628859125889770137,353211.03933188657,4024899.916558106
1628859126021620845,353211.03933188657,4024899.916558106
1628859126099690809,353211.03933188657,4024899.916558106
1628859126237845905,353211.0443340412,4024899.918212926
1628859126285895038,353211.0443340412,4024899.918212926
1628859126417902515,353211.0493056866,4024899.919868262
1628859126495823271,353211.0493056866,4024899.919868262
1628859126639772537,353211.0541263445,4024899.9216177096
1628859126687777609,353211.0541263445,4024899.9216177096
1628859126819905522,353211.0541263445,4024899.9216177096
1628859126909831373,353211.05903697596,4024899.923274078
1628859127041778582,353211.05903697596,4024899.923274078
1628859127095642408,353211.05903697596,4024899.923274078
1628859127227896546,353211.0639181335,4024899.924991984
1628859127305779783,353211.0639181335,4024899.924991984
1628859127443754052,353211.0684011458,4024899.9266250753
1628859127503755722,353211.0684011458,4024899.9266250753
1628859127629797718,353211.0730387594,4024899.9283776227
1628859127701898149,353211.0730387594,4024899.9283776227
1628859127821925250,353211.0730387594,4024899.9283776227
1628859127899686547,353211.0778909598,4024899.93018757
1628859128019850343,353211.0778909598,4024899.93018757
1628859128097648316,353211.0778909598,4024899.93018757
1628859128235874988,353211.08249755215,4024899.9319101237
1628859128295882290,353211.08249755215,4024899.9319101237
1628859128421816159,353211.08746764774,4024899.9334739326
1628859128505789590,353211.08746764774,4024899.9334739326
1628859128643918672,353211.09216627537,4024899.9352254453
1628859128691871696,353211.09216627537,4024899.9352254453
1628859128824358851,353211.09216627537,4024899.9352254453
1628859128907834485,353211.0967433939,4024899.937009534
1628859129039791647,353211.0967433939,4024899.937009534
1628859129165927800,353211.10126052704,4024899.9388556737
1628859129225912966,353211.10126052704,4024899.9388556737
1628859129369833835,353211.1058697023,4024899.940730771
1628859129435930581,353211.1058697023,4024899.940730771
1628859129567880601,353211.1058697023,4024899.940730771
1628859129633678002,353211.1104783587,4024899.942575363
1628859129765837055,353211.1104783587,4024899.942575363
1628859129843825118,353211.1104783587,4024899.942575363
1628859129963790308,353211.11496498715,4024899.9444220182
1628859130029934468,353211.11496498715,4024899.9444220182
1628859130167873746,353211.11942058965,4024899.946238683
1628859130239856527,353211.11942058965,4024899.946238683
1628859130365788295,353211.12393720855,4024899.9480543127
1628859130431862151,353211.12393720855,4024899.9480543127
1628859130569898912,353211.12393720855,4024899.9480543127
1628859130629945866,353211.1283943609,4024899.9499625047
1628859130761879639,353211.1283943609,4024899.9499625047
1628859130833802723,353211.1283943609,4024899.9499625047
1628859130977716723,353211.132819973,4024899.951810194
1628859131031950785,353211.132819973,4024899.951810194
1628859131169868297,353211.13730815117,4024899.9537483775
1628859131229941843,353211.13730815117,4024899.9537483775
1628859131373737228,353211.1417963271,4024899.95568656
1628859131445953581,353211.1417963271,4024899.95568656
1628859131565926486,353211.1417963271,4024899.95568656
1628859131625909389,353211.1462529651,4024899.957564243
1628859131763885523,353211.1462529651,4024899.957564243
1628859131847763398,353211.1462529651,4024899.957564243
1628859131967720142,353211.15058912034,4024899.9595355177
1628859132027943663,353211.15058912034,4024899.9595355177
1628859132165859789,353211.1549242447,4024899.961445776
1628859132243690240,353211.1549242447,4024899.961445776
1628859132369713250,353211.1594387948,4024899.96313937
1628859132435964000,353211.1594387948,4024899.96313937
1628859132573834734,353211.1594387948,4024899.96313937
1628859132639858791,353211.1638059759,4024899.965140639
1628859132765945663,353211.1638059759,4024899.965140639
1628859132831698467,353211.1638059759,4024899.965140639
1628859132975713686,353211.1680795697,4024899.9670214197
1628859133047896458,353211.1680795697,4024899.9670214197
1628859133167878099,353211.17256877874,4024899.9690206223
1628859133227891620,353211.17256877874,4024899.9690206223
1628859133371928215,353211.1768733961,4024899.9709313954
1628859133438289776,353211.1768733961,4024899.9709313954
1628859133569875045,353211.1768733961,4024899.9709313954
1628859133629919927,353211.1811795609,4024899.9729336966
1628859133768326906,353211.1811795609,4024899.9729336966
1628859133845729529,353211.1811795609,4024899.9729336966
1628859134103847295,353211.1853636977,4024899.9749380643
1628859134169995639,353211.18960936513,4024899.976971907
1628859134307852898,353211.18960936513,4024899.976971907
1628859134362201926,353211.19385606574,4024899.9790667696
1628859134511908291,353211.19385606574,4024899.9790667696
1628859134577840243,353211.19385606574,4024899.9790667696
1628859134704020000,353211.1980096956,4024899.981071654
1628859134769937658,353211.1980096956,4024899.981071654
1628859134913866317,353211.20228587,4024899.9831049806
1628859134973876591,353211.20228587,4024899.9831049806
1628859135099965170,353211.20228587,4024899.9831049806
1628859135172024987,353211.206501547,4024899.9851698508
1628859135315851982,353211.206501547,4024899.9851698508
1628859135375903020,353211.2107167074,4024899.98720421
1628859135501885695,353211.2107167074,4024899.98720421
1628859135574029819,353211.2107167074,4024899.98720421
1628859135705957775,353211.21484034456,4024899.9892401206
1628859135771761079,353211.21484034456,4024899.9892401206
1628859135904002211,353211.21902551455,4024899.9913055063
1628859135963983199,353211.21902551455,4024899.9913055063
1628859136113900133,353211.22318069416,4024899.9934019176
1628859136173899715,353211.22318069416,4024899.9934019176
1628859136311776594,353211.22318069416,4024899.9934019176
1628859136365991802,353211.22739740205,4024899.995527805
1628859136515921749,353211.22739740205,4024899.995527805
1628859136570044192,353211.22739740205,4024899.995527805
1628859136707913946,353211.2314605418,4024899.997595256
1628859136767963620,353211.2314605418,4024899.997595256
1628859136911982245,353211.2355231649,4024899.9996321993
1628859136977962801,353211.2355231649,4024899.9996321993
1628859137103784448,353211.2355231649,4024899.9996321993
1628859137169924486,353211.23980140797,4024900.0017875633
1628859137308017659,353211.23980140797,4024900.0017875633
1628859137367970292,353211.2438019817,4024900.003764522
1628859137505760719,353211.2438019817,4024900.003764522
1628859137572044025,353211.2438019817,4024900.003764522
1628859137709905395,353211.2476810439,4024900.005774054
1628859137769943860,353211.2476810439,4024900.005774054
1628859137902005574,353211.2518641475,4024900.0077174036
1628859138033986179,353211.2518641475,4024900.0077174036
1628859138111938239,353211.255835764,4024900.0097864047
1628859138171922530,353211.255835764,4024900.0097864047
1628859138310057225,353211.255835764,4024900.0097864047
1628859138441928217,353211.2598368565,4024900.011793872
1628859138513948933,353211.2598368565,4024900.011793872
1628859138579759808,353211.2598368565,4024900.011793872
1628859138705936981,353211.263836397,4024900.013709813
1628859138837792773,353211.263836397,4024900.013709813
1628859138904038744,353211.267775959,4024900.015687803
1628859139053924518,353211.267775959,4024900.015687803
1628859139107919457,353211.27180704195,4024900.017664244
1628859139239760598,353211.27180704195,4024900.017664244
1628859139318278258,353211.27180704195,4024900.017664244
1628859139443976705,353211.27556200756,4024900.0195538066
1628859139503967872,353211.27556200756,4024900.0195538066
1628859139635955538,353211.2793785038,4024900.021472846
1628859139714315098,353211.2793785038,4024900.021472846
1628859139846561917,353211.2793785038,4024900.021472846
1628859139905951057,353211.28340855346,4024900.02338827
1628859140037950993,353211.28340855346,4024900.02338827
1628859140103906605,353211.28340855346,4024900.02338827
1628859140236005556,353211.28731657297,4024900.0253057587
1628859140308245554,353211.28731657297,4024900.0253057587
1628859140440343451,353211.2911625453,4024900.0271632634
1628859140518016896,353211.2911625453,4024900.0271632634
1628859140655832226,353211.2952530924,4024900.0290471446
1628859140710211074,353211.2952530924,4024900.0290471446
1628859140835801167,353211.2952530924,4024900.0290471446
1628859140925805020,353211.29916007875,4024900.0309036146
1628859141052191025,353211.29916007875,4024900.0309036146
1628859141112191825,353211.3029745108,4024900.0327006173
1628859141244223934,353211.3029745108,4024900.0327006173
1628859141327838184,353211.3029745108,4024900.0327006173
1628859141453940039,353211.3068809805,4024900.0345265795
1628859141501968115,353211.3068809805,4024900.0345265795
1628859141640226896,353211.31051029975,4024900.036204644
1628859141711961960,353211.31051029975,4024900.036204644
1628859141849948213,353211.31051029975,4024900.036204644
1628859141904278348,353211.31429319165,4024900.0379411452
1628859142042199318,353211.31429319165,4024900.0379411452
1628859142119915079,353211.3181686378,4024900.0397371147
1628859142251994352,353211.3181686378,4024900.0397371147
1628859142306236575,353211.3181686378,4024900.0397371147
1628859142437936012,353211.3220125437,4024900.0414725817
1628859142516234759,353211.3220125437,4024900.0414725817
1628859142648216054,353211.3254851928,4024900.0429091575
1628859142774327235,353211.3254851928,4024900.0429091575
1628859142834477430,353211.3254851928,4024900.0429091575
1628859142924182743,353211.3293290988,4024900.0446446254
1628859143055974902,353211.3293290988,4024900.0446446254
1628859143175994227,353211.3331424954,4024900.0463806097
1628859143235996998,353211.3331424954,4024900.0463806097
1628859143379937692,353211.33698536817,4024900.0480550593
1628859143446184088,353211.33698536817,4024900.0480550593
1628859143583777423,353211.33698536817,4024900.0480550593
1628859143644203303,353211.3404554344,4024900.0493390886
1628859143781971999,353211.3404554344,4024900.0493390886
1628859143853820182,353211.3404554344,4024900.0493390886
1628859143980210350,353211.3441442201,4024900.0509245945
1628859144040173864,353211.3441442201,4024900.0509245945
1628859144183880105,353211.347894022,4024900.0525090653
1628859144250224346,353211.347894022,4024900.0525090653
1628859144382183892,353211.3516438217,4024900.0540935374
1628859144442199236,353211.3516438217,4024900.0540935374
1628859144585944812,353211.3516438217,4024900.0540935374
1628859144657967118,353211.35551565164,4024900.055675944
1628859144784254792,353211.35551565164,4024900.055675944
1628859144844332725,353211.35551565164,4024900.055675944
1628859144982005300,353211.359204435,4024900.057261449
1628859145054324738,353211.359204435,4024900.057261449
1628859145174302240,353211.3629532016,4024900.058784901
1628859145245966181,353211.3629532016,4024900.058784901
1628859145384299802,353211.3667640175,4024900.060368341
1628859145456299859,353211.3667640175,4024900.060368341
1628859145635995568,353211.3703886896,4024900.061771823
1628859145786177278,353211.3703886896,4024900.061771823
1628859145858262736,353211.3741059159,4024900.063234776
1628859145978341726,353211.3741059159,4024900.063234776
1628859146044042035,353211.3741059159,4024900.063234776
1628859146176314735,353211.37779418274,4024900.0647897716
1628859146260208557,353211.37779418274,4024900.0647897716
1628859146386282166,353211.3814493618,4024900.066192739
1628859146446306990,353211.3814493618,4024900.066192739
1628859146583977255,353211.3814493618,4024900.066192739
1628859146650002147,353211.38553112687,4024900.067557964
1628859146776257688,353211.38553112687,4024900.067557964
1628859146847989714,353211.38553112687,4024900.067557964
1628859146980267960,353211.3891847562,4024900.0688694045
1628859147051989474,353211.3891847562,4024900.0688694045
1628859147178261958,353211.39296144666,4024900.0702397954
1628859147322295987,353211.39296144666,4024900.0702397954
1628859147387892779,353211.39664609963,4024900.0715812272
1628859147460245668,353211.39664609963,4024900.0715812272
1628859147585926623,353211.39664609963,4024900.0715812272
1628859147718014779,353211.4003271364,4024900.072709095
1628859147784240302,353211.4003271364,4024900.072709095
1628859147910268103,353211.4041322698,4024900.073956933
1628859147987975579,353211.4041322698,4024900.073956933
1628859148114233475,353211.40784536104,4024900.075175811
1628859148186244936,353211.40784536104,4024900.075175811
1628859148312388191,353211.40784536104,4024900.075175811
1628859148384272931,353211.4115889639,4024900.0763941747
1628859148527994453,353211.4115889639,4024900.0763941747
1628859148582356696,353211.4115889639,4024900.0763941747
1628859148714271418,353211.4156686625,4024900.077637365
1628859148786302134,353211.4156686625,4024900.077637365
1628859148924257056,353211.4193197066,4024900.078796258
1628859148989882259,353211.4193197066,4024900.078796258
1628859149116188266,353211.42318533745,4024900.0800125543
1628859149188253147,353211.42318533745,4024900.0800125543
1628859149320031515,353211.42318533745,4024900.0800125543
1628859149386200427,353211.4269578975,4024900.0811388725
1628859149518258222,353211.4269578975,4024900.0811388725
1628859149595955711,353211.4269578975,4024900.0811388725
1628859149728029182,353211.4307583793,4024900.08211213
1628859149788026647,353211.4307583793,4024900.08211213
1628859149914245965,353211.4344378663,4024900.0831484697
1628859149991886445,353211.4344378663,4024900.0831484697
1628859150130040487,353211.4383019473,4024900.0842732387
1628859150190040910,353211.4383019473,4024900.0842732387
1628859150328280102,353211.4383019473,4024900.0842732387
1628859150388276477,353211.4421649951,4024900.085336989
1628859150526266106,353211.4421649951,4024900.085336989
1628859150592288816,353211.4421649951,4024900.085336989
1628859150723910875,353211.4457157362,4024900.0859787776
1628859150790277639,353211.4457157362,4024900.0859787776
1628859150915972758,353211.44939419,4024900.086954101
1628859150988528136,353211.44939419,4024900.086954101
1628859151120256365,353211.4532872282,4024900.087986824
1628859151198293050,353211.4532872282,4024900.087986824
1628859151324397186,353211.4532872282,4024900.087986824
1628859151390375491,353211.45702669595,4024900.088961114
1628859151522383547,353211.45702669595,4024900.088961114
1628859151654313754,353211.46082666353,4024900.0899038613
1628859151731944070,353211.46082666353,4024900.0899038613
1628859151786299588,353211.46082666353,4024900.0899038613
1628859151924343185,353211.46459457185,4024900.090755598
1628859152044380612,353211.46459457185,4024900.090755598
1628859152134363546,353211.4683340397,4024900.0917298864
1628859152266239084,353211.4683340397,4024900.0917298864
1628859152319945362,353211.4683340397,4024900.0917298864
1628859152452321924,353211.4721324574,4024900.0925811073
1628859152524298010,353211.4721324574,4024900.0925811073
1628859152656519118,353211.47577678575,4024900.0933433827
1628859152716303036,353211.47577678575,4024900.0933433827
1628859152854377489,353211.47954521305,4024900.0942256274
1628859152926522252,353211.47954521305,4024900.0942256274
1628859153064329057,353211.47954521305,4024900.0942256274
1628859153124336293,353211.48343618494,4024900.095136317
1628859153256300805,353211.48343618494,4024900.095136317
1628859153334187114,353211.48343618494,4024900.095136317
1628859153460296010,353211.48708309623,4024900.096051137
1628859153526213027,353211.48708309623,4024900.096051137
1628859153651939855,353211.4907289767,4024900.09690494
1628859153730341450,353211.4907289767,4024900.09690494
1628859153868324512,353211.49446534493,4024900.097696174
1628859153928315420,353211.49446534493,4024900.097696174
1628859154048325496,353211.49446534493,4024900.097696174
1628859154120351546,353211.4983258098,4024900.098607379
1628859154258383998,353211.4983258098,4024900.098607379
1628859154323964906,353211.4983258098,4024900.098607379
1628859154450338131,353211.50212422526,4024900.0994586
1628859154534290923,353211.50212422526,4024900.0994586
1628859154666362744,353211.50610310654,4024900.100154173
1628859154720643378,353211.50610310654,4024900.100154173
1628859154852367463,353211.50610310654,4024900.100154173
1628859154936418450,353211.50990152184,4024900.1010053945
1628859155062451882,353211.50990152184,4024900.1010053945
1628859155116308040,353211.5136689137,4024900.101826622
1628859155259993125,353211.5136689137,4024900.101826622
1628859155338064680,353211.5136689137,4024900.101826622
1628859155464355818,353211.5174342414,4024900.1025258126
1628859155589925316,353211.5174342414,4024900.1025258126
1628859155649971869,353211.52091776696,4024900.1028025243
1628859155728321688,353211.52093688096,4024900.103931361
1628859155866324287,353211.5247336624,4024900.1100927186
1628859155991992827,353211.52494339866,4024900.1224794206
1628859156060351114,353211.52516140055,4024900.1353542716
1628859156136340035,353211.52995433734,4024900.157093391
1628859156268294501,353211.532829476,4024900.2097490677
1628859156388297039,353211.53870865854,4024900.2722111507
1628859156453989040,353211.5403057835,4024900.3124676943
1628859156592200135,353211.54474825517,4024900.425247553
1628859156670318167,353211.549916871,4024900.49440508
1628859156790288959,353211.55734571465,4024900.623156253
1628859156856306715,353211.5604696471,4024900.7031212095
1628859156993900584,353211.5635936796,4024900.875005985
1628859157072360410,353211.5655810088,4024900.9923745757
1628859157192418053,353211.5782876394,4024901.1859173733
1628859157252360678,353211.58227729116,4024901.2899767878
1628859157408454558,353211.57471275155,4024901.5677259276
1628859157462433565,353211.5759986963,4024901.6671008524
1628859157594278454,353211.5790936673,4024901.9436013764
1628859157654648537,353211.572644769,4024902.070970085
1628859157792405868,353211.5742879072,4024902.4059063937
1628859157870512235,353211.5837827333,4024902.582779781
1628859157996266771,353211.5886631039,4024902.9286782253
1628859158050407559,353211.59104106686,4024903.0961505435
1628859158194362319,353211.5969104505,4024903.4842384546
1628859158266381924,353211.6015152599,4024903.6967174425
1628859158392405170,353211.6063501496,4024904.106612628
1628859158452449557,353211.6080047521,4024904.3052559406
1628859158662371921,353211.6174196782,4024905.0559276566
1628859158794450989,353211.6136834099,4024905.53994329
1628859158854403910,353211.62208202045,4024905.783638857
1628859158998372212,353211.640124856,4024906.3373852624
1628859159064664533,353211.650490296,4024906.621544737
1628859159196386152,353211.6314546364,4024907.184219832
1628859159256400981,353211.62936677155,4024907.441185126
1628859159394405175,353211.64916469855,4024908.051726089
1628859159466398518,353211.64971764456,4024908.3673325297
1628859159592037278,353211.6600597113,4024908.9204463847
1628859159658431732,353211.6571412183,4024909.256314435
1628859159796428281,353211.6628769235,4024909.924863834
1628859159874302145,353211.6804344243,4024910.2697236435
1628859159994279942,353211.68482905393,4024910.859071362
1628859160126429256,353211.70745319995,4024911.575247853
1628859160198522980,353211.7103453246,4024911.9280770076
1628859160324317401,353211.7140870564,4024912.5401410763
1628859160402364731,353211.7230070825,4024912.9678200507
1628859160528526598,353211.7316765031,4024913.647428282
1628859160594126524,353211.73075580405,4024913.9625103567
1628859160732391117,353211.7349703389,4024914.7268505916
1628859160798086866,353211.7356203844,4024915.0499933055
1628859160942374503,353211.74854922027,4024915.8766255486
1628859160996094394,353211.75480719004,4024916.150692126
1628859161134431232,353211.7645680201,4024916.93800996
1628859161194381410,353211.7633460478,4024917.2749479325
1628859161350033970,353211.7685664539,4024918.062647828
1628859161404433734,353211.7650917268,4024918.4900178737
1628859161536351553,353211.7796578801,4024919.2349260612
1628859161602413910,353211.78454395727,4024919.5811601123
1628859161722810306,353211.80314770306,4024920.341045243
1628859161806405175,353211.810043737,4024920.8131925124
1628859161926396934,353211.82312639477,4024921.526356716
1628859162004407156,353211.83240556286,4024922.002278368
1628859162136397763,353211.8629165911,4024922.787749481
1628859162196453734,353211.87105071836,4024923.1473869197
1628859162328518530,353211.89015564974,4024923.931464238
1628859162394413180,353211.9048890491,4024924.365453538
1628859162538440003,353211.9263538013,4024925.2222149842
1628859162598380046,353211.93533010967,4024925.590139023
1628859162736424982,353211.95696734847,4024926.460691629
1628859162802022435,353211.9654518409,4024926.8338120333
1628859162940426684,353211.98943080136,4024927.711099957
1628859163000419388,353211.99632001773,4024928.0909307897
1628859163132374804,353212.01029489306,4024928.919864694
1628859163198490175,353212.0186799364,4024929.3700138894
1628859163408603487,353212.0466119159,4024930.6772011546
1628859163528513281,353212.05841843155,4024931.52405525
1628859163600491684,353212.0660401676,4024931.981389071
1628859163798473744,353212.0863325116,4024933.3149815863
1628859163930435587,353212.08456740784,4024934.1965506794
1628859164002454380,353212.0849354791,4024934.6652379017
1628859164140503011,353212.08727278933,4024935.6160741346
1628859164200445533,353212.0873497479,4024936.0189087233
1628859164338382521,353212.0820061234,4024936.8927868744
1628859164464451716,353212.08462729113,4024937.779286632
1628859164548466917,353212.0776181773,4024938.322318234
1628859164602483483,353212.0716256641,4024938.7307488117
1628859164734503307,353212.05525528,4024939.61842465
1628859164872464593,353212.036869244,4024940.513214764
1628859164944457963,353212.01816232083,4024941.062853194
1628859165004509445,353212.00427974935,4024941.475689875
1628859165124475474,353211.98724854167,4024942.29910627
1628859165262448755,353211.9315612056,4024943.2779638544
1628859165340592848,353211.8987154461,4024943.7639372726
1628859165478442705,353211.8713263036,4024944.7523865975
1628859165538478081,353211.8558340463,4024945.169278896
1628859165664449469,353211.7994146744,4024946.076065672
1628859165742498324,353211.7613065189,4024946.573847063
1628859165874462579,353211.7007383207,4024947.5726239216
1628859165934466052,353211.6806316023,4024947.998139362
1628859166066299742,353211.62981057854,4024948.840865891
1628859166138642400,353211.60172631266,4024949.4115983755
1628859166282378439,353211.5369518744,4024950.405258425
1628859166336731483,353211.51086467336,4024950.8344152076
1628859166474310182,353211.4580821865,4024951.761343245
1628859166552460395,353211.42258257495,4024952.3356803325
1628859166666475062,353211.372436477,4024953.2074484574
1628859166732496083,353211.34430629667,4024953.640301981
1628859166858496714,353211.28162489214,4024954.577346468
1628859166942433873,353211.2450082393,4024955.165008265
1628859167068495307,353211.18456073746,4024956.127649941
1628859167140383461,353211.16150520055,4024956.6565488367
1628859167260440330,353211.1141128192,4024957.546764176
1628859167344597467,353211.08408516104,4024958.139685552
1628859167476447868,353211.0284560591,4024959.1183590847
1628859167542481656,353211.0039656789,4024959.6472212453
1628859167662472219,353210.96845571,4024960.566959793
1628859167734485837,353210.9441347873,4024961.105828947
1628859167884457897,353210.88892601675,4024962.2607055623
1628859167944448883,353210.868758834,4024962.7258952754
1628859168064428675,353210.8303164142,4024963.6580737424
1628859168142461592,353210.7994550598,4024964.3008754486
1628859168274469923,353210.76504650724,4024965.323501623
1628859168322492252,353210.75364062807,4024965.7185960226
1628859168466416090,353210.7333824148,4024966.832597247
1628859168544426258,353210.7198854407,4024967.470038963
1628859168676494115,353210.6936142434,4024968.5154767935
1628859168736474677,353210.6849439016,4024968.998233242
1628859168868482309,353210.67004237877,4024970.0573336687
1628859168946558294,353210.66191034205,4024970.7088448387
1628859169084388528,353210.6522606358,4024971.773532664
1628859169211148872,353210.6615419105,4024972.8388765096
1628859169265171598,353210.660138009,4024973.2515629544
1628859169409239773,353210.6645787613,4024974.5032088244
1628859169481136955,353210.66551357217,4024975.086450578
1628859169607366553,353210.6614128348,4024976.1688668905
1628859169667353164,353210.66260068933,4024976.6715371776
1628859169811303785,353210.66780937125,4024977.851392014
1628859169865560530,353210.65611555136,4024978.3484209953
1628859170009348751,353210.6597573999,4024979.536664262
1628859170069392883,353210.6610837157,4024980.047510997
1628859170201373665,353210.6617447452,4024981.162439775
1628859170279342858,353210.6649185158,4024981.8472681413
1628859170405175617,353210.6819240303,4024982.900213022
1628859170471266579,353210.68657525675,4024983.50469333
1628859170603154494,353210.6970211533,4024984.6316025415
1628859170681545875,353210.6930846062,4024985.3236314547
1628859170801319763,353210.70276908646,4024986.3677280555
1628859170873281859,353210.72170052916,4024986.986554102
1628859171011405099,353210.73477327137,4024988.2091228906
1628859171089161747,353210.7398608035,4024988.821347355
1628859171203395853,353210.77814638335,4024989.871307375
1628859171275278339,353210.7853579951,4024990.4864255902
1628859171413401873,353210.81445752643,4024991.7291699788
1628859171479168583,353210.82251686347,4024992.259190008
1628859171617259868,353210.8522280102,4024993.5074172593
1628859171665409312,353210.85895618354,4024993.9498125007
1628859171803336251,353210.8783364198,4024995.18985279
1628859171887134452,353210.91409636545,4024995.9140467686
1628859172007401676,353210.9356762043,4024996.9830276514
1628859172067369755,353210.9456424327,4024997.517532042
1628859172205378327,353210.99444046547,4024998.7792301844
1628859172277290624,353211.0093071405,4024999.4049000395
1628859172415165450,353211.0421448066,4025000.5638400987
1628859172469303470,353211.0558028824,4025001.1001130515
1628859172607846745,353211.08536662604,4025002.3522491013
1628859172679281110,353211.09986721876,4025002.9779251586
1628859172811177773,353211.12742608425,4025004.1404946847
1628859172871211098,353211.114727494,4025004.686308262
1628859173015299424,353211.1372083437,4025005.9454612946
1628859173081295615,353211.14940172096,4025006.5754489247
1628859173219282638,353211.17698949156,4025007.846051241
1628859173267315591,353211.18537218694,4025008.2960479413
1628859173411405208,353211.2087913761,4025009.565561169
1628859173483159965,353211.221020923,4025010.197684441
1628859173609452486,353211.26090143924,4025011.367064448
1628859173669341507,353211.27190688776,4025011.9088755404
1628859173813200135,353211.2984870159,4025013.1722316756
1628859173879393997,353211.3150666193,4025013.8071499704
1628859174011342006,353211.3423812451,4025014.984128087
1628859174155443087,353211.36273376655,4025016.2509466456
1628859174209651019,353211.37475992856,4025016.7917638877
1628859174335178039,353211.40040019585,4025017.871662482
1628859174413464824,353211.4129379997,4025018.6030857074
1628859174539741644,353211.44160288374,4025019.7678948524
1628859174611349674,353211.4537340251,4025020.4122269494
1628859174737207841,353211.4776950019,4025021.48305966
1628859174809478814,353211.49273186084,4025022.1061631525
1628859174953611258,353211.524878068,4025023.4513350287
1628859175007309319,353211.53568181884,4025023.8929288476
1628859175145297628,353211.54969985015,4025025.1208528397
1628859175205335907,353211.5608720954,4025025.643679001
1628859175355482677,353211.58140760474,4025026.9519377556
1628859175415399564,353211.5919108763,4025027.4676950993
1628859175547301173,353211.6148583008,4025028.581392079
1628859175607311257,353211.64923123305,4025029.1119431397
1628859175757437040,353211.67595128587,4025030.392570052
1628859175817431277,353211.6850275831,4025030.89974552
1628859175943183354,353211.7158303373,4025031.906069676
1628859176015349045,353211.72792816715,4025032.566454752
1628859176148385147,353211.7538870268,4025033.643540332
1628859176214372540,353211.7613374284,4025034.1321884664
1628859176346498374,353211.773725809,4025035.1791690704
1628859176406601623,353211.78968603874,4025035.7414653315
1628859176556405370,353211.81075566733,4025036.913666371
1628859176610495564,353211.8282312468,4025037.3131546243
1628859176748527659,353211.84367050254,4025038.3835213003
1628859176814378502,353211.84735201934,4025038.837015629
1628859176952504208,353211.88178723876,4025039.8740403056
1628859177012492191,353211.89000210643,4025040.312321005
1628859177150395111,353211.906611329,4025041.3238294115
1628859177210390637,353211.9099949505,4025041.7471160884
1628859177360616707,353211.9553011917,4025042.8044036645
1628859177414485593,353211.96231527627,4025043.148343427
1628859177540445126,353211.97527233884,4025044.0288699204
1628859177612422526,353211.9862568821,4025044.518984111
1628859177750589259,353211.9966855316,4025045.4322075476
1628859177810625222,353212.00168764737,4025045.815915655
1628859177942608414,353212.0031642739,4025046.6636162084
1628859178074499220,353212.0100747114,4025047.4789978773
1628859178152643057,353212.01365016564,4025047.973082781
1628859178212584062,353212.01470628555,4025048.3400118384
1628859178344624818,353212.0212873439,4025049.1215242445
1628859178476469959,353212.0259005703,4025049.8949522167
1628859178554363889,353212.02649641456,4025050.3734624237
1628859178692602827,353212.0209969943,4025051.2092570686
1628859178746598239,353212.0193927449,4025051.5109839584
1628859178878502487,353211.98472492,4025052.256939604
1628859178944438770,353211.98001815693,4025052.6727948496
1628859179100260783,353211.9704951063,4025053.498037411
1628859179148529575,353212.0059912221,4025053.8786656596
1628859179274636430,353211.9986845566,4025054.6527837645
1628859179352279922,353211.9940614912,4025055.073581492
1628859179490372258,353212.0003032742,4025055.898129857
1628859179550377560,353211.9982135682,4025056.2666991167
1628859179677490520,353211.97793078644,4025057.0313933045
1628859179761355373,353211.9721066265,4025057.5200220933
1628859179887408208,353211.9681716117,4025058.2697908804
1628859179947422576,353211.96338855475,4025058.636086392
1628859180085298271,353211.9530521311,4025059.4313131412
1628859180163377112,353211.9469257357,4025059.9038946484
1628859180295260962,353211.93282980076,4025060.6951567023
1628859180343557177,353211.92725865624,4025060.996889732
1628859180481372951,353211.91511329496,4025061.8456754717
1628859180553257434,353211.9054887659,4025062.2612477844
1628859180691518079,353211.92616556556,4025063.116496853
1628859180751438912,353211.9184085645,4025063.4693538253
1628859180883385844,353211.8728695577,4025064.216653252
1628859180955335538,353211.8607043233,4025064.622747011
1628859181087307169,353211.8369290484,4025065.374011448
1628859181141503288,353211.82583772694,4025065.7119711223
1628859181285391300,353211.79892207996,4025066.5156574147
1628859181363368814,353211.7907509963,4025066.970206965
1628859181495462488,353211.76548052544,4025067.7124634325
1628859181555478728,353211.75388087844,4025068.054643185
1628859181675529746,353211.730386365,4025068.7377869706
1628859181765376167,353211.7129512585,4025069.2489514663
1628859181897295380,353211.6819643427,4025069.9779989417
1628859181945401121,353211.6724658939,4025070.260450146
1628859182077333875,353211.6491976503,4025070.994799101
1628859182149379497,353211.65404861985,4025071.394806328
1628859182300663962,353211.6294886704,4025072.242093304
1628859182426406887,353211.60724174173,4025072.9700772497
1628859182474432030,353211.59979193565,4025073.2509678733
1628859182630307592,353211.57230723964,4025074.044470842
1628859182696593258,353211.5608343383,4025074.491446843
1628859182816486584,353211.54328479164,4025075.1598413875
1628859182876469836,353211.5566760084,4025075.496531997
1628859182967414730,353211.54848761926,4025075.9356398038
1628859183093300103,353211.53916194144,4025076.6427748688
1628859183225572246,353211.5387952699,4025077.3617822747
1628859183279545027,353211.5413075793,4025077.690356237
1628859183417428176,353211.54984245327,4025078.461093302
1628859183495411054,353211.5552841581,4025078.8455264135
1628859183627300459,353211.56546565914,4025079.5603268435
1628859183681552075,353211.57202041696,4025079.8861467843
1628859183819589542,353211.6017230768,4025080.6418768265
1628859183891406375,353211.6118933337,4025081.02622987
1628859184023323000,353211.65131016937,4025081.7393145356
1628859184089295403,353211.67039587325,4025082.0716972537
1628859184215428662,353211.7219715251,4025082.780181455
1628859184293416631,353211.76288659987,4025083.2213264597
1628859184413406991,353211.80479966535,4025083.872783779
1628859184485307924,353211.85173012735,4025084.2510821684
1628859184617308439,353211.93186171894,4025084.953772712
1628859184689770090,353211.9957076351,4025085.386716847
1628859184821614272,353212.1196685559,4025086.093548076
1628859184887334506,353212.15580506495,4025086.416486707
1628859185025520673,353212.31502744916,4025087.171122199
1628859185091329927,353212.38743908633,4025087.4917986053
1628859185217432597,353212.54059328715,4025088.2034456125
1628859185277307720,353212.62105357624,4025088.5200794414
1628859185427384625,353212.83434556104,4025089.3213462196
1628859185487566812,353212.92779196927,4025089.63177865
1628859185631432247,353213.15187623247,4025090.349548878
1628859185685453160,353213.2537384506,4025090.6523924414
1628859185817443036,353213.4866178703,4025091.302080952
1628859185895519863,353213.6368397573,4025091.689189479
1628859186015532589,353213.87208671035,4025092.271454433
1628859186075598191,353213.9954155023,4025092.558919711
1628859186219426442,353214.31139755517,4025093.219957522
1628859186297619213,353214.4920276179,4025093.588118358
1628859186423434029,353214.78106184467,4025094.1426778496
1628859186561377689,353215.10617088806,4025094.7750574388
1628859186627461380,353215.2920477558,4025095.092652875
1628859186747469103,353215.594036792,4025095.61934383
1628859186819600740,353215.7734970971,4025095.9220331297
1628859186951454084,353216.1063562218,4025096.487691511
1628859187029439827,353216.29670413677,4025096.835057743
1628859187149464038,353216.59872269066,4025097.3508838625
1628859187227484026,353216.78441549477,4025097.6954602473
1628859187371343544,353217.1087396826,4025098.272493761
1628859187419588835,353217.21728656045,4025098.487149581
1628859187551456650,353217.4779966453,4025099.052198621
1628859187617789567,353217.6318218851,4025099.3547727065
1628859187773342110,353217.89143950003,4025100.0138963563
1628859187821628533,353217.97233633476,4025100.233781164
1628859187959473879,353218.22047604073,4025100.8656330854
1628859188019505133,353218.3019703777,4025101.133420845
1628859188157352952,353218.5235677412,4025101.7259879294
1628859188229472004,353218.60417976015,4025102.040788164
1628859188349556716,353218.7309251288,4025102.629162956
1628859188427411631,353218.83833288884,4025102.9765908476
1628859188553486855,353218.9303052223,4025103.567629658
1628859188625354332,353218.99664426787,4025103.913555667
1628859188757374832,353219.0585732069,4025104.5036383346
1628859188817331883,353219.07695013075,4025104.7761569917
1628859188967332076,353219.11709989083,4025105.4676836506
1628859189027466416,353219.1140280584,4025105.7386123473
1628859189153592205,353219.0907301171,4025106.3288563835
1628859189231354648,353219.06477093213,4025106.6411886504
1628859189363515366,353219.00125160284,4025107.2763646673
1628859189423616337,353218.9576261758,4025107.540167469
1628859189555618057,353218.840147838,4025108.1046011797
1628859189627379943,353218.79093709076,4025108.370146523
1628859189753530872,353218.61316220136,4025108.961724527
1628859189831369381,353218.5100494385,4025109.2518034186
1628859190029381032,353218.1742408122,4025110.0815943624
1628859190155533721,353217.91275058873,4025110.6022015135
1628859190227520426,353217.7634904153,4025110.870173414
1628859190359483365,353217.4623984498,4025111.356965948
1628859190419492230,353217.31557442306,4025111.574175893
1628859190569609240,353216.92549871444,4025112.096960404
1628859190629576064,353216.7601286763,4025112.3182075787
1628859190767392479,353216.39362361544,4025112.7498328267
1628859190821657451,353216.21852909424,4025112.9446330885
1628859190977372193,353215.74734449305,4025113.4043983556
1628859191037418319,353215.5579244828,4025113.5857691974
1628859191157542375,353215.12208951556,4025113.966993261
1628859191289539275,353214.68218245904,4025114.331196289
1628859191361499446,353214.42414361663,4025114.5203819927
1628859191493611293,353213.97123484313,4025114.8664334575
1628859191559550771,353213.72141281015,4025115.0452870745
1628859191691517110,353213.23902159627,4025115.3658365845
1628859191763510247,353212.9823471162,4025115.5346743227
1628859191907511323,353212.4569558881,4025115.8676098445
1628859191961419403,353212.2745275197,4025115.9897187226
1628859192087495768,353211.80052529776,4025116.3046940793
1628859192165514673,353211.48517620564,4025116.477516188
1628859192303618428,353210.9601932961,4025116.793110738
1628859192363626427,353210.7284907716,4025116.9355244488
1628859192495559731,353210.25114399975,4025117.2349924142
1628859192579428959,353209.9601184054,4025117.420586417
1628859192705660605,353209.4678411485,4025117.710541535
1628859192765574928,353209.2467406163,4025117.8447190346
1628859192897662787,353208.76810287684,4025118.1418285524
1628859192981522120,353208.47107176785,4025118.320566229
1628859193101491371,353208.02723935456,4025118.5952966334
1628859193155576030,353207.81046313304,4025118.723541511
1628859193287502103,353207.3369943951,4025119.0321603757
1628859193359678206,353207.09342460707,4025119.196381809
1628859193497573946,353206.5884556024,4025119.5351364906
1628859193557551980,353206.37085963844,4025119.681644981
1628859193689514058,353205.91450871807,4025119.999190451
1628859193767651415,353205.622336308,4025120.19633979
1628859193899631206,353205.1565324236,4025120.5214917446
1628859193965576322,353204.90236895025,4025120.7016398697
1628859194091508268,353204.4675786031,4025121.0165619855
1628859194163434212,353204.2229259457,4025121.199722929
1628859194307565438,353203.67493846,4025121.5948098665
1628859194361634671,353203.4929858468,4025121.7305828948
1628859194499546410,353202.97605594026,4025122.109030491
1628859194565460997,353202.75517493766,4025122.2759806546
1628859194703641938,353202.229210365,4025122.663309412
1628859194769572604,353201.97000900574,4025122.8649054607
1628859194889686382,353201.52712874673,4025123.233676206
1628859194973558489,353201.23093117407,4025123.474229261
1628859195105507374,353200.7561234656,4025123.883946411
1628859195165714396,353200.53320969624,4025124.0732091125
1628859195291674897,353200.04997071915,4025124.4932010225
1628859195381415906,353199.75850602007,4025124.764558077
1628859195501656493,353199.2759235236,4025125.205291077
1628859195567444943,353199.0523891251,4025125.411959526
1628859195693634909,353198.56904484227,4025125.8707720544
1628859195765674936,353198.30896610767,4025126.121455836
1628859195903592205,353197.77846011333,4025126.631604718
1628859196035743399,353197.29192022944,4025127.1143364306
1628859196095605722,353197.0657817702,4025127.340214265
1628859196233681697,353196.5399450566,4025127.8864173293
1628859196305664961,353196.2767969146,4025128.1576611754
1628859196425681370,353195.8417503343,4025128.635797736
1628859196497656972,353195.5866020683,4025128.918136705
1628859196635655170,353195.0733866609,4025129.4924467155
1628859196707687944,353194.81604907534,4025129.786053369
1628859196827685592,353194.3681300502,4025130.2951090042
1628859196887678477,353194.1523432155,4025130.571837513
1628859197037658065,353193.6062149743,4025131.2352068825
1628859197109571106,353193.3334036037,4025131.5556872403
1628859197235651681,353192.85049540043,4025132.139310882
1628859197301700744,353192.6225614152,4025132.410507795
1628859197445574190,353192.10829833505,4025133.072483108
1628859197511550354,353191.8394016338,4025133.4024798353
1628859197637692331,353191.32442818535,4025134.024305699
1628859197697699834,353191.0810701577,4025134.3145018592
1628859197835444184,353190.54213038116,4025134.9500394654
1628859197907589359,353190.2043883251,4025135.3591448986
1628859198033572882,353189.7112579944,4025135.966196491
1628859198099584080,353189.4637174105,4025136.2706848728
1628859198231691554,353188.86787331395,4025136.994894742
1628859198303709413,353188.56431172194,4025137.3573393514
1628859198429626809,353188.00775759685,4025138.0410885406
1628859198501602497,353187.6983608516,4025138.4211492753
1628859198639473258,353187.10837034904,4025139.130611559
1628859198711614995,353186.7445492779,4025139.5728129684
1628859198837560308,353186.19257725397,4025140.2442164943
1628859198891635332,353185.93563306547,4025140.602453662
1628859199041716198,353185.23707756,4025141.472753003
1628859199113676034,353184.8933024169,4025141.8841581396
1628859199239600630,353184.31455066614,4025142.5959327575
1628859199293794484,353184.02159285056,4025142.9556344496
1628859199437592567,353183.34868915647,4025143.819823175
1628859199509592031,353183.0038286714,4025144.2518158336
1628859199635713878,353182.36132352444,4025145.0802721446
1628859199695712760,353182.05919201975,4025145.456853088
1628859199839578279,353181.35981034406,4025146.3449892253
1628859199905649382,353181.00760767213,4025146.790290057
1628859200037729928,353180.35069915495,4025147.6205163863
1628859200103498430,353180.0445010475,4025148.0074202996
1628859200235626620,353179.3248305829,4025148.924587075
1628859200307619675,353178.96588499914,4025149.3843456157
1628859200439596773,353178.2783326035,4025150.235782283
1628859200577698762,353177.5599282913,4025151.1520122443
1628859200637605303,353177.24551473546,4025151.5529105407
1628859200769647066,353176.57018069504,4025152.4158592806
1628859200841614923,353176.20541222463,4025152.881331872
1628859200973578749,353175.49954896036,4025153.7614605734
1628859201039712291,353175.133895918,4025154.2269481984
1628859201171757298,353174.43739470735,4025155.1121064653
1628859201231700845,353174.12206571776,4025155.5147904344
1628859201382713785,353173.29736549105,4025156.5113742948
1628859201442711482,353172.9785283586,4025156.914117734
1628859201580491220,353172.2895043896,4025157.786698247
1628859201640647851,353171.91190388263,4025158.265633161
1628859201784487495,353171.16955876723,4025159.2096132743
1628859201832596661,353170.90380994615,4025159.5470037847
1628859201976627965,353170.1789853274,4025160.5218765046
1628859202036621405,353169.8632197826,4025160.929389872
1628859202174723048,353169.1326270087,4025161.9132105852
1628859202246509719,353168.7648820273,4025162.390269715
1628859202366491554,353168.1712808879,4025163.2340733395
1628859202450615078,353167.75355025555,4025163.7830858985
1628859202576492861,353167.07604317344,4025164.672561823
1628859202636632979,353166.7527603697,4025165.0848413757
1628859202774516113,353166.0744029783,4025165.9691437506
1628859202840502335,353165.70972502837,4025166.4452965767
1628859202978638867,353164.99732694594,4025167.431311954
1628859203038601028,353164.6858751911,4025167.841254934
1628859203176616096,353163.96262295195,4025168.800781637
1628859203236643528,353163.6509572506,4025169.2088972116
1628859203380641298,353162.92925573036,4025170.1896992326
1628859203440622386,353162.6185115245,4025170.5981654534
1628859203584508451,353161.8933901486,4025171.5482024346
1628859203638620625,353161.6005376272,4025171.9806578606
1628859203776777144,353160.8814257255,4025172.9323631814
1628859203842515131,353160.5742137629,4025173.3385723624
1628859203968675811,353159.90337369277,4025174.2162171234
1628859204040629214,353159.54609817144,4025174.687972346
1628859204184657319,353158.80898585834,4025175.6398607166
1628859204238845296,353158.5024566343,4025176.043128699
1628859204370749135,353157.8494477009,4025176.9267582684
1628859204502608379,353157.18857351743,4025177.7964218664
1628859204580630508,353156.78365402564,4025178.3306304594
1628859204640785054,353156.47448180156,4025178.732783618
1628859204772685806,353155.8184801857,4025179.596444323
1628859204904653511,353155.148196499,4025180.463642962
1628859204982655205,353154.7440684115,4025180.9905139646
1628859205042629492,353154.44181725895,4025181.385103593
1628859205174541398,353153.7816828362,4025182.228143356
1628859205306652485,353153.1294439882,4025183.07611539
1628859205378660697,353152.7900919658,4025183.552083944
1628859205516542172,353152.09028923674,4025184.465437697
1628859205576515818,353151.79089819355,4025184.8577206545
1628859205702779929,353151.16073751764,4025185.717403923
1628859205786648382,353150.7662344732,4025186.2395954328
1628859205918565245,353150.12409435963,4025187.0892277164
1628859205978841879,353149.8279935754,4025187.4757786863
1628859206104752719,353149.1948282301,4025188.323794149
1628859206194574937,353148.8042623417,4025188.8406089465
1628859206314719328,353148.16942559794,4025189.6818168047
1628859206374711057,353147.86361515906,4025190.0698140953
1628859206506657413,353147.22418359603,4025190.8973668227
1628859206590589243,353146.83865412,4025191.4088473204
1628859206716696711,353146.19636602025,4025192.235288848
1628859206770664741,353145.95298725023,4025192.552891873
1628859206908653363,353145.2862198632,4025193.449206922
1628859206980552963,353144.95077010174,4025193.8906855355
1628859207118792871,353144.25983887515,4025194.769221387
1628859207178761115,353143.97076342726,4025195.1453385153
1628859207310687812,353143.3441883195,4025195.955400631
1628859207388809125,353142.9378364868,4025196.448190932
1628859207520788528,353142.31355889747,4025197.2515613064
1628859207580845357,353142.0271428826,4025197.6207364076
1628859207712698593,353141.39342659095,4025198.4235343393
1628859207790693915,353141.01280014706,4025198.912776075
1628859207922604195,353140.38632651896,4025199.7053804784
1628859207976603532,353140.1473701211,4025200.010213321
1628859208102834305,353139.52438161714,4025200.8031860013
1628859208192678004,353139.12004794454,4025201.3664386543
1628859208324562868,353138.5027865427,4025202.162427211
1628859208372673794,353138.2853448939,4025202.490760594
1628859208510817861,353137.62494528055,4025203.352178034
1628859208582802552,353137.2942253732,4025203.781003479
1628859208714704332,353136.69735438534,4025204.5899525206
1628859208852578360,353136.0851502621,4025205.385428342
1628859208906682810,353135.82719714433,4025205.768525887
1628859208984844618,353135.45463175385,4025206.2562275017
1628859209122824443,353134.7722847635,4025207.10458917
1628859209242723288,353134.20533566864,4025207.828069618
1628859209308564331,353133.9230067052,4025208.188081447
1628859209386758569,353133.53743493557,4025208.6843654285
1628859209518711262,353132.932252601,4025209.4601910817
1628859209644736079,353132.3390779426,4025210.244114201
1628859209704805471,353132.06086596515,4025210.598563123
1628859209848572440,353131.4163388158,4025211.4223582675
1628859209914812652,353131.1465581332,4025211.876396859
1628859210046784807,353130.566529574,4025212.629335338
1628859210106738856,353130.2910435854,4025213.0041851276
1628859210250583756,353129.6811519016,4025213.8027961487
1628859210322713213,353129.3798560166,4025214.19779785
1628859210448831350,353128.8040294306,4025214.9357725326
1628859210508838667,353128.5483252917,4025215.2678673314
1628859210647054008,353127.94354358234,4025216.0402685897
1628859210718822980,353127.65071832866,4025216.4201120273
1628859210844584305,353127.1537346428,4025217.0621454525
1628859210916599602,353126.86918747745,4025217.455093424
1628859211048763126,353126.30651939823,4025218.184422402
1628859211120707459,353126.03996636946,4025218.578591408
1628859211247150820,353125.5369850238,4025219.23763348
1628859211312857422,353125.30597067776,4025219.5356793175
1628859211456580987,353124.7595101086,4025220.2292109546
1628859211522750870,353124.5019205658,4025220.5670752027
1628859211654636391,353124.01542382437,4025221.192268368
1628859211714635078,353123.80229202064,4025221.470540827
1628859211852860250,353123.30216677685,4025222.112627736
1628859211924738698,353123.05962582177,4025222.423747507
1628859212044736924,353122.65398417995,4025222.949303085
1628859212111022264,353122.4164003243,4025223.248620008
1628859212242862796,353121.9941674023,4025223.7999086794
1628859212326742368,353121.7391695776,4025224.1322358847
1628859212452778892,353121.3290157082,4025224.6742255846
1628859212512787438,353121.143428775,4025224.9140671133
1628859212650603614,353120.7679932413,4025225.437585067
1628859212728740528,353120.5369078263,4025225.753027458
1628859212848618154,353120.1986131321,4025226.222753918
1628859212908737698,353120.0388097754,4025226.453491495
1628859213058661529,353119.63309857936,4025227.027144626
1628859213178631364,353119.34154426336,4025227.4873509984
1628859213262689074,353119.1408970051,4025227.791047076
1628859213316767458,353118.9943779066,4025228.01698189
1628859213448754792,353118.6667062655,4025228.4959279257
1628859213526875752,353118.4808266938,4025228.7905235956
1628859213646941217,353118.22045769996,4025229.234454343
1628859213718841922,353118.06657210353,4025229.4848672864
1628859213850887542,353117.79455695505,4025229.947428206
1628859213922741451,353117.6577879847,4025230.19590315
1628859214048886148,353117.40560921107,4025230.6477518687
1628859214192762869,353117.15202399966,4025231.131851332
1628859214252756202,353117.04262393934,4025231.3351232763
1628859214378813331,353116.8212917334,4025231.777721198
1628859214450756592,353116.70288710797,4025232.009649451
1628859214594655581,353116.47597588255,4025232.465159439
1628859214654724245,353116.3852591425,4025232.6617060425
1628859214780815761,353116.1913547874,4025233.0697812345
1628859214864656592,353116.0758890897,4025233.3238767297
1628859214990858733,353115.89688892016,4025233.7129003494
1628859215050951275,353115.8176069285,4025233.88734134
1628859215182889545,353115.6503951483,4025234.2643242646
1628859215254682568,353115.56453204073,4025234.4609717377
1628859215392878071,353115.40665929794,4025234.852445007
1628859215452856596,353115.33855503536,4025235.0202268
1628859215584905381,353115.19823689945,4025235.386988283
1628859215656776222,353115.1385352498,4025235.580628945
1628859215794793984,353114.9925170439,4025235.981972251
1628859215854774903,353114.9439114644,4025236.1461277027
1628859215980670984,353114.8244420629,4025236.5078971833
1628859216058765545,353114.7490647599,4025236.7578953826
1628859216184657241,353114.6490237103,4025237.1190915024
1628859216256766196,353114.58019696444,4025237.3792937533
1628859216388671769,353114.48348462774,4025237.789262112
1628859216466939126,353114.42418564216,4025238.0588855334
1628859216592661487,353114.34170265927,4025238.473007352
1628859216658788041,353114.31027918996,4025238.716523371
1628859216785311013,353114.24029280536,4025239.185609797
1628859216850649624,353114.21216922975,4025239.407768404
1628859217000673858,353114.1502849383,4025239.958810695
1628859217055078983,353114.1297522264,4025240.1913388316
1628859217180777368,353114.0914613202,4025240.65805709
1628859217252775708,353114.07550030795,4025240.940679189
1628859217402801584,353114.048817492,4025241.5611940767
1628859217462803491,353114.0494834678,4025241.814786559
1628859217582776828,353114.0612387029,4025242.3302178336
1628859217720800165,353114.10086347384,4025242.954247829
1628859217792670293,353114.13055986725,4025243.267895892
1628859217852661523,353114.16313737293,4025243.539075251
1628859217990865270,353114.26396222063,4025244.174946735
1628859218122803274,353114.36903986573,4025244.793473022
1628859218194678435,353114.4446935631,4025245.119831231
1628859218260888200,353114.5291671633,4025245.4480541637
1628859218392930566,353114.6839574521,4025246.079410069
1628859218518760373,353114.87700055074,4025246.6523778946
1628859218596813977,353115.0229181483,4025247.035651539
1628859218728673203,353115.2784625844,4025247.670244032
1628859218788706592,353115.41203827376,4025247.955459176
1628859218920753812,353115.69624913624,4025248.6070221546
1628859219004784168,353115.927049788,4025249.038357476
1628859219124797569,353116.22909908433,4025249.626140954
1628859219196679902,353116.429829573,4025249.9666762715
1628859219316920713,353116.79631305556,4025250.5500719766
1628859219388696500,353116.99700416997,4025250.906294176
1628859219526801641,353117.4739750748,4025251.5793103427
1628859219586829493,353117.6901205272,4025251.8661171137
1628859219713073779,353118.18563459255,4025252.471923858
1628859219796927647,353118.51113151165,4025252.844341982
1628859219928804730,353119.04701129755,4025253.467836548
1628859219989186242,353119.3128600244,4025253.745317156
1628859220120697218,353119.9044124236,4025254.371408476
1628859220204814436,353120.2848787423,4025254.7409420633
1628859220330697864,353120.92270737654,4025255.342750517
1628859220390813884,353121.2215879152,4025255.637310807
1628859220516873220,353121.8823058312,4025256.2519152057
1628859220600731948,353122.29781681276,4025256.633062214
1628859220732854201,353123.0055662433,4025257.26255596
1628859220780946714,353123.27834542625,4025257.502443263
1628859220924819151,353124.0659311956,4025258.1991275055
1628859220990843604,353124.4593783996,4025258.5423790202
1628859221128953584,353125.284252272,4025259.2552163852
1628859221188966397,353125.63176139735,4025259.5526760225
1628859221320994563,353126.39377245307,4025260.202368988
1628859221404715390,353126.8991312911,4025260.620263248
1628859221530954071,353127.6843840792,4025261.310761675
1628859221596737777,353128.0545326483,4025261.633289726
1628859221728729696,353128.88453205134,4025262.3316971483
1628859221800872329,353129.38501012,4025262.765909765
1628859221938816872,353130.2262886316,4025263.5158845554
1628859221993005332,353130.61125104385,4025263.853664799
1628859222124992812,353131.47677292937,4025264.6045106784
1628859222208839858,353132.01092317933,4025265.070196702
1628859222334864626,353132.89068438474,4025265.840210833
1628859222466752694,353133.79037357966,4025266.6373535083
1628859222514825825,353134.1374208694,4025266.943610441
1628859222664895976,353135.1832785406,4025267.8831756576
1628859222730866056,353135.60746661166,4025268.2614296265
1628859222862841898,353136.5553010445,4025269.094195206
1628859222928746463,353137.05950414075,4025269.546594823
1628859223054989844,353138.00483413343,4025270.395455398
1628859223133134022,353138.6071774254,4025270.9345721547
1628859223258752947,353139.49277121865,4025271.7337242328
1628859223318862705,353139.9375199117,4025272.136837827
1628859223457008698,353141.00397350953,4025273.103398779
1628859223528983576,353141.52855667344,4025273.582614276
1628859223660848203,353142.51317835436,4025274.495690658
1628859223720869581,353142.9682636169,4025274.910958501
1628859223936886100,353144.64889054967,4025276.4611757533
1628859224062722232,353145.57490510785,4025277.3047490427
1628859224122726554,353146.04924958246,4025277.7527111107
1628859224261006811,353147.1405247868,4025278.752543991
1628859224332792495,353147.6883858664,4025279.2549252757
1628859224458895944,353148.7352699983,4025280.2030196246
1628859224518928337,353149.2091824868,4025280.6381106176
1628859224663001431,353150.3596707587,4025281.646035036
1628859224734889372,353150.9212079771,4025282.154166324
1628859224860894742,353151.9863557017,4025283.1104355967
1628859224926877658,353152.4729594067,4025283.5489738956
1628859225064777376,353153.6146802127,4025284.5707802996
1628859225142985280,353154.2820186942,4025285.174776661
1628859225263009509,353155.2682821882,4025286.051632338
1628859225316885308,353155.68071496225,4025286.4169636643
1628859225466855914,353156.9415238704,4025287.5228134785
1628859225527023286,353157.4411722751,4025287.964060764
1628859225664986030,353158.6164380347,4025289.0134980385
1628859225730764970,353159.11878320493,4025289.4554321575
1628859225862927785,353160.2987599287,4025290.5055833003
1628859225934894951,353160.8892740854,4025291.022074491
1628859226066997627,353161.99124399526,4025291.983336413
1628859226127015250,353162.5014519084,4025292.457120273
1628859226264925134,353163.6948463884,4025293.4995981767
1628859226342765021,353164.29470269685,4025294.0217907615
1628859226456875680,353165.32775185147,4025294.9369788896
1628859226528768345,353165.9317148513,4025295.465632842
1628859226666788412,353167.07395043806,4025296.4405566775
1628859226738906857,353167.77325475676,4025297.0492615835
1628859226858905418,353168.83224980644,4025297.96858827
1628859226997008958,353170.0703859979,4025299.047601952
1628859227069007889,353170.6925309237,4025299.5904137027
1628859227189020617,353171.76934218896,4025300.536538818
1628859227266953352,353172.4857492306,4025301.162349569
1628859227399039162,353173.6793742385,4025302.1753445556
1628859227459033663,353174.2227259653,4025302.645882055
1628859227602894190,353175.4956504009,4025303.744876241
1628859227662917268,353176.0645727174,4025304.209975778
1628859227807224688,353177.4399898775,4025305.389693485
1628859227860912148,353177.9018327838,4025305.8077782765
1628859227993070910,353179.0969532174,4025306.838876252
1628859228064936242,353179.7422535274,4025307.3940528682
1628859228202918131,353181.06113907223,4025308.511495582
1628859228262919874,353181.61889032146,4025308.9872828308
1628859228400797434,353182.8247911821,4025310.042368854
1628859228461053695,353183.47732866195,4025310.5996814705
1628859228604792066,353184.78761576046,4025311.7139744153
1628859228670807050,353185.3527523632,4025312.2204598696
1628859228796783718,353186.5763919614,4025313.258155902
1628859228863064320,353187.2393302798,4025313.8332371386
1628859229001170965,353188.56520494627,4025314.9472665987
1628859229066932724,353189.13583508297,4025315.423202377
1628859229192973858,353190.37909105705,4025316.4714920647
1628859229271185326,353191.14437829365,4025317.1044110083
1628859229408935369,353192.39825195423,4025318.1490420937
1628859229468939599,353192.97677757946,4025318.6209380897
1628859229600811636,353194.23482054373,4025319.641511745
1628859229666932878,353194.9165739819,4025320.2015041993
1628859229810813655,353196.2796734561,4025321.2938469457
1628859229865203251,353196.8722886436,4025321.777894823
1628859229997095616,353198.1422255158,4025322.7891121963
1628859230068940502,353198.8273115289,4025323.333301264
1628859230207041643,353200.2097729669,4025324.428429492
1628859230267067243,353200.79958137753,4025324.8945195973
1628859230399074074,353202.08792368183,4025325.913299412
1628859230465157648,353202.77773401776,4025326.4553945786
1628859230602952206,353204.0610678486,4025327.463150976
1628859230669099440,353204.76420843694,4025328.010391682
1628859230801068911,353206.050772825,4025329.019741608
1628859230932949218,353207.34677186585,4025330.042054629
1628859231010944642,353208.1399841971,4025330.660952104
1628859231070949569,353208.7358619312,4025331.125108854
1628859231202818565,353210.0333980301,4025332.1481286455
1628859231334828076,353211.32487267896,4025333.153795036
1628859231400965935,353212.03206135856,4025333.7004794534
1628859231472946924,353212.7300015941,4025334.239813142
1628859231605073529,353214.0304770055,4025335.238247332
1628859231736849959,353215.3385732792,4025336.247050805
1628859231814958546,353216.1422863554,4025336.8572261324
1628859231874989333,353216.75386696693,4025337.3261224125
1628859231994945291,353217.95946103375,4025338.2428500564
1628859232133098810,353219.3806888298,4025339.3155959263
1628859232205085057,353220.0849827656,4025339.8481696756
1628859232336962840,353221.39620610676,4025340.832689844
1628859232403018698,353222.109576956,4025341.375119907
1628859232534967303,353223.43142472534,4025342.354577591
1628859232613081699,353224.2472401468,4025342.9713236573
1628859232745125246,353225.572568786,4025343.9455346623
1628859232798960404,353226.0834359897,4025344.319883543
1628859232936975755,353227.52291062026,4025345.3818845637
1628859233015095415,353228.3438853392,4025345.980782217
1628859233147116592,353229.68953244254,4025346.9602040183
1628859233207098269,353230.3104834052,4025347.407702076
1628859233332974810,353231.55716786545,4025348.300420051
1628859233417105387,353232.49687040586,4025348.9873965085
1628859233549089805,353233.8559539161,4025349.9458392398
1628859233602867177,353234.3804447056,4025350.313854322
1628859233734859772,353235.75795205735,4025351.286328782
1628859233807029232,353236.60397727985,4025351.8743658923
1628859233939127720,353237.98779590055,4025352.8357473835
1628859233999073979,353238.6272176892,4025353.2730454593
1628859234131079485,353240.0351681297,4025354.226938514
1628859234209060732,353240.8968879331,4025354.802991415
1628859234340980240,353242.3043822054,4025355.7335768742
1628859234401002481,353242.9613604335,4025356.1697234977
1628859234538871077,353244.37861161,4025357.0908666383
1628859234611118597,353245.259901028,4025357.6693352214
1628859234743000096,353246.6902962358,4025358.5810397766
1628859234808876019,353247.35374671256,4025358.9993767566
1628859234934873339,353248.7943431091,4025359.9242757596
1628859235013137647,353249.68479545927,4025360.4780532517
1628859235151259138,353251.2551541348,4025361.4633173593
1628859235205019826,353251.81485164125,4025361.8093748526
1628859235337006626,353253.27395473525,4025362.7063730643
1628859235403134836,353254.0543222977,4025363.215810655
1628859235547004271,353255.6306987287,4025364.181686328
1628859235667001993,353256.99037571455,4025365.007857911
1628859235733256099,353257.78388513735,4025365.4878982343
1628859235816865881,353258.69225208135,4025366.036490452
1628859235948980661,353260.18188337685,4025366.9271745384
1628859236069007626,353261.55239432043,4025367.746266344
1628859236135032960,353262.35895385174,4025368.234753215
1628859236218989451,353263.2753934178,4025368.780767794
1628859236350891003,353264.76832153613,4025369.6679788115
1628859236482886234,353266.2757859918,4025370.561291711
1628859236537095792,353266.9688046229,4025370.970706624
1628859236675052471,353268.590639008,4025371.9326411257
1628859236747132409,353269.4000385554,4025372.41229139
1628859236873016080,353270.8019856451,4025373.233660062
1628859236939137324,353271.6132478593,4025373.713401062
1628859237070990022,353273.1217853251,4025374.6052931016
1628859237149023677,353274.0645861126,4025375.1529987734
1628859237269013470,353275.4623576266,4025375.97651406
1628859237340896313,353276.2796345899,4025376.4582899087
1628859237472898653,353277.81813590985,4025377.3267260613
1628859237551051536,353278.7573917807,4025377.8723559696
1628859237671030792,353280.18836234347,4025378.674252672
1628859237731018828,353280.89446611574,4025379.0816160743
1628859237881135080,353282.67508474377,4025380.118685922
1628859237958899086,353283.5011657617,4025380.5960408878
1628859238073063041,353284.91926060105,4025381.416100789
1628859238133033605,353285.63131949166,4025381.861633178
1628859238283139928,353287.40552932315,4025382.893319205
1628859238337038554,353287.9979886577,4025383.2371153687
1628859238475038157,353289.6583683968,4025384.2140873657
1628859238541060406,353290.4903893711,4025384.696286319
1628859238673036646,353292.0305439875,4025385.6301272125
1628859238745142511,353292.86222904903,4025386.1159331775
1628859238882964648,353294.4309039679,4025387.0221308367
1628859238936923120,353295.14631298033,4025387.438493206
1628859239075045091,353296.81892552064,4025388.409949347
1628859239153129943,353297.78143992124,4025388.9723386
1628859239273134554,353299.2194844399,4025389.8065895783
1628859239338926548,353299.9394532629,4025390.2255607196
1628859239482926531,353301.6272050457,4025391.209945233
1628859239548911051,353302.4674723833,4025391.699879321
1628859239675232265,353304.0515707838,4025392.6052072365
1628859239735148814,353304.7742706553,4025393.02510911
1628859239879061016,353306.4565719167,4025394.0210614833
1628859239945091285,353307.2993763052,4025394.5130893276
1628859240082920146,353308.86594505387,4025395.4302505082
1628859240209285355,353310.4480740547,4025396.3418995454
1628859240281037823,353311.2925438745,4025396.834998216
1628859240347325230,353312.1366619858,4025397.3289574184
1628859240479059806,353313.7022332889,4025398.270184392
1628859240617177457,353315.39817515464,4025399.2681048512
1628859240677174795,353316.12395591516,4025399.691617629
1628859240809086006,353317.6931860367,4025400.6092846026
1628859240886934027,353318.5497314959,4025401.107367628
1628859241019185926,353320.2404735837,4025402.0956112593
1628859241084942004,353320.96625695634,4025402.519307483
1628859241217072935,353322.5508210944,4025403.456003098
1628859241283049472,353323.39795429073,4025403.951499247
1628859241409096343,353324.97398673435,4025404.8853489035
1628859241487074540,353325.82076596795,4025405.381583695
1628859241613187761,353327.40783761826,4025406.302429459
1628859241685069714,353328.25566361536,4025406.797426047
1628859241823064634,353329.9522072004,4025407.787831624
1628859241883045576,353330.6791995114,4025408.230734422
1628859242014936166,353332.2534355031,4025409.1522865123
1628859242075141637,353332.98016071966,4025409.577615718
1628859242225071147,353334.79974870186,4025410.6300276676
1628859242285078770,353335.52665623045,4025411.053522919
1628859242411429666,353337.1046164114,4025411.9968636227
1628859242476931666,353337.8313411436,4025412.422193223
1628859242615177541,353339.5281606995,4025413.411008975
1628859242681378244,353340.37492893974,4025413.906695978
1628859242818955208,353341.9486442315,4025414.828258544
1628859242879017160,353342.683642619,4025415.2574768974
1628859243017346124,353344.3764355725,4025416.247338251
1628859243082955585,353345.1017558532,4025416.670861121
1628859243209090798,353346.6770311085,4025417.6054877047
1628859243281088429,353347.52306775097,4025418.0997067885
1628859243419211820,353349.228080558,4025419.0892333705
1628859243484972878,353349.95325289003,4025419.511519992
1628859243617109843,353351.65099791903,4025420.5132059944
1628859243677131573,353352.37467545376,4025420.934667533
1628859243821089870,353354.0633195072,4025421.9176739366
1628859243875388030,353354.80204230116,4025422.346307439
1628859244019224335,353356.4926173304,4025423.329221302
1628859244084977007,353357.21645131346,4025423.750319609
1628859244222969631,353358.8974254767,4025424.74706833
1628859244282973105,353359.6174231537,4025425.166736357
1628859244414976269,353361.1842357928,4025426.0817699414
1628859244541230480,353362.7392894315,4025426.9880796047
1628859244613103249,353363.58528102434,4025427.481013538
1628859244745107779,353365.13352271426,4025428.3822918306
1628859244811243546,353365.9658949199,4025428.865272023
1628859244943258173,353367.5095169229,4025429.774356556
1628859245021130722,353368.4591017363,4025430.321930587
1628859245153106464,353370.0103384354,4025431.218111199
1628859245213097156,353370.71940169216,4025431.624907264
1628859245339308307,353372.2523235959,4025432.5061019827
1628859245423233843,353373.205102504,4025433.0586302574
1628859245561120643,353374.73533447564,4025433.9398232144
1628859245615094838,353375.43725762464,4025434.335095022
1628859245747046061,353376.96101014415,4025435.2083011996
1628859245831118483,353377.8968544372,4025435.743776589
1628859245957119442,353379.4317765245,4025436.60822254
1628859246017100813,353380.13242848206,4025437.0075273984
1628859246154997926,353381.6377267933,4025437.894855839
1628859246221033708,353382.45147149253,4025438.360569599
1628859246354477051,353384.0805031805,4025439.3022290464
1628859246414504939,353384.7750161343,4025439.699238642
1628859246546494321,353386.27680936246,4025440.5573452883
1628859246624299925,353387.20842183294,4025441.074998327
1628859246756260465,353388.70334612683,4025441.9269005586
1628859246816489195,353389.3919865219,4025442.319775491
1628859246949247986,353390.8789067089,4025443.1905990914
1628859247027384137,353391.79162860196,4025443.7150457194
1628859247159134454,353393.26960878057,4025444.5690835356
1628859247219123904,353393.9489578602,4025444.9620625633
1628859247351299555,353395.41669142223,4025445.812951416
1628859247417247223,353396.21782431705,4025446.271292226
1628859247555142762,353397.6797565622,4025447.119101896
1628859247609185880,353398.3548720458,4025447.5094424947
1628859247741138926,353399.813194314,4025448.3551735026
1628859247819298194,353400.7103764004,4025448.877059051
1628859247958474959,353402.2618170143,4025449.798221474
1628859248018503476,353402.93203891383,4025450.1911094906
1628859248144355553,353404.26299614453,4025450.9834739347
1628859248222230698,353405.15223540016,4025451.5071612922
1628859248360452403,353406.718476185,4025452.434643115
1628859248420477702,353407.383603359,4025452.8283347916
1628859248546257397,353408.7118439639,4025453.616656442
1628859248630300454,353409.70940119424,4025454.199654737
1628859248763256071,353411.14312294737,4025455.052096004
1628859248889031210,353412.47325271496,4025455.8443459356
1628859248943241033,353413.1330342203,4025456.2379949233
1628859249087226478,353414.6704331015,4025457.157977848
1628859249165130839,353415.5482805831,4025457.688446908
1628859249285159594,353416.8612844548,4025458.477263935
1628859249345133366,353417.5173528448,4025458.8724332596
1628859249483254129,353419.0350823918,4025459.7964918055
1628859249561138125,353419.79316449614,4025460.2571363114
1628859249687149246,353421.20119839336,4025461.14648999
1628859249747145714,353421.8473090128,4025461.5438574604
1628859249891098209,353423.36220382317,4025462.4785505272
1628859249957265244,353424.114998437,4025462.942363292
1628859250089047302,353425.51068629744,4025463.8037012527
1628859250149179509,353426.1533030677,4025464.198862161
1628859250287247423,353427.6493033701,4025465.122541905
1628859250359267616,353428.4053225406,4025465.5929915225
1628859250485103578,353429.68334471795,4025466.3868651763
1628859250557064091,353430.4283765445,4025466.8500506007
1628859250689166142,353431.9209093334,4025467.783940664
1628859250761039715,353432.665132879,4025468.248971007
1628859250893053326,353434.0412065157,4025469.1267133853
1628859250953176718,353434.67850347667,4025469.5267599593
1628859251085188850,353436.0595543958,4025470.3938707556
1628859251163100379,353436.9195843622,4025470.9315516204
1628859251289283623,353438.2989144146,4025471.7975359904
1628859251349314141,353438.93557266024,4025472.206306496
1628859251487063098,353440.31443070516,4025473.0723754447
1628859251559200378,353441.1627930675,4025473.605443625
1628859251691311400,353442.53648489557,4025474.4732787427
1628859251751317618,353443.17198240804,4025474.872986305
1628859251889074303,353444.5436253678,4025475.743305422
1628859251950452986,353445.2833414284,4025476.210762875
1628859252088190582,353446.6550990267,4025477.077509785
1628859252155192605,353447.4014391056,4025477.5541061168
1628859252293307344,353448.8772139019,4025478.4830294102
1628859252353294087,353449.5101333345,4025478.8891287073
1628859252497306356,353450.9955376259,4025479.8253702023
1628859252551074754,353451.525039016,4025480.1605438762
1628859252695199444,353453.1093186506,4025481.171622089
1628859252767121092,353453.8450241309,4025481.6388314185
1628859252887217187,353455.1021252106,4025482.476233594
1628859252959188319,353455.8388562364,4025482.9472557297
1628859253091200733,353457.21157923155,4025483.8233988234
1628859253169063522,353458.0567336444,4025484.376687445
1628859253289167323,353459.32241265173,4025485.1876617055
1628859253355569541,353460.0454502725,4025485.687220961
1628859253487360331,353461.4117642631,4025486.5692637926
1628859253571081959,353462.2526425061,4025487.113340053
1628859253691092189,353463.4751878065,4025488.0441169958
1628859253835087234,353464.941027715,4025489.012430033
1628859253889310290,353465.6326124938,4025489.39849169
1628859254021188891,353466.99899749947,4025490.2974410173
1628859254093217914,353467.73461469973,4025490.782536385
1628859254231102123,353469.29191552603,4025491.6818518816
1628859254291248978,353469.92450799665,4025492.095805002
1628859254423212420,353471.33110677346,4025492.945574698
1628859254489258980,353472.0692067293,4025493.4277292504
1628859254639294538,353473.6548085065,4025494.41125396
1628859254693195303,353474.18158539,4025494.753707718
1628859254819368738,353475.5523207509,4025495.644734067
1628859254897186076,353476.2498071185,4025496.150242639
1628859255035084441,353477.7257240414,4025497.1141301263
1628859255095142635,353478.3587792644,4025497.5284269587
1628859255227131527,353479.6926385428,4025498.4382659225
1628859255293345936,353480.4296558308,4025498.9223239226
1628859255425221309,353481.77194325085,4025499.802715989
1628859255497387208,353482.5087233621,4025500.2862975094
1628859255623329736,353483.8666060191,4025501.210089604
1628859255695313761,353484.60440098244,4025501.6959506017
1628859255821527701,353485.9757606648,4025502.600121122
1628859255893276240,353486.70911882434,4025503.1060617086
1628859256025211869,353488.08108407416,4025504.013586896
1628859256091516163,353488.82022219663,4025504.503110551
1628859256235356726,353490.3012645731,4025505.469789718
1628859256295272900,353490.9357434262,4025505.889846476
1628859256427230775,353492.29803829745,4025506.8319445783
1628859256499138334,353493.03696684935,4025507.325347876
1628859256637359302,353494.5247869706,4025508.318433128
1628859256697349672,353495.15833768784,4025508.7422824427
1628859256829111516,353496.5323544815,4025509.662057627
1628859256901187248,353497.27242445573,4025510.168854546
1628859257039363274,353498.75167888426,4025511.1625735504
1628859257099382101,353499.3853124592,4025511.5886419266
1628859257220375101,353500.6545837433,4025512.461863253
1628859257298457874,353501.4972921732,4025513.0296626454
1628859257436280859,353502.9816027795,4025514.0409208997
1628859257490367927,353503.50837748294,4025514.3955758656
1628859257628465488,353504.978072723,4025515.399787717
1628859257760480533,353506.34455775423,4025516.3209505253
1628859257844362328,353507.1839524794,4025516.8868380473
1628859257898271116,353507.8084863639,4025517.3406183785
1628859258030255862,353509.1660150099,4025518.260040878
1628859258156366956,353510.4233499435,4025519.1259197644
1628859258240472691,353511.3598650041,4025519.763080863
1628859258300291914,353511.9837689907,4025520.187742879
1628859258432245527,353513.33654571365,4025521.11676786
1628859258564256308,353514.68310026044,4025522.033370642
1628859258630446400,353515.41520364326,4025522.5402044775
1628859258774340241,353516.86112282006,4025523.529057611
1628859258834341378,353517.4799473782,4025523.9529513456
1628859258954271930,353518.72753045394,4025524.8043934074
1628859259044474882,353519.6543736239,4025525.439948774
1628859259176326381,353520.99951627385,4025526.367890815
1628859259224477407,353521.51390805934,4025526.721253083
1628859259362315922,353522.9691934169,4025527.7046158994
1628859259446270159,353523.79205834353,4025528.2685564887
1628859259572536047,353525.1283330923,4025529.1855634064
1628859259632458674,353525.73836205306,4025529.6280772383
1628859259758344684,353526.9667803009,4025530.4769145837
1628859259830231001,353527.68248311605,4025530.972246681
1628859259968281329,353529.122159339,4025531.970171843
1628859260028280768,353529.7344942142,4025532.3956638137
1628859260160161012,353531.0628103311,4025533.333893886
1628859260232158468,353531.7753290202,4025533.8322555954
1628859260370278463,353533.1913881171,4025534.838560901
1628859260436237487,353533.7987806103,4025535.2659677314
1628859260557554091,353535.1128149829,4025536.193438062
1628859260641272590,353535.9316068354,4025536.7801080276
1628859260767332204,353537.2409479504,4025537.71069449
1628859260833296838,353537.8440308351,4025538.140440357
1628859260959292860,353539.15787301725,4025539.0854851324
1628859261037709365,353539.95922316745,4025539.6603880273
1628859261169335331,353541.26327104494,4025540.6091768187
1628859261235290237,353541.86289770924,4025541.0402936167
1628859261361611437,353543.16459824657,4025541.9982853103
1628859261439423446,353543.96105263836,4025542.573355203
1628859261577290264,353545.2530666989,4025543.5071576647
1628859261631433525,353545.86295818945,4025543.943464775
1628859261763302400,353547.1534931285,4025544.8737371727
1628859261835179641,353547.8477321568,4025545.374934346
1628859261973426416,353549.2383381506,4025546.395817194
1628859262099192929,353550.42408478376,4025547.254373805
1628859262165142749,353551.1189310709,4025547.764441641
1628859262243285877,353551.90538442845,4025548.3346686545
1628859262375421372,353553.1915876317,4025549.2750554406
1628859262501285744,353554.36718036345,4025550.1278331517
1628859262567308031,353555.0516860266,4025550.6246634317
1628859262645296075,353555.83801494096,4025551.22097034
1628859262771611881,353557.10384982976,4025552.144367712
1628859262903412249,353558.38076509064,4025553.0661284463
1628859262963418782,353558.9624724587,4025553.489789967
1628859263047299874,353559.73695357854,4025554.0541011095
1628859263179249409,353560.996176568,4025554.9826766816
1628859263299228602,353562.1534264476,4025555.8300126926
1628859263365243843,353562.7355233591,4025556.2677213126
1628859263497443083,353564.07826087635,4025557.2525649155
1628859263569336455,353564.74781989545,4025557.743544882
1628859263695755979,353566.00473397906,4025558.6728010187
1628859263761242953,353566.5776610157,4025559.0934069934
1628859263899396756,353567.9113586563,4025560.091450239
1628859263983303175,353568.67087145534,4025560.6531463447
1628859264103322695,353569.8063544738,4025561.4973872914
1628859264169323664,353570.47778583976,4025561.996270666
1628859264301237601,353571.70156366273,4025562.909668828
1628859264379372106,353572.46085365966,4025563.4943336495
1628859264505276342,353573.5859744621,4025564.337620963
1628859264571314860,353574.2400120426,4025564.829367384
1628859264703214185,353575.4595340758,4025565.7537327926
1628859264781410518,353576.20408618037,4025566.314156374
1628859264901459164,353577.3278527239,4025567.172161339
1628859264967381965,353577.9760152768,4025567.6620999128
1628859265105285655,353579.18483033346,4025568.5867840215
1628859265171430835,353579.8306494458,4025569.0771132694
1628859265303437209,353581.02637169685,4025569.9900253112
1628859265363462335,353581.5931733809,4025570.4374235035
1628859265501360356,353582.8723094506,4025571.4232222056
1628859265573345368,353583.51011511975,4025571.9161285046
1628859265705438544,353584.6980757122,4025572.853769479
1628859265765426213,353585.2412143315,4025573.27788583
1628859265903380716,353586.5120194155,4025574.278199647
1628859265975342793,353587.14155825705,4025574.774038227
1628859266107209471,353588.3058726647,4025575.698452918
1628859266167306527,353588.8408373799,4025576.124675954
1628859266305452678,353590.0841508386,4025577.1216857187
1628859266377333951,353590.7074659612,4025577.6375272726
1628859266509286044,353591.85145151627,4025578.568953947
1628859266635454056,353592.99084056064,4025579.5110175665
1628859266707470881,353593.60185592796,4025580.015058333
1628859266773392036,353594.21121701226,4025580.5196306254
1628859266905385085,353595.3477751645,4025581.472087882
1628859267049453701,353596.55636216345,4025582.4846693412
1628859267097452008,353596.9869220004,4025582.847378875
1628859267235496684,353598.1905057955,4025583.8682085676
1628859267307402862,353598.7886529309,4025584.3773956615
1628859267451260393,353599.98879471514,4025585.417601487
1628859267511222205,353600.4974693281,4025585.856567939
1628859267637473910,353601.6007411458,4025586.813189307
1628859267709484224,353602.18947421,4025587.3269454534
1628859267853225205,353603.36365269026,4025588.3549558977
1628859267913267433,353603.87105275795,4025588.8133381177
1628859268033223972,353604.8711321715,4025589.694202961
1628859268111499208,353605.5423864885,4025590.297584774
1628859268237505619,353606.6234932105,4025591.2518955516
1628859268309240450,353607.12182730774,4025591.6920898864
1628859268441499444,353608.26529716223,4025592.7503897347
1628859268501478296,353608.76054200786,4025593.190178568
1628859268651392604,353610.00326546247,4025594.2961799786
1628859268711407324,353610.4967919736,4025594.733617538
1628859268837345316,353611.48222980776,4025595.6068262793
1628859268903441122,353612.07057270024,4025596.1273645856
1628859269053418948,353613.3043560075,4025597.2172361948
1628859269101491478,353613.7194335315,4025597.5920794117
1628859269245381526,353614.86882655544,4025598.6036641016
1628859269305384885,353615.35947645304,4025599.0334295025
1628859269449366369,353616.52538752917,4025600.054562139
1628859269515504713,353617.1016208033,4025600.553790247
1628859269635410033,353618.08516370784,4025601.414259992
1628859269707379845,353618.66234020086,4025601.909718579
1628859269833977117,353619.73337310174,4025602.8260690337
1628859269905510353,353620.3145707196,4025603.3319579284
1628859270043448748,353621.466112772,4025604.313675995
1628859270103388105,353621.87789337034,4025604.6631997144
1628859270247494981,353623.11384544696,4025605.7280419176
1628859270307493995,353623.6066199469,4025606.146327697
1628859270439516750,353624.6822290532,4025607.0590461106
1628859270505444247,353625.25759411126,4025607.5430610096
1628859270649397090,353626.4065891944,4025608.524013977
1628859270709397476,353626.89898111485,4025608.935928176
1628859270841257884,353627.96694338403,4025609.825964064
1628859270967540445,353629.0370027933,4025610.7281565135
1628859271051397993,353629.6935060414,4025611.273240802
1628859271111385652,353630.19502333854,4025611.692447402
1628859271243554761,353631.26071615587,4025612.5746331466
1628859271369558912,353632.3325354939,4025613.465428376
1628859271441524037,353632.9027228424,4025613.9410625002
1628859271585278635,353634.04085747275,4025614.8898051856
1628859271639533467,353634.54117510107,4025615.306667152
1628859271771541456,353635.5984610745,4025616.1826171456
1628859271849519248,353636.2474802652,4025616.721892571
1628859271987413224,353637.31004317314,4025617.6085569398
1628859272041469092,353637.7964054033,4025618.0104416334
1628859272173396428,353638.85265218327,4025618.8899496077
1628859272251454491,353639.49965340446,4025619.4272146453
1628859272383450135,353640.55777950457,4025620.3059891677
1628859272443462112,353641.0424140134,4025620.704973497
1628859272575410639,353642.0915208988,4025621.5683211717
1628859272647277991,353642.6541279636,4025622.0559553145
1628859272785522589,353643.77940829564,4025622.9863614407
1628859272839293494,353644.180965101,4025623.317885448
1628859272965455779,353645.24140735104,4025624.1838802146
1628859273043515880,353645.8844744251,4025624.710500386
1628859273187548920,353647.01547243644,4025625.647020721
1628859273235504910,353647.4169741277,4025625.9752956545
1628859273373469320,353648.54165693995,4025626.8938715467
1628859273457408132,353649.1824895187,4025627.416501329
1628859273583346348,353650.14171413216,4025628.199854654
1628859273649524369,353650.7114852218,4025628.6527611446
1628859273775481439,353651.7465654762,4025629.498814288
1628859273853588958,353652.3020697289,4025629.9544337215
1628859273979417091,353653.3470881736,4025630.8161579585
1628859274039435931,353653.8216098021,4025631.2072875355
1628859274177572020,353654.9351210389,4025632.134841956
1628859274261436949,353655.5647470247,4025632.657112086
1628859274381479233,353656.5254785784,4025633.448451541
1628859274441404346,353656.9955485422,4025633.8398242937
1628859274567545247,353658.0114758228,4025634.6866440405
1628859274651541761,353658.64101031254,4025635.2107469877
1628859274789486548,353659.72657144285,4025636.120493763
1628859274843420302,353660.1135073232,4025636.4446664
1628859274969593949,353661.123768592,4025637.326463979
1628859275053556009,353661.73574816633,4025637.8447142113
1628859275179491590,353662.7332867965,4025638.7122460916
1628859275251485668,353663.2615459625,4025639.1647098386
1628859275371598101,353664.16604797874,4025639.946074115
1628859275461575714,353664.8359343526,4025640.52133062
1628859275593341586,353665.7225570851,4025641.284854103
1628859275653497320,353666.2276803454,4025641.7334819348
1628859275773499063,353667.1033340908,4025642.4889967237
1628859275845440053,353667.61120431003,4025642.928621283
1628859275983557580,353668.6369067214,4025643.801446139
1628859276127337895,353669.65281027404,4025644.6795330187
1628859276175568761,353670.0084375157,4025644.98758722
1628859276313580952,353670.9973678944,4025645.8460336914
1628859276385572531,353671.50945202523,4025646.293064172
1628859276511315879,353672.34821186314,4025647.025200114
1628859276583346306,353672.83438881126,4025647.450649488
1628859276715516939,353673.80851064745,4025648.283360385
1628859276781327857,353674.2189310964,4025648.642949725
1628859276920471514,353675.17890170304,4025649.492455579
1628859276980472632,353675.5824202013,4025649.848133158
1628859277118452751,353676.5206471019,4025650.684074881
1628859277190384388,353676.9806991003,4025651.093134979
1628859277316592694,353677.827093434,4025651.847328948
1628859277382358121,353678.2265851843,4025652.2103378573
1628859277520471660,353679.12097171217,4025653.0127027403
1628859277592376068,353679.56310477643,4025653.4106060583
1628859277718609599,353680.3945664329,4025654.1533945682
1628859277778599781,353680.7672024824,4025654.489253645
1628859277910582483,353681.57674242975,4025655.233236332
1628859277988524474,353682.0636932322,4025655.675656264
1628859278120482940,353682.8493005043,4025656.397520979
1628859278180484723,353683.20815418323,4025656.7214057157
1628859278312587832,353683.9783453436,4025657.415866416
1628859278390532811,353684.45789962553,4025657.852200974
1628859278510533489,353685.15552102024,4025658.4797559506
1628859278582469315,353685.55867160036,4025658.8426118507
1628859278720603647,353686.36016239185,4025659.5653836494
1628859278798418534,353686.75515478704,4025659.920412184
1628859278912523423,353687.4289891769,4025660.5344833094
1628859278984474429,353687.81794817594,4025660.8846240863
1628859279122368059,353688.5475170787,4025661.539105991
1628859279188367633,353688.93123486417,4025661.8842846025
1628859279314602799,353689.63924027554,4025662.519599237
1628859279374619524,353689.9590467956,4025662.8064081734
1628859279518482385,353690.7046397048,4025663.475527672
1628859279590456659,353691.0732479805,4025663.806038246
1628859279722508221,353691.7634235001,4025664.428241471
1628859279848364208,353692.42861325416,4025665.023782005
1628859279914549015,353692.78805375285,4025665.353547135
1628859279992781164,353693.1862815663,4025665.712259751
1628859280118373832,353693.7831421237,4025666.255273081
1628859280250509543,353694.4082405234,4025666.8205607706
1628859280316545447,353694.73843410326,4025667.1207139017
1628859280448481934,353695.3547950458,4025667.680015077
1628859280520363366,353695.67369457433,4025667.9691588697
1628859280658649956,353696.3150954988,4025668.55654102
1628859280718664167,353696.5770659066,4025668.7977868854
1628859280850426686,353697.13177627313,4025669.313328783
1628859280916845515,353697.4412454221,4025669.5970165567
1628859281060647104,353698.01734235126,4025670.1284939824
1628859281120644482,353698.26674636663,4025670.3629024164
1628859281252500791,353698.7763201521,4025670.8385566617
1628859281318577251,353699.04356553673,4025671.0903947754
1628859281462372747,353699.58249281836,4025671.5947590773
1628859281516864362,353699.8015492782,4025671.80123726
1628859281642632554,353700.23403307155,4025672.207940968
1628859281714523851,353700.4790337363,4025672.438212336
1628859281864409969,353700.9823352541,4025672.925569334
1628859281924398054,353701.1800475972,4025673.1132121626
1628859282044380135,353701.568067116,4025673.4800778506
1628859282122660208,353701.83092147345,4025673.7285111365
1628859282254529802,353702.23216091783,4025674.1083984147
1628859282314527869,353702.41299609974,4025674.2796939667
1628859282452641268,353702.8269292541,4025674.677586112
1628859282518399172,353702.99882871856,4025674.840182355
1628859282662580243,353703.4186529806,4025675.238158192
1628859282722577912,353703.5804222778,4025675.3918006252
1628859282854538581,353703.9288842782,4025675.7238724832
1628859282920407020,353704.0818781342,4025675.8692706665
1628859283064565603,353704.4525816208,4025676.222726284
1628859283124559924,353704.5962933616,4025676.3587901285
1628859283250549276,353704.8751103027,4025676.6254478265
1628859283322775929,353705.05566141417,4025676.797999455
1628859283454645140,353705.3384530529,4025677.0813748515
1628859283526689283,353705.48808903,4025677.2249071174
1628859283658562522,353705.75918735703,4025677.4916951316
1628859283718548075,353705.8799231604,4025677.6080661244
1628859283862503060,353706.1534828367,4025677.874232763
1628859283916677241,353706.26588165143,4025677.983023488
1628859284048689557,353706.50023581117,4025678.211735211
1628859284192569862,353706.75621045986,4025678.4467348666
1628859284270654430,353706.8879222396,4025678.573357684
1628859284318676338,353706.9678377784,4025678.6506225364
1628859284450659299,353707.17616582173,4025678.8506901446
1628859284582533354,353707.36212104326,4025679.0288269026
1628859284672406136,353707.5046837557,4025679.1420218516
1628859284720560056,353707.57016284636,4025679.2028982015
1628859284852422113,353707.7299341615,4025679.3538888693
1628859284990476903,353707.88247102883,4025679.495724247
1628859285062564263,353707.9656235006,4025679.5731175784
1628859285194449932,353708.0872420991,4025679.7092492175
1628859285260451400,353708.14067418274,4025679.761509281
1628859285392668654,353708.2750129285,4025679.870204357
1628859285464568932,353708.328728587,4025679.919377341
1628859285596440063,353708.41509200615,4025679.9989747927
1628859285656423376,353708.44053628994,4025680.051005366
1628859285782689071,353708.49674475344,4025680.108650732
1628859285866451234,353708.53121170145,4025680.1528385305
1628859286004569381,353708.5651899869,4025680.189771346
1628859286064568760,353708.57502933685,4025680.201385124
1628859286184812904,353708.5947684094,4025680.226381696
1628859286256695990,353708.6004955891,4025680.234830002
1628859286400727429,353708.5944338499,4025680.22644838
1628859286454788161,353708.5996368525,4025680.2327692886
1628859286586553768,353708.60975643684,4025680.2447140343
1628859286658492170,353708.58387723996,4025680.215731723
1628859286784705949,353708.5879102433,4025680.219630958
1628859286850492483,353708.58977163094,4025680.2214306057
1628859286988556232,353708.5742146376,4025680.2055492946
1628859287066680103,353708.5742146376,4025680.2055492946
1628859287198721993,353708.5791487307,4025680.212210438
1628859287258646383,353708.5791487307,4025680.212210438
1628859287390592807,353708.5841764078,4025680.218992075
1628859287468586976,353708.5841764078,4025680.218992075
1628859287600717941,353708.5841764078,4025680.218992075
1628859287660694434,353708.58917048614,4025680.225591171
1628859287792571902,353708.58917048614,4025680.225591171
1628859287870728906,353708.59346391127,4025680.2322631287
1628859288002456895,353708.59346391127,4025680.2322631287
1628859288050701006,353708.59346391127,4025680.2322631287
1628859288188714840,353708.59839697444,4025680.2388632544
1628859288260642281,353708.59839697444,4025680.2388632544
1628859288404519535,353708.60317904095,4025680.2455574824
1628859288464751893,353708.60317904095,4025680.2455574824
1628859288584459105,353708.60317904095,4025680.2455574824
1628859288662723553,353708.6080169753,4025680.25194559
1628859288800644783,353708.6080169753,4025680.25194559
1628859288926507759,353708.6130938254,4025680.258024487
1628859288992720380,353708.6130938254,4025680.258024487
1628859289076489928,353708.6130938254,4025680.258024487
1628859289196479318,353708.6179296998,4025680.2642905577
1628859289328592284,353708.6179296998,4025680.2642905577
1628859289394615620,353708.62288709194,4025680.2705240594
1628859289472732949,353708.62288709194,4025680.2705240594
1628859289598475981,353708.62288709194,4025680.2705240594
1628859289730617153,353708.6274814757,4025680.2769467956
1628859289784650272,353708.6274814757,4025680.2769467956
1628859289928699641,353708.63231065543,4025680.2828162485
1628859290006714014,353708.63231065543,4025680.2828162485
1628859290126732796,353708.6371454976,4025680.289021302
1628859290192506578,353708.6371454976,4025680.289021302
1628859290324839480,353708.6371454976,4025680.289021302
1628859290396711076,353708.64197931427,4025680.295165336
1628859290528704734,353708.64197931427,4025680.295165336
1628859290594555905,353708.64197931427,4025680.295165336
1628859290732628374,353708.64681055385,4025680.3011568254
1628859290798768367,353708.64681055385,4025680.3011568254
1628859290930720753,353708.65142617456,4025680.3070298843
1628859290990755155,353708.65142617456,4025680.3070298843
1628859291128673505,353708.65613538364,4025680.3130234326
1628859291200636614,353708.65613538364,4025680.3130234326
1628859291338491798,353708.65613538364,4025680.3130234326
1628859291392623961,353708.6608120217,4025680.3188954596
1628859291530736304,353708.6608120217,4025680.3188954596
1628859291608499055,353708.6608120217,4025680.3188954596
1628859291722639857,353708.6656391415,4025680.3246428766
1628859291794517376,353708.6656391415,4025680.3246428766
1628859291938632041,353708.67012861185,4025680.330273921
1628859292004636258,353708.67012861185,4025680.330273921
1628859292130668282,353708.67474114493,4025680.335963926
1628859292190663596,353708.67474114493,4025680.335963926
1628859292340515915,353708.67474114493,4025680.335963926
1628859292394729935,353708.67926009186,4025680.341533437
1628859292532698174,353708.67926009186,4025680.341533437
1628859292598521585,353708.67926009186,4025680.341533437
1628859292736507501,353708.68380903476,4025680.3470719247
1628859292796527390,353708.68380903476,4025680.3470719247
1628859292934682860,353708.68853536097,4025680.3522717217
1628859292994682829,353708.68853536097,4025680.3522717217
1628859293132657348,353708.69308121176,4025680.3576271567
1628859293204784296,353708.69308121176,4025680.3576271567
1628859293324817173,353708.69308121176,4025680.3576271567
1628859293402528432,353708.69637056603,4025680.3626681007
1628859293534693564,353708.6942226391,4025680.36197193
1628859293606782626,353708.6996268367,4025680.3675570176
1628859293732663777,353708.6996268367,4025680.3675570176
1628859293876687958,353708.70374712115,4025680.3730111877
1628859293930680510,353708.70374712115,4025680.3730111877
1628859294068679015,353708.70374712115,4025680.3730111877
1628859294128673843,353708.70798428636,4025680.378158207
1628859294260790058,353708.70798428636,4025680.378158207
1628859294344661493,353708.70798428636,4025680.378158207
1628859294458711294,353708.7120973589,4025680.3831852493
1628859294530680958,353708.7120973589,4025680.3831852493
1628859294668791854,353708.7163603981,4025680.3880571714
1628859294734545501,353708.7163603981,4025680.3880571714
1628859294866564512,353708.7205577873,4025680.3926555435
1628859294932679858,353708.7205577873,4025680.3926555435
1628859295070791893,353708.7205577873,4025680.3926555435
1628859295136546295,353708.72475929395,4025680.397497986
1628859295262781253,353708.72475929395,4025680.397497986
1628859295334675569,353708.72475929395,4025680.397497986
1628859295472678324,353708.72883825516,4025680.4023119793
1628859295532688681,353708.72883825516,4025680.4023119793
1628859295664791519,353708.7329746268,4025680.4069113797
1628859295736689625,353708.7329746268,4025680.4069113797
1628859295868667785,353708.73716789624,4025680.4112656787
1628859295934687558,353708.73716789624,4025680.4112656787
1628859296066822385,353708.73716789624,4025680.4112656787
1628859296132811505,353708.74115224124,4025680.415898164
1628859296264713051,353708.74115224124,4025680.415898164
1628859296336615554,353708.74115224124,4025680.415898164
1628859296468580269,353708.74510350276,4025680.420378617
1628859296534816445,353708.74510350276,4025680.420378617
1628859296678696621,353708.74914526043,4025680.424796507
1628859296738595975,353708.74914526043,4025680.424796507
1628859296858577077,353708.7530608657,4025680.4289723854
1628859296936833946,353708.7530608657,4025680.4289723854
1628859297068828053,353708.7530608657,4025680.4289723854
1628859297140653355,353708.75701006956,4025680.433330804
1628859297266745874,353708.75701006956,4025680.433330804
1628859297338701358,353708.75701006956,4025680.433330804
1628859297470588933,353708.76092670474,4025680.437567699
1628859297542600424,353708.76092670474,4025680.437567699
1628859297668750389,353708.76478232467,4025680.4418056253
1628859297746626828,353708.76478232467,4025680.4418056253
1628859297878850052,353708.7687253464,4025680.445797934
1628859297938841506,353708.7687253464,4025680.445797934
1628859298076710848,353708.7687253464,4025680.445797934
1628859298202688818,353708.7726104452,4025680.449974327
1628859298274601324,353708.7726104452,4025680.449974327
1628859298334568326,353708.7726104452,4025680.449974327
1628859298460799872,353708.77652399056,4025680.454028168
1628859298598587393,353708.77652399056,4025680.454028168
1628859298682720284,353708.78031601803,4025680.4581145793
1628859298814567338,353708.78031601803,4025680.4581145793
1628859298874855441,353708.7841964797,4025680.4620163906
1628859298994853210,353708.7841964797,4025680.4620163906
1628859299078652586,353708.7841964797,4025680.4620163906
1628859299210621495,353708.788018501,4025680.466071776
1628859299270728203,353708.788018501,4025680.466071776
1628859299403082294,353708.7918684539,4025680.4699741034
1628859299474788971,353708.7918684539,4025680.4699741034
1628859299606731187,353708.7954753735,4025680.473941567
1628859299666725938,353708.7954753735,4025680.473941567
1628859299798591214,353708.7954753735,4025680.473941567
1628859299876832023,353708.7993522326,4025680.477629815
1628859300014770042,353708.7993522326,4025680.477629815
1628859300068710815,353708.7993522326,4025680.477629815
1628859300200603938,353708.80311066157,4025680.4815336852
1628859300278838883,353708.80311066157,4025680.4815336852
1628859300410619892,353708.80668604246,4025680.485440648
1628859300465171464,353708.80668604246,4025680.485440648
1628859300602710906,353708.80668604246,4025680.485440648
1628859300668738713,353708.8103514025,4025680.4892545366
1628859300806879628,353708.8103514025,4025680.4892545366
1628859300872635315,353708.8103514025,4025680.4892545366
1628859301004725360,353708.813985741,4025680.493038431
1628859301082604764,353708.813985741,4025680.493038431
1628859301208867921,353708.8175673015,4025680.4973115
1628859301274635387,353708.8175673015,4025680.4973115
1628859301400833686,353708.82108115224,4025680.5011889813
1628859301484732184,353708.82108115224,4025680.5011889813
1628859301610863823,353708.82459294074,4025680.504944428
1628859301670891856,353708.82459294074,4025680.504944428
1628859301802841616,353708.82459294074,4025680.504944428
1628859301868529156,353708.8281326631,4025680.508546813
1628859302012729520,353708.8281326631,4025680.508546813
1628859302144894262,353708.8315849813,4025680.5123948143
1628859302204841177,353708.8315849813,4025680.5123948143
1628859302336750081,353708.8315849813,4025680.5123948143
1628859302414868966,353708.8350647207,4025680.5160592473
1628859302534760846,353708.8350647207,4025680.5160592473
1628859302606626433,353708.8383934612,4025680.519817783
1628859302690813136,353708.8383934612,4025680.519817783
1628859302816745952,353708.8383934612,4025680.519817783
1628859302936759593,353708.84178270417,4025680.5235447795
1628859302996748342,353708.84178270417,4025680.5235447795
1628859303146886054,353708.84505094215,4025680.527334853
1628859303218762942,353708.84505094215,4025680.527334853
1628859303338930153,353708.84505094215,4025680.527334853
1628859303404809884,353708.8483181524,4025680.531063908
1628859303536920554,353708.8483181524,4025680.531063908
1628859303608921546,353708.8516153565,4025680.534761941
1628859303746884812,353708.8516153565,4025680.534761941
1628859303806792946,353708.8516153565,4025680.534761941
1628859303938788060,353708.8549999647,4025680.5382143557
1628859304016901029,353708.8549999647,4025680.5382143557
1628859304136891099,353708.85832664534,4025680.541850854
1628859304208659602,353708.85832664534,4025680.541850854
1628859304340775475,353708.85832664534,4025680.541850854
1628859304412656571,353708.86168280477,4025680.5454258192
1628859304538890590,353708.86168280477,4025680.5454258192
1628859304610896654,353708.8650389642,4025680.549000785
1628859304742668277,353708.8650389642,4025680.549000785
1628859304820789450,353708.8650389642,4025680.549000785
1628859304940920844,353708.8684871625,4025680.552604715
1628859305000882364,353708.8684871625,4025680.552604715
1628859305144783549,353708.87158998684,4025680.555634637
1628859305222812796,353708.87158998684,4025680.555634637
1628859305348768949,353708.87158998684,4025680.555634637
1628859305402771283,353708.8749135776,4025680.559088082
1628859305546789051,353708.8749135776,4025680.559088082
1628859305618793055,353708.87823820056,4025680.5626025447
1628859305744786671,353708.87823820056,4025680.5626025447
1628859305804799161,353708.87823820056,4025680.5626025447
1628859305942925945,353708.88162435143,4025680.5661464855
1628859306014934691,353708.88162435143,4025680.5661464855
1628859306146794713,353708.88519509754,4025680.5697788647
1628859306206803344,353708.88519509754,4025680.5697788647
1628859306350700235,353708.88519509754,4025680.5697788647
1628859306416907019,353708.8884597329,4025680.573355375
1628859306543015367,353708.8884597329,4025680.573355375
1628859306674826442,353708.8918448561,4025680.576838298
1628859306746809701,353708.8918448561,4025680.576838298
1628859306818617862,353708.8918448561,4025680.576838298
1628859306950807444,353708.89528996684,4025680.580259174
1628859307088673459,353708.89528996684,4025680.580259174
1628859307148809807,353708.8984940997,4025680.5838672235
1628859307280681807,353708.8984940997,4025680.5838672235
1628859307340680934,353708.8984940997,4025680.5838672235
1628859307490681729,353708.9017897565,4025680.587473728
1628859307550796913,353708.9017897565,4025680.587473728
1628859307682955932,353708.90520538844,4025680.5909561366
1628859307748941182,353708.90520538844,4025680.5909561366
1628859307898777305,353708.9086810057,4025680.5943764974
1628859307952807048,353708.9086810057,4025680.5943764974
1628859308067183363,353708.9086810057,4025680.5943764974
1628859308150825926,353708.91203870764,4025680.5980429887
1628859308282945280,353708.91203870764,4025680.5980429887
1628859308348711988,353708.91203870764,4025680.5980429887
1628859308474815870,353708.9153948693,4025680.601617955
1628859308552962957,353708.9153948693,4025680.601617955
1628859308684703256,353708.9189289269,4025680.60488474
1628859308744726208,353708.9189289269,4025680.60488474
1628859308882845705,353708.9221035832,4025680.608554322
1628859308942866309,353708.9221035832,4025680.608554322
1628859309092701105,353708.9221035832,4025680.608554322
1628859309146895195,353708.92548715917,4025680.611945719
1628859309284966685,353708.92548715917,4025680.611945719
1628859309350717186,353708.92548715917,4025680.611945719
1628859309494837038,353708.92883919866,4025680.615276612
1628859309548728151,353708.92883919866,4025680.615276612
1628859309674969671,353708.93219535804,4025680.6188515774
1628859309746937023,353708.93219535804,4025680.6188515774
1628859309884881257,353708.9356404665,4025680.6222724533
1628859309944880157,353708.9356404665,4025680.6222724533
1628859310076830452,353708.9356404665,4025680.6222724533
1628859310160709503,353708.93856951466,4025680.6258546277
1628859310286987268,353708.93856951466,4025680.6258546277
1628859310352713742,353708.93856951466,4025680.6258546277
1628859310478858521,353708.9418946502,4025680.6293995995
1628859310550732807,353708.9418946502,4025680.6293995995
1628859310688977804,353708.94521824084,4025680.6328530437
1628859310748977912,353708.94521824084,4025680.6328530437
1628859310868899898,353708.9484813313,4025680.6363380277
1628859311012732695,353708.9484813313,4025680.6363380277
1628859311096689719,353708.9484813313,4025680.6363380277
1628859311156730387,353708.95168443414,4025680.639885058
1628859311282864243,353708.95168443414,4025680.639885058
1628859311408886588,353708.95482703677,4025680.6434636298
1628859311486838202,353708.95482703677,4025680.6434636298
1628859311612966185,353708.9581816534,4025680.6469470677
1628859311684845131,353708.9581816534,4025680.6469470677
1628859311811110302,353708.9581816534,4025680.6469470677
1628859311882856744,353708.9613232237,4025680.6504646195
1628859312026871987,353708.9613232237,4025680.6504646195
1628859312086746965,353708.9613232237,4025680.6504646195
1628859312213017919,353708.9642538145,4025680.6541383215
1628859312296850029,353708.9642538145,4025680.6541383215
1628859312422978284,353708.96748794103,4025680.6577153476
1628859312488740406,353708.96748794103,4025680.6577153476
1628859312620743584,353708.9705995199,4025680.6612639227
1628859312692919209,353708.9705995199,4025680.6612639227
1628859312824995804,353708.9705995199,4025680.6612639227
1628859312890754944,353708.97368007724,4025680.664782505
1628859313017002863,353708.97368007724,4025680.664782505
1628859313088880029,353708.97368007724,4025680.664782505
1628859313220860786,353708.9769452275,4025680.6683895253
1628859313286878966,353708.9769452275,4025680.6683895253
1628859313418770533,353708.98008886003,4025680.6720291134
1628859313497086478,353708.98008886003,4025680.6720291134
1628859313628884642,353708.983079436,4025680.675640768
1628859313688892939,353708.983079436,4025680.675640768
1628859313820939626,353708.983079436,4025680.675640768
1628859313898970993,353708.98606898217,4025680.679191404
1628859314019011025,353708.98606898217,4025680.679191404
1628859314084741354,353708.98606898217,4025680.679191404
1628859314210892524,353708.9890600754,4025680.682833568
1628859314288996261,353708.9890600754,4025680.682833568
1628859314432871680,353708.99202117254,4025680.686506755
1628859314486812805,353708.99202117254,4025680.686506755
1628859314612891755,353708.99498227204,4025680.6901799426
1628859314690899892,353708.99498227204,4025680.6901799426
1628859314834761183,353708.99498227204,4025680.6901799426
1628859314882772167,353708.9979123478,4025680.6938231355
1628859315014854084,353708.9979123478,4025680.6938231355
1628859315092896793,353708.9979123478,4025680.6938231355
1628859315224787336,353709.00068988197,4025680.6974689043
1628859315285023346,353709.00068988197,4025680.6974689043
1628859315423022517,353709.0034994699,4025680.701205684
1628859315494783105,353709.0034994699,4025680.701205684
1628859315626768465,353709.006371103,4025680.7050024522
1628859315753041656,353709.006371103,4025680.7050024522
1628859315818778453,353709.006371103,4025680.7050024522
1628859315896907508,353709.0093627112,4025680.7086751265
1628859316034911144,353709.0093627112,4025680.7086751265
1628859316155204615,353709.0121412754,4025680.712381911
1628859316215043821,353709.0121412754,4025680.712381911
1628859316352790656,353709.0121412754,4025680.712381911
1628859316425135819,353709.0148019289,4025680.716334828
1628859316556912220,353709.0148019289,4025680.716334828
1628859316616926432,353709.0175225653,4025680.7202257006
1628859316755057497,353709.0175225653,4025680.7202257006
1628859316833052577,353709.0175225653,4025680.7202257006
1628859316946979293,353709.02036369196,4025680.7240229836
1628859317018903248,353709.02036369196,4025680.7240229836
1628859317162851962,353709.0232942826,4025680.727696686
1628859317234697261,353709.0232942826,4025680.727696686
1628859317360930167,353709.0259239123,4025680.731619611
1628859317420924300,353709.0259239123,4025680.731619611
1628859317564789977,353709.0259239123,4025680.731619611
1628859317631063276,353709.027858034,4025680.7359204898
1628859317762933322,353709.02697329834,4025680.7359354226
1628859317816813305,353709.02697329834,4025680.7359354226
1628859317960921238,353709.03126439406,4025680.738853734
1628859318032797528,353709.03126439406,4025680.738853734
1628859318152790618,353709.0340765568,4025680.7427430595
1628859318219062186,353709.0340765568,4025680.7427430595
1628859318362927497,353709.03688923456,4025680.7466628947
1628859318434855827,353709.03688923456,4025680.7466628947
1628859318554808045,353709.03688923456,4025680.7466628947
1628859318621063112,353709.03967346565,4025680.7507052803
1628859318759208983,353709.03967346565,4025680.7507052803
1628859318824806592,353709.03967346565,4025680.7507052803
1628859318956827617,353709.04248768836,4025680.7547166427
1628859319016819672,353709.04248768836,4025680.7547166427
1628859319160838604,353709.0452408934,4025680.758729035
1628859319226975515,353709.0452408934,4025680.758729035
1628859319364951068,353709.0480261522,4025680.7628324386
1628859319424952492,353709.0480261522,4025680.7628324386
1628859319556818350,353709.0480261522,4025680.7628324386
1628859319628821407,353709.05080832343,4025680.766752789
1628859319754997161,353709.05080832343,4025680.766752789
1628859319820962097,353709.05080832343,4025680.766752789
1628859319965082733,353709.05353256466,4025680.770857223
1628859320037056974,353709.05353256466,4025680.770857223
1628859320157051566,353709.0561311707,4025680.7747501545
1628859320222842459,353709.0561311707,4025680.7747501545
1628859320360833645,353709.05870338995,4025680.778887671
1628859320427075489,353709.05870338995,4025680.778887671
1628859320559066997,353709.05870338995,4025680.778887671
1628859320697006877,353709.0613355945,4025680.7829631423
1628859320762850870,353709.0613355945,4025680.7829631423
1628859320888963756,353709.06381680025,4025680.7871327135
1628859320961043334,353709.06381680025,4025680.7871327135
1628859321093081552,353709.06381680025,4025680.7871327135
1628859321158999078,353709.0662349331,4025680.791181279
1628859321290970604,353709.0662349331,4025680.791181279
1628859321362952408,353709.06868511735,4025680.795320858
1628859321501097894,353709.06868511735,4025680.795320858
1628859321561055710,353709.06868511735,4025680.795320858
1628859321692967707,353709.0712568216,4025680.799427866
1628859321764864234,353709.0712568216,4025680.799427866
1628859321908969942,353709.07358600304,4025680.803630522
1628859321963074321,353709.07358600304,4025680.803630522
1628859322094905072,353709.07358600304,4025680.803630522
1628859322161027070,353709.07612050395,4025680.807341428
1628859322293107059,353709.07612050395,4025680.807341428
1628859322365065329,353709.07848173904,4025680.811635095
1628859322490978222,353709.07848173904,4025680.811635095
1628859322575144960,353709.07848173904,4025680.811635095
1628859322694986851,353709.08083988435,4025680.81574571
1628859322766896012,353709.08083988435,4025680.81574571
1628859322893134714,353709.08313855925,4025680.8199488814
1628859322965116121,353709.08313855925,4025680.8199488814
1628859323103356962,353709.0854026057,4025680.823908494
1628859323168842208,353709.0854026057,4025680.823908494
1628859323295098677,353709.0854026057,4025680.823908494
1628859323355079126,353709.0877638408,4025680.8282021624
1628859323505039286,353709.0877638408,4025680.8282021624
1628859323565028878,353709.0877638408,4025680.8282021624
1628859323697135055,353709.0900930222,4025680.8324048175
1628859323769119282,353709.0900930222,4025680.8324048175
1628859323900981571,353709.09239427204,4025680.8367605344
1628859323967033584,353709.09239427204,4025680.8367605344
1628859324093008845,353709.09239427204,4025680.8367605344
1628859324170878668,353709.09475241957,4025680.8408711487
1628859324309034704,353709.09475241957,4025680.8408711487
1628859324363002739,353709.097082116,4025680.845104314
1628859324495013413,353709.097082116,4025680.845104314
1628859324621108648,353709.09938130365,4025680.8493379923
1628859324711141735,353709.09938130365,4025680.8493379923
1628859324771147197,353709.09938130365,4025680.8493379923
1628859324897431101,353709.1017120322,4025680.8536321768
1628859325023017531,353709.1017120322,4025680.8536321768
1628859325106934357,353709.1017120322,4025680.8536321768
1628859325245024606,353709.10406708764,4025680.8575597364
1628859325305020248,353709.10406708764,4025680.8575597364
1628859325425016181,353709.10639781394,4025680.861853919
1628859325496895923,353709.10639781394,4025680.861853919
1628859325634950864,353709.1086675251,4025680.8661491326
1628859325695118384,353709.1086675251,4025680.8661491326
1628859325821510246,353709.1086675251,4025680.8661491326
1628859325905003100,353709.1110577263,4025680.8703507585
1628859326036885070,353709.1110577263,4025680.8703507585
1628859326103118784,353709.11335639894,4025680.87455393
1628859326223132468,353709.11335639894,4025680.87455393
1628859326307166292,353709.11335639894,4025680.87455393
1628859326438953662,353709.11556560977,4025680.878880681
1628859326498892706,353709.11556560977,4025680.878880681
1628859326631039317,353709.11792632984,4025680.8831438413
1628859326697113432,353709.11792632984,4025680.8831438413
1628859326840915843,353709.11792632984,4025680.8831438413
1628859326889044937,353709.12010400195,4025680.88741009
1628859327027140141,353709.12010400195,4025680.88741009
1628859327099175693,353709.12010400195,4025680.88741009
1628859327237067267,353709.1223716532,4025680.891583266
1628859327297097633,353709.1223716532,4025680.891583266
1628859327429059263,353709.1247028944,4025680.8959079576
1628859327507148675,353709.1247028944,4025680.8959079576
1628859327639147551,353709.1268805666,4025680.9001742066
1628859327699101782,353709.1268805666,4025680.9001742066
1628859327831042250,353709.1268805666,4025680.9001742066
1628859327909131824,353709.1291502776,4025680.90446942
1628859328047045130,353709.1291502776,4025680.90446942
1628859328101178968,353709.1291502776,4025680.90446942
1628859328233060237,353709.1315109977,4025680.9087325796
1628859328317059550,353709.1315109977,4025680.9087325796
1628859328444158744,353709.13378328364,4025680.9131803387
1628859328492134120,353709.13378328364,4025680.9131803387
1628859328630339851,353709.1362975752,4025680.9175019404
1628859328702312594,353709.1362975752,4025680.9175019404
1628859328846207885,353709.1362975752,4025680.9175019404
1628859328972103286,353709.1387208577,4025680.9218555954
1628859329032218294,353709.1387208577,4025680.9218555954
1628859329116216551,353709.1412641108,4025680.9260851573
1628859329242170650,353709.1412641108,4025680.9260851573
1628859329362184034,353709.14384044753,4025680.9304667483
1628859329434180000,353709.14384044753,4025680.9304667483
1628859329572087611,353709.14384044753,4025680.9304667483
1628859329644346386,353709.1466293133,4025680.9347837153
1628859329764151143,353709.1466293133,4025680.9347837153
1628859329830113094,353709.1466293133,4025680.9347837153
1628859329968124633,353709.149297689,4025680.9391942713
1628859330046387858,353709.149297689,4025680.9391942713
1628859330167207452,353709.1520260522,4025680.9435427785
1628859330232958611,353709.1520260522,4025680.9435427785
1628859330365098097,353709.15475596034,4025680.947982811
1628859330437198247,353709.15475596034,4025680.947982811
1628859330569212269,353709.15475596034,4025680.947982811
1628859330629160317,353709.1576063563,4025680.9523292584
1628859330767287330,353709.1576063563,4025680.9523292584
1628859330839086711,353709.1576063563,4025680.9523292584
1628859330970955285,353709.16063980025,4025680.9566726163
1628859331030952340,353709.16063980025,4025680.9566726163
1628859331169100504,353709.1635201877,4025680.960988039
1628859331241076063,353709.1635201877,4025680.960988039
1628859331372946746,353709.1664946763,4025680.965454463
1628859331432955948,353709.1664946763,4025680.965454463
1628859331571158479,353709.1664946763,4025680.965454463
1628859331642870591,353709.16958965047,4025680.9698273004
1628859331774959694,353709.16958965047,4025680.9698273004
1628859331834956229,353709.16958965047,4025680.9698273004
1628859331973214381,353709.17271719326,4025680.9743216583
1628859332045088535,353709.17271719326,4025680.9743216583
1628859332165100709,353709.17584164627,4025680.9786329614
1628859332236965700,353709.17584164627,4025680.9786329614
1628859332375005437,353709.1790002128,4025680.9831573125
1628859332447100366,353709.1790002128,4025680.9831573125
1628859332578960540,353709.1790002128,4025680.9831573125
1628859332633142622,353709.1823402847,4025680.987587049
1628859332777244864,353709.1823402847,4025680.987587049
1628859332848979341,353709.1823402847,4025680.987587049
1628859332975217946,353709.1856524203,4025680.9921698445
1628859333101431469,353709.18908453116,4025680.9966285434
1628859333179009121,353709.18908453116,4025680.9966285434
1628859333238989852,353709.18908453116,4025680.9966285434
1628859333377196283,353709.19248870574,4025681.001240303
1628859333509097018,353709.19248870574,4025681.001240303
1628859333569107742,353709.19248870574,4025681.001240303
1628859333647112689,353709.19601440046,4025681.005819494
1628859333767107350,353709.19601440046,4025681.005819494
1628859333916987773,353709.19972056826,4025681.010243049
1628859333971017288,353709.19972056826,4025681.010243049
1628859334109112419,353709.2032131793,4025681.0146702086
1628859334169092059,353709.2032131793,4025681.0146702086
1628859334319298570,353709.2032131793,4025681.0146702086
1628859334379203669,353709.2068924431,4025681.019307843
1628859334511117727,353709.2068924431,4025681.019307843
1628859334571099573,353709.2068924431,4025681.019307843
1628859334709198989,353709.2105711943,4025681.0239149677
1628859334769227719,353709.2105711943,4025681.0239149677
1628859334901203060,353709.21443350613,4025681.028549513
1628859334985172038,353709.21443350613,4025681.028549513
1628859335111118614,353709.218294273,4025681.0330925304
1628859335171225919,353709.218294273,4025681.0330925304
1628859335303248685,353709.218294273,4025681.0330925304
1628859335381014755,353709.22224759625,4025681.037695021
1628859335522296082,353709.22224759625,4025681.037695021
1628859335570354765,353709.22224759625,4025681.037695021
1628859335708162893,353709.2262924432,4025681.042295967
1628859335774215823,353709.2262924432,4025681.042295967
1628859335906115628,353709.230278335,4025681.047019978
1628859335978139762,353709.230278335,4025681.047019978
1628859336116197851,353709.23435368855,4025681.0516204094
1628859336176215829,353709.23435368855,4025681.0516204094
1628859336314125524,353709.23435368855,4025681.0516204094
1628859336374148895,353709.2385805537,4025681.0561572467
1628859336506150182,353709.2385805537,4025681.0561572467
1628859336578198364,353709.2385805537,4025681.0561572467
1628859336716122568,353709.24302200775,4025681.060751497
1628859336776131097,353709.24302200775,4025681.060751497
1628859336908132310,353709.247311948,4025681.0654093428
1628859336980028804,353709.247311948,4025681.0654093428
1628859337118203935,353709.2517218633,4025681.0699430895
1628859337178192543,353709.2517218633,4025681.0699430895
1628859337310134408,353709.2517218633,4025681.0699430895
1628859337442164458,353709.25616331515,4025681.074537342
1628859337508322481,353709.25616331515,4025681.074537342
1628859337580216009,353709.25616331515,4025681.074537342
1628859337700182443,353709.2606047691,4025681.079131593
1628859337838137932,353709.2606047691,4025681.079131593
1628859337910342011,353709.2651682537,4025681.083723784
1628859337970331198,353709.2651682537,4025681.083723784
1628859338108204318,353709.2701134087,4025681.087424517
1628859338240137730,353709.2701134087,4025681.087424517
1628859338318487534,353709.2701134087,4025681.087424517
1628859338450342406,353709.2747978983,4025681.09195363
1628859338510318210,353709.2747978983,4025681.09195363
1628859338642151779,353709.27960235614,4025681.096358647
1628859338720321634,353709.27960235614,4025681.096358647
1628859338852352123,353709.27960235614,4025681.096358647
1628859338906097969,353709.28443835507,4025681.100824168
1628859339044204186,353709.28443835507,4025681.100824168
1628859339128204090,353709.2892133364,4025681.1052907184
1628859339254316999,353709.2892133364,4025681.1052907184
1628859339302307322,353709.2892133364,4025681.1052907184
1628859339434330762,353709.29414085916,4025681.1097546937
1628859339512186588,353709.29414085916,4025681.1097546937
1628859339656152457,353709.2992793639,4025681.11406252
1628859339716155100,353709.2992793639,4025681.11406252
1628859339842264098,353709.2992793639,4025681.11406252
1628859339926177697,353709.30429686577,4025681.1184334224
1628859340052222514,353709.30429686577,4025681.1184334224
1628859340118168911,353709.3096163586,4025681.1226161225
1628859340238185107,353709.3096163586,4025681.1226161225
1628859340322171284,353709.3096163586,4025681.1226161225
1628859340448168354,353709.314967905,4025681.126889834
1628859340508176152,353709.314967905,4025681.126889834
1628859340646070739,353709.3205319782,4025681.131098923
1628859340718322299,353709.3205319782,4025681.131098923
1628859340862168375,353709.32615706895,4025681.135306981
1628859340910106140,353709.32615706895,4025681.135306981
1628859341048169421,353709.32615706895,4025681.135306981
1628859341108196882,353709.3320841483,4025681.1393268355
1628859341258240982,353709.3320841483,4025681.1393268355
1628859341312230325,353709.3320841483,4025681.1393268355
1628859341438327417,353709.33798123617,4025681.1433777157
1628859341522183351,353709.33798123617,4025681.1433777157
1628859341660335886,353709.3440293205,4025681.147334493
1628859341720326743,353709.3440293205,4025681.147334493
1628859341840335292,353709.3440293205,4025681.147334493
1628859341924183390,353709.35010688147,4025681.151229736
1628859342056123977,353709.35010688147,4025681.151229736
1628859342182308995,353709.3566958725,4025681.1546890982
1628859342242327314,353709.3566958725,4025681.1546890982
1628859342326134707,353709.3566958725,4025681.1546890982
1628859342452200871,353709.36316695064,4025681.1583945933
1628859342590195159,353709.36316695064,4025681.1583945933
1628859342644289388,353709.3697585142,4025681.1620065006
1628859342776198831,353709.3697585142,4025681.1620065006
1628859342854201505,353709.37622959004,4025681.165711995
1628859342980144758,353709.37622959004,4025681.165711995
1628859343046197698,353709.37622959004,4025681.165711995
1628859343184321993,353709.38300111634,4025681.169137759
1628859343256221639,353709.38300111634,4025681.169137759
1628859343388227038,353709.39001721854,4025681.1725899125
1628859343448205692,353709.39001721854,4025681.1725899125
1628859343580218783,353709.39001721854,4025681.1725899125
1628859343658223219,353709.39694179903,4025681.17604361
1628859343778217620,353709.39694179903,4025681.17604361
1628859343838084260,353709.39694179903,4025681.17604361
1628859343988335159,353709.40398583503,4025681.179342703
1628859344060192693,353709.40398583503,4025681.179342703
1628859344186295657,353709.41099678987,4025681.1824897635
1628859344246257978,353709.41099678987,4025681.1824897635
1628859344378207119,353709.4182543827,4025681.1857852517
1628859344456377833,353709.4182543827,4025681.1857852517
1628859344582105326,353709.4182543827,4025681.1857852517
1628859344648260884,353709.4256014418,4025681.188957159
1628859344780238856,353709.4256014418,4025681.188957159
1628859344858429192,353709.433131034,4025681.1920954664
1628859344984076268,353709.433131034,4025681.1920954664
1628859345044096089,353709.433131034,4025681.1920954664
1628859345188279763,353709.44050499715,4025681.1950532943
1628859345260245862,353709.44050499715,4025681.1950532943
1628859345380372386,353709.44815507485,4025681.198098016
1628859345440362504,353709.44815507485,4025681.198098016
1628859345590159832,353709.44815507485,4025681.198098016
1628859345650288594,353709.4558956489,4025681.2010801747
1628859345794247869,353709.4558956489,4025681.2010801747
1628859345842248590,353709.4558956489,4025681.2010801747
1628859345986280905,353709.46381824324,4025681.2039982243
1628859346064251233,353709.46381824324,4025681.2039982243
1628859346184412189,353709.47167930286,4025681.206886795
1628859346244252027,353709.47167930286,4025681.206886795
1628859346382340117,353709.4797539237,4025681.2097717607
1628859346460598161,353709.4797539237,4025681.2097717607
1628859346586146695,353709.4797539237,4025681.2097717607
1628859346646257354,353709.4878269951,4025681.212565199
1628859346784563623,353709.4878269951,4025681.212565199
1628859346916362891,353709.4959016137,4025681.2154501653
1628859346988157076,353709.4959016137,4025681.2154501653
1628859347120263812,353709.50406363874,4025681.2180895144
1628859347186248659,353709.50406363874,4025681.2180895144
1628859347318237745,353709.50406363874,4025681.2180895144
1628859347396310975,353709.5124087095,4025681.2207257724
1628859347528243809,353709.5124087095,4025681.2207257724
1628859347582241151,353709.5124087095,4025681.2207257724
1628859347720269219,353709.5206338074,4025681.2234861283
1628859347786172858,353709.5206338074,4025681.2234861283
1628859347924268541,353709.5290683445,4025681.225998806
1628859347990165596,353709.5290683445,4025681.225998806
1628859348128169390,353709.5371957411,4025681.228394596
1628859348182255394,353709.5371957411,4025681.228394596
1628859348332246432,353709.5371957411,4025681.228394596
1628859348392266848,353709.5454803115,4025681.231062394
1628859348518411014,353709.5454803115,4025681.231062394
1628859348590285943,353709.5454803115,4025681.231062394
1628859348722364435,353709.5539753488,4025681.233543533
1628859348794176844,353709.5539753488,4025681.233543533
1628859348920343949,353709.562379375,4025681.236056726
1628859348992283574,353709.562379375,4025681.236056726
1628859349130395940,353709.5711128131,4025681.2381981444
1628859349190442107,353709.5711128131,4025681.2381981444
1628859349322418004,353709.5711128131,4025681.2381981444
1628859349388272523,353709.57966835296,4025681.240647744
1628859349532410304,353709.57966835296,4025681.240647744
1628859349586259354,353709.57966835296,4025681.240647744
1628859349724370089,353709.58837540215,4025681.243033751
1628859349790170452,353709.58837540215,4025681.243033751
1628859349916429641,353709.59705245984,4025681.245450781
1628859349994309285,353709.59705245984,4025681.245450781
1628859350120201460,353709.60554028524,4025681.247504794
1628859350186418721,353709.60554028524,4025681.247504794
1628859350330191448,353709.60554028524,4025681.247504794
1628859350384360854,353709.614124789,4025681.2498623505
1628859350516295219,353709.614124789,4025681.2498623505
1628859350582669383,353709.614124789,4025681.2498623505
1628859350732307563,353709.6226477602,4025681.252190429
1628859350792287149,353709.6226477602,4025681.252190429
1628859350918328060,353709.63135429437,4025681.2545459257
1628859351050195128,353709.63135429437,4025681.2545459257
1628859351128440629,353709.64002722997,4025681.256718885
1628859351188421166,353709.64002722997,4025681.256718885
1628859351320325445,353709.64002722997,4025681.256718885
1628859351452444014,353709.6486991356,4025681.2588308253
1628859351530437746,353709.6486991356,4025681.2588308253
1628859351596198567,353709.6486991356,4025681.2588308253
1628859351722339733,353709.65719159803,4025681.2611594177
1628859351848355584,353709.65719159803,4025681.2611594177
1628859351920321860,353709.66583402717,4025681.2633328917
1628859352064328282,353709.66583402717,4025681.2633328917
1628859352124201097,353709.674506965,4025681.2655058485
1628859352250391059,353709.674506965,4025681.2655058485
1628859352334190141,353709.674506965,4025681.2655058485
1628859352460405885,353709.68321040925,4025681.2676782925
1628859352520409689,353709.68321040925,4025681.2676782925
1628859352652424845,353709.69176182704,4025681.2698838194
1628859352736220995,353709.69176182704,4025681.2698838194
1628859352862444496,353709.7005252589,4025681.271994215
1628859352922445937,353709.7005252589,4025681.271994215
1628859353054419172,353709.7005252589,4025681.271994215
1628859353126196876,353709.7092240685,4025681.273892076
1628859353264335630,353709.7092240685,4025681.273892076
1628859353324488280,353709.7092240685,4025681.273892076
1628859353450220421,353709.71780548,4025681.276066579
1628859353528334821,353709.71780548,4025681.276066579
1628859353666348933,353709.7264168854,4025681.278210059
1628859353732215592,353709.7264168854,4025681.278210059
1628859353858214336,353709.73502726073,4025681.280292519
1628859353936463984,353709.73502726073,4025681.280292519
1628859354068328829,353709.73502726073,4025681.280292519
1628859354122345931,353709.7437870878,4025681.282189351
1628859354248351284,353709.7437870878,4025681.282189351
1628859354326493683,353709.7437870878,4025681.282189351
1628859354470342485,353709.7525789662,4025681.284177195
1628859354530326894,353709.7525789662,4025681.284177195
1628859354656241206,353709.760948366,4025681.2864468303
1628859354734223845,353709.760948366,4025681.2864468303
1628859354860414176,353709.7695887351,4025681.2884982666
1628859354926362905,353709.7695887351,4025681.2884982666
1628859355058373817,353709.7695887351,4025681.2884982666
1628859355130336579,353709.778254976,4025681.290274608
1628859355268459871,353709.778254976,4025681.290274608
1628859355394344343,353709.78686483635,4025681.2923265593
1628859355454259009,353709.78686483635,4025681.2923265593
1628859355532363193,353709.78686483635,4025681.2923265593
1628859355670483596,353709.795352149,4025681.2943500616
1628859355796362833,353709.795352149,4025681.2943500616
1628859355862499059,353709.8038079252,4025681.29631306
1628859355940382087,353709.8038079252,4025681.29631306
1628859356072505024,353709.8038079252,4025681.29631306
1628859356192530277,353709.812203199,4025681.298307599
1628859356264505660,353709.812203199,4025681.298307599
1628859356402404156,353709.8206005326,4025681.300424174
1628859356462388487,353709.8206005326,4025681.300424174
1628859356594403402,353709.8206005326,4025681.300424174
1628859356660256921,353709.8290857853,4025681.3023256403
1628859356798367219,353709.8290857853,4025681.3023256403
1628859356864414879,353709.83745003527,4025681.3042901848
1628859356996376099,353709.83745003527,4025681.3042901848
1628859357056364647,353709.83745003527,4025681.3042901848
1628859357200165508,353709.84575224004,4025681.3061947403
1628859357266502655,353709.8464657698,4025681.306884606
1628859357398373525,353709.8580838401,4025681.31178497
1628859357458380746,353709.86248242564,4025681.3156475187
1628859357602341510,353709.884075652,4025681.3347839
1628859357668508594,353709.90789828275,4025681.350403626
1628859357806268620,353709.95039707934,4025681.3877114276
1628859357860254378,353709.97505193367,4025681.407437005
1628859357998381265,353710.0453793476,4025681.4735111124
1628859358076397530,353710.0896958959,4025681.5154574523
1628859358202369359,353710.18872673577,4025681.6042710985
1628859358262365757,353710.2395421684,4025681.6515704254
1628859358400529420,353710.3668295156,4025681.7728052875
1628859358472283371,353710.43977046513,4025681.843657092
1628859358592273857,353710.57793378626,4025681.9782582745
1628859358658515223,353710.6642336831,4025682.048670967
1628859358802389475,353710.85549435235,4025682.230166753
1628859358874289073,353710.96172869834,4025682.3190724417
1628859359000521933,353711.1679415775,4025682.5131638353
1628859359060482540,353711.26967784896,4025682.608584703
1628859359204391307,353711.53014888853,4025682.8351772414
1628859359270610921,353711.66517767624,4025682.961255851
1628859359402509842,353711.9226007492,4025683.20614948
1628859359462536666,353712.0511612769,4025683.325074041
1628859359606399294,353712.36345593794,4025683.6370045925
1628859359726461211,353712.64241503994,4025683.9048808324
1628859359804394798,353712.83515006676,4025684.090563225
1628859359936286194,353713.1768940167,4025684.4061471466
1628859360002539617,353713.35712350847,4025684.5813594083
1628859360068405073,353713.5135891974,4025684.7353967107
1628859360194735660,353713.8780989043,4025685.087156695
1628859360338392095,353714.2602401419,4025685.476461137
1628859360398349457,353714.4480870956,4025685.6545966244
1628859360536530088,353714.84649828234,4025686.0676744822
1628859360602372463,353715.0200248151,4025686.248950879
1628859360734655376,353715.4403279474,4025686.6970598744
1628859360800295998,353715.61590546655,4025686.8895627228
1628859360938590067,353716.06182109035,4025687.363515248
1628859361004317619,353716.2426205041,4025687.56526841
1628859361148410116,353716.7101269952,4025688.097999994
1628859361208413892,353716.89314138074,4025688.309847685
1628859361334423905,353717.25933490804,4025688.743305983
1628859361412396037,353717.52770075155,4025689.0543607106
1628859361538471626,353717.9268297785,4025689.5497635417
1628859361604542478,353718.11139283516,4025689.7828560057
1628859361730419073,353718.5262148257,4025690.300394038
1628859361802295963,353718.7414085476,4025690.583629028
1628859361940551350,353719.1924838261,4025691.189728136
1628859362000562456,353719.37379689276,4025691.4454281153
1628859362132439024,353719.78122501704,4025692.013079113
1628859362204277696,353719.98854567047,4025692.3234552457
1628859362348293133,353720.395569841,4025692.957580801
1628859362402553938,353720.58523101296,4025693.2450309787
1628859362540479136,353720.97242976504,4025693.905095588
1628859362600489037,353721.1335353397,4025694.1930277376
1628859362732508233,353721.5065261171,4025694.8375849975
1628859362804587198,353721.6856200159,4025695.1842044094
1628859362936449836,353722.02485914953,4025695.8486491
1628859363002487508,353722.19047437474,4025696.2066960377
1628859363134476383,353722.50566433545,4025696.8854932683
1628859363206330652,353722.6597013958,4025697.251853355
1628859363338323213,353722.93232147873,4025697.941562024
1628859363404496245,353723.08773344406,4025698.329719123
1628859363548312030,353723.3434377649,4025699.0966180987
1628859363608430772,353723.4656130016,4025699.441146427
1628859363734558285,353723.67414316,4025700.170358691
1628859363806559077,353723.7761457596,4025700.5672602975
1628859363944483822,353723.97269553243,4025701.384016643
1628859364004499618,353724.0422536016,4025701.7299823556
1628859364136568693,353724.1966711754,4025702.5040230076
1628859364268584154,353724.29854022147,4025703.267292769
1628859364340345276,353724.3409166725,4025703.6788726975
1628859364406489123,353724.4088306831,4025704.1082407245
1628859364532316729,353724.45927830494,4025704.819033293
1628859364670588084,353724.5021816442,4025705.668656481
1628859364742340281,353724.49653238954,4025706.0861129267
1628859364880464742,353724.47627201123,4025706.9469340765
1628859364940452758,353724.4581500907,4025707.3070445075
1628859365060464526,353724.39940073027,4025708.0263939844
1628859365150560203,353724.3529165217,4025708.572012382
1628859365282439450,353724.2373952733,4025709.3521959195
1628859365336444658,353724.1837699763,4025709.651900537
1628859365462439687,353724.0179098925,4025710.4347037184
1628859365540573145,353723.9016936179,4025710.909721236
1628859365678872927,353723.66964875755,4025711.759773503
1628859365732554427,353723.5754622552,4025712.0537844966
1628859365870516082,353723.2883310438,4025712.87287544
1628859365948479929,353723.1296857468,4025713.2785402713
1628859366074611278,353722.8093515512,4025714.0252541485
1628859366134591387,353722.65187160415,4025714.3752043806
1628859366266383900,353722.2815597084,4025715.1079606833
1628859366344474694,353722.0397024934,4025715.553818085
1628859366476340249,353721.6206073789,4025716.280104039
1628859366542613169,353721.3819254417,4025716.6627665916
1628859366668489202,353720.95285849145,4025717.3153373515
1628859366746487256,353720.6513967521,4025717.7445920585
1628859366878373536,353720.1447411992,4025718.4450730677
1628859366938422193,353719.89686791133,4025718.765909198
1628859367064602074,353719.3371485213,4025719.4558112035
1628859367142500788,353719.02985959576,4025719.8381364355
1628859367286475211,353718.35335825675,4025720.635021279
1628859367340388981,353718.1231080763,4025720.900689052
1628859367466643340,353717.49334909377,4025721.595771187
1628859367538598044,353717.15157793375,4025721.9727580575
1628859367682467998,353716.4557072655,4025722.728557374
1628859367736575555,353716.1540292633,4025723.061806981
1628859367868477515,353715.48742357746,4025723.7814066275
1628859367952369016,353715.07170991064,4025724.236088685
1628859368084495321,353714.38497731887,4025724.9872478326
1628859368138525436,353714.06545633974,4025725.337308812
1628859368270511167,353713.35834310506,4025726.1104186415
1628859368336853952,353712.97209424013,4025726.5335058607
1628859368486416563,353712.1843621046,4025727.3901304347
1628859368540603001,353711.84239522205,4025727.762726285
1628859368672509751,353711.092047459,4025728.5886904546
1628859368810608043,353710.2679608755,4025729.4863344054
1628859368876388731,353709.908522039,4025729.8796416507
1628859369014517339,353709.06194831285,4025730.799180336
1628859369074520254,353708.69518473174,4025731.1978603345
1628859369206660428,353707.8923067802,4025732.0809862935
1628859369284386015,353707.39303342544,4025732.623902316
1628859369404634700,353706.6341605502,4025733.4618212036
1628859369476509796,353706.1889227965,4025733.94813024
1628859369614511688,353705.2850650934,4025734.9469143967
1628859369674541905,353704.89518839726,4025735.373786424
1628859369806402632,353704.04393881734,4025736.3073206954
1628859369872642542,353703.58288007707,4025736.8253607755
1628859370004543293,353702.72036762215,4025737.7750155944
1628859370088799138,353702.18612914765,4025738.3653059364
1628859370208506945,353701.370880187,4025739.272964073
1628859370268464884,353700.9642519023,4025739.7234346587
1628859370418501179,353699.9398117149,4025740.875134858
1628859370478513925,353699.5289125016,4025741.33291033
1628859370610413351,353698.63262316154,4025742.3496950674
1628859370670648180,353698.21794989356,4025742.8152858363
1628859370808646511,353697.2459696565,4025743.9110162216
1628859370880446738,353696.74862030026,4025744.4828618295
1628859371006550988,353695.83409441385,4025745.518418004
1628859371078661205,353695.3403644434,4025746.0804979475
1628859371210505090,353694.420971551,4025747.1476918375
1628859371282526797,353693.92371009476,4025747.717491451
1628859371408581492,353692.9949988113,4025748.7984842695
1628859371468579677,353692.56598643906,4025749.2949877824
1628859371612395838,353691.5574059543,4025750.476756033
1628859371690711631,353690.98100690625,4025751.149088788
1628859371810675028,353690.11403974507,4025752.165501578
1628859371870669221,353689.6810493507,4025752.692071389
1628859372014428921,353688.66337482876,4025753.895478065
1628859372080711543,353688.1531551917,4025754.5020571207
1628859372212660116,353687.1983005627,4025755.663051861
1628859372272656838,353686.75856920134,4025756.1915972247
1628859372410891691,353685.7281750832,4025757.4531417848
1628859372482550445,353685.2127330827,4025758.079340585
1628859372614407036,353684.24961397133,4025759.2677275995
1628859372680553750,353683.80441585777,4025759.812265193
1628859372812602030,353682.7644865042,4025761.0910000578
1628859372884553441,353682.23937730514,4025761.760941665
1628859373016428536,353681.2699107926,4025762.9655496115
1628859373076442453,353680.8210403635,4025763.5239129015
1628859373220422813,353679.76899649925,4025764.85323757
1628859373286554467,353679.2429320344,4025765.509950795
1628859373418482017,353678.25799225376,4025766.7614210234
1628859373478452162,353677.803994148,4025767.3305522865
1628859373616695273,353676.73699715623,4025768.685123904
1628859373736678755,353675.8221653031,4025769.8360143476
1628859373820552939,353675.2113032324,4025770.6052137725
1628859373946689864,353674.2120498641,4025771.887260873
1628859374018739445,353673.67557861714,4025772.565573675
1628859374144834980,353672.67166488175,4025773.853528563
1628859374210562501,353672.20999769965,4025774.438323203
1628859374360559479,353671.0506186354,4025775.9242170425
1628859374414798459,353670.58566856815,4025776.511569667
1628859374546701524,353669.5770951825,4025777.7855654587
1628859374612454520,353669.10480896,4025778.39748679
1628859374762570229,353667.93704071676,4025779.869026802
1628859374810568853,353667.54796691146,4025780.35948624
1628859374948645536,353666.4512610276,4025781.758079296
1628859375014558486,353665.98310919723,4025782.3473478495
1628859375158643099,353664.80454532756,4025783.8445529826
1628859375218625043,353664.33433568367,4025784.4348329534
1628859375350682726,353663.31545633374,4025785.7146493844
1628859375410717012,353662.8429385644,4025786.3308780226
1628859375542713747,353661.82312102796,4025787.6129382947
1628859375614509517,353661.2670880754,4025788.3236259622
1628859375752591292,353660.165704195,4025789.705300506
1628859375812588331,353659.69296706317,4025790.2976681353
1628859375962609470,353658.5063323667,4025791.801114087
1628859376016572409,353658.1114939833,4025792.295302963
1628859376148476016,353657.07888995786,4025793.6025738525
1628859376214590067,353656.524711646,4025794.2947367686
1628859376352704470,353655.4053526253,4025795.6997564663
1628859376412713056,353654.92932905303,4025796.2926376536
1628859376556572703,353653.8182529953,4025797.6749040326
1628859376616566212,353653.34613752796,4025798.2877695155
1628859376760470142,353652.23528533155,4025799.670612185
1628859376814704139,353651.7586846169,4025800.263625387
1628859376946702881,353650.71922058845,4025801.5675339564
1628859377024465235,353650.16242274386,4025802.259924678
1628859377156587193,353649.0485148537,4025803.664151351
1628859377216587551,353648.57240683155,4025804.2574005765
1628859377348884763,353647.54101127747,4025805.543900256
1628859377480605156,353646.50278132455,4025806.846720439
1628859377564479723,353645.86618352984,4025807.6384822316
1628859377618722367,353645.38655988267,4025808.247599243
1628859377750483970,353644.35185541725,4025809.535070769
1628859377876736301,353643.31468111137,4025810.8407117142
1628859377960619752,353642.6783470387,4025811.63359848
1628859378020602573,353642.20128633326,4025812.228206975
1628859378152492479,353641.16210091556,4025813.5394059
1628859378278699686,353640.1262418336,4025814.8307122234
1628859378350759199,353639.56827797025,4025815.5262362277
1628859378488791439,353638.45555244235,4025816.9316041633
1628859378548630741,353637.97772850003,4025817.527965329
1628859378680747423,353636.935741803,4025818.8394562835
1628859378758552630,353636.3782680251,4025819.5368643473
1628859378890667109,353635.25826590194,4025820.9558139904
1628859378950656153,353634.78098205745,4025821.555218016
1628859379088621238,353633.7483453157,4025822.854710593
1628859379160753236,353633.1109839814,4025823.666170328
1628859379286627445,353632.16311546357,4025824.8604709706
1628859379346574099,353631.6910796899,4025825.4543849053
1628859379484604022,353630.58280643827,4025826.864836306
1628859379544631485,353630.11423608614,4025827.4543277654
1628859379682738613,353629.0171568935,4025828.8499723123
1628859379742755781,353628.5501231719,4025829.436477689
1628859379874755191,353627.54104487936,4025830.717781345
1628859379952507173,353626.9992277176,4025831.3971337895
1628859380090559298,353625.9191721177,4025832.750895502
1628859380144741803,353625.4533237637,4025833.349740757
1628859380282636501,353624.4572249466,4025834.597256025
1628859380354665219,353623.8433268826,4025835.379480925
1628859380486645108,353622.85517391976,4025836.618622393
1628859380552527708,353622.40077213093,4025837.1887098397
1628859380678746717,353621.41659999813,4025838.4376720227
1628859380750639782,353620.8904227768,4025839.099823361
1628859380888626150,353619.8446931526,4025840.427890011
1628859380948656398,353619.3974004513,4025840.9906553617
1628859381080502968,353618.4329834783,4025842.205897783
1628859381146787850,353617.91570483067,4025842.872720837
1628859381290653660,353616.8855169622,4025844.172357454
1628859381350644204,353616.44566375786,4025844.727489938
1628859381477039007,353615.4915634128,4025845.9500353397
1628859381560756490,353614.90989533265,4025846.687282646
1628859381692765861,353613.97257168754,4025847.887694114
1628859381746864343,353613.5383310185,4025848.437238762
1628859381878693958,353612.60958512354,4025849.645012887
1628859381950784605,353612.1065900553,4025850.2848004396
