1628839872322000128,418609.6654021704,7065248.448807774
1628839872382019893,418577.3602183906,7064009.7064948585
1628839872525832903,418500.7246829006,7061067.964385673
1628839872586001393,418782.2504561243,7072007.796222059
1628839872724022045,418717.87281060923,7069546.340180866
1628839872789879212,418690.22992249246,7068489.3685705885
1628839872921943361,418917.55976147845,7077340.817915248
1628839872981979680,418892.71412034635,7076393.052549312
1628839873125930985,419124.2240594382,7085399.801118676
1628839873192027150,419103.4251068329,7084609.371206201
1628839873329923675,419340.1865417245,7093814.135758067
1628839873383970831,419333.8423206068,7093583.7047913335
1628839873522129716,419320.0562408769,7093082.897403578
1628839873587996978,419536.7776310802,7101487.721558282
1628839873726016353,419506.2301629088,7100341.161153445
1628839873797981825,419693.6076289064,7107607.32416073
1628839873917952942,419652.4066913711,7106044.167519337
1628839873983844218,419632.78584970004,7105300.360100106
1628839874127982053,419826.71768219426,7112837.29082221
1628839874187998023,419819.005344251,7112554.050772405
1628839874325942322,420022.45415011817,7120451.216384637
1628839874385966187,420026.68298980413,7120629.294971497
1628839874523836319,420031.67023275094,7120853.814709877
1628839874589996274,420211.8276046079,7127829.348838271
1628839874727973302,420197.65242603887,7127316.198198144
1628839874782101559,420191.8429647805,7127104.030948327
1628839874919927465,420372.63890248723,7134117.131022337
1628839874991927724,420367.5473838275,7133937.47714123
1628839875123928037,420523.9917175771,7140005.016697564
1628839875250024965,420508.09544188937,7139422.901641227
1628839875321961342,420668.11163284554,7145610.955708586
1628839875453943870,420649.0509170547,7144906.86274211
1628839875531845755,420636.0038836009,7144420.358953607
1628839875651982789,420882.0901117898,7153937.59161297
1628839875729938039,420873.85183392797,7153638.934773379
1628839875855949024,421153.63930053066,7164443.7130505815
1628839875922348673,421164.4303235906,7164875.317782056
1628839876053964615,421447.5908362166,7175802.211973216
1628839876131955153,421465.92386309284,7176525.700547531
1628839876251961724,421490.1138236595,7177483.483865291
1628839876323968875,421747.3809442123,7187390.374935336
1628839876455982352,421765.20402902004,7188104.742549862
1628839876527793165,421772.8874944095,7188413.526890846
1628839876653908377,422049.9060411566,7199086.33376116
1628839876725971288,422064.125836964,7199647.905615959
1628839876863919573,422341.3552545052,7210317.231628367
1628839876923954616,422360.30219710036,7211059.553676365
1628839877055955331,422608.48971544765,7220605.86475696
1628839877133915618,422627.62669073435,7221354.783219228
1628839877265843683,422666.0945142792,7222857.614586036
1628839877325956947,422893.83382572245,7231599.231848721
1628839877458003676,422937.603221988,7233303.760977079
1628839877529788534,422958.20518104744,7234105.711984613
1628839877655916726,423202.1602087125,7243475.449522056
1628839877733938379,423226.7622519244,7244431.914388356
1628839877859951622,423469.45716434496,7253744.162956658
1628839877931945766,423482.0544925154,7254240.842252921
1628839878058177313,423742.9401543196,7264241.1392387785
1628839878129895031,423762.2624118513,7264994.237668018
1628839878267752910,423804.85679503897,7266648.991341203
1628839878327905996,424048.5489293696,7275968.36314049
1628839878459905010,424100.9957011576,7277999.846997367
1628839878525904910,424121.16227044095,7278782.178097074
1628839878651931374,424328.1160507622,7286707.048921898
1628839878729952044,424352.57939635974,7287656.865470503
1628839878867698728,424567.67875716323,7295886.373361844
1628839878933913714,424592.1859107495,7296835.028942961
1628839879053805887,424790.1692458681,7304405.118441008
1628839879125930260,424818.37365986867,7305493.950299512
1628839879335913590,425004.42427376227,7312623.426318107
1628839879455865057,425037.94296550076,7313923.856325923
1628839879593924494,425225.8659912223,7321105.352964567
1628839879672072314,425240.76813185983,7321686.340092772
1628839879725965537,425254.14680126443,7322207.283624297
1628839879857880862,425445.26524125726,7329503.508847395
1628839879995902947,425480.5121089098,7330871.234237444
1628839880073922698,425646.40908908227,7337193.964708233
1628839880193905750,425677.0078236022,7338380.079910812
1628839880259653597,425692.6833030038,7338987.325330635
1628839880392016472,425833.1481416887,7344349.306804731
1628839880457895788,425846.6049625308,7344873.770991032
1628839880589948967,425971.2227751251,7349631.304297084
1628839880661830629,425983.0465831628,7350093.3889805395
1628839880787959760,426099.3567481284,7354533.509134306
1628839880859936933,426109.6356936456,7354936.614204582
1628839880998256844,426131.41116234264,7355788.841312075
1628839881058041099,426213.09879111336,7358900.764292969
1628839881190088257,426228.5197650492,7359509.5192522835
1628839881261939976,426235.5848279797,7359790.198276414
1628839881399835050,426319.79022625345,7363010.969617805
1628839881459812656,426322.7185538048,7363132.66143538
1628839881591849562,426433.65782725194,7367364.650121307
1628839881670065042,426439.0956530319,7367584.755562547
1628839881802696303,426583.0900902534,7373067.628540005
1628839881862695344,426589.6532404254,7373326.629702319
1628839881994600575,426600.9626884542,7373777.254403373
1628839882060808179,426765.64492251416,7380030.979507948
1628839882192798052,426770.3024579649,7380228.934549585
1628839882264738459,426773.8561180125,7380375.019667691
1628839882396690674,426936.1944693187,7386546.270584128
1628839882462824869,426938.0545615322,7386627.89932891
1628839882594808863,427095.98506723845,7392629.4118760815
1628839882654790103,427098.7297839026,7392742.710741036
1628839882792717137,427271.65585415653,7399309.984066988
1628839882864706409,427278.7984752873,7399590.939341881
1628839883002813706,427292.60831649357,7400134.569995063
1628839883062782602,427446.26006052084,7405956.440956777
1628839883194777834,427460.9934752492,7406532.754808029
1628839883266831264,427469.4806448161,7406863.87579226
1628839883404770852,427636.1183693063,7413185.259817677
1628839883458646625,427641.6423006699,7413401.119978798
1628839883596780099,427814.50682489236,7419954.505356566
1628839883668697939,427822.2433838572,7420256.403332183
1628839883800580220,428010.35842574626,7427380.408076016
1628839883860631057,428016.94862340286,7427637.243753441
1628839883998788337,428032.9389443927,7428259.3776843045
1628839884070696816,428194.50022630603,7434368.755418434
1628839884196731683,428205.7056906595,7434808.139365228
1628839884340609329,428394.41776380176,7441947.929367992
1628839884388674087,428399.70341417554,7442153.432724469
1628839884532569335,428412.2073096754,7442641.9234789545
1628839884598734013,428599.1131136698,7449700.82985677
1628839884736692617,428611.8849164562,7450197.400814039
1628839884791002228,428794.6070456458,7457093.3199479785
1628839884940770197,428809.58735975844,7457674.498863766
1628839885006688649,428815.33074485144,7457897.436636774
1628839885132693533,428983.0838128752,7464232.544526901
1628839885192688069,428987.7258256789,7464413.606953887
1628839885342814925,429164.3953420456,7471083.136304017
1628839885402804974,429170.6518006574,7471324.570614955
1628839885534560896,429182.9750355753,7471800.9032182405
1628839885594594099,429339.2807413019,7477691.177216473
1628839885744639149,429349.289826657,7478081.208254065
1628839885804782448,429507.1173320343,7484026.045942085
1628839885931355001,429519.8021445473,7484513.969047933
1628839885996704246,429526.1191026399,7484756.362515348
1628839886134653271,429687.29282051127,7490829.535182008
1628839886200970393,429693.551099878,7491069.910938185
1628839886332792183,429854.00127702724,7497111.8195602
1628839886392793597,429857.86863401893,7497261.105949931
1628839886536688342,429870.7233175688,7497752.913783616
1628839886596713956,430027.7661585353,7503659.021179935
1628839886740534909,430043.69208248204,7504265.0404424
1628839886794830192,430195.97919706244,7509989.535591259
1628839886938680342,430207.16199254896,7510416.192084432
1628839886998659902,430211.925728341,7510597.7389096655
1628839887136678042,430384.87844183313,7517098.04212005
1628839887196790281,430391.48304018215,7517348.201175374
1628839887340588866,430551.831870795,7523371.401605636
1628839887406705389,430558.32014583406,7523616.991610582
1628839887538685942,430566.8897692181,7523942.036213947
1628839887598677718,430738.50381255907,7530382.315786841
1628839887736782394,430753.54686458927,7530949.391681292
1628839887808813192,430900.859265381,7536475.005124582
1628839887934576283,430914.3957229097,7536984.259886137
1628839888072545680,431054.08987590944,7542222.380817119
1628839888138787350,431060.73628244374,7542472.013565863
1628839888264786618,431072.64578646515,7542918.9820670355
1628839888342672412,431205.88136769534,7547911.910912964
1628839888468750749,431227.8201635033,7548734.209511751
1628839888540819723,431240.98589609616,7549227.684680917
1628839888666595662,431289.21940452675,7551032.948445529
1628839888744591452,431284.78618115577,7550867.021564188
1628839888870695285,431431.05317330157,7556345.230819425
1628839888942659599,431431.0558311207,7556345.443491825
1628839889074669239,431594.3902707183,7562459.069124634
1628839889140748352,431594.0940272064,7562447.961122824
1628839889266562434,431593.4900414062,7562425.319937186
1628839889332713399,431768.0014563899,7568956.572656945
1628839889464664706,431767.90010347153,7568952.7459320845
1628839889536555365,431767.8437806718,7568950.619974254
1628839889668510960,431946.72833605646,7575642.797262924
1628839889746675761,431946.751633227,7575643.647631469
1628839889866695312,432132.26401475916,7582580.834905059
1628839889938512742,432132.07116576465,7582573.6065817885
1628839890076786649,432320.37854837766,7589612.251365128
1628839890148672279,432320.4669715356,7589615.5466407
1628839890268672371,432320.66399447655,7589622.881280747
1628839890346646069,432512.6694003069,7596796.629754127
1628839890478538506,432512.7100830651,7596798.117934112
1628839890538583841,432512.6962717842,7596797.586422032
1628839890670682461,432712.1547749104,7604246.4396151155
1628839890736686711,432712.53107707266,7604260.471329487
1628839890880520070,432920.3673495868,7612018.558157085
1628839890940536105,432920.45750540856,7612021.906651666
1628839891066805002,433134.2053282368,7619996.803853279
1628839891138782583,433134.5874685986,7620011.048396949
1628839891270549766,433135.1284196463,7620031.192718941
1628839891342529992,433357.23470410664,7628313.84813934
1628839891468744478,433357.41357370897,7628320.492089361
1628839891540789438,433357.52383207635,7628324.584760591
1628839891672671580,433584.84079043963,7636797.220261993
1628839891750639723,433584.90980675165,7636799.771552076
1628839891870670608,433819.0534552639,7645522.2946077995
1628839891942523268,433819.19237050746,7645527.450400651
1628839892074664845,434057.49566184066,7654400.2051352635
1628839892140704106,434057.46734049486,7654399.14206697
1628839892278533073,434057.3739582664,7654395.63393951
1628839892350765739,434303.236268331,7663544.916826313
1628839892482781065,434303.0711686172,7663538.7509954935
1628839892548593383,434554.8573643649,7672903.282468387
1628839892674660117,434555.5283012854,7672928.211704487
1628839892806534118,434813.98675568315,7682535.425346513
1628839892878634765,434814.2218131187,7682544.142678623
1628839893004786163,434814.7235519651,7682562.746738833
1628839893076663966,435067.5883501816,7691956.738324515
1628839893202802675,435068.62518305937,7691995.222544284
1628839893274661053,435069.17810375115,7692015.7403711565
1628839893406782976,435317.23333235405,7701225.952237536
1628839893472586509,435317.3683418322,7701230.948843188
1628839893604707222,435560.24780183774,7710244.139536595
1628839893676644374,435560.34977536293,7710247.913602515
1628839893803080987,435798.62195110787,7719085.499807545
1628839893874787131,435798.62384805694,7719085.552951447
1628839894006698477,435798.6234075498,7719085.499768266
1628839894078654921,436031.88824890193,7727732.964984248
1628839894210585729,436032.1613274863,7727743.064767474
1628839894270577739,436032.26355646923,7727746.838892063
1628839894408764355,436262.35458097147,7736272.3790816525
1628839894468740336,436262.19419717795,7736266.425459144
1628839894612565118,436490.4251885598,7744718.8892113585
1628839894672641933,436490.3263215764,7744715.221325704
1628839894810795840,436716.7600694258,7753097.051976255
1628839894870784526,436716.7388887774,7753096.254594811
1628839895008800102,436716.7628761866,7753097.10509733
1628839895068694544,436943.74237017124,7761495.108684302
1628839895200656723,436943.87076037965,7761499.83977965
1628839895284572660,436944.0193026442,7761505.315093463
1628839895416652657,437172.00989348337,7769936.662194661
1628839895470694933,437171.85057515244,7769930.761544623
1628839895602636951,437400.5049130898,7778382.588044562
1628839895680787598,437400.4433153135,7778380.302185123
1628839895812769553,437630.91899603466,7786895.348845434
1628839895872777321,437630.7998884867,7786890.936574369
1628839896004654450,437630.37473005825,7786875.201256922
1628839896076632846,437860.2914898797,7795365.542263886
1628839896214731393,437859.92625835654,7795352.039560595
1628839896280575251,437859.7552933491,7795345.713487011
1628839896406638581,438090.6736622523,7803868.974142316
1628839896472692186,438090.7906709317,7803873.280143261
1628839896604632937,438323.04356752813,7812441.6882253215
1628839896676653994,438323.0899121037,7812443.389372276
1628839896808648436,438557.754377862,7821096.604148121
1628839896874688993,438557.7461249063,7821096.285168581
1628839897012860810,438557.7138961949,7821095.062429748
1628839897078562392,438793.6812628557,7829792.151034567
1628839897204739695,438793.63842297177,7829790.556166361
1628839897288630235,438793.57977625926,7829788.37651583
1628839897420619618,439031.5758131057,7838556.000618569
1628839897546785721,439272.29841131344,7847419.759545529
1628839897606842858,439272.0263779373,7847409.73836685
1628839897750622325,439271.32575997943,7847383.927850546
1628839897822534087,439517.85701711924,7856457.14066271
1628839897948645206,439517.4784811215,7856443.1853134595
1628839898008642217,439517.2910224387,7856436.274092765
1628839898146959506,439771.07435495127,7865771.7106524985
1628839898212643031,439771.3355056706,7865781.306677216
1628839898350623802,440028.44346162456,7875234.207820446
1628839898416610908,440028.74376826495,7875245.23935694
1628839898548758877,440288.2934823377,7884783.017942489
1628839898608745527,440288.2263758534,7884780.545787807
1628839898752617726,440287.8318103081,7884766.031863461
1628839898812638032,440547.8420984717,7894315.853518748
1628839898944556590,440547.8492637296,7894316.092743367
1628839899016743995,440547.7961215089,7894314.125628172
1628839899154620006,440810.7867025224,7903968.445117382
1628839899214640202,440811.0013015464,7903976.313593267
1628839899352620915,441074.7890329049,7913654.906057241
1628839899424537438,441074.47400348,7913643.342474966
1628839899544659064,441339.12545456504,7923348.65370045
1628839899610636663,441338.85808458837,7923338.844509076
1628839899754630726,441338.24518260814,7923316.355141306
1628839899814651055,441605.53784734895,7933113.514606516
1628839899952767204,441605.11488918884,7933097.989888524
1628839900012824840,441604.9259082007,7933091.051614388
1628839900156503996,441874.46722576633,7942965.546760233
1628839900216610398,441874.23662168393,7942957.09316436
1628839900354790863,442146.4361630915,7952923.812711463
1628839900408595646,442146.37022693513,7952921.393577328
1628839900546786190,442420.6630780806,7962959.550865314
1628839900618619932,442420.6371284506,7962958.59383284
1628839900750621595,442420.5016410572,7962953.622599795
1628839900804983381,442696.79618648835,7973059.789717929
1628839900948785824,442696.78301203076,7973059.28459861
1628839901020793431,442696.7259942818,7973057.184426904
1628839901152636426,442973.791141544,7983186.275414987
1628839901206672316,442973.84441541415,7983188.216081562
1628839901356754405,443253.32096583943,7993400.153264979
1628839901422541174,443253.33060209325,7993400.498862205
1628839901548679535,443534.2847341406,8003661.095694842
1628839901680616973,443533.53004082805,8003633.527036226
1628839901758803283,443533.1443705739,8003619.436978276
1628839901878708052,443814.59570950904,8013892.883653238
1628839901950715317,443814.49776582856,8013889.294635588
1628839902088676081,444099.7835940395,8024297.299678458
1628839902154583149,444099.57530195074,8024289.696230274
1628839902286553080,444099.21565852204,8024276.5629980415
1628839902352720158,444387.36377625726,8034783.531138966
1628839902490586164,444387.51658694464,8034789.0875396775
1628839902550676090,444678.4469118076,8045391.937208234
1628839902682608079,444677.87229883263,8045370.987480782
1628839902760543611,444677.50620204327,8045357.641335808
1628839902886515846,444969.5205206635,8055994.428501284
1628839902952669615,444969.47893928696,8055992.899785601
1628839903084633003,445264.3447681444,8066727.924415446
1628839903156548342,445264.4632989729,8066732.231407791
1628839903288524403,445264.33333088027,8066727.485722847
1628839903354775373,445561.50855187146,8077540.916354737
1628839903486501116,445561.7906567849,8077551.165495417
1628839903558493213,445859.90811117424,8088393.180019501
1628839903684726164,445859.67923255777,8088384.845023086
1628839903756741682,445859.47760777327,8088377.507039273
1628839903876738301,446156.8901435804,8099188.244619929
1628839903954647300,446156.788438101,8099184.535707968
1628839904086609298,446453.8772638227,8109977.91362278
1628839904158762739,446453.84890898387,8109976.876711005
1628839904278730089,446453.5674194952,8109966.640574125
1628839904356677889,446750.31016861065,8120741.926682769
1628839904482619286,446751.026036383,8120767.902735483
1628839904560480376,447046.5075176781,8131491.914823333
1628839904686737957,447046.53498473414,8131492.898562339
1628839904758661875,447046.4776541404,8131490.811414373
1628839904890626460,447340.97272755555,8142173.637611363
1628839904962510327,447341.0899610688,8142177.878394213
1628839905082494799,447631.612482769,8152711.369502561
1628839905160748864,447631.5151432451,8152707.833258776
1628839905286780905,447631.41463798704,8152704.177364135
1628839905352543811,447913.3823060851,8162922.5832294775
1628839905478895064,447913.32468078716,8162920.482730797
1628839905550781495,448187.13208295323,8172838.545408892
1628839905688498789,448186.59097480605,8172818.942902572
1628839905766604658,448186.2839285874,8172807.815535861
1628839905880667667,448450.3342830796,8182368.17520158
1628839906018496418,448450.0033199326,8182356.176958445
1628839906084533610,448706.85059751116,8191651.740899981
1628839906162703274,448706.9233741574,8191654.3665645
1628839906288771952,448706.93508675054,8191654.778686122
1628839906414614543,448955.83875470853,8200659.104581475
1628839906486587944,448955.64596434985,8200652.124897558
1628839906624750819,449197.8526534511,8209410.667579311
1628839906684737429,449197.99052108015,8209415.6464462
1628839906816542090,449434.58830593235,8217968.029232166
1628839906888489870,449434.59556975996,8217968.28515209
1628839907020475664,449434.6336286986,8217969.641207208
1628839907086726451,449664.1109704709,8226261.5202403525
1628839907212895941,449664.0975998322,8226261.0249964325
1628839907290594998,449664.04616946325,8226259.160383347
1628839907416603446,449888.3072521117,8234359.591163692
1628839907488768326,449888.4025037981,8234363.024584747
1628839907614660489,450107.88407319866,8242288.0039965585
1628839907686682616,450107.7904374822,8242284.617077519
1628839907818589316,450321.9860088975,8250016.058677754
1628839907890497660,450321.91891033744,8250013.630650042
1628839908022563307,450321.83646754024,8250010.63757074
1628839908088736745,450531.03459399374,8257559.173946736
1628839908220613498,450530.50985786045,8257540.230765502
1628839908292608037,450734.89062019496,8264912.5406699525
1628839908424525581,450735.08005938306,8264919.3636327
1628839908490712156,450735.1297382806,8264921.148934183
1628839908628636726,450934.808875016,8272121.580761689
1628839908688647220,450934.5882464911,8272113.62058303
1628839908820771196,451126.08990077523,8279017.057698193
1628839908892784613,451125.9701494657,8279012.735020899
1628839909024474399,451125.6584117563,8279001.482931339
1628839909090630063,451308.62552264443,8285595.334338536
1628839909222602545,451306.7178089574,8285526.556785875
1628839909294553282,451484.3350209237,8291925.89471996
1628839909420698070,451484.2411359363,8291922.502686652
1628839909486451200,451484.17134640727,8291919.983176899
1628839909624588982,451656.4843486093,8298126.503520167
1628839909696578844,451656.37626283563,8298122.604579212
1628839909822690421,451824.74069777044,8304185.31078299
1628839909894710126,451824.6859426177,8304183.333048138
1628839910014733777,451824.61180489074,8304180.650637856
1628839910092646600,451990.8693535355,8310165.96280053
1628839910224739564,451991.398699859,8310185.00558996
1628839910284745216,451991.6708866449,8310194.797885466
1628839910422531413,452155.4924072866,8316090.921689163
1628839910494620473,452155.86261883035,8316104.23740722
1628839910632536633,452315.5667498176,8321850.758597086
1628839910758527047,452315.11714125244,8321834.570908515
1628839910824734674,452470.40347469033,8327420.7975092335
1628839910968606932,452470.36093966104,8327419.2551765395
1628839911028604390,452470.3815148381,8327419.986443639
1628839911160526410,452623.1644237133,8332914.88921003
1628839911220483564,452622.9370045357,8332906.7055535875
1628839911364623555,452772.76193995227,8338293.992372011
1628839911424731740,452772.7500672425,8338293.560248151
1628839911562594407,452919.4653390501,8343567.864888457
1628839911622546643,452919.73288724356,8343577.477925193
1628839911766443331,452920.1832005304,8343593.652553683
1628839911826941656,453064.93354500947,8348796.185010642
1628839911958621203,453065.11773616815,8348802.79316064
1628839912024606739,453065.1539827676,8348804.0895249685
1628839912162709127,453205.92872449174,8353862.657463424
1628839912228650647,453205.8613589648,8353860.230912774
1628839912366589230,453344.1378816232,8358828.004142516
1628839912420723135,453344.24684369157,8358831.9132181555
1628839912564523771,453479.2075122479,8363679.579194307
1628839912624550086,453479.0570726454,8363674.174273382
1628839912762699478,453478.57892111444,8363656.988880238
1628839912822641045,453609.7029540798,8368365.931438409
1628839912966705651,453609.5701749878,8368361.151416657
1628839913038517669,453609.451669232,8368356.889954476
1628839913170516408,453738.28642296995,8372982.746176017
1628839913224722343,453738.1471308096,8372977.740106503
1628839913362611530,453864.51142475073,8377514.040457498
1628839913434599167,453864.7340256909,8377522.024920261
1628839913566726038,453988.5326934486,8381965.411208252
1628839913626701908,453988.1756378665,8381952.593469464
1628839913770572364,453987.3308987408,8381922.264356468
1628839913830446609,454107.7954798545,8386245.225169939
1628839913968487482,454107.2322073529,8386225.001265047
1628839914028563241,454106.9655548069,8386215.427819459
1628839914172592712,454225.4285245768,8390465.829425441
1628839914226631992,454225.3349012588,8390462.465410475
1628839914370505021,454341.8934930776,8394643.830790527
1628839914418577152,454341.9492121143,8394645.82526601
1628839914568727563,454456.2103112698,8398744.08603392
1628839914634631253,454456.1046511008,8398740.296513446
1628839914760464052,454455.79310991114,8398729.114097022
1628839914898708156,454566.28856982605,8402691.66811602
1628839914958718434,454566.1978651354,8402688.410445206
1628839915090738070,454675.6368040418,8406612.468314128
1628839915174594961,454675.45857197966,8406606.072628163
1628839915294519034,454782.5767518486,8410446.318933172
1628839915366703742,454783.4574869612,8410477.885225443
1628839915498709261,454785.0371424354,8410534.502444763
1628839915564524224,454890.924460424,8414330.042366115
1628839915702589153,454890.3250501193,8414308.554885961
1628839915774467207,454890.1745987132,8414303.156418564
1628839915894554943,454992.01485225133,8417953.08029831
1628839915972710798,454991.88443697867,8417948.399840673
1628839916098661462,455093.27473295666,8421581.685330678
1628839916170588870,455092.9698123028,8421570.755380215
1628839916302707103,455191.8943301658,8425115.174060324
1628839916362691716,455192.2165327163,8425126.715685789
1628839916500620024,455192.71083297476,8425144.413725011
1628839916572636818,455290.4911536471,8428647.354964431
1628839916692601802,455290.5210051235,8428648.418707062
1628839916764730436,455290.4662312244,8428646.450770596
1628839916896685444,455385.9399045987,8432066.281669222
1628839916962622692,455385.934497088,8432066.082211696
1628839917094610870,455479.7635007057,8435426.563745717
1628839917166583755,455479.39444884047,8435413.346627887
1628839917292709210,455570.95944318373,8438692.312352749
1628839917376721517,455570.9390199056,8438691.581021668
1628839917496623480,455571.05325716024,8438695.663172137
1628839917568578536,455661.79956610646,8441944.904225908
1628839917706716378,455661.6865146271,8441940.848647555
1628839917772495156,455661.74792949477,8441943.042641811
1628839917904443612,455750.8053891908,8445131.403948992
1628839917964976552,455750.76209194516,8445129.848197069
1628839918096602171,455838.3873252873,8448266.557493242
1628839918174468922,455838.51485427894,8448271.118366249
1628839918300696756,455924.5776778798,8451351.521347031
1628839918366607076,455924.40863731765,8451345.471192557
1628839918504571695,455923.95933740266,8451329.381764287
1628839918570584094,456007.91109747236,8454333.8781388
1628839918696705760,456007.935444007,8454334.742442874
1628839918774548450,456007.90439162805,8454333.625484591
1628839918900598473,456090.84991141397,8457301.760379082
1628839918972598464,456090.7545675547,8457298.343020942
1628839919098809432,456171.7613206117,8460196.78032715
1628839919170692072,456171.77331724064,8460197.20583215
1628839919302690065,456251.5698832936,8463052.020836266
1628839919368696729,456251.6327165832,8463054.268053696
1628839919500691616,456251.8991383537,8463063.78880317
1628839919632596630,456330.8862297165,8465889.342223184
1628839919704680515,456331.20086551,8465900.59162714
1628839919776564169,456331.5207101499,8465912.02719147
1628839919902619050,456410.2849083568,8468729.288537681
1628839920034577256,456410.6974934272,8468744.035122233
1628839920100698476,456487.0888374443,8471476.146397607
1628839920238447928,456486.58672042645,8471458.181844668
1628839920304612337,456561.4415889726,8474135.061302228
1628839920436558271,456561.5934417188,8474140.48657473
1628839920496560771,456561.6962060963,8474144.15661089
1628839920634677481,456635.5491618811,8476784.938771129
1628839920694682397,456635.5143342869,8476783.688824171
1628839920826664642,456707.9717992201,8479374.304928042
1628839920904688344,456707.8983370393,8479371.672059165
1628839921036691867,456707.81791993114,8479368.786538618
1628839921108702706,456779.0919701612,8481916.855691383
1628839921234591012,456778.7856896429,8481905.898698058
1628839921306607706,456848.6580888232,8484403.615117889
1628839921438584222,456848.3632081704,8484393.070326822
1628839921498697160,456848.2275635868,8484388.21679524
1628839921630671612,456917.35250548576,8486858.983574126
1628839921702426514,456917.18189925025,8486852.880082335
1628839921840548754,456984.10140162864,8489244.584658107
1628839921900560451,456984.1219982091,8489245.316010242
1628839922032770696,456984.0847080594,8489243.97296687
1628839922098657335,457051.49996638286,8491653.194004936
1628839922230598799,457051.4196728931,8491650.321764233
1628839922302673651,457118.1312885281,8494034.17513778
1628839922428667926,457118.4767067008,8494046.515142482
1628839922500672576,457118.67409153923,8494053.562771466
1628839922638618688,457184.3556607877,8496400.399837721
1628839922698611109,457184.2761100733,8496397.554182565
1628839922830695663,457248.5390634335,8498693.492170094
1628839922902696612,457248.5072086908,8498692.34858405
1628839923040614140,457312.34240514453,8500972.811762288
1628839923100590286,457312.1101335,8500964.514133673
1628839923232611381,457311.5504360335,8500944.514717473
1628839923304544001,457374.306936935,8503186.258941
1628839923442718730,457374.69646322075,8503200.168123242
1628839923502559560,457374.8901492114,8503207.0828208
1628839923634616236,457436.6970385726,8505414.735532543
1628839923706550853,457436.50425079034,8505407.874031179
1628839923832649109,457498.61581805744,8507626.32759819
1628839923904690009,457500.3586370176,8507688.693155127
1628839924030457402,457504.2832256034,8507829.195234597
1628839924102613615,457566.3440923669,8510045.817383196
1628839924234686045,457566.94800157426,8510068.051427627
1628839924378695727,457620.88106707716,8511994.869860886
1628839924438692174,457619.9071645639,8511960.58909554
1628839924582564344,457666.21779789956,8513615.44780922
1628839924648565165,457663.81658138847,8513530.476804772
1628839924780449430,457661.1667525368,8513437.474724011
1628839924840675485,457704.63615127787,8514990.262201147
1628839924978590553,457697.7706755953,8514747.263489686
1628839925038588868,457694.6132805846,8514635.537840044
1628839925170569548,457691.360398574,8514521.28634752
1628839925236458239,457684.2631935766,8514269.031816313
1628839925380645128,457671.5755965467,8513818.724184588
1628839925440690252,457660.330236171,8513418.520915605
1628839925578692675,457624.8057331194,8512152.885687957
1628839925638639930,457612.7888234095,8511725.263375482
1628839925776549539,457585.6972705434,8510761.245352393
1628839925842669394,457437.4548006806,8505468.371947115
1628839925980591987,457374.89971382584,8503238.063397609
1628839926034432817,457353.78837501263,8502485.479392568
1628839926172675444,457044.57635767944,8491441.71369348
1628839926244673903,456999.01675922563,8489815.896696316
1628839926376699702,456707.30875247385,8479392.98086229
1628839926442601995,456647.9273671597,8477272.451855907
1628839926574563478,456493.94914436335,8471771.729740001
1628839926634558771,456434.2802886994,8469640.161404343
1628839926778422003,456288.2077385506,8464421.207936883
1628839926832600255,456278.4911259472,8464076.255122641
1628839926982661451,456138.4703656019,8459073.652532583
1628839927042660484,456101.6387516645,8457758.730613088
1628839927174678341,455975.52019738685,8453252.009500358
1628839927234629098,455916.0107848634,8451125.255077427
1628839927372578089,455843.33639477234,8448531.342835898
1628839927444603046,455770.39875267004,8445924.268408336
1628839927576677902,455713.43918337877,8443892.255339345
1628839927636661424,455655.71648010414,8441829.114052258
1628839927774418708,455526.26452491526,8437201.560285304
1628839927846588579,455511.2321996935,8436668.171769036
1628839927978556042,455383.2576127653,8432093.090791449
1628839928110548792,455323.25228084007,8429952.316435086
1628839928176571977,455255.06963468785,8427514.597459171
1628839928308597520,455215.75312421576,8426114.941101424
1628839928386561621,455145.57398810924,8423605.585623294
1628839928506718091,455020.2332248411,8419123.79663963
1628839928578654297,455059.4999285727,8420535.969366718
1628839928710730101,454957.60946138535,8416894.463464666
1628839928782432534,454899.88770744955,8414831.135756873
1628839928908654338,454853.76582551975,8413188.309440613
1628839928980678528,454801.9524184036,8411336.710199984
1628839929100674503,454758.3096182737,8409781.91128706
1628839929178596302,454699.51907093753,8407680.911976697
1628839929310617585,454640.7908495991,8405586.181706954
1628839929382529562,454591.39244529407,8403820.900721883
1628839929502702495,454506.3328869649,8400781.014381876
1628839929580531750,454483.4828484928,8399967.481147908
1628839929712611066,454381.58191935206,8396325.045033727
1628839929784560334,454330.14152621053,8394486.126178674
1628839929904639881,454281.57401590724,8392754.808650084
1628839929982653285,454223.12076673616,8390665.08351795
1628839930120570017,454176.28935730504,8388996.91643405
1628839930186552849,454128.85898509185,8387301.60893086
1628839930312653239,454071.71707179595,8385263.392689724
1628839930390405830,454024.7450036202,8383584.3911256315
1628839930522479270,453939.24607141566,8380528.26123467
1628839930582583552,453902.8075494425,8379227.348065809
1628839930702562527,453822.64240347804,8376361.331527153
1628839930774799859,453777.26983633905,8374739.25554288
1628839930906645085,453713.6999106766,8372469.628548223
1628839930978627515,453666.87280431,8370795.12309275
1628839931104590815,453600.95332379185,8368440.625512147
1628839931176565243,453556.15810496284,8366838.815512318
1628839931314449377,453494.3750131797,8364632.584364181
1628839931386651184,453440.5962468926,8362708.891111828
1628839931512445388,453359.4999324324,8359807.719859187
1628839931584416855,453348.62059902644,8359423.657787579
1628839931716643752,453258.39940365043,8356196.253475498
1628839931782500663,453219.77119224734,8354814.328521245
1628839931914543601,453181.4107416992,8353448.491676538
1628839931986560422,453132.5732564196,8351701.5258834325
1628839932112552076,453098.29759443965,8350481.3236051295
1628839932184541072,453059.07460549206,8349078.669780529
1628839932310649720,453023.4621489874,8347811.469041619
1628839932382669056,452986.12957403855,8346476.634535339
1628839932508713792,452921.87456077285,8344179.909422301
1628839932580591190,452911.0672585561,8343798.151824927
1628839932712530751,452845.2405268306,8341444.736930246
1628839932844645492,452821.0135053664,8340586.355599946
1628839932916542495,452784.9083719922,8339295.311803194
1628839933048423696,452765.451805318,8338608.250619686
1628839933114528451,452730.48219352285,8337357.927613457
1628839933240645167,452666.13943004777,8335057.348563514
1628839933312645343,452682.18240918283,8335640.86710164
1628839933450538074,452618.6173973471,8333368.165908589
1628839933516521153,452585.5504398141,8332186.042514379
1628839933648532445,452650.4451239286,8334531.589640176
1628839933714668815,452622.99574152543,8333551.51045118
1628839933852567975,452612.43066635076,8333185.131168913
1628839933906643752,452593.39246477204,8332505.493034545
1628839934044579019,452688.72304954,8335945.737739206
1628839934122402376,452671.83246243384,8335345.2838272415
1628839934254701154,452638.42812049936,8334157.898781697
1628839934314578162,452734.3808244058,8337612.541166852
1628839934452553240,452717.3810595776,8337013.872578448
1628839934518661946,452707.9481902263,8336681.438391526
1628839934644656625,452770.48361469083,8338941.246854612
1628839934716665188,452768.68876792176,8338883.241452401
1628839934842505103,452815.93157480727,8340592.039091611
1628839934920529520,452815.70850009384,8340591.353371422
1628839935046640119,452858.1316287347,8342127.764181505
1628839935118392301,452856.09854479437,8342060.151452319
1628839935250644252,452848.71654060425,8341807.510157984
1628839935316557763,452908.46009857603,8343960.441999504
1628839935454458208,452899.9992787551,8343667.997840468
1628839935508716636,452897.2821755691,8343575.667585751
1628839935640664364,452959.7289723229,8345831.005993492
1628839935718512760,452958.3400527608,8345787.226801443
1628839935850548086,452987.1037443669,8346832.785703838
1628839935910560704,452987.6189974685,8346856.476665844
1628839936048635162,453009.5370777445,8347655.65968781
1628839936120393572,453012.8633916534,8347780.2745110765
1628839936258520700,453018.9587109453,8348011.210119959
1628839936312556390,453066.20280544605,8349713.472690268
1628839936444513429,453076.5034173108,8350094.673913408
1628839936510708393,453083.6341116308,8350356.8511615
1628839936654650183,453120.0382956612,8351676.339835066
1628839936714631634,453125.2391747454,8351868.333153395
1628839936852398524,453175.2949821792,8353677.146883001
1628839936924735472,453185.6065308396,8354054.410224009
1628839937056640442,453232.5386763522,8355751.306708569
1628839937183075693,453247.29917053634,8356292.8481904995
1628839937242565544,453253.7837645818,8356531.053073245
1628839937386512594,453283.4539886518,8357608.690377605
1628839937452398958,453287.63596276846,8357764.259801568
1628839937584570475,453313.7473676199,8358714.474393563
1628839937644548506,453319.1638934718,8358914.426655412
1628839937788554689,453332.11199327244,8359392.175286498
1628839937854642177,453351.19182471617,8360083.74194529
1628839937992415535,453358.5394730373,8360359.674043476
1628839938046640017,453382.42763978906,8361222.867856737
1628839938190559737,453394.58564356645,8361672.5425843615
1628839938250545440,453399.6998579644,8361861.825218008
1628839938388602043,453424.50230449,8362765.3000345295
1628839938454453349,453429.60106833576,8362954.050990983
1628839938586578520,453456.98223969433,8363950.56064058
1628839938658572608,453459.90090734756,8364062.081384236
1628839938790537139,453487.4029971281,8365061.815327444
1628839938850606253,453489.85302522406,8365155.584956529
1628839938988569972,453494.97212483373,8365353.011563828
1628839939048554163,453534.20500073326,8366766.926200841
1628839939192526867,453542.40756906965,8367075.177504261
1628839939252499849,453547.2707147676,8367255.692200775
1628839939390644841,453575.7398811884,8368291.469097427
1628839939450573887,453578.22870208183,8368386.834662692
1628839939594526476,453601.8411357125,8369248.537660687
1628839939654521028,453603.29970842425,8369306.992860592
1628839939798401774,453630.1729795747,8370285.683843356
1628839939852640857,453631.30205676844,8370332.35860715
1628839939990559471,453635.6975489744,8370504.496949542
1628839940056729931,453650.7191644639,8371049.762953765
1628839940194617472,453655.34979477886,8371230.444342991
1628839940254654262,453654.79605406814,8371216.840442745
1628839940392570716,453660.4455470014,8371434.638915135
1628839940452671703,453660.10244057653,8371427.609270799
1628839940602523802,453675.75059112086,8372004.953791523
1628839940656542579,453671.63103689934,8371863.539238756
1628839940788384820,453662.0348956132,8371533.136872783
1628839940854555047,453707.9235284381,8373186.964300614
1628839940998518072,453700.5455729194,8372937.324347333
1628839941058491963,453735.1041775888,8374183.686704241
1628839941196674859,453731.3905848807,8374065.660365321
1628839941250485311,453729.0258474475,8373986.28554038
1628839941394542622,453761.7964774975,8375178.340963292
1628839941460510388,453764.2450850655,8375272.783324
1628839941586648501,453795.75701952516,8376417.662862616
1628839941730598250,453801.61553775804,8376643.4470120855
1628839941796530476,453837.9260798802,8377952.551586384
1628839941922550384,453845.90974736423,8378253.5527447
1628839941988541276,453849.5381834825,8378391.621714468
1628839942120914666,453885.3451992627,8379690.6555256955
1628839942192644184,453887.80696263193,8379786.954121992
1628839942318546744,453918.79425734305,8380913.18276225
1628839942390885962,453921.23026233166,8381008.60391975
1628839942522488971,453924.65526826755,8381146.4592825705
1628839942588637554,453959.7709896798,8382414.051212181
1628839942720630589,453975.5167729883,8382993.879404327
1628839942798517504,453990.7022736281,8383546.737369119
1628839942924520945,454015.0090005746,8384433.713505147
1628839942990950103,454018.2140474821,8384557.057669889
1628839943122638088,453992.9183744857,8383665.957327708
1628839943194676279,453983.84410156246,8383349.163653768
1628839943332530746,454007.1219740913,8384201.238106275
1628839943392625314,454018.2200905375,8384606.518753918
1628839943518368504,454040.3771890757,8385415.77743899
1628839943596612787,454041.90039001877,8385480.405881799
1628839943722541699,454057.82396539097,8386067.5890744645
1628839943788439066,454064.9235756283,8386329.654428974
1628839943920479233,454076.7621157411,8386770.657092194
1628839943992625659,454081.40387415345,8386947.1885555135
1628839944124532211,454105.4692989624,8387826.668606446
1628839944196534891,454113.17827471334,8388111.8977509895
1628839944328488878,454124.4671403289,8388533.421853773
1628839944400493507,454135.09181023436,8388923.148030318
1628839944532418729,454147.6908788833,8389391.262914266
1628839944598610276,454140.48817168386,8389142.37359287
1628839944730507301,454137.98434253584,8389069.162826367
1628839944790496160,454145.37863091123,8389342.118820112
1628839944928635050,454147.548540491,8389437.601223549
1628839945000644744,454146.19745418016,8389398.024525473
1628839945120619687,454158.82912970986,8389866.245118802
1628839945198538481,454155.2894790799,8389749.536603907
1628839945324502109,454170.49585979426,8390310.008236786
1628839945402604566,454165.55432460323,8390143.11884225
1628839945528384993,454155.5856485426,8389801.212034611
1628839945594498932,454166.52311606135,8390202.40033123
1628839945732502009,454166.2034871878,8390208.929595023
1628839945792505426,454154.6105810226,8389801.452151796
1628839945924391956,454155.9452788812,8389866.072758771
1628839946002627430,454156.1728180531,8389884.58950708
1628839946140502281,454136.16528084583,8389184.876418682
1628839946194489595,454133.38990304066,8389093.243289003
1628839946320599458,454142.5453335357,8389438.552545363
1628839946452613064,454147.5714645182,8389635.68589716
1628839946530972574,454152.12375938334,8389809.319344219
1628839946668365865,454133.85755446693,8389172.232805448
1628839946722781146,454136.05700225185,8389258.95848945
1628839946854789479,454134.86772791966,8389233.708723865
1628839946926596789,454137.1838784965,8389325.940178003
1628839947058512297,454126.83456344786,8388972.427346442
1628839947124543058,454127.4963972007,8389005.369858164
1628839947256506624,454136.5667600109,8389347.487832032
1628839947334518510,454115.7147775571,8388609.820941059
1628839947466519751,454116.5307766916,8388657.463169089
1628839947532496232,454115.75680581405,8388637.591084098
1628839947658920755,454083.4963106724,8387498.816630181
1628839947736762062,454080.3208492261,8387395.418260452
1628839947874413018,454086.90435247106,8387648.489573895
1628839947922389345,454084.45974099106,8387567.346382891
1628839948060496988,454054.48960647004,8386511.663039207
1628839948126789494,454047.4722353953,8386269.1696337275
1628839948258783060,454034.9026372761,8385835.333264094
1628839948330774620,454025.8907604864,8385521.597901053
1628839948456576363,453999.40590614197,8384588.986356487
1628839948529062520,453980.70347267843,8383927.602961908
1628839948660758289,453965.4978678761,8383399.362892676
1628839948732752255,453943.47165887256,8382618.791089009
1628839948858523510,453930.4002785799,8382166.9924645955
1628839948930580153,453914.10893557884,8381591.930333851
1628839949068362681,453904.62857597467,8381268.747927103
1628839949128730555,453893.1668449056,8380866.80509094
1628839949266396149,453877.58951840765,8380324.963795318
1628839949338370682,453873.7270498915,8380195.490643433
1628839949470739989,453870.3663284032,8380092.7766381055
1628839949524466379,453870.9179321351,8380118.895658982
1628839949668492339,453859.22911039524,8379717.797821561
1628839949734763092,453858.56069489,8379702.766567622
1628839949866369761,453836.75825091655,8378938.172003142
1628839949926483557,453834.1411474958,8378852.057431039
1628839950064717713,453795.71509672323,8377492.984423672
1628839950136718388,453788.9083903682,8377258.031642468
1628839950262848781,453772.78990483435,8376697.091817138
1628839950334523460,453736.4042585373,8375402.042355669
1628839950466470550,453718.590986008,8374780.359039056
1628839950527980688,453713.5406915167,8374607.107335197
1628839950671352020,453684.2650890255,8373576.031985954
1628839950803365819,453658.5265757603,8372670.540072094
1628839950857571242,453654.46394861926,8372532.71665568
1628839951001493016,453648.7466021327,8372345.977598093
1628839951067547124,453601.74022733065,8370670.199750389
1628839951199621214,453567.70933823567,8369467.079023355
1628839951265365557,453547.3517840938,8368745.024429945
1628839951403447538,453455.0614317043,8365454.349217797
1628839951469416549,453436.50362761004,8364796.663689768
1628839951601487347,453397.5554580717,8363418.404681623
1628839951661491953,453387.50746493967,8363065.775069446
1628839951811584606,453318.150009505,8360598.001755423
1628839951865484614,453305.82239689596,8360162.26401374
1628839952009569241,453261.0581377944,8358574.587744243
1628839952063622888,453214.7504690789,8356921.648121824
1628839952201605189,453154.3043252811,8354771.156576966
1628839952267344035,453132.83772326395,8354008.65587339
1628839952405476094,453085.9993260193,8352346.209257799
1628839952465464784,453067.10485074134,8351675.858493356
1628839952609460348,452981.9185448747,8348637.429601831
1628839952675608354,452953.60090860777,8347630.086048249
1628839952801352054,452909.4421206201,8346060.397976443
1628839952867501918,452853.69390401075,8344068.777329475
1628839953005475201,452798.76947738737,8342114.84686472
1628839953065457189,452773.5466652562,8341217.205862352
1628839953209343850,452714.5889928373,8339118.186874826
1628839953263730659,452685.23390209983,8338071.825441327
1628839953407472456,452619.55955938075,8335731.582828586
1628839953467491053,452598.1249522953,8334969.331629791
1628839953605610980,452544.2392134366,8333051.931205281
1628839953659384314,452534.3158856587,8332701.621415871
1628839953803797273,452482.07930420834,8330844.209351149
1628839953869478027,452470.2158939022,8330425.347329261
1628839954001338859,452441.7875361508,8329419.896832281
1628839954061377304,452402.1511071735,8328004.0303321285
1628839954211481329,452359.2710559473,8326481.753050301
1628839954271484325,452342.2787034798,8325878.511932649
1628839954409486054,452304.877297224,8324551.651736074
1628839954469476220,452294.1873906119,8324174.600221534
1628839954601591415,452254.8963630303,8322778.592464206
1628839954673357426,452235.8053423806,8322100.890496473
1628839954805455586,452193.9430407557,8320612.053238014
1628839954931488275,452143.8601996471,8318828.017923684
1628839955009607440,452109.85106133734,8317615.34301775
1628839955141612212,452093.479011687,8317041.927567231
1628839955213534041,452066.7999067735,8316091.276203003
1628839955345348409,452057.1760942812,8315760.026839876
1628839955405406866,452040.387431353,8315163.447971505
1628839955537350832,452001.3285621817,8313774.335844452
1628839955603579384,452012.0452162844,8314166.90181113
1628839955741519306,451989.9898803382,8313389.421650322
1628839955807344124,451982.7502462039,8313135.64752183
1628839955933591574,451966.795975953,8312576.293523891
1628839956005626401,451960.2609488232,8312348.782669864
1628839956137615660,451933.9986100438,8311418.917083684
1628839956215468923,451928.4881808042,8311229.127077061
1628839956335464806,451912.94058482273,8310682.998726131
1628839956407440321,451908.297704419,8310523.249603982
1628839956539305430,451900.3986076626,8310252.459371993
1628839956605517624,451892.84207575844,8309988.315988791
1628839956737451280,451890.6740137988,8309923.260084955
1628839956809388518,451882.12984752597,8309623.264630662
1628839956935598283,451886.99069770885,8309810.55432494
1628839957007601235,451891.54085669824,8309980.791071658
1628839957139457806,451893.66420791036,8310069.662643442
1628839957211342774,451899.84149846964,8310298.277479189
1628839957337592953,451896.1489185288,8310178.103949586
1628839957409590770,451903.68625289726,8310455.50734315
1628839957535331281,451916.9006209214,8310941.570673239
1628839957607498749,451912.8068244093,8310802.370676317
1628839957739487855,451924.06964290055,8311219.267234813
1628839957811357324,451933.35055359267,8311559.333584479
1628839957943441191,451949.5764732894,8312154.439534561
1628839958015486759,451959.7803777947,8312527.565876917
1628839958147471360,451965.5022393999,8312745.455853687
1628839958213425522,451973.70260839484,8313046.622546831
1628839958339585543,451954.70350372634,8312376.2380225295
1628839958417340699,451955.9115811606,8312426.225081648
1628839958543467435,451962.6933679269,8312681.894624513
1628839958615340304,451965.47683450195,8312788.455008349
1628839958735330280,451968.42625603476,8312905.7021797905
1628839958813576117,451992.696256505,8313784.885022555
1628839958945481910,452003.18034080305,8314173.701840691
1628839959017341756,452008.77352312044,8314381.20697641
1628839959143468911,452002.4834149182,8314167.680299125
1628839959215586581,452005.6287288034,8314287.297270518
1628839959341456088,452002.34288492677,8314181.036832083
1628839959419453413,452002.60573743825,8314198.134439548
1628839959545449461,452015.28506544506,8314666.600172173
1628839959665505725,452019.5399742817,8314831.0277014235
1628839959743568174,452024.644449617,8315022.113568107
1628839959881453793,452034.64887319476,8315393.902372456
1628839959947459839,452041.89072563004,8315660.773372403
1628839960067458951,452056.29552809073,8316190.100117253
1628839960139338176,452064.6850461842,8316498.2380466005
1628839960283329677,452072.85965839564,8316805.5603828775
1628839960337579951,452090.6163147477,8317449.38623735
1628839960469455980,452099.6033446873,8317784.978240521
1628839960535730651,452111.8284644644,8318230.884120637
1628839960673401804,452158.19203803287,8319908.9193146825
1628839960739573016,452170.8109320932,8320368.982634536
1628839960871435323,452225.4594620795,8322344.215152328
1628839960937498299,452236.78926241497,8322757.996557406
1628839961075664223,452286.8977083087,8324571.06722687
1628839961141371581,452295.9619873709,8324902.48408961
1628839961273306959,452315.5338766935,8325618.143270065
1628839961345381357,452363.85896653734,8327359.9264279995
1628839961483327674,452396.6344682793,8328550.4432998905
1628839961543314050,452432.1280296679,8329830.709109292
1628839961675449307,452477.25381345826,8331463.342806719
1628839961753444472,452504.32268884726,8332442.845669816
1628839961873456113,452563.32170260436,8334572.517289728
1628839961945459085,452587.6538360704,8335452.720818936
1628839962071574952,452622.894767502,8336730.438886991
1628839962143602713,452648.8969834746,8337670.455673787
1628839962269635717,452692.47337647446,8339247.029498985
1628839962341492865,452703.71023593354,8339657.475575517
1628839962473447347,452746.5197887527,8341206.402615752
1628839962545556984,452767.457163814,8341964.945498843
1628839962677343204,452807.23363658803,8343404.954110353
1628839962743525373,452827.4914571097,8344138.68751739
1628839962875433932,452860.98712197924,8345353.503476315
1628839962947328350,452878.8807120555,8346002.355921847
1628839963085603251,452924.0591101101,8347636.957428541
1628839963139316291,452936.562114082,8348090.363781739
1628839963271444986,452966.9742561523,8349193.934535426
1628839963355586885,453007.53252056293,8350657.501497762
1628839963487567795,453043.215899343,8351949.759114304
1628839963547562403,453073.7972272224,8353052.410190835
1628839963673371820,453112.6768867927,8354457.972060365
1628839963739587058,453135.96227361175,8355299.502722543
1628839963889554132,453222.1660965693,8358404.324590296
1628839964021376605,453276.06456249795,8360348.553839801
1628839964081447879,453334.81189501716,8362459.834144978
1628839964147489159,453376.48259664665,8363959.758052578
1628839964279582841,453456.66370166204,8366845.122594003
1628839964423317838,453540.9115923049,8369876.8392220335
1628839964477598429,453570.0222837725,8370925.421282335
1628839964621451665,453640.6141504209,8373467.536767106
1628839964681426993,453672.8960412344,8374629.485825714
1628839964813326059,453758.846568038,8377720.167661529
1628839964873291997,453789.1791281246,8378812.088284645
1628839965017330372,453847.88872489036,8380927.66994602
1628839965083445303,453919.42676920333,8383495.805790396
1628839965215318313,453964.4989039247,8385121.793027696
1628839965275308140,453976.98429744365,8385574.473952597
1628839965419311447,454035.0469522583,8387666.464601929
1628839965479840034,454036.1333999196,8387712.05001087
1628839965623422946,454155.9430418751,8392013.637279414
1628839965671485560,454168.8180186596,8392479.164033713
1628839965821566010,454277.99297962355,8396400.086807176
1628839965887419672,454301.9321466923,8397262.35740676
1628839966019448621,454317.15923812764,8397819.651240546
1628839966073713198,454330.85436844244,8398315.510134691
1628839966217451476,454348.36575118324,8398955.456418479
1628839966289440930,454373.40617316193,8399857.938022764
1628839966421339553,454441.7707036791,8402316.202760903
1628839966475574043,454467.36292160134,8403237.3807482
1628839966613643127,454523.5199906668,8405259.510077743
1628839966685572911,454569.00842524186,8406893.123109259
1628839966817546416,454537.33702096203,8405773.01332637
1628839966883309280,454564.81676516926,8406761.554151231
1628839967021434775,454616.46965629666,8408622.200746994
1628839967081440992,454562.4478416024,8406696.322900515
1628839967213702511,454579.67125879164,8407325.755288403
1628839967273308783,454590.4220713219,8407715.030877767
1628839967423349711,454588.1204051688,8407647.335903741
1628839967483445553,454602.46811950713,8408166.187934075
1628839967621301972,454596.7349894114,8407974.727136485
1628839967681385603,454611.75297217007,8408517.553115321
1628839967819569117,454588.09370464477,8407685.248345558
1628839967891435885,454601.6969617672,8408178.451960891
1628839968023433148,454622.79041431163,8408945.30495947
1628839968083296044,454604.58369331795,8408300.463180387
1628839968221561168,454624.5840638796,8409029.248782856
1628839968287311910,454633.67443138675,8409360.140096465
1628839968425437355,454612.83227046166,8408628.676534189
1628839968551432889,454568.7817320128,8407066.293587917
1628839968623594159,454572.637996431,8407211.032590492
1628839968749378350,454572.51659377734,8407218.447992628
1628839968821472817,454536.04721812013,8405922.407162359
1628839968953426213,454523.42654495244,8405483.88193954
1628839969025304485,454515.7533058596,8405216.37306134
1628839969151552922,454488.2891928274,8404247.19456304
1628839969235413667,454484.0921251145,8404105.007035308
1628839969355435361,454441.03355549934,8402576.99998339
1628839969415433127,454436.7202421811,8402428.694673246
1628839969547658759,454372.11184574594,8400131.165712206
1628839969625589478,454363.90165508096,8399845.52221732
1628839969751305784,454351.681968167,8399420.494256392
1628839969823468666,454310.3579584162,8397950.754841108
1628839969949284994,454302.76265448023,8397691.202784084
1628839970021329560,454299.80638622533,8397592.548093732
1628839970147632624,454258.7197532989,8396136.310504554
1628839970225441551,454254.082481483,8395978.567043811
1628839970345459078,454216.83707689313,8394658.712541858
1628839970417579917,454210.842480627,8394451.359197233
1628839970549304687,454178.2512727408,8393298.896309923
1628839970621413371,454171.3266148603,8393058.195530687
1628839970753428589,454153.9272445714,8392448.72158318
1628839970819411005,454123.1930653353,8391356.42199472
1628839970957561702,454104.53732441354,8390702.831793705
1628839971023299143,454095.395293605,8390381.660411736
1628839971149551210,454061.1476210484,8389169.512866186
1628839971221434204,454049.4120724536,8388756.477440188
1628839971353281215,454074.2818472875,8389659.635760259
1628839971425341715,454070.5353622116,8389532.407338556
1628839971557414521,454084.9121214789,8390059.781407777
1628839971623412500,454085.50235576037,8390087.656053863
1628839971755414992,454085.2416858634,8390090.817061901
1628839971827288677,454070.3505477257,8389564.947723493
1628839971953503991,454070.216372077,8389572.509758135
1628839972025328381,454067.95765017567,8389498.320734894
1628839972163423575,454058.122463929,8389159.856817547
1628839972223401515,454058.98327756656,8389196.26687031
1628839972355296270,454048.9559512772,8388849.837605998
1628839972427406060,454047.9036030815,8388818.675807556
1628839972553532872,454047.63295663754,8388821.18505675
1628839972625402303,454050.28230102634,8388922.389301132
1628839972751294350,454055.9608402566,8389136.4839026
1628839972883522996,454040.3681111285,8388591.446092718
1628839972955545990,454042.65559156024,8388679.579820875
1628839973087405924,454034.1756275762,8388388.077938024
1628839973153455308,454041.8263262268,8388668.012751414
1628839973279324166,454056.05992738076,8389187.83220948
1628839973357523197,454028.6916467457,8388215.88120858
1628839973489403822,454044.0396147219,8388776.308407905
1628839973549444284,453995.7092476647,8387052.616058694
1628839973687411086,454001.7272805562,8387280.021001214
1628839973759305380,454004.2011231089,8387374.5367081035
1628839973891395753,453970.0908750956,8386165.28886454
1628839973957447372,453968.0857163492,8386099.4762255065
1628839974083417857,453936.67866414215,8384986.162468854
1628839974173321185,453935.10737979016,8384937.490215854
1628839974299541056,453908.1146257533,8383982.724107791
1628839974347548305,453905.6148860018,8383897.430960236
1628839974491301179,453899.2165282179,8383680.043910372
1628839974551410433,453871.6738410677,8382699.518837354
1628839974689541646,453862.78805656824,8382392.979617831
1628839974755213115,453859.7531956184,8382289.245039917
1628839974881520588,453831.1296013089,8381275.710499685
1628839974959459578,453829.77404326934,8381233.605887037
1628839975091415321,453802.63582389883,8380273.058004164
1628839975151419807,453799.547545359,8380167.302455107
1628839975289348326,453792.44484016503,8379923.362118048
1628839975361484964,453764.1552269816,8378917.49799071
1628839975493393779,453753.67463077244,8378552.48784766
1628839975565296371,453716.13855759945,8377214.720847479
1628839975685277080,453706.2993838209,8376871.6958858315
1628839975751537019,453699.5971710838,8376637.092911942
1628839975901390251,453655.5983557009,8375072.848795009
1628839975955412467,453650.4870578206,8374894.315997249
1628839976087276968,453615.17478480877,8373639.976570394
1628839976153518121,453611.5461439814,8373515.114938972
1628839976285519901,453608.89896105195,8373429.59369977
1628839976357416148,453565.1448891647,8371868.46020368
1628839976483464955,453559.0778513067,8371660.387133186
1628839976555515752,453501.7951953885,8369614.779561774
1628839976687516097,453494.8329660186,8369374.52313386
1628839976759277832,453492.0445382488,8369279.5051640915
1628839976885467574,453378.99206978746,8365241.098549551
1628839976957396105,453368.63979550486,8364875.190311372
1628839977095505861,453292.82413299195,8362170.158224027
1628839977155535118,453281.7482729642,8361777.571419671
1628839977287423536,453258.6745924288,8360959.942614961
1628839977365275825,453196.34665787517,8358732.79818506
1628839977497525625,453161.0317445033,8357477.183119296
1628839977635271123,453095.99406556424,8355156.455739636
1628839977695553489,453082.2834683414,8354669.209027569
1628839977827448830,453016.14514621056,8352309.056927026
1628839977887444710,453002.0555686356,8351808.096222015
1628839978025250848,452967.9525144403,8350594.482207219
1628839978091510500,452924.1605753125,8349030.069610998
1628839978235402315,452894.9973725748,8347993.747961791
1628839978289520360,452874.0006680739,8347245.123188477
1628839978433322972,452842.4934242328,8346124.552367437
1628839978493322263,452829.16480897716,8345650.498223198
1628839978631437414,452780.00790403114,8343897.31059816
1628839978703406771,452765.21432615805,8343371.18374062
1628839978829277351,452720.625212414,8341780.362138194
1628839978895264865,452705.93474046706,8341257.779380563
1628839979027285496,452677.627117904,8340250.381174232
1628839979099287643,452638.85953960865,8338864.857090653
1628839979225394307,452615.1516741632,8338021.971339707
1628839979285392723,452603.95717229694,8337623.832895991
1628839979435480072,452528.6031570949,8334930.585841279
1628839979495530085,452511.62034248444,8334324.805721843
1628839979633442517,452440.95399304695,8331798.441297815
1628839979687383920,452433.9394879133,8331549.331151614
1628839979837317038,452370.4813670503,8329281.36403308
1628839979897259722,452361.28790856636,8328954.460457761
1628839980035436112,452339.6589684375,8328185.152930633
1628839980095423431,452272.2337022347,8325770.2223121775
1628839980227398830,452241.9766995843,8324690.757480545
1628839980299247699,452193.6956713521,8322962.229448212
1628839980425508463,452174.18820341537,8322267.942863052
1628839980497489675,452164.2297443078,8321913.595149879
1628839980629404255,452098.3922299697,8319557.384916726
1628839980701284654,452088.4233209043,8319202.47604125
1628839980827512164,452040.4275726575,8317485.7198318
1628839980893399863,452037.72492391727,8317390.906081581
1628839981037512658,452018.54349067993,8316708.036623912
1628839981097445724,451968.0483612841,8314898.656613003
1628839981229393375,451952.22668966,8314335.279708684
1628839981289476433,451902.9130101021,8312567.983670539
1628839981439310578,451893.24673754524,8312225.373010475
1628839981559408202,451831.353467538,8310008.390889591
1628839981631375514,451825.4022679299,8309796.748256093
1628839981763542515,451815.79966429,8309455.537004271
1628839981829515248,451774.50369621,8307975.456882418
1628839981961432642,451768.4194190013,8307760.132526193
1628839982033512171,451762.69537703245,8307556.247972174
1628839982165331092,451712.35631402093,8305752.411544866
1628839982231477419,451708.88141092536,8305629.042262948
1628839982363525057,451668.6640788339,8304187.9993815655
1628839982435432025,451664.87187198346,8304053.052928926
1628839982567264060,451626.1159835255,8302663.970681014
1628839982633485908,451623.05626361497,8302555.130187485
1628839982771252702,451615.99480580515,8302303.3324421905
1628839982837392136,451574.88769971544,8300828.634088981
1628839982963434450,451567.3657661801,8300559.960970529
1628839983035402318,451563.3857247982,8300417.725158192
1628839983167228976,451527.73743878765,8299139.125604866
1628839983233779571,451524.0957909745,8299008.875790361
1628839983365433477,451490.28979597107,8297795.924121723
1628839983437385751,451486.16193511395,8297648.061012956
1628839983557390522,451447.82533269713,8296272.007023486
1628839983635511589,451442.2712592024,8296072.823157528
1628839983755507200,451434.13547934394,8295780.959362356
1628839983839386965,451399.6393760648,8294542.30971492
1628839983959386020,451395.8165068258,8294405.1846202165
1628839984031259991,451394.067692535,8294342.481271108
1628839984169496387,451368.98224901606,8293441.500968683
1628839984241383768,451362.78160401684,8293218.915604966
1628839984361328938,451368.7393152245,8293432.40986575
1628839984439389496,451369.89116962056,8293473.767268062
1628839984571477262,451344.403889426,8292558.483348629
1628839984637270696,451344.27317977516,8292553.790030291
1628839984763260414,451343.55881312565,8292528.139649828
1628839984841355087,451315.5688385697,8291522.950469428
1628839984967676787,451315.48455686384,8291519.924079142
1628839985039543508,451286.3896240926,8290475.012018689
1628839985159466461,451286.29858920194,8290471.74298789
1628839985237387479,451286.3052536775,8290471.982306869
1628839985363365246,451255.8528309681,8289378.278277944
1628839985441488152,451255.70626580017,8289373.014926576
1628839985561536099,451221.7502320762,8288153.4285461325
1628839985633518318,451221.7610144765,8288153.815776874
1628839985765242469,451221.6122821558,8288148.474319346
1628839985843384210,451185.1166108315,8286837.610698449
1628839985963466301,451185.47699077835,8286850.55383193
1628839986096487938,451149.27180944197,8285550.046961241
1628839986174720761,451149.4019238689,8285554.720312109
1628839986246591248,451149.28624603426,8285550.565483812
1628839986366618784,451108.3134831663,8284078.74151659
1628839986492544219,451108.71088042296,8284093.01582917
1628839986582680735,451065.43101684126,8282538.223374881
1628839986708611287,451065.9780084898,8282557.8723451
1628839986768613683,451066.12494635873,8282563.150627262
1628839986894536068,451021.6851900013,8280966.585771825
1628839986966477382,451021.9519820824,8280976.170097182
1628839987099271352,450975.302068841,8279300.088227437
1628839987171236981,450975.61084410676,8279311.18156758
1628839987297506843,450929.3077350527,8277647.443203485
1628839987369377210,450928.864796397,8277631.528642638
1628839987501332622,450928.2844112364,8277610.675682165
1628839987573359209,450880.8863321021,8275907.468834027
1628839987699500224,450880.714299455,8275901.2873247685
1628839987771359480,450880.74561175215,8275902.412444212
1628839987909374898,450833.3976887102,8274200.886301433
1628839987969473236,450833.39354950667,8274200.7375598345
1628839988101496711,450785.73263778526,8272487.838596059
1628839988173282516,450785.6985555214,8272486.613764568
1628839988311366309,450737.08964921837,8270739.517729189
1628839988371352613,450737.3305187714,8270748.174634116
1628839988498845216,450737.6533738243,8270759.778110918
1628839988570506345,450688.7984040143,8269003.710426687
1628839988702618580,450689.7340779626,8269037.341270789
1628839988768595430,450689.9308245527,8269044.412909442
1628839988900564533,450640.6359779235,8267272.404786633
1628839988972480390,450641.1185398436,8267289.750777152
1628839989104493101,450591.9663572214,8265522.7365937345
1628839989170578262,450592.25115078065,8265532.974457385
1628839989308475017,450544.02472471027,8263799.113569349
1628839989374477405,450543.9000104986,8263794.629959047
1628839989507256315,450544.048872454,8263799.981706655
1628839989567238115,450496.25226564374,8262081.447057149
1628839989705492851,450495.33709089365,8262048.543054855
1628839989771244121,450495.0406728314,8262037.885691492
1628839989915350710,450443.11429722275,8260170.680745033
1628839989963647705,450441.3756656322,8260108.146763997
1628839990107473062,450392.4047193228,8258347.096592008
1628839990173208648,450392.3578104414,8258345.409765951
1628839990305407572,450344.4879335316,8256623.843592713
1628839990365414079,450341.7631812603,8256525.854917202
1628839990503238629,450335.7610181583,8256309.98718599
1628839990575463788,450272.4116635495,8254031.484361794
1628839990707398045,450258.16502033826,8253519.0299918875
1628839990839348492,450173.92057014146,8250488.599803642
1628839990899345497,450163.24222333246,8250104.452823388
1628839991043259940,450138.259638055,8249205.667863202
1628839991109469353,450048.2386415412,8245966.909889196
1628839991241342158,450014.98217512545,8244770.290474509
1628839991301370023,449932.1075855565,8241788.039047051
1628839991439487080,449888.6779470547,8240225.031433975
1628839991511510197,449866.9506505148,8239443.038069123
1628839991643401447,449760.45601517276,8235609.929804737
1628839991703235604,449739.629571733,8234860.234285211
1628839991841361593,449640.49109075585,8231291.084750203
1628839991901359625,449619.06031920214,8230519.465061831
1628839992045355868,449522.2679173151,8227034.1015930185
1628839992105365004,449500.697475465,8226257.306062558
1628839992243364476,449449.98014855507,8224430.766650282
1628839992303338027,449377.5549980671,8221822.178787234
1628839992441483462,449324.9875952134,8219928.636486857
1628839992501440025,449302.5329867997,8219119.7449188
1628839992645358329,449206.4151612025,8215656.9630973125
1628839992717416084,449180.1779883974,8214711.6269254135
1628839992844394678,449087.65534470987,8211377.832177969
1628839992904399784,449065.04135563376,8210562.8868622705
1628839993042593733,448970.5846380735,8207158.6110124905
1628839993114603633,448944.4054301648,8206215.002680111
1628839993246542855,448895.95514291874,8204468.545024532
1628839993306514757,448826.4166694754,8201961.684329087
1628839993444614343,448773.01633788616,8200036.42016208
1628839993504725963,448749.91484947887,8199203.481115524
1628839993654358668,448648.9297419068,8195561.967337945
1628839993708522700,448625.4229662095,8194714.221049136
1628839993846395887,448525.93797518,8191126.064116672
1628839993906390405,448502.2452804741,8190271.440849434
1628839994044626428,448404.12373813457,8186731.79450754
1628839994104596195,448380.16907029686,8185867.548985306
1628839994248403891,448324.05007019837,8183842.733605876
1628839994308406582,448266.82209603064,8181777.925378641
1628839994446600683,448212.4273925403,8179815.008489443
1628839994572290248,448134.8281531817,8177014.4504752
1628839994650505316,448104.72322656715,8175927.850362354
1628839994710463586,448082.1416666321,8175112.7612938415
1628839994848489488,448011.09468509135,8172548.207486155
1628839994980634146,447961.7934692661,8170768.340502222
1628839995052473651,447965.6100162659,8170906.135799365
1628839995172489332,447937.57390236977,8169893.935674967
1628839995250422799,447918.6081599151,8169209.180846276
1628839995370371863,447975.1905754762,8171252.079866689
1628839995448917350,447973.79671615304,8171201.760974376
1628839995574462852,447939.54821090953,8169965.306075904
1628839995652363485,447938.7736248917,8169937.341562301
1628839995784426095,447938.18941794767,8169916.250190785
1628839995850609940,447904.09282089595,8168685.187349912
1628839995970598729,447904.3594085581,8168694.812397587
1628839996042603224,447872.4207053815,8167541.595233323
1628839996180419979,447872.72685975576,8167552.649404532
1628839996246380150,447872.7412193755,8167553.167880393
1628839996372596879,447840.1469266689,8166376.221534459
1628839996444600758,447839.91700138897,8166367.919281251
1628839996576438718,447807.7699248714,8165207.060050546
1628839996654380533,447807.4682220423,8165196.165430469
1628839996774353605,447806.84107089543,8165173.518712895
1628839996846377840,447775.2975778891,8164034.389967626
1628839996978466511,447775.1779341617,8164030.069347411
1628839997050450652,447744.57996212156,8162925.0279681925
1628839997182407261,447744.2990901453,8162914.8844902385
1628839997254683143,447744.1273644223,8162908.682743931
1628839997392250793,447713.7272994792,8161810.734795267
1628839997452246303,447713.7593238409,8161811.891390038
1628839997578450189,447683.4694323169,8160717.866173572
1628839997650377587,447683.0063914145,8160701.14209359
1628839997848570785,447652.5196365259,8159599.952279955
1628839997980476769,447652.3251180105,8159592.926311346
1628839998052352402,447621.9522930168,8158495.792176579
1628839998178344086,447621.872796673,8158492.920638454
1628839998250349571,447621.8761090204,8158493.040285877
1628839998376352777,447591.9701555401,8157412.71755401
1628839998448374985,447591.4319267384,8157393.274864715
1628839998580341257,447561.927769091,8156327.410442239
1628839998652345904,447561.78645671613,8156322.305494323
1628839998778856800,447561.3086077005,8156305.043059917
1628839998850568640,447532.3780159572,8155259.8452692535
1628839998994214213,447532.7404788084,8155272.939981469
1628839999042341008,447504.36586369434,8154247.777271386
1628839999174339947,447504.7249975328,8154260.752326095
1628839999312545011,447475.7246503162,8153212.937289169
1628839999384427630,447475.8446010148,8153217.271166586
1628839999450411182,447475.87514061376,8153218.374577097
1628839999582322726,447446.9980291496,8152174.960748466
1628839999702522525,447446.5348069347,8152158.223487314
1628839999780241306,447446.0804153645,8152141.8052845765
1628839999918423164,447417.6175920188,8151113.3083030945
1628839999984328685,447417.7916136399,8151119.596403125
1628840000110327975,447388.80525055405,8150072.129615748
1628840000182517351,447389.11832691135,8150083.442868854
1628840000314528526,447360.64577099844,8149054.495567311
1628840000386239537,447360.6693149655,8149055.346387065
1628840000506384869,447360.54350190243,8149050.799819006
1628840000584552136,447332.3500716622,8148031.890366355
1628840000722228596,447332.81246765045,8148048.600984656
1628840000782201897,447332.99087829277,8148055.04859798
1628840000908411595,447304.88890047366,8147039.396989626
1628840000980325329,447304.75868536485,8147034.690900392
1628840001118519071,447276.890618538,8146027.44193729
1628840001178537780,447276.9365962481,8146029.10369063
1628840001310416125,447249.66263087,8145043.285489828
1628840001382410524,447249.87522189744,8145050.969431292
1628840001508490735,447250.16431639483,8145061.418528234
1628840001580340160,447223.25822442427,8144088.855211505
1628840001712248789,447222.57818517595,8144064.274594198
1628840001796383216,447195.77597670385,8143095.421073323
1628840001922319334,447195.3585574102,8143080.3323882455
1628840001988526962,447195.30706958857,8143078.471228866
1628840002108528960,447170.2239391507,8142171.714673469
1628840002180512581,447169.94775575364,8142161.730890043
1628840002318368992,447143.7377591611,8141214.2023746
1628840002384370264,447143.4722527307,8141204.6041240785
1628840002510568449,447143.119592715,8141191.855201411
1628840002582464515,447117.2708051648,8140257.342209996
1628840002780619786,447116.23015631834,8140219.7202876
1628840002912314533,447091.17094515974,8139313.710259939
1628840002984288031,447091.1532953565,8139313.0721500665
1628840003116398666,447067.0573868125,8138441.853035043
1628840003182392624,447067.13349843246,8138444.604881966
1628840003314412489,447042.8282134189,8137565.782239842
1628840003392304960,447042.7017337141,8137561.209125457
1628840003518217308,447042.448774387,8137552.062896735
1628840003590346272,447018.46735012485,8136684.912948196
1628840003716425592,447017.96917354653,8136666.89967609
1628840003788229248,447017.7412257345,8136658.657440969
1628840003926526990,446994.25309789175,8135809.308667384
1628840004052221128,446971.06921611563,8134970.927945049
1628840004118434792,446970.96995654696,8134967.338589445
1628840004256334958,446970.9280469564,8134965.82308375
1628840004316320853,446947.9990987917,8134136.629012126
1628840004454458834,446947.5325975632,8134119.759052119
1628840004514320292,446947.5796520436,8134121.460671401
1628840004658324428,446925.28947893425,8133315.332059819
1628840004718326923,446925.2016227855,8133312.154819615
1628840004856437216,446902.64215983485,8132496.255724481
1628840004922205250,446902.4307987419,8132488.611741566
1628840005054308567,446879.49369350483,8131659.020491018
1628840005126367753,446879.266167812,8131650.791582746
1628840005252309471,446878.64718075807,8131628.404698475
1628840005312304002,446856.4096986485,8130824.085658124
1628840005462352376,446856.60597313696,8130831.184582371
1628840005528330512,446856.61994023796,8130831.689749268
1628840005654211793,446834.49579644663,8130031.439141307
1628840005720334180,446834.3149662017,8130024.8985636
1628840005852457165,446812.6753874922,8129242.143176045
1628840005918119641,446812.64451519947,8129241.026492748
1628840006056244800,446791.8289152084,8128488.0498011885
1628840006122324482,446791.746959588,8128485.0852747075
1628840006266242154,446791.41619711294,8128473.120818132
1628840006320472720,446770.661656008,8127722.324777647
1628840006452457088,446770.4249857201,8127713.7635494955
1628840006524199035,446770.2515255708,8127707.4888605755
1628840006657301247,446749.7953898934,8126967.461279121
1628840006729183456,446749.80604702275,8126967.846800036
1628840006855454796,446729.3540108968,8126227.939299849
1628840006921208385,446729.3580531126,8126228.085531832
1628840007059195551,446709.2036963689,8125498.919866853
1628840007125412965,446709.3628071345,8125504.676086114
1628840007257488565,446709.87174140295,8125523.088011637
1628840007317436481,446690.58915806084,8124825.442366054
1628840007455772691,446690.35105089075,8124816.827982582
1628840007521214153,446690.316143212,8124815.565071431
1628840007659326191,446670.3681188761,8124093.818171511
1628840007725244884,446670.3629747653,8124093.632058397
1628840007857349532,446651.15014563384,8123398.459854969
1628840007923308635,446651.40146384673,8123407.55280495
1628840008061301881,446632.9498564923,8122739.899106389
1628840008121321142,446633.1184988857,8122746.000951168
1628840008265185789,446633.33637464384,8122753.884162442
1628840008391393600,446614.28793235985,8122064.615141162
1628840008457433361,446614.2137174375,8122061.929799173
1628840008595168353,446594.1295960977,8121335.159448591
1628840008667170897,446593.85258581745,8121325.135950245
1628840008787203570,446593.29268746264,8121304.876253563
1628840008865431246,446573.3694959517,8120583.90242235
1628840008991344645,446573.3151245377,8120581.934946401
1628840009063314238,446553.817752839,8119876.342399121
1628840009189201840,446554.1818086093,8119889.5165043
1628840009267173109,446554.4036953878,8119897.545928715
1628840009393327876,446534.85370159784,8119190.02617727
1628840009465306929,446535.143173281,8119200.501645624
1628840009585303532,446515.48622916825,8118489.087226249
1628840009669196300,446515.47080100013,8118488.52888942
1628840009795342909,446495.5372463485,8117767.078113056
1628840009867292336,446495.5170434987,8117766.34695811
1628840009987307775,446495.4725972316,8117764.7384172315
1628840010059432065,446475.8729351605,8117055.345462789
1628840010185395608,446475.7517222361,8117050.958535635
1628840010257421695,446475.680463741,8117048.379554225
1628840010395337980,446456.6915203492,8116361.067864394
1628840010461227354,446456.71723132307,8116361.99842418
1628840010587422467,446438.1637643835,8115690.426860475
1628840010659406820,446437.90262287325,8115680.975036932
1628840010785416243,446419.58482334705,8115017.911807718
1628840010857348246,446419.61089992855,8115018.855660195
1628840010989311181,446419.6531366475,8115020.384435336
1628840011067426016,446402.0675349699,8114383.802588873
1628840011187324931,446402.2967080818,8114392.09785149
1628840011271276578,446402.45903909166,8114397.973662546
1628840011403184737,446385.70756700117,8113791.568799007
1628840011463180074,446385.8195794855,8113795.623372544
1628840011589416074,446369.0719231206,8113189.338446084
1628840011661431959,446368.8824256028,8113182.478908646
1628840011793297735,446352.6643825325,8112595.350463489
1628840011865229908,446352.3834495422,8112585.180805314
1628840011991395833,446351.7947760251,8112563.871051266
1628840012069278849,446336.05871307745,8111994.170891311
1628840012189346939,446335.2574350812,8111965.1641158825
1628840012267280713,446334.7954705512,8111948.440686547
1628840012393252464,446318.71869378525,8111366.391002775
1628840012465399751,446318.5674029109,8111360.914015819
1628840012591344345,446303.4263223175,8110812.723539291
1628840012669165665,446303.54456107115,8110817.004095158
1628840012795303134,446289.2013980485,8110297.687659275
1628840012927165967,446289.2153513407,8110298.19281783
1628840013005459224,446289.39233786636,8110304.6003553225
1628840013065327723,446275.3231047456,8109795.187896158
1628840013197289172,446275.2599492813,8109792.90138994
1628840013329207380,446260.741990044,8109267.231026125
1628840013395405207,446260.60319845774,8109262.206032052
1628840013533314523,446260.5569346032,8109260.53103403
1628840013593349961,446246.0496532471,8108735.233117409
1628840013725411423,446245.67808331957,8108721.779964507
1628840013803173831,446230.84076465725,8108184.518014851
1628840013929404461,446230.9237415284,8108187.522373766
1628840013995320768,446230.836358806,8108184.358491366
1628840014127357751,446216.32067916973,8107658.728690756
1628840014199299419,446216.33756783546,8107659.340197175
1628840014331379914,446201.55973453843,8107124.2056876905
1628840014391381325,446201.5773570367,8107124.84378107
1628840014523273437,446201.5601016738,8107124.218981302
1628840014601276644,446187.9512375785,8106631.398252603
1628840014739428397,446188.90833740355,8106666.05468602
1628840014787420631,446175.1485237482,8106167.757176071
1628840014931356581,446174.5640716805,8106146.593762167
1628840014997172332,446174.4458597146,8106142.313222461
1628840015129394621,446160.2275769172,8105627.398926805
1628840015189428363,446160.1882962894,8105625.976512034
1628840015327287564,446147.1828572394,8105154.971162844
1628840015399316698,446147.20745295694,8105155.861833436
1628840015525167713,446147.347318177,8105160.926691591
1628840015597458723,446135.2602490875,8104723.16877918
1628840015723420727,446135.69598810753,8104738.948266177
1628840015807154797,446124.1843455875,8104322.0215473315
1628840015933391107,446124.3998247493,8104329.824879957
1628840016005298986,446124.5037099621,8104333.586963679
1628840016125298784,446113.9470436319,8103951.236978116
1628840016203364528,446113.93676542665,8103950.864757934
1628840016335305903,446103.5784040416,8103575.693423879
1628840016395333319,446103.3867924606,8103568.75417832
1628840016527295577,446102.9932914854,8103554.503467256
1628840016593375330,446093.2763708523,8103202.556120687
1628840016725423059,446093.45292933274,8103208.950327817
1628840016797415903,446084.2254403453,8102874.72340425
1628840016929282225,446083.7779949509,8102858.518546972
1628840016995396118,446083.5247241291,8102849.345986342
1628840017127367134,446074.475784748,8102521.579831583
1628840017271146007,446074.20343132236,8102511.7160082115
1628840017331269117,446066.27590467484,8102224.561768137
1628840017409296100,446066.46309914126,8102231.341483422
1628840017529283692,446066.7930754197,8102243.292393397
1628840017661366286,446059.24627643515,8101969.923633939
1628840017727305742,446058.9684246802,8101959.860411634
1628840017877189369,446052.1128414205,8101711.5234772
1628840017937384033,446052.0405347937,8101708.904647099
1628840018069442783,446045.91917104606,8101487.154863875
1628840018129392183,446045.79107594193,8101482.515414447
1628840018273276637,446045.6618797631,8101477.836084384
1628840018333295478,446040.60855640355,8101294.770573083
1628840018477276073,446040.6360837503,8101295.767589283
1628840018531404061,446040.7384854917,8101299.476489551
1628840018669408630,446036.5059037829,8101146.135376465
1628840018729310314,446036.64757684723,8101151.266685897
1628840018873413828,446032.0215741483,8100983.674909885
1628840018933385698,446031.86522121786,8100978.0118593145
1628840019071287580,446026.5945325133,8100787.063346425
1628840019143308364,446026.8085064894,8100794.813482512
1628840019269259453,446026.9861453234,8100801.247557792
1628840019323315334,446022.9672723288,8100655.643348347
1628840019473358610,446022.8325760661,8100650.764618286
1628840019539174122,446022.7044861893,8100646.125172007
1628840019671434559,446018.55170470424,8100495.668837909
1628840019875318775,446015.33382871404,8100379.071164229
1628840019941266909,446015.1716081623,8100373.195419811
1628840020073319204,446013.11843930953,8100298.778150613
1628840020133319297,446012.9360336634,8100292.171261957
1628840020283140968,446012.60205164657,8100280.074141976
1628840020337357767,446013.42106693354,8100309.692109682
1628840020469408629,446013.6665990968,8100318.5854871
1628840020535155699,446013.7495442163,8100321.589826871
1628840020673250359,446017.13140591496,8100444.036583526
1628840020739280778,446017.24554790533,8100448.170874519
1628840020871398118,446022.9708467171,8100655.496909233
1628840020931357685,446022.8640439716,8100651.6284883935
1628840021075136765,446031.93523879896,8100980.138514856
1628840021141269334,446031.7058478648,8100971.8300486775
1628840021273142317,446031.26064620446,8100955.70497768
1628840021405189196,446040.7115071834,8101297.960614555
1628840021471299262,446040.70049624634,8101297.561808071
1628840021603277196,446051.8465392306,8101701.207168144
1628840021675245084,446052.3981982559,8101721.187379528
1628840021801395048,446065.4410000834,8102193.520695828
1628840021879318342,446065.1737897789,8102183.842984905
1628840022005426708,446064.7759109321,8102169.432767131
1628840022071352964,446078.02032004984,8102649.051123257
1628840022203398622,446078.0588608606,8102650.446947469
1628840022275150257,446078.0294964331,8102649.383462355
1628840022401296255,446093.03968302876,8103192.944077215
1628840022473312005,446093.13181635726,8103196.280763236
1628840022605275813,446108.70696240565,8103760.28713864
1628840022671402379,446108.43018782116,8103750.263782455
1628840022803337555,446124.94404447137,8104348.248806186
1628840022875288322,446124.7377423953,8104340.777812991
1628840023007268723,446124.2803540739,8104324.214009741
1628840023073355279,446141.8391031092,8104960.01956994
1628840023205378451,446141.62031363253,8104952.096591028
1628840023271167446,446141.5634136986,8104950.036084778
1628840023397381116,446160.78305924596,8105645.96890327
1628840023475370481,446160.6934847245,8105642.725265802
1628840023607409003,446181.22692471475,8106386.209697056
1628840023673190221,446181.1039388907,8106381.756339666
1628840023805308729,446201.9560752335,8107136.7534832
1628840023877314479,446201.9953587077,8107138.175899711
1628840023997304783,446202.0761284761,8107141.100494413
1628840024069342911,446223.52718360693,8107917.75340784
1628840024207303621,446223.37665247376,8107912.303023385
1628840024273127037,446223.36306795885,8107911.811159424
1628840024399282518,446245.50216423423,8108713.350233054
1628840024477385395,446245.7426562478,8108722.057560207
1628840024603112643,446268.94775989436,8109562.162004316
1628840024681299681,446268.69000072184,8109552.82987025
1628840024801333587,446292.8110388071,8110426.062649032
1628840024879124532,446292.8826415914,8110428.6549103195
1628840025011391876,446292.95497877244,8110431.273758904
1628840025083385129,446318.2139668237,8111345.664319035
1628840025209269863,446318.33734942286,8111350.130987954
1628840025275230367,446318.4063849364,8111352.63019557
1628840025419034837,446344.21573638794,8112286.908766225
1628840025479257225,446344.05819611746,8112281.20578285
1628840025605392046,446370.7673283021,8113248.0146837365
1628840025671392184,446371.14522234304,8113261.693878355
1628840025815275800,446399.1490264606,8114275.323917914
1628840025881388670,446399.1347032401,8114274.805464049
1628840026007421247,446399.2415765091,8114278.673927522
1628840026133970137,446427.1582627018,8115289.10101612
1628840026205301458,446426.67640636687,8115271.672985584
1628840026343364088,446455.127175187,8116301.443277935
1628840026403700146,446455.5741713133,8116317.674939446
1628840026535384950,446457.24081050674,8116378.188058983
1628840026613265996,446486.86400435754,8117450.37957171
1628840026745384614,446487.7343739093,8117482.19168933
1628840026805376570,446514.2389339625,8118441.493786731
1628840026943154493,446513.16907972074,8118403.181556613
1628840027009410370,446512.45997737494,8118377.777429787
1628840027147300087,446540.0457685265,8119376.64276223
1628840027213174514,446539.62803811335,8119361.820463022
1628840027339337132,446569.6627058609,8120449.369309997
1628840027411359904,446569.31186948577,8120437.0994989835
1628840027549277240,446593.76622513257,8121322.863367028
1628840027609284748,446593.3822370848,8121309.423718475
1628840027741254951,446591.91412499297,8121257.419367957
1628840027813408814,446622.5440976075,8122366.426037706
1628840027939280322,446619.23335352005,8122248.0460508345
1628840027999286576,446617.9667630288,8122202.927524369
1628840028143244241,446646.80837859877,8123248.192109368
1628840028209378425,446645.1297854261,8123188.4505989645
1628840028341326661,446676.0301019354,8124308.241100577
1628840028407122467,446675.18175597914,8124278.516912029
1628840028545245558,446703.38652902213,8125301.330526827
1628840028611353632,446701.3814544636,8125230.116617779
1628840028743340291,446698.2059617803,8125117.892342158
1628840028803357180,446728.12609865866,8126201.52494132
1628840028935366443,446727.7135926341,8126189.615983145
1628840029019254744,446727.2121350786,8126173.465516226
1628840029151358462,446757.2948456426,8127265.382964365
1628840029205357462,446756.73120601475,8127246.400452788
1628840029343292292,446797.041262984,8128708.738834032
1628840029403292188,446797.5163457742,8128727.803641076
1628840029547230717,446841.7226521438,8130331.311518202
1628840029607251999,446845.4988524786,8130469.941466411
1628840029745352274,446852.4669798241,8130726.942228282
1628840029805351776,446893.84071067884,8132225.575501118
1628840029949250728,446907.15046649013,8132712.255336188
1628840030009224422,446915.05960440263,8133000.641429536
1628840030141170072,446963.01453986095,8134740.058910391
1628840030219334261,446974.7192895845,8135166.649718284
1628840030351248411,447025.27487337147,8137000.257962888
1628840030477290903,447044.72252469,8137709.28116255
1628840030537361285,447085.88272683683,8139200.106256417
1628840030687119674,447107.4134326117,8139985.15947918
1628840030747255472,447116.62199970795,8140320.993847742
1628840030879260474,447149.1916613596,8141505.598650326
1628840030939256634,447156.03548186366,8141756.05957645
1628840031089339720,447192.3522757838,8143076.690389849
1628840031149356256,447195.4447793502,8143191.659303092
1628840031287125502,447201.1872652163,8143406.243084421
1628840031341294472,447232.4182646092,8144538.722249084
1628840031491342928,447232.8930366302,8144564.319673798
1628840031539371221,447278.82828243606,8146227.443657394
1628840031689163127,447275.8909537883,8146129.406413495
1628840031743363221,447274.66967885423,8146088.795858951
1628840031887236204,447335.29348460626,8148288.074968839
1628840031953368730,447339.0785901111,8148429.061596128
1628840032085346895,447390.8149374664,8150306.588049044
1628840032145340819,447390.5227043539,8150299.731141934
1628840032283282089,447389.10596297117,8150257.2632616535
1628840032343282631,447435.9160311939,8151952.5273187645
1628840032487348046,447435.58188528544,8151949.383454746
1628840032547365344,447473.3598025784,8153318.2529637525
1628840032691233211,447472.58663585136,8153299.408884172
1628840032745271953,447472.57740175806,8153303.001297673
1628840032883349684,447510.858710339,8154695.526764001
1628840032943326860,447511.2378911608,8154713.224296851
1628840033087358310,447543.81447448407,8155899.526062156
1628840033147273200,447543.78859549237,8155902.639989121
1628840033279238115,447547.1469210298,8156032.789649407
1628840033351225432,447579.3144494033,8157199.67305631
1628840033489343063,447575.9991083882,8157089.651534476
1628840033555298932,447591.7270152696,8157662.513206009
1628840033681209780,447582.8789380641,8157351.403432476
1628840033747324875,447580.6628449832,8157276.348513792
1628840033879363247,447554.5580841536,8156342.954345449
1628840033951371994,447545.1853648536,8156009.501525365
1628840034089265832,447548.5449951979,8156141.167854181
1628840034149262613,447538.0735193943,8155767.386861343
1628840034287336311,447537.6490960384,8155762.5957530225
1628840034353144319,447527.1155286583,8155386.647992911
1628840034491288155,447500.7031951582,8154443.278916769
1628840034545239332,447527.9093410339,8155430.104512362
1628840034683227599,447496.3435655209,8154300.804103854
1628840034749343459,447482.4587360979,8153804.738607084
1628840034881315183,447483.98130430037,8153870.126982656
1628840035019089884,447455.93025435915,8152867.201256114
1628840035091146293,447479.7501924323,8153733.502568764
1628840035211376903,447459.45078419364,8153010.77677634
1628840035283356308,447450.69698196807,8152700.284236741
1628840035421364632,447442.36179246893,8152409.896259032
1628840035493261231,447429.16059633455,8151939.649513331
1628840035613266093,447414.1734291075,8151408.505535113
1628840035691222130,447399.5992328566,8150887.913943032
1628840035817352065,447401.0106416482,8150950.178735308
1628840035883247405,447388.56774203497,8150506.666429694
1628840036015722277,447362.2088542727,8149565.6279243035
1628840036087211750,447382.2229175726,8150294.985074327
1628840036231098260,447355.4097552116,8149338.592904991
1628840036285633421,447342.3747582739,8148872.972629713
1628840036417278397,447356.90729913197,8149409.98194515
1628840036489231500,447339.3659593193,8148782.560477927
1628840036627364326,447353.3439215533,8149300.387079421
1628840036693197115,447339.0017347984,8148787.719299589
1628840036807346754,447369.4507588588,8149899.00490722
1628840036885828549,447352.5777571799,8149296.882662097
1628840037023203274,447321.3012892191,8148179.154655448
1628840037095146893,447364.52070356044,8149747.339877493
1628840037221329036,447345.6365966384,8149077.554781587
1628840037287338017,447382.07610260736,8150400.837802315
1628840037425211142,447366.40752663644,8149847.428740334
1628840037491209406,447358.5001977521,8149568.630907236
1628840037617343246,447370.9808964741,8150032.510635277
1628840037695108162,447360.6757196733,8149667.2083837995
1628840037821269273,447398.3464619596,8151041.213738519
1628840037893223901,447392.32512354356,8150830.760630783
1628840038025061420,447382.06181463384,8150473.226665438
1628840038091354027,447423.71843230585,8151985.207662581
1628840038223305843,447412.65448358556,8151598.931685732
1628840038289271524,447454.3981254874,8153114.224452768
1628840038415228078,447455.3930366881,8153162.637824152
1628840038493392013,447456.4520344651,8153209.253343984
1628840038619225072,447496.1142406693,8154654.665023402
1628840038691366777,447496.5019535921,8154677.165175406
1628840038823249342,447540.45089746936,8156278.512981897
1628840038889164167,447546.77517514746,8156513.338830075
1628840039021091890,447556.75767797197,8156887.871989707
1628840039093248695,447603.3686715065,8158579.804851545
1628840039225263008,447619.8872539057,8159190.449676883
1628840039351206103,447672.9605251171,8161119.995944858
1628840039429174885,447681.2404756477,8161427.763068386
1628840039489205944,447687.17434263125,8161648.644428305
1628840039627236882,447742.4151662026,8163658.686115062
1628840039747261230,447748.7657785158,8163901.408835584
1628840039825307060,447815.1757714093,8166307.843250717
1628840039957323579,447830.6277147174,8166880.284541329
1628840040023067816,447840.59698575805,8167246.918431235
1628840040155262581,447929.1282660912,8170457.920515224
1628840040227263168,447950.6617961767,8171242.980681889
1628840040359076543,448031.7543504549,8174182.933371141
1628840040419315646,448051.725737417,8174911.581423626
1628840040551323554,448130.68163066223,8177775.293811838
1628840040623086644,448147.7374891581,8178398.725740837
1628840040761203575,448178.0160729745,8179507.335716823
1628840040821221243,448236.904053814,8181638.35114016
1628840040959382689,448255.99385929725,8182342.108523143
1628840041025136492,448262.8714656531,8182598.397731126
1628840041163210382,448360.28069394885,8186128.160008172
1628840041229195960,448368.7665233401,8186441.24960899
1628840041355092597,448475.97057211335,8190322.062170239
1628840041433290689,448494.32675361255,8190993.28158134
1628840041559238201,448589.2397284457,8194430.18352474
1628840041625208568,448604.39878235623,8194983.673513719
1628840041751308888,448638.91844468575,8196243.176748659
1628840041823295091,448718.1154629341,8199105.827918621
1628840041955308721,448751.87377139425,8200337.48953107
1628840042021086839,448767.24656735774,8200898.3936835965
1628840042153247850,448886.66160329373,8205217.2819696255
1628840042225486519,448907.9430466159,8205991.986892063
1628840042363084207,449011.13418766274,8209724.136707401
1628840042423209002,449032.83787901915,8210512.663207912
1628840042555247230,449144.143044605,8214537.041512355
1628840042627213270,449168.4855919842,8215421.470038679
1628840042753554505,449209.9991549149,8216930.820932923
1628840042825504475,449293.70621582365,8219952.492976406
1628840042945222347,449323.9744108706,8221055.562408725
1628840043029200874,449339.86718912853,8221636.628627244
1628840043167494403,449438.725719739,8225210.648219943
1628840043215458539,449453.69313394773,8225754.916860845
1628840043359470360,449546.99155462626,8229128.218257062
1628840043425272016,449563.2945377956,8229722.758274729
1628840043557526548,449647.29088397487,8232759.664333466
1628840043617759072,449661.33545337815,8233271.776637786
1628840043761552056,449693.13624762715,8234431.891216449
1628840043827273687,449770.5242694678,8237223.66039104
1628840043959242011,449799.9079220394,8238295.615375688
1628840044103558867,449910.44440215,8242287.3567159055
1628840044157189236,449927.1980073306,8242895.691347474
1628840044301295471,450021.54302825447,8246305.838775754
1628840044361247602,450038.21816932276,8246912.529325331
1628840044493198653,450067.4167924466,8247977.914863525
1628840044553178015,450154.29343917477,8251108.205243067
1628840044697124969,450198.223355172,8252704.184918165
1628840044769216610,450218.78259726084,8253451.643223877
1628840044895185441,450297.4344682783,8256294.484714258
1628840044955199951,450309.2728476933,8256727.281797651
1628840045093480095,450367.339706516,8258831.392828836
1628840045153430207,450381.1201338514,8259333.941438882
1628840045297188986,450484.1693128861,8263053.834131351
1628840045351622478,450519.0248323395,8264313.355671817
1628840045495437291,450599.6943305991,8267228.35463932
1628840045555434655,450641.08347115025,8268722.637597635
1628840045693246203,450697.95377621194,8270782.492294255
1628840045759070471,450716.74238067766,8271464.689923639
1628840045897194244,450791.41511400166,8274163.844616055
1628840045963415272,450814.43316968554,8274999.033545427
1628840046095240502,450923.8917371933,8278945.004579975
1628840046161112707,450951.6757969137,8279949.833827794
1628840046299203393,451038.7453198707,8283092.749489684
1628840046365414390,451064.8444634108,8284038.19047253
1628840046497444208,451114.500428142,8285836.445727629
1628840046557418882,451160.91462011816,8287509.686159631
1628840046701178636,451176.4983240897,8288086.400502799
1628840046767083508,451171.1463820663,8287901.905172368
1628840046899404670,451232.7257061663,8290129.070707519
1628840046959414804,451225.747622883,8289886.242816676
1628840047097237479,451332.93044859264,8293749.310102398
1628840047157231760,451334.5421675729,8293814.678418991
1628840047307198475,451389.5625908154,8295806.168676375
1628840047361431429,451380.7992463025,8295499.466414128
1628840047499243214,451355.44807957433,8294607.9681063
1628840047559536780,451418.810518377,8296888.44542042
1628840047703178869,451416.1871163951,8296812.195990707
1628840047763165256,451420.1089476993,8296960.523809975
1628840047901514860,451481.9116949511,8299195.096776223
1628840047973502669,451498.90666783525,8299813.550908081
1628840048093489015,451554.33694061753,8301816.796400666
1628840048231051073,451619.4084916256,8304166.649263969
1628840048303477815,451634.1488415632,8304705.698722704
1628840048423509550,451655.65688921185,8305492.373520498
1628840048501160600,451672.08923984494,8306090.551381278
1628840048633371135,451703.98813042964,8307252.335942186
1628840048705459806,451719.15079113515,8307804.933715908
1628840048825456384,451752.1221882415,8309002.456459381
1628840048903219387,451760.2869060377,8309305.512790316
1628840049029139647,451775.3497812344,8309861.0082784295
1628840049095499609,451804.58146893926,8310917.856023571
1628840049227198157,451830.776118933,8311873.507040278
1628840049299454429,451869.6134846221,8313274.628895836
1628840049425736769,451909.30203245947,8314713.763924341
1628840049497487109,451933.62488240725,8315594.430260164
1628840049629190872,451961.56759411795,8316612.7076319065
1628840049695600572,451982.006583013,8317354.135423451
1628840049827500812,452015.9795523435,8318588.3838
1628840049899482593,452025.2413888192,8318929.330856079
1628840050031162876,452038.68751417066,8319428.0284438785
1628840050097490691,452075.3251766896,8320749.848625135
1628840050235064879,452091.2674278108,8321337.931140193
1628840050307454147,452135.0802544645,8322918.008556585
1628840050427437833,452154.01873897715,8323612.0718998145
1628840050499459096,452167.145099768,8324091.386437067
1628840050631442368,452220.1196634393,8326005.792358854
1628840050703436742,452237.61961138365,8326641.646252755
1628840050823439271,452283.8859407495,8328314.329380954
1628840050901451185,452287.23267493036,8328444.636923051
1628840051033160881,452275.204216697,8328030.943036194
1628840051105167760,452340.9911616286,8330395.938794366
1628840051231474639,452340.9687464668,8330412.126468961
1628840051303476800,452408.541996927,8332840.846898746
1628840051435168834,452425.40112047404,8333461.459682258
1628840051501468180,452433.59988032223,8333764.181396692
1628840051633428472,452477.1184351461,8335339.321985039
1628840051705421630,452488.1704279999,8335744.163473831
1628840051837173046,452559.4816779904,8338313.9627378965
1628840051903417575,452587.55636396335,8339327.979303493
1628840052029547046,452646.0910295117,8341438.587263898
1628840052107421724,452685.76557651727,8342869.00445688
1628840052233443693,452742.4962368563,8344915.997333946
1628840052305419919,452767.3190532244,8345813.539026052
1628840052425423236,452809.22219588375,8347328.401068061
1628840052557403128,452873.6373426915,8349650.023984221
1628840052635461501,452902.6400910618,8350697.921439637
1628840052707462425,452929.1691252468,8351655.977059256
1628840052827422286,453001.60755333066,8354262.56130346
1628840052965411092,453058.73603430873,8356323.8849827945
1628840053037400339,453088.1233549471,8357383.9124626415
1628840053169518422,453159.0273895311,8359936.220091456
1628840053229479627,453187.362122691,8360957.111986246
1628840053367392113,453272.4124276785,8364016.105103415
1628840053439364422,453305.220377104,8365197.991378867
1628840053571445597,453391.54645961645,8368300.597562189
1628840053637414149,453421.24702274817,8369371.151274086
1628840053769153226,453460.89085822226,8370803.415489069
1628840053841411983,453534.2014874177,8373433.84470605
1628840053973373871,453576.18160913244,8374950.512178495
1628840054027055835,453594.52430679137,8375612.273955745
1628840054165178497,453712.13720816205,8379832.341202463
1628840054243170236,453747.0315942883,8381088.986907995
1628840054369385052,453852.3658831819,8384868.107766748
1628840054435411678,453875.6466373458,8385707.12931859
1628840054561415401,453979.4960068171,8389432.238798387
1628840054633460644,454001.06442663434,8390211.124153718
1628840054765529710,454033.5570027274,8391387.379999174
1628840054831421326,454138.97077894316,8395159.833758593
1628840054963454002,454211.641359069,8397769.895122034
1628840055035298291,454254.1892610162,8399297.112867992
1628840055167436101,454358.8776208655,8403049.488513777
1628840055233532881,454408.53850722866,8404830.117850645
1628840055365424059,454495.69918420643,8407955.931744486
1628840055437455638,454536.52728821407,8409420.94524922
1628840055575500911,454650.1637236415,8413491.563103525
1628840055635387398,454687.44773289846,8414828.534304762
1628840055773041813,454764.42062181706,8417589.12248448
1628840055839481863,454869.1018224483,8421330.529621635
1628840055965409855,454940.21588674583,8423881.25407948
1628840056037047903,454973.52349489933,8425075.693421643
1628840056169415715,455105.56267680466,8429799.240712624
1628840056235402463,455148.03320778307,8431321.11977699
1628840056373337009,455266.2084695668,8435547.995386135
1628840056439447399,455299.356976783,8436737.285908224
1628840056571409008,455426.5504761023,8441284.446194176
1628840056643439047,455462.8147816055,8442584.398219602
1628840056775039585,455537.4483218112,8445257.929949332
1628840056841401355,455654.5617962635,8449437.609130353
1628840056967508447,455752.97864123934,8452957.387918158
1628840057039435598,455838.90949322784,8456025.442838864
1628840057171474889,455946.0266483226,8459854.021733278
1628840057309455099,456092.4177751734,8465081.307941888
1628840057369490000,456138.6366256029,8466733.17511229
1628840057513592923,456242.9252522413,8470460.577585898
1628840057573408002,456340.89458804444,8473953.672389584
1628840057711476519,456449.207779469,8477823.147029776
1628840057771012888,456487.7447749456,8479199.747771198
1628840057915409285,456646.6433181199,8484868.75812077
1628840057975442086,456691.0845139837,8486456.061936107
1628840058113464129,456872.63997577806,8492927.939864205
1628840058167554928,456915.4311343204,8494454.934299674
1628840058305470284,457077.2251016161,8500222.428279867
1628840058383300379,457133.5250621114,8502231.357624518
1628840058503575488,457238.37656150025,8505972.236869602
1628840058575446072,457320.23983514647,8508889.153473562
1628840058713443714,457432.99021326675,8512910.760717757
1628840058779066640,457483.9925205187,8514729.337980445
1628840058905424908,457633.35647260793,8520049.575872017
1628840058965380771,457686.74357413565,8521952.335409872
1628840059115457540,457832.50263424503,8527145.075131966
1628840059175425813,457876.2576980634,8528705.29530329
1628840059307421469,458001.75815739005,8533175.325167188
1628840059367461088,458043.76733655843,8534673.158420088
1628840059511479619,458150.49976403033,8538476.882021014
1628840059577379196,458242.96186194866,8541764.813413883
1628840059709493664,458340.6454841604,8545246.294914305
1628840059775297211,458379.65279015584,8546636.82617889
1628840059907438109,458508.51574500464,8551224.168545922
1628840059979404347,458552.30129078624,8552784.918688815
1628840060117028835,458667.6075267423,8556889.297907775
1628840060171451509,458704.1215930293,8558190.743311068
1628840060309390138,458855.6224196797,8563578.363545159
1628840060387035909,458902.8649341767,8565260.88206967
1628840060513426128,458986.9357670129,8568255.28154449
1628840060573410191,459140.95693639724,8573721.735094674
1628840060717297401,459237.2243373372,8577148.396238105
1628840060777044966,459274.40774798737,8578472.429464536
1628840060921028351,459456.40642601193,8584936.35689103
1628840060975406886,459496.05514216213,8586347.312801031
1628840061113577739,459679.4361192382,8592858.074569635
1628840061173383511,459725.4560587348,8594494.223572006
1628840061311524785,459901.04376415437,8600726.873646874
1628840061521261882,460073.4787745095,8606852.41597417
1628840061641369616,460201.75879468676,8611405.584392238
1628840061713419531,460267.73767536704,8613748.899477167
1628840061845305699,460396.53361390554,8618320.200227227
1628840061917344746,460453.6918222956,8620349.744465306
1628840062043548868,460561.94469217514,8624193.065577753
1628840062109363237,460605.99574687105,8625757.418865105
1628840062247405862,460708.0364873004,8629380.772397835
1628840062319468073,460783.1341644636,8632044.024651615
1628840062439408438,460868.7049744277,8635081.964693226
1628840062523276567,460928.07726073544,8637189.233424252
1628840062649426501,461057.44887122954,8641776.25044269
1628840062721013622,461106.2252919516,8643507.34878667
1628840062841469713,461168.272666274,8645712.003442887
1628840062919435033,461204.8371535667,8647011.977739774
1628840063051404030,461316.29016487696,8650963.67033274
1628840063117416041,461355.34143959405,8652350.262179941
1628840063237438620,461421.2548337084,8654690.58158603
1628840063309477852,461478.74077631853,8656728.514420453
1628840063441459560,461541.7608589199,8658966.99209967
1628840063519440553,461573.33831692225,8660088.951963114
1628840063645361983,461667.09554718237,8663412.919155275
1628840063711406329,461693.66241128254,8664357.602505129
1628840063843416626,461776.113495432,8667281.643087365
1628840063927019802,461798.3946083493,8668074.775334861
1628840064041429207,461894.3687801148,8671475.997604962
1628840064113401819,461926.3753696811,8672612.447988778
1628840064245445895,461993.9375668535,8675009.688022712
1628840064443476845,462075.4828695788,8677906.528667828
1628840064515589871,462105.5914219739,8678975.704208352
1628840064647377823,462160.9675716457,8680942.341245746
1628840064713448059,462186.56071559194,8681852.004857693
1628840064845435841,462200.69124646025,8682362.39986713
1628840064917385259,462221.002240983,8683085.580102302
1628840065043378200,462201.68186937575,8682414.764998473
1628840065115389478,462212.9717696946,8682819.475976538
1628840065247435019,462229.0530899788,8683398.613328287
1628840065319356657,462246.18204312277,8684009.298236042
1628840065445400297,462250.5310069979,8684174.220761146
1628840065523007347,462253.0499147924,8684269.286449892
1628840065655009081,462258.2453893605,8684464.045120424
1628840065715736427,462259.80395342817,8684525.211845217
1628840065847442335,462275.2039269734,8685080.212155776
1628840065919143187,462279.73574344977,8685246.334128464
1628840066051378937,462297.20967765374,8685874.851489943
1628840066177397043,462298.97253972,8685948.576759059
1628840066255355312,462296.8173968701,8685878.70908296
1628840066321436182,462311.89779103646,8686417.188352859
1628840066447367983,462299.4607764735,8685989.689648042
1628840066579038207,462316.316928551,8686595.119289264
1628840066783393995,462299.52646345226,8686020.712508991
1628840066849025466,462306.3557087674,8686266.933333568
1628840066986972274,462291.0065124729,8685737.192836206
1628840067053394228,462299.9921740621,8686060.495076863
1628840067179643143,462281.02732214314,8685402.19303715
1628840067245377912,462269.7818311792,8685010.36386788
1628840067383290852,462292.78884863085,8685834.582048828
1628840067455369031,462279.3780668598,8685367.155620895
1628840067581368408,462291.24951728736,8685797.398660889
1628840067779025072,462297.61856650165,8686038.055760982
1628840067857359958,462279.02314503025,8685388.63408504
1628840067977323681,462304.1684199126,8686286.041375415
1628840068043570593,462248.7616198338,8684336.195535319
1628840068175424812,462229.3048974029,8683660.206348872
1628840068247341251,462210.2118606615,8682992.086415436
1628840068385388789,462157.8884604902,8681156.799172878
1628840068445356097,462135.0753070699,8680356.45521045
1628840068583011601,462149.25882893556,8680867.806550713
1628840068654989372,462134.19945590803,8680341.979243534
1628840068787341591,462107.03681198607,8679394.688195977
1628840068847304293,462117.1382852801,8679756.089494815
1628840068979388929,462105.7699552951,8679365.482971327
1628840069057351888,462081.6505716576,8678520.796162572
1628840069189331735,462067.5557299902,8678033.97254688
1628840069249388907,462061.0193048896,8677808.19478289
1628840069381313896,462037.8445607372,8677000.788668698
1628840069453045203,462022.7923228375,8676475.221931258
1628840069591350656,461992.0603157838,8675401.992949894
1628840069651316130,461977.88736356684,8674906.647718206
1628840069783536870,461946.30568610434,8673802.57240231
1628840069849433376,461945.3747968094,8673775.63368661
1628840070053512869,461911.17584452947,8672585.174699558
1628840070179391836,461876.5361381162,8671373.240876898
1628840070251396549,461856.1367634805,8670658.985656051
1628840070389400479,461827.2753786437,8669651.935491463
1628840070455397837,461809.2851385541,8669021.881749045
1628840070581398606,461777.24585111876,8667901.858655592
1628840070659261098,461758.8458110026,8667258.201613387
1628840070791399475,461746.41847263597,8666831.586041775
1628840070923616893,461706.78056609153,8665443.288125766
1628840070977311174,461690.49721072835,8664872.680880675
1628840071127343034,461635.24133706366,8662934.535248311
1628840071193297217,461615.1790295096,8662231.327652011
1628840071325255137,461568.72031092417,8660602.17345547
1628840071385400934,461543.0185538917,8659700.65677617
1628840071523131652,461493.9459759779,8657979.012354903
1628840071583359820,461483.9079057612,8657630.850263089
1628840071727374519,461439.7408105803,8656083.24885179
1628840071787460052,461427.2049777226,8655645.765532695
1628840071925353567,461360.2914379769,8653294.912040869
1628840071991236974,461343.098300443,8652692.90481914
1628840072129407894,461306.57147741545,8651415.011667622
1628840072189373415,461280.92127735505,8650514.230660345
1628840072327245247,461235.3687794171,8648916.725451354
1628840072387459028,461201.21809749736,8647716.454400001
1628840072525540478,461139.1131303673,8645533.825422293
1628840072579380418,461136.57519487175,8645449.629562164
1628840072729401378,461081.1448736682,8643504.531448178
1628840072789374807,461068.3086292002,8643056.48584128
1628840072921362518,461020.2505684155,8641370.053391539
1628840072987125518,460997.1881115687,8640560.51278981
1628840073131381919,460934.86351049325,8638371.750907449
1628840073191414925,460913.7411343074,8637630.706009746
1628840073323504790,460881.8390005158,8636515.112804605
1628840073593337497,460809.24836929876,8633974.106716966
1628840073725354894,460788.9427359314,8633268.176967647
1628840073785534434,460777.83835136675,8632881.147696037
1628840073923329927,460733.0168282718,8631309.791884206
1628840073995392195,460707.57901493704,8630417.068210488
1628840074127373998,460692.1437278264,8629883.455465278
1628840074181647192,460668.28935119865,8629045.767654622
1628840074385338260,460624.7257869475,8627524.385747634
1628840074529125949,460547.713335136,8624814.949368482
1628840074655192668,460545.5345180749,8624749.00452475
1628840074727327554,460534.53216598346,8624367.374607705
1628840074853300587,460574.1635374141,8625780.61176352
1628840074925319680,460594.7619027115,8626515.177776873
1628840075129320094,460685.51153304835,8629741.408294596
1628840075261225269,460701.0660012704,8630303.213050624
1628840075327308981,460672.343427993,8629294.736797292
1628840075465362156,460578.5137208919,8625991.344917193
1628840075525248557,460538.00677600014,8624564.161114434
1628840075657373740,460613.67545011535,8627252.034384692
1628840075729360189,460583.86462767835,8626204.834720787
1628840075849315852,460680.9882191024,8629648.871371426
1628840075927371491,460669.52615017776,8629251.215769725
1628840076059339102,460688.9544740586,8629950.0648074
1628840076119361258,460677.2330685351,8629541.413134983
1628840076257369596,460637.7668115703,8628159.677313602
1628840076329332442,460680.8344703705,8629688.43715022
1628840076449382735,460652.4958499025,8628698.137353668
1628840076533290359,460634.88147861493,8628083.101692142
1628840076737244276,460683.74888249027,8629829.01902918
1628840076863342628,460683.35751964385,8629827.566097682
1628840076929329220,460691.2686462046,8630113.701828633
1628840077067331666,460676.95459944574,8629620.078049108
1628840077133423359,460688.5109287128,8630035.003022067
1628840077253393003,460712.1485573613,8630881.501499012
1628840077325375457,460720.1107603608,8631169.53918437
1628840077463477670,460741.0071502933,8631920.981937848
1628840077529146221,460750.1026499546,8632247.956978614
1628840077655971522,460735.35668395215,8631739.03922339
1628840077734227498,460723.9076810314,8631341.918421917
1628840077866229005,460740.8689477473,8631953.320463644
1628840077938094918,460721.57610238786,8631278.08048053
1628840078053484316,460738.36705653515,8631882.63975332
1628840078137361329,460722.5305588648,8631330.418354576
1628840078263619798,460702.48525299807,8630634.018413052
1628840078335232037,460729.83753135125,8631606.968895998
1628840078467488160,460723.5891414678,8631398.045508517
1628840078533233436,460723.08141051454,8631385.569231521
1628840078659338573,460710.16355777154,8630941.03629136
1628840078737257922,460685.91640446614,8630091.560470544
1628840078857328681,460668.8047413984,8629497.824633617
1628840078929207173,460637.88099886687,8628411.446265431
1628840079061308320,460651.8906000474,8628918.29758868
1628840079127370190,460626.65325828374,8628032.843015945
1628840079259233423,460590.51840932,8626767.705259264
1628840079391232759,460565.21569134283,8625885.388032576
1628840079457602893,460557.04778332176,8625603.093352556
1628840079535101058,460549.82835968095,8625354.320816377
1628840079662024590,460528.566131253,8624614.646785753
1628840079794013293,460471.6617207307,8622615.414537268
1628840079872226291,460465.16432407044,8622392.974022767
1628840079997963008,460473.04012991826,8622682.057374889
1628840080052207701,460411.0782156813,8620497.72176872
1628840080190114325,460384.2295044048,8619561.287240386
1628840080267961328,460369.07658001594,8619031.945691155
1628840080400246987,460316.05713154166,8617170.508847125
1628840080454218954,460304.5571304089,8616768.425543133
1628840080599351949,460288.08498753665,8616198.602916123
1628840080665333756,460275.0150689764,8615742.72926964
1628840080791242622,460266.6542951935,8615458.598557897
1628840080869305634,460262.20634091523,8615307.407475412
1628840080995215795,460247.90641546855,8614813.075881002
1628840081061440932,460282.58606846747,8616044.806308525
1628840081194287435,460234.29632105294,8614348.377405714
1628840081266077554,460213.1939355762,8613607.80232357
1628840081397956454,460226.4308844606,8614085.274477242
1628840081464218036,460217.21114019514,8613764.19926889
1628840081603421797,460198.0066464954,8613094.817182254
1628840081669111100,460174.37619064236,8612263.28068316
1628840081795285295,460181.21235277836,8612513.356298815
1628840081867249386,460159.85789887083,8611762.634452298
1628840081999198863,460112.9866059109,8610113.223929318
1628840082065308620,460221.6523016511,8613958.458348896
1628840082197398575,460212.8551108117,8613655.428206705
1628840082269294237,460206.6846286594,8613441.224634787
1628840082395228922,460195.976486157,8613069.580858016
1628840082467167260,460175.26745662227,8612341.372614916
1628840082587411246,460184.89418441255,8612687.932732807
1628840082671302622,460168.28335844056,8612105.095982805
1628840082797214516,460181.5684487784,8612581.448363049
1628840082857276100,460166.61367150117,8612055.99643368
1628840082989494856,460134.36871016154,8610923.002814658
1628840083067413274,460186.39232608164,8612766.004191242
1628840083199274262,460166.7751468432,8612079.312548794
1628840083259593477,460158.80216942134,8611800.578304848
1628840083392089033,460188.2209633583,8612846.967665862
1628840083463962286,460192.37710215605,8612997.43144573
1628840083602185671,460192.58734129067,8613011.899037013
1628840083734088682,460173.1692577711,8612332.032496072
1628840083799937299,460189.70834342774,8612919.559456272
1628840083865987865,460194.7772125784,8613102.201878984
1628840084004209249,460205.7114007714,8613495.669365672
1628840084136088481,460175.9464211574,8612449.994742233
1628840084196086403,460158.29269429296,8611829.02072351
1628840084334061880,460154.248522556,8611693.047378263
1628840084400488604,460144.84226094285,8611364.075723233
1628840084537938447,460129.4516355041,8610826.558628881
1628840084598089153,460129.74429556006,8610839.872641198
1628840084737267835,460096.4211825997,8609668.919935916
1628840084804123381,460134.5195702299,8611019.082755512
1628840084942087189,460131.5948288254,8610922.089768726
1628840084996212528,460138.3504581412,8611163.796098486
1628840085134160604,460129.775261162,8610867.601031577
1628840085211947328,460119.53429597226,8610508.990773851
1628840085340082381,460113.5937225027,8610305.26860121
1628840085400080881,460100.7021209332,8609852.452681469
1628840085538195064,460103.5619500464,8609960.211072514
1628840085598061438,460102.31286628416,8609918.895423587
1628840085736160204,460097.5655209658,8609757.605177823
1628840085796177120,460098.4205516963,8609790.567280315
1628840085940080969,460063.57242881355,8608565.128348554
1628840086000072568,460044.93769030884,8607909.121170193
1628840086138197696,460075.451515202,8608993.986454658
1628840086198197456,460077.31960527657,8609062.66111382
1628840086342060496,460058.8319169205,8608415.320355603
1628840086407943739,460042.71466145164,8607848.152507061
1628840086540080210,460049.11032972654,8608080.172969308
1628840086600205408,460030.18138998165,8607413.537135467
1628840086744076774,459994.1685237957,8606146.216497824
1628840086810117905,460001.23701240914,8606398.886465026
1628840086947947968,459978.5321920118,8605601.258465452
1628840087002057305,459972.5272398635,8605391.180407783
1628840087140199260,459986.32076140516,8605884.046069032
1628840087200180099,459979.5936649682,8605648.312132727
1628840087344078321,459975.45957292925,8605506.82531245
1628840087404078260,459964.4142832969,8605118.254007293
1628840087535930282,459949.13625794905,8604582.066763086
1628840087602162494,459976.2453626937,8605542.437762393
1628840087734203149,459981.5229723336,8605732.533080725
1628840087806057467,459974.9762186147,8605502.91950372
1628840087937938840,459966.89485012845,8605220.429720908
1628840088005225599,459960.5526026309,8604997.867495405
1628840088143079201,459974.4444599002,8605491.82823855
1628840088269079095,459963.1978033518,8605097.137196671
1628840088347239649,459970.5872842383,8605359.879432896
1628840088473138835,459966.6325096732,8605222.61315275
1628840088545131850,459968.9812125005,8605306.98192119
1628840088671010955,459957.9570312604,8604919.617853886
1628840088743131344,459949.7961777144,8604632.458990715
1628840088869258453,459946.39642377273,8604514.501637703
1628840088947094833,459937.10125543945,8604187.38494219
1628840089067152079,459932.70077402703,8604033.741432983
1628840089145326917,459919.9791865518,8603585.470841309
1628840089270966629,459905.50896002614,8603076.10868256
1628840089349096776,459909.73180635745,8603226.59958173
1628840089481146882,459893.0662206673,8602639.768572021
1628840089541072804,459883.0020002534,8602285.048055718
1628840089667627210,459874.3986163131,8601983.00620155
1628840089739313972,459864.6446898116,8601639.42659109
1628840089871174148,459871.3095518491,8601877.191290703
1628840089949123254,459862.3042683935,8601560.238276854
1628840090069299582,459863.5808615936,8601607.332318129
1628840090141257253,459849.38481444796,8601106.683705546
1628840090273187941,459820.02724086127,8600071.042401139
1628840090351075302,459823.2852594014,8600187.567730658
1628840090477072698,459796.655349406,8599248.041492254
1628840090543119166,459813.6746705907,8599850.880128898
1628840090681186784,459812.73679355386,8599819.94685777
1628840090747095761,459818.71668554697,8600032.29570358
1628840090873085364,459800.6220404117,8599394.370259013
1628840090945060489,459786.7026887699,8598903.128899843
1628840091083369339,459782.15405940235,8598744.021816414
1628840091143275688,459767.92110386014,8598241.44371809
1628840091268982419,459743.49654001597,8597379.132542802
1628840091347166828,459769.8049624431,8598310.094167229
1628840091473273026,459775.02942888293,8598496.019437801
1628840091545298065,459767.2973671195,8598223.26147564
1628840091670945759,459764.89762339223,8598139.272173537
1628840091743106955,459760.5464612098,8597985.920660643
1628840091875116186,459756.07286101556,8597828.37035029
1628840091947078516,459749.4408380962,8597594.182098383
1628840092067300300,459753.7436940954,8597746.679844052
1628840092145125501,459746.2738238844,8597482.753348611
1628840092277065107,459734.2628303956,8597058.257463325
1628840092349050450,459749.90642861417,8597611.304096818
1628840092475259531,459748.08815607376,8597547.165192986
1628840092607289514,459766.9370305456,8598213.406465124
1628840092679180906,459758.44176577573,8597913.092495618
1628840092751023105,459750.2767272298,8597624.452766413
1628840092871058290,459810.2448977703,8599744.376282638
1628840093009302643,459810.4139615088,8599750.397099018
1628840093069241775,459830.43780062237,8600458.16309719
1628840093207130786,459830.741469993,8600468.908093113
1628840093279069848,459830.6185652774,8600464.567879643
1628840093411208813,459850.60790756944,8601171.208912585
1628840093471248250,459850.62174853083,8601171.702613957
1628840093609104871,459869.5544245696,8601840.980824599
1628840093669103981,459869.4504143804,8601837.30385448
1628840093801086382,459888.6314268474,8602515.355880128
1628840093879253174,459888.386005487,8602506.685412515
1628840094016945664,459888.23771910183,8602501.45255071
1628840094083111634,459907.18435609725,8603171.2034038
1628840094203053424,459907.04962901305,8603166.449277204
1628840094281115652,459906.99832620553,8603164.640715778
1628840094418929586,459926.43394637003,8603851.669638827
1628840094473249856,459926.5691536063,8603856.453699004
1628840094605123391,459943.43354397756,8604452.569174409
1628840094671066043,459943.4952386216,8604454.750093343
1628840094803233898,459959.61333492433,8605024.478658577
1628840094875243855,459959.61179734004,8605024.425466342
1628840095007159129,459959.57748519286,8605023.221978568
1628840095073099071,459976.05664464977,8605605.70048121
1628840095217038911,459975.9269564913,8605601.125875317
1628840095283136107,459975.91742846544,8605600.793421406
1628840095403270103,459991.7002551758,8606158.656984886
1628840095487031937,459991.6619060176,8606157.30721207
1628840095619040071,460006.30233293626,8606674.774037154
1628840095679044995,460006.2314405954,8606672.270633351
1628840095805263602,460020.653505358,8607182.017959816
1628840095877254859,460020.6912217116,8607183.351115229
1628840096075055468,460034.14987818815,8607659.041626967
1628840096207232214,460034.68501940335,8607677.961804751
1628840096285019888,460034.9100495492,8607685.92084879
1628840096411152945,460046.7562957384,8608104.61159947
1628840096477094281,460046.8282015599,8608107.15823101
1628840096615108756,460058.86510699167,8608532.581363216
1628840096681036572,460058.91375654854,8608534.30349765
1628840096807264793,460070.18475168495,8608932.654684559
1628840096873104451,460070.1600135035,8608931.780319847
1628840097011049061,460070.09702091914,8608929.56283173
1628840097083047614,460081.0273827448,8609315.865828965
1628840097221305637,460080.9627003121,8609313.585170506
1628840097353103225,460092.10137732135,8609707.25554031
1628840097401212318,460092.0434257287,8609705.210925138
1628840097551184953,460103.12599239446,8610096.893288705
1628840097611224432,460102.8631737862,8610087.60440381
1628840097743213026,460102.2235912547,8610065.007219637
1628840097809101870,460112.7254001012,8610436.157038514
1628840097953027673,460113.07166312897,8610448.398158267
1628840098013020136,460113.23051303363,8610454.016708229
1628840098151233192,460123.1663165398,8610805.162594475
1628840098211236460,460122.6110065784,8610785.54090068
1628840098355047414,460135.76142241503,8611250.291257925
1628840098415032131,460135.6547195579,8611246.5245062
1628840098553222996,460145.076627537,8611579.50502885
1628840098607023529,460145.13269341737,8611581.486482115
1628840098745229172,460145.3391493079,8611588.787276488
1628840098817070296,460155.4333923637,8611945.522038443
1628840098949172499,460155.3106619604,8611941.186779056
1628840099009021951,460155.28626910085,8611940.32903914
1628840099147221327,460164.52812629245,8612266.93646685
1628840099219107566,460164.3738927025,8612261.490796732
1628840099345060249,460173.64285352343,8612589.059099581
1628840099417049295,460173.4931337581,8612583.77300862
1628840099555167806,460181.8227787424,8612878.145360254
1628840099609161747,460181.7836437308,8612876.76233138
1628840099747077754,460181.7412367818,8612875.26626857
1628840099813077385,460190.29633455054,8613177.597734805
1628840099957095308,460190.1404924736,8613172.092216522
1628840100017251723,460190.141478677,8613172.132115629
1628840100149147523,460198.82940739975,8613479.154632771
1628840100209206705,460198.98228177626,8613484.557091298
1628840100358938276,460206.70209722826,8613757.369635299
1628840100419198791,460206.82105664286,8613761.578570813
1628840100551216174,460214.97136415966,8614049.604491604
1628840100611187500,460215.118408729,8614054.800827364
1628840100749074694,460215.3567057089,8614063.225343801
1628840100821038262,460222.71073760506,8614323.10532179
1628840101018939972,460224.47867020225,8614385.584375117
1628840101151066405,460231.3665432791,8614628.987724537
1628840101282911140,460231.6656087795,8614639.559930822
1628840101355016296,460236.95088441734,8614826.328881891
1628840101481162640,460236.8995989035,8614824.523633765
1628840101553126707,460243.404436694,8615054.392633613
1628840101685034678,460243.9951760347,8615075.267753456
1628840101757063429,460244.40298812237,8615089.67986546
1628840101883217650,460250.47362560104,8615304.202577781
1628840101948932362,460250.5011917867,8615305.176683692
1628840102087013528,460257.26481119246,8615544.188385863
1628840102152903057,460257.3918237027,8615548.67658781
1628840102285006840,460257.84684032894,8615564.76097835
1628840102357077168,460265.0475668266,8615819.215459313
1628840102477208809,460265.2999388774,8615828.142002715
1628840102555079534,460271.7460144778,8616055.929948885
1628840102692969015,460271.4304086281,8616044.779258337
1628840102758978483,460271.2969478071,8616040.068311201
1628840102885115830,460277.6899860715,8616265.977888163
1628840102950907996,460277.7128488995,8616266.785764867
1628840103089010595,460283.7273345982,8616479.320526145
1628840103161044991,460283.1958406264,8616460.539883902
1628840103287040705,460282.4351213483,8616433.667181822
1628840103359177068,460290.0906837466,8616704.186247014
1628840103490997620,460289.57453969284,8616685.957492677
1628840103551033753,460296.81709509605,8616941.881619858
1628840103689025374,460296.8636686256,8616943.5272953
1628840103749149462,460296.92200315115,8616945.588545354
1628840103887193918,460305.18237527495,8617237.474883324
1628840103959053492,460305.2650428402,8617240.39720552
1628840104079061284,460312.9634573781,8617512.429100223
1628840104151004798,460312.755801189,8617505.091712443
1628840104289023833,460312.1967048039,8617485.343606252
1628840104361161617,460321.8066744846,8617824.911432995
1628840104487030351,460321.73589566845,8617822.421317246
1628840104553033204,460329.45682900335,8618095.247890772
1628840104685026457,460329.07350026374,8618081.750055414
1628840104757004478,460329.4290865552,8618094.363624204
1628840104883118515,460339.2762108366,8618442.399408812
1628840104961035758,460340.0525950869,8618469.92717261
1628840105093132345,460348.399151406,8618765.068744818
1628840105153195300,460349.791792158,8618814.429213405
1628840105290896291,460350.91090198274,8618854.42785022
1628840105356939202,460356.7100050165,8619059.635766039
1628840105495028238,460351.3977474701,8618872.680749714
1628840105555025754,460358.396245682,8619120.287324017
1628840105687020714,460353.10738292587,8618934.313181238
1628840105818998181,460360.1316728366,8619183.506140433
1628840105885086324,460358.07310305745,8619111.386055812
1628840105957170754,460354.72283341206,8618993.65579588
1628840106089017080,460361.67315136036,8619240.481845649
1628840106220927648,460360.3634052541,8619195.474406872
1628840106292880199,460364.41677082126,8619339.476829037
1628840106425059911,460371.85962193785,8619603.916845001
1628840106479020791,460375.1916061434,8619722.180030543
1628840106622899621,460359.93757172534,8619184.792630909
1628840106689136667,460354.629031037,8618997.970585061
1628840106827045554,460365.4514665259,8619382.003262501
1628840106887044025,460360.5420318758,8619209.207626712
1628840107019024357,460353.0850612831,8618947.226924643
1628840107091136871,460371.16605171625,8619586.89754898
1628840107229062471,460376.7805801974,8619786.973485796
1628840107282935163,460380.5024035411,8619919.090369279
1628840107420931068,460378.1607476337,8619837.978008844
1628840107493019722,460380.20783464395,8619911.29626753
1628840107619381340,460375.3048475477,8619739.744788656
1628840107691128497,460371.4221321981,8619603.443446735
1628840107823021779,460380.6966155665,8619932.876390746
1628840107895007557,460378.8684474835,8619869.201006409
1628840108021388122,460375.6870436167,8619758.52636843
1628840108093121402,460385.50508115516,8620106.38034421
1628840108224937722,460387.4580071722,8620177.222466808
1628840108296999502,460392.3256505813,8620350.175773112
1628840108422996199,460388.69626137754,8620223.948826818
1628840108483142266,460385.33415279497,8620106.119000887
1628840108615173182,460392.0646098528,8620346.06067775
1628840108687018112,460389.5816693368,8620259.518867388
1628840108825010474,460382.70431930287,8620019.035689693
1628840108885082700,460378.3116398681,8619864.891320428
1628840109022894602,460367.12827322324,8619472.061469696
1628840109083097914,460374.288717095,8619726.348031668
1628840109227091576,460366.11262246314,8619439.965470912
1628840109292899573,460365.5420698698,8619420.979608428
1628840109425053294,460356.8471212521,8619116.28854295
1628840109497009244,460351.89673988865,8618942.642315436
1628840109629013851,460342.8956619537,8618627.14972792
1628840109688996491,460338.14430502,8618460.375373932
1628840109827146874,460326.68096479046,8618057.924700169
1628840109899013166,460318.5917992165,8617773.366648542
1628840110031012972,460300.43813400983,8617134.22119613
1628840110157110422,460293.5149566205,8616891.929762622
1628840110217144038,460287.6757913408,8616686.610135771
1628840110294883852,460290.74064831063,8616796.189861145
1628840110427057149,460277.0844531725,8616315.89724408
1628840110564925439,460286.7459719012,8616659.396180663
1628840110625143478,460282.80264635285,8616520.944083836
1628840110762886891,460273.0597965754,8616178.658601174
1628840110823009310,460277.7028785636,8616343.639058517
1628840110961000654,460264.8351476006,8615890.81073843
1628840111020984209,460259.6273051725,8615707.563034324
1628840111164880506,460272.8451037753,8616176.39216002
1628840111231032505,460269.19286601397,8616048.186475936
1628840111374981725,460265.4833941902,8615918.704755204
1628840111423008085,460263.18611325824,8615838.093760435
1628840111561108447,460254.4564816718,8615531.141834518
1628840111633127769,460250.90710481384,8615406.476819975
1628840111764883149,460245.830220729,8615228.499166774
1628840111819378643,460233.42550375784,8614790.584130058
1628840111963103312,460219.5084609599,8614300.33770852
1628840112034878101,460214.27112502255,8614115.949776344
1628840112167006813,460193.7003490233,8613390.498747893
1628840112226975114,460186.95262768073,8613152.78455075
1628840112365002559,460177.76108657976,8612829.612564046
1628840112424987216,460170.4266747214,8612571.1896128
1628840112568914252,460155.92503682215,8612060.501172079
1628840112629002446,460147.8478757474,8611775.897284074
1628840112767003464,460126.15678136295,8611011.417161249
1628840112827011909,460118.9535059025,8610757.602361795
1628840112965104291,460098.63780359726,8610041.921112245
1628840113030884637,460090.4753199767,8609754.495174626
1628840113157106062,460066.9163475572,8608924.056404078
1628840113229119297,460054.5798575936,8608489.411873927
1628840113367140563,460033.7198659727,8607754.878284961
1628840113427113817,460023.31670463434,8607388.480933396
1628840113571019727,460007.6147325084,8606836.666886797
1628840113630999849,459999.55980146315,8606553.394213354
1628840113774895152,459984.0981097224,8606010.36754704
1628840113828981040,459983.361701895,8605985.896600181
1628840113972997985,459962.58534501295,8605255.337864993
1628840114032898002,459953.75422677305,8604944.890632095
1628840114170986336,459941.58752551663,8604518.989697883
1628840114230999045,459931.23662988195,8604154.94730585
1628840114368913710,459914.38713532453,8603563.389825981
1628840114429085299,459907.1437025743,8603309.630606307
1628840114561038241,459891.49973849,8602761.053752115
1628840114705009212,459872.1033129313,8602080.2860391
1628840114759188365,459861.3449295537,8601702.121686397
1628840114891104278,459845.7216212006,8601154.724314382
1628840114968978204,459827.87117890146,8600526.34728534
1628840115095022809,459817.371278806,8600160.072482677
1628840115166980309,459810.1427849724,8599907.338178586
1628840115293115565,459768.5062131791,8598440.65602348
1628840115365091656,459750.01973893377,8597790.08224893
1628840115496991339,459713.6731365216,8596510.790909626
1628840115575034315,459700.2924375676,8596041.37339034
1628840115694993055,459684.91025655885,8595503.200876685
1628840115766889835,459675.48773654667,8595173.491122128
1628840115905009962,459644.513708925,8594085.451017596
1628840115965094056,459635.9925676811,8593787.306253092
1628840116096970495,459589.4303353296,8592147.875952866
1628840116163396552,459574.82600206777,8591635.350505697
1628840116300862679,459532.98967526207,8590163.4647648
1628840116367110973,459519.887353034,8589704.259124666
1628840116498988272,459493.4022267316,8588775.556844993
1628840116570877497,459459.66016936355,8587586.757219596
1628840116702869245,459427.848625077,8586470.079871275
1628840116774868125,459410.0250161837,8585844.353982339
1628840116901073240,459364.6556326247,8584248.715770781
1628840116972890449,459346.64561516256,8583616.611183722
1628840117098988317,459316.0844582928,8582545.156044256
1628840117170871600,459296.4875532507,8581857.143800322
1628840117296827313,459260.49096203933,8580593.112526862
1628840117369049896,459236.8547555561,8579763.196858246
1628840117501004151,459192.0687856868,8578189.200457579
1628840117573120132,459163.6683382028,8577190.279831422
1628840117693026169,459122.33138857136,8575737.776608216
1628840117776853190,459091.7308872037,8574661.904712413
1628840117902993406,459039.0782318685,8572810.321665945
1628840117974856690,459013.01212242,8571894.195499169
1628840118094894267,458961.35259281035,8570077.238760171
1628840118166832140,458936.84984978323,8569216.594158523
1628840118298860219,458891.52314486174,8567624.960044175
1628840118371036195,458864.2531010739,8566667.521789344
1628840118496992736,458825.27774007054,8565299.812338443
1628840118575109913,458787.4705346151,8563969.82459989
1628840118695075460,458746.7074988856,8562539.102590743
1628840118778996529,458716.2655872776,8561469.769912412
1628840118904964987,458638.8278600722,8558742.347183678
1628840118976821564,458607.48447024974,8557640.16314506
1628840119103097596,458500.89140684885,8553880.625772731
1628840119168891663,458470.1647276078,8552799.18739749
1628840119300972626,458368.07763805485,8549199.004751315
1628840119426986460,458306.1976005335,8547021.977409683
1628840119505141824,458272.3855403945,8545833.370362597
1628840119565084781,458183.94411344035,8542708.330454858
1628840119697055565,458102.8568646346,8539850.836673805
1628840119828979686,457993.42351414,8535989.420740014
1628840119907285892,457933.2258372434,8533865.89768737
1628840120032849737,457837.25738841813,8530479.4182461
1628840120099063166,457799.74259951327,8529158.594966333
1628840120230959408,457707.6262755538,8525909.364968294
1628840120302984081,457655.26276921167,8524062.132999508
1628840120440936789,457569.2136134963,8521028.648064181
1628840120500953993,457535.09637169325,8519826.359610882
1628840120632991224,457452.84111072024,8516926.167058773
1628840120710958287,457417.3443987466,8515677.169432027
1628840120842866537,457337.0595863563,8512846.550744984
1628840120902851783,457316.70195110684,8512131.828427354
1628840121034863041,457265.3815593987,8510327.562679615
1628840121101123714,457193.4912512369,8507787.072459662
1628840121244867986,457094.1282406252,8504280.227798449
1628840121304908357,457066.88976165646,8503321.641519887
1628840121431101840,456987.6238501816,8500525.87152273
1628840121503101869,456951.29170866846,8499245.551182825
1628840121634971859,456896.7266499961,8497325.95964163
1628840121701442546,456872.0565713244,8496459.22345002
1628840121832976374,456802.41101042397,8494004.330479944
1628840121905104813,456773.70079269225,8492994.191029465
1628840122036956270,456717.8887363892,8491029.68883155
1628840122103017829,456699.01867689926,8490368.825512413
1628840122240910565,456650.4810110476,8488662.274436006
1628840122306870147,456602.48096744675,8486967.893550538
1628840122445075534,456562.2035513621,8485555.44970908
1628840122493075750,456547.30593474105,8485032.791864943
1628840122636964779,456480.33965326514,8482673.419395773
1628840122708826356,456452.39370150643,8481690.028286068
1628840122847091925,456385.7944437127,8479343.426399149
1628840122907088150,456355.315936546,8478268.837598013
1628840123032853665,456295.2320761023,8476150.505115729
1628840123110969685,456265.80721090443,8475115.958604733
1628840123237057632,456220.503480536,8473523.181986086
1628840123302858852,456188.1010424777,8472380.396483641
1628840123434857730,456153.3336656976,8471161.465321071
1628840123512874281,456130.73821916746,8470368.703739494
1628840123639004667,456043.8056306483,8467297.997557702
1628840123782836948,455988.9504083296,8465366.63943964
1628840123837053605,455966.6164494014,8464580.880169949
1628840123908989739,455951.40510811517,8464048.830287011
1628840124040967448,455859.46124113176,8460799.28493003
1628840124172907072,455822.43837792997,8459499.483752158
1628840124239079986,455800.2412951528,8458719.219887555
1628840124382976088,455725.51129558746,8456081.35594943
1628840124448991616,455700.3761711237,8455196.579379667
1628840124575053165,455637.4171435513,8452974.210679952
1628840124641087458,455610.5893315297,8452029.174046928
1628840124778817622,455560.65523494803,8450270.036814574
1628840124844952114,455519.6292188881,8448820.595539542
1628840124982952055,455460.91090566176,8446750.181827283
1628840125030990463,455439.3942441342,8445991.304205125
1628840125181082330,455367.85129028646,8443466.261170343
1628840125246982831,455341.5189064884,8442537.252384858
1628840125373005438,455298.53460292146,8441024.22482587
1628840125433002608,455273.4762484678,8440140.347101914
1628840125576809417,455216.61923911277,8438135.41927046
1628840125643092553,455191.9325890885,8437265.718556011
1628840125780844778,455150.0230439675,8435790.379462732
1628840125835102186,455108.09312635154,8434306.65886721
1628840125978839920,455068.5852049166,8432917.486785762
1628840126038959738,455024.34264358575,8431351.342265865
1628840126177084759,454977.4870165667,8429700.678530045
1628840126237068547,454958.1239910913,8429018.718871906
1628840126386950207,454834.5984413016,8424642.652331345
1628840126446970400,454809.627300634,8423761.071323175
1628840126584935440,454731.3521273539,8420991.711019116
1628840126639052062,454705.6194402683,8420082.913897857
1628840126782862020,454648.4573758139,8418064.662964547
1628840126854846817,454558.2361667992,8414863.114282439
1628840126980841618,454502.4848741302,8412893.442206299
1628840127040835534,454403.2986352315,8409371.376659367
1628840127184954025,454312.20522225805,8406144.762156643
1628840127250945299,454264.9523645356,8404470.54611562
1628840127382829009,454146.1078706725,8400254.748188946
1628840127442872467,454110.8963033301,8399007.594745032
1628840127581094577,454009.34952777816,8395407.239720182
1628840127641063577,453980.2444527422,8394377.115006773
1628840127779228862,453917.3484952497,8392151.767506476
1628840127916888942,453788.5914262689,8387580.393450566
1628840127983042037,453733.51153746084,8385625.871452334
1628840128114936474,453643.37381215615,8382428.547619916
1628840128180997046,453596.62028752704,8380770.021935478
1628840128318873619,453544.1981487591,8378915.3291123
1628840128379370676,453497.4749669716,8377257.565344784
1628840128504825642,453416.54990047734,8374385.8180181375
1628840128576939766,453399.8018109745,8373795.682012885
1628840128714954891,453306.3699279864,8370479.450046547
1628840128786815094,453303.6729684832,8370389.572464184
1628840128906861985,453240.68379076885,8368155.524298096
1628840128985056308,453205.105138298,8366894.478444238
1628840129116933336,453172.6212386375,8365747.717574582
1628840129188860633,453146.1249920027,8364809.131711006
1628840129308850341,453097.2469460026,8363076.768913759
1628840129387095150,453047.69110782637,8361316.816155458
1628840129513008648,452980.0553763956,8358915.144003751
1628840129590931102,452986.4050387627,8359147.37860887
1628840129716953630,452971.82313243306,8358636.695285569
1628840129788884749,452936.54615818936,8357383.926558803
1628840129920949690,452887.6600802796,8355649.9767600885
1628840129980929719,452862.4313752463,8354754.528789576
1628840130112931340,452803.5396676962,8352663.090700412
1628840130178938415,452790.9503884396,8352218.500617963
1628840130317065168,452735.95567758504,8350266.010014277
1628840130382864759,452716.8584163392,8349588.526855241
1628840130514842427,452680.9834275103,8348316.582117962
1628840130580958998,452671.96144750644,8347998.544389719
1628840130713108040,452639.3184296849,8346841.42507697
1628840130791089087,452616.57816247013,8346034.387782829
1628840130911044695,452587.4991026262,8345003.395086322
1628840130982961392,452610.6968065349,8345834.024563429
1628840131108970963,452662.7703904236,8347696.69213969
1628840131180948936,452706.98399232153,8349276.20790616
1628840131313064477,452690.9465656558,8348709.721883157
1628840131384936764,452624.37630059273,8346339.073074331
1628840131516915656,452496.05084874143,8341768.214552137
1628840131582925294,452503.61079102335,8342040.384687407
1628840131714812272,452510.22998505854,8342281.257969578
1628840131781053504,452503.46820061066,8342042.624161628
1628840131918943321,452385.42455360864,8337836.725130184
1628840131984943550,452218.1320225212,8331870.943451221
1628840132104949898,452044.87371474796,8325692.26974068
1628840132183063821,452021.4718792679,8324859.662659998
1628840132315056055,452060.80056790536,8326267.211819412
1628840132386842845,452042.9261221331,8325631.328531213
1628840132518935013,451899.4248836873,8320513.044514688
1628840132645106854,451905.4685325299,8320731.7885118
1628840132722928348,451858.27687596466,8319048.868200344
1628840132788973816,451954.3950922652,8322480.794188946
1628840132920942636,451976.04438756616,8323256.019267342
1628840133046942878,452033.1940037101,8325297.960740109
1628840133118820259,452002.7830447554,8324213.636915874
1628840133250940994,451923.9603357211,8321401.769212615
1628840133316832247,452093.571698806,8327455.951893543
1628840133448939969,452076.38126369886,8326843.467860767
1628840133520793441,452078.7574435797,8326928.561262719
1628840133647054045,452094.05657975527,8327474.886411684
1628840133719021809,452077.3893675343,8326880.005180534
1628840133839072691,452152.47104086913,8329558.740344371
1628840133916942915,452133.8503845075,8328893.84210435
1628840134049063737,452207.0016181757,8331502.617719237
1628840134121005388,452201.9374114724,8331321.155334382
1628840134241019851,452189.64250651724,8330880.955199567
1628840134318999471,452295.33585926925,8334650.624263927
1628840134456900780,452284.3816593746,8334257.889022377
1628840134511214764,452276.48145497404,8333975.084961274
1628840134643051037,452321.3960672511,8335574.657370616
1628840134726833283,452309.3290803162,8335142.8058119295
1628840134852915203,452382.8677988098,8337763.265849545
1628840134912921425,452377.88645016064,8337584.488169789
1628840135044792938,452465.45152796496,8340704.720342359
1628840135111094437,452468.0952698946,8340797.6312916605
1628840135248938128,452490.65600351855,8341599.6672439305
1628840135314947926,452544.96254852245,8343534.333872616
1628840135446847758,452575.0998037703,8344606.332799912
1628840135518812732,452589.8925081994,8345132.347188977
1628840135651158710,452648.16145532404,8347206.7320923265
1628840135716912741,452655.46902420407,8347465.976534326
1628840135842958162,452747.704284651,8350751.527196843
1628840135920798095,452753.49107829295,8350956.245029605
1628840136058930627,452900.9912797851,8356211.112563342
1628840136118921533,452916.42686221446,8356759.880999795
1628840136250925097,452950.14783859754,8357958.69473757
1628840136316951498,453061.8048597295,8361936.029045733
1628840136455037090,453116.62277364405,8363885.960094816
1628840136520946215,453137.0534773772,8364612.461318327
1628840136646969270,453267.441816777,8369254.570465775
1628840136718940414,453296.20756928716,8370277.540016713
1628840136857039103,453427.15923296084,8374938.242318365
1628840136989023102,453467.6795851099,8376377.853390453
1628840137049036145,453558.51359069016,8379610.872215
1628840137120846574,453566.5271634441,8379894.20167164
1628840137252863083,453583.51200659486,8380495.165417106
1628840137391052045,453746.66276027675,8386299.800455049
1628840137451021638,453770.0631650473,8387130.995245002
1628840137594909004,453904.0535151704,8391896.115888765
1628840137661068855,453936.3743816357,8393044.207468608
1628840137792846420,454056.010987807,8397297.327035377
1628840137852854445,454079.4859191326,8398130.628907934
1628840137990969730,454132.6525426981,8400017.583041957
1628840138062928728,454236.03955435014,8403693.402559752
1628840138194815167,454286.6677484721,8405489.881156564
1628840138254875768,454308.035616139,8406247.849397197
1628840138393079403,454426.11156660947,8410442.369286839
1628840138453028027,454456.7877784596,8411531.199446792
1628840138596792241,454588.03544390155,8416193.21806977
1628840138656906367,454619.30295004626,8417302.755384946
1628840138800897401,454711.2754044939,8420567.163617468
1628840138855037811,454720.8344572119,8420904.65829931
1628840138992966905,454742.5372106557,8421670.769563334
1628840139052940532,454855.5281455851,8425684.979449965
1628840139196883723,454881.8332299755,8426614.536767414
1628840139257066849,454886.84812433674,8426790.424210783
1628840139388915288,455017.39785241295,8431425.206935275
1628840139454859582,455031.95412636275,8431940.16309112
1628840139598820762,455187.19913109404,8437450.890752124
1628840139658853144,455223.60309701494,8438742.065944446
1628840139797023621,455371.80911113595,8444001.734045237
1628840139857044816,455410.73725067684,8445382.270245988
1628840139994780627,455488.45948852896,8448137.974246673
1628840140060861406,455565.0762506711,8450856.121041242
1628840140187020728,455593.18172914855,8451849.307434099
1628840140252890364,455594.40746248426,8451890.579443524
1628840140396927422,455754.841242074,8457581.370083978
1628840140456951708,455759.6503111747,8457749.868175678
1628840140589032695,455893.2319733141,8462486.862966772
1628840140649042626,455912.0870401135,8463153.888661772
1628840140792900095,456026.99452081375,8467226.88257109
1628840140865052797,456052.96865239466,8468146.083227834
1628840140990905806,456114.9399624446,8470340.5239932
1628840141050915661,456183.4654067303,8472769.55149304
1628840141189047083,456254.6365074383,8475289.613334756
1628840141266864685,456291.6007548173,8476598.459818745
1628840141392919418,456362.5727386936,8479111.254624397
1628840141524767512,456366.0814861862,8479230.879155789
1628840141591017164,456464.4430977962,8482717.20434272
1628840141722950273,456452.0278152361,8482271.915675187
1628840141789322035,456589.81002127595,8487156.044509286
1628840141926809586,456610.71981585986,8487892.663753277
1628840141993001984,456625.9256614779,8488429.267244905
1628840142125015185,456762.7915210644,8493277.497997932
1628840142196916582,456792.2202939697,8494318.238929465
1628840142328894731,456941.41850939946,8499602.536460448
1628840142394912529,456956.95996529056,8500150.699437708
1628840142526801061,456988.41671694204,8501260.669460842
1628840142598906851,457124.7151813556,8506088.690763345
1628840142725029408,457172.8981046328,8507791.1268026
1628840142796891272,457297.60189889994,8512207.23199442
1628840142916925031,457311.33049808507,8512688.817199148
1628840142995018191,457322.5031559712,8513081.443492988
1628840143127034542,457498.1310890317,8519298.243791709
1628840143198913097,457529.63343009976,8520411.304503873
1628840143318920769,457688.2687265945,8526024.95097534
1628840143397015524,457731.15211671125,8527540.342691882
1628840143522885818,457788.9639766738,8529582.614025187
1628840143600888727,457893.8384347823,8533292.567435974
1628840143726951055,457930.4593272693,8534583.672271045
1628840143792906359,457941.7199840144,8534979.79863602
1628840143931013398,458087.18573136046,8540123.35848752
1628840143991010229,458094.89310900023,8540393.6097903
1628840144122752273,458250.18935739977,8545884.504407827
1628840144200877338,458271.7100048673,8546642.706980722
1628840144332881860,458431.39169363485,8552287.562610041
1628840144399030297,458465.49723773065,8553491.304870801
1628840144524806676,458522.95974052063,8555519.205012098
1628840144590932180,458633.8793794155,8559440.066697374
1628840144722883896,458627.77354429517,8559218.52084069
1628840144801007346,458744.0095084394,8563326.47834638
1628840144926803641,458717.1127888031,8562370.02370802
1628840144993038095,458716.10296828183,8562331.321856864
1628840145130958697,458909.66975601093,8569171.085551813
1628840145190949929,458957.70266646065,8570867.065167429
1628840145335011257,459133.3761829119,8577072.225756794
1628840145395011831,459180.6182633785,8578739.799118362
1628840145532810644,459254.25732529105,8581337.432784623
1628840145592950245,459304.0886996987,8583095.695264991
1628840145724878893,459303.1159313185,8583055.829819433
1628840145856900549,459420.8685329115,8587212.002857579
1628840145928902957,459435.80526075105,8587736.934544975
1628840146054942118,459536.67578571325,8591295.90703478
1628840146126872701,459528.9852243577,8591021.241003433
1628840146258795530,459534.42382999056,8591208.036065781
1628840146325013796,459635.96077647683,8594792.515731579
1628840146457002982,459691.42943129636,8596746.777553825
1628840146528764874,459717.98983357695,8597682.160227366
1628840146660813778,459792.4359421424,8600306.696828216
1628840146738982669,459817.3066245909,8601181.898346996
1628840146870885417,459910.17442973686,8604456.76111936
1628840146930809624,459934.90150109323,8605327.636970513
1628840147056930892,459991.6040695234,8607324.680353634
1628840147140772511,460023.7472085658,8608456.529722378
1628840147266783453,460065.2483136006,8609917.149606885
1628840147326894255,460089.0136831837,8610753.844962643
1628840147458925702,460128.94599956734,8612158.144447802
1628840147530874255,460155.9774753179,8613109.7450309
1628840147662805114,460227.4197639569,8615626.850587543
1628840147729014464,460241.79913579737,8616131.624467596
1628840147866784497,460266.5494721483,8616999.934168264
1628840147932895990,460256.6545162137,8616647.63782476
1628840148064767659,460328.60005130153,8619182.153024472
1628840148124851138,460324.52477998636,8619035.7456187
1628840148268748140,460318.6931452535,8618823.930670846
1628840148334869111,460394.2928394,8621489.733157815
1628840148466870496,460403.0189548502,8621792.257751215
1628840148532868918,460406.29450491164,8621904.922903223
1628840148653017926,460441.78742202924,8623152.530282857
1628840148736948324,460442.3331784223,8623168.385926155
1628840148874877307,460467.9970249283,8624068.249479732
1628840148922938442,460466.65869010426,8624018.870670559
1628840149061186593,460512.8408095902,8625643.08123136
1628840149132979057,460526.1260200722,8626109.053276319
1628840149258811182,460557.47197183716,8627210.387600355
1628840149330888989,460566.74201350915,8627534.58844586
1628840149456909016,460588.5342450001,8628298.261870105
1628840149535013407,460589.0271355164,8628312.079435611
1628840149660894287,460611.93885105406,8629115.662284072
1628840149727021799,460631.8010143116,8629813.720433034
1628840149858884078,460660.8485196484,8630833.344265083
1628840149936988733,460677.535907872,8631418.900842067
1628840150068989980,460699.6545640526,8632193.966195663
1628840150200874835,460726.923692479,8633150.855848316
1628840150255148717,460740.6054924983,8633631.17614784
1628840150338887949,460748.16935622605,8633894.650210861
1628840150470853797,460779.1001725208,8634980.716070006
1628840150602880590,460809.07928381354,8636033.077437356
1628840150662886575,460813.68422943965,8636193.030164445
1628840150800886234,460825.39461875946,8636600.253128786
1628840150860949176,460827.19698332343,8636661.311327657
1628840150999025716,460852.0912709554,8637533.810611159
1628840151058938039,460842.9606547613,8637208.92500824
1628840151208923805,460860.48520402005,8637820.905638536
1628840151262885782,460859.1992491367,8637773.401518436
1628840151401010221,460833.2543049893,8636851.787582278
1628840151460981318,460824.0707591352,8636525.173420068
1628840151604831085,460843.61968825036,8637208.952913605
1628840151671218501,460845.55535400496,8637274.272964278
1628840151802870108,460861.86484413734,8637844.184308076
1628840151862868235,460869.7248886508,8638118.970173452
1628840152001304653,460884.6332093399,8638639.025203018
1628840152072911494,460897.01212386275,8639072.78843055
1628840152204880773,460933.87696203485,8640368.010852147
1628840152270864810,460952.7753249091,8641032.26578413
1628840152402990551,460950.0954571323,8640931.750382455
1628840152463012224,460941.19562966214,8640615.189140545
1628840152606888590,460961.39650952956,8641322.05677718
1628840152666877863,460961.81741303194,8641334.389185185
1628840152810812896,461030.421943363,8643749.015352521
1628840152865009215,461051.24633013067,8644481.194268115
1628840153008796946,461088.3049111822,8645782.757447278
1628840153068882690,461091.25727831817,8645884.303554412
1628840153206861550,461102.06423748843,8646259.771978837
1628840153272775364,461106.31674080086,8646407.32479255
1628840153398982647,461162.116239615,8648370.183985814
1628840153465095279,461164.58554439247,8648454.395251524
1628840153608851905,461214.1013448118,8650195.262340087
1628840153668886380,461214.7961994921,8650217.316173118
1628840153806982167,461272.6199771401,8652251.114702638
1628840153866983674,461285.74195516674,8652711.5058686
1628840154010879740,461309.66257672233,8653549.543604476
1628840154070876706,461330.7616236816,8654291.128912823
1628840154209002403,461350.97060799,8654998.221931111
1628840154274804500,461360.87543333345,8655345.129510107
1628840154412865599,461419.54898785875,8657408.70348179
1628840154472869052,461435.1385007044,8657956.076281974
1628840154611002784,461462.98866087454,8658932.556250721
1628840154743009738,461484.2592592886,8659677.466513887
1628840154802975504,461508.3780936168,8660525.550848467
1628840154934787312,461536.48335467215,8661511.468170539
1628840155000926893,461557.8322876679,8662261.501528826
1628840155144856574,461616.6036534356,8664328.182625603
1628840155210986355,461640.1442904718,8665155.423203157
1628840155336853340,461656.4240544209,8665724.619871434
1628840155402916322,461668.2335963327,8666138.229367634
1628840155534880668,461692.3385395635,8666982.970131034
1628840155612959857,461724.9177873052,8668128.325244775
1628840155732978068,461750.2914643352,8669018.13027379
1628840155804990575,461779.7037349231,8670052.30254012
1628840155936974335,461807.6237380015,8671031.449684886
1628840156008778604,461823.77710979374,8671598.136488352
1628840156134899514,461880.5082407675,8673592.869400527
1628840156206873035,461898.4177691417,8674221.436552644
1628840156344758575,461956.4790718178,8676262.665126942
1628840156405000302,461975.33242605475,8676924.43384447
1628840156536974356,462022.6999416984,8678588.842325531
1628840156614841396,462045.5082430164,8679389.957561448
1628840156740779644,462088.0687000037,8680884.820903245
1628840156806977478,462110.7727825285,8681682.206870561
1628840156944847090,462150.8940702701,8683091.04161665
1628840157010801166,462173.2105772632,8683874.73739552
1628840157136885623,462222.43919144094,8685604.177539192
1628840157214735362,462245.80047214945,8686424.612744078
1628840157340991889,462280.52883258933,8687643.150121028
1628840157412870837,462294.62619701226,8688137.150417399
1628840157539142604,462326.35128005047,8689249.895906055
1628840157610855835,462335.30014663475,8689562.49893249
1628840157742808993,462353.6338785504,8690203.451439936
1628840157808994845,462374.5785211796,8690938.575922979
1628840157940911497,462398.5875602227,8691779.425751923
1628840158012846154,462414.83712523675,8692349.191497833
1628840158138729655,462458.1944085525,8693872.040895589
1628840158210990542,462493.3124721344,8695106.051877694
1628840158342965560,462514.9676218193,8695863.891361827
1628840158409060293,462539.3969866291,8696721.71496117
1628840158540908762,462558.74281339056,8697398.058695262
1628840158613002858,462572.55443508324,8697881.861436158
1628840158739003862,462594.77142198995,8698659.797253987
1628840158816863642,462614.85257788614,8699363.991511906
1628840158936862005,462640.6918048435,8700269.479050592
1628840159014895809,462660.6287864704,8700968.607061269
1628840159146717095,462687.1925359188,8701899.110575648
1628840159212990095,462694.8699805644,8702166.818284463
1628840159344897775,462705.2849464207,8702528.548417289
1628840159476837512,462701.9338999543,8702405.554767292
1628840159548999542,462735.4540270942,8703583.343665287
1628840159674984773,462768.16570361325,8704730.384105166
1628840159747018594,462794.09088906395,8705640.690255102
1628840159872722268,462832.2960829154,8706981.433504095
1628840159938969086,462858.3055751445,8707894.640022079
1628840160076908620,462911.5453166366,8709763.864236735
1628840160136897086,462924.36005287565,8710212.787154099
1628840160268856451,462947.99618163175,8711040.067918647
1628840160340783328,463023.15260356927,8713683.66659113
1628840160478995880,463070.5776136995,8715348.07690662
1628840160538968532,463128.16488798347,8717373.124643981
1628840160670867736,463175.382283329,8719030.47692831
1628840160742725198,463199.14855489717,8719864.493134532
1628840160880989587,463307.0248938903,8723656.516299795
1628840160940942821,463331.752809505,8724524.660804082
1628840161072890745,463431.9491431812,8728046.094319744
1628840161150861278,463468.28513111896,8729321.91573917
1628840161276754961,463518.99412859033,8731102.045142865
1628840161342990599,463578.15025910037,8733180.95935948
1628840161474837369,463631.3613228857,8735048.588428754
1628840161540903921,463684.24061344407,8736906.525932457
1628840161684723522,463734.4183198213,8738666.926178638
1628840161744790009,463758.5995565224,8739515.528033137
1628840161870979442,463839.8609369922,8742369.563145263
1628840161943097644,463879.4312658318,8743759.064794542
1628840162074867041,463954.6336463394,8746399.624932004
1628840162146727426,463990.7825929786,8747668.637202851
1628840162278794367,464050.974356246,8749781.123524718
1628840162345001329,464104.2951633376,8751653.89188395
1628840162476827759,464159.8870458178,8753604.43567319
1628840162542888580,464224.4388306483,8755871.935698949
1628840162674974999,464283.0755523053,8757929.345274037
1628840162746906473,464312.731152957,8758969.707799835
1628840162878852945,464389.9341456108,8761679.726999993
1628840162938844407,464418.2678082926,8762673.87619931
1628840163082850360,464511.8994399434,8765960.86062176
1628840163148725018,464542.499176785,8767034.250531208
1628840163280740837,464599.97555819305,8769050.430964164
1628840163340874802,464657.18662356725,8771059.327197427
1628840163478853301,464712.01276200335,8772981.88282798
1628840163550728574,464754.3880660366,8774468.88064484
1628840163677000532,464793.6064804945,8775843.137567941
1628840163820853068,464882.4390292301,8778960.495796425
1628840163880844176,464899.84277262876,8779570.242096525
1628840163952807048,464919.4806756648,8780258.190177953
1628840164078972323,464995.1503796232,8782912.861183438
1628840164210953879,465031.8326128409,8784197.817289788
1628840164277152463,465052.22188334126,8784912.11375224
1628840164420848934,465164.990455533,8788869.641884437
1628840164480860116,465191.9320868673,8789814.344346032
1628840164612982901,465278.7557639688,8792860.3467939
1628840164672971943,465307.29258634447,8793860.98993556
1628840164816828538,465398.73257491994,8797068.750493055
1628840164882846220,465425.73196878313,8798015.052896338
1628840165009043332,465473.40579225926,8799685.766049603
1628840165074719968,465535.3367321042,8801858.947941013
1628840165218715583,465599.38849241653,8804104.37514908
1628840165278828231,465628.8875685725,8805138.5930731
1628840165417023187,465717.888098445,8808259.711192038
1628840165482929243,465747.8574360092,8809310.077193014
1628840165614931583,465825.4734878447,8812031.648313215
1628840165686829656,465848.89636970183,8812852.141651964
1628840165812876211,465939.49907856615,8816029.291945752
1628840165872885469,465961.54719986214,8816801.721444251
1628840166022709601,466003.93406986806,8818286.01322338
1628840166088842220,466088.97168915236,8821268.968449654
1628840166220823041,466143.9686858832,8823195.93883479
1628840166286799420,466173.45827127533,8824229.395842709
1628840166418702941,466308.5722037185,8828967.316022221
1628840166478791185,466346.9726754122,8830313.299088355
1628840166616874829,466445.0015237548,8833749.429392654
1628840166676884898,466479.77398402407,8834967.975080641
1628840166826797816,466573.9718490176,8838269.331133183
1628840166880836546,466599.99123095314,8839180.701887254
1628840167024700852,466656.79510952043,8841170.09402185
1628840167078942933,466734.5752023778,8843896.898822105
1628840167222827445,466788.19442175387,8845774.388878798
1628840167288989031,466874.00279933336,8848782.257851504
1628840167426837916,466924.8123922019,8850561.252140945
1628840167480943268,466948.59947232023,8851394.10475144
1628840167618863384,467054.2700952516,8855096.355171584
1628840167696732547,467079.1355923555,8855966.715980956
1628840167822706775,467201.39555484115,8860250.485912217
1628840167954696871,467249.3904493914,8861930.350981094
1628840168021041731,467274.952317431,8862825.001003629
1628840168152822069,467432.391314302,8868341.212306166
1628840168224689957,467462.7690017423,8869404.538965391
1628840168350924880,467607.58387015574,8874477.283840472
1628840168422963976,467640.7177759108,8875637.0408665
1628840168548787486,467774.73275234335,8880330.822459431
1628840168621187079,467814.8249751766,8881734.03192094
1628840168753007274,467879.35393145034,8883992.40025783
1628840168824954508,467987.8613069118,8887792.603446051
1628840168956846501,468048.20633442677,8889904.08916748
1628840169016805019,468076.2626479859,8890885.76307368
1628840169160723909,468221.0980596032,8895956.327562168
1628840169221218378,468253.2159449605,8897079.919817539
1628840169346960315,468405.5122351343,8902411.401969947
1628840169418839404,468441.7513407011,8903679.1483037
1628840169550832919,468585.9792019836,8908726.97424023
1628840169628734415,468627.7717804053,8910188.77881691
1628840169748742668,468686.99818164983,8912260.173520332
1628840169826955716,468805.2063035723,8916397.012905069
1628840169958830302,468871.42242264707,8918712.612134797
1628840170030979583,468906.5835644656,8919942.142658437
1628840170150710559,469039.78425000934,8924602.109475048
1628840170222712482,469072.4537291013,8925744.258443188
1628840170360753288,469225.6311315812,8931102.46876609
1628840170426853320,469259.4469028646,8932284.576471051
1628840170552800464,469402.46934752935,8937286.850655109
1628840170618821807,469438.8569977118,8938558.768124186
1628840170750944225,469509.1393250756,8941015.459258977
1628840170822837844,469625.4305636587,8945082.4202445
1628840170954833831,469701.35442754504,8947736.076473862
1628840171020826463,469744.5405896905,8949245.498613691
1628840171152782963,469902.6001049188,8954771.438294992
1628840171224771667,469949.53600211994,8956411.745329529
1628840171350867686,470088.13578877726,8961256.22167002
1628840171422820024,470130.94563982217,8962752.006659897
1628840171560937026,470272.81342192425,8967709.9536441
1628840171632931588,470315.66351843387,8969206.940189388
1628840171752924935,470388.3990196575,8971747.861332476
1628840171824736660,470480.8701022411,8974979.236673033
1628840171962945646,470552.666511123,8977486.725770297
1628840172028703943,470584.99135658436,8978615.682090258
1628840172148826031,470686.7092121264,8982168.976857616
1628840172286771594,470756.62720195146,8984610.474772403
1628840172352874976,470855.84049907676,8988076.525284559
1628840172424829092,470890.38262327434,8989282.579575893
1628840172556703988,471017.4313667863,8993719.957682397
1628840172676925196,471083.5771826167,8996029.389240189
1628840172760797053,471128.9513347582,8997613.570157247
1628840172886833174,471253.64002697414,9001967.806604952
1628840172958705229,471291.2630448992,9003281.18166704
1628840173084911280,471406.41548041353,9007301.863847017
1628840173156932600,471443.434734282,9008594.040075324
1628840173288970068,471557.50935852295,9012576.477535304
1628840173360733167,471589.0714634393,9013677.944893315
1628840173486945496,471649.4460190003,9015784.926745666
1628840173559068847,471730.9063543763,9018628.663213223
1628840173696862795,471787.05435127835,9020587.793574886
1628840173750853522,471805.71024707064,9021238.700328138
1628840173888733481,471912.87318376865,9024978.944956986
1628840173960948790,471941.466626785,9025976.482568448
1628840174092819009,472038.26373013144,9029354.622021627
1628840174158805285,472058.41612077865,9030057.618917817
1628840174284818788,472096.4598053724,9031384.603871165
1628840174362701603,472179.55141700455,9034284.437944233
1628840174488921593,472215.35391584743,9035533.160682254
1628840174554691412,472289.6462639757,9038125.740193164
1628840174680866902,472323.9753184446,9039323.015642751
1628840174752818631,472342.21144616196,9039959.030247826
1628840174890947352,472408.03126808465,9042255.261029977
1628840174962869676,472421.1006662788,9042710.96379843
1628840175082899368,472487.96134990256,9045043.536651783
1628840175160858641,472498.0006455703,9045393.467758505
1628840175298830821,472562.67728832294,9047649.800057301
1628840175352914873,472569.45628697344,9047886.084956093
1628840175484964070,472581.15724474774,9048293.850649644
1628840175556701017,472644.6448808619,9050508.845342057
1628840175694829055,472654.55619981064,9050854.201538304
1628840175754797872,472660.73886942683,9051069.736690138
1628840175886667961,472732.26003726537,9053564.75449806
1628840175952893608,472737.01096433,9053730.329918977
1628840176096823162,472813.01565149636,9056381.668560714
1628840176156802220,472817.2235877014,9056528.35625108
1628840176288687984,472825.14641478175,9056804.546267843
1628840176354914228,472900.85466148215,9059445.619866947
1628840176493146605,472910.1076672643,9059768.25881135
1628840176558817715,472974.0727002686,9061999.49209797
1628840176690682851,472984.41492005106,9062360.173526514
1628840176762813480,472989.8335980944,9062549.160199404
1628840176900821662,473065.08531661675,9065173.959185647
1628840177032822449,473085.883161709,9065899.313562946
1628840177086915972,473136.6621346251,9067670.428581543
1628840177230718185,473134.66676674155,9067600.782108624
1628840177290785644,473193.1054618097,9069638.991865924
1628840177428853381,473200.45084298047,9069895.124915326
1628840177488849137,473203.5178016193,9070002.068718059
1628840177632947211,473257.93823154375,9071900.029687583
1628840177698892334,473260.2395245915,9071980.26420294
1628840177830896516,473315.79917665484,9073917.918420438
1628840177890893548,473316.74072579405,9073950.746497288
1628840178034833493,473318.823753929,9074023.372632664
1628840178094700435,473375.7659958893,9076009.179952778
1628840178226730649,473375.63019797165,9076004.444617677
1628840178292932739,473444.27993266133,9078398.290756507
1628840178430846357,473444.13039411017,9078393.076562166
1628840178496752206,473444.06172845495,9078390.682289258
1628840178634692850,473514.57237382786,9080849.282622512
1628840178694699871,473514.4914963646,9080846.462698244
1628840178832848354,473587.2555186206,9083383.491408173
1628840178892843274,473587.4233873063,9083389.344087271
1628840179024781214,473587.3455572765,9083386.630572416
1628840179096844488,473661.9971381459,9085989.318405323
1628840179234936516,473662.7480140348,9086015.49587072
1628840179294967521,473738.45722576394,9088654.898832884
1628840179438661245,473737.97950551665,9088638.245264804
1628840179486795027,473737.84977321245,9088633.72273036
1628840179642793202,473816.936800558,9091390.714526856
1628840179696898469,473816.8131655469,9091386.404812748
1628840179834836564,473893.8856777736,9094073.007612022
1628840179896109667,473893.52696177445,9094060.5041069
1628840180033893423,473966.67034940026,9096609.996759325
1628840180099883698,473966.8535340965,9096616.381534465
1628840180226121079,473967.2534874417,9096630.32162691
1628840180291877118,474038.2227486367,9099103.8912235
1628840180435901654,474038.37388452445,9099109.158668278
1628840180495932830,474038.5784523204,9099116.288341029
1628840180627906632,474105.47552031575,9101447.798880007
1628840180687850607,474105.5167413693,9101449.23545721
1628840180837918625,474170.369933347,9103709.3981111
1628840180897909962,474170.20809433184,9103703.758210318
1628840181029878739,474169.7683808846,9103688.434706375
1628840181089861969,474230.78792182263,9105814.891053475
1628840181228111688,474230.3573486934,9105799.886776533
1628840181300109069,474288.8130468302,9107836.904453153
1628840181431979010,474288.9260392389,9107840.841748875
1628840181563879395,474345.1046687733,9109798.423415387
1628840181630069868,474345.0970338172,9109798.157381684
1628840181755727927,474344.91074090404,9109791.666159362
1628840181833961774,474398.4546637428,9111657.361231793
1628840181959934936,474397.6682309582,9111629.959740385
1628840182032177631,474397.237601947,9111614.955428708
1628840182164020779,474448.83513641503,9113412.7599507
1628840182235977766,474448.77863319893,9113410.791298479
1628840182361905405,474498.8740075012,9115156.18834642
1628840182433834270,474498.8785890202,9115156.34796698
1628840182571796324,474548.02908164135,9116868.757945621
1628840182632069277,474548.07031687634,9116870.194531634
1628840182769727165,474548.36354525184,9116880.410254432
1628840182842064761,474594.95928592025,9118503.753004353
1628840182968674514,474594.15135184745,9118475.606541865
1628840183034895213,474639.60785376147,9120059.204713656
1628840183172846191,474639.8262631755,9120066.813308414
1628840183238801089,474639.8262631755,9120066.813308414
1628840183364832601,474684.30686578015,9121616.359996624
1628840183442650239,474684.33588620514,9121617.37092941
1628840183568920020,474730.059921875,9123210.175866073
1628840183640792109,474730.6250763661,9123229.862464316
1628840183766675888,474730.83586377936,9123237.205033429
1628840183838806120,474773.66230098216,9124729.023991873
1628840183970673001,474774.39091635175,9124754.403756615
1628840184036935718,474816.27477082075,9126213.341621254
1628840184156911708,474817.05534641305,9126240.53044161
1628840184240788779,474817.3593280314,9126251.118651574
1628840184367232524,474858.0423794518,9127668.183367858
1628840184438867507,474857.8162956635,9127660.308714883
1628840184570857152,474899.9381461652,9129127.44213145
1628840184636788013,474899.8021860415,9129122.706695547
1628840184774792729,474899.5669292313,9129114.512795249
1628840184840768703,474939.985204314,9130522.267835636
1628840184960942585,474939.8599338776,9130517.904847385
1628840185032915382,474939.79577097564,9130515.670146085
1628840185164804971,474980.2091839058,9131923.213123599
1628840185242796516,474980.34973551973,9131928.10818626
1628840185362798429,475020.06163573836,9133311.176607672
1628840185434664464,475019.80955191754,9133302.397414502
1628840185572827288,475060.99242702435,9134736.651955873
1628840185644785393,475061.22007342597,9134744.579837741
1628840185764786465,475061.5134164977,9134754.795631861
1628840185896711916,475100.8060733037,9136123.18035392
1628840185974911741,475100.4668853421,9136111.368335728
1628840186034897167,475100.5982824701,9136115.944162589
1628840186172825207,475141.3833612585,9137536.259945454
1628840186298718701,475181.7541043877,9138942.104106888
1628840186376908101,475182.3637632956,9138963.33383847
1628840186508696349,475182.3652912631,9138963.387045816
1628840186568783831,475223.53794077993,9140397.112645153
1628840186700764877,475224.30194834445,9140423.716333725
1628840186766840121,475224.6854803065,9140437.071385492
1628840186898889188,475264.111358035,9141809.928523008
1628840186970829392,475263.9279907178,9141803.543634325
1628840187096831916,475308.2297078757,9143346.133209744
1628840187168760849,475308.84859314794,9143367.682221847
1628840187306880062,475360.22111017595,9145156.410483493
1628840187366865304,475360.1447016461,9145153.7501098
1628840187498901303,475359.43257435656,9145128.955427099
1628840187570804996,475416.788636107,9147125.939090688
1628840187702731573,475417.1080372408,9147137.059461117
1628840187774693758,475416.837539625,9147127.641731134
1628840187900881762,475478.86954152345,9149287.33562459
1628840187972757563,475478.8175791453,9149285.526567629
1628840188110919924,475543.54089488974,9151538.814404566
1628840188164779957,475543.86643952096,9151550.147624075
1628840188302899884,475606.53718994407,9153731.873107465
1628840188374665688,475606.32932084455,9153724.636867426
1628840188500825814,475606.0648991684,9153715.431944465
1628840188572777294,475665.79921709315,9155794.840826701
1628840188704754595,475665.97805347794,9155801.06612631
1628840188776689193,475665.78240341716,9155794.255542124
1628840188902915281,475724.5991859877,9157841.63500111
1628840188962828948,475724.59154307796,9157841.368962461
1628840189106651451,475784.16605298966,9159915.034637708
1628840189172883839,475784.3387902915,9159921.047115892
1628840189304909348,475845.08846219524,9162035.524803223
1628840189376747032,475844.7078118216,9162022.276057616
1628840189502799418,475844.18040485197,9162003.919362007
1628840189574905940,475905.30733863724,9164131.43462279
1628840189706874990,475905.07954990095,9164123.506652327
1628840189772640023,475904.84105972084,9164115.206226898
1628840189904647862,475966.75041394215,9166269.85919454
1628840189976777748,475966.9980879556,9166278.478874035
1628840190108642829,476031.15318097343,9168511.189629732
1628840190246895242,476031.6577256876,9168528.748250797
1628840190300755610,476097.1063298114,9170806.368415348
1628840190378768527,476097.25005543436,9170811.369966207
1628840190505000897,476097.195011577,9170809.454478642
1628840190648878863,476164.97702503036,9173168.165612727
1628840190696848598,476164.9678506066,9173167.846364522
1628840190846826513,476233.291435687,9175545.288800426
1628840190906795690,476233.76241261413,9175561.676889447
1628840191038892932,476303.70272501424,9177995.255999299
1628840191098876247,476304.09114762506,9178008.770864122
1628840191242794607,476304.8496424828,9178035.162096407
1628840191314927227,476376.5950583229,9180531.422652755
1628840191440745464,476376.56447227945,9180530.358489182
1628840191506983636,476376.50941740297,9180528.442994755
1628840191650790787,476450.2864547683,9183095.259943372
1628840191704748080,476450.3093955035,9183096.058066802
1628840191842782418,476526.0755661077,9185731.941770146
1628840191908645260,476525.94709109655,9185727.472274648
1628840192052892091,476603.4533432522,9188423.749961702
1628840192112892795,476604.01927615865,9188443.437044572
1628840192250835193,476605.2215019474,9188485.258794054
1628840192304743558,476684.1607843775,9191231.23581326
1628840192454887488,476683.91451316525,9191222.669263117
1628840192508748090,476683.8166165462,9191219.263926424
1628840192646616925,476764.7840644078,9194035.63842873
1628840192706790745,476764.65709752915,9194031.222128216
1628840192844762767,476846.7963960767,9196888.197567817
1628840192916631421,476846.533268922,9196879.045706755
1628840193048764094,476930.77171717165,9199808.866574913
1628840193108716265,476931.31024159107,9199827.595984716
1628840193246765249,476932.26030931115,9199860.63849493
1628840193306785973,477019.15368768707,9202882.619802056
1628840193444871638,477019.32657684153,9202888.632374864
1628840193504894258,477019.291387012,9202887.40857686
1628840193648905378,477109.0390253056,9206008.46768615
1628840193708748582,477109.09563854197,9206010.436406871
1628840193846860001,477201.09671025386,9209209.662601087
1628840193906906283,477201.02173122234,9209207.05537339
1628840194050624120,477296.1733352562,9212515.62925145
1628840194110634193,477296.44113498676,9212524.940789837
1628840194248759082,477297.03488542134,9212545.585800765
1628840194308870208,477395.55500695633,9215971.063426116
1628840194452600871,477394.98570281465,9215951.269731985
1628840194518782135,477394.7377801122,9215942.649897484
1628840194650779392,477497.1013620077,9219501.526371665
1628840194770756750,477497.14268532745,9219502.963012535
1628840194854621471,477602.76900249853,9223175.019432422
1628840194980755843,477603.08124546014,9223185.874066269
1628840195052701195,477712.5495527339,9226991.223882906
1628840195184682145,477713.2781735307,9227016.551395498
1628840195250855817,477713.5996239954,9227027.72529818
1628840195370870033,477826.7699355238,9230961.473811328
1628840195448787010,477826.45917654794,9230950.672357392
1628840195580741564,477944.6089910797,9235057.196479328
1628840195652726361,477944.70697204844,9235060.60186862
1628840195778632013,477944.9213054398,9235068.051157711
1628840195844634469,478067.4302178217,9239325.748648645
1628840195982903410,478067.54045537004,9239329.57971719
1628840196054661795,478194.4431207696,9243739.621799907
1628840196174617505,478194.715675271,9243749.093066907
1628840196252870308,478194.8442965134,9243753.562653596
1628840196372796265,478325.99475930637,9248310.841884378
1628840196444735610,478325.786497539,9248303.605399558
1628840196576752150,478462.3328046291,9253047.976323366
1628840196654851510,478462.3710914363,9253049.306561666
1628840196780684108,478462.4629797775,9253052.499133585
1628840196852676853,478603.2700477545,9257944.481078899
1628840196972796645,478603.86431315885,9257965.126411084
1628840197056804208,478749.58121857006,9263027.227782134
1628840197176880876,478750.7468847188,9263067.720370574
1628840197254904807,478751.4867232109,9263093.420660231
1628840197374818674,478901.96164396836,9268320.32135728
1628840197458648621,478902.136281005,9268326.387274625
1628840197584868980,479057.2247889985,9273713.0330442
1628840197644873700,479057.4377445156,9273720.429219617
1628840197782615383,479057.76560414437,9273731.81613719
1628840197848743201,479217.5226119643,9279280.070126599
1628840197980598864,479217.74478212546,9279287.785575313
1628840198046837227,479381.7026225034,9284981.366275704
1628840198172668707,479381.93247716676,9284989.347789025
1628840198250610237,479381.86658549326,9284987.059755202
1628840198382680656,479550.42792595265,9290839.908949826
1628840198448869401,479550.1719945069,9290831.022848394
1628840198586646311,479722.81234560185,9296824.890185509
1628840198646790207,479723.1556671387,9296836.809290301
1628840198784733097,479723.5419039534,9296850.218283249
1628840198856663615,479900.961490479,9303009.368474644
1628840198982635670,479901.28338916687,9303020.54265709
1628840199108781658,480083.36549503874,9309340.879323842
1628840199186738048,480083.75028276216,9309354.235158708
1628840199252745092,480084.0170280885,9309363.493785301
1628840199384611988,480270.188127561,9315825.06381268
1628840199510980884,480269.996478947,9315818.412487214
1628840199582847936,480459.9186877911,9322409.45697714
1628840199714763878,480459.8374196945,9322406.636809468
1628840199780601081,480459.7224176776,9322402.646006161
1628840199912832718,480653.4489902778,9329124.974779058
1628840199984861085,480653.31710640976,9329120.398648635
1628840200111077615,480852.10977852007,9336017.751759565
1628840200176742010,480852.76773990964,9336040.579248108
1628840200314762603,481056.27376827406,9343100.665943187
1628840200386848995,481056.1541250109,9343096.515482027
1628840200518883921,481056.28757326654,9343101.144842554
1628840200590670947,481262.8208311872,9350265.433671819
1628840200716738373,481263.3101986136,9350282.408029467
1628840200788710402,481263.7918958356,9350299.116331434
1628840200920747383,481473.97308760305,9357589.105210416
1628840200974881186,481474.07741645747,9357592.723576466
1628840201118727599,481688.20205346297,9365018.629651835
1628840201178767887,481688.38618497574,9365025.015017297
1628840201316857224,481906.14081041515,9372575.930624312
1628840201376836104,481906.25130244857,9372579.761851795
1628840201508876093,481906.5336710086,9372589.552766493
1628840201586790467,482126.88325386844,9380229.560698453
1628840201718833823,482127.20402583486,9380240.681924304
1628840201784515188,482127.4726148444,9380249.993955543
1628840201910838526,482351.21595076437,9388006.764695683
1628840201988746664,482351.25739514537,9388008.20141216
1628840202120720228,482578.0990299506,9395871.465578489
1628840202180749912,482578.5979569701,9395888.759425119
1628840202312842578,482806.97418647545,9403804.294544188
1628840202390775236,482806.9926105777,9403804.933087584
1628840202522735465,482806.4844124868,9403787.319932342
1628840202582732249,483038.92736527947,9411842.872736344
1628840202714843587,483039.6582747503,9411868.201678561
1628840202786695575,483039.9653796508,9411878.844091311
1628840202912846085,483276.204450417,9420064.996806405
1628840202984825732,483276.3073428141,9420068.562022343
1628840203116602465,483515.93025956664,9428371.001068152
1628840203188594372,483516.0178053095,9428374.034168825
1628840203320754380,483758.53995714494,9436775.944917621
1628840203380760979,483758.4524010145,9436772.911810448
1628840203518708883,483758.28189698164,9436767.005233325
1628840203584727862,484003.5716910763,9445263.811758218
1628840203722770048,484004.2445703753,9445287.11884208
1628840203788592493,484004.44274719636,9445293.983257215
1628840203920716924,484252.10756588506,9453872.063539745
1628840204058599734,484502.12150516483,9462530.51313574
1628840204124832598,484502.325874876,9462537.59043092
1628840204256849031,484502.73461435636,9462551.745021315
1628840204316781748,484753.58130974683,9471238.043102652
1628840204455154656,484752.9973289639,9471217.82221714
1628840204520645835,484752.7237801242,9471208.350328697
1628840204658791467,485005.77383696707,9479969.96263623
1628840204724723114,485006.0504910017,9479979.540970178
1628840204856744296,485259.72872046556,9488761.924349505
1628840204922699180,485259.8978058769,9488767.777787736
1628840205060848745,485514.4406662369,9497579.12688414
1628840205120844024,485514.49600942835,9497581.042558683
1628840205264662052,485514.6927852308,9497587.853845956
1628840205318924547,485769.1007311773,9506393.579895746
1628840205456856754,485768.87625930744,9506385.810755877
1628840205522628056,485768.88240922143,9506386.023609022
1628840205660762389,486022.88112675824,9515176.654257946
1628840205720771583,486023.05026747857,9515182.507730812
1628840205858827450,486275.77491840057,9523928.136631241
1628840205919068843,486275.76261597214,9523927.710923318
1628840206062879026,486517.5877717299,9532295.326881833
1628840206122820896,486518.3259899767,9532320.86940263
1628840206260873676,486519.9531468028,9532377.16937603
1628840206320829237,486750.70620464615,9540360.916747302
1628840206464802171,486750.31552794366,9540347.400474027
1628840206518875021,486750.16479442886,9540342.185533956
1628840206662763994,486970.44502948207,9547962.921789391
1628840206710771713,486970.38657675043,9547960.899666611
1628840206860813066,487180.4340517844,9555227.030719092
1628840206926844043,487180.4586654528,9555227.882140458
1628840207064769782,487381.5506290171,9562183.68023387
1628840207124772478,487382.027555248,9562200.176545637
1628840207256723540,487382.8952535131,9562230.189190406
1628840207328870102,487575.4295362564,9568889.488580877
1628840207454850599,487575.17413150764,9568880.65506044
1628840207520624624,487574.98950158374,9568874.269383023
1628840207658693219,487760.17639536667,9575279.001363233
1628840207784821291,487760.8657273933,9575302.841255026
1628840207856841375,487938.89750020765,9581459.709789895
1628840207988850583,487939.1437061279,9581468.224046934
1628840208066773786,488109.82795042096,9587370.629586233
1628840208192640391,488110.56661329453,9587396.172385626
1628840208258848900,488110.99750006007,9587411.072351996
1628840208390847032,488275.129963097,9593086.578959096
1628840208468910585,488275.2130674927,9593089.452527054
1628840208588750960,488434.0852271211,9598582.759355675
1628840208660717042,488434.51616258937,9598597.659352573
1628840208792712577,488587.6930113868,9603893.759353325
1628840208858798604,488587.73918546806,9603895.355783084
1628840208990733077,488588.000838609,9603904.402218388
1628840209062717616,488735.25968922034,9608995.631887848
1628840209194598014,488735.6968256678,9609010.744769897
1628840209260837615,488735.9123154894,9609018.19478219
1628840209392823718,488878.58215372125,9613950.530773839
1628840209458759094,488878.80073237914,9613958.087221406
1628840209590807799,489018.0445721095,9618771.75918971
1628840209662843346,489018.6849446531,9618793.896406665
1628840209788564581,489019.8425415145,9618833.913683683
1628840209860791717,489154.837825548,9623500.504779773
1628840209992741719,489155.52440932696,9623524.23844978
1628840210064712406,489287.21261703054,9628076.315546362
1628840210190647776,489287.5451470486,9628087.809888663
1628840210280682909,489287.99775740766,9628103.454965718
1628840210394737680,489415.76874391333,9632519.944781495
1628840210466760739,489415.4238839512,9632508.024714025
1628840210592819058,489540.2347055588,9636822.02637847
1628840210670622424,489540.55802441214,9636833.201449644
1628840210784844176,489541.13076074654,9636852.997290064
1628840210868709351,489662.49761103,9641047.801175008
1628840210988714898,489662.9317985002,9641062.807709469
1628840211072570380,489780.9896993383,9645143.096419416
1628840211198837949,489781.59019315446,9645163.850150941
1628840211270706332,489781.913536024,9645175.025237177
1628840211384730884,489896.84995483246,9649147.290723126
1628840211468833925,489896.6774993038,9649141.330673372
1628840211600788378,490009.1264308218,9653027.497160386
1628840211672721370,490009.4467161514,9653038.565830968
1628840211798731232,490119.51569333044,9656842.358180314
1628840211870699820,490119.7867128378,9656851.723984044
1628840211996908469,490120.2425184216,9656867.475563077
1628840212068831962,490226.4929619784,9660539.190966353
1628840212188805613,490227.3953620603,9660570.374853346
1628840212320836178,490331.22211332724,9664158.225723395
1628840212392677216,490331.4377103004,9664165.67580287
1628840212470819831,490331.6841068575,9664174.190179422
1628840212596679678,490432.69265127374,9667664.55333952
1628840212722854733,490433.3702614829,9667687.967887377
1628840212794703350,490531.6434961166,9671083.716772968
1628840212932780595,490532.1886795968,9671102.554850588
1628840212992783914,490532.37348757515,9671108.940639623
1628840213124807101,490628.3238947062,9674424.336692384
1628840213202734887,490628.7458843074,9674438.91758449
1628840213334686388,490722.0067027169,9677661.295503529
1628840213394708664,490721.8311258525,9677655.22899812
1628840213532615214,490721.5261765818,9677644.69243611
1628840213604772505,490812.21727650624,9680778.202829616
1628840213736810698,490812.4852689035,9680787.462236779
1628840213796703675,490901.3087908981,9683856.371025473
1628840213922778210,490901.25950374774,9683854.668145247
1628840213994809918,490901.25950374774,9683854.668145247
1628840214126706093,490987.9103122911,9686848.43865031
1628840214198696480,490988.4216784441,9686866.106040161
1628840214330695127,491072.6901401113,9689777.500914775
1628840214396795594,491072.6131254004,9689774.840162203
1628840214534662491,491072.3512753951,9689765.793603463
1628840214600698477,491154.3018877341,9692597.04775652
1628840214726717889,491154.8656476273,9692616.524473006
1628840214798800743,491235.7336279117,9695410.316316342
1628840214930844620,491236.1279601722,9695423.939380135
1628840214996742054,491236.3436106443,9695431.38949316
1628840215128707356,491314.899630967,9698145.253314193
1628840215200743722,491314.7918035313,9698141.528256303
1628840215338784103,491391.9876882682,9700808.350898862
1628840215393446514,491391.89526291937,9700805.15799095
1628840215524746763,491391.57793590496,9700794.195673792
1628840215602675147,491467.7617248529,9703426.003698926
1628840215728797770,491468.639782734,9703456.336334808
1628840215794690620,491543.7251631612,9706050.149663296
1628840215926612747,491544.15957905614,9706065.156340998
1628840215998722186,491544.60631885566,9706080.588740084
1628840216130797312,491617.0218718116,9708582.127834216
1628840216202800377,491617.3792701682,9708594.473757574
1628840216322796849,491688.0029725297,9711034.071177576
1628840216400738113,491687.64248683304,9711021.618819883
1628840216538690218,491687.3374604995,9711011.082209544
1628840216610607196,491755.8456439521,9713377.562683156
1628840216730726479,491755.9812134952,9713382.245622518
1628840216802737625,491823.00233702257,9715697.320901401
1628840216940691809,491823.0084993755,9715697.533762347
1628840217072785242,491888.1142002192,9717946.40995355
1628840217132773481,491888.18198717077,9717948.751424596
1628840217276636103,491888.38226680685,9717955.669407245
1628840217330717712,491951.80970126187,9720146.541602382
1628840217462787255,491951.8867330677,9720149.202365676
1628840217534645848,491951.9976588705,9720153.033864822
1628840217672809712,492013.8514862837,9722289.520649686
1628840217732721712,492014.1072356679,9722298.354386197
1628840217876688422,492073.88823730266,9724363.213956853
1628840217924743006,492073.94678317267,9724365.23613802
1628840218074555133,492131.49769038835,9726353.040472686
1628840218135306554,492131.1957128807,9726342.61027253
1628840218272662289,492130.5948393321,9726321.856302869
1628840218326731513,492186.56264169357,9728254.955767676
1628840218476764023,492186.6273519932,9728257.190811088
1628840218537246295,492186.6273519932,9728257.190811088
1628840218674640131,492240.7408393467,9730126.219473278
1628840218728875815,492240.6299060151,9730122.38796941
1628840218878787073,492292.6116601841,9731917.767019324
1628840218926809554,492292.58392652014,9731916.809143148
1628840219070819835,492343.9561382059,9733691.115301305
1628840219130817904,492343.7958973811,9733685.580904454
1628840219274543495,492343.3983768986,9733671.851343054
1628840219340737156,492393.1656926384,9735390.70746278
1628840219472785498,492393.3814038591,9735398.157613903
1628840219526559787,492393.53548330895,9735403.479150424
1628840219670716362,492441.39890538075,9737056.561419997
1628840219742679791,492441.46978269453,9737059.009327276
1628840219868948694,492487.5186340582,9738649.404195508
1628840219928784324,492487.4878175167,9738648.339887796
1628840220072712341,492531.5679505786,9740170.72577754
1628840220138675411,492531.3984579396,9740164.87208408
1628840220276636459,492531.2258836228,9740158.91195983
1628840220330780709,492573.42659237713,9741616.375325099
1628840220474786020,492573.55602432403,9741620.84541904
1628840220534785701,492573.7409271117,9741627.231267534
1628840220672709605,492612.814064174,9742976.667593352
1628840220738821475,492612.4350102042,9742963.576601896
1628840220876795516,492649.90288165834,9744257.5626678
1628840220936759767,492649.6470951894,9744248.728908034
1628840221074715051,492685.83325346815,9745498.439928753
1628840221134712352,492685.6082828824,9745490.670476286
1628840221278649330,492684.94569834427,9745467.787842346
1628840221344796087,492719.79154062393,9746671.201608887
1628840221476693267,492719.9148130912,9746675.45884369
1628840221608678478,492752.8286184162,9747812.140610998
1628840221674787478,492752.7454089087,9747809.266977135
1628840221806766471,492783.7394460203,9748879.642441789
1628840221878824729,492783.6069262944,9748875.065913236
1628840221998702176,492783.46824286436,9748870.276522892
1628840222076796880,492813.17118685425,9749896.057564553
1628840222202688497,492813.1064675099,9749893.82251547
1628840222274579118,492813.40849112486,9749904.252744537
1628840222406691493,492841.4689590739,9750873.306225087
1628840222478716862,492841.31486446725,9750867.984679064
1628840222598702606,492867.84997164214,9751784.354952471
1628840222676539023,492867.54486261477,9751773.818290276
1628840222808704367,492892.36964293086,9752631.119483773
1628840222880714763,492892.1970551072,9752625.15935106
1628840223000709314,492891.8272240778,9752612.387638116
1628840223072671007,492915.5919386407,9753433.076664515
1628840223210820836,492914.7289953521,9753403.275998335
1628840223276580306,492914.3591625622,9753390.504284289
1628840223402671566,492936.6970611458,9754161.915846625
1628840223474666444,492936.7278806888,9754162.980156219
1628840223600798372,492957.7375460148,9754888.520037364
1628840223672777464,492957.9347919646,9754895.331619313
1628840223804808147,492978.3959581918,9755601.92684516
1628840223870715809,492978.22336724587,9755595.96671049
1628840224002799991,492978.22028526483,9755595.860279515
1628840224074798949,492997.0480831826,9756246.047138076
1628840224212577180,492996.4162746114,9756224.228786428
1628840224278637236,492996.1635512061,9756215.501445783
1628840224416668629,493014.8403957812,9756860.473230062
1628840224482654017,493014.988332007,9756865.581917629
1628840224608772662,493032.81769252487,9757481.285223244
1628840224674796859,493032.759134218,9757479.26303428
1628840224806791977,493048.15375954093,9758010.885887286
1628840224878644584,493047.971920012,9758004.606458033
1628840225004772768,493047.6113230002,9757992.15403055
1628840225082680840,493061.32937453815,9758465.878443656
1628840225208792931,493060.2136782215,9758427.350418288
1628840225280665980,493059.59110746026,9758405.851354476
1628840225406516596,493071.3459256542,9758811.779233184
1628840225478749080,493071.2534644321,9758808.58630278
1628840225610785007,493080.57041724154,9759130.327264043
1628840225676811203,493080.1389307303,9759115.426921649
1628840225808700284,493087.11045807734,9759356.173887214
1628840225946573784,493086.62965817377,9759339.570648141
1628840226018638139,493086.4724736002,9759334.142666142
1628840226138717185,493092.72281501914,9759549.984778047
1628840226210698083,493092.8923280137,9759555.83848426
1628840226342663082,493097.3088476729,9759708.35414209
1628840226408772146,493097.0931036651,9759700.903970426
1628840226546840324,493096.8835237809,9759693.666660812
1628840226601110887,493098.9176196744,9759763.911138501
1628840226744665837,493098.054643408,9759734.110451698
1628840226804642314,493098.1008163224,9759735.706918737
1628840226942792350,493097.8850722758,9759728.25674705
1628840227002821254,493097.7926105444,9759725.06381633
1628840227140775259,493096.0111207309,9759663.546686403
1628840227212757626,493095.79845883127,9759656.202945797
1628840227344787410,493092.2386241006,9759533.275116535
1628840227404702853,493092.21088561264,9759532.31723734
1628840227542707996,493087.3103581799,9759363.091916047
1628840227614684943,493087.1007787071,9759355.854606697
1628840227746646393,493086.61073262227,9759338.93207457
1628840227806639912,493079.6359959577,9759098.078682141
1628840227938737465,493079.4356629521,9759091.16066605
1628840228010514731,493079.22916586266,9759084.029787932
1628840228148638080,493070.0230434317,9758766.120348386
1628840228208655504,493069.7456598184,9758756.54155722
1628840228334800054,493058.79819763714,9758378.498609204
1628840228406737263,493058.62560378446,9758372.538472729
1628840228538671106,493058.2834981304,9758360.7246308
1628840228610635579,493046.0601130269,9757938.619263215
1628840228736760351,493045.83820722747,9757930.956230972
1628840228808745479,493032.3666337006,9757465.746328933
1628840228946696882,493032.1570565925,9757458.509021074
1628840229006694752,493032.0645961066,9757455.316091139
1628840229138712994,493016.29080019327,9756910.60226226
1628840229222790392,493015.9209594728,9756897.830543289
1628840229348676127,492998.8250458137,9756307.457854956
1628840229408701506,492998.9236696536,9756310.863646459
1628840229540734452,492980.7645231345,9755683.77230911
1628840229612635994,492981.01724578027,9755692.499649245
1628840229750809840,492981.66446237284,9755714.850154508
1628840229804781627,492961.8010576815,9755028.902531633
1628840229942688561,492961.97673004464,9755034.969096899
1628840230020543257,492962.05994327145,9755037.842733078
1628840230146554383,492940.1594469119,9754281.54429593
1628840230278526793,492939.5738750639,9754261.322413405
1628840230350797319,492916.36365323607,9753459.790886853
1628840230410715667,492916.2527033288,9753455.959372614
1628840230542758474,492891.5139712187,9752601.63817036
1628840230686804754,492890.5154273711,9752567.154545551
1628840230746729487,492890.1455963699,9752554.382832691
1628840230890622085,492863.7859253384,9751644.079046657
1628840230956636389,492863.44075168687,9751632.158782551
1628840231082733019,492835.8484648473,9750679.282723103
1628840231136740595,492835.47247434966,9750666.298151098
1628840231286704141,492834.51400690567,9750633.198135667
1628840231346682161,492806.6938208437,9749672.446296114
1628840231478647725,492807.4796978391,9749699.586177211
1628840231544736939,492779.24980341556,9748724.679129027
1628840231688731763,492778.44235820376,9748696.794234648
1628840231748768245,492778.1187637879,9748685.618990742
1628840231886723564,492749.77192532085,9747706.667680994
1628840231946813579,492749.49764221726,9747697.195332456
1628840232090702003,492719.60698967346,9746664.922266439
1628840232156577503,492719.4251627294,9746658.642845118
1628840232288674325,492688.27734642616,9745582.9461111
1628840232336678650,492688.33590047,9745584.96829738
1628840232486524703,492688.2619374673,9745582.413956817
1628840232552751509,492657.27764748165,9744512.358190397
1628840232678775207,492657.7214225255,9744527.684231903
1628840232750687811,492657.74299492454,9744528.429247811
1628840232882625402,492626.77432249126,9743458.905764954
1628840232942643356,492626.78973124357,9743459.437919106
1628840233080669056,492595.1279050062,9742365.967633383
1628840233146627975,492595.13715019333,9742366.286925836
1628840233290730379,492563.0841505737,9741259.300066918
1628840233350734563,492563.27521643107,9741265.898776751
1628840233488537248,492563.8607408828,9741286.120629491
1628840233548594215,492531.76791878964,9740177.750308808
1628840233692692204,492531.65697809664,9740173.918800358
1628840233752787959,492531.67854989786,9740174.663815891
1628840233896726870,492499.7646947693,9739072.466624057
1628840233944726031,492499.72463313694,9739071.08302396
1628840234088521606,492466.2886663882,9737916.30917838
1628840234154669668,492465.9989921428,9737906.304686753
1628840234286651780,492465.73088940047,9737897.045210471
1628840234418802031,492431.72507755546,9736722.581836373
1628840234490526337,492431.55867023376,9736716.834576031
1628840234616668446,492397.75341517036,9735549.28936378
1628840234688636327,492397.5377036272,9735541.839212526
1628840234820543939,492363.96383508743,9734382.276466878
1628840234886773071,492363.9391825276,9734381.42502114
1628840235012502045,492363.7727777522,9734375.677762397
1628840235090638364,492330.1745168877,9733215.26373249
1628840235216914509,492330.06666276767,9733211.538657898
1628840235288958200,492296.54261310137,9732053.679126585
1628840235426619949,492296.7459936021,9732060.703551976
1628840235487017664,492296.730585988,9732060.171398535
1628840235618654493,492263.41634802957,9730909.549313137
1628840235690723798,492263.4810595145,9730911.784357272
1628840235816507355,492229.501466187,9729738.173409885
1628840235888761641,492229.4798958608,9729737.428395277
1628840236026620533,492229.25802965375,9729729.765387915
1628840236092629616,492194.9397449835,9728544.447238388
1628840236218738095,492195.12155057024,9728550.726646293
1628840236290740249,492195.0938175142,9728549.768770512
1628840236428628291,492160.16568376764,9727343.377527483
1628840236494623786,492160.04242674285,9727339.120302409
1628840236620891505,492125.3025465985,9726139.221505582
1628840236698506652,492125.1792905767,9726134.96428114
1628840236824892088,492090.25481270504,9724928.679826437
1628840236890675635,492090.05760469235,9724921.86826835
1628840237022525407,492089.9898144401,9724919.526795259
1628840237082895702,492055.0748773992,9723713.561813373
1628840237226716655,492054.78831188317,9723703.663769519
1628840237292510772,492054.6958713982,9723700.470852146
1628840237412684848,492020.09243888536,9722505.25553974
1628840237484649999,492020.0616256431,9722504.191234108
1628840237622627358,491985.48312757356,9721309.82754446
1628840237694662599,491985.11337172176,9721297.055878801
1628840237820513589,491950.9018328548,9720115.357603014
1628840237892633520,491950.7015500838,9720108.439618481
1628840238018611634,491950.23935911054,9720092.475038825
1628840238096887811,491916.1082229045,9718913.544135412
1628840238222602387,491914.93734891404,9718873.100539766
1628840238288659275,491914.18244348955,9718847.025063735
1628840238420625987,491880.86197405186,9717696.085566733
1628840238492725710,491880.75413129624,9717692.360499278
1628840238618920694,491847.9515583264,9716559.301492522
1628840238690870949,491847.7358745339,9716551.851358691
1628840238828661169,491815.50667871255,9715438.588583183
1628840238888865621,491815.45121760166,9715436.672834756
1628840239026470257,491815.2663472376,9715430.287006676
1628840239152882136,491783.37017674744,9714328.518879637
1628840239218668583,491783.1544963434,9714321.068747934
1628840239356523007,491752.1890757395,9713251.442770144
1628840239422612988,491752.29691512295,9713255.167835483
1628840239554860978,491722.1882785935,9712215.129662396
1628840239626535904,491721.6490856925,9712196.504338223
1628840239752684918,491720.64772763767,9712161.914450599
1628840239824627258,491690.8073879944,9711131.135869987
1628840239956635730,491690.16960476316,9711109.104775354
1628840240028496140,491689.8430104904,9711097.823152041
1628840240160663936,491659.5715554392,9710052.144458573
1628840240214687801,491659.18642360356,9710038.840659324
1628840240352890796,491630.227720077,9709038.501451913
1628840240424839373,491630.1537753008,9709035.947122796
1628840240562662757,491602.12883070897,9708067.8564475
1628840240622647067,491601.8515397479,9708058.277714523
1628840240754636937,491601.14598838915,9708033.905160682
1628840240826626073,491573.8514447034,9707091.038606193
1628840240958878648,491573.44783516636,9707077.096229995
1628840241024495217,491573.24757090735,9707070.17825708
1628840241156668095,491545.5958450016,9706114.965902386
1628840241228615650,491545.00429935683,9706094.531277314
1628840241354840738,491517.9319739048,9705159.327947363
1628840241426860531,491517.8148979714,9705155.283594992
1628840241558659541,491491.5284290231,9704247.220110176
1628840241630603087,491491.2542266996,9704237.747812355
1628840241756876756,491490.6688510162,9704217.526052993
1628840241816824987,491465.2359647367,9703338.943874676
1628840241948819210,491464.79847631516,9703323.830772113
1628840242026520703,491464.5828130267,9703316.380651146
1628840242158650739,491437.96088664874,9702396.716487413
1628840242350843203,491411.33913057763,9701477.052437173
1628840242422833704,491411.24054298736,9701473.646668427
1628840242560934513,491385.65414935234,9700589.743299106
1628840242620892860,491385.28136749176,9700576.865237584
1628840242758969249,491384.23080062156,9700540.572518868
1628840242830934324,491358.9341975611,9699666.673703382
1628840242962898861,491358.4289429793,9699649.219142834
1628840243028613861,491358.1516691513,9699639.6404206
1628840243160587383,491332.86140663584,9698765.954571655
1628840243232853370,491332.7320130331,9698761.484501813
1628840243364802323,491307.9440732696,9697905.146883257
1628840243496608643,491308.11351618834,9697911.000545466
1628840243556619070,491283.3165048873,9697054.343734855
1628840243700516935,491282.3460654204,9697020.818218892
1628840243766881788,491281.8069324887,9697002.192932311
1628840243892671826,491256.68044999335,9696134.148196803
1628840243952895121,491256.3354072113,9696122.22801483
1628840244096592090,491231.83450461924,9695275.788710194
1628840244156794913,491231.72976016474,9695272.170083944
1628840244294924652,491207.58944294235,9694438.183208372
1628840244355189106,491207.58944294235,9694438.183208372
1628840244498606577,491207.58944294235,9694438.183208372
1628840244558611265,491184.521373657,9693641.23412339
1628840244696841143,491184.521373657,9693641.23412339
1628840244757049099,491184.524454338,9693641.340553548
1628840244900591404,491161.50889288395,9692846.200868672
1628840244966885382,491161.50889288395,9692846.200868672
1628840245098874191,491139.37146580307,9692081.393859765
1628840245158811392,491139.9259818444,9692100.551284444
1628840245296875629,491118.7405933667,9691368.631263537
1628840245356872971,491118.55575571314,9691362.245455956
1628840245500855311,491118.1829998059,9691349.36741068
1628840245560937079,491096.0211859473,9690583.709119443
1628840245698863786,491095.029229955,9690549.438622551
1628840245764607530,491094.6164284698,9690535.176987246
1628840245902606648,491074.3370200932,9689834.547575083
1628840245962603995,491074.3000529977,9689833.27041384
1628840246100856546,491052.76695745345,9689089.32402253
1628840246160869346,491052.68686254096,9689086.556840122
1628840246292862958,491031.8131122896,9688365.386564486
1628840246358464248,491031.8223539586,9688365.70585473
1628840246502957654,491032.01334845735,9688372.304519808
1628840246562863033,491011.5679421295,9687665.928095302
1628840246694872255,491011.36770705896,9687659.010140663
1628840246754951923,491011.23216332495,9687654.327217527
1628840246904868506,490991.42761646473,9686970.088317003
1628840246964901021,490991.3321202541,9686966.788985115
1628840247102850888,490972.19307479524,9686305.53904163
1628840247162842177,490972.04212995485,9686300.323969133
1628840247306575732,490953.3344606028,9685653.974293351
1628840247366836578,490953.25744832034,9685651.313542321
1628840247504472041,490953.3252191288,9685653.655003225
1628840247558818776,490935.3662097658,9685033.167883951
1628840247696840219,490934.62689551484,9685007.624676345
1628840247774466720,490934.40510126826,9684999.961714081
1628840247894845968,490917.28099298343,9684408.317188168
1628840248032466116,490917.02839516976,9684399.589926332
1628840248098959345,490900.25553901313,9683820.078472355
1628840248230599657,490900.5820664092,9683831.360053802
1628840248296832765,490884.1512081852,9683263.662377357
1628840248428834142,490884.55782542826,9683277.71113805
1628840248500829936,490884.77037536853,9683285.054808421
1628840248626835923,490868.4227802313,9682720.230785457
1628840248699000603,490868.3088046832,9682716.292875575
1628840248830830479,490852.6666984626,9682175.841365734
1628840248902841561,490852.58044706774,9682172.861326052
1628840249034595281,490852.5249997435,9682170.945586257
1628840249100827300,490836.5964905158,9681620.596130205
1628840249238891189,490836.07590406155,9681602.60946358
1628840249304799032,490820.3846431538,9681060.455160487
1628840249430824002,490820.5325013844,9681065.563799126
1628840249508449436,490820.6249127816,9681068.756698279
1628840249634572061,490805.33419287874,9680540.438331189
1628840249700795432,490805.1185671958,9680532.988233738
1628840249838588430,490790.046621878,9680012.226434032
1628840249904802834,490789.9757737363,9680009.778545054
1628840250030596295,490789.9757737363,9680009.778545054
1628840250108896153,490775.0209390745,9679493.061122717
1628840250234786720,490774.337103382,9679469.433674382
1628840250306819196,490759.64108127856,9678961.656407187
1628840250433011252,490759.44085995405,9678954.738461124
1628840250504968086,490759.34228945983,9678951.332703065
1628840250636798915,490744.27670038055,9678430.783881795
1628840250708871829,490743.72532402835,9678411.732924113
1628840250834794314,490729.5900689095,9677923.325979779
1628840250906887041,490729.3220826024,9677914.06657644
1628840251032558813,490728.7737888403,9677895.12205011
1628840251104761528,490715.24231258954,9677427.575406278
1628840251230852317,490715.24231258954,9677427.575406278
1628840251302567404,490702.0220053423,9676970.778214647
1628840251428883127,490702.2222234744,9676977.696158722
1628840251500857469,490702.33619380073,9676981.634065354
1628840251638791823,490688.24729718815,9676494.823671086
1628840251710852257,490687.60044116806,9676472.473391822
1628840251830822801,490675.66777205036,9676060.163959762
1628840251908876281,490675.2026533921,9676044.09304568
1628840252034952979,490674.6204850899,9676023.97779566
1628840252100839138,490661.89315267507,9675584.209479658
1628840252232815502,490661.4526777596,9675568.99000579
1628840252370852425,490649.0580673649,9675140.716145769
1628840252442810814,490649.147394131,9675143.802612301
1628840252502734337,490649.2398011328,9675146.995508717
1628840252634818025,490636.5218120931,9674707.546538282
1628840252772444695,490635.66243013483,9674677.85260359
1628840252832855281,490623.1292968347,9674244.789455455
1628840252970840251,490622.39928693575,9674219.56557715
1628840253036767374,490622.13438886567,9674210.41260867
1628840253162859764,490608.98527151183,9673756.063518155
1628840253234849143,490608.29530709,9673732.223229814
1628840253366985880,490596.25818696484,9673316.295347676
1628840253432816742,490596.1935030266,9673314.060320783
1628840253564808954,490584.44287696533,9672908.03043993
1628840253636852788,490584.1749015513,9672898.77104337
1628840253768706767,490583.27548996353,9672867.693528568
1628840253834837883,490572.6491756293,9672500.510565342
1628840253966839242,490572.5629309538,9672497.530529842
1628840254038831681,490572.4181631103,9672492.528327404
1628840254170688675,490560.32262951427,9672074.578354651
1628840254236830580,490559.5803119277,9672048.92876506
1628840254368801415,490548.31340110104,9671659.608442213
1628840254434826287,490548.2949202263,9671658.969863256
1628840254567700797,490537.4592532431,9671284.549737949
1628840254639706529,490537.4808141974,9671285.294746695
1628840254771561191,490537.48697447,9671285.507606333
1628840254837817878,490527.01480574976,9670923.646219498
1628840254969567235,490526.947042953,9670921.30476358
1628840255041420650,490516.6781782027,9670566.467764065
1628840255168468146,490515.95435052406,9670541.456759041
1628840255240880312,490515.4184101253,9670522.937972406
1628840255372784839,490505.2450588372,9670171.400317814
1628840255438934167,490505.3929040278,9670176.508948341
1628840255570810053,490495.42903469293,9669832.20853784
1628840255642809055,490495.12410486117,9669821.671987923
1628840255769151315,490494.84381584707,9669811.986876398
1628840255834813651,490484.74753098004,9669463.11000355
1628840255972810109,490484.5504052223,9669456.298496906
1628840256038792695,490484.587366301,9669457.5756544
1628840256176712444,490473.055774334,9669059.102520501
1628840256242818785,490472.5290807319,9669040.903027292
1628840256374815067,490461.7121322439,9668667.121625934
1628840256440799989,490461.60432980326,9668663.396583676
1628840256578637317,490450.593346258,9668282.910128387
1628840256632952890,490450.02045514877,9668263.114190698
1628840256770498407,490448.5882277835,9668213.624346731
1628840256848740920,490437.81444540207,9667841.333009027
1628840256974798183,490437.11527441407,9667817.173452267
1628840257106790221,490425.63928883884,9667420.616151229
1628840257172477156,490425.2542841153,9667407.31243137
1628840257256823696,490424.7583980936,9667390.177240234
1628840257376777953,490413.4395309952,9666999.04788199
1628840257508839907,490413.10072802304,9666987.340609252
1628840257568780678,490402.4594950628,9666619.625818947
1628840257706834930,490402.03753269865,9666605.044943731
1628840257772816938,490401.9728523408,9666602.809919069
1628840257910835191,490391.8552727754,9666253.188205278
1628840257970852016,490391.92303295265,9666255.529659566
1628840258108868769,490381.35579330835,9665890.369223012
1628840258174776122,490380.6196736963,9665864.9325165
1628840258312482523,490369.82145979884,9665491.789872037
1628840258372958546,490369.8768995915,9665493.705607144
1628840258516493169,490369.9107794651,9665494.876334153
1628840258570894466,490360.28916125203,9665162.389864191
1628840258708830535,490359.0109698036,9665118.221529337
1628840258769295310,490358.45657365845,9665099.06417937
1628840258918803665,490348.48387304414,9664754.444741484
1628840258978843453,490347.9910779679,9664737.415986888
1628840259110877277,490337.40240401885,9664371.510626052
1628840259176458376,490336.8480113417,9664352.353278242
1628840259314880189,490326.0129739128,9663977.933562407
1628840259374835272,490326.1115322949,9663981.33931293
1628840259513064785,490326.23165032687,9663985.490071386
1628840259572847615,490316.15739574167,9663637.358511638
1628840259716792284,490315.618406182,9663618.733314445
1628840259782471015,490315.3165720651,9663608.30320404
1628840259914837266,490306.06160741247,9663288.481962482
1628840259974852472,490306.0308080972,9663287.417665554
1628840260118409571,490295.6147278956,9662927.472447712
1628840260184801735,490295.4206928034,9662920.767377434
1628840260316766672,490284.5087771147,9662543.687001023
1628840260364828561,490284.59809457045,9662546.773461765
1628840260508774355,490284.4502587827,9662541.66483709
1628840260586815777,490273.67079808045,9662169.160958834
1628840260718823221,490273.9633888314,9662179.27177794
1628840260772427887,490273.9633888314,9662179.27177794
1628840261108825895,490250.96321073297,9661384.455000723
1628840261246862170,490250.6706219452,9661374.344182841
1628840261318804972,490238.0310259411,9660937.556858921
1628840261438806285,490237.7476778684,9660927.76533069
1628840261510804746,490237.57520514005,9660921.805270039
1628840261648836678,490223.37115999067,9660430.951713566
1628840261708810952,490223.0016372074,9660418.180154258
1628840261846713585,490212.58910572965,9660058.341516934
1628840261912762487,490216.830302717,9660204.895126438
1628840262116431223,490214.6667652268,9660130.075041713
1628840262242805192,490218.15463018604,9660250.553354513
1628840262314802112,490204.08383916283,9659764.276301289
1628840262440809491,490208.6749030137,9659922.856399631
1628840262512825019,490211.1216335156,9660007.361494372
1628840262644786914,490193.47382213816,9659397.413178716
1628840262716658083,490196.3243939777,9659495.86053694
1628840262842808417,490169.484037589,9658568.219839137
1628840262914773259,490169.67089140124,9658574.605556346
1628840263046670205,490174.71017459757,9658748.617871543
1628840263124796182,490156.0494377076,9658103.654328289
1628840263244801122,490156.44853333646,9658117.277176935
1628840263316743845,490139.5805811411,9657534.255715473
1628840263448471839,490148.11420949944,9657828.95911744
1628840263520919151,490152.26594963204,9657972.319701323
1628840263646839283,490136.8428040067,9657439.10720458
1628840263718786725,490143.48949749366,9657668.675746556
1628840263838770562,490114.8084298288,9656677.283882044
1628840263910877108,490115.24367477343,9656692.183905963
1628840264048732933,490099.72730858333,9656155.67213737
1628840264126618454,490103.8309628136,9656297.329774836
1628840264246784285,490114.1445802246,9656653.44290218
1628840264318774855,490096.9613936311,9656059.459274963
1628840264456772972,490112.1786237793,9656585.008264935
1628840264528754214,490120.0496759947,9656856.82927263
1628840264648841430,490082.90695165744,9655572.86252075
1628840264726708076,490086.19583204313,9655686.316269819
1628840264852851270,490071.30171253905,9655171.196836961
1628840264912802070,490077.426501476,9655382.672221154
1628840265044561055,490066.5062440026,9655004.846911673
1628840265122411830,490073.75353930856,9655255.06260746
1628840265248860663,490088.1962195049,9655753.68471393
1628840265320858670,490071.13287590316,9655163.745415155
1628840265440825447,490085.53113877046,9655660.877537932
1628840265572860669,490081.51780263917,9655521.667231286
1628840265650799097,490098.11728951463,9656095.003070612
1628840265722797043,490112.6401366625,9656596.60544878
1628840265842825648,490107.63818852353,9656423.231225789
1628840265980823155,490144.34728128405,9657691.23289383
1628840266052796738,490120.00570023444,9656849.693791848
1628840266178636020,490150.57541447383,9657905.581379283
1628840266244796780,490167.5234542388,9658490.94397024
1628840266376751669,490166.9935445666,9658471.998969398
1628840266454759470,490184.2069017574,9659066.514548227
1628840266586791359,490194.0057377186,9659404.428024163
1628840266646796228,490211.88336153026,9660021.93252243
1628840266844795568,490248.2677217431,9661278.22725377
1628840266988753573,490308.320962083,9663352.75394876
1628840267048805513,490288.53094599047,9662668.517169705
1628840267174812281,490341.8266914083,9664509.537530387
1628840267246811706,490369.70153780904,9665472.406910194
1628840267384629276,490392.9979048934,9666276.695809714
1628840267456690782,490421.92369557684,9667275.857985105
1628840267576753977,490435.125459662,9667731.270284794
1628840267654713060,490463.85787555884,9668723.7275921
1628840267786690414,490521.2663173377,9670706.726957759
1628840267846837225,490513.38839763944,9670434.053401344
1628840267984874985,490561.127004532,9672082.863555958
1628840268056813254,490562.0354199261,9672113.727768494
1628840268194546840,490596.7714636439,9673313.191442614
1628840268242804017,490607.5333292402,9673684.737807795
1628840268380832726,490647.81357931334,9675075.669038631
1628840268452921420,490660.15067412594,9675501.494621193
1628840268578959913,490703.71297288546,9677005.880564775
1628840268650845548,490715.8041531819,9677423.191864565
1628840268782806097,490734.77344019216,9678077.735140992
1628840268854772038,490759.980164609,9678948.225188673
1628840268980786504,490802.10952532274,9680403.015483033
1628840269052719554,490812.5143416515,9680762.003326196
1628840269184737339,490866.76507336315,9682635.596038856
1628840269250786034,490903.1756146401,9683893.17262813
1628840269388610742,490941.0169752397,9685199.706868941
1628840269454860798,490982.18429970846,9686621.611927383
1628840269586786046,490973.81398413505,9686331.376296146
1628840269652785943,490998.98917892785,9687200.69661784
1628840269796644561,491041.147592958,9688656.34001153
1628840269844792432,491028.79190848407,9688228.916339902
1628840269988714558,491078.2384525391,9689936.267074082
1628840270054787982,491068.56503098825,9689601.437446684
1628840270186774294,491105.4458344928,9690874.6600507
1628840270324783356,491121.3068513418,9691421.497074783
1628840270384761961,491142.2399513647,9692144.263743246
1628840270522644614,491201.64533058106,9694195.70420409
1628840270588766412,491191.239520061,9693835.543967603
1628840270726729831,491289.9106061742,9697243.544333393
1628840270924651696,491359.3540761287,9699641.203408353
1628840270990780368,491398.271638399,9700985.20431933
1628840271117146921,491386.74541576725,9700585.77049326
1628840271182509158,491403.9158823574,9701178.48025514
1628840271326707693,491422.01029791345,9701802.267003158
1628840271386808721,491440.73655026685,9702448.724162856
1628840271524580239,491480.19416468946,9703810.818283716
1628840271579614419,491472.524198421,9703545.274184292
1628840271729441690,491541.52001778607,9705927.822566433
1628840271783691868,491576.04025980027,9707119.948562229
1628840271921519278,491593.59325926605,9707725.11057704
1628840271981526322,491619.913517955,9708633.919156594
1628840272131603460,491619.1463894159,9708606.033237945
1628840272191650604,491636.27458132146,9709197.25360951
1628840272323655049,491655.2757657799,9709852.544597361
1628840272383513676,491678.32180268207,9710648.217895236
1628840272527390445,491735.45103489835,9712620.692000467
1628840272593655490,491720.82943407795,9712114.82752286
1628840272725523846,491792.6848891654,9714596.146153277
1628840272785408422,491828.6331869474,9715837.550821085
1628840272923610499,491851.53251997783,9716627.370425802
1628840272995646802,491892.2188276701,9718032.359049296
1628840273127390625,491888.4780915648,9717901.874186836
1628840273193451712,491916.2140294679,9718859.535579538
1628840273325506190,491918.07095087116,9718922.328454843
1628840273385498910,491946.24752349977,9719895.209541885
1628840273529406951,492026.78348617785,9722676.239104986
1628840273584855236,491979.5896522578,9721045.190068088
1628840273728734058,492056.235135715,9723691.798190687
1628840273788947574,492078.06002106785,9724445.219947262
1628840273926643476,492053.6492788128,9723600.4790775
1628840273986643485,492065.570065893,9724011.726421809
1628840274124865965,492124.4440507883,9726044.337204546
1628840274196858916,492171.8633356597,9727681.878481936
1628840274328669628,492206.283634312,9728869.750023969
1628840274460649932,492312.33147055615,9732532.135514542
1628840274527158866,492359.5178875329,9734161.589367423
1628840274658831345,492326.1805712059,9733008.624208568
1628840274730770596,492348.5544821315,9733780.884992266
1628840274856682436,492376.43653589784,9734742.804909457
1628840274928747647,492414.4826491222,9736056.479122961
1628840275060877283,492437.65425562544,9736855.66665703
1628840275132751594,492474.4253101137,9738125.278856296
1628840275259061215,492535.3829256145,9740229.840455418
1628840275330646784,492538.01016134175,9740319.880322352
1628840275462629422,492613.1305403017,9742913.7050848
1628840275660761296,492668.74607692525,9744832.97112625
1628840275732622442,492707.8127375331,9746181.875559507
1628840275864625149,492700.28952456353,9745920.693078991
1628840275924592602,492731.2380890339,9746989.258778125
1628840276074721485,492729.838749463,9746939.44788602
1628840276134719001,492763.3410634766,9748096.24495134
1628840276254762000,492833.2356518223,9750509.671779867
1628840276320655516,492723.2755055616,9746710.300137632
1628840276530543169,492841.7604109746,9750801.609728206
1628840276657509583,492767.36896940094,9748230.450199166
1628840276735509766,492801.6461535263,9749413.855039481
1628840276855510803,492764.1393453073,9748116.993262505
1628840276927371695,492805.36079261964,9749540.399928011
1628840277059527187,492751.8953036808,9747692.11947258
1628840277137499326,492775.5093638369,9748507.166820819
1628840277263772050,492789.59569882846,9748992.597264405
1628840277329419682,492749.7473755109,9747615.38066271
1628840277467615197,492768.91348890925,9748276.209132787
1628840277533426125,492781.27114781784,9748702.570944728
1628840277671511310,492776.4662216887,9748535.26042989
1628840277731404218,492805.5029275987,9749537.839331064
1628840277863507784,492759.3746278331,9747942.970829621
1628840277929639444,492790.6075618547,9749021.328403572
1628840278061504785,492714.3670770315,9746386.097854191
1628840278133484305,492729.52214921865,9746908.992307749
1628840278271373041,492755.8616567437,9747817.591848584
1628840278331433566,492731.36029003235,9746970.507706938
1628840278469555105,492797.12896246876,9749241.316696633
1628840278535511416,492828.7136943446,9750331.914066555
1628840278661507929,492808.9524412056,9749647.881278409
1628840278733633541,492834.43747174944,9750527.638893008
1628840278871638677,492812.59209492704,9749771.44577784
1628840278931633963,492838.99847118626,9750683.13277382
1628840279063500755,492828.48684498057,9750318.585437346
1628840279195419838,492931.55255426903,9753878.012592917
1628840279273726427,492995.7687341787,9756095.735060627
1628840279333610541,492907.45168784255,9753043.846180366
1628840279465491565,492999.1004755374,9756208.803427273
1628840279597503856,492974.2512144616,9755348.862884922
1628840279663483704,493030.8492633028,9757303.496709354
1628840279735630695,493093.5287801424,9759468.222130213
1628840279855624986,493081.45601834916,9759049.809766931
1628840279993537696,493213.6254852392,9763614.530435314
1628840280065494513,493127.38327262056,9760634.224679977
1628840280197629250,493232.8584989923,9764276.822003359
1628840280263625594,493293.6499138373,9766376.295993846
1628840280395536544,493307.24722526077,9766844.655055132
1628840280467654277,493382.99134008394,9769460.705811912
1628840280599378169,493369.04896224395,9768977.611859307
1628840280671369464,493449.1485375721,9771744.123673573
1628840280797630796,493463.8094736354,9772249.23337522
1628840280875540208,493537.2382539136,9774785.166104004
1628840280995539212,493643.6979618346,9778461.782950459
1628840281061481893,493591.1681643821,9776646.392595666
1628840281199619202,493772.0172729967,9782892.699197335
1628840281283659142,493900.4572388592,9787328.973268483
1628840281409500321,493966.21993563534,9789599.502804797
1628840281469494994,494067.46475190495,9793096.436045684
1628840281607387559,494097.95384761004,9794148.459862329
1628840281673364718,494191.93401745433,9797394.319371652
1628840281811474003,494268.31275182177,9800031.454309614
1628840281859539632,494341.7471778342,9802567.723455489
1628840281991493379,494544.76269823604,9809579.426662197
1628840282069584108,494511.4704366368,9808428.681135902
1628840282207476714,494714.82831109624,9815452.128693352
1628840282267366446,494811.4402870854,9818788.820539594
1628840282393496191,494872.2999482067,9820889.933965897
1628840282465360425,494989.44121799996,9824935.62215006
1628840282603620849,495092.7101196972,9828501.576717105
1628840282663593186,495183.7503553396,9831645.73034584
1628840282801430383,495394.1610864152,9838912.427735213
1628840282861545530,495466.51770135487,9841411.141092269
1628840283005366360,495789.3880960489,9852561.843844296
1628840283071370734,495792.7684462107,9852678.186913596
1628840283197471792,496071.38260746305,9862300.168622991
1628840283269474245,496206.74688444805,9866974.882080091
1628840283401492182,496309.31547749066,9870516.540804988
1628840283467359053,496428.3022761196,9874625.576694686
1628840283593597110,496617.0868573505,9881144.8217069
1628840283671723161,496786.8388872665,9887006.970425844
1628840283809449307,496995.19767376926,9894202.130642638
1628840283941416053,497277.9610180601,9903966.793617744
1628840283996189141,497398.2871093772,9908121.961564608
1628840284079475311,497450.5056591273,9909924.977003936
1628840284211364293,497667.1374330108,9917405.715764752
1628840284337500933,497913.981564074,9925929.786129067
1628840284397613583,498033.9157633031,9930071.374110112
1628840284487380127,498196.591851357,9935688.926612368
1628840284619488567,498477.634063814,9945393.89580444
1628840284739482199,498714.143530075,9953561.052114002
1628840284799464759,498829.6603126968,9957550.085570626
1628840284937622938,499112.5049192892,9967317.335747764
1628840284997577004,499238.875206142,9971681.198590714
1628840285141495399,499558.6101361667,9982722.460426128
1628840285201490726,499700.3053105384,9987615.585954448
1628840285339613702,inf,inf
1628840285405450511,inf,inf
1628840285537348432,inf,inf
1628840285603470717,inf,inf
1628840285741586315,inf,inf
1628840285813648075,inf,inf
1628840285933587258,inf,inf
1628840286005484763,inf,inf
1628840286143486937,inf,inf
1628840286215361238,inf,inf
1628840286341563280,inf,inf
1628840286407469482,inf,inf
1628840286545484093,inf,inf
1628840286605457137,inf,inf
1628840286743599591,inf,inf
1628840286803605790,inf,inf
1628840286935575552,inf,inf
1628840287007461757,inf,inf
1628840287145368333,inf,inf
1628840287199479436,inf,inf
1628840287337599768,inf,inf
1628840287421404119,inf,inf
1628840287535520243,inf,inf
1628840287607496120,inf,inf
1628840287745457768,inf,inf
1628840287811485265,inf,inf
1628840287937526583,inf,inf
1628840288081352459,inf,inf
1628840288141338116,inf,inf
1628840288273427105,inf,inf
1628840288339624681,inf,inf
1628840288399530569,inf,inf
1628840288543361586,inf,inf
1628840288675354412,inf,inf
1628840288741601218,inf,inf
1628840288885634672,inf,inf
1628840288939688007,inf,inf
1628840289071555666,inf,inf
1628840289143596985,inf,inf
1628840289287470809,inf,inf
1628840289341523684,inf,inf
1628840289479327830,inf,inf
1628840289545357861,inf,inf
1628840289677410199,inf,inf
1628840289749459524,inf,inf
1628840289875471939,inf,inf
1628840289953605264,inf,inf
1628840290091360196,inf,inf
1628840290145598743,inf,inf
1628840290277476302,inf,inf
1628840290337476649,inf,inf
1628840290475600357,inf,inf
1628840290547597896,inf,inf
1628840290673395129,inf,inf
1628840290745530660,inf,inf
1628840290889446073,inf,inf
1628840290949374661,inf,inf
1628840291069600467,inf,inf
1628840291147488950,inf,inf
1628840291279506631,inf,inf
1628840291339465523,inf,inf
1628840291477551197,inf,inf
1628840291543469528,inf,inf
1628840291681353864,inf,inf
1628840291741467539,inf,inf
1628840291879592831,inf,inf
1628840291939554161,inf,inf
1628840292083442665,inf,inf
1628840292149492695,inf,inf
1628840292275448253,inf,inf
1628840292401523429,inf,inf
1628840292491498552,inf,inf
1628840292551479524,inf,inf
1628840292683602302,inf,inf
1628840292803469575,inf,inf
1628840292881575701,inf,inf
1628840293019445827,inf,inf
1628840293073514937,inf,inf
1628840293205438837,inf,inf
1628840293283595591,inf,inf
1628840293421371330,inf,inf
1628840293475577487,inf,inf
1628840293607574630,inf,inf
1628840293685614653,inf,inf
1628840293823440596,inf,inf
1628840293877624289,inf,inf
1628840294009467344,inf,inf
1628840294075490572,inf,inf
1628840294225558548,inf,inf
1628840294279380398,inf,inf
1628840294411339026,inf,inf
1628840294477493677,inf,inf
1628840294609467970,inf,inf
1628840294681318767,inf,inf
1628840294807531122,inf,inf
1628840294891317914,inf,inf
1628840295017336034,inf,inf
1628840295083343031,inf,inf
1628840295209557175,inf,inf
1628840295287617366,inf,inf
1628840295425461062,inf,inf
1628840295479508120,inf,inf
1628840295617493626,inf,inf
1628840295677347199,inf,inf
1628840295827334354,inf,inf
1628840295869485748,inf,inf
1628840296013430195,inf,inf
1628840296085335904,inf,inf
1628840296211555510,inf,inf
1628840296277321107,inf,inf
1628840296415425846,inf,inf
1628840296493539142,inf,inf
1628840296613578343,inf,inf
1628840296685554486,inf,inf
1628840296811757739,inf,inf
1628840296895451282,inf,inf
1628840297027658711,inf,inf
1628840297153493803,inf,inf
1628840297213481272,inf,inf
1628840297285494478,inf,inf
1628840297429373428,inf,inf
1628840297549435534,inf,inf
1628840297609553292,inf,inf
1628840297753455314,inf,inf
1628840297819456136,inf,inf
1628840297951578693,inf,inf
1628840298005711757,inf,inf
1628840298149558016,inf,inf
1628840298221428517,inf,inf
1628840298353418398,inf,inf
1628840298413344566,inf,inf
1628840298551543161,inf,inf
1628840298629483741,inf,inf
1628840298755445355,inf,inf
1628840298815323934,inf,inf
1628840298953568931,inf,inf
1628840299025393945,inf,inf
1628840299151491738,inf,inf
1628840299211505610,inf,inf
1628840299361358326,inf,inf
1628840299415465839,inf,inf
1628840299553485380,inf,inf
1628840299613474266,inf,inf
1628840299757364089,inf,inf
1628840299823526099,inf,inf
1628840299961435598,inf,inf
1628840300021307944,inf,inf
1628840300153481963,inf,inf
1628840300219319357,inf,inf
1628840300357562538,inf,inf
1628840300405537174,inf,inf
1628840300555467212,inf,inf
1628840300615493054,inf,inf
1628840300759318135,inf,inf
1628840300819275010,inf,inf
1628840300957493817,inf,inf
1628840301023408721,inf,inf
1628840301155428123,inf,inf
1628840301287543441,inf,inf
1628840301359568926,inf,inf
1628840301479590855,inf,inf
1628840301551420082,inf,inf
1628840301683335931,inf,inf
1628840301755314447,inf,inf
1628840301881560305,inf,inf
1628840301947485862,inf,inf
1628840302085420087,inf,inf
1628840302163561024,inf,inf
1628840302289292782,inf,inf
1628840302349743893,inf,inf
1628840302493437642,inf,inf
1628840302553433176,inf,inf
1628840302685359392,inf,inf
1628840302757318100,inf,inf
1628840302889416731,inf,inf
1628840302955436239,inf,inf
1628840303087298546,inf,inf
1628840303159290891,inf,inf
1628840303285540188,inf,inf
1628840303363466697,inf,inf
1628840303489565840,inf,inf
1628840303555540252,inf,inf
1628840303687575344,inf,inf
1628840303759433829,inf,inf
1628840303885454640,inf,inf
1628840303963509154,inf,inf
1628840304095453980,inf,inf
1628840304155453928,inf,inf
1628840304281323512,inf,inf
1628840304359429812,inf,inf
1628840304491290165,inf,inf
1628840304557528402,inf,inf
1628840304683432175,inf,inf
1628840304755406020,inf,inf
1628840304893325382,inf,inf
1628840304959548241,inf,inf
1628840305085307332,inf,inf
1628840305157449078,inf,inf
1628840305289465612,inf,inf
1628840305361426214,inf,inf
1628840305481531449,inf,inf
1628840305571466586,inf,inf
1628840305691466361,inf,inf
1628840305757421480,inf,inf
1628840305883426444,inf,inf
1628840306027289534,inf,inf
1628840306093294137,inf,inf
1628840306225494929,inf,inf
1628840306285427800,inf,inf
1628840306417385454,inf,inf
1628840306495513711,inf,inf
1628840306621459475,inf,inf
1628840306687301407,inf,inf
1628840306813551085,inf,inf
1628840306897525366,inf,inf
1628840307023264831,inf,inf
1628840307095455478,inf,inf
1628840307215458101,inf,inf
1628840307293555305,inf,inf
1628840307431284935,inf,inf
1628840307485467640,inf,inf
1628840307617459863,inf,inf
1628840307689454030,inf,inf
1628840307815525757,inf,inf
1628840307887538359,inf,inf
1628840308025394086,inf,inf
1628840308091400314,inf,inf
1628840308229515163,inf,inf
1628840308289544191,inf,inf
1628840308415299575,inf,inf
1628840308488023286,inf,inf
1628840308631414865,inf,inf
1628840308697277824,inf,inf
1628840308823515226,inf,inf
1628840308889466182,inf,inf
1628840309033385040,inf,inf
1628840309093412581,inf,inf
1628840309219520952,inf,inf
1628840309291466853,inf,inf
1628840309429395244,inf,inf
1628840309495414181,inf,inf
1628840309621581785,inf,inf
1628840309693522138,inf,inf
1628840309825526278,inf,inf
1628840309891498796,inf,inf
1628840310017417785,inf,inf
1628840310095509782,inf,inf
1628840310233442834,inf,inf
1628840310365483499,inf,inf
1628840310425454609,inf,inf
1628840310563540703,inf,inf
1628840310635427455,inf,inf
1628840310761393775,inf,inf
1628840310827434094,inf,inf
1628840310965512100,inf,inf
1628840311031415021,inf,inf
1628840311157531911,inf,inf
1628840311229511194,inf,inf
1628840311367553193,inf,inf
1628840311427545102,inf,inf
1628840311559528802,inf,inf
1628840311619529894,inf,inf
1628840311763280611,inf,inf
1628840311829455332,inf,inf
1628840311961515629,inf,inf
1628840312027265358,inf,inf
1628840312159444859,inf,inf
1628840312231439242,inf,inf
1628840312363399624,inf,inf
1628840312423388948,inf,inf
1628840312573430785,inf,inf
1628840312633451293,inf,inf
1628840312771256892,inf,inf
1628840312825569236,inf,inf
1628840312975507912,inf,inf
1628840313029265289,inf,inf
1628840313173443348,inf,inf
1628840313227497024,inf,inf
1628840313371400289,inf,inf
1628840313437381228,inf,inf
1628840313563521842,inf,inf
1628840313623478674,inf,inf
1628840313773318725,inf,inf
1628840313839404005,inf,inf
1628840313971519006,inf,inf
1628840314175279383,inf,inf
1628840314241399284,inf,inf
1628840314367428964,inf,inf
1628840314427431474,inf,inf
1628840314571474481,inf,inf
1628840314637436203,inf,inf
1628840314775339323,inf,inf
1628840314901399190,inf,inf
1628840314967500902,inf,inf
1628840315105328417,inf,inf
1628840315159467406,inf,inf
1628840315231440277,inf,inf
1628840315375272615,inf,inf
1628840315501472765,inf,inf
1628840315573525451,inf,inf
1628840315711440639,inf,inf
1628840315777314188,inf,inf
1628840315903517989,inf,inf
1628840315963492709,inf,inf
1628840316101460721,inf,inf
1628840316179406752,inf,inf
1628840316299258480,inf,inf
1628840316371529796,inf,inf
1628840316503436054,inf,inf
1628840316569310958,inf,inf
1628840316707389695,inf,inf
1628840316767394545,inf,inf
1628840316917490642,inf,inf
1628840316977477190,inf,inf
1628840317097428055,inf,inf
1628840317175392520,inf,inf
1628840317319511219,inf,inf
1628840317367520680,inf,inf
1628840317511259299,inf,inf
1628840317577437929,inf,inf
1628840317697513102,inf,inf
1628840317775254084,inf,inf
1628840317901486905,inf,inf
1628840317967434461,inf,inf
1628840318111389051,inf,inf
1628840318171367614,inf,inf
1628840318309515078,inf,inf
1628840318370087529,inf,inf
1628840318513386630,inf,inf
1628840318573362927,inf,inf
1628840318699546873,inf,inf
1628840318777256504,inf,inf
1628840318909302267,inf,inf
1628840318969423105,inf,inf
1628840319101486269,inf,inf
1628840319233497463,inf,inf
1628840319305494602,inf,inf
1628840319431408933,inf,inf
1628840319509391752,inf,inf
1628840319635363022,inf,inf
1628840319719322035,inf,inf
1628840319845384189,inf,inf
1628840319905393079,inf,inf
1628840320037252210,inf,inf
1628840320115479359,inf,inf
1628840320253427969,inf,inf
1628840320307378071,inf,inf
1628840320433490558,inf,inf
1628840320523251754,inf,inf
1628840320655417489,inf,inf
1628840320715407716,inf,inf
1628840320835416484,inf,inf
1628840320907383617,inf,inf
1628840321039484132,inf,inf
1628840321105421896,inf,inf
1628840321243405028,inf,inf
1628840321315513793,inf,inf
1628840321447510539,inf,inf
1628840321513372080,inf,inf
1628840321639411258,inf,inf
1628840321723238002,inf,inf
1628840321849456017,inf,inf
1628840321909483628,inf,inf
1628840322035226466,inf,inf
1628840322119412255,inf,inf
1628840322251483131,inf,inf
1628840322311502924,inf,inf
1628840322437375155,inf,inf
1628840322515352708,inf,inf
1628840322641418036,inf,inf
1628840322707242532,inf,inf
1628840322839461138,inf,inf
1628840322911399340,inf,inf
1628840323043416247,inf,inf
1628840323115371577,inf,inf
1628840323235374143,inf,inf
1628840323325456570,inf,inf
1628840323451416437,inf,inf
1628840323505517744,inf,inf
1628840323643487756,inf,inf
1628840323703491834,inf,inf
1628840323853407259,inf,inf
1628840323973393296,inf,inf
1628840324039253675,inf,inf
1628840324105398464,inf,inf
1628840324249455696,inf,inf
1628840324375413707,inf,inf
1628840324441232420,inf,inf
1628840324579354255,inf,inf
1628840324645483471,inf,inf
1628840324783239449,inf,inf
1628840324837391261,inf,inf
1628840324981318193,inf,inf
1628840325053242515,inf,inf
1628840325179490479,inf,inf
1628840325239487235,inf,inf
1628840325377416505,inf,inf
1628840325449381502,inf,inf
1628840325587363108,inf,inf
1628840325641470277,inf,inf
1628840325779235223,inf,inf
1628840325839416332,inf,inf
1628840325983364677,inf,inf
1628840326043367759,inf,inf
1628840326181474965,inf,inf
1628840326253398161,inf,inf
1628840326385366509,inf,inf
1628840326445359788,inf,inf
1628840326583483772,inf,inf
1628840326655497352,inf,inf
1628840326781509565,inf,inf
1628840326847359823,inf,inf
1628840326985438515,inf,inf
1628840327051361204,inf,inf
1628840327177449028,inf,inf
1628840327243396356,inf,inf
1628840327387358463,inf,inf
1628840327447481998,inf,inf
1628840327579462940,inf,inf
1628840327645432885,inf,inf
1628840327783367800,inf,inf
1628840327861333045,inf,inf
1628840327987437261,inf,inf
1628840328119402123,inf,inf
1628840328179402076,inf,inf
1628840328257682349,inf,inf
1628840328383237595,inf,inf
1628840328515221854,inf,inf
1628840328581496472,inf,inf
1628840328713358503,inf,inf
1628840328785344982,inf,inf
1628840328929230226,inf,inf
1628840328983480088,inf,inf
1628840329115504686,inf,inf
1628840329181377143,inf,inf
1628840329325248186,inf,inf
1628840329391204190,inf,inf
1628840329517342401,inf,inf
1628840329583372600,inf,inf
1628840329715364440,inf,inf
1628840329787211174,inf,inf
1628840329913464876,inf,inf
1628840329985457928,inf,inf
1628840330117359445,inf,inf
1628840330183464048,inf,inf
1628840330315427741,inf,inf
1628840330375632738,inf,inf
1628840330525263474,inf,inf
1628840330585386893,inf,inf
1628840330723216617,inf,inf
1628840330783228893,inf,inf
1628840330927381355,inf,inf
1628840330987373181,inf,inf
1628840331125348499,inf,inf
1628840331185636717,inf,inf
1628840331317389644,inf,inf
1628840331383334339,inf,inf
1628840331521319321,inf,inf
1628840331587466128,inf,inf
1628840331725335652,inf,inf
1628840331785188369,inf,inf
1628840331923335326,inf,inf
1628840331983346031,inf,inf
1628840332133615756,inf,inf
1628840332181602512,inf,inf
1628840332319923521,inf,inf
1628840332451377614,inf,inf
1628840332535725280,inf,inf
1628840332589339862,inf,inf
1628840332721214587,inf,inf
1628840332841387006,inf,inf
1628840332925740986,inf,inf
1628840332991436691,inf,inf
1628840333111582825,inf,inf
1628840333255748807,inf,inf
1628840333327345455,inf,inf
1628840333459697275,inf,inf
1628840333513771212,inf,inf
1628840333645578948,inf,inf
1628840333729327965,inf,inf
1628840333867578184,inf,inf
1628840333921240040,inf,inf
1628840334053259787,inf,inf
1628840334137356929,inf,inf
1628840334257731532,inf,inf
1628840334323257648,inf,inf
1628840334449361307,inf,inf
1628840334527208560,inf,inf
1628840334653589889,inf,inf
1628840334725360682,inf,inf
1628840334851324618,inf,inf
1628840334929563247,inf,inf
1628840335055190221,inf,inf
1628840335121385571,inf,inf
1628840335253358613,inf,inf
1628840335331589497,inf,inf
1628840335469337415,inf,inf
1628840335529237048,inf,inf
1628840335649361601,inf,inf
1628840335721395898,inf,inf
1628840335865557872,inf,inf
1628840335913563835,inf,inf
1628840336051250059,inf,inf
1628840336123377452,inf,inf
1628840336255317879,inf,inf
1628840336321549076,inf,inf
1628840336453378170,inf,inf
1628840336531318797,inf,inf
1628840336663320143,inf,inf
1628840336723537624,inf,inf
1628840336855556583,inf,inf
1628840336933807263,inf,inf
1628840337059551706,inf,inf
1628840337185381230,inf,inf
1628840337245614112,inf,inf
1628840337335639806,inf,inf
1628840337467523114,inf,inf
1628840337587611671,inf,inf
1628840337659532625,inf,inf
1628840337791315136,inf,inf
1628840337863718192,inf,inf
1628840337989616335,inf,inf
1628840338055196958,inf,inf
1628840338187721346,inf,inf
1628840338265173186,inf,inf
1628840338391595022,inf,inf
1628840338457317996,inf,inf
1628840338589608375,inf,inf
1628840338661632909,inf,inf
1628840338793307666,inf,inf
1628840338853330814,inf,inf
1628840338991599623,inf,inf
1628840339057305927,inf,inf
1628840339195310400,inf,inf
1628840339255298868,inf,inf
1628840339393596683,inf,inf
1628840339465588812,inf,inf
1628840339585585903,inf,inf
1628840339657305567,inf,inf
1628840339795585472,inf,inf
1628840339855578195,inf,inf
1628840339993599967,inf,inf
1628840340053750301,inf,inf
1628840340197323892,inf,inf
1628840340257596537,inf,inf
1628840340395574869,inf,inf
1628840340455590042,inf,inf
1628840340599319393,inf,inf
1628840340665562079,inf,inf
1628840340797575307,inf,inf
1628840340857577768,inf,inf
1628840340989576740,inf,inf
1628840341067312829,inf,inf
1628840341187572356,inf,inf
1628840341259580071,inf,inf
1628840341397559987,inf,inf
1628840341469577914,inf,inf
1628840341589572346,inf,inf
1628840341661505323,inf,inf
1628840341799571768,inf,inf
1628840341877283164,inf,inf
1628840341991577799,inf,inf
1628840342135557241,inf,inf
1628840342195561976,inf,inf
1628840342321556183,inf,inf
1628840342405321591,inf,inf
1628840342543562373,inf,inf
1628840342591542745,inf,inf
1628840342735545848,inf,inf
1628840342801227964,inf,inf
1628840342933543069,inf,inf
1628840342993537467,inf,inf
1628840343131297465,inf,inf
1628840343197541263,inf,inf
1628840343335548869,inf,inf
1628840343401306614,inf,inf
1628840343521191878,inf,inf
1628840343599511647,inf,inf
1628840343737547657,inf,inf
1628840343797527017,inf,inf
1628840343929645977,inf,inf
1628840344001724791,inf,inf
1628840344139531326,inf,inf
1628840344199513952,inf,inf
1628840344331310623,inf,inf
1628840344397523703,inf,inf
1628840344541599289,inf,inf
1628840344601586750,inf,inf
1628840344733289604,inf,inf
1628840344793569922,inf,inf
1628840344943569594,inf,inf
1628840345003671134,inf,inf
1628840345123611810,inf,inf
1628840345201527842,inf,inf
1628840345333564404,inf,inf
1628840345393578047,inf,inf
1628840345537474911,inf,inf
1628840345663486449,inf,inf
1628840345741582560,inf,inf
1628840345801587482,inf,inf
1628840345933582000,inf,inf
1628840346059296671,inf,inf
1628840346137542231,inf,inf
1628840346203569235,inf,inf
1628840346335568319,inf,inf
1628840346467583334,inf,inf
1628840346533225033,inf,inf
1628840346665531601,inf,inf
1628840346725566173,inf,inf
1628840346857531428,inf,inf
1628840346935578988,inf,inf
1628840347067578891,inf,inf
1628840347139532286,inf,inf
1628840347265676141,inf,inf
1628840347349577221,inf,inf
1628840347475434162,inf,inf
1628840347535419683,inf,inf
1628840347661532247,inf,inf
1628840347745571101,inf,inf
1628840347871537921,inf,inf
1628840347931579638,inf,inf
1628840348069174125,inf,inf
1628840348141506515,inf,inf
1628840348279173558,inf,inf
1628840348339191056,inf,inf
1628840348459535269,inf,inf
1628840348537180068,inf,inf
1628840348669569437,inf,inf
1628840348735520245,inf,inf
1628840348861552632,inf,inf
1628840348939441410,inf,inf
1628840349083511674,inf,inf
1628840349137532460,inf,inf
1628840349263786874,inf,inf
1628840349335555298,inf,inf
1628840349479437099,inf,inf
1628840349533082034,inf,inf
1628840349665510104,inf,inf
1628840349737532760,inf,inf
1628840349869505410,inf,inf
1628840349935517761,inf,inf
1628840350067467699,inf,inf
1628840350145537662,inf,inf
1628840350271389336,inf,inf
1628840350403486476,inf,inf
1628840350469489836,inf,inf
1628840350547529786,inf,inf
1628840350679183494,inf,inf
1628840350799516161,inf,inf
1628840350871485042,inf,inf
1628840351003547915,inf,inf
1628840351081566848,inf,inf
1628840351201519626,inf,inf
1628840351273220654,inf,inf
1628840351399564234,inf,inf
1628840351471522254,inf,inf
1628840351603572557,inf,inf
1628840351663592586,inf,inf
1628840351801566123,inf,inf
1628840351873580306,inf,inf
1628840352005629355,inf,inf
1628840352065569996,inf,inf
1628840352203588295,inf,inf
1628840352275839287,inf,inf
1628840352413154613,inf,inf
1628840352467577867,inf,inf
1628840352605601380,inf,inf
1628840352683634681,inf,inf
1628840352803535344,inf,inf
1628840352863541680,inf,inf
1628840353013410423,inf,inf
1628840353079519758,inf,inf
1628840353217518962,inf,inf
1628840353271172252,inf,inf
1628840353409535666,inf,inf
1628840353475556311,inf,inf
1628840353607180936,inf,inf
1628840353673185174,inf,inf
1628840353811517798,inf,inf
1628840353877162024,inf,inf
1628840354069567701,inf,inf
1628840354207522547,inf,inf
1628840354279914877,inf,inf
1628840354411556697,inf,inf
1628840354477423542,inf,inf
1628840354609511946,inf,inf
1628840354681517858,inf,inf
1628840354813549981,inf,inf
1628840354945496663,inf,inf
1628840355006350613,inf,inf
1628840355143512251,inf,inf
1628840355203485463,inf,inf
1628840355353523998,inf,inf
1628840355413542914,inf,inf
1628840355545504386,inf,inf
1628840355605459446,inf,inf
1628840355755605211,inf,inf
1628840355815533676,inf,inf
1628840355941177483,inf,inf
1628840356007495939,inf,inf
1628840356145542315,inf,inf
1628840356211179769,inf,inf
1628840356337504437,inf,inf
1628840356409471261,inf,inf
1628840356547483259,inf,inf
1628840356607531840,inf,inf
1628840356745534595,inf,inf
1628840356811488213,inf,inf
1628840356949481723,inf,inf
1628840357009524543,inf,inf
1628840357147507393,inf,inf
1628840357207550183,inf,inf
1628840357351457353,inf,inf
1628840357411477053,inf,inf
1628840357543492268,inf,inf
1628840357609490576,inf,inf
1628840357741525583,inf,inf
1628840357813458637,inf,inf
1628840357945116699,inf,inf
1628840358143507107,inf,inf
1628840358215410406,inf,inf
1628840358341506727,inf,inf
1628840358413457576,inf,inf
1628840358533498650,inf,inf
1628840358611542546,inf,inf
1628840358743572759,inf,inf
1628840358875548730,inf,inf
1628840358947571653,inf,inf
1628840359007628898,inf,inf
1628840359145688783,inf,inf
1628840359277462953,inf,inf
1628840359343529050,inf,inf
1628840359475652250,inf,inf
1628840359535545736,inf,inf
1628840359667532339,inf,inf
1628840359751687714,inf,inf
1628840359877516985,inf,inf
1628840359937547517,inf,inf
1628840360069531171,inf,inf
1628840360141501598,inf,inf
1628840360285584111,inf,inf
1628840360345503785,inf,inf
1628840360477550448,inf,inf
1628840360549532892,inf,inf
1628840360681476062,inf,inf
1628840360741499233,inf,inf
1628840360873517621,inf,inf
1628840360951539408,inf,inf
1628840361083474904,inf,inf
1628840361143496883,inf,inf
1628840361275639209,inf,inf
1628840361341518406,inf,inf
1628840361485582931,inf,inf
1628840361545489333,inf,inf
1628840361677384863,inf,inf
1628840361881525970,inf,inf
1628840361941538067,inf,inf
1628840362079477137,inf,inf
1628840362145548511,inf,inf
1628840362283337519,inf,inf
1628840362349244126,inf,inf
1628840362475552025,inf,inf
1628840362553519185,inf,inf
1628840362679458883,inf,inf
1628840362745557601,inf,inf
1628840362877507117,inf,inf
1628840362937581222,inf,inf
1628840363075457820,inf,inf
1628840363147468690,inf,inf
1628840363279234676,inf,inf
1628840363351463204,inf,inf
1628840363477475204,inf,inf
1628840363621451836,inf,inf
1628840363681489550,inf,inf
1628840363819501265,inf,inf
1628840363879507541,inf,inf
1628840364017323788,inf,inf
1628840364071463513,inf,inf
1628840364221500305,inf,inf
1628840364281651079,inf,inf
1628840364419333177,inf,inf
1628840364479433169,inf,inf
1628840364623465605,inf,inf
1628840364677400828,inf,inf
1628840364821493285,inf,inf
1628840364881456810,inf,inf
1628840365019277690,inf,inf
1628840365085439667,inf,inf
1628840365223468429,inf,inf
1628840365277777997,inf,inf
1628840365415465285,inf,inf
1628840365487428782,inf,inf
1628840365619579485,inf,inf
1628840365673635038,inf,inf
1628840365817457995,inf,inf
1628840365889320976,inf,inf
1628840366021385167,inf,inf
1628840366075511222,inf,inf
1628840366219519369,inf,inf
1628840366285617944,inf,inf
1628840366417558034,inf,inf
1628840366483281605,inf,inf
1628840366627380416,inf,inf
1628840366687506571,inf,inf
1628840366819624741,inf,inf
1628840366879628868,inf,inf
1628840367029382511,inf,inf
1628840367089408013,inf,inf
1628840367221375695,inf,inf
1628840367287465281,inf,inf
1628840367425536365,inf,inf
1628840367491402768,inf,inf
1628840367623354475,inf,inf
1628840367749596970,inf,inf
1628840367821589576,inf,inf
1628840367953444878,inf,inf
1628840368031464547,inf,inf
1628840368152344161,inf,inf
1628840368224366058,inf,inf
1628840368350118932,inf,inf
1628840368428237594,inf,inf
1628840368554213318,inf,inf
1628840368626115751,inf,inf
1628840368746333270,inf,inf
1628840368818234268,inf,inf
1628840368956233509,inf,inf
1628840369028207950,inf,inf
1628840369148096848,inf,inf
1628840369226321008,inf,inf
1628840369352119908,inf,inf
1628840369430106816,inf,inf
1628840369550120616,inf,inf
1628840369616339120,inf,inf
1628840369760143579,inf,inf
1628840369826264726,inf,inf
1628840369946279464,inf,inf
1628840370030100516,inf,inf
1628840370162233912,inf,inf
1628840370222206897,inf,inf
1628840370354216653,inf,inf
1628840370420233563,inf,inf
1628840370558344979,inf,inf
1628840370630314503,inf,inf
1628840370750269607,inf,inf
1628840370828150535,inf,inf
1628840370954228457,inf,inf
1628840371026120465,inf,inf
1628840371158218902,inf,inf
1628840371224251187,inf,inf
1628840371356223122,inf,inf
1628840371428228243,inf,inf
1628840371554341735,inf,inf
1628840371626200656,inf,inf
1628840371764229951,inf,inf
1628840371824226452,inf,inf
1628840371956095005,inf,inf
1628840372088225261,inf,inf
1628840372154261730,inf,inf
1628840372226223938,inf,inf
1628840372352698921,inf,inf
1628840372484345102,inf,inf
1628840372556252156,inf,inf
1628840372688202509,inf,inf
1628840372754442240,inf,inf
1628840372892208775,inf,inf
1628840372958329469,inf,inf
1628840373090214089,inf,inf
1628840373162203147,inf,inf
1628840373288201725,inf,inf
1628840373360161313,inf,inf
1628840373492093781,inf,inf
1628840373558274950,inf,inf
1628840373690202280,inf,inf
1628840373762409227,inf,inf
1628840373901282914,inf,inf
1628840373949340788,inf,inf
1628840374087268042,inf,inf
1628840374159340179,inf,inf
1628840374291337345,inf,inf
1628840374357309061,inf,inf
1628840374489550436,inf,inf
1628840374561561121,inf,inf
1628840374693368899,inf,inf
1628840374753452273,inf,inf
1628840374886086283,inf,inf
1628840374964323731,inf,inf
1628840375096228520,inf,inf
1628840375156222544,inf,inf
1628840375294211487,inf,inf
1628840375354194211,inf,inf
1628840375486303785,inf,inf
1628840375552547353,inf,inf
1628840375691149227,inf,inf
1628840375757372245,inf,inf
1628840375895253306,inf,inf
1628840375955272698,inf,inf
1628840376093264538,inf,inf
1628840376159371187,inf,inf
1628840376297245223,inf,inf
1628840376357240683,inf,inf
1628840376489249450,inf,inf
1628840376567498859,inf,inf
1628840376699366115,inf,inf
1628840376832150609,inf,inf
1628840376892078338,inf,inf
1628840377036169502,inf,inf
1628840377090323675,inf,inf
1628840377234076976,inf,inf
1628840377288355903,inf,inf
1628840377432081920,inf,inf
1628840377492081399,inf,inf
1628840377630225229,inf,inf
1628840377696188422,inf,inf
1628840377834116864,inf,inf
1628840377900315453,inf,inf
1628840378026078917,inf,inf
1628840378092333216,inf,inf
1628840378236066051,inf,inf
1628840378302328122,inf,inf
1628840378434329385,inf,inf
1628840378494354424,inf,inf
1628840378632303826,inf,inf
1628840378704205775,inf,inf
1628840378836109951,inf,inf
1628840378896293520,inf,inf
1628840379040240337,inf,inf
1628840379094245780,inf,inf
1628840379238082097,inf,inf
1628840379298354880,inf,inf
1628840379430105865,inf,inf
1628840379496316226,inf,inf
1628840379628174536,inf,inf
1628840379688187602,inf,inf
1628840379826292851,inf,inf
1628840379898310526,inf,inf
1628840380030104916,inf,inf
1628840380096262047,inf,inf
1628840380240154633,inf,inf
1628840380300308471,inf,inf
1628840380432093478,inf,inf
1628840380492176336,inf,inf
1628840380642052596,inf,inf
1628840380702119651,inf,inf
1628840380840296338,inf,inf
1628840380900326951,inf,inf
1628840381038199226,inf,inf
1628840381104192162,inf,inf
1628840381230337488,inf,inf
1628840381290279291,inf,inf
1628840381434052196,inf,inf
1628840381560241829,inf,inf
1628840381632285520,inf,inf
1628840381764321457,inf,inf
1628840381836198358,inf,inf
1628840381962452333,inf,inf
1628840382034196872,inf,inf
1628840382166193493,inf,inf
1628840382244280451,inf,inf
1628840382365200806,inf,inf
1628840382437193627,inf,inf
1628840382575353802,inf,inf
1628840382635366679,inf,inf
1628840382767270924,inf,inf
1628840382833096974,inf,inf
1628840382965192920,inf,inf
1628840383043249450,inf,inf
1628840383169248661,inf,inf
1628840383235232778,inf,inf
1628840383367158470,inf,inf
1628840383439185502,inf,inf
1628840383565366975,inf,inf
1628840383637340075,inf,inf
1628840383769188370,inf,inf
1628840383841188113,inf,inf
1628840383973193100,inf,inf
1628840384039382106,inf,inf
1628840384177169379,inf,inf
1628840384243139559,inf,inf
1628840384359399376,inf,inf
1628840384431164028,inf,inf
1628840384569413121,inf,inf
1628840384641377211,inf,inf
1628840384767068677,inf,inf
1628840384839323753,inf,inf
1628840384971182174,inf,inf
1628840385043184333,inf,inf
1628840385169212736,inf,inf
1628840385241230477,inf,inf
1628840385373166822,inf,inf
1628840385445170644,inf,inf
1628840385571367809,inf,inf
1628840385643328967,inf,inf
1628840385775198976,inf,inf
1628840385835213818,inf,inf
1628840385967170035,inf,inf
1628840386105362137,inf,inf
1628840386165368131,inf,inf
1628840386303241188,inf,inf
1628840386363429779,inf,inf
1628840386495386740,inf,inf
1628840386567358877,inf,inf
1628840386705197943,inf,inf
1628840386771100183,inf,inf
1628840386903119529,inf,inf
1628840386975315104,inf,inf
1628840387107360848,inf,inf
1628840387179052370,inf,inf
1628840387299176524,inf,inf
1628840387371186355,inf,inf
1628840387509354134,inf,inf
1628840387569346730,inf,inf
1628840387701260162,inf,inf
1628840387773279331,inf,inf
1628840387899361461,inf,inf
1628840387971318774,inf,inf
1628840388103190104,inf,inf
1628840388175188715,inf,inf
1628840388301153040,inf,inf
1628840388373175856,inf,inf
1628840388505206939,inf,inf
1628840388571195987,inf,inf
1628840388715166327,inf,inf
1628840388763177884,inf,inf
1628840388901305391,inf,inf
1628840388973339944,inf,inf
1628840389111198873,inf,inf
1628840389165193160,inf,inf
1628840389303380829,inf,inf
1628840389375334314,inf,inf
1628840389513154574,inf,inf
1628840389573231951,inf,inf
1628840389705176650,inf,inf
1628840389765161269,inf,inf
1628840389909154194,inf,inf
1628840389975209914,inf,inf
1628840390107303427,inf,inf
1628840390179153950,inf,inf
1628840390305258302,inf,inf
1628840390437294475,inf,inf
1628840390509194458,inf,inf
1628840390641140379,inf,inf
1628840390707452471,inf,inf
1628840390839287118,inf,inf
1628840390899277348,inf,inf
1628840391049149504,inf,inf
1628840391109170643,inf,inf
1628840391247040450,inf,inf
1628840391301367232,inf,inf
1628840391451180464,inf,inf
1628840391517093337,inf,inf
1628840391643173134,inf,inf
1628840391700204009,inf,inf
1628840391844158863,inf,inf
1628840391910213328,inf,inf
1628840392042204604,inf,inf
1628840392102191615,inf,inf
1628840392246082161,inf,inf
1628840392312299029,inf,inf
1628840392444300748,inf,inf
1628840392504271621,inf,inf
1628840392648121539,inf,inf
1628840392705249191,inf,inf
1628840392843172723,inf,inf
1628840392903183948,inf,inf
1628840393053300445,inf,inf
1628840393113288827,inf,inf
1628840393245209252,inf,inf
1628840393311170738,inf,inf
1628840393449166239,inf,inf
1628840393515345017,inf,inf
1628840393647247953,inf,inf
1628840393707268846,inf,inf
1628840393851103457,inf,inf
1628840393911186297,inf,inf
1628840394049272876,inf,inf
1628840394181311282,inf,inf
1628840394247216570,inf,inf
1628840394379157501,inf,inf
1628840394451163808,inf,inf
1628840394583153319,inf,inf
1628840394655144230,inf,inf
1628840394781074667,inf,inf
1628840394859250436,inf,inf
1628840394985144325,inf,inf
1628840395051260838,inf,inf
1628840395177084230,inf,inf
1628840395249182947,inf,inf
1628840395381267304,inf,inf
1628840395453258227,inf,inf
1628840395573278509,inf,inf
1628840395645151769,inf,inf
1628840395777157913,inf,inf
1628840395855123992,inf,inf
1628840395975286804,inf,inf
1628840396053201369,inf,inf
1628840396179124691,inf,inf
1628840396257141940,inf,inf
1628840396383272017,inf,inf
1628840396443245517,inf,inf
1628840396587151378,inf,inf
1628840396647134677,inf,inf
1628840396785027226,inf,inf
1628840396845233875,inf,inf
1628840396977256011,inf,inf
1628840397055262207,inf,inf
1628840397175201789,inf,inf
1628840397247147365,inf,inf
1628840397385127544,inf,inf
1628840397457187272,inf,inf
1628840397577201794,inf,inf
1628840397655052019,inf,inf
1628840397787251025,inf,inf
1628840397847237196,inf,inf
1628840397985119136,inf,inf
1628840398051151201,inf,inf
1628840398183152380,inf,inf
1628840398255154142,inf,inf
1628840398381254794,inf,inf
1628840398453144066,inf,inf
1628840398579418683,inf,inf
1628840398651130914,inf,inf
1628840398783272365,inf,inf
1628840398915133480,inf,inf
1628840398987133675,inf,inf
1628840399053129529,inf,inf
1628840399185131280,inf,inf
1628840399317088469,inf,inf
1628840399389018071,inf,inf
1628840399527006670,inf,inf
1628840399587146171,inf,inf
1628840399719121141,inf,inf
1628840399785249234,inf,inf
1628840399917122095,inf,inf
1628840399977128751,inf,inf
1628840400115224812,inf,inf
1628840400187244292,inf,inf
1628840400318999688,inf,inf
1628840400385192695,inf,inf
1628840400517143795,inf,inf
1628840400589006987,inf,inf
1628840400721121953,inf,inf
1628840400787183524,inf,inf
1628840400913142668,inf,inf
1628840400991159224,inf,inf
1628840401117268316,inf,inf
1628840401183006387,inf,inf
1628840401315011503,inf,inf
1628840401393063241,inf,inf
1628840401525049298,inf,inf
1628840401579243226,inf,inf
1628840401711264769,inf,inf
1628840401783298356,inf,inf
1628840401921137772,inf,inf
1628840401981142884,inf,inf
1628840402113266976,inf,inf
1628840402185109125,inf,inf
1628840402323267320,499991.079848869,9997655.41144528
1628840402383150803,499848.622352611,9992712.08287514
1628840402509391054,499542.2786061386,9982081.726135591
1628840402599289346,499372.5872202267,9976193.220688565
1628840402725144781,499072.33405295847,9965773.921637692
1628840402785114490,498934.82054896426,9961001.897929706
1628840402923017039,498673.5415055239,9951934.777170071
1628840402989023007,498546.64314534515,9947530.958985683
1628840403115306635,498256.61546493997,9937465.873608705
1628840403259003139,497981.0321439526,9927901.769940855
1628840403319115808,497817.354332735,9922221.293696621
1628840403385222583,497676.7899998195,9917342.842353543
1628840403517290909,497408.3092905712,9908024.711079003
1628840403655148511,497118.49411190033,9897965.811991043
1628840403715176837,497009.0626639126,9894167.550170818
1628840403859022849,496724.52943278884,9884291.508597927
1628840403925252157,496592.3961245927,9879705.062968755
1628840404057173955,496312.2519002871,9869980.854782183
1628840404117403884,496203.6248665984,9866210.111261846
1628840404261042923,495953.4263665077,9857524.797462374
1628840404321003110,495805.4238437553,9852387.039238766
1628840404459283253,495558.07225657615,9843800.023386532
1628840404525046046,495454.4799792881,9840203.62228986
1628840404657255953,495172.6959109071,9830420.79456494
1628840404722998920,495072.06114177476,9826926.837968295
1628840404861214877,494793.5333380206,9817256.41243129
1628840404926891231,494689.55468756356,9813646.129218338
1628840405059173456,494428.45807458047,9804580.247935377
1628840405119176722,494330.8579207034,9801191.187444199
1628840405257526872,494107.19023158733,9793424.317181278
1628840405323003299,493975.4822711675,9788850.726884361
1628840405461170386,493754.2426082671,9781167.627362452
1628840405527124324,493662.64610826806,9777986.595083585
1628840405653128845,493442.56228193536,9770343.20284557
1628840405725116475,493341.38088131114,9766829.043060463
1628840405863256825,493090.8852570741,9758128.901111593
1628840405928992574,493004.35845223453,9755123.488371337
1628840406055132876,492779.3456240714,9747307.802289851
1628840406115113872,492692.0711900907,9744276.211065385
1628840406271019863,492492.443287144,9737341.5724584
1628840406325269984,492371.120394665,9733127.108254287
1628840406463167331,492183.06916423934,9726594.149930574
1628840406516995973,492114.25290936633,9724203.38777966
1628840406667168580,491875.6273491064,9715913.04808035
1628840406727229066,491796.11974980443,9713150.632241342
1628840406865193549,491592.6062447,9706079.575993598
1628840406919124219,491529.77684927697,9703896.466636524
1628840407057103071,491334.8942605714,9697124.808666993
1628840407128984275,491248.73662936164,9694130.91296019
1628840407255185175,491088.05606924265,9688547.242240874
1628840407387164419,490925.19199572975,9682887.478096075
1628840407459116084,490847.7420281992,9680195.850882385
1628840407591265926,490683.32349599176,9674481.70759821
1628840407657240804,490606.9166802354,9671826.163562777
1628840407789223936,490455.36854755256,9666558.927924372
1628840407867137903,490374.0831160078,9663733.630816929
1628840407987166176,490251.54571647174,9659474.401409462
1628840408059246768,490170.25694713934,9656648.894551035
1628840408191246282,490043.1339804606,9652230.024757577
1628840408262991882,489979.50570320035,9650018.196322458
1628840408389158341,489857.26998855325,9645768.980424792
1628840408461115809,489795.48490111326,9643621.118624877
1628840408593021235,489681.7055323458,9639665.653355252
1628840408659239338,489627.0844227008,9637766.732918844
1628840408791139274,489511.5016747809,9633748.47798053
1628840408863095507,489457.22539771063,9631861.479538415
1628840408994967502,489361.6851701403,9628539.810291884
1628840409061251813,489299.1110652398,9626364.282946378
1628840409193217124,489207.85684852285,9623191.511695338
1628840409265051999,489160.13521387364,9621532.275731992
1628840409397053620,489072.4105751774,9618482.113815775
1628840409463230755,489029.5145874344,9616990.61194324
1628840409601117709,488947.13956139097,9614126.384528799
1628840409667101787,488906.21899243275,9612703.530712457
1628840409793142714,488836.16935058084,9610267.789715538
1628840409871016932,488797.6402099422,9608928.058121726
1628840409996987483,488728.43367241113,9606521.586807009
1628840410057246383,488706.93505002744,9605774.028113404
1628840410189235602,488643.1073773189,9603554.55418264
1628840410261247985,488609.74930534244,9602394.583002385
1628840410387142178,488569.1775326582,9600983.758674879
1628840410459120886,488539.07069695735,9599936.815709826
1628840410597239398,488492.874101955,9598330.375426518
1628840410675013077,488461.4977028339,9597239.264923489
1628840410789154533,488439.27820287785,9596466.590244936
1628840410861090158,488411.44630747853,9595498.72488738
1628840410993035651,488360.7350495127,9593735.196739003
1628840411077094639,488424.25440617575,9595944.130243601
1628840411191235862,488400.0676396332,9595103.021899482
1628840411262982932,488386.4058640985,9594627.922924712
1628840411401020636,488471.3188108519,9597580.795686314
1628840411461217423,488471.3892027396,9597583.243554102
1628840411593223109,488481.3574540471,9597929.88292632
1628840411665032646,488481.6757489194,9597940.951546606
1628840411791151478,488490.98604125105,9598264.708695404
1628840411863093296,488490.97379910055,9598264.28297921
1628840411994990647,488490.86668028595,9598260.55796255
1628840412127112947,488499.0109716548,9598543.765659673
1628840412193141553,488498.8395810788,9598537.805632716
1628840412271107068,488498.77837016125,9598535.677051658
1628840412396965430,488509.00701187574,9598891.362949414
1628840412529021393,488509.15697915363,9598896.57797334
1628840412595217856,488521.8708981358,9599338.684295315
1628840412727085979,488521.5158720213,9599326.338523418
1628840412798994235,488536.6569565205,9599852.843136018
1628840412925211311,488536.38762499427,9599843.477377154
1628840412997226314,488536.0509606217,9599831.770178596
1628840413135170496,488553.81206637697,9600449.378137046
1628840413194972981,488554.023248037,9600456.721744226
1628840413327100728,488576.4856505473,9601237.80487251
1628840413399216485,488576.1704059409,9601226.842674743
1628840413537143267,488599.6767276545,9602044.218238985
1628840413597173629,488599.32475273643,9602031.978890195
1628840413735013668,488598.6238636783,9602007.606621819
1628840413801043893,488622.7425226898,9602846.26812688
1628840413927222788,488622.77619012265,9602847.438847369
1628840414004986670,488622.94452729257,9602853.292449815
1628840414131109414,488648.361147858,9603737.080041468
1628840414202994015,488648.29993381153,9603734.951458422
1628840414329230645,488674.5340027818,9604647.155776966
1628840414401216013,488674.6656141546,9604651.73223126
1628840414526970301,488674.78192188434,9604655.776539706
1628840414605116539,488700.98561713053,9605566.916716056
1628840414731198750,488700.251035558,9605541.373711247
1628840414791205988,488726.6263656939,9606458.47406626
1628840414929325404,488726.24988935626,9606445.383274207
1628840415001238589,488725.7326170685,9606427.396738837
1628840415133104153,488751.9337154167,9607338.430772154
1628840415193061637,488751.5082629251,9607323.63711054
1628840415331203696,488777.7279426646,9608235.30986406
1628840415403146189,488777.6697867803,9608233.28770855
1628840415535095218,488806.6383974908,9609240.534078363
1628840415595097387,488806.5251454614,9609236.596195886
1628840415726976878,488806.8312320372,9609247.2391215
1628840415805209867,488837.03978905454,9610297.589527689
1628840415937103627,488837.0428499514,9610297.695956966
1628840415997105753,488837.21426017996,9610303.65599642
1628840416135223844,488868.0414476961,9611375.505314723
1628840416207217358,488867.9832900551,9611373.483158097
1628840416339144668,488899.53318724607,9612470.449995598
1628840416398975895,488899.3066761727,9612462.574226191
1628840416531124586,488899.1781158414,9612458.10419491
1628840416597124411,488930.48347672424,9613546.55689278
1628840416729202441,488930.2141094419,9613537.19111119
1628840416867125945,488961.9942486012,9614642.1405639
1628840416927141755,488961.8320143399,9614636.499807997
1628840417077212216,488993.3951572722,9615733.892985659
1628840417137179790,488993.3033256065,9615730.700104358
1628840417274961636,488993.190066556,9615726.762217421
1628840417329211799,489024.0555872983,9616799.889700387
1628840417472963713,489024.22700814315,9616805.84974659
1628840417539179338,489055.25201492134,9617884.511759331
1628840417676952701,489054.8754974628,9617871.420941142
1628840417731239540,489054.7897861779,9617868.440917492
1628840417869140740,489085.698779932,9618943.058809016
1628840417929125814,489085.726330266,9618944.016673936
1628840418079069405,489116.1121366414,9620000.435328173
1628840418133206238,489116.0294848213,9619997.561732888
1628840418277090211,489115.9345882899,9619994.262419786
1628840418331129819,489147.4380575456,9621089.5280215
1628840418474941042,489147.3890781901,9621087.825149905
1628840418534985537,489147.40744544833,9621088.463726753
1628840418679060224,489180.5673640996,9622241.307890074
1628840418733398629,489180.75103866274,9622247.693659818
1628840418876941908,489214.35212570697,9623415.863901392
1628840418936985882,489214.4960056854,9623420.866088687
1628840419075196134,489248.09744104405,9624589.036563303
1628840419147066668,489248.14029937546,9624590.526576834
1628840419272946467,489248.1647898508,9624591.37801314
1628840419333140019,489282.0972011147,9625771.043111803
1628840419477188319,489281.88290712505,9625763.593042653
1628840419531001222,489281.74820805347,9625758.910142053
1628840419675126870,489315.73301959876,9626940.384776056
1628840419735126666,489315.8248608741,9626943.577663464
1628840419873503328,489348.6926090305,9628086.20572889
1628840419938962424,489348.64668791054,9628084.609284882
1628840420071086319,489380.81369084277,9629202.865186166
1628840420131101332,489380.7187862251,9629199.565867927
1628840420269065430,489380.4218266334,9629189.242194744
1628840420340938647,489412.66565879376,9630310.159044331
1628840420467279896,489412.7054579077,9630311.542629652
1628840420532978658,489412.81260937086,9630315.267667066
1628840420671085543,489443.46171578375,9631380.734874595
1628840420742929868,489443.3117022813,9631375.519821296
1628840420869205978,489473.33958811883,9632419.381992588
1628840421001174772,489473.65798715,9632430.450679066
1628840421079117596,489502.4523227399,9633431.42186619
1628840421199162155,489502.7064319848,9633440.255530912
1628840421271061252,489502.81664804916,9633444.086999953
1628840421403159082,489530.4202530393,9634403.657197457
1628840421481117294,489530.5917017438,9634409.617261356
1628840421607055903,489556.7596292657,9635319.272069264
1628840421673080475,489556.7596292657,9635319.272069264
1628840421811202362,489581.27752357937,9636171.561381958
1628840421876948719,489581.5071460338,9636179.543612717
1628840422003211932,489582.08885632583,9636199.765264014
1628840422075081280,489606.36506387824,9637043.646749055
1628840422207221986,489606.4814068293,9637047.691079883
1628840422278941403,489606.46303688944,9637047.052501332
1628840422405164576,489629.03709562885,9637831.75915077
1628840422477074430,489629.1381310087,9637835.271333255
1628840422603090610,489651.3632991919,9638607.845088486
1628840422675055652,489651.53169265983,9638613.6987267
1628840422807226116,489673.15691285377,9639365.412339387
1628840422879075190,489673.3161222973,9639370.946688928
1628840423010943891,489673.84886164655,9639389.465473969
1628840423077061444,489694.6597839144,9640112.868852103
1628840423208995949,489695.2384528896,9640132.98408655
1628840423280958962,489695.6548496768,9640147.458541011
1628840423407117216,489716.364856236,9640867.349824334
1628840423479075295,489716.8057498257,9640882.675719118
1628840423599079761,489737.23113659915,9641592.669113463
1628840423677176213,489737.1852098921,9641591.072665904
1628840423809231196,489756.64318490284,9642267.43430947
1628840423880980128,489756.72585347004,9642270.30791539
1628840424000971574,489756.88506701274,9642275.842267532
1628840424079157620,489775.6970967172,9642929.747285765
1628840424217075348,489776.10738017154,9642944.008887041
1628840424283072194,489776.42887097417,9642955.184022393
1628840424409110580,489795.3696014157,9643613.559166955
1628840424486929792,489795.6910941136,9643624.73430351
1628840424613019692,489813.82664733694,9644255.118460223
1628840424679201133,489813.93381217035,9644258.843506122
1628840424811306841,489831.11415234377,9644856.021600496
1628840424883054596,489831.2213177421,9644859.74664675
1628840425014942995,489831.45708163077,9644867.941748524
1628840425080962065,489847.85058999277,9645437.767416527
1628840425201171505,489847.9118276749,9645439.896014588
1628840425278944445,489848.01899362134,9645443.621061193
1628840425411068098,489863.97472635796,9645998.227304282
1628840425483150194,489864.0451500377,9646000.675192269
1628840425603158967,489879.7559923959,9646546.767091308
1628840425735188913,489880.227527148,9646563.157299282
1628840425813128536,489896.00272807834,9647111.484276334
1628840425950927318,489896.9978551017,9647146.07400411
1628840426010915843,489897.4785781101,9647162.783503441
1628840426137189738,489914.0805801719,9647739.846617203
1628840426220952704,489914.64704015735,9647759.536156494
1628840426347065686,489932.6453808143,9648385.13138327
1628840426407045278,489932.7617354024,9648389.175721478
1628840426538930950,489948.53408686153,9648937.39642854
1628840426605143434,489948.53408686153,9648937.39642854
1628840426737112325,489948.60451234423,9648939.84431767
1628840426809067023,489963.9605039077,9649473.590596505
1628840426941002927,489963.6910486481,9649464.22475905
1628840427013016180,489963.4858952265,9649457.093950998
1628840427144926366,489979.28592969314,9650006.272621004
1628840427211044288,489979.3655418458,9650009.039800484
1628840427337103789,489995.99238690943,9650586.954615764
1628840427414947063,489996.1546740379,9650592.59540523
1628840427541177967,490013.16130151146,9651183.70759338
1628840427613045120,490013.1980459556,9651184.984753378
1628840427745056283,490013.06331632903,9651180.301833384
1628840427811036081,490029.564754226,9651753.85312562
1628840427954863715,490029.7239809367,9651759.387486111
1628840428002952072,490029.64742963255,9651756.726735875
1628840428141108789,490046.5776511242,9652345.17828229
1628840428213056547,490046.4398580831,9652340.388931429
1628840428339295467,490062.5923626673,9652901.807305282
1628840428411169400,490062.49743811734,9652898.507974401
1628840428543156674,490079.34819461126,9653484.192445423
1628840428614932743,490079.1338477855,9653476.742342759
1628840428741107632,490078.95624614024,9653470.569400558
1628840428813153256,490095.50392176036,9654045.717349581
1628840428945177724,490095.2038347638,9654035.287204938
1628840429017078153,490095.09666084294,9654031.562153284
1628840429155181595,490111.7332134802,9654609.796624351
1628840429209056055,490111.7791453875,9654611.393075205
1628840429346928607,490128.9822584869,9655209.317161279
1628840429413183375,490128.804654208,9655203.14421741
1628840429557026214,490145.17189319094,9655772.012947375
1628840429605104687,490145.15658240335,9655771.480796993
1628840429749056150,490145.15658240335,9655771.480796993
1628840429815139307,490161.39528125525,9656335.879513731
1628840429953024172,490161.2084887544,9656329.387278529
1628840430085074244,490177.37681411934,9656891.338152416
1628840430139054035,490177.2267669744,9656886.12307779
1628840430217197384,490176.9817920581,9656877.608670244
1628840430349165363,490192.88073119737,9657430.193742288
1628840430487106096,490192.6786259564,9657423.169355474
1628840430547076094,490209.4748677248,9658006.938497009
1628840430679320690,490209.83008476294,9658019.284390105
1628840430750940146,490209.9678844861,9658024.073745191
1628840430883024653,490226.9050521902,9658612.738727037
1628840430948979131,490226.99691913323,9658615.93163072
1628840431081066262,490243.9525531503,9659205.235246694
1628840431152976341,490243.8453745165,9659201.510192063
1628840431285015264,490243.6463284913,9659194.592233464
1628840431339157343,490260.12740082206,9659767.399229642
1628840431488921346,490259.9130425413,9659759.949119736
1628840431554911678,490276.76778703515,9660345.74064406
1628840431681198781,490276.58405047015,9660339.354835004
1628840431741164210,490276.4921821914,9660336.161930477
1628840431891067525,490294.0574699655,9660946.645303406
1628840431945026474,490294.14627642406,9660949.731778068
1628840432083019113,490311.8984514247,9661566.707448725
1628840432143165215,490311.6871522091,9661559.36376694
1628840432286909603,490329.5527178792,9662180.277411789
1628840432359203339,490329.33835525444,9662172.82729914
1628840432485041659,490329.1301172889,9662165.590046857
1628840432545060769,490346.47516805393,9662768.410616826
1628840432683196036,490346.38636024244,9662765.324141312
1628840432755207419,490346.4261706404,9662766.707733782
1628840432887050659,490364.4511630187,9663393.15586289
1628840432947015819,490364.54303365,9663396.348768901
1628840433085153203,490382.3292438482,9664014.495401729
1628840433157128654,490382.15468875173,9664008.428879742
1628840433283461194,490400.44936343934,9664644.242985891
1628840433349022469,490400.50754877814,9664646.265160082
1628840433487128313,490400.61473229947,9664649.990217801
1628840433553047710,490419.2096159374,9665296.234548304
1628840433691027215,490419.7363492581,9665314.540548064
1628840433751044509,490419.78841011395,9665316.349861996
1628840433889020230,490437.2686502252,9665923.853650285
1628840433960936254,490436.68070528976,9665903.419042898
1628840434092981831,490456.37529043166,9666587.871952923
1628840434219085827,490459.3736067502,9666692.067164654
1628840434291038244,490477.8832395259,9667335.331640994
1628840434411035923,490478.3124736237,9667350.231863808
1628840434489191737,490478.25167577557,9667348.103245545
1628840434614932228,490496.0822680575,9667967.740243359
1628840434693023966,490494.5395671449,9667914.099363077
1628840434813017885,490511.1670592408,9668491.909301635
1628840434891176587,490508.01074270677,9668382.179650035
1628840435028934616,490500.91098080383,9668135.367773486
1628840435095033970,490519.0845930765,9668766.925039003
1628840435221087563,490511.52264761424,9668504.042167762
1628840435293035556,490507.9529708406,9668379.944425955
1628840435424993507,490521.1674328623,9668839.08458738
1628840435485162475,490517.90711611515,9668725.736296538
1628840435617062125,490527.155690001,9669047.049253276
1628840435695038009,490521.8224746423,9668861.647641676
1628840435815029860,490533.4565470368,9669265.869809454
1628840435893140873,490528.13863592874,9669081.00034323
1628840436018907469,490520.0775930134,9668800.769319769
1628840436096996265,490535.16890419653,9669325.15129539
1628840436217047522,490525.10825492284,9668975.421275862
1628840436288992884,490518.5408031521,9668747.128262421
1628840436415169058,490531.00189642794,9669180.08659783
1628840436499034341,490525.42690475594,9668986.276984852
1628840436625047957,490542.4117990531,9669576.432872836
1628840436685062943,490540.1070844411,9669496.290818995
1628840436817135570,490547.5245742431,9669753.958484715
1628840436889136344,490545.14038757206,9669671.04923643
1628840437026912493,490541.0914927521,9669530.241869248
1628840437099033685,490546.92360631307,9669732.88512927
1628840437219012525,490539.96813661,9669491.075414566
1628840437296952105,490554.8994189987,9670009.923092986
1628840437422900143,490541.5074399084,9669544.39685054
1628840437489046432,490532.22098206845,9669221.593701186
1628840437615041796,490547.35014177015,9669747.252843184
1628840437692938339,490537.11810001306,9669391.56270098
1628840437831066961,490543.6278550918,9669617.62051066
1628840437897028486,490534.5806678669,9669303.11890925
1628840438022909229,490515.1488889595,9668627.605692329
1628840438089053490,490525.96846617485,9669003.517384408
1628840438233133955,490500.3732450609,9668113.760011917
1628840438298903073,490515.2660556822,9668631.223946713
1628840438425029806,490492.1274481949,9667826.823688254
1628840438491102186,490478.70916590776,9667360.339695755
1628840438623026655,490473.6125488812,9667182.920203656
1628840438694904376,490455.2462801505,9666544.444944175
1628840438821116377,490442.82839720947,9666112.550727643
1628840438959026377,490395.4923645347,9664467.032588972
1628840439024999292,490367.09270875127,9663479.785765465
1628840439091406483,490387.40268434654,9664185.417854207
1628840439223140482,490353.05374991236,9662991.164143331
1628840439360949603,490329.48907546396,9662171.651261283
1628840439427027385,490303.21407199063,9661258.160830736
1628840439558875447,490283.76047054026,9660581.4773982
1628840439618894375,490260.55978763313,9659774.843066402
1628840439757158908,490213.0264093534,9658122.08902599
1628840439829026582,490192.6359864946,9657413.051352572
1628840439961021266,490126.1194458496,9655100.431442715
1628840440027003186,490084.4012693222,9653650.00232441
1628840440159138125,490032.24682629516,9651836.434012078
1628840440219147138,489996.6959445397,9650600.355653087
1628840440369002816,489919.2338907312,9647906.825154606
1628840440423023401,489891.1144751648,9646929.05302309
1628840440554884785,489818.20975479984,9644393.8917964
1628840440627146312,489760.70620655915,9642394.393317189
1628840440764898117,489660.4359650197,9638907.751436895
1628840440825018624,489646.13168275525,9638409.978885155
1628840440951021747,489550.5520959216,9635086.176660774
1628840441034888626,489490.7672102591,9633007.071690567
1628840441161121528,489406.35195623006,9630071.101901324
1628840441233019668,489349.773846851,9628103.430489054
1628840441353000875,489259.58911493624,9624966.736969631
1628840441431021561,489189.15428083733,9622517.047874
1628840441563148942,489083.97137433826,9618858.533614352
1628840441623148461,489029.70377411763,9616971.00729328
1628840441754888695,488918.87350117683,9613115.921531826
1628840441821037417,488867.76160913013,9611337.806229463
1628840441964990726,488752.86337301537,9607340.853933647
1628840442019224446,488700.60551413393,9605522.936040707
1628840442151107008,488587.5670263421,9601590.377433186
1628840442223040886,488526.5305658384,9599466.90338269
1628840442355014284,488409.46383169014,9595393.969169557
1628840442426894932,488346.2902827044,9593195.997199902
1628840442553050658,488220.6041081565,9588822.938162668
1628840442637016876,488145.5951566267,9586212.982725898
1628840442769011096,488012.24007513776,9581572.79319103
1628840442823059109,487967.54725456634,9580017.336852778
1628840442955115872,487838.872147961,9575539.56272395
1628840443032896542,487774.4094606138,9573296.153805524
1628840443165326791,487642.4505302439,9568703.548899611
1628840443297039648,487512.22760995536,9564171.186605802
1628840443357020458,487453.5342279803,9562128.29366281
1628840443428875394,487382.74570547964,9559664.371117808
1628840443560995646,487244.2989279829,9554845.299286297
1628840443704919544,487092.8475015583,9549573.274097528
1628840443759152358,487028.4560869216,9547331.685932975
1628840443897131170,486878.5025189008,9542111.179764898
1628840443957138467,486816.8244077562,9539963.783642527
1628840444101024560,486653.3913613959,9534273.619749274
1628840444161015490,486584.5678887723,9531877.292751068
1628840444292960373,486432.2269607242,9526572.725591993
1628840444371138753,486338.9848112227,9523325.833657334
1628840444503009007,486192.40824717673,9518221.35961497
1628840444551153940,486138.7587248826,9516352.813915443
1628840444701007044,485975.3933384504,9510662.997652672
1628840444772855549,485901.9362095775,9508104.381219395
1628840444898861670,485783.4661192118,9503977.456325283
1628840444953146669,485723.66241567075,9501894.146694299
1628840445102990579,485561.1487649829,9496232.7644989
1628840445168923690,485500.379974496,9494115.614754496
1628840445301114547,485353.0880540114,9488983.8217104
1628840445361125691,485290.0828719639,9486788.558305245
1628840445499272370,485144.4683851355,9481714.669906614
1628840445564986149,485068.6159305143,9479071.67412489
1628840445696951767,484933.8874186659,9474376.566206321
1628840445756957709,484873.1542751187,9472259.95924237
1628840445895120572,484719.4160065096,9466901.930265283
1628840445967006093,484648.53751663584,9464431.460214037
1628840446105003495,484486.9395572421,9458798.968799595
1628840446165006995,484422.39059002715,9456548.91167575
1628840446302885241,484266.05354021845,9451099.270587154
1628840446362875375,484194.6460963733,9448609.972822823
1628840446507005697,484016.36588240846,9442394.61059212
1628840446555039462,483964.98900908034,9440603.149863077
1628840446705114467,483801.0569326799,9434887.041029977
1628840446770879436,483739.74827331334,9432749.062989462
1628840446902854453,483598.6832915606,9427829.66401803
1628840446962976378,483539.51900779497,9425766.187344773
1628840447100851322,483375.49959020596,9420045.843248276
1628840447172839431,483308.08490969473,9417694.278551696
1628840447299108650,483159.5941419493,9412514.796783857
1628840447359129291,483098.2925209511,9410376.298971662
1628840447502881279,482959.17648271343,9405522.911626682
1628840447569100867,482866.53121864423,9402291.01329957
1628840447701105737,482745.4055706319,9398064.58189745
1628840447832881057,482590.3420349349,9392654.29334634
1628840447899029872,482531.5985729593,9390604.138718136
1628840448030996854,482427.73512063274,9386979.01596823
1628840448103098362,482311.6704453488,9382929.37321733
1628840448234996595,482210.75719727814,9379406.744205114
1628840448306982737,482111.0761792554,9375928.179072887
1628840448433000735,482007.10211497033,9372298.708016453
1628840448504882740,481942.1963413186,9370032.844603494
1628840448631097288,481835.6804437229,9366314.196712427
1628840448703079497,481793.6559344011,9364846.72474194
1628840448834976807,481632.49131618685,9359221.192743078
1628840448906850865,481551.00834488904,9356376.822527219
1628840449033122865,481416.19723003794,9351670.478770701
1628840449105108417,481381.5543257055,9350460.343474893
1628840449225110393,481300.4089670388,9347626.835190115
1628840449303036442,481221.5655435763,9344874.104525845
1628840449434997204,481121.0352861279,9341363.859880257
