1628859494468921122,433895.96182373195,7626093.947292955
1628859494540791250,433869.75202417636,7625118.404980695
1628859494667028841,433770.9639260903,7621420.969484408
1628859494739010085,433745.844672852,7620486.252140116
1628859494870916668,433655.71344494546,7617113.6951106675
1628859494942897429,433632.7453218585,7616259.771897532
1628859495069062061,433582.774041782,7614398.425630832
1628859495141035444,433515.88307459187,7611890.757985756
1628859495272939229,433462.38568766165,7609896.223231645
1628859495332915288,433438.2747664002,7608997.4456238765
1628859495471059622,433363.9314069076,7606219.36751953
1628859495531033360,433344.5174517084,7605497.372875276
1628859495680968649,433255.7063998377,7602175.361623828
1628859495740966012,433233.220388552,7601337.501565945
1628859495873994771,433168.4587676234,7598917.996801615
1628859495934004944,433153.28476873774,7598355.565110116
1628859496089994650,433129.26384158805,7597473.8159412695
1628859496144093602,433099.2049927196,7596350.64890342
1628859496276056937,433078.4026349825,7595587.105663708
1628859496335984525,433068.92617695674,7595239.403054696
1628859496473931826,432994.43617567944,7592454.134875731
1628859496546062489,432975.655106558,7591757.238232031
1628859496665951819,432938.2358898041,7590365.889286711
1628859496744157736,432921.50983939064,7589747.976107232
1628859496870953520,432842.7031665835,7586795.936759004
1628859496936937984,432825.7953952458,7586169.520739419
1628859497068829295,432808.37308717816,7585533.225961548
1628859497195110279,432725.98629451223,7582447.476034387
1628859497284980553,432717.1896221156,7582130.183082148
1628859497338856400,432711.8801955399,7581937.999838001
1628859497470796530,432611.57041332545,7578174.818267958
1628859497602818615,432573.36038281105,7576754.257281707
1628859497669045807,432523.9098970772,7574899.568541029
1628859497741083196,432502.6176601375,7574107.440970124
1628859497867008010,432447.9748196745,7572066.848976732
1628859497998961747,432418.97187855287,7570993.466034481
1628859498077090412,432403.0505785233,7570405.647429831
1628859498142824676,432358.7194636105,7568742.518349494
1628859498280964586,432332.08930187474,7567760.343668082
1628859498400941072,432260.01785489713,7565059.656845719
1628859498472824221,432244.611354927,7564489.592355836
1628859498611032230,432182.2492036638,7562158.2989202095
1628859498671083555,432165.0807481344,7561519.992294358
1628859498802956802,432131.5139949362,7560274.101260743
1628859498881065945,432087.5627778337,7558628.105528762
1628859499013068444,432060.50859709515,7557628.188502371
1628859499073142007,432046.14383878076,7557095.756211857
1628859499204981892,431987.1841939428,7554890.652872112
1628859499282960822,431962.76223581703,7553981.617002353
1628859499414854692,431904.10322012374,7551787.681811979
1628859499480959750,431884.6970675159,7551064.664204677
1628859499601029659,431829.2954519987,7548993.61335044
1628859499673001983,431810.18861934426,7548283.56708717
1628859499816866192,431773.4907278977,7546920.769387852
1628859499876859813,431761.4275701499,7546475.399043869
1628859500003113880,431741.9897079998,7545763.236025836
1628859500081119578,431729.8710269847,7545317.335844889
1628859500218836676,431694.16505855846,7543992.383700302
1628859500278859218,431683.0481546577,7543582.623462528
1628859500405079652,431662.1240659149,7542814.7643802045
1628859500483090286,431658.22782174987,7542681.480275558
1628859500615027601,431635.2312349343,7541835.1762334565
1628859500675025261,431633.2847776071,7541772.150757442
1628859500807143259,431629.01877222833,7541633.770856338
1628859500885071932,431606.7253794009,7540805.31916178
1628859501017033362,431604.76433236303,7540754.101112099
1628859501082975545,431602.5925060311,7540682.572139269
1628859501197045915,431571.0572311345,7539511.857531228
1628859501280875424,431566.02798656863,7539335.843532301
1628859501407133184,431546.1220595785,7538606.57285744
1628859501467017533,431543.32532082405,7538511.446684919
1628859501611009362,431527.835333673,7537950.760758224
1628859501682995295,431531.79733670736,7538112.974778629
1628859501815004109,431543.34163386474,7538572.501982767
1628859501941105779,431516.7151107078,7537589.08189244
1628859502007075183,431513.0025398364,7537461.112099478
1628859502085015515,431506.84181233175,7537240.559909331
1628859502223144227,431466.2076617842,7535729.072548718
1628859502348941813,431448.58538494306,7535083.881714661
1628859502408872778,431439.93597562006,7534767.98339697
1628859502487022255,431430.5386923148,7534426.7892823685
1628859502624980010,431420.52842582867,7534073.379138269
1628859502751122372,431416.7929793028,7533955.196310683
1628859502805143090,431414.47546170827,7533876.438654745
1628859502948906611,431407.77564589406,7533648.136666031
1628859503009002106,431406.8643301087,7533624.334262919
1628859503153125601,431400.9730022593,7533428.453281325
1628859503206991210,431401.502751171,7533457.371445924
1628859503350883520,431401.14908926975,7533468.868571507
1628859503416880882,431385.45994015667,7532888.193665353
1628859503548943573,431386.7413467857,7532959.745595627
1628859503603159071,431386.999499589,7532980.161469053
1628859503753056126,431366.91903052444,7532247.602882218
1628859503818985600,431366.04417127185,7532225.182335907
1628859503945042024,431354.3939346125,7531807.88914631
1628859504005016700,431355.1154145418,7531845.843479955
1628859504143129447,431336.62258237053,7531171.533466458
1628859504227036356,431340.0574382287,7531315.677695585
1628859504347031593,431348.81201753655,7531668.162700835
1628859504407030640,431320.7032749984,7530615.756154309
1628859504545166432,431333.7332612615,7531133.530107926
1628859504617135470,431315.9339156004,7530473.030097353
1628859504760901338,431339.533744874,7531390.574642697
1628859504809042145,431348.910068386,7531754.1055196645
1628859504947161508,431315.8166212919,7530527.81268889
1628859505019145334,431322.97017283767,7530810.881439118
1628859505145087365,431296.0354753215,7529815.670712201
1628859505205098745,431296.2186481865,7529833.322935068
1628859505349064161,431293.29868818494,7529747.880373569
1628859505421154291,431264.8082042575,7528683.253762564
1628859505547113596,431256.2695102197,7528383.522540337
1628859505607119780,431244.83245746593,7527961.864332427
1628859505751040364,431244.8128786167,7527986.116674514
1628859505822934089,431247.4981994329,7528100.178182989
1628859505954926691,431235.82864717307,7527682.355481545
1628859506009162481,431236.5178945521,7527719.1404572055
1628859506153039255,431227.69596338435,7527410.694885146
1628859506279141756,431248.75869415933,7528230.445261982
1628859506363092178,431230.7554205534,7527563.783344221
1628859506411203741,431232.569914564,7527641.277363583
1628859506549118843,431221.03727402387,7527229.833298375
1628859506627045124,431217.0097925399,7527090.172795915
1628859506746958523,431218.2225326262,7527157.045928668
1628859506891116500,431172.9805883734,7525472.317634516
1628859506945149298,431174.5405733648,7525540.032411136
1628859507089043772,431177.508595404,7525676.636037201
1628859507155068163,431147.7223151078,7524561.949279487
1628859507299068912,431136.41716114426,7524158.371714398
1628859507353219247,431128.945289576,7523886.48192645
1628859507485090141,431118.16737728356,7523500.9731266145
1628859507545109671,431113.6717742346,7523341.115795053
1628859507695163669,431103.4124170522,7522978.675166605
1628859507755187653,431100.6010288258,7522882.487276901
1628859507875175693,431083.7237909164,7522264.409085835
1628859507959079193,431084.3363935434,7522301.089507706
1628859508090983271,431086.910775297,7522420.365243923
1628859508145185933,431059.75693481194,7521403.257559561
1628859508277163654,431062.16539338115,7521516.1555523975
1628859508354974665,431060.59520433866,7521468.4383124
1628859508493242431,431051.6529320091,7521153.403212302
1628859508547127223,431049.58975549333,7521085.276583138
1628859508685190263,431026.1793137301,7520222.835024317
1628859508751205787,431027.0875888863,7520267.0595919965
1628859508901096029,431022.13831955416,7520104.66199522
1628859508955069494,431027.5664403452,7520318.20935102
1628859509086972721,431047.76038625324,7521103.4072999405
1628859509152974733,431010.0552483714,7519688.449255193
1628859509284968563,431027.8027279263,7520380.959502928
1628859509357017725,431034.2170437345,7520634.900243459
1628859509483071306,430991.46517114993,7519038.082967152
1628859509561197075,430994.9501882435,7519182.649482753
1628859509693183022,430962.08426401124,7517959.770678041
1628859509753184651,430959.35753417964,7517866.027490691
1628859509879146703,430938.9092502977,7517112.961615569
1628859509957164614,430932.1796039576,7516869.241330576
1628859510101025352,430918.09974883986,7516358.204026552
1628859510155184317,430908.55463147693,7516006.596563626
1628859510287011116,430898.87648433837,7515660.417424705
1628859510353153016,430896.3122767699,7515574.328538937
1628859510485100050,430888.3642966771,7515293.519044297
1628859510551205183,430884.0704982115,7515141.741598519
1628859510683141448,430856.0878540004,7514102.645894867
1628859510815153803,430850.80900811014,7513922.601303792
1628859510887085055,430825.06992465974,7512959.073833186
1628859510947113343,430824.1990111397,7512935.164512491
1628859511090940188,430824.6600079598,7512973.656793312
1628859511217244436,430804.1098973132,7512215.49196136
1628859511295354470,430807.0418393291,7512338.373405805
1628859511427242275,430787.55467688304,7511620.17452825
1628859511487228197,430791.1336469878,7511764.418321511
1628859511697162996,430774.91511778353,7511181.11160336
1628859511829125987,430785.60814465035,7511604.271089224
1628859511877168005,430751.423692294,7510317.617594947
1628859512021246074,430755.5266526383,7510492.374279928
1628859512087018408,430755.2023929523,7510488.340952163
1628859512219189963,430729.0393200567,7509517.169882701
1628859512285100924,430729.3912649035,7509538.5400540335
1628859512417235740,430705.08265342953,7508637.309418444
1628859512489236393,430700.1566978904,7508460.022049613
1628859512633044390,430683.58047349745,7507850.986421064
1628859512693119674,430682.4140382935,7507814.5339276325
1628859512819289962,430679.48559006344,7507720.158884962
1628859512903240809,430660.97169276996,7507029.38005577
1628859513029194582,430659.73055240244,7506998.460558517
1628859513088997895,430659.79112683213,7507006.861810865
1628859513221170183,430636.2962971615,7506134.437057594
1628859513293119111,430637.40442572744,7506184.718491993
1628859513431165195,430610.27152158675,7505172.839689179
1628859513491169663,430609.3698565499,7505146.804076565
1628859513617118729,430585.56837957,7504259.391700823
1628859513701052565,430589.56464706827,7504419.684442441
1628859513821278126,430591.0363687151,7504489.740057869
1628859513881227737,430562.9809711101,7503434.065145747
1628859514013170843,430549.0328063359,7502919.840722322
1628859514091071966,430548.23167084495,7502896.887094334
1628859514229137546,430539.85684609687,7502594.500619338
1628859514289029609,430539.7572093527,7502596.843273838
1628859514415290619,430522.4238007974,7501953.5820333725
1628859514505172313,430522.8058284381,7501976.972163805
1628859514625444533,430502.1705089981,7501207.2247246355
1628859514685259764,430503.44327398145,7501261.224305064
1628859514817273478,430503.0882470269,7501260.170034
1628859514895363867,430485.97832575906,7500619.669286158
1628859515027199233,430483.6755578025,7500544.424046293
1628859515093160074,430482.0503509225,7500488.306523983
1628859515225165403,430451.8932817022,7499357.811124394
1628859515297182800,430450.1534677718,7499298.931226679
1628859515435055776,430431.8609145151,7498617.406448161
1628859515561170434,430428.3676013705,7498496.030727053
1628859515621175536,430415.18866139953,7498001.997896469
1628859515765061533,430417.8291745158,7498113.397835193
1628859515837070020,430419.9438862922,7498199.071535466
1628859515957039229,430411.2935832293,7497880.845589843
1628859516023156767,430412.50448627444,7497932.081142829
1628859516161282421,430409.00783140067,7497810.280141973
1628859516233278539,430414.86591845274,7498037.319319571
1628859516359062525,430426.2277194485,7498476.303477227
1628859516419719560,430403.7981218774,7497631.72593977
1628859516563159958,430417.91818324063,7498176.150351463
1628859516623224774,430395.92461344274,7497347.0907303365
1628859516761214589,430405.9316652529,7497735.268272931
1628859516821228575,430409.16484849434,7497861.543514121
1628859516965189681,430404.6341901893,7497698.71326574
1628859517025185001,430412.9182460966,7498016.097906131
1628859517163279442,430412.36187817977,7498003.348894884
1628859517229169884,430420.64571124484,7498320.520916481
1628859517355211084,430414.2007163957,7498083.498931832
1628859517433351496,430424.4430225139,7498475.712410843
1628859517559367072,430441.2915756879,7499120.047710806
1628859517625309894,430431.15836921916,7498739.74387687
1628859517757306970,430449.605073584,7499444.6648322595
1628859517829329611,430459.5496919843,7499824.548475088
1628859517955346282,430458.7191347872,7499798.830225336
1628859518027298830,430468.9344935148,7500188.705119342
1628859518165276313,430473.3066303829,7500360.049142384
1628859518237239244,430484.21372252103,7500775.85894116
1628859518357242854,430495.44845168473,7501205.913122188
1628859518423109633,430507.466140938,7501663.176162338
1628859518567216642,430535.3772273712,7502725.234786547
1628859518627247862,430526.3918375982,7502386.806858864
1628859518771200924,430556.3755332832,7503526.457881947
1628859518819243295,430566.71233569866,7503919.309339621
1628859518963113403,430560.65162527317,7503693.550460545
1628859519029308688,430574.05037042795,7504202.684311124
1628859519161337298,430560.3626308088,7503687.3889325075
1628859519221339949,430571.88409354107,7504124.988787304
1628859519359333598,430560.71585660306,7503705.03616711
1628859519491308816,430583.3102732588,7504563.016823243
1628859519569200834,430595.4079170483,7505022.300328081
1628859519689254870,430584.0707314384,7504595.118951207
1628859519761259403,430595.50486197363,7505029.10512739
1628859519839194967,430606.78663801524,7505457.24545135
1628859519965624861,430585.88138685515,7504667.080199379
1628859520097097188,430604.2470966103,7505363.817657135
1628859520163230505,430573.08629165683,7504184.521376643
1628859520295197855,430589.7345731001,7504815.8893765835
1628859520379222548,430560.370732615,7503704.619823027
1628859520505343650,430574.80033849983,7504251.698723995
1628859520565805573,430581.5277416489,7504506.690486123
1628859520697212503,430569.2768403486,7504043.156686604
1628859520763209191,430575.8188682002,7504291.026838968
1628859520907347829,430568.1742971461,7504001.703503454
1628859520967382664,430576.2031891002,7504305.801411077
1628859521099267995,430595.02830570936,7505018.800310119
1628859521165818947,430542.64377733466,7503034.777015599
1628859521309321850,430548.6013678761,7503260.5384595515
1628859521369342871,430503.89239033504,7501566.691484747
1628859521495274708,430505.9246101175,7501643.6457846435
1628859521573164139,430506.7611261827,7501675.320345066
1628859521699217055,430485.35482658807,7500864.536802868
1628859521765342369,430486.3373331523,7500901.738436351
1628859521897131505,430469.3330449028,7500257.618746514
1628859521969295543,430470.3211438076,7500295.0329370545
1628859522101218115,430472.1907265759,7500365.822288854
1628859522161252807,430454.5580594868,7499697.89394151
1628859522299743941,430455.92231359833,7499749.551003488
1628859522359347975,430439.48020074004,7499126.690124097
1628859522509284175,430440.36150769057,7499160.065245473
1628859522569347097,430440.86678335094,7499179.197479404
1628859522689349253,430426.6815226056,7498641.794240758
1628859522767143812,430427.46752871294,7498671.555476626
1628859522893334085,430414.0909771377,7498164.764063751
1628859522971293719,430414.7813273769,7498190.911427466
1628859523097253374,430416.2631780215,7498247.032597584
1628859523169331306,430402.931592718,7497741.9420540305
1628859523295360451,430403.8129641483,7497775.317124238
1628859523373297007,430391.8060989325,7497320.395710022
1628859523493276735,430392.72111977567,7497355.04624589
1628859523571386031,430393.4789509539,7497383.744543659
1628859523703344066,430381.0515212722,7496912.87981712
1628859523763360628,430381.70825032203,7496937.751664888
1628859523895306205,430369.3261901218,7496468.587789294
1628859524027264914,430370.29168574914,7496505.151512881
1628859524105393928,430357.37661068083,7496015.79277807
1628859524165406507,430357.54496488615,7496022.17016974
1628859524303308837,430358.45432847226,7496056.608078902
1628859524435297367,430345.16360117134,7495553.006735865
1628859524507396670,430345.0569801238,7495548.967723078
1628859524567398001,430345.09064992523,7495550.243200796
1628859524705311571,430332.5355243067,7495074.490033991
1628859524831266448,430333.23156289704,7495100.849888663
1628859524915351504,430321.25448679103,7494646.992629027
1628859525035352193,430322.26473932405,7494685.256920239
1628859525101275648,430322.80353447044,7494705.664543024
1628859525233267635,430311.51104588294,7494277.742154382
1628859525311268686,430311.9600840737,7494294.748498131
1628859525437385774,430301.77314922947,7493908.704406895
1628859525497401424,430301.75641753967,7493908.0666664345
1628859525629385106,430292.51804107963,7493557.948608554
1628859525707316601,430292.7426219295,7493566.4517722
1628859525845140449,430293.4330893055,7493592.5990040265
1628859525899378739,430285.47361852066,7493290.949113786
1628859526031755379,430288.8568541945,7493419.1343385205
1628859526103387732,430290.82065529586,7493493.537045787
1628859526241341137,430277.8849196279,7493003.329526967
1628859526295242168,430278.3058123817,7493019.272954566
1628859526433291819,430269.5276065443,7492686.586705067
1628859526505422702,430269.6679977677,7492691.901176627
1628859526643335657,430259.05547933886,7492289.701730191
1628859526703327465,430259.1621862117,7492293.740726604
1628859526829208209,430259.7515173928,7492316.061506189
1628859526913380841,430248.8474474369,7491902.808118082
1628859527045376713,430248.74103683454,7491898.769115542
1628859527099199251,430248.7860097137,7491900.469743743
1628859527231355503,430238.34779302916,7491504.860569323
1628859527315614031,430238.6340733311,7491515.702080707
1628859527447575894,430228.925208066,7491147.728293608
1628859527507407550,430229.0935083161,7491154.105653424
1628859527633348682,430220.84333933564,7490841.402438334
1628859527693354084,430221.18004187196,7490854.157151127
1628859527825589969,430222.0778623014,7490888.169720822
1628859527897573047,430213.8613266043,7490576.742066839
1628859528035247157,430214.035386226,7490583.331997339
1628859528107351696,430207.54109082033,7490337.166035593
1628859528239307485,430207.64781669225,7490341.205023044
1628859528365592714,430201.61933250853,7490112.683129497
1628859528431587197,430201.61933250853,7490112.683129497
1628859528509364749,430201.72034565033,7490116.509540261
1628859528647581744,430198.15438757563,7489981.30961906
1628859528767616671,430198.34533078736,7489988.537279121
1628859528833193024,430198.68201442563,7490001.291980736
1628859528917340134,430195.0708773015,7489864.3914572075
1628859529049590991,430195.34013494436,7489874.595219482
1628859529175655707,430192.2395858951,7489757.039341502
1628859529229668958,430192.239694701,7489757.039338632
1628859529373575820,430191.5399159936,7489730.467007336
1628859529445307732,430191.81490767957,7489740.883343211
1628859529571424628,430192.36487347935,7489761.716015776
1628859529631368015,430191.3003295582,7489721.326095532
1628859529775569040,430191.9512835491,7489745.985177559
1628859529847240503,430192.45067701343,7489764.904647304
1628859529973378883,430192.60894340585,7489770.856809667
1628859530033356470,430192.77733716613,7489777.234157591
1628859530171559525,430192.26245677966,7489757.6769171255
1628859530243570921,430192.41964953585,7489763.629107771
1628859530369312878,430192.9760271583,7489784.6743380325
1628859530435362268,430193.0489506935,7489787.437856747
1628859530579174570,430193.2958269419,7489796.791303226
1628859530645568558,430194.00354661356,7489823.576153261
1628859530777583238,430194.73302015994,7489851.211335629
1628859530843280021,430195.2043294801,7489869.067916569
1628859530981340167,430199.5805871418,7490034.879046564
1628859531035619764,430200.2538478339,7490060.388454054
1628859531167589170,430205.66775767517,7490265.526637361
1628859531233200923,430206.3354188831,7490290.823472424
1628859531377373822,430212.6357001289,7490529.549112083
1628859531455249625,430212.9611108374,7490541.878665459
1628859531569346846,430213.81962587906,7490574.403174984
1628859531635626407,430218.2630239139,7490742.765378027
1628859531779386920,430219.2225641646,7490779.116307729
1628859531851351295,430219.8566067607,7490803.137684151
1628859531971347697,430224.85544879216,7490992.5452106865
1628859532037585574,430225.05192389607,7490999.985459276
1628859532181564525,430230.83041758987,7491218.941464995
1628859532247390551,430230.8304719633,7491218.94146356
1628859532379242698,430238.039532163,7491492.1050970275
1628859532511570774,430237.9161310215,7491487.428364295
1628859532571680515,430238.11259437003,7491494.868617145
1628859532649771249,430246.4998311809,7491812.67387882
1628859532781469338,430247.01621012215,7491832.231122863
1628859532913318835,430256.3292191574,7492185.11201358
1628859532979708518,430256.54802434624,7492193.402590184
1628859533045565628,430256.9408098832,7492208.283110937
1628859533171644822,430268.1335330421,7492632.378096148
1628859533315345484,430269.00903386297,7492665.540411514
1628859533375387236,430282.0925562724,7493161.27475899
1628859533501704810,430282.13757990394,7493162.975388152
1628859533573852122,430282.33408293524,7493170.415653326
1628859533717379157,430296.6302714328,7493712.0673609255
1628859533777373352,430296.9670372932,7493724.822111312
1628859533915657742,430312.3575399141,7494307.92710945
1628859533981244735,430312.6943189362,7494320.681867634
1628859534113239865,430331.30055428774,7495025.59527708
1628859534173887586,430331.17149128806,7495020.705948454
1628859534305578153,430331.38487785746,7495028.783965663
1628859534383260840,430349.1669447888,7495702.448680577
1628859534509568420,430349.56459299073,7495717.541856727
1628859534581271270,430350.0121642583,7495734.548265434
1628859534713382951,430369.8325244022,7496485.592660379
1628859534779384961,430371.6570653052,7496554.89381666
1628859534917668239,430396.13223128475,7497482.593108183
1628859534983385023,430398.1210634385,7497558.271847892
1628859535109654434,430419.9300571448,7498385.209249983
1628859535181389522,430421.5142340965,7498445.7950273445
1628859535319640416,430425.72051992663,7498606.506685778
1628859535379662479,430440.7985419448,7499178.135638172
1628859535511654280,430443.18937154673,7499270.396734437
1628859535571730302,430444.6980641477,7499328.431818517
1628859535709648917,430468.0841394209,7500216.382324759
1628859535781624485,430469.2288249034,7500261.025160489
1628859535907396420,430503.1344663763,7501547.353144734
1628859535985385041,430507.3660221263,7501709.341044645
1628859536117233052,430543.8139976911,7503092.50217845
1628859536177380474,430549.5988900251,7503313.056322509
1628859536315654469,430556.95962362026,7503595.579592704
1628859536375701919,430588.65657770453,7504797.410344826
1628859536525388328,430601.72555207467,7505296.8742896095
1628859536585394282,430606.0923238623,7505463.858424752
1628859536717280718,430642.5853866354,7506850.321238944
1628859536777661190,430648.91748310183,7507092.241226916
1628859536927395226,430674.6897199977,7508073.843939923
1628859536981387002,430677.1287953667,7508168.231946891
1628859537113654372,430705.65506604937,7509254.001207448
1628859537245674703,430715.04695092596,7509615.395834206
1628859537323412372,430721.81169466587,7509874.749058897
1628859537449431869,430736.93855798605,7510453.722833139
1628859537509438330,430739.69122879324,7510560.973037965
1628859537641383038,430773.3431884163,7511841.578124314
1628859537719632379,430780.3608877007,7512111.561864295
1628859537851315501,430787.64355698635,7512394.621682011
1628859537911332116,430808.81526187516,7513199.464912261
1628859538037653055,430816.53439228924,7513499.532083815
1628859538121644864,430829.6625589351,7514001.551889382
1628859538247636187,430839.6405787815,7514387.609792069
1628859538319697881,430843.8476333487,7514551.515151258
1628859538439638882,430848.919807109,7514751.987628539
1628859538529644127,430853.64491534897,7514937.152593084
1628859538661687602,430862.14696931443,7515268.577659193
1628859538709723892,430863.07131019235,7515307.270529276
1628859538841937815,430865.38368606276,7515404.640868638
1628859538913695293,430879.120655371,7515930.152551808
1628859539057300143,430888.0709499578,7516279.861129482
1628859539111694261,430890.7289826942,7516385.625374232
1628859539243713457,430887.1523094272,7516261.058572469
1628859539315413399,430888.09857067204,7516302.729161719
1628859539453722329,430894.39046215365,7516553.161962069
1628859539513717963,430896.9635082052,7516655.737493123
1628859539651333062,430901.91740319866,7516855.149884105
1628859539723723708,430901.7884944375,7516857.493352884
1628859539855424516,430899.07333184034,7516766.728226379
1628859539915685623,430912.98216454947,7517298.830850614
1628859540047727483,430906.3223723759,7517059.256952418
1628859540125706482,430921.24290170573,7517631.858630197
1628859540257666168,430922.69637936295,7517699.575664502
1628859540317685682,430923.2106762061,7517724.983662642
1628859540443679635,430928.4393388318,7517936.089336126
1628859540521328086,430924.8808581249,7517808.64995224
1628859540659683401,430928.75860231795,7517970.118186893
1628859540707726576,430930.3447711814,7518035.385307235
1628859540845325387,430932.9530959261,7518147.958525006
1628859540923330331,430932.6435608878,7518145.201178446
1628859541061383260,430925.2927574314,7517882.670163399
1628859541115757533,430929.4666443795,7518047.534311079
1628859541247720515,430923.9858986242,7517855.049418617
1628859541319784306,430925.0341003136,7517902.780276752
1628859541457712931,430898.36940532597,7516911.192415756
1628859541517717189,430892.13795550447,7516682.669395026
1628859541649748221,430875.776622261,7516079.791980724
1628859541733331452,430862.32569717715,7515580.864210006
1628859541859813460,430838.93928370316,7514712.895969885
1628859541991343120,430823.5038104706,7514144.351590553
1628859542051749131,430812.7268627499,7513745.7637059
1628859542123669194,430806.91696368845,7513535.418900272
1628859542261363899,430783.0017720928,7512648.001561286
1628859542381687031,430755.2890920662,7511617.729787849
1628859542453716605,430741.22314421955,7511095.20744602
1628859542585832757,430714.58067065733,7510105.328026278
1628859542663759202,430698.43171385524,7509506.0656448295
1628859542783699854,430687.8540213098,7509123.003825191
1628859542849399717,430682.99834922387,7508947.948176368
1628859542981725099,430657.1688364134,7507991.554628469
1628859543065719014,430651.52380982495,7507789.822346372
1628859543185699321,430625.82579846866,7506835.872903845
1628859543245703502,430619.94808330585,7506622.553210143
1628859543383701126,430608.2623137252,7506202.294037091
1628859543467680354,430602.9013642196,7506011.829337677
1628859543587861068,430597.3463885551,7505820.412517423
1628859543647713527,430588.7892429429,7505506.542478225
1628859543785699669,430584.1971240279,7505355.093583239
1628859543857733082,430573.4145313726,7504958.743241982
1628859543989648763,430569.8825738748,7504846.196014896
1628859544055597758,430566.72186719463,7504736.404482056
1628859544187684385,430545.5447606954,7503958.585321803
1628859544265390115,430536.0978939801,7503612.723587727
1628859544385720066,430533.1952813263,7503525.155633584
1628859544451690077,430526.70959003875,7503289.835235371
1628859544583378906,430509.62951009907,7502665.499721792
1628859544661703156,430508.3106324846,7502630.0087391585
1628859544787722570,430491.2379678689,7502006.311656609
1628859544847399860,430484.751614527,7501769.502551669
1628859544991746946,430465.82310447434,7501079.90903462
1628859545184498080,430459.2730258065,7500866.289316433
1628859545244509050,430455.79399459145,7500745.338382183
1628859545394621701,430441.64842293854,7500237.502491984
1628859545454601186,430436.9583864443,7500070.846914892
1628859545598500824,430430.7367528792,7499860.835139942
1628859545652541890,430442.03561982815,7500300.247301886
1628859545784617697,430442.4987656529,7500341.71721383
1628859545856613004,430480.2157733655,7501783.024328345
1628859545988396990,430483.867160942,7501945.453064256
1628859546054545449,430485.39187513164,7502016.251656096
1628859546186530778,430516.6810740753,7503225.643116799
1628859546258470830,430515.11281317665,7503179.522221183
1628859546384556909,430535.2218740706,7503965.878160476
1628859546450658819,430543.4028530977,7504286.88408126
1628859546588526904,430570.2266571005,7505328.658748615
1628859546720508057,430600.7623044711,7506509.462170742
1628859546786641135,430614.5115974828,7507043.158697109
1628859546924423382,430638.5982283815,7507980.026137845
1628859546990515008,430648.1584126558,7508355.243353381
1628859547122411688,430656.6079139534,7508700.601379047
1628859547188630889,430662.37976684084,7508932.5383117
1628859547332535551,430676.0412881146,7509476.5560026625
1628859547392523490,430682.5636288136,7509735.4901512
1628859547518567791,430696.0556522572,7510271.216269196
1628859547590412826,430701.5401782255,7510490.3973053405
1628859547734529450,430710.0728744786,7510842.986792918
1628859547794512094,430713.3143555657,7510977.347392966
1628859547926541254,430729.0565155702,7511598.851948076
1628859547992538988,430732.6867490723,7511749.901815756
1628859548130665633,430746.3938303347,7512296.259994517
1628859548190649511,430749.9323408937,7512441.887738329
1628859548322658666,430756.31347512413,7512708.803890389
1628859548394507893,430753.9957917519,7512635.366301069
1628859548526520139,430766.2005689795,7513122.518856227
1628859548598419196,430771.78339943395,7513347.441728832
1628859548712660382,430763.1740482556,7513045.908999414
1628859548802574091,430766.8427383689,7513202.382752623
1628859548934545180,430752.92176271667,7512701.979792011
1628859549000437984,430755.361771075,7512806.04755219
1628859549126662503,430741.1115868561,7512293.208695083
1628859549186673416,430742.24510545074,7512347.850803242
1628859549336544199,430741.90913701005,7512364.559137919
1628859549396538952,430718.09135776164,7511476.076626608
1628859549528408792,430714.05468771246,7511348.863488157
1628859549588423694,430712.36962411087,7511296.895167875
1628859549738544957,430686.6979871508,7510355.918031444
1628859549798553124,430684.6570821379,7510290.557098437
1628859549924850441,430664.8900123737,7509568.750689067
1628859549996651927,430663.6310919951,7509534.95971578
1628859550128677361,430649.6158163402,7509030.732037634
1628859550194430187,430648.21236234216,7508989.499317652
1628859550320590834,430651.216554752,7509128.758745003
1628859550452438926,430662.58393396775,7509584.766505487
1628859550530692343,430666.4215032294,7509745.702573383
1628859550596444372,430670.05160915165,7509894.837568634
1628859550722565251,430683.16215270665,7510416.746343076
1628859550860553001,430680.3987292391,7510340.236113912
1628859550938681504,430683.8537051707,7510486.716692997
1628859550992439170,430686.734754536,7510605.55738246
1628859551130583933,430675.4783468706,7510208.047310547
1628859551256554066,430679.91706418566,7510399.707278867
1628859551334661284,430681.366520385,7510470.402146019
1628859551460676328,430638.9364678927,7508892.101028985
1628859551532653365,430636.42605011177,7508811.116880835
1628859551658432474,430607.5674330547,7507743.970757004
1628859551730557520,430607.92899030773,7507773.637142968
1628859551862619709,430593.30343394686,7507246.877089307
1628859551928534057,430593.91832744755,7507282.174124121
1628859552054559363,430595.7608098847,7507377.960586286
1628859552132664040,430563.3115555608,7506167.105244954
1628859552264662574,430561.71558995685,7506132.897843737
1628859552324722057,430562.1637071271,7506161.9236983135
1628859552456567416,430526.10810513014,7504824.697209646
1628859552534835241,430521.04193117266,7504649.222457523
1628859552666696993,430500.3179339861,7503891.813414291
1628859552726696455,430491.9693754458,7503588.149518421
1628859552858768762,430472.49341212254,7502878.04068674
1628859552936563563,430462.98765592725,7502534.627277786
1628859553074456363,430447.43569829536,7501972.581561848
1628859553128728770,430434.0687043105,7501479.402726182
1628859553260473955,430418.9331492148,7500933.088596454
1628859553332460814,430407.6021973063,7500518.566255512
1628859553470498271,430358.46618645306,7498688.056510483
1628859553530473006,430344.1786735501,7498159.590792828
1628859553656703418,430308.2742971635,7496827.583568938
1628859553740581263,430293.988990442,7496303.16067786
1628859553872468666,430241.6278773277,7494348.085988869
1628859553932463140,430229.28231381846,7493892.962411475
1628859554058707395,430201.6245081583,7492872.388828183
1628859554142579513,430158.3848804925,7491252.125179315
1628859554268642534,430129.87301022717,7490199.02986242
1628859554328456389,430118.5389625076,7489780.045102203
1628859554460726236,430073.8688128897,7488117.492098497
1628859554532672283,430058.38175447297,7487545.242477485
1628859554670648951,430011.7886816285,7485809.566622981
1628859554724608413,430003.8546678979,7485519.192996132
1628859554868613846,429962.9366876387,7483998.010753665
1628859554934487340,429956.8522034354,7483781.617199504
1628859555072734799,429947.6654693698,7483461.708498488
1628859555192761056,429898.98900345917,7481642.494470774
1628859555264603868,429894.32718407246,7481479.883222917
1628859555336492066,429888.0548111009,7481256.262578877
1628859555474718099,429834.9287474333,7479272.309154848
1628859555600497078,429815.527974235,7478561.2595602395
1628859555666621429,429798.7668711989,7477940.3356982125
1628859555744725275,429784.1181766931,7477401.255085404
1628859555876735696,429763.3902733328,7476641.9537257
1628859555996743347,429743.85620880325,7475925.591577104
1628859556062504271,429734.56666649785,7475585.479578896
1628859556206637296,429700.9987062899,7474343.637451229
1628859556278623213,429687.9212143623,7473861.952609751
1628859556398710967,429688.6297455423,7473912.561937741
1628859556458741816,429681.524150029,7473655.1421830105
1628859556590625420,429663.6307413056,7473002.768535573
1628859556668639578,429656.1190216504,7472734.085456393
1628859556800502680,429636.4083849122,7472012.83836378
1628859556860509922,429632.9683401141,7471894.442798175
1628859556998755428,429615.5904564684,7471263.541722605
1628859557076862371,429607.3662020595,7470967.64951742
1628859557202746599,429597.44623959105,7470615.430812814
1628859557268769549,429597.4757758058,7470630.320576054
1628859557400756457,429579.20638171316,7469963.706606381
1628859557472639310,429581.15936307755,7470051.509212794
1628859557604642604,429583.4619845288,7470164.403788855
1628859557658696848,429548.3418619273,7468845.391909063
1628859557802736806,429553.0716533346,7469052.245264028
1628859557874618784,429508.9272491041,7467393.1189672025
1628859558000686443,429509.86547262856,7467454.357941562
1628859558060683155,429510.7700785075,7467500.494594724
1628859558204530706,429455.0759365024,7465417.084954828
1628859558270751844,429454.89133210864,7465423.896890804
1628859558397927902,429398.1135940072,7463295.42380213
1628859558463988757,429392.11356800515,7463081.798198072
1628859558601785509,429380.3274276699,7462660.710379256
1628859558673786404,429332.4614395234,7460861.936825583
1628859558805808118,429317.56447519886,7460322.872680294
1628859558865775074,429286.0192893408,7459138.857293517
1628859559003998180,429267.986173257,7458482.881315185
1628859559075892250,429257.601568394,7458103.026124312
1628859559195772783,429233.3582387669,7457207.693186002
1628859559267783192,429226.3371558341,7456955.381089831
1628859559405997582,429189.75067426515,7455595.797474397
1628859559483677121,429182.5391116041,7455336.258414533
1628859559609902232,429169.8721596064,7454881.800568801
1628859559736167777,429125.9727436493,7453242.68871671
1628859559808028789,429121.7821582029,7453097.725597772
1628859559999911904,429072.9514277407,7451284.105877785
1628859560149810106,429016.70946741797,7449180.964559802
1628859560209782730,429011.25873322255,7448986.259539212
1628859560336047982,428999.13879574666,7448552.636644273
1628859560401653994,428954.8820563241,7446885.466896699
1628859560551834335,428940.7017294248,7446377.661309364
1628859560599856486,428936.59289661475,7446231.846247546
1628859560731889143,428877.83912879176,7444028.8062662585
1628859560809992233,428867.66095722094,7443658.736503194
1628859560930801221,428810.01442706847,7441495.238519768
1628859561008701647,428795.2845119055,7440952.352412658
1628859561134599382,428761.04146599706,7439676.75295898
1628859561200788886,428747.44181179145,7439174.679341199
1628859561338609610,428723.48273452546,7438291.482018111
1628859561404665526,428681.19920811563,7436700.855921086
1628859561530715248,428658.17601675214,7435853.1595208915
1628859561602962341,428647.6344203407,7435467.1490951665
1628859561752805035,428582.40806281404,7433020.961602642
1628859561806683247,428574.32562135963,7432724.227060882
1628859561934012125,428506.1480248855,7430161.558205792
1628859562005900973,428489.6701207334,7429550.018771315
1628859562143809674,428426.6580051641,7427185.044635831
1628859562203779520,428407.29924528126,7426461.909490288
1628859562341858225,428365.6545597108,7424906.384446056
1628859562401964630,428345.7832110268,7424166.035007655
1628859562546221273,428316.021082056,7423063.912862807
1628859562605831381,428303.83212986647,7422613.0744575085
1628859562743891032,428260.41532070556,7420990.173470434
1628859562804044854,428252.6759581808,7420710.450605606
1628859562936807473,428196.3611265416,7418596.958518546
1628859563014584592,428188.25953732594,7418303.41979806
1628859563140561913,428116.6667237853,7415608.788994809
1628859563206851917,428104.82034544495,7415172.8348697
1628859563350705311,428078.7469647848,7414210.376031224
1628859563410686530,428017.5159312675,7411894.530305716
1628859563536747810,427984.05659053044,7410648.942527589
1628859563608984701,427966.17206341244,7409983.212732142
1628859563746821022,427891.45873814076,7407170.849003405
1628859563812716662,427876.12968512106,7406600.134440759
1628859563939997140,427816.25393560366,7404349.14782203
1628859564071874666,427781.15121414396,7403040.43994291
1628859564149776666,427732.8027298011,7401217.122259335
1628859564209793298,427720.4470859898,7400759.279767737
1628859564329767944,427700.02136472217,7400006.627619654
1628859564461941522,427646.7300283309,7398005.837573865
1628859564539806759,427627.8727394139,7397304.620960458
1628859564683783101,427566.58555161953,7395000.731209545
1628859564731777155,427553.0541132628,7394495.915219515
1628859564869995396,427498.4759220639,7392446.8875038875
1628859564941957591,427480.3681431447,7391771.817977912
1628859565062015227,427457.13652557426,7390911.8320388105
1628859565133770852,427436.9976606928,7390159.393228642
1628859565265778720,427420.3178677483,7389550.863788363
1628859565337668792,427414.34345794667,7389337.680097743
1628859565475882463,427361.21121504623,7387343.29048897
1628859565535875110,427352.0199705383,7387005.548470249
1628859565667828925,427313.0765612875,7385549.351586005
1628859565745783632,427296.6854329255,7384941.455768292
1628859565877890950,427268.0833145147,7383878.700413822
1628859565938669286,427257.06365939276,7383471.241749414
1628859566064773406,427231.2773270316,7382515.61539888
1628859566148609714,427231.02392785554,7382522.64117735
1628859566286823209,427210.2460423617,7381759.803789212
1628859566340599501,427205.2462897064,7381579.564934233
1628859566466782341,427205.4050546895,7381612.3166550035
1628859566544736548,427204.23805937445,7381582.143807812
1628859566676879470,427188.1539685708,7380998.277744341
1628859566736859483,427183.9775606751,7380851.411389506
1628859566868874453,427185.30467794713,7380928.586799876
1628859566940740899,427180.79125977895,7380770.881583427
1628859567066767995,427174.6363380569,7380562.809504621
1628859567138713127,427188.51164171414,7381103.555076394
1628859567270857871,427186.6518844264,7381061.063805685
1628859567342641168,427185.8562395446,7381044.919458092
1628859567480749715,427216.42668632144,7382237.792660588
1628859567540728105,427220.20527809236,7382393.815818961
1628859567672635570,427267.66743556014,7384227.753973424
1628859567739021531,427280.10206307913,7384715.364237036
1628859567882751447,427302.1694872539,7385584.095640219
1628859568009009321,427317.5137109949,7386194.359112948
1628859568074623393,427325.6461983902,7386515.963303528
1628859568140848213,427325.5085583256,7386524.900394123
1628859568278672846,427319.43964836147,7386319.589858666
1628859568410795593,427372.6581840075,7388373.744323651
1628859568470801976,427374.63815930113,7388460.900248659
1628859568614899906,427410.0182825442,7389835.304948301
1628859568674871279,427416.0099815479,7390075.076140795
1628859568812802974,427430.1842794548,7390641.7693131305
1628859568872815377,427444.2074474767,7391187.409219606
1628859569016642012,427460.9361967907,7391851.028595067
1628859569088548489,427467.66639783315,7392120.55936646
1628859569214846755,427478.3789763848,7392553.55440021
1628859569268774239,427485.3515918376,7392828.396596354
1628859569418772441,427486.9192143104,7392916.414602989
1628859569484881671,427493.70148878463,7393187.645952936
1628859569616900316,427498.2855391985,7393386.403250439
1628859569676898245,427501.60139381076,7393523.722592669
1628859569820665363,427506.09495529864,7393720.568010513
1628859569880697413,427499.94849492365,7393497.81619619
1628859570018903200,427500.91808875353,7393560.32555877
1628859570072781868,427504.8909129222,7393720.599651332
1628859570216818069,427512.29647081974,7394029.463413631
1628859570276834883,427516.7552460881,7394209.93167156
1628859570420719082,427508.4956657398,7393920.871729376
1628859570468920380,427510.8978249148,7394021.204726983
1628859570612770051,427492.20981109363,7393334.87595958
1628859570690803242,427490.3080931139,7393276.64517704
1628859570810764050,427493.95497521723,7393436.502379008
1628859570871880143,427464.43060112215,7392323.350563741
1628859571009771079,427468.08637128,7392486.823319311
1628859571081735915,427469.8234921646,7392565.052488726
1628859571213878693,427422.9444603849,7390803.188294762
1628859571273857501,427419.5075409999,7390682.676071339
1628859571411790524,427370.87148956914,7388855.1366533255
1628859571471829824,427365.93574979337,7388677.447126133
1628859571609973123,427310.28521687875,7386582.729742812
1628859571669978251,427303.4478309827,7386332.559298164
1628859571819853096,427283.28289724496,7385590.121919601
1628859571873786343,427242.94804076664,7384062.708870146
1628859572011999130,427215.53810891724,7383042.463387541
1628859572077789054,427203.6927089755,7382601.420027185
1628859572215867477,427155.54687929817,7380791.11280901
1628859572281854851,427143.68985382793,7380351.13435497
1628859572413806550,427091.5897945027,7378388.216960781
1628859572545997590,427069.4839809139,7377567.563588481
1628859572623687127,427004.18349485623,7375091.543116559
1628859572743866149,426973.16969583987,7373931.233874366
1628859572815846180,426958.6058266193,7373387.745574514
1628859572947865365,426872.791086044,7370138.905277232
1628859573013990869,426855.0699794107,7369474.902528322
1628859573145999038,426792.4973091261,7367111.13680853
1628859573217815205,426779.20468869986,7366615.688788005
1628859573349810007,426761.72171183047,7365969.974318258
1628859573416053434,426684.1018693105,7363022.336175133
1628859573548005550,426648.904103875,7361700.928840062
1628859573619857792,426577.7834205239,7358999.860564858
1628859573745853456,426540.7286574326,7357607.042408518
1628859573818001480,426526.4171088673,7357072.065148872
1628859573937974695,426482.25235821016,7355405.911601695
1628859574010007217,426457.7815513891,7354483.248088426
1628859574147865307,426404.5133055283,7352472.561781034
1628859574219844671,426379.9278021606,7351545.225045374
1628859574339853431,426331.35069380485,7349709.893937188
1628859574417869112,426299.92864744726,7348521.765479739
1628859574549987154,426244.14999275655,7346414.170800704
1628859574621811108,426238.37605877256,7346204.182434313
1628859574741967423,426198.7316093538,7344708.934698125
1628859574820119031,426173.0290707133,7343739.735087975
1628859574940971357,426152.02991023695,7342955.454580883
1628859575024825013,426130.75466568006,7342155.017483598
1628859575144751613,426096.8551520847,7340878.4846669715
1628859575228741140,426074.2215023361,7340025.975860779
1628859575354933855,426034.6136775067,7338532.439034938
1628859575414921531,426032.92663058627,7338476.3330497695
1628859575546714293,425992.69578507275,7336958.568514289
1628859575612893196,426009.75397694646,7337620.012237786
1628859575756729507,425974.4816700015,7336292.689070998
1628859575816783492,425961.3903325479,7335801.081242954
1628859575942940549,425966.8687433445,7336028.30274485
1628859576014892382,425956.81732918415,7335654.019961295
1628859576152725507,425949.9568114893,7335409.606913239
1628859576218748162,425940.31132832525,7335050.627380806
1628859576350733598,425918.7624403175,7334244.887316724
1628859576422780357,425911.4478441263,7333974.751184946
1628859576548738736,425886.50923530816,7333039.148047826
1628859576626912904,425888.2688783221,7333116.733349325
1628859576753004983,425863.986233819,7332204.509671848
1628859576818972950,425849.1883753534,7331648.078829153
1628859576950756063,425855.1961402892,7331893.789300858
1628859577022855035,425839.2405148978,7331292.937115638
1628859577148866621,425853.01171233226,7331834.719114761
1628859577280743071,425824.13861550123,7330747.361894267
1628859577347150378,425807.6590781351,7330126.106152558
1628859577484864344,425859.3683595976,7332116.790229189
1628859577550846311,425848.4954411254,7331709.563897976
1628859577682768968,425891.3585206291,7333361.66987181
1628859577748957910,425883.5561270851,7333071.554040345
1628859577886784095,425914.5321084152,7334269.031931632
1628859577947233677,425910.53610128467,7334124.082683065
1628859578084848756,425903.2404680011,7333859.476000432
1628859578150916503,425935.9338318224,7335115.399513109
1628859578282878747,425930.3845477168,7334917.105820738
1628859578354752199,425927.0565100965,7334797.23629198
1628859578486790778,425970.1045437402,7336454.022335666
1628859578558793487,425967.9631685248,7336379.211700625
1628859578696763502,426013.74261899607,7338140.785294374
1628859578744879600,426013.2045164696,7338125.0603313
1628859578888765935,426056.1159035934,7339776.538892627
1628859578954973956,426054.85448706604,7339734.884624196
1628859579087006779,426054.99516938283,7339752.108857962
1628859579152916987,426109.547629274,7341840.790492454
1628859579285005645,426112.09260363627,7341949.408864077
1628859579350760112,426113.0814560123,7341992.346521633
1628859579488871171,426185.3469271441,7344762.0329035465
1628859579542962650,426186.9317457546,7344827.500392228
1628859579680762070,426249.7539668341,7347235.228146108
1628859579758820196,426255.3632154013,7347455.6429964295
1628859579890879227,426311.66061373695,7349613.422093322
1628859579950819771,426314.9614009883,7349743.928965901
1628859580082761501,426321.7769714702,7350013.657568119
1628859580160802560,426385.77671553474,7352460.716735599
1628859580287005355,426393.9302784487,7352781.032153291
1628859580352774932,426398.3003932111,7352951.923243096
1628859580479009892,426464.3244391512,7355478.485020618
1628859580556784755,426469.7978082088,7355691.886557219
1628859580689027094,426546.5267177184,7358626.336988309
1628859580749028196,426552.0242532863,7358839.738642022
1628859580886765635,426605.4293936713,7360883.403534505
1628859580958930699,426612.11701517634,7361143.14215989
1628859581084881034,426621.8580329248,7361521.484982795
1628859581150893445,426682.1736363689,7363824.038761757
1628859581282992781,426695.69965560007,7364346.704283365
1628859581354789921,426702.94121289416,7364626.422850774
1628859581492923800,426751.1400526248,7366470.089682045
1628859581624803295,426817.5475830589,7369006.463597324
1628859581684770283,426823.41412957746,7369232.832593786
1628859581823064482,426837.00326389587,7369756.988493899
1628859581894803816,426888.2342333289,7371711.402051014
1628859582021618235,426900.78993950295,7372195.17383267
1628859582086869958,426907.55644384783,7372455.3390592765
1628859582230772923,426956.1648021389,7374311.7731393995
1628859582290812413,426961.0402425336,7374499.670983671
1628859582422956507,427010.06971190404,7376371.412581329
1628859582488924018,427014.5168236242,7376542.731545901
1628859582627031935,427056.2252945573,7378134.969317746
1628859582687022737,427060.47860549873,7378298.636511739
1628859582830880206,427069.1011718655,7378630.647343203
1628859582890794940,427113.02136997366,7380303.869552471
1628859583028822402,427121.27475145826,7380621.214488652
1628859583100816622,427125.39702357905,7380779.568063973
1628859583227012075,427170.8692877927,7382512.309744885
1628859583286954313,427173.8604273348,7382627.089671958
1628859583431060866,427211.62338540185,7384065.871498548
1628859583497033247,427213.8865874784,7384152.806874609
1628859583629058366,427256.19594043976,7385763.760048959
1628859583689058902,427258.01007144095,7385833.265845847
1628859583832809358,427263.36080007686,7386037.744343246
1628859583892923740,427289.7863555529,7387043.129983301
1628859584024839359,427292.0986486835,7387131.553270458
1628859584079064207,427294.66383777506,7387229.328811923
1628859584234945372,427339.65512420994,7388940.612562112
1628859584288957806,427342.9081133872,7389064.532633347
1628859584432806313,427369.9189464684,7390091.389238481
1628859584492844412,427368.53644228575,7390038.887990535
1628859584630960747,427401.3871071258,7391287.441475984
1628859584702933595,427402.0073644911,7391311.03521348
1628859584822949812,427403.52169075253,7391368.637944441
1628859584882951068,427429.9616683675,7392374.0291347895
1628859585033053534,427431.4537517155,7392430.7817047415
1628859585086796205,427432.16905965295,7392457.988930495
1628859585284933137,427460.89046760043,7393550.104428809
1628859585423047901,427486.8690513774,7394537.855752309
1628859585488824378,427487.1149738595,7394547.208256912
1628859585632993002,427509.1043082254,7395383.194834898
1628859585765075006,427509.8309399152,7395410.827259824
1628859585836835036,427510.3228144563,7395429.532286388
1628859585957053054,427528.0483262096,7396103.338434393
1628859586035090493,427528.5010958112,7396120.555573704
1628859586166944138,427544.69509396155,7396736.121498267
1628859586226964164,427544.8348436618,7396741.435433672
1628859586358954172,427560.04528985725,7397319.591642588
1628859586425087544,427560.04528985725,7397319.591642588
1628859586557010408,427560.1682745012,7397324.267908625
1628859586634974446,427575.00993725215,7397888.395677962
1628859586755072155,427575.5745708714,7397909.864003315
1628859586832845588,427575.96590159,7397924.7430409705
1628859586959158446,427590.61767033103,7398481.644213665
1628859587036993925,427591.1096482581,7398500.349300909
1628859587157011011,427603.8609800497,7398984.981119559
1628859587229088845,427604.1628859132,7398996.459247335
1628859587361056296,427616.1986372597,7399453.883901642
1628859587427012613,427615.80726561265,7399439.004839961
1628859587559230093,427615.2146178778,7399416.473689858
1628859587630993166,427625.8693633764,7399821.39670151
1628859587774978085,427626.04828075593,7399828.198560995
1628859587829256844,427626.3613863706,7399840.1018152125
1628859587961019771,427636.59700031776,7400229.083145208
1628859588032966035,427636.9995757562,7400244.387335704
1628859588159092943,427646.63144287304,7400610.412540549
1628859588236856039,427647.02284585347,7400625.291620628
1628859588351096710,427648.04608695715,7400664.189788225
1628859588429599401,427657.75041119376,7401032.978427584
1628859588561110266,427657.8678354375,7401037.442153571
1628859588638855867,427669.3615082127,7401474.249656097
1628859588765089103,427670.2282379494,7401507.1962209
1628859588837007983,427670.8153785587,7401529.514862225
1628859588968975356,427683.66799271526,7402017.974338003
1628859589034980186,427684.45087439317,7402047.7325425865
1628859589167161881,427697.0128790079,7402525.139239258
1628859589227123353,427697.2701203,7402534.916940177
1628859589365043748,427707.42785406735,7402920.923591563
1628859589436999307,427707.18738303497,7402911.783563066
1628859589557004387,427707.7242488024,7402932.189208202
1628859589635085643,427715.47180669213,7403226.583145517
1628859589767091838,427715.5892485394,7403231.046881834
1628859589838876278,427715.9247968721,7403243.800414286
1628859589959006123,427725.1041044588,7403592.609542107
1628859590037108053,427725.6745508845,7403614.290555641
1628859590163011089,427732.90213597164,7403888.91672113
1628859590241011113,427732.7846888483,7403884.452981716
1628859590367058213,427739.32431054255,7404132.934463587
1628859590499109834,427739.78851439833,7404150.576866965
1628859590571128289,427740.2806829532,7404169.282066089
1628859590637035395,427745.00267604773,7404348.681906579
1628859590769056002,427745.6011164396,7404371.425733038
1628859590889037278,427750.70337712986,7404565.279638481
1628859590972878270,427751.1116648268,7404580.7964581475
1628859591104900510,427752.20789146994,7404622.45805741
1628859591159047668,427755.7999324586,7404758.921029049
1628859591291035629,427756.7395665244,7404794.630977868
1628859591363021821,427761.0976082168,7404960.21460036
1628859591501149990,427762.25538785476,7405004.214368249
1628859591561125480,427762.68046724267,7405020.368872915
1628859591693100778,427765.03049687133,7405109.64374844
1628859591765029761,427765.6177819513,7405131.962474544
1628859591897003650,427768.1130737816,7405226.7639076
1628859591963156833,427768.73951623833,7405250.570551732
1628859592100903047,427769.9476581393,7405296.483367107
1628859592173064220,427773.3657229451,7405426.357115059
1628859592311127658,427774.5570993687,7405471.6322608115
1628859592371153632,427779.6754150733,7405666.124098444
1628859592497187807,427780.4864588503,7405696.945214606
1628859592563169996,427781.21360299864,7405724.577940294
1628859592712924108,427784.8999250634,7405864.654609659
1628859592767034699,427785.0453554487,7405870.181155707
1628859592893130046,427788.9162109167,7406017.2723122975
1628859592965155265,427789.1735135478,7406027.050049211
1628859593097177301,427790.1076354136,7406062.547486242
1628859593169025123,427794.66631656565,7406235.783502733
1628859593295168094,427795.1417743097,7406253.8510643095
1628859593367174671,427799.6612694181,7406425.5992009565
1628859593499177580,427799.62211359304,7406424.111283839
1628859593565092508,427799.80670537474,7406431.1257502735
1628859593697073326,427804.72335233947,7406617.965654285
1628859593769171891,427805.11491595354,7406632.844828609
1628859593907200972,427809.8804773278,7406813.945664216
1628859593967211743,427810.1601693267,7406824.573648046
1628859594092936575,427811.1782499164,7406863.259510187
1628859594171044189,427814.2544944532,7406980.167355157
1628859594309162121,427814.4614688626,7406988.032064557
1628859594369152751,427816.3964859464,7407061.577741174
1628859594489185534,427816.17272870813,7407053.0753519805
1628859594573059164,427816.17272870813,7407053.0753519805
1628859594699164582,427818.3986103887,7407137.674141245
1628859594831312552,427818.86290948757,7407155.316600481
1628859594903144990,427820.15460974525,7407204.417917808
1628859594969101172,427820.74197884905,7407226.7366931625
1628859595101505973,427823.86287268024,7407345.345065963
1628859595293185725,427823.86287268024,7407345.345065963
1628859595443092869,427826.08873904863,7407429.94388284
1628859595515051308,427826.4803243857,7407444.823069886
1628859595635071310,427827.98453629424,7407502.001678023
1628859595700986644,427828.3201824981,7407514.755267874
1628859595839063663,427829.1033581098,7407544.513644858
1628859595905124104,427829.41055604664,7407556.204448667
1628859596037053665,427830.4063109937,7407594.040101217
1628859596097055479,427830.7531475903,7407607.218812009
1628859596240949438,427831.8265960082,7407648.030321187
1628859596301075996,427832.1174922716,7407659.0834340835
1628859596439077467,427833.52653543185,7407712.648539573
1628859596499065295,427833.42024599755,7407708.609901927
1628859596649200834,427836.6921372968,7407832.957456223
1628859596709206286,427836.6920176507,7407832.95745937
1628859596841082527,427837.0420014174,7407846.348797936
1628859596895638787,427841.55923689966,7408018.097295048
1628859597039233931,427845.8068016445,7408179.855682724
1628859597111190237,427852.724249719,7408443.005197738
1628859597237177597,427856.5256997218,7408588.184231652
1628859597297146797,427857.77310555667,7408636.010548225
1628859597441085489,427867.1686239697,7408994.175182093
1628859597507214611,427870.05277923314,7409104.494426276
1628859597639202918,427878.90367249236,7409442.253657155
1628859597704947960,427881.8639787562,7409555.548857081
1628859597843063585,427889.2248688785,7409837.405368741
1628859597903100853,427897.81010263815,7410164.536479578
1628859598041223738,427904.71022537263,7410429.388687299
1628859598101203075,427908.12876942137,7410560.539402942
1628859598239229731,427913.39795179875,7410763.749379998
1628859598305100773,427916.4082155911,7410879.595924102
1628859598443225089,427919.1074344617,7410985.878815234
1628859598503222635,427923.4429473177,7411152.314990618
1628859598641163872,427921.4249284507,7411079.834707626
1628859598713146776,427922.8251935775,7411135.314617238
1628859598839080050,427922.50869447587,7411127.452755138
1628859598977216014,427924.5497703547,7411210.142416949
1628859599043150874,427926.5362724201,7411288.3666554075
1628859599168975702,427916.79770828306,7410923.403495179
1628859599241088565,427917.742123362,7410962.30417891
1628859599373271891,427903.198201721,7410416.240607106
1628859599445303437,427903.065642,7410414.542434399
1628859599577244378,427906.46530519484,7410550.160509019
1628859599649111663,427871.7765649848,7409235.902266275
1628859599775105145,427866.36620525026,7409036.737787438
1628859599853004454,427862.8876786694,7408908.992188457
1628859599979223844,427833.60652046284,7407804.110495643
1628859600045028367,427832.0807318605,7407749.6976286955
1628859600177171195,427788.92716614506,7406118.733123343
1628859600249112018,427783.6022387501,7405920.843318287
1628859600369266584,427743.9203434791,7404420.605114149
1628859600441367738,427736.66627638944,7404149.595489358
1628859600567150428,427724.99408007343,7403714.918455465
1628859600651129005,427671.02043313277,7401669.469764112
1628859600771102865,427649.2155007611,7400849.4254390355
1628859600843000469,427636.9209639379,7400387.327368358
1628859600969702623,427601.4436057963,7399049.068906237
1628859601053164474,427587.78086330136,7398535.958569369
1628859601173141898,427545.80185678805,7396950.073074123
1628859601251210707,427528.80091388396,7396310.279927505
1628859601371252606,427489.22301341547,7394815.797885587
1628859601443221300,427474.50321932964,7394262.091308102
1628859601575113531,427448.826369022,7393297.091627291
1628859601641256453,427421.3954813342,7392260.883470194
1628859601779051885,427382.59767647536,7390797.229534022
1628859601851051118,427365.8780473864,7390167.855776672
1628859601971177923,427345.9222152466,7389421.7937682625
1628859602049027170,427332.2751140855,7388909.539282848
1628859602175123132,427308.22622341756,7388008.100502696
1628859602247245313,427292.1151320154,7387402.322629324
1628859602373186073,427288.2360704161,7387268.634942768
1628859602445171686,427278.1476114701,7386892.204729692
1628859602577128752,427257.2331216619,7386110.436707912
1628859602649195485,427263.58860212355,7386360.407069084
1628859602775259564,427244.90273999074,7385663.874324603
1628859602853031122,427236.70171666844,7385359.713735513
1628859602979167471,427213.9913197247,7384510.993275189
1628859603045269613,427206.8349262063,7384246.793481059
1628859603177270816,427158.98264857364,7382441.579953006
1628859603249277918,427149.7377552198,7382098.098216948
1628859603375207558,427133.43907274783,7381493.8181384355
1628859603447202585,427126.1726733612,7381225.793504925
1628859603573153731,427113.3700707101,7380753.296474026
1628859603711263905,427076.0497275416,7379350.454606632
1628859603777209643,427067.68274829315,7379040.770299515
1628859603909234906,427044.14192950167,7378161.874205787
1628859603981165097,427035.8322981363,7377854.528497917
1628859604113158640,427003.51481900096,7376641.713081985
1628859604179292224,426993.4371399404,7376267.201309003
1628859604311214700,426974.2519323124,7375553.886222771
1628859604371218147,426944.4986870831,7374429.702027
1628859604509283138,426922.93522783526,7373627.330057116
1628859604587049063,426913.3609112196,7373272.161898504
1628859604719194410,426875.23066551116,7371839.787868075
1628859604779214753,426863.032676316,7371383.4449420115
1628859604911258496,426839.4644698926,7370504.344335365
1628859604983307894,426824.9287917735,7369960.431931488
1628859605115289124,426816.7636306592,7369668.186771341
1628859605307087051,426801.34794405295,7369107.707558272
1628859605373200466,426784.01023213746,7368457.946191533
1628859605511300484,426775.79785138613,7368165.064665587
1628859605583254194,426770.93573239876,7367988.440751884
1628859605715240773,426761.3314264173,7367643.272377954
1628859605775232747,426756.18479601934,7367455.8084745435
1628859605913294831,426750.8781301416,7367274.30433413
1628859605973326706,426745.3511883464,7367072.3870828925
1628859606105298335,426733.4785896966,7366638.796617591
1628859606183204382,426743.0348183008,7367015.01965595
1628859606315303422,426732.1656782212,7366619.688347621
1628859606375291444,426747.9555026126,7367230.565433452
1628859606507283926,426739.3078938812,7366919.829170445
1628859606585078948,426733.9162281333,7366724.502056982
1628859606723195893,426760.5222295943,7367758.362885806
1628859606777242001,426757.1722390369,7367639.340325368
1628859606909343950,426790.6601316089,7368933.788793856
1628859606987071948,426788.5962561587,7368865.141646567
1628859607119236539,426836.7606568419,7370719.878470073
1628859607179240811,426837.08394649,7370740.714393822
1628859607311189252,426836.4999075327,7370736.901165579
1628859607377306324,426882.3181971271,7372492.373254889
1628859607509267843,426888.9516656614,7372763.389703013
1628859607569246853,426892.9654255643,7372924.722534889
1628859607713208888,426967.0153622709,7375764.010527397
1628859607779388853,426974.2206502401,7376048.200305379
1628859607916204512,427042.78724710504,7378676.856450942
1628859607988084892,427051.44634767185,7379016.310983993
1628859608114199934,427122.97508619016,7381757.203968526
1628859608186293139,427129.46141196735,7382013.9761219155
1628859608324339626,427139.84716510546,7382429.108079258
1628859608456185580,427222.57013387367,7385595.12058485
1628859608510107051,427231.1500456317,7385928.62415597
1628859608654205556,427311.91677308094,7389022.594192324
1628859608714198568,427327.7826669368,7389634.548001832
1628859608858084111,427394.4986179995,7392191.824080881
1628859608918218420,427411.43555037666,7392844.378242047
1628859609056365200,427449.20474470366,7394300.405267597
1628859609116219062,427499.87594382325,7396235.743442238
1628859609254347203,427535.08587693825,7397594.211797058
1628859609314326659,427550.7363320237,7398197.668882561
1628859609458225795,427638.69044488936,7401560.777079268
1628859609530228079,427659.7391696258,7402370.632107996
1628859609650232423,427721.27322419523,7404726.222123586
1628859609710129248,427738.37430031184,7405384.524074256
1628859609854095447,427781.39009404345,7407038.676040582
1628859609926092067,427819.14983204636,7408483.452634422
1628859610058208681,427861.0665767156,7410095.523050179
1628859610118229664,427901.2872917886,7411631.704185242
1628859610250354600,427933.42700689094,7412870.734312694
1628859610322228275,427949.01233960036,7413472.50160498
1628859610448280750,427996.55686172936,7415296.716202242
1628859610508283928,428007.0031835522,7415701.864515484
1628859610658358611,428067.67565357644,7418026.456169447
1628859610862234218,428131.0331503025,7420459.46523833
1628859610910350514,428139.6920107344,7420795.1066609705
1628859611054115225,428168.57159838435,7421910.650292333
1628859611132359040,428211.25737106125,7423541.868212899
1628859611252358258,428235.2479905422,7424468.869167934
1628859611312367680,428247.90846107894,7424957.5587629685
1628859611462244894,428287.52880853956,7426481.656216562
1628859611522223325,428296.1741786861,7426817.9383471925
1628859611660113640,428338.92565981165,7428457.884506242
1628859611714352508,428347.13580584375,7428777.587280548
1628859611858257923,428369.1465987775,7429631.685364104
1628859611924235327,428398.61422934284,7430759.1362061035
1628859612056112637,428412.7560393332,7431313.305680292
1628859612116136944,428440.62492341246,7432378.475797052
1628859612260225433,428458.18364470487,7433063.37483096
1628859612386256191,428503.7013826072,7434806.850825067
1628859612458186033,428511.868442003,7435125.918815788
1628859612590179022,428528.8870507963,7435788.499184799
1628859612656368506,428548.006960611,7436522.921989486
1628859612788263827,428563.94486104447,7437144.265300108
1628859612860176492,428587.01484118815,7438028.123289039
1628859612986390914,428603.9083589762,7438685.391192212
1628859613058363430,428612.7097131886,7439028.055140652
1628859613184618745,428643.43450942915,7440209.514011499
1628859613256310536,428653.4965617102,7440599.793459047
1628859613388263808,428693.4203672899,7442129.439570314
1628859613454630513,428703.4869421827,7442519.719715889
1628859613592140917,428721.21583947865,7443207.812583424
1628859613658315223,428731.10564452165,7443591.503661058
1628859613790324635,428747.5849274202,7444231.981920637
1628859613862187232,428760.32698348165,7444723.4452291895
1628859613982145852,428771.85135180294,7445174.7375677815
1628859614072273083,428781.01732846117,7445532.922612013
1628859614192139950,428794.3576081451,7446053.08755168
1628859614264143607,428800.5778143976,7446297.121910557
1628859614390735308,428821.4485346205,7447103.192451461
1628859614462433540,428827.36397578625,7447335.535711732
1628859614588041546,428837.3067724884,7447726.246775099
1628859614660331388,428837.3217545148,7447736.031358078
1628859614792293858,428846.29787996784,7448091.03166112
1628859614864416166,428866.1336345348,7448849.907891538
1628859614990170351,428878.6271904803,7449336.700454889
1628859615062355413,428885.1225701628,7449591.789723238
1628859615194225935,428901.21874832275,7450214.839452487
1628859615266208766,428905.37458241044,7450381.287527692
1628859615392410502,428918.98836787627,7450911.658440613
1628859615464408893,428919.32358706795,7450932.283203179
1628859615590151324,428923.036303186,7451086.405484209
1628859615656283252,428927.1120984875,7451248.601476334
1628859615794416364,428923.4127708686,7451124.259298952
1628859615860155846,428923.54460790544,7451135.955292981
1628859615986413106,428941.6961982505,7451837.870122035
1628859616058313439,428942.37074729794,7451871.249018034
1628859616190316449,428964.4632074626,7452722.175703467
1628859616256303622,428963.9127664414,7452709.214438459
1628859616388409158,428990.42361336993,7453727.434518683
1628859616460306999,428990.5414156684,7453739.769072651
1628859616592304054,428993.0629043436,7453849.890586017
1628859616658306923,429023.62002876983,7455014.568185801
1628859616790213614,429023.96039898193,7455042.2126231035
1628859616916430409,429053.7293904907,7456183.513469047
1628859617000311676,429055.62365595135,7456264.296628601
1628859617060298457,429055.617086845,7456270.891091109
1628859617192158199,429088.6228377437,7457534.846951167
1628859617318412678,429084.95450394275,7457410.928549496
1628859617390435554,429109.81218924245,7458359.425522027
1628859617528512941,429104.44375384436,7458172.37426021
1628859617588282843,429101.5254726213,7458068.857015941
1628859617721583970,429129.34036898427,7459136.186805302
1628859617793598396,429127.6051417682,7459078.585633746
1628859617925546951,429151.47602828935,7459996.904180033
1628859617991599709,429150.81854146346,7459980.116687009
1628859618129191069,429176.0701816907,7460950.5160627635
1628859618195321837,429176.6368967964,7460980.069180647
1628859618333213358,429178.87309741194,7461079.775818152
1628859618387594550,429201.40861191513,7461939.4208368305
1628859618513817308,429199.0384239088,7461865.031369406
1628859618597312114,429197.6197330057,7461820.823042029
1628859618735532596,429235.8239690742,7463282.47929561
1628859618795565685,429234.2244308472,7463229.128693107
1628859618927594520,429276.0569884993,7464827.045429683
1628859618987656897,429276.02894377103,7464833.215082157
1628859619137528356,429302.7706559528,7465862.716682659
1628859619191633247,429302.19919271086,7465847.203138493
1628859619317578769,429298.9948406455,7465741.990830712
1628859619395590556,429340.3847760254,7467317.162402534
1628859619527548214,429338.6874281715,7467269.132196656
1628859619599261685,429337.09498435294,7467216.419342733
1628859619719584393,429379.6103852405,7468840.277003018
1628859619797551332,429379.17505830905,7468833.906856355
1628859619929555147,429414.0429618533,7470168.879928723
1628859619989708749,429413.17775299377,7470143.8015782675
1628859620121612962,429455.8209557892,7471772.553619314
1628859620199608555,429457.2156586639,7471834.206317909
1628859620337223180,429457.5228517865,7471863.766654104
1628859620391561731,429501.88636327133,7473548.635118909
1628859620523737182,429500.13810406276,7473499.32960287
1628859620607237095,429499.0824378372,7473469.789016691
1628859620739210006,429552.6378665861,7475510.729182556
1628859620793555348,429555.01422361576,7475608.306452019
1628859620925340369,429595.77749068756,7477165.855303028
1628859620991591841,429595.4347179462,7477162.03534217
1628859621123655789,429645.8483055342,7479083.941074165
1628859621195643729,429650.6763693816,7479275.478066039
1628859621321659891,429657.06889262586,7479533.98193277
1628859621393691679,429700.56460627774,7481186.5531074945
1628859621525363524,429706.5729371958,7481430.60237491
1628859621663979525,429759.3864855494,7483444.350827147
1628859621723640618,429761.39384066395,7483528.1115424875
1628859621867610066,429798.42882931116,7484945.586033658
1628859621933815815,429802.49556874926,7485108.426395284
1628859622065621858,429810.3932756075,7485423.902599477
1628859622125632527,429837.79332851636,7486466.5986758955
1628859622269606884,429846.79514780134,7486825.0168214245
1628859622329642319,429850.38535338035,7486968.512032958
1628859622473324895,429895.0750427048,7488674.884677275
1628859622521320602,429899.32515747944,7488841.975372722
1628859622665622646,429921.30177656474,7489691.662779449
1628859622725682499,429922.9437584227,7489761.606480164
1628859622869639460,429942.02930464456,7490500.753151363
1628859622929619954,429943.66583677963,7490570.484330348
1628859623073520280,429945.68558783375,7490665.307179563
1628859623127843433,429962.0034200918,7491289.229628159
1628859623271592681,429959.6549870337,7491219.091800487
1628859623331599714,429962.91890699073,7491350.258144631
1628859623469631684,429980.07851159933,7492016.704267622
1628859623541633930,429980.58521358774,7492045.196340436
1628859623667257277,429976.2044640597,7491895.977644878
1628859623727495700,429970.49244143435,7491688.506903204
1628859623871606586,429958.9852676539,7491274.631397407
1628859623931575081,429948.45069488155,7490885.1939494945
1628859624063604845,429926.3750125369,7490069.757138377
1628859624123642831,429947.5134348115,7490875.858778335
1628859624273645516,429918.1957839542,7489790.024956583
1628859624339346378,429905.1341239923,7489305.353392369
1628859624471681062,429931.29021407425,7490312.348616851
1628859624525649093,429923.5957164319,7490028.98715925
1628859624675608391,429928.60519959056,7490239.454325946
1628859624735618454,429913.36700376996,7489672.940272393
1628859624867788334,429908.5725769433,7489510.969293049
1628859624927613932,429889.6358092694,7488805.00484244
1628859625065702372,429839.16799467936,7486920.732974876
1628859625143604615,429872.53119316517,7488192.166680461
1628859625263657466,429844.20834100666,7487141.196763134
1628859625323707876,429844.27053369145,7487152.682344038
1628859625467633025,429873.6951143936,7488285.097419698
1628859625599591765,429875.4260884627,7488370.780437789
1628859625665603640,429843.505684441,7487176.740693827
1628859625797598406,429767.08852517215,7484312.493006177
1628859625875680737,429750.786828712,7483710.060084046
1628859626001288574,429713.00787901226,7482302.817953567
1628859626067671358,429718.1764373617,7482509.2373753
1628859626199716555,429765.4901853503,7484317.428031286
1628859626277365688,429773.08828954794,7484615.893844519
1628859626349704410,429771.7541618182,7484577.213074866
1628859626469749432,429659.4463870922,7480358.227292177
1628859626601792001,429584.2394845182,7477539.704240023
1628859626673679270,429640.00645681145,7479658.239388093
1628859626799725175,429634.20020368963,7479460.984643717
1628859626871642073,429635.2298267774,7479510.522222741
1628859627003671463,429631.34607418184,7479388.095668371
1628859627273686573,429522.53053950495,7475325.818295143
1628859627405718747,429528.2702452399,7475566.469563071
1628859627471909151,429510.9591972591,7474925.353330339
1628859627597669077,429498.38511798996,7474472.797832951
1628859627675727958,429521.8407070412,7475373.912104086
1628859627802059299,429505.5682022459,7474784.460327521
1628859627873697663,429487.9419909105,7474130.376849441
1628859628005569521,429411.62628030346,7471275.100994703
1628859628071784188,429377.8596753351,7470011.359104061
1628859628203710061,429377.63900993473,7470031.786293894
1628859628275706170,429355.5963996987,7469213.388756955
1628859628395742342,429345.28663056775,7468849.268518402
1628859628473704075,429325.548822287,7468120.366970876
1628859628599385706,429293.4707595006,7466933.802660662
1628859628677703450,429271.5806831648,7466124.338123529
1628859628797717647,429237.8621954703,7464876.130626044
1628859628869969255,429229.37763372564,7464571.312985374
1628859629007747781,429190.97747779294,7463150.714874015
1628859629067685384,429177.5355309815,7462655.856663088
1628859629199628788,429163.8772291663,7462169.513260955
1628859629277738200,429155.9568451219,7461887.868116396
1628859629409683216,429149.36286808405,7461668.5150498375
1628859629469628996,429150.51621862955,7461725.493613741
1628859629607705355,429127.1705069483,7460874.804404769
1628859629667725931,429112.0335204123,7460315.963493358
1628859629805334061,429058.54320972797,7458322.704179007
1628859629877688018,429065.7942993666,7458615.640085037
1628859630003689793,429011.8453296457,7456602.613678954
1628859630129851281,429029.7971609576,7457311.132333795
1628859630201706152,429019.97672554763,7456955.512596759
1628859630273670741,429010.10580952774,7456597.9798584515
1628859630399711847,428984.1387151473,7455645.897721571
1628859630603812131,428953.95743268554,7454549.491975991
1628859630741676148,428947.5477003263,7454339.282673963
1628859630801692912,428932.07037727674,7453767.478879384
1628859630933715195,428926.0286978588,7453568.534102517
1628859631011692838,428913.6496041082,7453118.323771842
1628859631143701460,428915.6916446513,7453225.267131855
1628859631203737516,428910.63078848936,7453047.355655207
1628859631330561738,428888.93020298047,7452253.639396444
1628859631407686807,428852.98883086926,7450912.551668444
1628859631545724793,428810.36968757893,7449331.909790478
1628859631605700670,428833.72289305046,7450229.173358113
1628859631737658108,428819.80716059887,7449731.994691883
1628859631809318270,428817.8856420372,7449675.037180981
1628859631935694842,428807.357227768,7449306.25061311
1628859632007735044,428803.19468287315,7449164.478107544
1628859632139875414,428768.8878421966,7447896.100920468
1628859632205722573,428747.5384059285,7447104.081543712
1628859632343933321,428703.8350432825,7445479.655234222
1628859632397748935,428730.6891742467,7446509.345077251
1628859632541729724,428701.22767508944,7445425.906859729
1628859632607745138,428717.7427040327,7446066.598269621
1628859632751823569,428710.9144916052,7445839.384620003
1628859632937735785,428703.1321504536,7445587.308403428
1628859633009940749,428702.0873502039,7445563.299044435
1628859633141731719,428686.42654836434,7444999.80147569
1628859633201785301,428676.50123541337,7444637.5950400885
1628859633333773852,428643.2550382433,7443408.548519185
1628859633411770322,428657.04087008664,7443948.057739066
1628859633543818170,428621.0951628998,7442616.767131185
1628859633603722786,428601.2228148956,7441878.104896938
1628859633735605625,428616.58115559,7442488.406039259
1628859633813803179,428608.4844220214,7442199.751926474
1628859633945733415,428636.2528402586,7443279.402216477
1628859634005746128,428644.81366555707,7443616.543679809
1628859634131739393,428631.3156852033,7443134.673083633
1628859634215734576,428634.06934291206,7443256.48659368
1628859634353861090,428625.7489077759,7442972.517903592
1628859634473848759,428601.0040787074,7442062.9606586555
1628859634533796189,428589.3234791551,7441634.2217584485
1628859634605719039,428609.1108051285,7442398.624667988
1628859634743822121,428583.57096792123,7441463.137692654
1628859634875822865,428578.881266934,7441314.360706945
1628859634935783951,428565.7635027551,7440831.204971383
1628859635074072013,428544.7893709803,7440068.323735794
1628859635145735753,428560.49518421665,7440678.4017857
1628859635277758988,428565.2008753812,7440885.036859865
1628859635343726990,428572.1222129906,7441160.107832168
1628859635487758575,428596.0594317487,7442098.614884231
1628859635679747441,428598.7673653201,7442242.977345511
1628859635739812956,428594.4804664881,7442093.976871838
1628859635883681940,428604.85838362004,7442517.432526979
1628859635949755854,428594.0292810583,7442123.130862684
1628859636087651547,428574.83985747636,7441425.717791591
1628859636141736371,428589.42829458293,7441990.943256609
1628859636279837014,428584.3105712574,7441828.138261152
1628859636351714954,428598.3194669183,7442371.256843934
1628859636483739474,428670.87140340905,7445146.774352555
1628859636543744637,428689.75579459406,7445874.191367123
1628859636681796584,428676.17613654194,7445391.258158766
1628859636741783480,428693.24697648606,7446050.015803345
1628859636879720325,428703.1256241262,7446454.554693389
1628859636939725809,428710.42171054485,7446743.656749957
1628859637089678550,428704.23860826896,7446540.675598251
1628859637281766995,428706.2547810842,7446661.020052072
1628859637341556723,428706.93751586496,7446697.802026143
1628859637485820590,428788.4468756271,7449813.018503916
1628859637551817881,428810.7881988948,7450673.083732692
1628859637683834422,428808.59894133464,7450619.111298479
1628859637743765028,428815.9627606937,7450910.765492414
1628859637881803623,428830.19082071335,7451479.62254386
1628859637953768951,428833.2816519162,7451609.724261148
1628859638079554602,428856.8776965246,7452530.382705234
1628859638145766164,428898.66830089333,7454125.516953594
1628859638283770349,428942.37994232157,7455808.456129275
1628859638349717266,428947.43347416347,7456012.745516492
1628859638475862416,428913.206586302,7454748.398382953
1628859638548018609,428910.41285034333,7454658.27950357
1628859638685710434,428927.10160774586,7455320.24469317
1628859638763756577,428946.36991707544,7456063.8262676895
1628859638877713633,428945.9583844608,7456074.898556885
1628859639015957342,428934.71395561635,7455681.027513875
1628859639088007892,428904.34972212696,7454549.102447446
1628859639207848652,428887.1936579749,7453927.3540065745
1628859639279682239,428863.26422282995,7453038.398027014
1628859639417783444,428926.85973848583,7455470.643460049
1628859639483663888,428928.32460974867,7455541.4401476905
1628859639609933843,428932.35028285347,7455722.57029471
1628859639687596439,428937.9830817369,7455950.881604447
1628859639819777913,428961.3257207518,7456863.680497028
1628859639891702792,428964.2526460548,7456989.532930654
1628859640011974609,429003.0598214214,7458482.01022658
1628859640083815250,429058.1344947505,7460577.759308628
1628859640228454913,429191.6946525844,7465652.509269939
1628859640282573991,429229.6522548805,7467098.862426532
1628859640414455968,429272.47507145477,7468744.196992783
1628859640486475162,429232.5300469084,7467251.520523777
1628859640612610485,429254.52989378036,7468110.3347512605
1628859640684591257,429263.58535119065,7468467.255396436
1628859640816455388,429328.98496750125,7470963.948706728
1628859640882679838,429634.4491751952,7482503.797845407
1628859641014724085,429711.79909903224,7485449.064328763
1628859641086593358,429739.4450493491,7486506.644951687
1628859641212619706,429936.1503296292,7493951.353232871
1628859641284709567,429961.9644908112,7494939.217158827
1628859641422472446,430263.0722614408,7506310.464016213
1628859641482986070,430311.0647363799,7508132.616971658
1628859641614612740,430551.99875662115,7517229.368615227
1628859641686604749,430596.2817767816,7518910.59857737
1628859641818676427,430678.5615460662,7522033.80142992
1628859641884693728,431038.7731236175,7535593.08932455
1628859642010595194,431128.38992417214,7538986.330543183
1628859642088578649,431179.79950906197,7540934.929329679
1628859642220497864,431398.4269605609,7549174.924319319
1628859642292472499,431451.4951493471,7551182.322967372
1628859642419104183,431750.9845785502,7562451.216228096
1628859642490599261,431827.85081108846,7565349.622637074
1628859642616859301,432068.0277952919,7574384.502683445
1628859642688727107,432132.0283167144,7576798.436306527
1628859642820691017,432238.15425330854,7580803.248759435
1628859642886482060,432416.8729571153,7587512.106008669
1628859643018680805,432532.2030575877,7591860.735983062
1628859643090611817,432590.0551653177,7594041.595455752
1628859643217602948,432825.434589865,7602877.629652441
1628859643289922096,432908.321133766,7605995.666086223
1628859643421881497,433181.72601334937,7616249.560185708
1628859643487673129,433254.2841898553,7618974.740113441
1628859643613803290,433505.1885314616,7628378.86668713
1628859643739720628,433648.9541324443,7633776.148023939
1628859643811669167,433724.2081349627,7636600.983504114
1628859643955821856,433985.7016401129,7646391.693945149
1628859644015822298,434047.72333667957,7648718.413829963
1628859644142691799,434297.4875315513,7658062.431199254
1628859644214630147,434364.0039299736,7660557.037561868
1628859644353827046,434503.5742877751,7665788.649348358
1628859644413708532,434715.2460283556,7673689.462019898
1628859644545701270,434867.52523232216,7679388.0471927235
1628859644617812534,435041.3624554459,7685875.1525986
1628859644755705331,435197.87136877235,7691728.699718492
1628859644815705677,435264.46323427104,7694218.707735819
1628859644953695736,435513.76862456015,7703519.227941724
1628859645025918353,435594.8305313834,7706549.329893575
1628859645158609470,435849.0561853463,7716025.694180267
1628859645224520895,435902.8576476833,7718036.607765675
1628859645350517401,436018.89592670987,7722372.922378657
1628859645416762240,436232.36692576535,7730315.094613631
1628859645554634563,436350.45511538355,7734724.072253023
1628859645620641266,436571.7480208435,7742950.73067215
1628859645746671564,436710.1913049901,7748111.200770768
1628859645824644793,436792.12891502894,7751163.329981846
1628859645950767764,437005.4827105749,7759098.815064345
1628859646022624890,437079.31193342037,7761848.39681311
1628859646148909373,437317.87774229166,7770712.542743761
1628859646220649044,437375.70142269565,7772867.303094138
1628859646352533726,437478.5603472795,7776700.527535805
1628859646418813052,437677.4223438873,7784076.421412679
1628859646550782879,437773.9961795561,7787674.399942734
1628859646622628846,437965.5272855189,7794774.360759001
1628859646760759668,438090.8557662819,7799435.159450412
1628859646814558560,438141.86958622374,7801330.657076201
1628859646952677885,438361.08001839824,7809460.549803479
1628859647019021382,438421.4492867223,7811704.272398965
1628859647156648311,438600.06193478766,7818327.220807796
1628859647222651015,438644.50731993705,7819981.507086809
1628859647354776524,438748.32862537674,7823839.032763226
1628859647426651208,438919.7910575867,7830182.627387524
1628859647558635208,439031.1237839777,7834315.037169091
1628859647624656596,439182.23175407836,7839903.67905282
1628859647756548780,439261.6798946841,7842857.404037846
1628859647828530379,439303.2614454357,7844403.381504618
1628859647966659584,439533.696834192,7852926.042120986
1628859648026650646,439571.95153675816,7854346.673672816
1628859648146649882,439770.25019708765,7861677.057325809
1628859648224781529,439824.7052915348,7863697.281094241
1628859648356790748,439913.24694644276,7866981.428357639
1628859648500650185,440148.5654600823,7875671.940904331
1628859648554713341,440190.1680277221,7877213.709304316
1628859648698780727,440434.04683994077,7886214.038266054
1628859648758798274,440469.34689744416,7887522.853324095
1628859648896723123,440781.1270208363,7899014.372051096
1628859648950654265,440812.0020513992,7900157.750242217
1628859649100537076,440915.78436970455,7903997.478392294
1628859649160554626,441137.9076695826,7912172.026413169
1628859649298547221,441245.12894791557,7916132.160662182
1628859649352812835,441293.7561889246,7917928.011697956
1628859649490644747,441558.193843347,7927661.937174918
1628859649568547612,441611.77891870146,7929640.06274258
1628859649689708352,441892.7876664952,7939974.237432091
1628859649749709415,441945.9678875108,7941934.518816493
1628859649893722073,442213.78220159886,7951779.875186271
1628859649959771061,442269.3776858034,7953828.861575278
1628859650091688487,442366.8834953994,7957422.811642318
1628859650151694007,442564.0121265353,7964657.086330002
1628859650290765895,442668.02033973334,7968488.202075947
1628859650362794959,442875.47076702444,7976097.812289019
1628859650494839314,442976.08123557665,7979800.401739701
1628859650560730004,443035.0721258614,7981970.024569832
1628859650692833847,443285.4585162086,7991153.331943822
1628859650758562277,443329.65436323103,7992778.730754953
1628859650896696030,443584.3122470075,8002113.97684638
1628859650956678628,443632.1828541152,8003872.63484828
1628859651094702565,443736.8355300698,8007717.701869175
1628859651166550566,443951.88783780177,8015588.207609053
1628859651298596086,444047.68934177945,8019105.779463115
1628859651352562911,444087.43483696616,8020564.36530657
1628859651496702870,444379.0391230786,8031234.747847112
1628859651568562940,444436.63390672574,8033346.480470779
1628859651694832921,444679.8414903729,8042241.2777243145
1628859651754829901,444727.90265935817,8044002.567529998
1628859651904581042,444940.7204436512,8051784.622883794
1628859651958702660,444984.4780071367,8053387.957529327
1628859652102569270,445089.39788305014,8057231.295100067
1628859652228815539,445289.5390311031,8064544.599485978
1628859652300710385,445342.37668039143,8066478.956150844
1628859652426729723,445551.64855946903,8074121.360097134
1628859652504577754,445592.425326997,8075615.254582659
1628859652630838018,445795.8153781552,8083039.876929321
1628859652702698223,445842.16834208445,8084736.088045692
1628859652828591134,445927.1449460162,8087844.265068365
1628859652900717606,446090.3415358297,8093795.466997971
1628859653032597754,446189.8005255263,8097430.374711682
1628859653098577425,446236.21207510267,8099126.245843067
1628859653219704837,446412.2392313536,8105546.223310788
1628859653291976442,446454.0100141004,8107073.609288321
1628859653429784801,446631.4047278011,8113541.692162469
1628859653501726777,446655.6934673671,8114432.590420357
1628859653621731274,446829.7070854517,8120773.209142271
1628859653699920246,446873.4887976382,8122373.358251418
1628859653837636833,446959.26705650403,8125505.077143511
1628859653903756791,447113.6830015533,8131124.686097304
1628859654023701920,447176.1270987265,8133406.065813206
1628859654101808534,447209.65502083255,8134631.427140048
1628859654239734824,447378.27747896314,8140771.050671909
1628859654294174238,447427.5479181435,8142566.506178459
1628859654431785082,447542.2434244529,8146745.323434935
1628859654492132327,447567.2115142198,8147657.767212101
1628859654635765504,447670.86816095526,8151434.939272438
1628859654695912624,447682.1998708733,8151852.100144689
1628859654821639151,447710.79158605303,8152901.454931476
1628859654893775505,447819.00599433103,8156837.237836599
1628859655025721032,447860.5925223689,8158358.567831604
1628859655109615181,447886.37310513575,8159300.5601648195
1628859655223904359,448042.0283309568,8164960.378949895
1628859655295920600,448080.54837190436,8166364.086463462
1628859655427748570,448180.2481222766,8169992.110399532
1628859655505903089,448217.6773272504,8171356.645606358
1628859655625990064,448274.403997715,8173424.403049382
1628859655703753000,448305.3357801529,8174552.048744001
1628859655829802515,448358.06859895296,8176475.075644327
1628859655895811077,448384.13070206484,8177426.0947116995
1628859656027853465,448429.93152824114,8179097.209764356
1628859656093664632,448460.22363351146,8180200.158502239
1628859656237755723,448573.2336045875,8184307.646385457
1628859656297898570,448610.69892371155,8185670.879431979
1628859656429753745,448693.6811885437,8188687.90074162
1628859656501729079,448717.3088447856,8189549.24330956
1628859656628092693,448823.8808554451,8193419.837230462
1628859656699910844,448868.3327611169,8195035.091607445
1628859656837636299,448959.19275412377,8198335.1631465815
1628859656963787397,448976.5993291024,8198974.215386052
1628859657029818254,448999.29188210104,8199800.612740337
1628859657101760396,449022.6835150033,8200652.24380661
1628859657233764773,449063.2431934117,8202129.072334108
1628859657359919642,449117.30427568534,8204094.401725376
1628859657437737612,449142.82590636134,8205022.745753659
1628859657503770942,449167.24991887785,8205911.259510899
1628859657623769903,449189.7719766122,8206733.249002134
1628859657767777731,449236.0233967744,8208415.88680955
1628859657839648472,449263.6389695074,8209419.654775449
1628859657965789109,449275.6972701214,8209863.0525791915
1628859658025808153,449298.5097832191,8210692.247915468
1628859658163904948,449273.62893444847,8209798.900375982
1628859658241687269,449291.79953328887,8210460.529125413
1628859658367825396,449283.1670499647,8210154.808508329
1628859658433831154,449304.5258168108,8210931.662848043
1628859658565746912,449338.05804419355,8212152.139297553
1628859658637888603,449280.5625280787,8210074.385928476
1628859658763914459,449300.30671108974,8210795.59055782
1628859658829767023,449313.6785345069,8211282.552702856
1628859658961766855,449248.5324243408,8208930.5592822125
1628859659039784616,449263.94663086557,8209492.50376365
1628859659177915072,449200.49905821605,8207201.762253185
1628859659231638015,449194.2213364665,8206976.830942682
1628859659369772321,449172.02752949257,8206179.5526079545
1628859659435804946,449205.7721969272,8207404.688519868
1628859659567942048,449249.94449587405,8209009.92372919
1628859659627921171,449194.36417962186,8207000.429794238
1628859659759919627,449197.76216126117,8207129.619135213
1628859659831871568,449212.3520622265,8207661.183979571
1628859659969802999,449214.8893339189,8207759.064231069
1628859660029796687,449235.58073545876,8208510.922364966
1628859660161793974,449172.8086086287,8206244.312288098
1628859660239842636,449177.0865620083,8206402.93415936
1628859660371901418,449114.090843061,8204128.005298005
1628859660431822206,449123.89717857307,8204485.80698323
1628859660563821901,449137.39344614133,8204980.4800125025
1628859660629911892,449070.7252760981,8202569.334226553
1628859660773807895,449101.0192330599,8203672.71642129
1628859660833782485,449118.5537048765,8204310.357583538
1628859660971691193,448994.9857907925,8199841.204737913
1628859661031911754,448995.19270258537,8199851.8827519
1628859661163938621,448917.99077303853,8197061.906009385
1628859661301839086,448935.7601161296,8197711.857467266
1628859661361854113,448856.2413577709,8194834.391222074
1628859661433812364,448859.502292978,8194955.573636554
1628859661571677526,448891.1970195093,8196109.36186999
1628859661703857583,448826.6651309681,8193778.202182182
1628859661763858407,448839.32363599545,8194239.339586618
1628859661907853396,448714.0398438697,8189707.459310125
1628859661973944597,448713.9237453668,8189706.38483775
1628859662111820355,448572.58593830775,8184590.98555517
1628859662165918527,448568.12783433613,8184432.118676824
1628859662309813984,448549.0387528182,8183746.580975565
1628859662369802445,448408.57762913866,8178657.764819619
1628859662507947563,448380.6559319865,8177651.741990488
1628859662567948406,448371.7178847475,8177330.33861125
1628859662705892190,448195.9793103496,8170964.47021653
1628859662766103387,448180.27736560017,8170397.668555346
1628859662909816118,448005.956021047,8164081.941464298
1628859662969963136,447994.3593570263,8163663.932191362
1628859663107878551,447802.5113145074,8156709.598800934
1628859663167851898,447786.30166078534,8156124.005548362
1628859663311842343,447759.4784017846,8155156.686487566
1628859663371833846,447536.7360444352,8147075.019273028
1628859663509933582,447488.3040524662,8145322.745769969
1628859663576030698,447465.04707242193,8144481.367226112
1628859663701831338,447241.74204689084,8136377.735746809
1628859663773821729,447212.23441067635,8135308.943483485
1628859663911950718,446987.2711509633,8127142.186092155
1628859663971951384,446961.1413362772,8126195.186384067
1628859664103734278,446912.98289682955,8124450.452605583
1628859664163843889,446719.57593341003,8117423.058591148
1628859664313837210,446652.25221411005,8114981.493015109
1628859664373964633,446476.2882146113,8108585.774916931
1628859664511899698,446423.8412287437,8106683.695754649
1628859664571890469,446401.82340187544,8105885.161592891
1628859664703849623,446178.92708323366,8097781.695365591
1628859664775858177,446150.96544811927,8096766.934513485
1628859664913971839,445936.31911620626,8088960.70392076
1628859664973986536,445929.33233883936,8088708.59522091
1628859665105851679,445734.6889114916,8081626.957393442
1628859665183995926,445744.36769774044,8081982.301560309
1628859665303953224,445714.4731059754,8080898.213641364
1628859665369848285,445500.52481675823,8073108.060370004
1628859665513888631,445353.8308156904,8067769.540505089
1628859665573986967,445282.8235364376,8065184.494732429
1628859665705981850,445013.6516763453,8055377.62678775
1628859665843745164,444908.63884838513,8051553.597202053
1628859665909862977,444796.0039336823,8047448.351122362
1628859666035914152,444753.70394939155,8045910.563413075
1628859666107883910,444602.9913664725,8040414.850301436
1628859666239999367,444534.19376993785,8037909.749383862
1628859666317989852,444491.34583798575,8036349.342605484
1628859666437885612,444301.88574862934,8029438.840232695
1628859666509999065,444292.81118228444,8029110.461040473
1628859666648006897,444053.7864651218,8020387.919514588
1628859666707976982,444031.1148258004,8019562.325332909
1628859666833846155,443977.8860199261,8017622.964368354
1628859666911870244,443809.2949505213,8011467.049747524
1628859667043883932,443745.16715802293,8009129.140321947
1628859667110092392,443553.11448452674,8002112.671766816
1628859667241984329,443488.36722396186,7999751.050526342
1628859667313885757,443457.3419928369,7998619.65156083
1628859667439934742,443245.9750804133,7990895.621541991
1628859667511881679,443215.3001367607,7989776.526535138
1628859667649745169,443033.21852563554,7983120.638798586
1628859667715881803,443021.2671839186,7982686.156260648
1628859667847852399,442982.41181757016,7981269.71977988
1628859667919781251,442819.66378506774,7975316.846403588
1628859668045741946,442742.01072871103,7972479.662553882
1628859668112020224,442603.0930708404,7967396.595561369
1628859668249887535,442560.73670702626,7965850.968770888
1628859668315866497,442540.83941274806,7965125.196926672
1628859668435890064,442384.61240216903,7959408.394113555
1628859668507763924,442361.89890753647,7958579.314324318
1628859668646024099,442182.35660644947,7952006.896537941
1628859668717896414,442156.60274475015,7951066.136817985
1628859668843774396,442108.53219258966,7949309.51622837
1628859668915911473,441935.08391466836,7942954.457048279
1628859669048017456,441886.8534227718,7941191.675135729
1628859669114100102,441750.5263299006,7936194.723055672
1628859669239893177,441700.7544375951,7934374.278394377
1628859669317903798,441668.0118896961,7933176.617975154
1628859669444348095,441573.3256380278,7929708.52930315
1628859669516025826,441548.765326697,7928810.394201899
1628859669647969217,441511.54074750346,7927449.479569782
1628859669713923157,441495.65282917465,7926869.009190485
1628859669852326890,441458.7843760761,7925521.927468388
1628859669917962608,441492.477070256,7926760.801561829
1628859670038059893,441470.3698995903,7925954.495377947
1628859670170021362,441460.6810687564,7925603.726475029
1628859670241886848,441455.9988757911,7925434.73898441
1628859670319923363,441457.46904345,7925491.921908003
1628859670440045785,441499.6091631681,7927042.84513085
1628859670572026354,441489.47039152734,7926675.866960767
1628859670643694189,441568.84622833075,7929590.653455922
1628859670781921072,441573.9910734073,7929784.85534821
1628859670841909627,441579.30270121316,7929982.018972894
1628859670973830980,441633.69674084435,7931981.99458801
1628859671051964423,441644.6622256083,7932387.147467093
1628859671183926858,441662.70613424224,7933053.89590931
1628859671243926564,441672.7498995414,7933424.430333357
1628859671375816768,441725.9710174362,7935381.52657511
1628859671447861105,441738.0480537385,7935826.8944442775
1628859671585902855,441766.6221568215,7936879.590545761
1628859671645930421,441801.376105843,7938156.51787679
1628859671778063559,441845.4480114555,7939776.874322328
1628859671849803918,441866.50629468204,7940551.242065534
1628859671976081294,441882.28836366435,7941133.930666031
1628859672047940217,441898.88819620654,7941744.6970935585
1628859672173978313,441906.8857884241,7942041.858256998
1628859672245936720,441922.0593960285,7942600.182225448
1628859672378065009,441896.04561618617,7941650.611957441
1628859672449940146,441916.5321361819,7942403.673993727
1628859672581789032,441961.0525268783,7944039.387961613
1628859672647939976,441888.85201529134,7941395.143060099
1628859672786069431,441949.4696554654,7943621.1121728895
1628859672851791899,441974.9111455241,7944555.27640304
1628859672978069434,441675.49987926637,7933581.70648258
1628859673049937624,441680.74736485054,7933775.979445434
1628859673188061849,441595.40865477826,7930647.940872502
1628859673248079974,441594.4896573028,7930615.6697587455
1628859673380045355,441566.71186342044,7929597.960970967
1628859673451862867,441562.4687161803,7929443.825360614
1628859673583811382,441553.41008695064,7929114.294005574
1628859673649951294,441647.51408224844,7932566.44144493
1628859673787950701,441631.9257040343,7931997.27316318
1628859673853951377,441626.0123046975,7931781.762768144
1628859673979989324,441731.7779874038,7935664.180476068
1628859674039991155,441737.27105028497,7935866.83378198
1628859674183833185,441832.73925689975,7939370.475990191
1628859674250078537,441839.5254044471,7939620.714673643
1628859674393941023,441931.13280476135,7942981.553981454
1628859674513959269,441941.45331097103,7943362.160259408
1628859674573967471,441943.9476447322,7943454.718693017
1628859674652114270,441948.6265829216,7943628.816910631
1628859674784076470,441980.986185624,7944817.700098444
1628859674922072638,441970.03927320224,7944420.1374029685
1628859674981831539,441972.15682920296,7944498.752693284
1628859675114068477,441994.941881637,7945337.217632049
1628859675186031841,441988.64221880084,7945107.681824718
1628859675324014654,441981.2630663542,7944840.086008069
1628859675377965066,441968.5136289465,7944374.786885651
1628859675522237731,441932.6654634655,7943063.543804632
1628859675587852822,441913.90438938764,7942376.823029343
1628859675719992626,441882.27300728136,7941220.751177025
1628859675779978002,441856.1624604244,7940264.587108228
1628859675917978022,441838.8024008778,7939632.173823535
1628859675996068721,441834.2049439632,7939465.150501973
1628859676116112902,441831.63190989423,7939374.017828795
1628859676176109780,441813.63619124534,7938715.278467854
1628859676319980993,441777.7129243128,7937400.552512432
1628859676379986417,441842.21653373854,7939765.809005799
1628859676518110461,441858.881699063,7940379.299735897
1628859676583851800,441864.08561598323,7940571.087679241
1628859676728027899,441918.46726226294,7942566.101483951
1628859676781993738,441916.29077771225,7942487.002427137
1628859676919989177,442083.17408440134,7948604.994204239
1628859676979975275,442089.6461771503,7948842.985968667
1628859677123987966,442257.1635198821,7954982.837392237
1628859677183964663,442264.16923924023,7955240.176826551
1628859677321996998,442275.86617065663,7955670.239364433
1628859677381963645,442484.4114715249,7963310.133849775
1628859677520104118,442512.77872714796,7964350.517626825
1628859677586010599,442528.3560567113,7964921.605111196
1628859677723997564,442848.91154535627,7976657.802175477
1628859677783983463,442861.4119199262,7977115.9152384205
1628859677922112049,443083.48980197695,7985243.383370977
1628859677987899981,443100.5759729895,7985869.042699917
1628859678131879830,443301.7414643897,7993228.321042043
1628859678185915158,443327.3517070568,7994165.289265451
1628859678323989283,443395.43278607266,7996655.807405007
1628859678383990451,443570.6637907912,8003063.000777251
1628859678528011050,443645.9050853995,8005814.189471042
1628859678588015608,443672.0141827877,8006768.805272088
1628859678726166251,443844.6658487816,8013079.829317066
1628859678797876419,443879.030362821,8014335.7883429425
1628859678924137826,444016.95734904206,8019377.679717997
1628859679056118012,444077.9129896256,8021604.930731769
1628859679122023749,444170.2356087176,8024978.063485432
1628859679248017998,444220.6554367649,8026819.999849526
1628859679326166420,444251.2593535521,8027937.939151432
1628859679446118813,444190.13268789224,8025711.513091238
1628859679530042913,444220.20746347646,8026810.2653661715
1628859679649878728,444206.4939757452,8026310.02307965
1628859679728003402,444245.7504959008,8027743.880610521
1628859679853911806,444299.38517341,8029702.8836742705
1628859679926354940,444307.5602170333,8030000.712691328
1628859680052032415,444329.0813030369,8030787.324413281
1628859680124010440,444370.47089403216,8032297.3473825855
1628859680262015279,444392.9442597902,8033118.825185453
1628859680328170907,444412.66880510317,8033839.364278182
1628859680453889466,444470.7397757392,8035958.466145928
1628859680520101849,444489.32471257844,8036637.215405498
1628859680663893452,444538.648195991,8038436.440996458
1628859680723897967,444543.9930733889,8038631.961680819
1628859680850188206,444562.19057626714,8039297.17539219
1628859680922131246,444462.2655529067,8035650.531320282
1628859681054035570,444462.4037864873,8035656.6867527645
1628859681125911147,444360.78032640036,8031948.50609681
1628859681257942131,444382.86762072134,8032755.712282597
1628859681324193789,444396.3031736906,8033246.674288779
1628859681461913999,444372.4820464628,8032377.455289487
1628859681528014358,444357.2569077419,8031822.441884604
1628859681654076517,444297.6559349832,8029646.829693927
1628859681726034431,444288.55374074326,8029315.172476136
1628859681858161922,444253.75876980025,8028044.382551355
1628859681930027244,444252.5140373996,8027999.433367935
1628859682056067709,444233.33519744297,8027300.233825295
1628859682128022566,444257.23689315264,8028172.289344483
1628859682266031163,444229.7320528778,8027169.122929452
1628859682326185274,444219.5207644442,8026796.81390119
1628859682451923259,444213.0308589421,8026560.363307677
1628859682535926612,444203.82459802495,8026224.791142866
1628859682661968098,444084.2965440033,8021861.614098796
1628859682728156040,444060.1429348253,8020980.185692538
1628859682853920684,444024.30155963934,8019672.218086878
1628859682932046082,443954.7872384079,8017133.298454859
1628859683058080739,443931.49065589206,8016283.313437571
1628859683136062379,443836.35432080826,8012808.745814581
1628859683262142832,443783.1917233822,8010867.592902672
1628859683334061643,443757.96092479577,8009946.305715417
1628859683465953919,443668.9815629144,8006696.284882478
1628859683532038182,443652.11505643855,8006080.471744857
1628859683652037190,443539.3876876314,8001961.9881140655
1628859683790053214,443490.1102408153,8000161.838001394
1628859683856066729,443465.2000000452,7999251.829564354
1628859683994068086,443419.12026288285,7997567.546569797
1628859684060046698,443402.45180921664,7996958.60368259
1628859684185936283,443371.43625962053,7995824.849401866
1628859684264175864,443344.9120552681,7994855.626626865
1628859684396074409,443324.6380600599,7994114.841175784
1628859684456047409,443310.45127731183,7993596.491048691
1628859684587941514,443279.0734294821,7992449.986488483
1628859684666199022,443304.0325280346,7993363.48659778
1628859684791937658,443271.96092722076,7992191.623743639
1628859684857993637,443254.97096695454,7991570.833549741
1628859684996053708,443279.76716558204,7992478.926677703
1628859685067948754,443266.86464243825,7992007.632394256
1628859685199951897,443284.50939850707,7992653.73587884
1628859685254371545,443272.30175042356,7992207.80334849
1628859685386129277,443287.0088296458,7992746.554353689
1628859685458064924,443273.9045201263,7992267.915942963
1628859685590003651,443248.943061051,7991356.136113599
1628859685656186205,443261.96307303006,7991833.512720611
1628859685793842641,443235.2578666259,7990858.069536045
1628859685860205460,443254.6005017688,7991566.327545289
1628859685992071228,443222.2710270973,7990385.221870064
1628859686058145354,443204.5117949466,7989736.379224785
1628859686190073651,443220.1727981658,7990310.1146067185
1628859686268194569,443200.6933961206,7989598.449093371
1628859686400204737,443216.54809235677,7990179.086325809
1628859686466095451,443200.09115237364,7989577.74391976
1628859686592097762,443164.58386314835,7988280.225912335
1628859686664088748,443175.55704965146,7988681.820884631
1628859686802228953,443137.37322899874,7987286.412587993
1628859686856007382,443124.4144555221,7986812.830711834
1628859686994108436,443072.65567920107,7984920.844317204
1628859687065975786,443048.95585442486,7984054.446434657
1628859687192238409,443006.61853570014,7982506.684267807
1628859687264209951,442983.1537158557,7981648.785258524
1628859687396106088,442933.1341913064,7979820.081714592
1628859687462132952,442904.4612945147,7978771.507664901
1628859687594242826,442852.670695388,7976877.394114187
1628859687665999825,442828.9850118378,7976011.727052086
1628859687792018452,442778.554860957,7974167.118032623
1628859687864151435,442791.1831934726,7974630.637207466
1628859688007984676,442731.1186547189,7972433.476003719
1628859688134219080,442772.157536455,7973937.492450502
1628859688194247732,442746.56609273294,7973001.385345309
1628859688338102393,442693.27363222203,7971052.012669515
1628859688404105352,442783.8888770462,7974369.769450088
1628859688536244356,442735.5045038315,7972600.257349461
1628859688590104722,442717.1013502967,7971927.14306971
1628859688740113589,442828.4665133591,7976003.693437068
1628859688800117166,442810.3543585971,7975341.417021405
1628859688938077993,442930.6475315628,7979743.672187031
1628859688992128525,442918.03069269366,7979282.458496848
1628859689142125956,443046.4783037737,7983982.738705662
1628859689202142174,443034.64134107705,7983550.231404751
1628859689340111655,443007.86466844403,7982571.847624554
1628859689400134177,443189.2182993085,7989204.838911146
1628859689531981895,443171.1513852079,7988545.097494462
1628859689610259834,443365.6181374001,7995656.03192074
1628859689730153728,443355.44148182543,7995284.851789598
1628859689796138352,443350.84868469485,7995117.380992653
1628859689934001912,443504.37281350535,8000730.448975037
1628859690000271093,443502.5491191931,8000664.309321649
1628859690138005845,443638.496947645,8005633.611390248
1628859690198259062,443641.3889613163,8005739.740972078
1628859690336007593,443648.8535908912,8006013.548034184
1628859690395996779,443784.9476660279,8010985.771268737
1628859690534227502,443799.137645083,8011505.140300391
1628859690600010541,443806.6081723657,8011778.4730313765
1628859690738131165,443951.7382132993,8017079.614386028
1628859690804148871,443957.31233887566,8017283.662092258
1628859690936032686,444088.44642257254,8022072.4660902815
1628859690996030468,444095.09987071087,8022315.790426863
1628859691134187945,444221.5902168027,8026933.743489487
1628859691206131536,444228.39731489273,8027182.681742486
1628859691332349624,444242.7281379893,8027706.6250688415
1628859691392547301,444373.2126743196,8032468.581514087
1628859691536253178,444388.1775938339,8033015.620217733
1628859691602029931,444394.5041986985,8033246.897357249
1628859691740021039,444536.85853292525,8038441.201354863
1628859691800013646,444545.69764754677,8038764.077924186
1628859691938290078,444682.98013177724,8043772.377421894
1628859691998278607,444693.71502552606,8044164.343962879
1628859692136201515,444822.2400371181,8048851.582439195
1628859692268162749,444843.7670373769,8049637.461454559
1628859692340052313,444857.2904840639,8050131.053497692
1628859692460248787,444971.92903894593,8054311.112326455
1628859692538210694,444988.263211422,8054907.136186289
1628859692670182573,445110.00960141886,8059345.577069477
1628859692730143374,445129.85200891114,8060069.164258478
1628859692868272326,445255.137934916,8064635.675890445
1628859692940274500,445279.1333313562,8065510.50137589
1628859693072143853,445306.66153433174,8066514.484674419
1628859693144048132,445420.51603503176,8070662.422011596
1628859693264046875,445452.7690633848,8071838.171817025
1628859693336032756,445480.1702394075,8072836.779564605
1628859693474162514,445602.8513974672,8077305.36059016
1628859693540221858,445597.3497197837,8077105.6587492805
1628859693666049704,445742.22318580776,8082380.561474368
1628859693744303955,445728.18668497005,8081870.335545075
1628859693876187555,445828.94210306514,8085538.718794638
1628859693942436020,445827.9092021781,8085501.760253399
1628859694074163318,445819.26179693924,8085188.156170562
1628859694146097807,445942.7148653156,8089681.1386004025
1628859694272297849,445925.23923178576,8089046.343606177
1628859694338041070,445917.5528614111,8088767.174854722
1628859694464223265,446016.6659295298,8092374.658092032
1628859694542190346,446021.4127422476,8092548.005704169
1628859694668071373,446122.36379188945,8096221.502301436
1628859694740063896,446120.2362034162,8096144.725976627
1628859694866271079,446245.5193140143,8100701.936609529
1628859694938174978,446237.8995851341,8100425.384070614
1628859695070153192,446249.3164799249,8100841.686629773
1628859695148321706,446382.40818487894,8105681.616900716
1628859695268322701,446399.33889756945,8106298.156579514
1628859695340199765,446399.87367268326,8106318.137327509
1628859695478179454,446508.38622492924,8110263.603535946
1628859695550171027,446503.1266680615,8110072.945951141
1628859695670098922,446597.8316876871,8113516.360556261
1628859695736568110,446595.9923129039,8113450.058556076
1628859695868227530,446661.052611933,8115815.85159481
1628859695940231993,446656.9655042202,8115667.8793771155
1628859696072067694,446640.40305438265,8115066.996559335
1628859696138332627,446706.43436251883,8117467.256275079
1628859696276072420,446692.5332095115,8116963.184389915
1628859696342209663,446690.58044365316,8116892.79439246
1628859696474190600,446772.23879810295,8119861.420617787
1628859696546129811,446768.0334532645,8119709.213872651
1628859696672342410,446847.6075322974,8122601.593402688
1628859696744211806,446842.3936361854,8122412.795122738
1628859696870292389,446862.8316077313,8123156.791386696
1628859697002193095,446848.1366716919,8122624.14223117
1628859697074388080,446840.4659415871,8122346.122548169
1628859697146112553,446916.5887942006,8125112.249540287
1628859697266263970,446910.39072846784,8124888.262493821
1628859697404220940,446928.8786239608,8125561.577033856
1628859697470466758,446922.4253089921,8125327.858460797
1628859697614347213,446951.39061328117,8126381.304009616
1628859697674356379,446940.3615293264,8125981.292414125
1628859697806228032,446918.6862631267,8125195.228198445
1628859697878115717,446874.98076593055,8123607.804957694
1628859698010109850,446859.4450437447,8123044.712829192
1628859698070228725,446853.43680158816,8122827.026990315
1628859698208237042,446793.15358148434,8120637.211701983
1628859698274272064,446768.89375552407,8119756.425529078
1628859698406349038,446756.0127480441,8119288.876920769
1628859698478356476,446741.5592352576,8118764.338197277
1628859698604077594,446726.0611570439,8118202.3049809635
1628859698676261498,446669.9679657223,8116163.893374885
1628859698820119750,446625.4483966563,8114547.249552232
1628859698868220452,446670.4229849166,8116181.20906984
1628859699006366053,446633.9543602485,8114857.080414539
1628859699072269055,446620.3631025141,8114363.644144237
1628859699210232578,446624.73283379263,8114522.863431973
1628859699270239184,446609.59964519436,8113973.380959344
1628859699408369766,446586.6375072982,8113139.80573902
1628859699480377738,446564.18238960824,8112324.270368277
1628859699606162859,446529.2591201132,8111055.946009131
1628859699672229936,446551.7736822927,8111874.70503343
1628859699804252494,446517.0654078031,8110614.324230438
1628859699870368267,446528.1602453861,8111018.007330129
1628859700014251403,446480.3431154951,8109281.182192814
1628859700080148555,446460.8238829081,8108572.184758577
1628859700200288980,446481.32469089277,8109318.698323453
1628859700284132696,446461.472456165,8108597.829801164
1628859700416271881,446550.94743000536,8111850.847511788
1628859700476241840,446535.92171388934,8111305.30123322
1628859700602286556,446497.7413249984,8109918.77736103
1628859700686143853,446654.1276127178,8115603.0614982275
1628859700812421416,446639.6133340674,8115076.929619034
1628859700872352736,446792.32615152415,8120625.939494008
1628859701004366140,446787.513038711,8120452.403330731
1628859701076401765,446784.3599733599,8120338.555838993
1628859701208130492,446908.8787498691,8124862.973463601
1628859701352143242,446917.58302864555,8125180.531132083
1628859701406370822,447039.9303713394,8129624.398225813
1628859701478283003,447071.44029809895,8130769.421979944
1628859701616273198,447210.583609038,8135822.518090535
1628859701748374261,447269.8475416645,8137975.350790373
1628859701814162013,447287.1850626861,8138605.333113406
1628859701946314564,447326.4857147199,8140032.516805988
1628859702018258435,447314.5943712668,8139601.46601144
1628859702150214175,447338.8275930282,8140481.941602672
1628859702210197668,447323.8382000795,8139938.403440754
1628859702354146783,447260.14740766166,8137627.550410949
1628859702408374962,447372.47172846744,8141705.045318994
1628859702540260390,447363.6019101632,8141384.208361125
1628859702612199882,447443.19547666213,8144273.0676448
1628859702750387849,447470.86609217117,8145278.524252907
1628859702810406173,447470.1420569273,8145252.760760769
1628859702954257282,447519.2457740628,8147035.109718798
1628859703008418908,447521.6193600787,8147121.707678948
1628859703152387639,447492.6039637078,8146069.016908136
1628859703212424066,447494.3992570223,8146134.610161089
1628859703350338776,447486.52423325466,8145849.852089949
1628859703410331306,447460.66999516694,8144911.477673696
1628859703554429420,447445.6761414561,8144368.296842308
1628859703620422392,447393.9385267917,8142490.540744228
1628859703746332097,447377.0939765438,8141879.926889371
1628859703806274515,447367.6770968139,8141538.516850404
1628859703956166330,447271.8697191519,8138061.265965517
1628859704016185518,447254.4456366382,8137429.104446668
1628859704148307713,447178.55163154524,8134673.871875995
1628859704214395692,447153.157760466,8133752.276538904
1628859704352335278,447097.7567364164,8131741.445007687
1628859704418289946,447040.6157350934,8129666.07399455
1628859704556406813,446975.75012017274,8127311.084104644
1628859704604391171,446953.41038722394,8126499.992650275
1628859704754336787,446877.952173455,8123759.38097268
1628859704814365795,446857.39871821133,8123013.11919581
1628859704958215115,446714.9949403334,8117839.700879363
1628859705006289084,446686.3890593061,8116800.528001439
1628859705150311320,446544.40717270016,8111640.854630479
1628859705216354109,446511.91467851907,8110460.295458014
1628859705348446556,446457.60142811603,8108486.810281794
1628859705480190451,446271.22853559174,8101711.142017675
1628859705546424994,446231.566981682,8100269.287139085
1628859705679099934,445976.41941685934,8090989.231001015
1628859705750300565,445931.9231369628,8089370.791818151
1628859705882297071,445737.6565193918,8082301.744471255
1628859705948397549,445693.17942062725,8080683.34671154
1628859706086247684,445611.91039313725,8077725.876995288
1628859706158234491,445503.7703037122,8073788.684845337
1628859706278419347,445419.0404782398,8070704.244786895
1628859706350303484,445377.20381522167,8069181.1317682285
1628859706482470948,445182.54990901996,8062091.647568391
1628859706554324861,445142.4986648661,8060632.993888391
1628859706680368945,444966.8504068663,8054232.532350034
1628859706758336460,444914.6864985808,8052331.797741862
1628859706884213845,444797.2492751597,8048051.094149827
1628859706950437735,444751.8214934538,8046395.390580517
1628859707082219811,444679.6666613105,8043765.357018538
1628859707154314516,444621.35722759314,8041639.304452983
1628859707286210235,444544.9039259718,8038852.001037815
1628859707352562885,444518.2458146972,8037880.268744765
1628859707484420463,444478.33675972844,8036425.614008446
1628859707556331874,444466.09107345704,8035979.5675967205
1628859707682377796,444402.4418777243,8033657.820947978
1628859707754462104,444363.1017238071,8032223.118140644
1628859707892199475,444358.09198328387,8032040.4766409835
1628859707952748297,444294.18217107136,8029708.92872564
1628859708078354479,444176.857516266,8025428.007284421
1628859708156348656,444260.3817948537,8028476.792845546
1628859709560365382,444678.3919766053,8043736.895384912
1628859709686650414,444756.70419959736,8046593.67569037
1628859709812466261,444750.70094832906,8046375.879227332
1628859709890421084,444906.9020741299,8052071.091834225
1628859709956364393,444919.34766390605,8052525.310832832
1628859710082364757,444943.4289284865,8053404.290323012
1628859710214303059,445061.7332529322,8057717.391420637
1628859710286363157,445074.0012061866,8058165.102310916
1628859710424359857,445187.2870049554,8062293.912045592
1628859710484364348,445201.84384341096,8062824.834811149
1628859710610754762,445282.4935619023,8065763.772194925
1628859710682473720,445294.8043457351,8066212.853591564
1628859710814475617,445313.5229543264,8066895.839545699
1628859710880589415,445382.83006922837,8069420.715329372
1628859711012418234,445406.4041173482,8070280.466761234
1628859711090270587,445418.12409362604,8070707.921697651
1628859711228372018,445487.35145282606,8073229.834669375
1628859711288376876,445493.80794785917,8073465.448514332
1628859711420238864,445543.42671225296,8075273.044658586
1628859711486363245,445554.3905959666,8075672.837954719
1628859711624471435,445544.11011492426,8075299.635876784
1628859711684451478,445547.3339789389,8075417.531257812
1628859711816432079,445551.57281598623,8075573.003974193
1628859711888368902,445520.67382959666,8074447.815706532
1628859712020384615,445528.62415288296,8074738.394691003
1628859712092265565,445534.00996981276,8074935.086105458
1628859712218520841,445535.4641042267,8074989.0809574295
1628859712296264240,445527.27053975436,8074691.318144103
1628859712422257640,445578.63430385134,8076562.7675589705
1628859712482270161,445576.8500724921,8076498.368506859
1628859712620521721,445618.1232100882,8078002.316485074
1628859712692395998,445624.5189708913,8078235.824380569
1628859712836398258,445632.8406462324,8078540.069973359
1628859712890393955,445662.7345399199,8079628.788646848
1628859713022289122,445620.13567287504,8078079.118063874
1628859713094262889,445588.91336777015,8076942.987597878
1628859713232404171,445648.5598354093,8079116.066679412
1628859713280445057,445680.3533285082,8080274.057670612
1628859713412404105,445722.24930419214,8081800.785470698
1628859713484388729,445712.1258506918,8081432.915108318
1628859713622518894,445702.04560414515,8081067.4682193985
1628859713682448422,445681.95575600263,8080336.8721702965
1628859713814561310,445678.8175700288,8080224.321900451
1628859713892507181,445746.84139676765,8082701.668872431
1628859714030290890,445758.81795276294,8083138.866075556
1628859714084460607,445755.8184729858,8083030.236234627
1628859714222437876,445805.4661503815,8084839.426193935
1628859714300285046,445793.8635245389,8084418.022566068
1628859714432288876,445839.82276601315,8086094.291404918
1628859714558421939,445828.8606456494,8085696.952303148
1628859714618360475,445920.07231560093,8089017.809920205
1628859714696394365,445941.7946671565,8089809.2699611345
1628859714828288207,445960.4743466423,8090490.734254545
1628859714954523527,446022.6083162983,8092753.1798889935
1628859715014524291,446013.287291184,8092414.88771676
1628859715158395541,446118.46756432217,8096242.622414923
1628859715224283888,446125.4107918071,8096496.004427394
1628859715356534688,446168.0338431977,8098047.660997623
1628859715422307086,446170.817515568,8098149.696250946
1628859715566459044,446160.46297019464,8097775.032298542
1628859715626455885,446208.74421046337,8099531.111341327
1628859715764214624,446201.0193764637,8099251.841376557
1628859715824424635,446201.6863903836,8099276.873742743
1628859715962399860,446271.9205166197,8101831.94003182
1628859716040550270,446266.5551283053,8101637.794511178
1628859716160432666,446325.82536348497,8103793.904349796
1628859716220433151,446322.3477721866,8103668.160602112
1628859716364560790,446352.12548468466,8104752.0566038815
1628859716436416166,446345.15338135615,8104499.378704059
1628859716562446819,446332.88997355074,8104055.027385493
1628859716622441509,446410.19105823315,8106866.10569686
1628859716766318764,446416.61692392855,8107101.371272099
1628859716820574820,446420.4250579832,8107240.516431323
1628859716964315089,446441.22961146064,8107998.10280007
1628859717024434167,446445.0485981191,8108137.6668335255
1628859717162561960,446466.81284889835,8108930.089796601
1628859717222510606,446471.9014893058,8109115.789608682
1628859717366444112,446440.08989203913,8107960.544498334
1628859717420324684,446444.62360373925,8108125.96459972
1628859717564440016,446459.6416505657,8108673.724696219
1628859717636326203,446402.6481837767,8106602.088335425
1628859717762324865,446413.4178770492,8106995.062876069
1628859717816555690,446421.36723764293,8107284.771909645
1628859717966444613,446313.1201747456,8103350.66965074
1628859718026429829,446311.93505850737,8103308.323426205
1628859718164569538,446216.76916308753,8099848.84054135
1628859718224547164,446215.3926757125,8099799.501999978
1628859718374523765,446109.82430891064,8095961.209997079
1628859718428324382,446109.86935563333,8095963.463714771
1628859718566561530,446111.2509885499,8096015.575749629
1628859718626558750,446011.65994156897,8092393.014876163
1628859718770472224,446007.8634030036,8092256.545162991
1628859718896482348,445871.70434620685,8087303.694838315
1628859718968445829,445867.92439750565,8087167.015731816
1628859719094373210,445862.5613197619,8086973.321563007
1628859719160585176,445758.0626384036,8083170.838327361
1628859719298332657,445759.1617110577,8083212.4046139335
1628859719358506123,445639.35790840496,8078852.160988091
1628859719502395530,445630.36009328894,8078526.359146216
1628859719568347198,445626.8946501832,8078400.963660667
1628859719688611622,445483.0644337567,8073165.687452537
1628859719766477377,445481.5085921708,8073109.922812727
1628859719892607046,445400.2656269169,8070152.810835819
1628859719970576038,445470.34411184647,8072705.818983531
1628859720096343366,445543.2120460089,8075360.559867041
1628859720168657510,445389.59341681714,8069767.162775822
1628859720294458495,445320.28726673056,8067244.6109432
1628859720366362703,445234.9506780064,8064136.714788759
1628859720492565895,445217.75924887357,8063512.132778588
1628859720564568240,445220.88506324106,8063626.873472226
1628859720696482027,445096.51530988555,8059097.078915641
1628859720762662729,445068.4336241556,8058074.6907394165
1628859720894477480,445007.5148212214,8055856.144476883
1628859720966355614,444969.18850875366,8054460.273474715
1628859721098488567,444914.15991738974,8052456.285565168
1628859721164518591,444891.5268898092,8051632.235257424
1628859721296491420,444866.8217620231,8050733.404480159
1628859721368361676,444824.4255796997,8049188.454630149
1628859721494615309,444802.85305605794,8048403.704592774
1628859721566653166,444789.005991606,8047899.805683407
1628859721698468440,444732.6253638326,8045845.507016874
1628859721770362170,444728.55323593033,8045697.953984523
1628859721902494241,444615.1175712249,8041562.888926333
1628859721968664942,444615.39385373826,8041573.916128413
1628859722100373372,444616.74807499454,8041625.076142137
1628859722172480223,444473.62590983364,8036406.059892447
1628859722298502750,444476.9517107428,8036529.271315266
1628859722370616366,444297.00316156266,8029964.6930624405
1628859722496252927,444294.0084331847,8029857.202571153
1628859722568528857,444290.45526079217,8029728.758673307
1628859722700511846,444109.3781077449,8023121.735654148
1628859722772643813,444097.7001767961,8022696.524631527
1628859722898615209,443924.7111466396,8016382.438977462
1628859722970556426,443917.5449901113,8016121.863984317
1628859723096507721,443907.7652038382,8015766.629386994
1628859723174368256,443738.63423748815,8009590.364976523
1628859723300599001,443699.3744064235,8008158.286802814
1628859723432603829,443560.88741549675,8003100.890981393
1628859723504515277,443539.9013328067,8002335.250652249
1628859723570526709,443522.2719392524,8001692.233993467
1628859723696317110,443365.8709846337,7995977.2339466745
1628859723822649604,443341.64046869846,7995093.658703909
1628859723912408520,443193.13167293556,7989665.134082286
1628859723972570744,443179.0558005991,7989151.608375195
1628859724098530129,443155.04221761384,7988275.488498984
1628859724224511372,443007.2344081325,7982872.155494644
1628859724296626427,443000.7285183753,7982635.377826844
1628859724434552930,442836.797487645,7976640.444724985
1628859724494557175,442826.7138260463,7976272.5307003455
1628859724626522128,442649.77710959164,7969799.462581903
1628859724698446774,442634.963323013,7969258.467534063
1628859724830455393,442610.37056581804,7968360.62695831
1628859724896632205,442427.6483982361,7961671.839099754
1628859725028531012,442392.70872761233,7960394.763188702
1628859725106458440,442376.8508470633,7959815.305479055
1628859725244418757,442197.7046982399,7953256.144591401
1628859725298676436,442189.4147438679,7952953.587828266
1628859725430598696,442010.5555773269,7946402.45424152
1628859725508539863,441996.84859703574,7945901.784631779
1628859725646455345,441849.4958571261,7940503.347806547
1628859725706679768,441845.38226717716,7940353.782901568
1628859725832569134,441827.3808026359,7939696.672551824
1628859725898590236,441692.54483835655,7934754.096703825
1628859726030542150,441656.0629433706,7933419.265406967
1628859726102432198,441637.3735906512,7932735.5349067785
1628859726228645218,441449.73879428714,7925856.945884065
1628859726300716517,441387.68229162117,7923581.989614334
1628859726432548182,441199.6470876883,7916685.060123071
1628859726504431079,441123.1312638741,7913878.429925318
1628859726630655851,440999.47762343055,7909342.698999486
1628859726702666253,441015.935504746,7909948.816008843
1628859726846426224,441014.31403587374,7909893.047959925
1628859726900589313,440884.8557405981,7905141.240370325
1628859727032631651,440843.31779867795,7903619.528133657
1628859727098420355,440839.5060558052,7903481.33925462
1628859727242592113,440641.68108877266,7896218.704143661
1628859727302580435,440641.37572470703,7896209.3218681095
1628859727440451136,440503.1305353014,7891133.068413207
1628859727506485157,440482.9009477077,7890391.8196129445
1628859727638574432,440343.76720560674,7885281.820006205
1628859727698545033,440326.6539845767,7884654.705859589
1628859727836570437,440280.9865455462,7882980.506534271
1628859727908416808,440187.1743697542,7879533.131289826
1628859728040563898,440163.1168439076,7878653.000302119
1628859728178569700,440067.0721879527,7875125.4823028585
1628859728238566358,440052.44154160545,7874589.537036181
1628859728376651871,439949.05505204556,7870791.3481593495
1628859728448673675,439924.0216224055,7869873.011166773
1628859728568651658,439880.4872920957,7868275.894771006
1628859728634570486,439819.6450464397,7866039.08703493
1628859728778571418,439793.60625875264,7865086.798134535
1628859728838570630,439779.56497494027,7864572.468843142
1628859728970680836,439715.0481394059,7862203.387097505
1628859729030699350,439701.27853310487,7861699.053921017
1628859729174449314,439628.09796001494,7859010.745966495
1628859729240569445,439616.0401196532,7858569.811797477
1628859729378704415,439491.36886613705,7853985.449439752
1628859729438615195,439474.794635756,7853377.757872239
1628859729582584493,439417.48461158725,7851273.385481104
1628859729642573331,439374.91801478446,7849707.792977298
1628859729774594568,439361.4057640338,7849215.961227924
1628859729828895644,439365.69422716985,7849376.661215781
1628859729972689861,439310.81128092774,7847361.65001771
1628859730050588318,439305.1018665708,7847154.596841888
1628859730170625675,439235.8809760746,7844610.754225591
1628859730230625250,439226.65311511105,7844273.705473469
1628859730374729686,439170.06494545675,7842195.028002907
1628859730446571295,439166.64006842766,7842072.19854225
1628859730572730890,439164.3575969794,7841994.333379282
1628859730638471616,439102.6636118439,7839723.728135237
1628859730776469623,439080.4985859052,7838913.80472096
1628859730836470346,439068.1381497049,7838461.249317762
1628859730974625140,439025.6461990011,7836902.084547163
1628859731034639528,439022.21195615584,7836778.48453683
1628859731178527482,438982.7175681397,7835329.101595719
1628859731238538064,438977.85523932567,7835152.844641568
1628859731376747160,438926.79055151483,7833277.33032898
1628859731436719687,438921.0038243425,7833066.996841811
1628859731580483334,438899.88099764974,7832295.248689136
1628859731646732549,438865.84548978874,7831044.084016715
1628859731784476326,438843.2464225417,7830217.487231634
1628859731838477206,438837.9377515274,7830024.298716962
1628859731976657358,438799.81579266704,7828626.585875658
1628859732054470985,438800.0754793419,7828639.719464869
1628859732180468218,438760.0971258758,7827171.913469241
1628859732312606517,438734.7626083628,7826244.205956863
1628859732378736274,438726.2920191258,7825934.886765333
1628859732510595125,438732.026112024,7826152.881168448
1628859732582489477,438727.56265647546,7825991.763864372
1628859732708741824,438693.09029732377,7824726.839558736
1628859732780748345,438704.1079777487,7825136.598850553
1628859732912622215,438657.9713422781,7823441.305752153
1628859732978879766,438653.3089114009,7823272.786067791
1628859733110716678,438630.6996482721,7822445.317870205
1628859733182710625,438598.14219344896,7821247.671226136
1628859733308605666,438594.5925941005,7821122.6397694405
1628859733380669437,438544.17197954794,7819266.48473501
1628859733512622489,438532.9393999925,7818858.329579027
1628859733579058753,438522.17239445384,7818464.459570553
1628859733704703439,438490.67970137997,7817307.992287303
1628859733776630036,438483.6839483827,7817053.205996127
1628859733914639175,438451.1089559622,7815857.733911869
1628859733986550397,438448.017501833,7815746.961651164
1628859734106592843,438446.69690058235,7815703.852032993
1628859734184762479,438459.83138378756,7816191.88783265
1628859734316640565,438579.2699069132,7820604.203691882
1628859734388610719,438496.85023915896,7817566.37873133
1628859734508486968,438489.7550706742,7817310.158662256
1628859734574776159,438455.3279154389,7816043.195408864
1628859734718552890,438403.8907477535,7814151.419522033
1628859734784705188,438380.2621711743,7813282.849161866
1628859734904683763,438290.4226518612,7809972.636636397
1628859734976694645,438263.57071988727,7808984.8696014155
1628859735108731316,438259.7314438453,7808849.287279274
1628859735180647429,438266.06145726517,7809086.041536741
1628859735312648538,438253.01026845624,7808610.495477465
1628859735378631572,438260.0938359712,7808875.026209826
1628859735510573618,438233.67613392696,7807906.360494609
1628859735582653029,438234.25944222836,7807931.455018566
1628859735708693557,438208.82611272566,7806998.513776034
1628859735780645790,438218.9280781604,7807374.947934726
1628859735912538828,438184.2499239531,7806101.034381726
1628859735978746585,438189.2405721559,7806288.827318037
1628859736110781070,438190.8042487999,7806353.183268529
1628859736182635842,438168.95237468265,7805549.8207316855
1628859736320743979,438167.07122283074,7805487.521619658
1628859736380804141,438156.502698939,7805100.115044347
1628859736506574226,438160.4156486923,7805250.670599678
1628859736644642027,438127.0934217349,7804027.475372706
1628859736722663219,438130.52293441084,7804158.147199618
1628859736782665062,438132.0655718643,7804218.141216628
1628859736914648335,438105.0330619109,7803226.062063321
1628859737034801928,438107.22006903565,7803312.851171805
1628859737112719030,438114.68705284974,7803592.133065623
1628859737244650090,438124.6065810877,7803964.926758659
1628859737304668918,438130.08144582773,7804170.102477972
1628859737442753368,438130.54185793805,7804193.737249951
1628859737514804529,438140.06063364865,7804548.693526157
1628859737646825497,438126.67141089763,7804060.656777838
1628859737718587756,438137.1025116886,7804449.316881281
1628859737838736318,438152.74244623486,7805032.839487913
1628859737917783881,438117.3059122677,7803728.492554553
1628859738055849976,438133.9371438975,7804349.653261348
1628859738115864278,438131.44795568584,7804260.504866345
1628859738241607888,438229.7736951067,7807896.2252471605
1628859738319665857,438310.89072223066,7810894.117477612
1628859738445818980,438272.71166496654,7809491.297932066
1628859738511660118,438267.69290350995,7809309.144369813
1628859738637842762,438269.24978795764,7809372.822393406
1628859738715711514,438271.34625603387,7809454.4008767065
1628859738847685746,438321.9866311248,7811330.070242875
1628859738907705122,438275.8413119453,7809630.025061918
1628859739039843559,438284.15578128956,7809943.573060156
1628859739117711319,438313.4551045834,7811028.777011667
1628859739249667072,438296.23818072095,7810400.33978882
1628859739309676138,438296.5030776539,7810413.326706005
1628859739447870381,438327.89333558566,7811578.899646562
1628859739519850310,438320.6549659155,7811315.556120555
1628859739657723246,438278.3574120435,7809761.320842823
1628859739711708622,438216.8393538238,7807494.172117287
1628859739849723732,438145.85463979695,7804881.167553509
1628859739927700028,438252.3313401304,7808815.91863863
1628859740053727829,438339.6900789592,7812047.1660485985
1628859740113730849,438325.1713757943,7811514.415158675
1628859740245710153,438337.4922966404,7811976.562620263
1628859740311680906,438342.73128027783,7812174.045602297
1628859740443844511,438331.61521611724,7811771.09035967
1628859740515716675,438356.50997373584,7812693.889259283
1628859740641733639,438325.71455288946,7811565.179878146
1628859740713710276,438345.7659740987,7812309.304360906
1628859740911860633,438356.1068101683,7812702.691502421
1628859741043754113,438359.97852675617,7812853.581778639
1628859741121718010,438341.21556304634,7812165.521466527
1628859741265834354,438356.9417562599,7812755.243877967
1628859741391650697,438345.554321056,7812342.427148804
1628859741445833792,438345.0308710935,7812326.906910173
1628859741523755124,438343.1038307771,7812260.871332613
1628859741661585664,438352.2986289181,7812607.859128641
1628859741787841548,438354.89569326723,7812711.981143599
1628859741841586605,438357.5377261841,7812812.657243159
1628859741991755189,438365.9510132071,7813132.228438133
1628859742045906792,438363.9971065337,7813063.945832627
1628859742189722436,438384.8977193857,7813844.118082807
1628859742249706891,438396.6694353795,7814282.314780469
1628859742393649091,438419.3999699923,7815129.9228353305
1628859742447743086,438431.97433221596,7815597.704259805
1628859742591722742,438436.3477544546,7815768.079254685
1628859742651731178,438436.86388116796,7815791.0610801885
1628859742789823862,438481.1208614487,7817432.859913428
1628859742861644471,438477.2408481091,7817294.537780315
1628859742993733424,438503.02844265575,7818254.185240167
1628859743047755938,438512.94795708236,7818623.951762809
1628859743191825828,438511.80096880463,7818590.971999374
1628859743251838451,438518.8157419087,7818853.605217906
1628859743383728109,438504.7484717219,7818343.12958231
1628859743443742382,438514.82869250845,7818718.7837268775
1628859743599618667,438536.59562958055,7819531.176200712
1628859743653720246,438503.4989752585,7818313.969735843
1628859743791878101,438501.83166246256,7818261.2800398255
1628859743851786795,438506.4687146856,7818436.037357241
1628859744001772814,438540.008014909,7819681.627717315
1628859744055901138,438556.11440552474,7820279.350747811
1628859744193883637,438528.677252734,7819276.135076112
1628859744253884165,438535.18774006574,7819519.949174498
1628859744397752464,438517.1381198145,7818862.548475173
1628859744463759391,438522.81790860306,7819076.326747904
1628859744583877473,438530.29178288166,7819359.296817469
1628859744649735207,438500.4597348869,7818262.48764442
1628859744793790780,438511.6936163912,7818685.911063277
1628859744865882543,438485.6835457584,7817730.68486506
1628859744985735545,438488.29920703464,7817834.367986661
1628859745045748734,438486.7050642475,7817779.14931298
1628859745195636661,438434.3001287532,7815854.279302292
1628859745255774943,438436.9539978537,7815956.351892952
1628859745387768189,438397.06756848335,7814492.564464609
1628859745525886243,438394.61074689135,7814410.117549283
1628859745591626901,438386.9593001671,7814131.356448949
1628859745723705532,438341.3779151779,7812457.359435546
1628859745789757910,438326.6839616872,7811919.359572215
1628859745921768180,438294.3653804101,7810734.313589328
1628859745993642907,438275.8140875734,7810053.896426552
1628859746119898194,438263.4589752736,7809605.2768230615
1628859746191772113,438261.8674601223,7809550.657011731
1628859746317798325,438247.5559384153,7809030.17765565
1628859746389756882,438255.4767037112,7809326.353071785
1628859746521747994,438237.14822938724,7808657.6613661265
1628859746593647645,438259.7493645546,7809495.732274125
1628859746725778779,438327.2098714401,7811992.349114007
1628859746791760404,438359.62609374506,7813192.303219684
1628859746929772001,438367.5267370963,7813490.767971298
1628859746995760031,438398.0179596179,7814619.487698014
1628859747133757041,438411.4076667765,7815120.856046334
1628859747193769676,438466.5030682856,7817156.2552848
1628859747325767255,438566.0952028134,7820835.969907334
1628859747391747549,438566.18926697155,7820842.351421603
1628859747529859522,438593.80455681623,7821867.735118994
1628859747595661082,438608.8610905825,7822426.398715051
1628859747715757846,438677.31122321927,7824955.844487189
1628859747799704368,438752.2105343054,7827720.655097244
1628859747925973485,438841.45062278915,7831016.04383256
1628859747997783019,438911.6711647294,7833606.962877334
1628859748123959726,438952.8696618321,7835130.646058788
1628859748195817600,439031.9456866932,7838047.034102212
1628859748327751963,439219.95946033386,7844977.427645744
1628859748399933660,439281.88157836057,7847260.301124242
1628859748525983208,439475.2361102502,7854383.149136007
1628859748597717475,439577.95237786515,7858165.762697123
1628859748729795887,439674.68131408346,7861729.184444
1628859748795901985,439781.6201458997,7865665.505633468
1628859748927923062,439805.3390023578,7866541.658240657
1628859748993691796,439868.91725332197,7868881.606670218
1628859749125835071,439886.7609078894,7869541.7973634815
1628859749197813503,439942.91601900756,7871608.675937034
1628859749317904500,440095.5345593728,7877222.665970509
1628859749395729049,440074.04929891514,7876434.030024515
1628859749521804835,440229.7133993829,7882158.134183423
1628859749599812629,440306.0650915368,7884965.43134902
1628859749719829059,440324.1249911582,7885630.693760217
1628859749797909060,440405.29789261223,7888614.320119865
1628859749929901715,440277.9062461689,7883935.665239358
1628859750001822507,440333.0320615176,7885962.151327303
1628859750121795590,440386.42266160535,7887925.282539828
1628859750253812231,440495.58167968766,7891936.671003838
1628859750331966192,440564.13759531465,7894455.452423836
1628859750397695020,440632.3784208592,7896961.67874638
1628859750518177525,440722.69039186306,7900278.547924452
1628859750655720816,440928.6247537926,7907838.366094168
1628859750727630308,440983.9182018521,7909867.911930565
1628859750853943809,441201.25893713534,7917841.585042277
1628859750925825426,441250.2868038173,7919640.234819838
1628859751063709196,441313.48825689446,7921958.8004403
1628859751123826864,441482.68241493957,7928162.097169024
1628859751261962628,441566.7687665577,7931244.94431595
1628859751327957171,441614.604090213,7932998.449927403
1628859751453873722,441825.45302852086,7940725.011331926
1628859751525835468,441871.43147175777,7942409.573532375
1628859751663940640,442136.8149583738,7952128.840554929
1628859751729774227,442191.4767665593,7954130.179502479
1628859751855943028,442284.6904026091,7957542.797049589
1628859751933896547,442464.543260065,7964124.551077827
1628859752065933519,442583.73329727474,7968485.283246192
1628859752125942298,442800.31538064417,7976407.03190009
1628859752257962163,442892.6560033341,7979783.310470908
1628859752329763484,442932.9200233763,7981255.319776244
1628859752467959877,443170.37518518575,7989933.618324806
1628859752527863145,443214.20932460245,7991535.274162884
1628859752659969021,443513.0301873138,8002450.420568328
1628859752731700764,443559.99276416353,8004164.996473426
1628859752857890580,443889.0003166097,8016174.743957229
1628859752929826108,443990.9341019233,8019894.213341707
1628859753067714333,444175.03705679905,8026610.173640104
1628859753127951944,444337.3008102467,8032527.285403038
